n_samples,up_rate,pred_up_rate,roc_auc,pr_auc,brier_score,accuracy,precision,recall,f1,top_decile_precision,top_decile_n,bot_decile_down_rate,bot_decile_n,calibration,n_folds,n_features
2726,0.4988994864269993,0.49523110785033014,0.5924783072086814,0.583529546997652,0.24498317221781513,0.5766691122523845,0.5762962962962963,0.5720588235294117,0.574169741697417,0.6102941176470589,272,0.6029411764705883,272,"[{'bin': '0.20-0.40', 'n': 172, 'mean_pred': 0.35696476697921753, 'actual_up_rate': 0.3488372093023256, 'gap': -0.008127557676891939}, {'bin': '0.40-0.60', 'n': 2332, 'mean_pred': 0.4987016022205353, 'actual_up_rate': 0.49914236706689535, 'gap': 0.0004407648463600755}, {'bin': '0.60-0.80', 'n': 222, 'mean_pred': 0.6472514271736145, 'actual_up_rate': 0.6126126126126126, 'gap': -0.03463881456100193}]",77,88
