n_samples,up_rate,pred_up_rate,roc_auc,pr_auc,brier_score,accuracy,precision,recall,f1,top_decile_precision,top_decile_n,bot_decile_down_rate,bot_decile_n,calibration,n_folds,n_features
2721,0.4928335170893054,0.5056964351341419,0.6004485080353187,0.5675653152219574,0.24692612229626865,0.5799338478500551,0.5719476744186046,0.586875466070097,0.5793154214206846,0.5808823529411765,272,0.6764705882352942,272,"[{'bin': '0.00-0.20', 'n': 3, 'mean_pred': 0.16195732355117798, 'actual_up_rate': 0.3333333333333333, 'gap': 0.17137600978215534}, {'bin': '0.20-0.40', 'n': 111, 'mean_pred': 0.36378350853919983, 'actual_up_rate': 0.3063063063063063, 'gap': -0.05747720223289354}, {'bin': '0.40-0.60', 'n': 2354, 'mean_pred': 0.4971029758453369, 'actual_up_rate': 0.49320305862361935, 'gap': -0.0038999172217175637}, {'bin': '0.60-0.80', 'n': 223, 'mean_pred': 0.6815379858016968, 'actual_up_rate': 0.57847533632287, 'gap': -0.10306264947882682}, {'bin': '0.80-1.00', 'n': 30, 'mean_pred': 0.8702676296234131, 'actual_up_rate': 0.5333333333333333, 'gap': -0.33693429629007976}]",77,88
