n_samples,ic,ic_pval,icir,rmse,mae,y_mean,y_std,pred_mean,pred_std,deciles,monotonicity_score,top_decile_mean,bot_decile_mean,top_bot_ratio,n_folds,n_features,target
3696,0.33419619353148317,3.931692743602972e-97,0.9558913013741976,0.0071883188152614425,0.0049103710751991405,0.006826590106703209,0.007653347789452168,0.006912046577781439,0.001981425331905484,"[{'decile': 1, 'pred_range': '0.0013-0.0055', 'n': 739, 'realized_mean': 0.0037280069834985793, 'realized_std': 0.004229791458925225}, {'decile': 2, 'pred_range': '0.0055-0.0065', 'n': 739, 'realized_mean': 0.00562143232740499, 'realized_std': 0.006994721727400691}, {'decile': 3, 'pred_range': '0.0065-0.0072', 'n': 739, 'realized_mean': 0.006760959272748868, 'realized_std': 0.006937059297891237}, {'decile': 4, 'pred_range': '0.0072-0.0080', 'n': 739, 'realized_mean': 0.007314261619307694, 'realized_std': 0.00704666740822334}, {'decile': 5, 'pred_range': '0.0080-0.0198', 'n': 739, 'realized_mean': 0.010646456810970196, 'realized_std': 0.009981970024138129}]",1.0,0.010646456810970196,0.0037280069834985793,2.8558038807585437,77,76,y_abs_return
