{
  "pred_mean": -0.0003606805989693385,
  "pred_std": 8.946271337140197e-05,
  "pred_history": [
    -0.00037831300869584084,
    -0.00037831300869584084,
    -0.00037831300869584084,
    -0.00037831300869584084,
    -0.00037831300869584084,
    -0.00037831300869584084,
    -0.00037831300869584084,
    -0.0004429162945598364,
    -0.00037831300869584084,
    -0.00037831300869584084,
    -0.0004429162945598364,
    -0.0004429162945598364,
    -0.0004429162945598364,
    -0.0004429162945598364,
    -0.0004429162945598364,
    -0.0004429162945598364,
    -0.0004429162945598364,
    -0.0004429162945598364,
    -0.00037831300869584084,
    -0.00037831300869584084,
    -0.00037831300869584084,
    -0.00037831300869584084,
    -0.00037831300869584084,
    -0.00037831300869584084,
    -0.00037831300869584084,
    -0.00037831300869584084,
    -0.0004429162945598364,
    -0.0004429162945598364,
    -0.0004429162945598364,
    -0.0004429162945598364,
    -0.00037831300869584084,
    -0.00037831300869584084,
    -0.0004551617312245071,
    -0.0004551617312245071,
    -0.0004551617312245071,
    -0.0004551617312245071,
    -0.0004551617312245071,
    -0.0004551617312245071,
    -0.0004551617312245071,
    -0.0004551617312245071,
    -0.0004551617312245071,
    -0.0004551617312245071,
    -0.0004551617312245071,
    -0.0004551617312245071,
    -0.0004551617312245071,
    -0.0004551617312245071,
    -0.0004551617312245071,
    -0.0004551617312245071,
    -0.0004429162945598364,
    -0.0004429162945598364,
    -0.0004429162945598364,
    -0.0004429162945598364,
    -0.00037831300869584084,
    -0.00037831300869584084,
    -0.0004429162945598364,
    -0.0004429162945598364,
    -0.00037831300869584084,
    -0.00037831300869584084,
    -0.00037831300869584084,
    -0.00037831300869584084,
    -0.00037831300869584084,
    -0.00037831300869584084,
    -0.00037831300869584084,
    -0.00030380478710867465,
    -0.00030380478710867465,
    -0.00037831300869584084,
    -0.00037831300869584084,
    -0.00037831300869584084,
    -0.00037831300869584084,
    -0.00039623273187316954,
    -0.00037831300869584084,
    -0.00037831300869584084,
    -0.00037831300869584084,
    -0.00037831300869584084,
    -0.00037831300869584084,
    -0.00030380478710867465,
    -0.00037831300869584084,
    -0.00030380478710867465,
    -0.00023981710546649992,
    -0.00023981710546649992,
    -0.00023981710546649992,
    -0.00023981710546649992,
    -0.00023981710546649992,
    -0.00023981710546649992,
    -0.00015925068873912096,
    -0.00015925068873912096,
    -0.00015925068873912096,
    -0.0002073222422040999,
    -0.0002073222422040999,
    -0.0002073222422040999,
    -0.0002073222422040999,
    -0.0002073222422040999,
    -0.0002073222422040999,
    -0.0002073222422040999,
    -0.0002073222422040999,
    -0.00025978474877774715,
    -0.00025978474877774715,
    -0.00025978474877774715,
    -0.00025978474877774715,
    -0.00025978474877774715,
    -0.00025978474877774715,
    -0.00025978474877774715,
    -0.00025978474877774715,
    -0.00025978474877774715,
    -0.00021171319531276822,
    -0.00025978474877774715,
    -0.00021171319531276822,
    -0.00025978474877774715,
    -0.00025978474877774715,
    -0.00025978474877774715,
    -0.00025978474877774715,
    -0.00025978474877774715,
    -0.00025978474877774715,
    -0.00025978474877774715,
    -0.0002922796120401472,
    -0.0003403511655051261,
    -0.0003403511655051261,
    -0.0003403511655051261,
    -0.0002922796120401472,
    -0.0003403511655051261,
    -0.0005403591203503311,
    -0.0003403511655051261,
    -0.0003403511655051261,
    -0.0005403591203503311,
    -0.0004936755285598338,
    -0.0005403591203503311,
    -0.0005403591203503311,
    -0.0005403591203503311,
    -0.0005403591203503311,
    -0.0005403591203503311,
    -0.0005403591203503311,
    -0.0005403591203503311,
    -0.0005403591203503311,
    -0.0005403591203503311,
    -0.0005403591203503311,
    -0.0005403591203503311,
    -0.0005403591203503311,
    -0.00037831300869584084,
    -0.00037831300869584084,
    -0.00037831300869584084,
    -0.00030380478710867465,
    -0.00030380478710867465,
    -0.00030380478710867465,
    -0.00030380478710867465,
    -0.00030380478710867465,
    -0.00030380478710867465,
    -0.00030380478710867465,
    -0.00030380478710867465,
    -0.00030380478710867465,
    -0.00030380478710867465,
    -0.00030380478710867465,
    -0.00030380478710867465,
    -0.00030380478710867465,
    -0.00030380478710867465,
    -0.00030380478710867465,
    -0.00030380478710867465,
    -0.00030380478710867465,
    -0.00030380478710867465,
    -0.00030380478710867465,
    -0.00030380478710867465,
    -0.00030380478710867465,
    -0.0004429162945598364,
    -0.0004429162945598364,
    -0.0004429162945598364,
    -0.00037831300869584084,
    -0.0004429162945598364,
    -0.0004429162945598364,
    -0.0004429162945598364,
    -0.0004429162945598364,
    -0.0004429162945598364,
    -0.0004429162945598364,
    -0.0004429162945598364,
    -0.00037831300869584084,
    -0.00037831300869584084,
    -0.00037831300869584084,
    -0.00037831300869584084,
    -0.00037831300869584084,
    -0.00037831300869584084,
    -0.00037831300869584084,
    -0.00030380478710867465,
    -0.00030380478710867465,
    -0.00030380478710867465,
    -0.00030380478710867465,
    -0.00030380478710867465,
    -0.00030380478710867465,
    -0.00030380478710867465,
    -0.00030380478710867465,
    -0.00030380478710867465,
    -0.00030380478710867465,
    -0.00030380478710867465,
    -0.00030380478710867465,
    -0.00030380478710867465,
    -0.00030380478710867465,
    -0.00030380478710867465,
    -0.00030380478710867465,
    -0.00030380478710867465,
    -0.00030380478710867465,
    -0.00030380478710867465,
    -0.00030380478710867465,
    -0.00030380478710867465
  ]
}