{
  "pred_mean": 9.283449070327357e-05,
  "pred_std": 0.0009716414840518168,
  "pred_history": [
    0.0023236370631761847,
    0.0006524752978905796,
    0.0011761725925296305,
    0.0005105540345526798,
    0.000957477600116795,
    0.0015026827349728354,
    0.0009867692521207394,
    0.0009198740541333243,
    0.0013038610827536517,
    0.0014121328010695585,
    0.0007899642878923024,
    0.0017185390549879507,
    0.0010653778438814254,
    0.0017581662335640945,
    0.0010775917820279154,
    0.0009551543603283318,
    0.0007512688646836719,
    0.0012792746807857058,
    0.0005133717788923027,
    0.0001677093517313605,
    0.0013952084497293883,
    0.0009990497565132814,
    0.0010263256132810974,
    0.0012525792056046698,
    0.00106654397520779,
    0.0009840985786832904,
    0.0006890731955148562,
    0.0006900850063508073,
    0.0003027176441277859,
    0.0011688449457976156,
    0.0007340728685959988,
    0.0004246151099750058,
    0.0009264007561843597,
    0.0004886247762869223,
    0.0005755811473184462,
    -0.0003631655974291025,
    0.0002952860175207822,
    0.0006934682748345707,
    0.00047797941073472587,
    -0.0006599612457546037,
    0.00019749078762933565,
    0.0001684794610453824,
    0.0014826164010586548,
    0.0006479403480735306,
    0.0005777467810682963,
    0.0007843173352714491,
    0.000894019031249065,
    0.0004422194057928043,
    0.0007220880110731407,
    0.0007098301346816511,
    0.00038068726943668195,
    0.0003751182218540317,
    0.0012105313613748265,
    0.0008286019615767388,
    0.0006586973624345281,
    0.0006303114681906698,
    0.0009508059920245969,
    0.0011391109172695047,
    0.0010124518592474897,
    5.534987241505768e-05,
    -7.090753106108236e-05,
    -0.00023215120549515002,
    -0.0005004668448636902,
    -0.0007576670427769403,
    0.0001852287050261745,
    -2.3689325467059143e-06,
    -0.0009751628123099412,
    -0.0015520768512601523,
    0.00012085581683011067,
    0.0003791629205462455,
    -0.0005388035048800609,
    -0.0002863326836496274,
    -0.0009641454798231025,
    -0.0016812398296805896,
    -0.001589852594902682,
    -0.0007507353111550013,
    -0.002095668979835791,
    -0.0007100278295312419,
    -0.00030881749798457433,
    0.0003935613634811182,
    -0.0005519504124160887,
    -0.0011639820856138283,
    -0.00014440995260722066,
    0.00013641670073105504,
    -0.00081022322981511,
    -0.0004924047152046386,
    -0.0001386737297715911,
    -0.0008636938393069425,
    -0.001000617549080339,
    -6.939591838090549e-05,
    -0.00048191290838490417,
    1.4931442450545206e-06,
    -0.00029766923082977763,
    -0.0009372718110737944,
    -0.0007122670040497203,
    -0.001345239981845866,
    -0.0019467182957394998,
    -0.0010225935699331096,
    -0.0013499516328810293,
    0.00019511052606016268,
    0.0007597698035003788,
    0.0013932236125683735,
    0.0007155083921707489,
    0.000606035705306298,
    -0.00044952881999683637,
    0.0009359510862912146,
    -0.0006446883201215951,
    0.0013725084414836135,
    0.002126153737342853,
    0.0018336697260130084,
    0.0015449066289176109,
    0.0016940276320465762,
    0.001895665434564279,
    0.0015917695946824695,
    0.0008982993460103484,
    0.0016825270963205911,
    0.0018613100192331699,
    0.0016037281531342824,
    0.0011064367314538648,
    0.0022398831719905297,
    0.00169129311945103,
    0.0011307968201935766,
    -0.0003720245209473308,
    -0.0006106977131255687,
    6.890611882094422e-05,
    -0.0002047436256494743,
    -0.00044112855038967464,
    -0.0004697973861505178,
    -0.0003945907550405857,
    -6.9753724611444396e-06,
    0.0002911433732922721,
    -0.00024670009003708627,
    -0.0002798119964446938,
    0.0003468272255055247,
    -0.0003130805048558069,
    -0.0005833147007760892,
    0.0009314080953303878,
    0.0006371300367401531,
    0.0002924460058113681,
    0.0006509573614485985,
    0.00013141287243798608,
    7.336140290250577e-05,
    -0.0002664936162676056,
    0.00015715858701575368,
    0.0004378274370829961,
    0.0005117573472251497,
    0.0006164279983566796,
    0.000894476496081061,
    0.0007879848690225425,
    0.0007515218211800719,
    5.9399120107068136e-05,
    -0.0002548015807102337,
    0.00033401544797419594,
    0.0002781313234957749,
    0.00025240673627419883,
    0.00013074300897871594,
    -0.00014777702222526474,
    -0.00018883766006815434,
    0.000779790886119558,
    0.0007126038537377105,
    -1.3293074173068291e-05,
    0.0007123919412465065,
    -0.001038698985903282,
    -0.00054955138950065,
    -0.000648430674982537,
    -0.00035444716116976604,
    -0.00013742480201748728,
    -0.0007278449970468388,
    -0.0004239429347610783,
    -0.0002873328219923817,
    -0.0006892879493457547,
    -0.0012330363609667897,
    -0.0007064704312827424,
    -0.0012995885940115482,
    -0.0005839136556275208,
    -0.0008301749516991003,
    -0.0010609216411867639,
    -0.0012193416801373883,
    -0.0013933153868827299,
    -0.0011967049953779572,
    -0.000963039534286578,
    -0.0010508765833241922,
    -0.0012141391099928193,
    -0.0013153276952003437,
    -0.0017941602000851478,
    -0.001220623428951025,
    -0.0012952841298084117,
    -0.001461239283859135,
    -0.0016610936932955542,
    -0.002223209758310193,
    -0.0002563499278743216,
    -0.0002385008383108198,
    -0.0011545596621690116,
    -0.0020947471645818283,
    -0.0010754977031581607,
    -0.0017419572607378726,
    -0.00038581279786874283,
    -0.0006596679464437804,
    -0.001100868297208206,
    -0.0017054507415740206
  ]
}