ts_ms,l_upd_us,l_bid,l_ask,l_bid_sz,l_ask_sz,l_cum_bid_1bps,l_cum_bid_5bps,l_cum_bid_10bps,l_cum_ask_1bps,l_cum_ask_5bps,l_cum_ask_10bps,b_bid,b_ask,b_bid_sz,b_ask_sz,g_bid,g_ask,g_bid_sz,g_ask_sz
1788590228721,1788590228672639,79616.3,79616.5,0.0002,0.04007,26391.29,3320725.9,7470964.27,913691.55,3452332.4,7943344.85,79638.15,79638.16,1.70649,5.06412,79589.9,79590.0,9.0934,0.9805
1788590228967,1788590228921844,79616.3,79616.5,0.00034,0.04007,26402.44,3320737.05,7470975.41,913681.2,3452322.05,7943334.5,79638.15,79638.16,1.70638,5.06412,79589.9,79590.0,9.0934,0.9805
1788590229225,1788590229143734,79616.3,79616.5,0.00034,0.04007,26402.44,3288899.4,7439137.76,913681.21,3452322.06,7943334.51,79638.15,79638.16,1.70501,5.06376,79589.9,79590.0,9.0934,1.35
1788590229468,1788590229390065,79616.4,79616.5,0.0002,0.04007,26165.99,3305500.36,7455738.72,913681.21,3365979.58,7856992.03,79638.15,79638.16,1.70508,5.06376,79589.9,79590.0,9.0934,1.35
1788590229729,1788590229551147,79616.4,79616.5,0.0002,0.04007,26165.99,3320500.05,7470738.42,881832.41,3334130.78,7825143.23,79638.15,79638.16,1.70508,5.06175,79589.9,79590.0,9.0934,1.3487
1788590229977,1788590229704766,79616.4,79616.5,0.0002,0.04007,26162.81,3320496.87,7470735.23,913681.21,3365979.58,7856992.03,79638.15,79638.16,1.70508,5.06175,79589.9,79590.0,9.0934,1.3487
1788590230218,1788590229980252,79616.4,79616.5,0.0002,0.04007,26162.81,3320496.87,7470735.23,913681.21,3475148.96,7966161.41,79638.15,79638.16,1.70508,5.0595,79589.9,79590.0,9.0934,1.3487
1788590230478,1788590230412440,79616.4,79616.5,0.0002,0.04007,26162.81,3320497.27,7470735.63,913681.21,3475148.96,7966161.41,79638.15,79638.16,1.70508,5.05942,79589.9,79590.0,9.0934,1.35
1788590230721,1788590230618819,79616.2,79616.5,0.0001,0.04007,26236.04,3320570.5,7470808.86,851488.26,3412956.01,7903968.46,79638.15,79638.16,1.70508,5.05817,79589.9,79590.0,9.0934,1.35
1788590230967,1788590230923396,79616.2,79616.6,0.0001,0.00013,26236.04,3320570.5,7470808.86,852199.56,3644747.48,8135759.93,79638.15,79638.16,1.70266,5.05817,79589.9,79590.0,9.0934,1.3487
1788590231226,1788590231189468,79616.7,79616.8,0.0002,0.04013,26017.91,3288345.8,7470644.07,904045.59,3693497.49,8184509.93,79638.15,79638.16,1.70266,5.05817,79589.9,79590.0,9.0934,1.3487
1788590231470,1788590231423442,79616.7,79616.8,0.0002,0.04009,26259.13,3291314.16,7473612.42,904042.4,3696192.79,8187205.23,79638.15,79638.16,1.70216,5.05817,79589.9,79590.0,9.0934,1.35
1788590231729,1788590231624900,79616.7,79616.8,0.0002,0.04009,26017.91,3291072.93,7473371.2,904042.4,3696192.79,8187205.23,79638.15,79638.16,1.70216,5.05824,79589.9,79590.0,9.0934,1.35
1788590231973,1788590231624900,79616.7,79616.8,0.0002,0.04009,26017.91,3291072.93,7473371.2,904042.4,3696192.79,8187205.23,79638.15,79638.16,1.70216,5.05824,79589.9,79590.0,9.0934,1.35
1788590232219,1788590232165033,79616.7,79616.8,0.0002,0.04009,26017.91,3291072.94,7473371.2,904042.76,3651893.48,8142905.92,79638.15,79638.16,1.70216,4.96802,79589.9,79590.0,9.0934,1.3428
1788590232467,1788590232165033,79616.7,79616.8,0.0002,0.04009,26017.91,3291072.94,7473371.2,904042.76,3651893.48,8142905.92,79638.15,79638.16,1.70209,4.96802,79589.9,79590.0,9.0934,1.3381
1788590232727,1788590232693135,79616.2,79616.3,0.0001,1.25678,119.42,2139510.2,6595495.31,967451.65,3468076.77,7959067.46,79634.32,79634.33,0.28059,9.30396,79588.1,79588.2,1.1776,6.5096
1788590232972,1788590232944838,79610.2,79611.7,0.0002,0.83271,6123.09,2710561.67,6924487.02,629453.42,2811032.18,7688067.71,79634.32,79634.33,0.06593,9.29727,79588.1,79588.2,1.1714,6.4907
1788590233218,1788590233142604,79608.5,79610.2,0.0002,0.6914,21900.96,2896625.47,6952262.52,554976.62,2612682.57,7810724.01,79634.32,79634.33,0.06597,9.29716,79588.1,79588.2,1.0164,6.4861
1788590233477,1788590233421717,79609.0,79609.1,0.0002,0.63518,23606.08,2934404.56,6990041.61,585777.72,2605423.0,7857415.09,79634.32,79634.33,0.06597,9.29396,79588.1,79588.2,1.0164,6.474
1788590233724,1788590233691145,79609.0,79609.1,0.0002,0.63518,23606.08,3104268.07,6960986.37,591994.62,2693095.28,7945087.37,79634.32,79634.33,0.06502,9.29396,79588.1,79588.2,1.0164,6.474
1788590233980,1788590233923981,79609.0,79609.1,0.00034,0.63518,24945.01,3200497.14,7057215.44,582190.45,2653538.93,7905531.02,79634.32,79634.33,0.25479,8.96882,79588.1,79588.2,1.0379,5.089
1788590234223,1788590234168659,79611.2,79611.4,0.0002,0.62496,6502.06,3039729.38,6989278.33,668014.64,2884534.41,7761569.95,79634.32,79634.33,0.25655,8.64371,79588.1,79588.2,1.7372,5.089
1788590234480,1788590234343515,79611.2,79611.3,0.0002,0.70417,5104.18,3038331.5,6987880.45,719297.61,2996684.94,7877703.04,79634.32,79634.33,0.25228,8.64371,79588.1,79588.2,1.7372,5.0791
1788590234725,1788590234501850,79611.2,79611.3,0.0002,0.70417,5604.1,3038831.42,6988380.37,719297.61,2996684.94,7877703.04,79634.32,79634.33,0.25354,8.64524,79588.1,79588.2,1.0334,5.0808
1788590234970,1788590234922454,79611.2,79611.3,0.0002,0.70417,5592.95,3005817.65,6955366.6,724602.37,3016034.93,7897053.03,79634.32,79634.33,0.25638,8.64273,79588.1,79588.2,1.2191,5.0808
1788590235230,1788590235185155,79611.2,79611.3,0.0002,0.03052,6618.27,3165170.37,7114719.32,656113.43,2947546.0,7828564.09,79634.32,79634.33,0.63225,8.64065,79588.1,79588.2,1.9062,3.4086
1788590235477,1788590235424945,79611.2,79611.6,0.0002,0.04609,6618.27,3324523.62,7274072.57,601843.81,2893631.48,7770667.01,79634.32,79634.33,0.6317,8.63933,79588.1,79588.2,3.3328,3.1238
1788590235721,1788590235680797,79611.5,79611.6,0.0002,0.04605,1889.84,3324571.38,7266910.79,651249.03,2943036.7,7820072.23,79634.32,79634.33,0.6322,8.63933,79588.1,79588.2,2.4048,3.8681
1788590235980,1788590235938489,79611.5,79611.6,0.0002,0.04605,1889.84,3292734.58,7235073.99,643355.21,2921097.65,7798133.19,79634.32,79634.33,0.6322,8.63933,79588.1,79588.2,2.4048,3.8681
1788590236226,1788590236188641,79612.8,79612.9,0.0002,0.04007,1763.3,2950964.19,7229756.41,408896.51,2857262.77,7842132.4,79634.32,79634.33,0.57469,8.65042,79588.1,79588.2,2.7367,2.3286
1788590236473,1788590236418657,79612.8,79612.9,0.0002,0.27115,1779.22,2950980.1,7229772.32,412916.02,2875977.66,7860847.3,79634.32,79634.33,0.57455,8.64767,79588.1,79588.2,2.7367,2.3964
1788590236719,1788590236595538,79612.2,79612.3,0.0002,0.04019,1828.58,3266448.3,7214039.45,426817.8,2867825.79,7877392.48,79634.32,79634.33,0.57451,8.64767,79588.1,79588.2,2.7367,4.0686
1788590236980,1788590236928885,79609.0,79610.7,0.0002,0.66744,181836.94,3476581.83,7333300.13,291276.87,2590009.71,7787050.74,79634.32,79634.33,0.31604,8.6469,79588.1,79588.2,2.302,4.0696
1788590237226,1788590237165458,79610.2,79610.6,0.0002,0.68511,42860.86,3342160.75,7357167.35,327124.02,2639551.25,7836592.29,79634.32,79634.33,0.47959,8.65781,79588.1,79588.2,2.302,4.0686
1788590237471,1788590237390116,79610.2,79610.6,0.0002,0.68386,42860.86,3339516.48,7354523.09,323043.86,2648734.83,7845775.86,79634.32,79634.33,0.47959,8.6558,79588.1,79588.2,2.302,4.0686
1788590237717,1788590237652025,79610.2,79611.0,0.0002,0.00013,42741.46,3339397.09,7354403.69,230187.41,2496738.42,7584610.07,79634.32,79634.33,0.45859,8.6558,79588.1,79588.2,2.302,4.0686
1788590237979,1788590237927685,79611.5,79611.6,0.0002,0.66339,36979.8,3537089.85,7479429.26,650848.36,3177251.23,7945117.38,79634.32,79634.33,0.45866,8.6558,79588.1,79588.2,2.6269,4.0686
1788590238220,1788590238181895,79611.4,79611.5,0.0002,0.73171,37202.69,3505474.78,7447814.19,709041.18,3235493.41,8003359.56,79634.32,79634.33,0.45866,8.6558,79588.1,79588.2,2.6269,4.0686
1788590238480,1788590238317644,79611.4,79611.5,0.0002,0.73171,37202.69,3537312.58,7479651.99,709041.18,3235493.41,8003359.56,79634.32,79634.33,0.45866,8.6558,79588.1,79588.2,2.6269,4.0686
1788590238727,1788590238689264,79613.1,79613.2,0.0002,0.65862,20048.61,3199607.74,7478399.96,467535.93,3210574.19,8086967.78,79634.32,79634.33,0.45734,8.6558,79588.1,79588.2,2.637,4.0686
1788590238970,1788590238941046,79613.1,79613.2,0.0002,0.65862,20381.37,3199940.5,7478732.71,466761.02,3209797.27,8086190.86,79634.32,79634.33,0.45713,8.6558,79588.1,79588.2,2.6269,4.0686
1788590239229,1788590239076368,79613.1,79613.2,0.0002,0.70862,20381.37,3199940.5,7478732.71,470741.68,3213777.93,8090171.52,79634.32,79634.33,0.43627,8.65355,79588.1,79588.2,2.6269,4.0686
1788590239473,1788590239430934,79613.1,79613.2,0.0002,0.70862,20488.89,3200048.01,7478840.23,471830.33,3213866.51,8090260.1,79634.32,79634.33,0.71682,8.65425,79588.1,79588.2,2.7057,4.0673
1788590239717,1788590239670640,79613.1,79613.2,0.0002,0.09015,21013.5,3203264.63,7482056.85,467098.11,3210134.37,8086527.96,79634.32,79634.33,0.54819,8.65454,79588.1,79588.2,2.6956,4.0052
1788590239977,1788590239827142,79613.1,79613.2,0.0002,0.04015,20907.62,3203158.75,7481950.97,521445.06,3264481.32,8140874.92,79634.32,79634.33,0.43398,8.65384,79588.1,79588.2,2.6956,4.0052
1788590240221,1788590240097167,79613.1,79613.2,0.0002,0.04015,20907.62,3203158.75,7481950.97,516124.48,3259160.74,8135554.33,79634.32,79634.33,0.43398,8.65384,79588.1,79588.2,2.7057,4.0052
1788590240479,1788590240381924,79613.1,79613.2,0.0002,0.04015,20111.55,3202362.68,7481154.9,516134.83,3259171.09,8135564.68,79634.32,79634.33,0.43398,8.65362,79588.1,79588.2,2.6956,4.0065
1788590240724,1788590240381924,79613.1,79613.2,0.0002,0.04015,20111.55,3202362.68,7481154.9,516134.83,3259171.09,8135564.68,79634.32,79634.33,0.43398,8.65362,79588.1,79588.2,2.6956,4.0065
1788590240970,1788590240884745,79613.1,79613.2,0.0002,0.09015,20500.04,3202751.16,7481543.38,520890.11,3263926.37,8140319.97,79634.32,79634.33,0.42598,8.65362,79588.1,79588.2,2.6956,4.0052
1788590241228,1788590241172423,79613.1,79613.2,0.0002,0.09015,20500.04,3202751.16,7481543.38,520093.98,3263130.24,8139523.83,79634.32,79634.33,0.42587,8.65353,79588.1,79588.2,2.7656,4.0052
1788590241473,1788590241434563,79613.1,79613.2,0.0002,0.09014,20500.04,3202795.9,7481588.12,520092.64,3263128.89,8139522.49,79634.32,79634.33,0.42587,8.65353,79588.1,79588.2,2.6956,4.0052
1788590241718,1788590241656614,79613.1,79613.2,0.0002,0.0901,20500.04,3219502.61,7498294.83,461761.04,3221503.46,8097897.05,79634.32,79634.33,0.42362,8.65339,79588.1,79588.2,2.7656,4.0052
1788590241979,1788590241920639,79609.0,79612.7,0.01209,0.04007,218729.18,3717358.29,7574076.58,523713.34,3267819.95,8159132.12,79634.32,79634.33,0.42362,8.65339,79588.1,79588.2,2.7656,3.9997
1788590242224,1788590242187796,79612.5,79612.7,0.0002,0.04003,37621.53,3520676.78,7468267.93,462326.72,3206433.32,8097745.49,79634.32,79634.33,0.42362,8.65339,79588.1,79588.2,2.7656,3.9997
1788590242468,1788590242390770,79612.5,79612.7,0.0002,0.04003,37621.53,3552514.5,7500105.65,521425.83,3265532.43,8156844.61,79634.32,79634.33,0.42332,8.65083,79588.1,79588.2,2.7656,3.9997
1788590242729,1788590242669092,79612.5,79612.7,0.0002,0.04003,37621.53,3552450.04,7500041.18,522878.15,3266984.76,8158296.93,79634.32,79634.33,0.42332,8.65063,79588.1,79588.2,2.7656,3.931
1788590242972,1788590242739467,79612.5,79612.6,0.0002,0.01,37621.53,3552450.04,7500041.18,527357.32,3271463.92,8162776.1,79634.32,79634.33,0.4206,8.64931,79588.1,79588.2,2.7656,3.931
1788590243218,1788590242739467,79612.5,79612.6,0.0002,0.01,37621.53,3552450.04,7500041.18,527357.32,3271463.92,8162776.1,79634.32,79634.33,0.41999,8.64931,79588.1,79588.2,2.7656,3.931
1788590243479,1788590243404097,79612.5,79612.6,0.0002,0.00996,37621.53,3552450.12,7500041.26,495506.46,3239613.06,8130925.23,79634.32,79634.33,0.41999,8.64912,79588.1,79588.2,2.7656,3.931
1788590243723,1788590243459572,79612.5,79612.6,0.0002,0.00996,37621.53,3552450.12,7500041.26,527354.26,3271460.86,8162773.03,79634.32,79634.33,0.41999,8.64912,79588.1,79588.2,2.7656,3.931
1788590243971,1788590243915180,79612.5,79612.6,0.0002,0.00996,37621.53,3552450.12,7500041.26,525761.97,3269868.57,8161180.75,79634.32,79634.33,0.42008,8.64912,79588.1,79588.2,2.7656,3.9297
1788590244231,1788590244086739,79612.5,79612.6,0.0002,0.00996,37621.53,3552450.12,7500041.26,468255.02,3212361.62,8103673.8,79634.32,79634.33,0.41689,8.64899,79588.1,79588.2,2.7656,3.931
1788590244476,1788590244376373,79612.5,79612.6,0.0002,0.00996,37621.53,3552450.12,7500041.26,468255.02,3212361.63,8103673.8,79634.32,79634.33,0.41689,8.64899,79588.1,79588.2,2.7656,3.931
1788590244720,1788590244692817,79612.5,79612.6,0.0002,0.01,37621.53,3535743.4,7483334.55,521593.49,3104479.01,7995791.18,79634.32,79634.33,0.43902,8.64899,79588.1,79588.2,2.7656,3.9297
1788590244981,1788590244896926,79612.5,79612.6,0.0002,0.01,37621.53,3535743.41,7483334.55,521593.49,3213921.26,8105233.44,79634.32,79634.33,0.43885,8.64863,79588.1,79588.2,2.7757,3.9297
1788590245226,1788590245151333,79612.5,79612.6,0.0002,0.01,37621.53,3535743.41,7483334.55,521593.49,3251934.13,8143246.3,79634.32,79634.33,0.43892,9.53256,79588.1,79588.2,2.7656,3.9297
1788590245468,1788590245151333,79612.5,79612.6,0.0002,0.01,37621.53,3535743.41,7483334.55,521593.49,3251934.13,8143246.3,79634.32,79634.33,0.43509,9.53256,79588.1,79588.2,2.7656,3.9297
1788590245728,1788590245649025,79612.5,79612.7,0.0002,0.03999,37621.53,3535743.41,7483334.55,467458.9,3197799.53,8089111.71,79634.32,79634.33,0.41289,9.53244,79588.1,79588.2,2.7757,3.9297
1788590245974,1788590245934418,79612.5,79612.7,0.0002,0.03995,37621.53,3535743.41,7483334.55,467466.06,3197806.7,8089118.87,79634.32,79634.33,0.41289,9.53244,79588.1,79588.2,2.7757,3.928
1788590246221,1788590246087204,79612.5,79612.7,0.0002,0.03991,37621.53,3535743.41,7483334.55,518003.15,4268521.06,8139635.58,79634.32,79634.33,0.41275,9.53244,79588.1,79588.2,2.7656,3.928
1788590246479,1788590246444689,79611.6,79612.7,5e-05,0.03991,38152.48,3540934.64,7483274.05,512691.99,4263209.9,8134324.42,79634.32,79634.33,0.41275,9.53019,79588.1,79588.2,2.7656,3.928
1788590246720,1788590246674921,79612.6,79612.7,0.0002,0.03915,37624.71,3535746.59,7483337.74,511816.52,4262334.43,8133448.95,79634.32,79634.33,0.4082,9.52316,79588.1,79588.2,2.7307,3.9293
1788590246978,1788590246861792,79612.6,79612.7,0.0002,0.03915,37624.71,3535746.59,7483337.74,517222.42,4267740.33,8138854.85,79634.32,79634.33,0.39699,9.48316,79588.1,79588.2,2.9567,3.9293
1788590247224,1788590247167631,79612.6,79612.7,0.0002,0.03915,37624.71,3503908.79,7451499.94,492352.2,4242870.11,8113984.63,79634.32,79634.33,0.39699,9.48316,79588.1,79588.2,2.9567,3.9293
1788590247472,1788590247416131,79612.6,79612.7,0.0002,0.03915,37624.71,3549768.83,7497359.98,523403.68,4286943.12,8158057.64,79634.32,79634.33,0.39699,9.48316,79588.1,79588.2,2.9567,3.928
1788590247717,1788590247608332,79612.3,79612.7,0.0002,0.03855,37576.95,3549721.06,7497312.21,467449.15,4230988.6,8102103.12,79634.32,79634.33,0.40046,9.42772,79588.1,79588.2,2.9597,3.9327
1788590247978,1788590247924496,79612.3,79612.7,0.0002,0.03855,37576.95,3549721.06,7497312.21,515404.08,4278943.53,8150058.05,79634.32,79634.33,0.39646,9.42772,79588.1,79588.2,2.9597,3.934
1788590248222,1788590248144481,79612.3,79612.7,0.0002,0.03851,37576.95,3549721.06,7497312.21,526286.01,4289825.46,8160939.98,79634.32,79634.33,0.39421,9.42772,79588.1,79588.2,2.9597,3.9327
1788590248480,1788590248430179,79612.3,79612.7,0.0002,0.03851,37576.95,3517883.46,7465474.61,494438.41,4257977.86,8129092.38,79634.32,79634.33,0.5038,9.42842,79588.1,79588.2,2.9597,3.9327
1788590248724,1788590248686601,79612.3,79612.5,0.0002,0.01,37600.05,3549744.36,7497335.51,465176.41,3207476.02,8099830.38,79634.32,79634.33,0.39403,9.42754,79588.1,79588.2,2.9597,3.934
1788590248972,1788590248944144,79612.4,79612.5,0.0002,0.01,37758.44,3549902.76,7497493.91,513698.72,3259193.74,8151548.09,79634.32,79634.33,0.39403,9.42754,79588.1,79588.2,2.9597,3.934
1788590249217,1788590249058099,79612.4,79612.5,0.0002,0.01,37612.78,3549757.1,7497348.24,465176.22,3210671.23,8103025.58,79634.32,79634.33,0.39403,9.42754,79588.1,79588.2,2.9597,3.934
1788590249474,1788590249414106,79609.1,79612.4,0.01204,0.04007,219542.02,3555083.63,7571090.71,453794.16,3202643.32,8103020.25,79634.32,79634.33,0.39403,9.42754,79588.1,79588.2,2.9046,3.934
1788590249719,1788590249672424,79609.1,79612.4,0.01204,0.04007,219546.81,3552460.89,7568467.97,453805.3,3202654.47,8103031.4,79634.32,79634.33,0.39403,9.42754,79588.1,79588.2,2.9046,3.9327
1788590249981,1788590249672424,79609.1,79612.4,0.01204,0.04007,219546.81,3552460.89,7568467.97,453805.3,3202654.47,8103031.4,79634.32,79634.33,0.39396,9.42754,79588.1,79588.2,2.9046,3.9327
1788590250226,1788590250063636,79608.1,79612.4,0.00058,0.04007,219933.42,3710087.37,7598846.23,511175.37,3260024.53,8160401.46,79634.32,79634.33,0.39396,9.42302,79588.1,79588.2,2.9046,3.934
1788590250472,1788590250387251,79608.1,79612.4,0.00058,0.04007,219933.42,3712825.54,7601584.4,507601.43,3256450.59,8156827.53,79634.32,79634.33,0.39396,9.42302,79588.1,79588.2,2.9046,3.934
1788590250718,1788590250680614,79608.1,79612.4,0.00058,0.04006,219933.42,3712825.54,7601584.4,507600.64,3256449.8,8156826.73,79634.32,79634.33,0.39396,9.42302,79588.1,79588.2,2.9046,3.9327
1788590250977,1788590250944275,79605.6,79612.4,0.146,0.04948,254360.3,3762098.28,7790896.93,625039.6,3358841.49,8259218.43,79634.32,79634.33,0.39246,9.42302,79588.1,79588.2,2.906,3.9327
1788590251222,1788590251187083,79606.0,79612.2,0.14658,0.03888,251673.2,3754936.68,7790947.99,620487.38,3353174.19,8269721.23,79634.32,79634.33,0.39406,9.42282,79588.1,79588.2,2.906,3.9322
1788590251470,1788590251413391,79611.8,79612.2,0.0002,0.03888,35372.81,3547036.3,7494627.45,620633.09,3353319.9,8269866.94,79634.32,79634.33,0.39406,9.42282,79588.1,79588.2,2.906,3.9322
1788590251730,1788590251508082,79611.8,79612.2,0.00019,0.03888,35372.01,3547035.51,7494626.65,619836.97,3352523.78,8269070.81,79634.32,79634.33,0.39406,9.42282,79588.1,79588.2,2.9161,3.9322
1788590251974,1788590251508082,79611.8,79612.2,0.00019,0.03888,35372.01,3547035.51,7494626.65,619836.97,3352523.78,8269070.81,79634.32,79634.33,0.39406,9.42317,79588.1,79588.2,2.906,3.9322
1788590252220,1788590252114197,79611.8,79612.2,0.00019,0.03888,33077.77,3547063.71,7494654.85,619836.97,3337517.52,8254064.55,79634.32,79634.33,0.39396,9.42317,79588.1,79588.2,2.5466,3.9322
1788590252479,1788590252290296,79611.8,79612.2,0.00019,0.03888,33077.77,3547063.71,7494654.85,619836.97,3352524.38,8269071.42,79634.32,79634.33,0.35366,9.42317,79588.1,79588.2,2.7188,3.9322
1788590252725,1788590252603153,79611.8,79612.2,0.00019,0.03888,33077.77,3547063.71,7494654.85,570842.69,3303530.1,8220077.14,79634.32,79634.33,0.35366,9.42317,79588.1,79588.2,2.6488,3.9322
1788590252969,1788590252822782,79611.8,79612.0,0.00019,0.01,33093.69,3547079.63,7494670.78,624602.89,3351234.84,8119080.53,79634.32,79634.33,0.35366,9.42317,79588.1,79588.2,2.6488,3.9322
1788590253231,1788590252822782,79611.8,79612.0,0.00019,0.01,33093.69,3547079.63,7494670.78,624602.89,3351234.84,8119080.53,79634.32,79634.33,0.35366,9.42317,79588.1,79588.2,2.6488,3.9322
1788590253477,1788590253297160,79612.1,79612.2,0.0002,0.03888,32550.0,3547127.4,7494718.54,628583.98,3361271.39,8277818.43,79634.32,79634.33,0.33348,9.42317,79588.1,79588.2,2.6488,3.9322
1788590253723,1788590253503262,79612.1,79612.2,0.0002,0.03888,32507.02,3547084.41,7494675.56,628583.98,3361271.39,8277818.43,79634.32,79634.33,0.33348,9.42317,79588.1,79588.2,2.7189,3.9322
1788590253968,1788590253828896,79612.1,79612.2,0.0002,0.03888,32507.02,3547084.41,7494675.56,628461.29,3361148.7,8277695.74,79634.32,79634.33,0.33355,9.42317,79588.1,79588.2,2.7189,3.9322
1788590254228,1788590253828896,79612.1,79612.2,0.0002,0.03888,32507.02,3547084.41,7494675.56,628461.29,3361148.7,8277695.74,79634.32,79634.33,0.33355,9.42317,79588.1,79588.2,2.729,3.9322
1788590254474,1788590254366502,79612.4,79612.5,0.0002,0.03905,32595.39,3547172.78,7494763.93,683904.72,3436996.08,8318517.68,79634.32,79634.33,0.33341,9.42185,79588.1,79588.2,2.729,3.9322
1788590254717,1788590254520886,79612.3,79612.5,0.0002,0.03905,32596.18,3547173.57,7494764.72,692676.71,3445768.07,8327289.67,79634.32,79634.33,0.33341,9.42185,79588.1,79588.2,2.7188,3.9322
1788590254975,1788590254868875,79612.3,79612.5,0.0002,0.03905,32555.58,3547132.97,7494724.12,689184.82,3442276.17,8323797.77,79634.32,79634.33,0.33332,9.41944,79588.1,79588.2,2.7889,3.9322
1788590255220,1788590255078647,79612.3,79612.5,0.0002,0.03905,32555.58,3547132.97,7494724.12,689944.34,3443035.69,8324557.3,79634.32,79634.33,0.32927,9.41944,79588.1,79588.2,2.7889,3.9322
1788590255480,1788590255078647,79612.3,79612.5,0.0002,0.03905,32555.58,3547132.97,7494724.12,689944.34,3443035.69,8324557.3,79634.32,79634.33,0.32927,9.41908,79588.1,79588.2,2.7889,3.9322
1788590255725,1788590255618207,79612.3,79612.5,0.0002,0.0393,32555.58,3547132.97,7494724.12,689928.4,3443019.76,8324541.36,79634.32,79634.33,0.32927,9.41683,79588.1,79588.2,2.7889,3.9322
1788590255970,1788590255876495,79612.3,79612.5,0.0002,0.0393,32555.58,3545541.01,7493132.16,689928.4,3443019.76,8324541.36,79634.32,79634.33,0.32927,9.41683,79588.1,79588.2,2.7889,3.9322
1788590256228,1788590255876495,79612.3,79612.5,0.0002,0.0393,32555.58,3545541.01,7493132.16,689928.4,3443019.76,8324541.36,79634.32,79634.33,0.32927,9.41683,79588.1,79588.2,2.799,3.9322
1788590256472,1788590256417900,79612.3,79612.5,0.0002,0.0393,32604.94,3545590.37,7493181.52,630813.82,3383905.18,8265426.78,79634.32,79634.33,0.32927,9.41683,79588.1,79588.2,2.7889,3.9322
1788590256730,1788590256674815,79612.3,79612.5,0.0002,0.0393,32604.94,3547182.33,7494773.48,632683.98,3385775.34,8267296.94,79634.32,79634.33,0.32795,9.41683,79588.1,79588.2,2.7889,3.9322
1788590256975,1788590256941909,79612.3,79612.5,0.0002,0.0393,32604.94,3544444.17,7492035.31,630032.0,3383123.36,8264644.96,79634.32,79634.33,0.32795,9.41683,79588.1,79588.2,2.7889,3.9322
1788590257222,1788590257192465,79612.4,79612.5,2.21281,0.00025,386501.52,3453582.39,7401173.54,72971.77,1515905.42,5404586.09,79634.32,79634.33,3.04785,1.5332,79593.0,79593.1,9.8566,0.5346
1788590257467,1788590257388646,79619.3,79621.2,0.01,0.00689,212668.9,2544987.35,7210714.52,402560.35,2418626.85,7190987.91,79634.32,79634.33,3.05101,1.25227,79593.0,79593.1,9.5425,0.5298
1788590257726,1788590257691133,79621.6,79621.7,0.0002,0.1256,5017.33,2390753.17,7130055.68,417721.33,3054323.16,7493554.03,79634.32,79634.33,3.04862,1.25213,79593.0,79593.1,9.8829,0.5298
1788590257972,1788590257934163,79619.6,79621.8,0.00788,0.00062,202621.27,2622549.27,7164468.7,442047.02,3028156.16,7467367.03,79634.32,79634.33,3.04862,1.25213,79593.0,79593.1,9.8829,0.5298
1788590258219,1788590258187407,79619.2,79621.8,0.01,0.00062,220370.46,2619181.73,7157422.19,487638.34,3074030.66,7513233.33,79634.32,79634.33,3.04033,1.25074,79593.0,79593.1,9.7301,0.5298
1788590258480,1788590258375253,79616.1,79621.8,0.14658,0.00062,239539.49,3098025.22,7248265.18,468552.4,3090645.56,7529848.24,79634.32,79634.33,3.04033,1.25074,79593.0,79593.1,9.7301,0.5298
1788590258727,1788590258618169,79616.1,79621.7,0.14658,0.1256,234733.93,3143741.6,7293981.57,419633.86,3093812.79,7533015.46,79634.32,79634.33,3.03995,1.25074,79593.0,79593.1,9.7301,0.5298
1788590258971,1788590258876702,79616.1,79621.7,0.14658,0.1256,234733.93,3170724.63,7293988.97,419644.21,3093823.14,7533025.81,79634.32,79634.33,3.03995,1.25074,79593.0,79593.1,9.7301,0.5298
1788590259231,1788590259182555,79616.1,79621.7,0.14658,0.1256,219752.83,3248847.36,7372111.71,637949.95,3311508.4,7750711.08,79634.32,79634.33,3.03995,1.25452,79593.0,79593.1,9.7301,0.5298
1788590259473,1788590259446200,79621.9,79622.0,0.0002,0.04013,33645.37,2568943.38,6781270.05,582208.08,3252560.41,7691763.09,79634.32,79634.33,3.03995,1.25452,79593.0,79593.1,9.7301,0.5292
1788590259717,1788590259696363,79621.8,79622.0,0.0002,0.03977,32961.48,2536419.38,6748746.05,583304.32,3278956.32,7718158.99,79634.32,79634.33,3.03995,1.25452,79593.0,79593.1,9.7301,0.5292
1788590259975,1788590259940473,79621.8,79622.0,0.0002,0.00014,37749.58,2722840.91,6855588.28,148560.02,2984916.22,7424174.45,79634.32,79634.33,3.06014,1.048,79600.9,79601.0,7.0477,3.3876
1788590260218,1788590260154030,79624.4,79624.5,0.0002,0.03965,867.05,2335891.88,6510810.78,579690.68,3353361.6,8142206.53,79634.32,79634.33,3.05614,1.22496,79600.9,79601.0,6.8594,3.3876
1788590260477,1788590260415093,79624.4,79624.5,0.0002,0.03965,867.05,2335891.88,6510810.78,581106.2,3352089.71,8140913.89,79634.32,79634.33,3.04786,1.22585,79600.9,79601.0,6.8594,3.3876
1788590260722,1788590260696133,79624.4,79624.5,0.00048,0.03964,839.98,2319823.71,6494742.62,570184.43,3329093.96,8117909.94,79634.32,79634.33,3.04166,1.22994,79600.9,79601.0,5.5948,3.3879
1788590260967,1788590260910267,79624.4,79624.5,0.00048,0.03964,889.34,2335925.45,6510844.36,730136.95,3601398.49,8390214.48,79634.32,79634.33,3.04159,1.28028,79600.9,79601.0,5.5948,3.3879
1788590261226,1788590261192400,79624.1,79624.4,0.00016,0.04007,1066.88,2730278.98,6706237.14,678455.28,3546654.23,8335470.21,79634.32,79634.33,3.04159,1.14145,79600.9,79601.0,5.5948,3.3879
1788590261470,1788590261407450,79624.0,79624.4,0.0002,0.03911,12692.42,2732964.97,6708923.12,727439.78,3598410.79,8387226.77,79634.32,79634.33,3.04159,1.13906,79600.9,79601.0,5.5948,3.3879
1788590261731,1788590261648574,79624.0,79624.4,0.0002,0.03911,12692.42,2732964.97,6708923.12,727429.43,3676263.5,8465079.48,79634.32,79634.33,3.04159,1.13906,79600.9,79601.0,5.5948,3.3879
1788590261974,1788590261918265,79624.0,79624.4,0.0002,0.03911,12692.42,2717965.34,6693923.49,663363.89,3830900.53,8619716.51,79634.32,79634.33,3.04159,1.14284,79600.9,79601.0,5.5948,3.3879
1788590262220,1788590262171559,79617.9,79624.4,0.00099,0.01991,207599.27,3150725.8,7663815.14,733470.36,3900437.43,8689253.41,79634.32,79634.33,3.04159,1.14294,79600.9,79601.0,5.5948,3.3879
1788590262478,1788590262348241,79617.9,79624.4,0.00099,0.01991,207936.84,3136061.68,7649151.02,729570.53,3896537.6,8685353.58,79634.32,79634.33,3.35329,1.14294,79600.9,79601.0,5.5948,3.3892
1788590262721,1788590262641558,79617.9,79624.4,0.00099,0.01991,222937.98,3166061.48,7679150.83,729569.57,3896536.64,8685352.62,79634.32,79634.33,3.35329,1.2867,79600.9,79601.0,5.5812,3.3909
1788590262981,1788590262767687,79617.9,79624.4,0.00099,0.01991,222937.98,3166061.48,7679150.83,729579.92,3896546.99,8685362.97,79634.32,79634.33,3.35329,1.14622,79600.9,79601.0,5.5812,3.356
1788590263225,1788590263189084,79617.9,79624.4,0.00099,0.01991,222937.98,3166061.48,7679150.83,729580.34,3896545.41,8685341.39,79634.32,79634.33,3.35329,1.11224,79600.9,79601.0,5.5812,3.3573
1788590263467,1788590263439378,79617.9,79624.4,0.00099,0.01991,222937.98,3148323.16,7661412.5,675409.0,3839602.01,8628397.99,79634.32,79634.33,3.35329,1.11224,79600.9,79601.0,5.558,3.4822
1788590263731,1788590263697100,79617.9,79624.4,0.00099,0.69978,222937.98,3163324.21,7676413.55,729543.24,3893736.25,8682532.23,79634.32,79634.33,3.35329,1.25217,79600.9,79601.0,5.558,3.4822
1788590263977,1788590263935306,79617.9,79624.4,0.00099,0.69978,222937.97,3163324.21,7676413.55,741635.77,3905828.78,8694624.76,79634.32,79634.33,3.35329,1.19217,79600.9,79601.0,5.558,3.4822
1788590264222,1788590264138350,79617.9,79624.4,0.00099,0.69978,222937.97,3163324.2,7676413.55,741635.77,4926113.28,8694215.69,79634.32,79634.33,3.35329,1.05006,79600.9,79601.0,5.558,3.4822
1788590264481,1788590264379859,79617.9,79624.4,0.00099,0.69978,222937.97,3163324.2,7676413.55,741684.56,4926112.69,8694215.1,79634.32,79634.33,3.35329,1.05006,79600.9,79601.0,5.558,3.4822
1788590264724,1788590264693721,79617.9,79624.4,0.00099,0.69978,222937.97,3163324.2,7676413.55,710764.55,4895192.68,8663295.09,79634.32,79634.33,3.35329,1.05005,79600.9,79601.0,5.558,3.4783
1788590264970,1788590264945587,79617.9,79624.3,0.00099,1.05759,222937.97,3163324.2,7676413.54,770032.03,4794981.2,8245049.54,79634.32,79634.33,3.35329,1.19301,79600.9,79601.0,5.558,3.4783
1788590265231,1788590265185331,79623.8,79624.2,0.0002,0.03888,12672.51,2770111.3,6924269.76,746417.66,4771317.46,8221385.8,79634.32,79634.33,3.35197,1.127,79600.9,79601.0,5.558,3.4132
1788590265474,1788590265365592,79623.8,79624.2,0.0002,0.03902,12672.51,2770111.3,6924269.76,688834.11,4713733.91,8163802.25,79634.32,79634.33,3.3517,0.98241,79600.9,79601.0,5.558,3.4132
1788590265732,1788590265611423,79623.8,79624.2,0.0002,0.03902,12662.16,2770100.95,6924259.41,688834.11,4713733.91,8163802.25,79634.32,79634.33,3.3517,0.98389,79600.9,79601.0,5.558,3.4122
1788590265976,1788590265905945,79623.5,79624.2,0.00018,0.03902,12612.79,2772681.1,6926839.55,689826.07,4714725.87,8164794.21,79634.32,79634.33,3.3517,0.9842,79600.9,79601.0,5.4051,3.4122
1788590266220,1788590266192590,79623.5,79624.2,0.00018,0.03851,13312.63,2755649.9,6909808.35,691909.6,4719456.43,8169524.76,79634.32,79634.33,3.33517,0.99381,79600.9,79601.0,5.4051,3.4122
1788590266477,1788590266413250,79617.9,79624.4,0.00099,0.03905,222927.63,3163212.37,7676301.71,643185.98,4830211.78,8598314.19,79634.32,79634.33,3.33517,0.67293,79600.9,79601.0,5.4051,3.4109
1788590266719,1788590266655694,79624.3,79624.4,0.0002,0.03905,1644.1,2534296.63,6709215.53,755593.3,4940972.25,8709074.66,79634.32,79634.33,3.30142,0.85276,79600.9,79601.0,5.4051,3.4109
1788590266966,1788590266917106,79624.3,79624.4,0.0002,0.03901,944.26,2533596.78,6708515.69,700300.71,4885679.66,8653782.07,79634.32,79634.33,3.30142,0.7944,79600.9,79601.0,5.4051,3.412
1788590267227,1788590267192196,79624.3,79624.4,0.0002,0.03871,944.26,2530946.6,6705865.5,694135.93,4882217.66,8650320.07,79634.32,79634.33,3.30142,0.7939,79600.9,79601.0,5.4051,3.4133
1788590267474,1788590267444478,79624.3,79624.4,0.0002,0.03851,1644.1,2534279.91,6709198.82,754100.19,4939479.14,8707581.55,79634.32,79634.33,3.30142,0.7939,79600.9,79601.0,5.4051,3.412
1788590267717,1788590267635580,79624.3,79624.4,0.0002,0.03891,1644.1,2531646.64,6706565.55,700926.7,4582985.64,8657181.58,79634.32,79634.33,3.30142,0.7939,79600.9,79601.0,5.4051,3.412
1788590267976,1788590267859338,79624.3,79624.4,0.0002,0.03891,944.26,2533668.64,6708587.54,757881.94,4636220.4,8710416.34,79634.32,79634.33,3.30142,0.78853,79600.9,79601.0,5.4051,3.412
1788590268221,1788590268193998,79624.3,79624.4,0.0002,0.03891,944.26,2533668.64,6708587.54,757881.4,4630019.41,8704215.35,79634.32,79634.33,3.28902,0.78524,79600.9,79601.0,5.4051,3.4102
1788590268480,1788590268437833,79624.3,79624.4,0.0002,0.0385,944.26,2533640.77,6708559.68,732149.65,4604287.66,8678483.6,79634.32,79634.33,3.28902,0.78524,79600.9,79601.0,5.4051,3.4096
1788590268724,1788590268689776,79624.3,79624.4,0.0002,0.0385,1644.1,2531665.74,6706584.64,704020.01,4578816.21,8653012.15,79634.32,79634.33,3.28902,0.78524,79600.9,79601.0,5.4051,3.4109
1788590268969,1788590268944139,79624.3,79624.4,0.0002,0.0385,1644.11,2516599.34,6691518.24,619335.32,4491473.34,8565669.28,79638.97,79638.98,1.80891,0.00028,79600.9,79601.0,6.4906,3.0214
1788590269230,1788590269196237,79624.4,79626.1,2.00189,0.00013,356082.1,3077299.84,6797642.25,71735.49,4502645.93,7964066.38,79642.26,79642.27,4.21885,0.25123,79600.9,79601.0,10.8641,0.1278
1788590269474,1788590269422573,79628.8,79629.0,0.0002,0.00627,183579.6,2439037.2,6587587.59,704471.98,4863839.25,8188396.98,79642.26,79642.27,4.21915,0.25123,79600.9,79601.0,10.8641,0.1278
1788590269719,1788590269694169,79628.6,79628.9,0.19629,0.00102,199749.76,2464587.66,6623009.86,595830.87,4692929.03,8017503.28,79642.26,79642.27,4.21872,0.0693,79601.9,79602.0,12.6853,0.6261
1788590269979,1788590269918882,79628.6,79628.9,0.19567,0.00102,199700.39,2562751.1,6721173.3,573298.22,4835565.32,8160139.57,79642.26,79642.27,4.22342,0.0713,79601.9,79602.0,12.7807,0.6245
1788590270223,1788590270183138,79628.7,79630.9,0.00015,0.04007,185457.22,2711891.09,6567295.46,653360.84,5258196.14,7943407.94,79642.26,79642.27,4.34704,0.20493,79601.9,79602.0,12.7807,0.6245
1788590270469,1788590270438823,79624.6,79630.1,0.00879,0.01328,377811.1,3029928.64,6551791.65,675920.72,5187724.0,7906768.6,79642.26,79642.27,4.14621,0.38483,79601.9,79602.0,12.0713,0.6166
1788590270729,1788590270669955,79629.9,79630.7,0.0002,0.03905,177720.87,2387925.42,6808740.52,639822.46,5252583.73,8181045.83,79642.26,79642.27,4.14849,0.32698,79601.9,79602.0,12.0713,0.6096
1788590270978,1788590270925141,79629.9,79630.7,0.0002,0.03905,177765.46,2388036.1,6808851.2,639822.46,5357719.09,8286181.19,79642.26,79642.27,4.14622,0.32998,79601.9,79602.0,12.0713,0.695
1788590271223,1788590271131637,79629.9,79630.7,0.0002,0.03525,177775.81,2463462.27,6884277.38,691547.91,5410063.0,8338525.1,79642.26,79642.27,4.14873,0.32984,79601.9,79602.0,12.0713,0.6995
1788590271469,1788590271335820,79629.9,79630.7,0.0002,0.03525,177775.81,2463462.27,6884277.38,691547.91,5410063.0,8338525.1,79642.26,79642.27,4.14246,0.47756,79601.9,79602.0,12.0644,0.6985
1788590271730,1788590271689878,79629.9,79630.5,0.0002,0.03888,177775.81,2448460.69,6869275.79,701847.32,5420362.42,8348824.52,79642.26,79642.27,4.14246,0.47882,79601.9,79602.0,12.0644,1.0166
1788590271974,1788590271887343,79629.9,79630.5,0.00018,0.03888,177774.22,2463460.53,6884275.64,639848.75,5423622.61,8352084.71,79642.26,79642.27,4.13966,0.48032,79601.9,79602.0,12.0644,0.691
1788590272221,1788590272187565,79629.9,79630.5,0.00018,0.03884,177823.58,2463460.61,6884275.72,639844.88,5423618.75,8352060.34,79642.26,79642.27,4.14593,0.47831,79601.9,79602.0,12.0644,0.6889
1788590272482,1788590272187565,79629.9,79630.5,0.00018,0.03884,177823.58,2463460.61,6884275.72,639844.88,5423618.75,8352060.34,79642.26,79642.27,4.14593,0.47831,79601.9,79602.0,12.0644,0.6877
1788590272728,1788590272688996,79629.9,79630.5,0.00018,0.03884,178322.81,2463460.75,6884275.85,639844.89,5423618.75,8352060.35,79642.26,79642.27,4.14593,0.47863,79601.9,79602.0,12.0644,0.6875
1788590272971,1788590272931665,79629.9,79630.5,0.00018,0.0321,178322.81,2458047.0,6878862.11,697513.84,5483962.83,8412404.43,79642.26,79642.27,4.13966,0.47713,79601.9,79602.0,12.0644,0.6875
1788590273216,1788590273180057,79629.9,79630.5,0.00018,0.0321,178322.81,2460777.02,6881592.12,665659.45,5452108.44,8380550.03,79642.26,79642.27,4.14593,0.32941,79601.9,79602.0,12.0644,0.6862
1788590273472,1788590273293900,79629.9,79630.5,0.00018,0.0321,178322.81,2460777.02,6881592.12,697503.41,5483952.4,8412394.0,79642.26,79642.27,4.14593,0.32948,79601.9,79602.0,12.0644,0.9971
1788590273730,1788590273693086,79629.9,79630.5,0.00018,0.02898,178322.81,2460777.02,6881592.12,690610.97,5477059.96,8405493.56,79642.26,79642.27,4.14593,0.32948,79601.9,79602.0,12.0779,0.9971
1788590273979,1788590273937106,79624.7,79630.5,0.00025,0.02898,377241.65,3211010.99,6947889.03,695979.88,5477114.44,8405548.03,79642.26,79642.27,4.14593,0.27598,79601.9,79602.0,12.0779,0.683
1788590274225,1788590274125974,79630.4,79630.5,0.0002,0.02898,177781.39,2341022.31,6846107.82,644170.65,5425305.21,8353738.8,79642.26,79642.27,4.14593,0.27598,79601.9,79602.0,12.0779,0.683
1788590274469,1788590274437262,79630.4,79630.5,0.0002,0.04091,177681.05,2443694.91,6948780.42,672706.41,5439682.63,8368116.23,79642.26,79642.27,4.13566,0.41293,79601.9,79602.0,12.0777,1.0409
1788590274726,1788590274668178,79625.5,79630.3,0.0023,0.03905,181357.06,3076906.9,6980931.4,727173.0,5497349.89,8425783.48,79642.26,79642.27,4.13566,0.41293,79601.9,79602.0,12.0777,1.0409
1788590274970,1788590274935429,79629.1,79629.2,0.0002,0.01246,1406.15,2609604.49,6786224.51,721961.72,5151378.75,8440287.66,79642.26,79642.27,4.13257,0.63327,79601.9,79602.0,12.0777,1.2318
1788590275216,1788590275172201,79629.1,79629.2,0.0002,0.01246,1406.15,2609604.49,6786224.51,718430.66,5147845.69,8436754.6,79642.26,79642.27,4.13264,0.63334,79601.9,79602.0,12.0777,1.2318
1788590275477,1788590275315544,79629.1,79629.2,0.0002,0.01242,1406.15,2609604.49,6786224.51,718427.47,5147842.51,8436751.42,79642.26,79642.27,4.13264,0.62279,79601.9,79602.0,12.0777,1.0455
1788590275718,1788590275607165,79629.1,79629.2,0.0002,0.01242,1406.15,2607614.03,6784234.05,719223.78,5148638.82,8437547.73,79642.26,79642.27,4.13228,0.56279,79601.9,79602.0,12.0777,1.0455
1788590275976,1788590275931623,79628.8,79629.2,0.00018,0.01238,1356.78,2594155.55,6770775.58,718424.29,5147839.32,8436748.23,79642.26,79642.27,4.13003,0.55601,79601.9,79602.0,12.0777,1.0488
1788590276223,1788590276133027,79628.8,79629.2,0.00018,0.01234,1356.78,2637226.89,6813846.91,718420.82,5147835.86,8436744.77,79642.26,79642.27,4.13003,0.55411,79601.9,79602.0,12.0777,0.9931
1788590276481,1788590276426524,79628.8,79629.2,0.00018,0.01197,1356.78,2622226.81,6798846.83,718391.36,5147806.39,8436715.3,79642.26,79642.27,4.13003,0.55411,79601.9,79602.0,12.0777,1.1745
1788590276723,1788590276686881,79628.8,79629.2,0.00018,0.01197,1356.78,2639976.31,6816596.33,715760.31,5145175.34,8434084.25,79642.26,79642.27,4.30993,0.64452,79601.9,79602.0,12.0777,1.1708
1788590276968,1788590276932781,79628.9,79629.2,0.0002,0.01197,2539.21,2641168.29,6817788.31,713054.43,5142469.46,8431378.37,79642.26,79642.27,4.30993,0.64452,79601.9,79602.0,12.0777,1.1719
1788590277229,1788590277195691,79629.1,79629.2,0.0002,0.01197,2555.14,2641184.21,6817804.24,713005.06,5142420.09,8431329.0,79642.26,79642.27,4.30993,0.64197,79601.9,79602.0,12.0777,1.1667
1788590277474,1788590277424430,79629.1,79629.2,0.0002,0.01197,1854.44,2640346.58,6816966.61,721785.5,5255629.22,8544538.13,79642.26,79642.27,3.94031,0.72655,79601.9,79602.0,9.8093,1.3544
1788590277716,1788590277656337,79629.1,79629.2,0.0002,0.01197,1476.21,2611897.18,6788517.2,641231.6,5175075.32,8463984.23,79642.26,79642.27,4.12221,0.67774,79601.9,79602.0,9.8093,1.0959
1788590277973,1788590277938354,79628.8,79630.3,0.00016,0.03905,1426.84,2611847.81,6788467.83,640068.56,5529293.18,8457726.78,79642.26,79642.27,4.12268,0.67774,79601.9,79602.0,9.8093,1.0959
1788590278219,1788590278160344,79630.1,79630.2,0.0002,0.04996,841.62,2350915.31,6980589.43,723069.56,5602469.03,8530902.63,79642.26,79642.27,4.12098,0.67536,79601.9,79602.0,9.8093,1.0959
1788590278478,1788590278412283,79625.4,79630.1,0.0023,0.04019,25836.11,3109955.96,7013980.47,726260.56,5602440.04,8530873.64,79642.26,79642.27,4.12098,0.59085,79601.9,79602.0,9.8093,1.2816
1788590278721,1788590278667785,79624.9,79630.1,0.00218,0.04019,185174.01,3420541.57,7157419.61,636178.44,5512357.91,8440791.51,79642.26,79642.27,4.18813,0.52935,79601.9,79602.0,9.8093,1.0959
1788590278967,1788590278887691,79624.9,79630.1,0.00218,0.04019,185174.01,3452409.07,7189287.1,670793.29,5546972.76,8475406.36,79642.26,79642.27,4.18756,0.50442,79601.9,79602.0,9.8093,1.0941
1788590279229,1788590279126020,79624.9,79630.1,0.00218,0.04019,185174.01,3452409.07,7189287.1,670793.29,5546994.27,8475427.87,79642.26,79642.27,4.18756,0.51443,79601.9,79602.0,9.8093,1.0941
1788590279476,1788590279228207,79624.9,79630.1,0.00218,0.04019,185174.01,3452409.07,7189287.1,671589.6,5547790.58,8476224.18,79642.26,79642.27,4.18756,0.51585,79601.9,79602.0,9.8093,1.0941
1788590279722,1788590279664902,79624.9,79630.1,0.00218,0.04019,185173.99,3452409.05,7189287.09,670793.0,5782505.41,8710939.01,79642.26,79642.27,4.18756,0.52933,79601.9,79602.0,9.8093,1.2798
1788590279982,1788590279864803,79624.9,79630.1,0.00218,0.04019,185173.99,3309126.98,7046005.02,671733.37,5573176.25,8501609.85,79642.26,79642.27,4.18756,0.52933,79601.9,79602.0,9.8093,1.2798
1788590280227,1788590280181457,79624.9,79630.1,0.00218,0.03819,185174.0,3614950.09,7046036.65,723379.84,5624822.72,8553256.32,79642.26,79642.27,4.18756,0.52933,79601.9,79602.0,9.8093,1.2798
1788590280469,1788590280263906,79624.9,79630.1,0.00218,0.03819,185174.0,3653159.29,7084245.85,723379.84,5753283.32,8681716.92,79642.26,79642.27,4.18756,0.52933,79601.9,79602.0,9.8093,1.2798
1788590280730,1788590280614605,79624.9,79630.1,0.00218,0.03567,185174.0,3653159.29,7084245.85,723179.43,5753082.91,8681516.51,79642.26,79642.27,4.18884,0.72171,79601.9,79602.0,9.8093,1.2798
1788590280976,1788590280878029,79630.0,79630.1,0.001,0.03567,1625.14,2867404.49,6982428.12,684622.7,5714526.18,8642959.78,79642.26,79642.27,4.18884,0.72178,79601.9,79602.0,9.8093,1.2818
1788590281219,1788590281198097,79630.0,79630.1,0.00114,0.03567,840.04,2903852.79,7018876.42,882336.02,5912239.5,8840673.1,79642.26,79642.27,4.18884,0.72178,79601.9,79602.0,9.8093,1.2794
1788590281481,1788590281415100,79624.5,79630.1,0.00172,0.03567,186801.36,3653211.98,7084298.54,885023.33,5914926.8,8843360.4,79642.26,79642.27,4.19135,0.72028,79601.9,79602.0,9.8093,0.9004
1788590281725,1788590281685154,79629.9,79630.1,0.0002,0.03567,1859.23,2904873.98,7019897.61,858832.65,5888736.13,8817169.73,79642.26,79642.27,4.19121,0.72028,79601.9,79602.0,9.8093,0.9004
1788590281971,1788590281915980,79630.0,79630.1,0.00171,0.03567,1958.76,2918931.41,7033955.03,885330.81,5931940.97,8860374.57,79642.26,79642.27,4.18656,0.71672,79601.9,79602.0,9.6093,1.1244
1788590282229,1788590282191491,79630.0,79630.1,9e-05,0.03567,1271.6,2918321.49,7033345.12,853389.79,5899999.95,8828433.54,79642.26,79642.27,4.18656,0.71672,79601.9,79602.0,9.6093,0.9004
1788590282472,1788590282422189,79625.3,79630.1,0.00148,0.03505,25755.68,3460080.54,7058313.57,883888.32,5907921.6,8836355.19,79642.26,79642.27,4.18656,0.71672,79601.9,79602.0,9.6093,0.8991
1788590282731,1788590282657554,79625.3,79630.1,0.00148,0.06846,25755.68,3460080.54,7058313.57,889237.89,5913271.16,8841704.76,79642.26,79642.27,4.18613,0.71672,79601.9,79602.0,9.6093,0.8991
1788590282978,1788590282933231,79625.3,79630.1,0.00148,0.06846,25755.68,3460080.54,7058313.57,903735.55,5927768.82,8856202.42,79642.26,79642.27,4.18613,0.73911,79601.9,79602.0,9.6093,0.8991
1788590283223,1788590283195951,79629.4,79629.6,0.0002,0.63542,167182.33,3115280.24,7185313.34,873177.9,5736234.92,8825739.54,79642.26,79642.27,4.18536,0.73904,79601.9,79602.0,9.6093,1.0947
1788590283470,1788590283338861,79622.1,79629.7,0.04761,0.04007,390282.53,4119652.54,7516072.04,890510.35,5913056.95,8843072.0,79642.26,79642.27,4.18536,0.73904,79601.9,79602.0,9.6093,1.0774
1788590283717,1788590283690216,79628.4,79629.6,0.0002,0.67363,167289.0,3420855.54,7287704.65,872426.79,5735504.54,8825009.16,79642.26,79642.27,4.18536,0.86831,79601.9,79602.0,9.6093,1.2631
1788590283979,1788590283908381,79628.4,79629.7,0.0002,0.04007,167289.0,3420855.7,7287704.81,830796.07,5853363.39,8783378.44,79642.26,79642.27,4.18536,0.86831,79601.9,79602.0,9.6093,1.0774
1788590284225,1788590284154404,79628.4,79629.7,0.0002,0.04007,167289.02,3423608.72,7290457.83,834468.14,5857035.46,8787050.51,79642.26,79642.27,4.18536,0.86796,79601.9,79602.0,9.6093,1.0774
1788590284469,1788590284418915,79629.1,79629.7,0.0002,0.04007,164609.74,3419791.23,7290619.78,884553.28,5907071.22,8837086.27,79642.26,79642.27,4.18221,0.86796,79601.9,79602.0,9.6093,1.2751
1788590284728,1788590284644218,79629.0,79629.7,0.0002,0.04007,164610.54,3419792.03,7290620.57,884553.28,5907071.22,8837086.27,79642.26,79642.27,4.18221,0.81796,79601.9,79602.0,8.6412,1.2631
1788590284973,1788590284922124,79628.4,79629.7,0.00014,0.03941,165057.21,3391874.87,6937508.33,853432.64,5771791.93,8492389.47,79642.26,79642.27,4.18221,0.81796,79601.9,79602.0,8.6412,1.2631
1788590285219,1788590285174164,79628.1,79629.7,0.00015,0.08941,165009.43,3438506.25,6969304.43,839287.99,5757601.88,8478199.42,79642.26,79642.27,4.18221,0.81796,79601.9,79602.0,8.6412,1.2631
1788590285478,1788590285429638,79628.1,79629.7,0.00015,0.08881,165009.43,3441260.83,7288038.84,836561.43,5862204.22,8801322.01,79642.26,79642.27,4.18221,0.81664,79601.9,79602.0,8.6412,1.2631
1788590285725,1788590285669410,79628.1,79629.7,0.00015,0.08833,165009.43,3441260.83,7288038.84,835726.9,5861369.69,8800487.48,79642.26,79642.27,4.18221,0.81664,79601.9,79602.0,8.6412,1.2631
1788590285970,1788590285808059,79628.1,79629.7,0.00015,0.12223,165009.43,3438506.25,7285284.26,835742.01,5861384.81,8800502.6,79642.26,79642.27,4.18221,0.74575,79601.9,79602.0,8.6412,1.2731
1788590286230,1788590286133604,79628.1,79629.7,0.00015,0.0839,165009.43,3406662.37,7253440.38,800835.91,5829679.6,8768797.38,79642.26,79642.27,4.18221,0.74575,79601.9,79602.0,8.6412,1.2631
1788590286473,1788590286353474,79628.1,79629.7,0.00015,0.0839,165009.43,3441322.57,7288100.58,836223.32,5865067.0,8804184.79,79642.26,79642.27,4.18221,0.7435,79601.9,79602.0,8.6412,1.2631
1788590286718,1788590286673739,79629.4,79629.5,0.0002,0.119,164572.32,3223431.49,7288228.78,892375.03,5762729.39,8861336.75,79642.26,79642.27,4.18221,0.7435,79601.9,79602.0,8.6412,1.2131
1788590286979,1788590286888031,79629.4,79629.5,0.0002,0.73582,164572.32,3223431.49,7288228.78,941492.1,5811846.46,8910453.82,79642.26,79642.27,4.18221,0.7435,79601.9,79602.0,8.6412,1.2131
1788590287226,1788590287187578,79629.4,79629.7,0.0002,0.0839,164572.32,3191587.97,7256385.26,835416.89,5864260.57,8803378.36,79642.26,79642.27,4.18221,0.74123,79601.9,79602.0,9.075,1.2131
1788590287469,1788590287380965,79629.6,79629.7,0.0002,0.0839,164588.26,3228650.76,7293448.04,883397.87,5920197.42,8859315.21,79642.26,79642.27,4.18221,0.75315,79601.9,79602.0,9.075,1.2131
1788590287730,1788590287636084,79628.6,79629.7,0.0002,0.0839,165058.01,3431739.19,7293352.47,881805.22,5918604.77,8857722.56,79642.26,79642.27,4.18221,0.75315,79601.9,79602.0,9.075,1.2131
1788590287975,1788590287826150,79628.6,79629.7,0.0002,0.0839,165058.01,3431739.19,7293352.47,883397.88,5920197.43,8859315.22,79642.26,79642.27,4.18221,0.7708,79601.9,79602.0,9.075,1.2131
1788590288221,1788590288165280,79627.5,79629.7,0.00017,0.0839,165120.11,3615715.8,7293288.77,883397.88,5920197.43,8859315.22,79642.26,79642.27,4.17996,0.7208,79601.9,79602.0,9.075,1.2131
1788590288466,1788590288261829,79627.5,79629.7,0.00017,0.0839,165120.11,3615715.8,7293288.77,884194.18,5920993.74,8860111.52,79642.26,79642.27,4.17996,0.7208,79601.9,79602.0,9.075,1.2131
1788590288729,1788590288527154,79627.5,79629.7,0.00017,0.08335,165120.11,3615544.65,7293117.62,880637.9,5917437.45,8856555.24,79642.26,79642.27,4.17946,0.7208,79601.9,79602.0,9.075,1.2131
1788590288978,1788590288896056,79627.5,79629.7,0.00017,0.08335,165120.11,3615544.65,7293117.62,850256.47,5887056.02,8826173.81,79642.26,79642.27,4.17946,0.59541,79601.9,79602.0,9.075,1.2131
1788590289220,1788590289080065,79627.5,79629.7,0.00017,0.08335,165120.11,3615544.65,7293117.62,905596.4,5942395.96,8881513.74,79642.26,79642.27,4.17946,0.72292,79601.9,79602.0,9.075,1.2144
1788590289469,1788590289404212,79627.5,79629.7,0.00017,0.08335,165120.11,3615544.65,7293117.62,906392.71,5943192.26,8882310.05,79642.26,79642.27,4.17946,0.72292,79601.9,79602.0,9.075,1.2144
1788590289729,1788590289695361,79622.9,79630.1,0.00879,0.03399,387658.51,3969266.93,7359192.8,837520.14,5872700.26,8810236.6,79642.26,79642.27,4.17583,0.54387,79601.9,79602.0,9.075,1.0188
1788590289973,1788590289944491,79629.9,79630.0,0.0002,0.31867,162436.87,2946965.39,7056753.2,200461.78,4026294.91,7984256.61,79644.94,79644.95,7.12439,0.31019,79604.9,79605.0,10.5497,5.5019
1788590290230,1788590290127703,79629.8,79629.9,0.0002,0.26319,162577.82,2839499.39,6949287.2,325864.17,4157138.47,8116658.51,79644.94,79644.95,7.37883,0.34503,79604.9,79605.0,9.5997,5.5039
1788590290475,1788590290436207,79629.8,79629.9,0.0002,0.07422,161877.91,2797546.2,6907334.01,363773.09,4267530.18,8227050.23,79644.94,79644.95,7.09569,0.81986,79604.9,79605.0,7.8703,5.6896
1788590290721,1788590290694198,79629.7,79629.8,0.0002,0.23654,162593.74,2835473.3,6945261.1,445238.35,4362591.12,8322134.27,79644.94,79644.95,7.13794,0.80209,79604.9,79605.0,7.3208,5.6896
1788590290979,1788590290943644,79629.7,79629.8,0.0002,0.14489,162593.74,2838392.71,6948180.51,529310.11,4446662.88,8406206.03,79644.94,79644.95,7.13996,0.78299,79604.9,79605.0,7.3208,5.6896
1788590291223,1788590291193726,79629.7,79629.8,0.0002,0.14485,163293.66,2864184.85,6973972.66,461765.71,4379118.48,8338661.63,79644.94,79644.95,7.16242,0.66188,79604.9,79605.0,7.7432,5.5039
1788590291469,1788590291444537,79629.7,79629.8,0.0002,0.14485,162593.75,2885437.36,6995225.16,464935.13,4382287.9,8341831.05,79644.94,79644.95,7.16249,0.66188,79604.9,79605.0,7.7432,5.5039
1788590291732,1788590291687152,79629.7,79629.8,0.0002,0.13459,162593.74,2853593.14,6963380.95,483010.25,4505048.33,8464591.48,79644.94,79644.95,7.16493,0.80419,79604.9,79605.0,7.7432,5.5021
1788590291974,1788590291840180,79629.7,79629.8,0.0002,0.13459,162593.74,2885437.03,6995224.83,514864.13,4536902.21,8496445.36,79644.94,79644.95,7.16484,0.79296,79604.9,79605.0,7.7432,5.501
1788590292218,1788590292113409,79629.7,79629.8,0.0002,0.13459,162593.74,3109877.05,7219664.86,518766.13,4540804.21,8500347.36,79644.94,79644.95,7.16257,0.81335,79604.9,79605.0,7.7432,5.6859
1788590292476,1788590292369078,79629.7,79629.8,0.0002,0.13459,162593.74,3109877.05,7219664.86,518766.13,4532848.34,8492391.49,79644.94,79644.95,7.16257,0.81335,79604.9,79605.0,7.7432,5.673
1788590292719,1788590292694947,79629.7,79629.8,0.0002,0.13459,162593.74,3109827.69,7219615.49,515660.97,4731910.47,8691453.62,79644.94,79644.95,7.16257,0.88135,79604.9,79605.0,7.7432,5.673
1788590292982,1788590292935574,79629.7,79629.8,0.0002,0.13459,162593.74,3109877.05,7219664.86,513017.94,4729267.44,8688810.59,79644.94,79644.95,7.16572,0.83406,79604.9,79605.0,7.7432,5.4873
1788590293227,1788590293028219,79629.7,79629.8,0.00016,0.13459,162590.55,3107156.61,7216944.42,462436.74,4678686.24,8638229.39,79644.94,79644.95,7.16572,0.83406,79604.9,79605.0,7.7432,5.4858
1788590293473,1788590293391948,79629.7,79629.8,0.00016,0.13459,162590.55,3107156.65,7216944.46,462447.09,4678696.59,8638239.74,79644.94,79644.95,7.16572,0.83406,79604.9,79605.0,7.7432,5.6715
1788590293718,1788590293391948,79629.7,79629.8,0.00016,0.13459,162590.55,3107156.65,7216944.46,462447.09,4678696.59,8638239.74,79644.94,79644.95,7.16565,0.83406,79604.9,79605.0,7.7432,5.6715
1788590293978,1788590293888840,79629.7,79629.8,0.00016,0.13459,162590.55,3107101.73,7216889.53,513080.81,4729330.31,8688873.47,79644.94,79644.95,7.16565,0.83376,79604.9,79605.0,7.7432,5.6715
1788590294226,1788590294159200,79623.4,79629.6,0.06845,0.00627,571659.61,3903814.47,7293183.55,478014.12,4534774.04,8653806.77,79644.94,79644.95,7.16565,1.00246,79604.9,79605.0,7.7432,5.6715
1788590294469,1788590294445802,79629.3,79629.4,0.0002,0.85669,1895.02,2943046.49,6808639.21,837715.38,4473428.64,8791865.66,79644.94,79644.95,5.48575,3.09386,79604.9,79605.0,3.7092,6.731
1788590294728,1788590294693653,79622.2,79628.2,0.04006,0.13001,442385.89,3663064.16,7053910.4,692316.91,4527673.93,8878207.96,79644.94,79644.95,5.48568,3.00608,79604.9,79605.0,3.7092,6.731
1788590294972,1788590294940094,79622.2,79622.3,0.04006,0.069,442198.78,3677593.52,7068439.77,415700.41,2734702.75,8034613.33,79644.94,79644.95,5.48568,3.00608,79604.9,79605.0,3.7092,6.731
1788590295231,1788590295193369,79622.3,79628.0,0.01204,0.07458,438155.97,3677550.53,7067396.13,767871.37,4537760.81,8899129.68,79644.94,79644.95,5.46322,3.00608,79604.9,79605.0,3.7092,6.731
1788590295475,1788590295442010,79622.4,79628.0,0.03951,0.07458,416535.16,3859279.43,7089889.29,767972.5,4537861.94,8899230.81,79644.94,79644.95,5.46322,3.29723,79604.9,79605.0,3.7034,6.7297
1788590295720,1788590295692460,79625.8,79625.9,0.0002,0.68195,11763.87,3176029.73,7049578.43,728937.3,4242317.48,9067958.56,79644.94,79644.95,5.30436,3.29723,79604.9,79605.0,3.7034,6.7296
1788590295979,1788590295941096,79622.3,79625.8,0.0002,0.41396,435259.82,3872096.58,7261942.18,710219.63,4245488.18,9081094.65,79644.94,79644.95,5.30429,3.29723,79604.9,79605.0,3.7034,6.7287
1788590296220,1788590296168332,79626.7,79626.8,0.0002,0.74557,7522.42,3174933.6,7048482.3,786183.71,4599874.14,9157940.14,79644.94,79644.95,5.30204,3.29723,79604.9,79605.0,3.7092,6.7259
1788590296479,1788590296432501,79626.6,79626.7,0.0002,0.37943,8653.04,3176064.21,7049612.92,786734.42,4593203.07,9158490.86,79644.94,79644.95,5.30204,3.29714,79604.9,79605.0,3.7169,6.7234
1788590296721,1788590296688625,79626.6,79626.7,0.0002,0.37943,8653.04,3145220.39,7018769.09,812435.17,4618903.83,9184191.61,79644.94,79644.95,5.30204,3.29714,79604.9,79605.0,3.7169,6.7234
1788590296980,1788590296940335,79626.6,79626.7,0.0002,0.37939,8653.04,3177064.27,7050612.97,780578.23,4618900.76,9184188.54,79644.94,79644.95,5.3763,3.26908,79604.9,79605.0,3.7227,6.7196
1788590297225,1788590297070148,79626.6,79626.7,0.0002,0.37939,8653.03,3177064.26,7050612.96,777936.97,4616259.5,9181547.28,79644.94,79644.95,5.37604,3.26908,79604.9,79605.0,3.7227,6.7184
1788590297473,1788590297369501,79626.6,79626.7,0.0002,0.37935,8653.03,3177064.26,7050612.96,802628.09,4648906.58,9214194.36,79644.94,79644.95,5.37422,3.25684,79604.9,79605.0,3.7227,6.7171
1788590297718,1788590297680415,79621.1,79625.8,0.06207,0.10349,629849.79,3877393.17,6853263.26,814476.53,3442444.32,8212440.35,79644.94,79644.95,5.37399,3.25373,79604.9,79605.0,3.7227,6.7162
1788590297978,1788590297942595,79626.3,79626.4,0.0002,0.11044,24906.88,3178686.01,6138258.69,830121.84,3759143.86,8260820.84,79644.94,79644.95,5.37399,3.26855,79604.9,79605.0,3.7227,6.7168
1788590298223,1788590298190607,79627.7,79627.9,0.0002,0.74754,18749.97,2998708.83,6128938.02,816602.34,3931873.87,8227632.31,79644.94,79644.95,5.37657,0.82471,79604.9,79605.0,3.7227,6.7148
1788590298469,1788590298392360,79627.7,79627.8,0.0002,0.34273,18766.71,2997725.63,6127954.82,853393.2,3956771.69,8252530.13,79644.94,79644.95,5.4064,0.82485,79604.9,79605.0,3.7227,7.2149
1788590298728,1788590298565917,79627.5,79627.6,0.0002,0.12331,18742.8,3166857.4,6127881.55,865432.31,3783108.11,8278266.59,79644.94,79644.95,5.40389,0.82485,79604.9,79605.0,3.7227,7.2129
1788590298975,1788590298863388,79627.2,79627.3,0.0002,0.03744,22756.55,3167094.51,6135329.66,870933.62,3803989.21,8299147.69,79644.94,79644.95,5.4008,0.82487,79604.9,79605.0,3.7227,7.213
1788590299218,1788590299195270,79627.1,79627.2,0.0002,0.01904,22806.71,3172982.38,6135330.46,814331.53,3747387.13,8212836.45,79644.94,79644.95,5.39862,0.82487,79604.9,79605.0,3.7227,7.2107
1788590299480,1788590299269481,79627.1,79627.2,0.0002,0.01904,22806.71,3172982.38,6135330.46,819671.62,3752727.21,8218176.53,79644.94,79644.95,5.39862,0.82487,79604.9,79605.0,3.7227,7.2107
1788590299724,1788590299567970,79627.1,79627.2,0.0002,0.019,22806.71,3172982.38,6135330.46,819668.43,3752724.02,8218173.34,79644.94,79644.95,5.39862,0.82487,79604.9,79605.0,3.7227,7.2098
1788590299967,1788590299567970,79627.1,79627.2,0.0002,0.019,22806.71,3172982.38,6135330.46,819668.43,3752724.02,8218173.34,79644.94,79644.95,5.39862,0.82487,79604.9,79605.0,3.7227,7.2098
1788590300227,1788590300192353,79626.2,79627.2,0.00021,0.08788,27707.23,3161708.31,6121334.1,825949.25,3759004.84,8224454.16,79644.94,79644.95,5.39862,0.82487,79604.9,79605.0,3.7227,7.2111
1788590300468,1788590300432809,79626.2,79627.2,0.00021,0.019,27914.24,3176917.42,6136543.21,751017.55,3684073.14,8149522.46,79644.94,79644.95,5.39862,0.82332,79604.9,79605.0,3.7227,7.2098
1788590300731,1788590300678083,79626.7,79626.8,0.0002,0.3272,28716.81,3177719.99,6137345.78,746439.08,3652488.43,8144944.0,79644.94,79644.95,5.39862,0.82332,79604.9,79605.0,3.7227,7.2098
1788590300976,1788590300792460,79626.7,79626.8,0.0002,0.3272,28716.81,3177719.99,6137345.78,753291.99,3659341.33,8151796.9,79644.94,79644.95,5.39862,0.77332,79604.9,79605.0,3.7227,7.2098
1788590301226,1788590301164351,79626.7,79627.5,0.0002,0.05942,28811.58,3177814.76,6137440.54,678639.76,3610455.43,8105613.9,79644.94,79644.95,5.39862,0.77332,79604.9,79605.0,3.7227,7.2098
1788590301469,1788590301413160,79626.7,79626.8,0.0002,0.70961,28930.21,3177933.39,6137559.17,818011.26,3724060.6,8216516.17,79644.94,79644.95,5.39862,0.77332,79604.9,79605.0,3.7227,7.2098
1788590301727,1788590301639851,79626.7,79626.8,0.0002,0.70957,27739.88,3176743.06,6136368.84,818008.07,3724057.42,8216512.99,79644.94,79644.95,5.39862,0.75125,79604.9,79605.0,3.7227,7.2098
1788590301971,1788590301932208,79626.7,79626.8,0.0002,0.70957,27739.88,3176743.06,6136368.84,818008.07,3737755.0,8230210.57,79644.94,79644.95,5.39669,0.75125,79604.9,79605.0,3.7227,7.2078
1788590302218,1788590302140986,79626.7,79626.8,0.0002,0.70456,29188.95,3178192.13,6137817.92,831305.71,3751052.64,8243508.21,79644.94,79644.95,5.39609,0.75125,79604.9,79605.0,3.7227,7.2055
1788590302479,1788590302272061,79626.7,79626.8,0.0002,0.70456,29188.95,3178192.13,6137817.92,831305.71,3751052.64,8243508.21,79644.94,79644.95,5.39609,0.75125,79604.9,79605.0,3.7227,7.2055
1788590302726,1788590302688149,79626.2,79626.8,0.00021,0.70456,27723.95,3148459.25,6001547.0,830577.89,3750324.81,8242780.38,79644.94,79644.95,5.39609,0.75125,79604.9,79605.0,3.7227,7.2055
1788590302969,1788590302783876,79626.2,79626.3,0.00021,0.37456,29044.04,3149779.34,6002867.08,817345.81,3759725.17,8261402.14,79644.94,79644.95,5.39609,0.75125,79604.9,79605.0,3.7227,7.2055
1788590303231,1788590302986704,79626.2,79626.3,0.00021,0.37456,29044.04,3165749.36,6018837.1,814709.2,3757088.56,8258765.53,79644.94,79644.95,5.3951,1.54568,79604.9,79605.0,3.7227,7.2055
1788590303477,1788590303369749,79626.6,79626.7,0.0002,0.33259,28059.95,3164765.27,6125311.15,843221.25,3755746.4,8255423.75,79644.94,79644.95,5.3951,1.5425,79604.9,79605.0,3.7227,7.2055
1788590303721,1788590303672689,79621.5,79626.7,0.13098,0.33255,601679.65,3865758.76,6841681.96,843218.07,3755743.22,8255420.56,79644.94,79644.95,5.39517,1.53962,79604.9,79605.0,3.7227,7.2055
1788590303967,1788590303882180,79626.2,79627.2,0.0002,0.71048,30330.78,3164697.35,6125243.22,770102.81,3716855.98,8182305.3,79644.94,79644.95,5.39455,1.53962,79604.9,79605.0,3.7227,7.2055
1788590304229,1788590304168015,79627.3,79627.4,0.0002,0.75534,24365.73,3183136.66,6152345.0,773688.59,3720441.76,8215600.24,79644.94,79644.95,5.39455,1.58924,79604.9,79605.0,3.7227,7.2068
1788590304476,1788590304345190,79627.3,79627.4,0.0002,0.70634,24365.73,3183136.66,6152345.0,769786.85,3716540.02,8211698.49,79644.94,79644.95,5.39455,1.58924,79604.9,79605.0,3.7227,7.2068
1788590304721,1788590304345190,79627.3,79627.4,0.0002,0.70634,24365.73,3183136.66,6152345.0,769786.85,3716540.02,8211698.49,79644.94,79644.95,5.39455,1.58924,79604.9,79605.0,3.7227,6.7068
1788590304967,1788590304932641,79627.3,79627.4,0.0002,0.70634,29098.4,3182920.21,6152128.55,753714.32,3700467.49,8195625.96,79644.94,79644.95,5.39455,1.51924,79604.9,79605.0,3.7227,6.7068
1788590305225,1788590305164261,79627.3,79628.0,0.0002,0.67625,29901.79,3183772.96,6152981.3,613166.12,3742577.52,8038335.96,79644.94,79644.95,5.39455,1.68787,79604.9,79605.0,3.7227,6.7068
1788590305470,1788590305441888,79627.8,79627.9,0.0002,0.60339,24782.16,3014180.85,6145383.24,637007.86,3766419.26,8062177.69,79644.94,79644.95,5.39455,1.68787,79604.9,79605.0,3.7227,6.7068
1788590305716,1788590305676205,79626.6,79626.7,0.0002,0.01339,29804.51,3161396.15,6121942.03,616925.56,3529450.71,8029128.06,79644.94,79644.95,5.39455,1.68787,79604.9,79605.0,3.7227,6.7068
1788590305975,1788590305940895,79621.9,79626.0,0.03951,0.62186,575139.51,3893517.64,6369440.62,748112.23,3705496.42,8159433.55,79644.94,79644.95,5.39455,1.68787,79604.9,79605.0,3.7227,6.7068
1788590306221,1788590306191185,79625.8,79626.7,0.0002,0.73443,23405.35,3189142.81,6149688.69,675249.75,3619628.9,8119306.25,79644.94,79644.95,5.39455,1.68787,79604.9,79605.0,3.7227,6.7068
1788590306468,1788590306411581,79625.8,79626.6,0.0002,0.71664,23422.07,3189159.53,7129238.63,720313.64,3664692.79,9145205.9,79644.94,79644.95,5.39455,1.68787,79604.9,79605.0,3.7227,6.7068
1788590306731,1788590306673450,79627.4,79627.8,0.0002,0.65626,17702.26,3184077.31,7125607.87,635856.26,3767072.21,9043666.41,79644.94,79644.95,5.3923,1.49924,79604.9,79605.0,3.7227,6.7068
1788590306974,1788590306822529,79627.4,79627.5,0.0002,0.69904,17597.17,3186732.25,7128262.81,708151.4,3653664.65,9129658.89,79644.94,79644.95,5.3923,1.66794,79604.9,79605.0,3.6223,6.7018
1788590307219,1788590307143742,79627.4,79627.5,0.0002,0.68904,17597.17,3183991.98,7125522.54,707355.13,3652868.38,9128862.62,79644.94,79644.95,5.3923,1.66794,79604.9,79605.0,3.6223,6.7018
1788590307478,1788590307431026,79625.7,79627.4,4e-05,0.73209,31424.45,3186925.98,7150081.4,764349.11,3703146.32,9179140.57,79644.94,79644.95,5.3923,1.66794,79604.9,79605.0,3.6223,6.7018
1788590307720,1788590307647562,79626.1,79626.5,0.0002,0.74616,23671.26,3186941.9,7127021.0,780705.73,3715129.17,9197641.91,79644.94,79644.95,5.38975,1.66785,79604.9,79605.0,3.6223,6.303
1788590307967,1788590307647562,79626.1,79626.5,0.0002,0.74616,23671.26,3186941.9,7127021.0,780705.73,3715129.17,9197641.91,79644.94,79644.95,5.38975,1.66785,79604.9,79605.0,3.6223,6.303
1788590308229,1788590308194115,79625.7,79628.0,4e-05,0.67625,29861.51,3185363.04,7148518.46,547774.84,3669230.28,8945824.48,79644.94,79644.95,5.38975,1.66785,79604.9,79605.0,3.6223,6.303
1788590308476,1788590308439649,79622.0,79626.9,0.02789,0.72907,452235.17,3851302.63,7306758.84,628045.8,3539836.77,9013128.1,79644.94,79644.95,5.38975,1.66785,79604.9,79605.0,3.6223,6.303
1788590308720,1788590308646194,79626.7,79627.6,0.0002,0.73861,23570.97,3186841.29,7126920.39,630698.57,3568255.87,9044250.11,79644.94,79644.95,5.38975,1.49896,79604.9,79605.0,3.6223,6.303
1788590308977,1788590308943806,79629.1,79629.2,0.0002,0.172,17371.92,2973331.04,7102881.37,485559.12,3591248.52,8824910.87,79644.94,79644.95,5.38975,1.49883,79604.9,79605.0,3.6223,6.304
1788590309222,1788590309183708,79627.4,79629.2,0.00019,0.172,16301.75,3174731.6,7116262.16,518802.31,3624481.35,8858143.7,79644.94,79644.95,5.38975,1.49883,79604.9,79605.0,3.6223,6.304
1788590309480,1788590309402822,79625.8,79629.2,0.00021,0.172,21985.73,3185247.36,7125326.46,563985.5,3669664.54,8903326.89,79644.94,79644.95,5.38975,1.49883,79604.9,79605.0,3.6223,6.304
1788590309725,1788590309694049,79625.8,79628.8,0.00021,0.01,21985.73,3187905.16,7127984.26,553749.57,3663375.36,8928955.37,79644.94,79644.95,5.38975,1.99336,79604.9,79605.0,3.6223,6.304
1788590309969,1788590309880155,79625.8,79628.8,0.00021,0.01,23483.44,3186745.39,7126824.49,528737.81,3638363.6,8903943.61,79644.94,79644.95,5.38975,1.99336,79604.9,79605.0,3.6223,6.304
1788590310231,1788590310157529,79625.8,79628.8,0.00021,0.01,23483.44,3186745.39,7126824.49,525960.25,3635586.04,8901166.06,79644.94,79644.95,5.38975,1.99336,79604.9,79605.0,3.6223,6.304
1788590310474,1788590310287946,79625.8,79628.8,0.00021,0.01,23483.43,3141706.42,7081785.52,528625.52,3509790.72,8775370.73,79644.94,79644.95,5.38975,1.99336,79604.9,79605.0,3.6223,6.304
1788590310720,1788590310685629,79625.8,79628.8,0.00021,0.00999,23483.43,3144364.69,7084443.79,528624.76,3509789.95,8775369.97,79644.94,79644.95,5.38975,1.99336,79604.9,79605.0,3.6223,6.304
1788590310982,1788590310942216,79629.0,79629.2,0.0002,0.172,16595.58,2963362.45,7092912.77,536196.53,3647683.26,8881166.27,79644.94,79644.95,5.38975,2.11206,79604.9,79605.0,3.6223,6.304
1788590311228,1788590311159769,79627.9,79628.0,0.00021,0.119,17845.65,2982878.64,7093614.25,458729.24,3585982.01,8862396.88,79644.94,79644.95,5.41221,1.94336,79604.9,79605.0,5.7301,6.2725
1788590311474,1788590311422166,79627.9,79628.0,0.00021,0.119,22180.26,2963159.75,7073895.36,419207.13,3510170.27,8786585.13,79644.94,79644.95,5.41214,1.93523,79604.9,79605.0,5.7301,5.4956
1788590311717,1788590311607783,79627.9,79628.0,0.00021,0.11589,20782.81,2978354.2,7089089.81,498246.35,3589209.49,8865624.36,79644.94,79644.95,5.41207,1.93548,79604.9,79605.0,5.7301,5.4956
1788590311978,1788590311942320,79627.9,79628.0,0.0002,0.11589,19867.98,2987088.67,7097824.28,440218.81,3538435.48,8814850.35,79644.94,79644.95,5.41207,1.93548,79604.9,79605.0,5.7301,5.4956
1788590312222,1788590312181486,79627.9,79628.0,0.0002,0.11589,19988.22,2984457.49,7095193.1,375690.75,3473907.42,8750322.29,79644.94,79644.95,5.41214,1.93548,79604.9,79605.0,5.7301,5.4956
1788590312472,1788590312432598,79627.9,79628.0,0.0002,0.11589,20238.25,2984707.52,7095443.13,375690.75,3473917.78,8750332.64,79644.94,79644.95,5.41228,2.08731,79604.9,79605.0,5.7301,5.4956
1788590312719,1788590312693022,79627.9,79628.0,0.0002,0.11589,18575.69,2980386.7,7091122.31,428937.83,3531146.84,8807561.7,79644.94,79644.95,5.41228,2.08731,79604.9,79605.0,5.7301,5.4956
1788590312966,1788590312933722,79627.9,79628.0,0.0002,0.11589,18575.69,2985692.05,7096427.66,437026.88,3539235.89,8815650.75,79644.94,79644.95,5.41228,2.08594,79604.9,79605.0,5.7301,5.4956
1788590313226,1788590313191738,79623.3,79628.0,0.00235,0.11589,424664.44,3599309.55,7161747.06,511813.94,3614022.95,8890437.82,79644.94,79644.95,5.41228,2.08594,79604.9,79605.0,5.7301,5.3459
1788590313472,1788590313401356,79623.4,79628.0,0.00024,0.11589,409364.76,3624279.8,7186717.31,479960.06,3582169.07,8858583.94,79644.94,79644.95,5.41228,2.08594,79604.9,79605.0,5.7301,5.3459
1788590313732,1788590313530642,79623.4,79628.0,0.00024,0.11589,409364.76,3656123.52,7218561.03,511813.78,3614022.79,8890437.66,79644.94,79644.95,5.41228,2.08566,79604.9,79605.0,5.7301,5.3459
1788590313978,1788590313944778,79626.8,79628.0,0.01,0.11589,23105.46,3216993.93,7161848.24,429453.66,3531662.67,8808077.54,79644.94,79644.95,5.43221,1.94086,79604.9,79605.0,5.7301,5.3446
1788590314221,1788590314113436,79624.1,79628.0,2.00189,0.11589,569605.04,3776992.55,7375574.31,430736.56,3531945.32,8808360.18,79644.94,79644.95,5.43221,1.94086,79604.9,79605.0,5.7301,5.3446
1788590314481,1788590314418884,79624.1,79628.0,2.00189,0.11589,569605.04,3776992.56,7375574.31,430746.91,3531955.67,8808370.54,79644.94,79644.95,5.43221,1.94086,79604.9,79605.0,5.7301,5.3459
1788590314729,1788590314694661,79624.1,79628.0,2.00189,0.11589,569605.04,3776992.72,7375574.47,515357.19,3617566.2,8893981.07,79644.94,79644.95,5.43347,2.03569,79604.9,79605.0,5.7301,5.3459
1788590314976,1788590314925088,79624.1,79628.0,2.00189,0.11589,569605.04,3776992.72,7375574.47,503272.96,3619099.91,8895514.77,79644.94,79644.95,5.4334,1.84189,79604.9,79605.0,5.7301,5.3459
1788590315221,1788590315157660,79624.1,79628.0,2.00189,0.11589,569605.04,3776992.72,7375574.47,503972.94,3619799.9,8896214.76,79644.94,79644.95,5.43354,1.84189,79604.9,79605.0,5.7301,5.3459
1788590315480,1788590315291062,79624.1,79628.0,2.00189,0.11589,569605.04,3776992.71,7375574.47,503972.95,3619799.91,8896214.77,79644.94,79644.95,5.43347,2.03118,79604.9,79605.0,5.7301,5.3459
1788590315727,1788590315589408,79624.1,79628.0,2.00189,0.11589,569605.04,3782412.73,7380994.49,506618.32,3622445.27,8898860.13,79644.94,79644.95,5.43347,2.03118,79604.9,79605.0,5.7301,5.3459
1788590315970,1788590315727830,79624.1,79628.0,2.00189,0.11589,569605.04,3782412.73,7380994.49,531619.5,3647446.46,8923861.32,79644.94,79644.95,5.43347,2.03118,79604.9,79605.0,5.7301,5.3459
1788590316229,1788590316158322,79624.1,79628.0,2.00189,0.11589,569605.04,3782412.73,7380994.49,472010.58,3587837.53,8864252.39,79644.94,79644.95,5.43347,2.03121,79604.9,79605.0,5.7301,5.3459
1788590316476,1788590316398019,79622.6,79628.0,0.03947,0.11589,445694.74,3819077.29,7222755.59,529051.04,3644877.99,8921292.85,79644.94,79644.95,5.43347,2.03121,79604.9,79605.0,5.7301,5.3459
1788590316722,1788590316580631,79622.6,79628.0,0.03947,0.11589,445694.74,3819077.29,7222755.59,526405.67,3642232.63,8918647.49,79644.94,79644.95,5.43321,2.03121,79604.9,79605.0,5.7301,5.4459
1788590316982,1788590316788534,79622.6,79628.0,0.03947,0.11589,445694.74,3816442.13,7220120.43,529069.35,3644896.31,8921311.17,79644.94,79644.95,5.43321,1.9942,79604.9,79605.0,5.8305,5.4459
1788590317225,1788590317133556,79622.6,79628.0,0.03947,0.11589,445694.74,3816442.13,7220120.43,529069.35,3644896.31,8921311.17,79644.94,79644.95,5.41082,1.9942,79604.9,79605.0,5.8305,5.4459
1788590317471,1788590317400998,79622.6,79628.0,0.03947,0.11589,443371.36,3819130.98,7222809.28,529069.36,3637642.78,8914057.64,79644.94,79644.95,5.41075,1.9942,79604.9,79605.0,5.7843,5.4459
1788590317717,1788590317682394,79622.5,79628.0,0.00052,0.11589,440228.66,3926635.54,7222855.71,472095.76,3580669.18,8857084.04,79644.94,79644.95,5.40975,1.96023,79604.9,79605.0,5.7843,5.4459
1788590317980,1788590317772358,79622.5,79628.0,0.00052,0.11589,440228.66,3926588.57,7222808.74,528413.16,3636986.58,8913401.44,79644.94,79644.95,5.40975,1.96023,79604.9,79605.0,5.7708,5.944
1788590318225,1788590318165920,79622.6,79628.0,0.03947,0.11589,443371.36,3819130.98,7222809.28,472095.76,3580669.18,8857084.04,79644.94,79644.95,5.40975,1.96023,79604.9,79605.0,5.7708,5.9453
1788590318469,1788590318432131,79622.6,79628.0,0.03947,0.11469,443371.36,3819130.98,7222809.28,440146.33,3548719.75,8825134.61,79644.94,79644.95,5.40975,1.96023,79604.9,79605.0,5.7708,5.944
1788590318729,1788590318636222,79622.6,79628.0,0.03947,0.11465,443371.36,3819130.98,7222809.28,458390.36,3553345.83,8829760.7,79644.94,79644.95,5.40975,1.96023,79604.9,79605.0,5.7843,5.944
1788590318975,1788590318750474,79622.6,79628.0,0.03947,0.11465,443371.36,3819130.98,7222809.28,458390.36,3553345.83,8829760.7,79644.94,79644.95,5.40975,1.96023,79604.9,79605.0,5.7843,5.9453
1788590319220,1788590318750474,79622.6,79628.0,0.03947,0.11465,443371.36,3819130.98,7222809.28,458390.36,3553345.83,8829760.7,79644.94,79644.95,5.40975,1.96023,79604.9,79605.0,5.7843,5.9453
1788590319477,1788590319368001,79622.9,79628.0,0.00052,0.11465,423258.28,3659740.11,7222734.42,518044.57,3613000.05,8889414.91,79644.94,79644.95,5.40975,1.96016,79604.9,79605.0,5.7843,5.9453
1788590319725,1788590319659026,79622.9,79628.0,0.00052,0.11465,423258.28,3659740.11,7222734.42,486190.77,3613001.25,8889416.11,79644.94,79644.95,5.40975,1.91016,79604.9,79605.0,5.7905,5.9453
1788590319968,1788590319926750,79625.2,79628.0,0.01,0.11465,32249.4,3424596.15,7222371.7,399945.13,3526755.6,8803170.46,79644.94,79644.95,5.43019,1.75947,79604.9,79605.0,5.7957,5.944
1788590320229,1788590320190863,79625.2,79628.0,0.00372,0.11465,31749.35,3424096.1,7221871.65,344450.21,3471260.69,8747675.55,79644.94,79644.95,5.42971,1.88477,79604.9,79605.0,5.7957,5.9453
1788590320471,1788590320388376,79622.9,79628.0,0.00052,0.11465,423258.29,3659694.74,7222689.06,450456.07,3577266.55,8853681.41,79644.94,79644.95,5.42936,1.75947,79604.9,79605.0,5.7957,5.943
1788590320730,1788590320625674,79622.9,79628.0,0.00052,0.11465,423258.29,3659694.74,7222689.06,476157.25,3602967.72,8879382.59,79644.94,79644.95,5.42936,1.75938,79604.9,79605.0,5.7957,5.943
1788590320966,1788590320744368,79622.9,79628.0,0.00052,0.11465,423258.28,3659694.73,7222689.05,476157.25,3602967.72,8879382.59,79644.94,79644.95,5.42809,1.89992,79604.9,79605.0,5.7957,5.9443
1788590321227,1788590321183278,79622.9,79628.0,0.00052,0.11465,423258.28,3654274.71,7217269.03,473493.57,3600304.04,8876718.91,79644.94,79644.95,5.43011,1.89924,79604.9,79605.0,5.7957,5.9443
1788590321472,1788590321388629,79622.9,79628.0,0.00052,0.11461,423258.28,3656985.53,7219979.85,507987.72,3602943.2,8879358.06,79644.94,79644.95,5.42999,1.89924,79604.9,79605.0,5.7957,5.9443
1788590321718,1788590321696442,79622.9,79628.0,0.00052,0.2402,423258.28,3656985.53,7219979.85,516065.22,3611020.69,8887435.56,79644.94,79644.95,5.42109,1.89899,79604.9,79605.0,5.7957,5.9443
1788590321977,1788590321945065,79622.6,79628.0,0.00056,0.10958,445617.5,3816313.15,7219991.46,505148.02,3607357.09,8883771.95,79644.94,79644.95,5.42109,1.89899,79604.9,79605.0,5.7957,5.9394
1788590322225,1788590322146238,79622.6,79628.0,0.00056,0.10958,445617.5,3816313.15,7219991.46,505148.03,3607357.1,8883771.96,79644.94,79644.95,5.42109,1.89899,79604.9,79605.0,5.7957,5.9404
1788590322467,1788590322437244,79622.6,79628.0,0.00056,0.10958,444025.15,3814720.8,7218399.1,502759.06,3604968.13,8881382.99,79644.94,79644.95,5.42109,1.89899,79604.9,79605.0,5.7822,5.9404
1788590322727,1788590322662065,79622.6,79628.0,0.00056,0.10958,445617.46,3816313.11,7219991.41,419022.68,3521231.75,8797646.61,79644.94,79644.95,5.40854,1.89899,79604.9,79605.0,5.7822,5.9404
1788590322975,1788590322932249,79623.1,79628.0,0.0006,0.10958,425595.95,3657000.28,7219437.8,450876.56,3553085.63,8829500.49,79644.94,79644.95,5.40854,1.84899,79604.9,79605.0,4.5506,1.6764
1788590323219,1788590323192702,79624.5,79628.0,0.05442,0.10958,346773.63,3761256.86,7359838.62,131148.31,3240862.29,8517277.16,79644.94,79644.95,5.40645,1.70828,79604.9,79605.0,6.6569,0.9513
1788590323480,1788590323403908,79625.2,79628.0,0.05442,0.10958,197000.4,3579173.26,7376948.81,214333.58,3340553.31,8616968.18,79644.94,79644.95,5.41286,1.70835,79604.9,79605.0,6.6569,0.9513
1788590323726,1788590323675933,79625.1,79628.0,0.01,0.10958,356228.33,3579016.31,7376791.86,258703.76,3384913.14,8661328.0,79644.94,79644.95,5.41286,1.70835,79604.9,79605.0,6.655,1.4199
1788590323970,1788590323825431,79625.1,79628.0,0.01,0.10958,356228.33,3576358.85,7374134.4,232717.29,3358926.67,8635341.53,79644.94,79644.95,5.41286,1.70835,79604.9,79605.0,6.6786,1.4199
1788590324226,1788590324189875,79625.1,79628.0,0.01,0.10958,356228.34,3576358.86,7374134.41,232717.29,3386103.91,8662518.78,79644.94,79644.95,5.41488,1.84901,79604.9,79605.0,6.6472,1.4212
1788590324472,1788590324427429,79625.1,79628.0,0.01,0.10958,356228.34,3581698.54,7379474.09,245543.92,3405643.08,8682057.94,79644.94,79644.95,5.41488,1.8497,79604.9,79605.0,6.6472,0.8686
1788590324730,1788590324605618,79625.3,79628.0,0.01,0.10958,196843.46,3581698.57,7347426.79,271013.42,3431112.58,8707527.44,79644.94,79644.95,5.41488,1.8497,79604.9,79605.0,6.6472,0.9552
1788590324977,1788590324938240,79625.3,79628.0,0.01,0.10958,196843.46,3581698.57,7347426.79,196464.09,3356563.25,8632978.11,79644.94,79644.95,5.41488,1.7997,79604.9,79605.0,6.6472,0.9552
1788590325221,1788590325193951,79625.3,79628.0,0.01,0.23517,196843.46,3581698.57,7347426.79,206464.57,3366563.73,8642978.6,79644.94,79644.95,6.60214,1.7997,79604.9,79605.0,6.6472,1.1847
1788590325481,1788590325435540,79625.3,79628.0,0.01,0.10958,196843.46,3581698.57,7347426.79,219777.93,3379877.09,8656291.96,79644.94,79644.95,6.60214,1.7986,79604.9,79605.0,6.6472,1.1886
1788590325729,1788590325458009,79624.1,79628.0,2.00189,0.10958,574076.53,3780096.11,7378677.87,219777.93,3379877.09,8656291.96,79644.94,79644.95,6.60214,1.7986,79604.9,79605.0,6.6472,1.1906
1788590325973,1788590325893607,79624.1,79628.0,2.00189,0.10958,574076.53,3780096.19,7378677.95,219788.28,3379887.45,8656302.31,79644.94,79644.95,6.60214,1.7986,79604.9,79605.0,6.6472,1.1886
1788590326216,1788590326073318,79624.1,79628.0,2.00189,0.10958,574076.53,3780096.2,7378677.95,219788.28,3379887.45,8656302.31,79644.94,79644.95,6.60214,1.7986,79604.9,79605.0,6.6472,1.1886
1788590326478,1788590326409289,79625.2,79628.0,0.01,0.10958,198842.67,3581697.88,7379473.44,144635.7,3304734.86,8581149.72,79644.94,79644.95,6.57968,1.7986,79604.9,79605.0,6.6472,1.1899
1788590326722,1788590326567931,79624.1,79628.0,2.00189,0.10958,574075.76,3780095.43,7378677.18,227767.68,3387866.84,8664281.7,79644.94,79644.95,6.57968,1.7986,79604.9,79605.0,6.6472,1.1357
1788590326967,1788590326896113,79624.1,79628.0,2.00189,0.10954,574160.07,3774841.66,7373423.41,243541.7,3389790.22,8666205.09,79644.94,79644.95,6.57968,1.7586,79604.9,79605.0,6.6472,1.1344
1788590327229,1788590327144191,79625.3,79628.0,0.01,0.10954,198926.98,3576444.11,7342172.34,297574.64,3443823.16,8720238.02,79644.94,79644.95,6.57968,1.7586,79604.9,79605.0,6.6472,1.1344
1788590327475,1788590327441366,79625.3,79628.0,0.01,0.1095,198926.98,3576444.11,7342172.34,296331.53,3437206.68,8713621.55,79644.94,79644.95,6.57968,1.7586,79604.9,79605.0,6.6472,1.1344
1788590327719,1788590327642195,79625.3,79628.0,0.01,0.1095,198926.98,3576444.11,7342172.34,242288.24,3383163.4,8659578.26,79644.94,79644.95,6.57968,1.75849,79604.9,79605.0,6.6472,1.3701
1788590327980,1788590327825534,79625.3,79628.0,0.01,0.1095,198926.98,3576444.11,7342172.34,207144.99,3348020.15,8624435.01,79644.94,79644.95,6.60468,1.7475,79604.9,79605.0,6.6472,0.9487
1788590328223,1788590328092535,79625.3,79628.0,0.01,0.1095,198926.98,3576444.11,7342172.34,207155.36,3348030.51,8624445.38,79644.94,79644.95,6.60468,1.7475,79604.9,79605.0,6.6472,0.9487
1788590328471,1788590328404211,79625.3,79628.0,0.01,0.1095,198926.98,3576444.11,7342172.34,216997.49,3357872.65,8634287.51,79644.94,79644.95,6.60719,1.74757,79604.9,79605.0,6.6472,0.9487
1788590328717,1788590328685914,79624.1,79628.0,2.00189,0.1095,574160.08,3774841.66,7373423.42,292625.84,3433501.0,8709915.86,79644.94,79644.95,6.60626,1.94906,79604.9,79605.0,6.6472,0.95
1788590328977,1788590328685914,79624.1,79628.0,2.00189,0.1095,574160.08,3774841.66,7373423.42,292625.84,3433501.0,8709915.86,79644.94,79644.95,6.60626,1.9492,79604.9,79605.0,6.6472,1.3316
1788590329219,1788590329173203,79624.1,79628.0,2.00189,0.1095,574160.08,3774841.66,7373421.16,447265.44,3588140.59,8864555.46,79644.94,79644.95,6.60626,1.94695,79604.9,79605.0,6.6472,1.3316
1788590329480,1788590329173203,79624.1,79628.0,2.00189,0.1095,574160.08,3774841.66,7373421.16,447265.44,3588140.59,8864555.46,79644.94,79644.95,6.60626,1.94695,79604.9,79605.0,6.6472,0.9487
1788590329726,1788590329658984,79624.1,79628.0,2.00189,0.1095,574160.09,3774841.67,7373421.17,447265.44,3588140.59,8864555.46,79644.94,79644.95,6.60626,1.89695,79604.9,79605.0,6.6472,0.9487
1788590329968,1788590329708587,79624.1,79628.0,2.00189,0.10946,574160.09,3774841.67,7373421.17,447262.25,3588137.41,8864552.27,79644.94,79644.95,6.60626,1.89695,79604.9,79605.0,6.6472,1.1364
1788590330227,1788590329708587,79624.1,79628.0,2.00189,0.10946,574160.09,3774841.67,7373421.17,447262.25,3588137.41,8864552.27,79644.94,79644.95,6.60626,1.85029,79604.9,79605.0,6.6472,1.1331
1788590330470,1788590330349936,79624.1,79628.0,2.00189,0.10946,574160.09,3774841.67,7373421.17,407903.89,3548779.04,8825193.91,79644.94,79644.95,6.60626,1.81561,79604.9,79605.0,6.6472,1.3682
1788590330717,1788590330650161,79625.2,79628.0,0.01,0.10946,198927.0,3576444.13,7374217.42,463945.19,3604820.34,8881235.21,79644.94,79644.95,6.60626,1.81561,79604.9,79605.0,6.6472,1.3715
1788590330976,1788590330650161,79625.2,79628.0,0.01,0.10946,198927.0,3576444.13,7374217.42,463945.19,3604820.34,8881235.21,79644.94,79644.95,6.5974,1.76547,79604.9,79605.0,6.6472,1.3715
1788590331222,1788590330650161,79625.2,79628.0,0.01,0.10946,198927.0,3576444.13,7374217.42,463945.19,3604820.34,8881235.21,79644.94,79644.95,6.59747,1.76547,79604.9,79605.0,6.6472,1.3682
1788590331466,1788590331275541,79624.1,79628.0,1.92894,0.10945,568351.51,3769033.09,7367612.59,463944.39,3604819.55,8881234.41,79644.94,79644.95,6.59522,1.76547,79604.9,79605.0,6.6472,1.3695
1788590331729,1788590331669782,79624.1,79628.0,1.92894,0.10941,568351.51,3769033.09,7367612.59,463941.18,3604816.33,8881231.2,79644.94,79644.95,6.59522,1.76511,79604.9,79605.0,6.6472,1.3695
1788590331975,1788590331857619,79624.1,79628.0,1.92894,0.10941,568351.51,3774446.04,7373025.54,461295.71,3602170.87,8878585.73,79644.94,79644.95,6.59522,1.76511,79604.9,79605.0,6.6472,1.3695
1788590332217,1788590332188119,79624.1,79628.0,1.92894,0.10937,568351.51,3771733.62,7370313.12,405258.38,3553387.21,8829802.08,79644.94,79644.95,6.59522,1.76504,79604.9,79605.0,6.5806,1.3715
1788590332478,1788590332368202,79624.1,79628.0,1.92894,0.10937,568351.52,3774520.91,7373100.41,405258.38,3553387.21,8829802.08,79644.94,79644.95,6.59522,1.76184,79604.9,79605.0,6.5806,1.3695
1788590332725,1788590332631902,79624.1,79628.0,1.92894,0.10937,568351.52,3766320.68,7364900.18,405258.38,3553387.21,8829802.08,79644.94,79644.95,6.59541,1.76184,79604.9,79605.0,6.5806,1.3695
1788590332969,1788590332877155,79624.1,79628.0,1.92894,0.10937,568351.52,3766320.68,7364900.18,463905.11,3612033.94,8888448.8,79644.94,79644.95,6.61787,1.72184,79604.9,79605.0,6.5806,1.3695
1788590333227,1788590333158923,79624.1,79628.0,1.92884,0.10937,568343.55,3766312.72,7364892.22,463905.11,3612033.94,8888448.8,79644.94,79644.95,6.61787,1.72184,79604.9,79605.0,6.5806,1.3695
1788590333469,1788590333158923,79624.1,79628.0,1.92884,0.10937,568343.55,3766312.72,7364892.22,463905.11,3612033.94,8888448.8,79644.94,79644.95,6.61696,1.72184,79604.9,79605.0,6.5806,1.3672
1788590333731,1788590333684075,79624.1,79628.0,1.92884,0.10933,568343.55,3766312.72,7364892.22,413264.41,3561393.25,8837808.11,79644.94,79644.95,6.61696,1.71923,79604.9,79605.0,6.5806,1.3685
1788590333977,1788590333870695,79624.1,79628.0,1.92884,0.10933,568343.55,3766312.72,7364892.22,413303.27,3561432.11,8837846.97,79644.94,79644.95,6.61696,1.71923,79604.9,79605.0,6.5806,1.3685
1788590334222,1788590334168253,79624.1,79628.0,1.92884,0.10933,568343.55,3771678.63,7370258.13,413303.27,3561432.11,8837846.97,79644.94,79644.95,6.61696,1.71696,79604.9,79605.0,6.5806,1.3673
1788590334468,1788590334369961,79624.1,79628.0,1.92884,0.10933,568392.92,3771678.63,7370258.13,413303.27,3561432.11,8837846.97,79644.94,79644.95,6.61696,1.71766,79604.9,79605.0,6.5806,1.3673
1788590334730,1788590334652646,79624.1,79628.0,1.92884,0.10933,568392.96,3771678.67,7370258.17,390847.16,3538976.0,8815390.86,79644.94,79644.95,6.61655,1.67905,79604.9,79605.0,6.5806,1.3693
1788590334973,1788590334910663,79624.1,79628.0,1.92256,0.10933,567892.92,3771178.63,7369758.13,419750.2,3567879.04,8844293.9,79644.94,79644.95,6.61655,1.67905,79604.9,79605.0,6.5806,1.3693
1788590335219,1788590335100049,79624.1,79628.0,1.92256,0.10933,567892.92,3771178.63,7369758.13,467734.06,3586738.34,8863153.21,79644.94,79644.95,6.61655,1.67905,79604.9,79605.0,6.5806,1.3703
1788590335476,1788590335442364,79624.1,79628.0,1.92256,0.10804,567892.92,3771178.63,7369758.13,439273.64,3558277.92,8834692.79,79644.94,79644.95,6.61655,1.63905,79604.9,79605.0,6.5806,1.3696
1788590335722,1788590335696035,79624.1,79628.0,1.92256,0.10804,567892.92,3773840.09,7372419.59,445923.64,3670064.47,8946479.34,79644.94,79644.95,6.61422,1.63836,79604.9,79605.0,6.5806,1.3683
1788590335981,1788590335906180,79624.1,79628.0,1.92256,0.108,567892.92,3773840.09,7372419.59,442018.55,3666159.38,8942574.25,79644.94,79644.95,6.61195,1.63905,79604.9,79605.0,6.5806,1.3683
1788590336226,1788590336148558,79624.1,79628.0,1.92256,0.108,567892.92,3773897.41,7372476.91,461526.7,3685667.53,8949630.07,79644.94,79644.95,6.61195,1.63906,79604.9,79605.0,6.5806,1.3683
1788590336470,1788590336324700,79624.1,79628.0,1.92256,0.10796,567892.91,3773897.4,7372476.9,461523.51,3685664.35,8949626.89,79644.94,79644.95,6.61195,1.63906,79604.9,79605.0,6.5806,1.3703
1788590336730,1788590336558773,79624.1,79628.0,1.92256,0.10796,567892.91,3773897.4,7372476.9,460469.18,3684610.01,8961024.5,79644.94,79644.95,6.61195,1.63836,79604.9,79605.0,6.5806,1.3803
1788590336976,1788590336792393,79624.1,79628.0,1.92256,0.10796,567892.91,3773897.4,7372476.9,457280.06,3681420.89,8957835.38,79644.94,79644.95,6.61202,1.59781,79604.9,79605.0,6.5806,1.1817
1788590337221,1788590337001940,79624.1,79628.0,1.92256,0.10796,567892.91,3773897.4,7372476.9,457269.71,3681410.54,8957825.03,79644.94,79644.95,6.61188,1.59626,79604.9,79605.0,6.5806,1.2683
1788590337481,1788590337426185,79624.1,79628.0,1.92256,0.10796,567892.91,3761281.55,7359861.05,410994.05,3635134.88,8911549.37,79644.94,79644.95,6.61188,1.59556,79604.9,79605.0,6.5806,1.2696
1788590337724,1788590337480209,79624.1,79628.0,1.92256,0.10796,567892.91,3761281.55,7359861.05,413722.3,3637863.13,8914277.62,79644.94,79644.95,6.61173,1.55981,79604.9,79605.0,6.5806,1.2696
1788590337969,1788590337480209,79624.1,79628.0,1.92256,0.10796,567892.91,3761281.55,7359861.05,413722.3,3637863.13,8914277.62,79644.94,79644.95,6.59917,1.55981,79604.9,79605.0,6.5806,1.2696
1788590338230,1788590337480209,79624.1,79628.0,1.92256,0.10796,567892.91,3761281.55,7359861.05,413722.3,3637863.13,8914277.62,79644.94,79644.95,6.59917,1.55981,79604.9,79605.0,6.5806,1.2696
1788590338476,1788590338433617,79624.1,79628.0,1.92256,0.10792,567892.91,3761281.55,7359861.05,413719.11,3637859.95,8914274.43,79644.94,79644.95,6.59917,1.31927,79604.9,79605.0,6.5806,1.2683
1788590338722,1788590338694511,79624.1,79628.0,1.92256,0.10792,567892.94,3761281.58,7359861.08,412719.71,3634980.32,8911394.81,79644.94,79644.95,6.59916,1.31927,79604.9,79605.0,6.5806,1.2683
1788590338969,1788590338856469,79624.1,79628.0,1.92256,0.10792,567892.95,3761281.59,7359861.09,466937.72,3691077.78,8967492.27,79644.94,79644.95,6.59916,1.2674,79604.9,79605.0,6.5806,1.2683
1788590339230,1788590339189137,79624.1,79628.0,1.92256,0.10792,567892.96,3761281.6,7359861.1,461548.9,3685688.96,8962103.45,79644.94,79644.95,6.59916,1.2674,79604.9,79605.0,6.5806,1.2683
1788590339475,1788590339345413,79624.1,79628.0,1.92256,0.10792,567892.96,3761281.6,7359861.1,408330.3,3632470.36,8908884.85,79644.94,79644.95,6.59916,1.26726,79604.9,79605.0,6.5806,1.1189
1788590339722,1788590339583958,79624.1,79628.0,1.92256,0.10792,567892.96,3761281.6,7359861.1,413762.84,3637902.91,8914317.4,79644.94,79644.95,6.59916,1.26726,79604.9,79605.0,6.5806,1.2055
1788590339968,1788590339915302,79624.1,79628.0,1.92256,0.10792,567892.96,3761281.6,7359861.1,467471.78,3691611.84,8968026.33,79644.94,79644.95,6.57827,1.2643,79604.9,79605.0,6.5806,1.2042
1788590340229,1788590340194707,79624.1,79628.0,1.92256,0.10792,567892.96,3761281.6,7359861.1,467471.78,3684358.16,8960772.65,79644.94,79644.95,6.57827,1.2643,79604.9,79605.0,6.5806,1.2042
1788590340474,1788590340221192,79624.1,79628.0,1.92256,0.10792,567892.96,3761281.6,7359861.1,467471.78,3684358.16,8960772.65,79644.94,79644.95,6.57827,1.26413,79604.9,79605.0,6.5806,1.2055
1788590340719,1788590340686317,79624.1,79628.0,1.92256,0.10791,567892.97,3761281.61,7359861.11,322472.5,3539369.24,8815783.73,79644.94,79644.95,6.57827,1.26142,79604.9,79605.0,6.372,0.7834
1788590340979,1788590340932530,79624.1,79628.0,1.92256,0.1085,567892.97,3761281.61,7359861.11,439713.6,3656610.34,8933024.83,79644.94,79644.95,6.57827,1.21292,79604.9,79605.0,6.2378,1.1683
1788590341223,1788590341193607,79624.1,79628.0,1.92256,0.1085,567892.97,3761281.61,7359861.11,440413.59,3657310.33,8933724.81,79644.94,79644.95,6.57827,1.21142,79604.9,79605.0,6.2378,0.9822
1788590341469,1788590341278700,79624.1,79628.0,1.92256,0.1085,567892.96,3761281.6,7359861.1,465414.78,3682301.16,8958715.65,79644.94,79644.95,6.57507,1.20917,79604.9,79605.0,6.2378,0.9822
1788590341731,1788590341278700,79624.1,79628.0,1.92256,0.1085,567892.96,3761281.6,7359861.1,465414.78,3682301.16,8958715.65,79644.94,79644.95,6.57507,1.20917,79604.9,79605.0,6.2378,0.9822
1788590341983,1788590341829276,79624.1,79628.0,1.92256,0.1085,567892.96,3763966.97,7362546.47,470845.05,3687731.43,8964145.92,79644.94,79644.95,6.5728,1.20916,79604.9,79605.0,6.2378,0.9822
1788590342226,1788590342099964,79624.1,79628.0,1.92256,0.10531,567892.96,3771922.31,7370501.8,470591.03,3695432.87,8971847.36,79644.94,79644.95,6.5728,1.20916,79604.9,79605.0,6.2378,0.9822
1788590342469,1788590342426745,79624.1,79628.0,1.92256,0.10531,567892.95,3771922.3,7370501.8,470591.03,3695432.87,8971847.36,79644.94,79644.95,6.5728,1.21066,79604.9,79605.0,6.2378,1.1692
1788590342731,1788590342695672,79624.1,79627.9,1.92256,0.00129,567892.95,3771922.3,7370501.8,462308.13,3678399.11,8954813.6,79644.94,79644.95,6.5728,1.21023,79604.9,79605.0,6.2378,1.1692
1788590342976,1788590342718102,79624.1,79627.9,1.92256,0.00129,567892.96,3771922.31,7370501.81,437306.94,3653397.92,8929812.41,79644.94,79644.95,6.57055,1.20873,79604.9,79605.0,6.0695,0.7843
1788590343222,1788590343167828,79627.8,79627.9,0.0002,0.00129,177963.82,3195517.61,7306250.96,436696.8,3652787.78,8929202.27,79644.94,79644.95,6.57055,1.20873,79604.9,79605.0,6.1144,0.7843
1788590343469,1788590343445299,79627.8,79627.9,0.0002,0.00059,177963.82,3195517.61,7306250.96,429252.58,3645343.56,8921758.05,79644.94,79644.95,6.57048,1.20873,79604.9,79605.0,6.1144,0.7843
1788590343727,1788590343647238,79627.8,79627.9,0.0002,0.00059,177963.82,3198212.57,7308945.92,370734.5,3586825.48,8863239.97,79644.94,79644.95,6.57048,1.20873,79604.9,79605.0,6.1144,0.783
1788590343969,1788590343909244,79627.8,79627.9,0.0002,0.00059,177963.82,3192812.31,7303545.66,419721.59,3635812.57,8912227.06,79644.94,79644.95,6.57568,1.2085,79604.9,79605.0,6.1144,0.783
1788590344229,1788590344163237,79627.8,79627.9,0.0002,0.00129,177963.83,3195474.61,7306207.97,369002.01,3585092.99,8861507.48,79644.94,79644.95,6.57568,1.30506,79604.9,79605.0,6.1151,0.7843
1788590344475,1788590344400005,79627.8,79627.9,0.0002,0.00129,177963.83,3195474.61,7306207.97,419266.61,3635401.39,8911815.88,79644.94,79644.95,6.57517,1.30506,79604.9,79605.0,6.1144,0.783
1788590344721,1788590344498089,79627.8,79627.9,0.0002,0.00129,177963.83,3195474.61,7306207.97,368958.21,3585092.99,8861507.48,79644.94,79644.95,6.57517,1.30213,79604.9,79605.0,6.1144,0.7793
1788590344981,1788590344937369,79627.8,79627.9,0.0002,0.00129,170756.53,3177451.94,7288185.29,428854.77,3644989.55,8921404.04,79644.94,79644.95,6.57517,1.26432,79604.9,79605.0,4.1686,1.213
1788590345228,1788590345067038,79627.8,79627.9,0.0002,0.00129,170756.53,3193695.86,7304429.21,428854.78,3644989.56,8921404.04,79644.94,79644.95,6.57517,1.26432,79604.9,79605.0,4.1686,1.2143
1788590345475,1788590345421834,79627.8,79627.9,0.0002,0.00129,170756.53,3193743.64,7304476.99,426143.2,3642277.98,8918692.47,79644.94,79644.95,6.57517,1.26432,79604.9,79605.0,4.145,1.2122
1788590345720,1788590345624832,79627.8,79627.9,0.0002,0.00139,170756.53,3193743.64,7304476.99,426151.16,3642285.94,8914837.41,79644.94,79644.95,6.57498,1.26432,79604.9,79605.0,4.145,1.2122
1788590345982,1788590345888816,79627.8,79627.9,0.0002,0.00139,170756.53,3193743.72,7304477.07,423473.86,3639608.64,8912160.1,79644.94,79644.95,6.57549,1.2635,79604.9,79605.0,4.145,1.2115
1788590346228,1788590346161401,79627.8,79627.9,0.0002,0.00073,170751.75,3193738.94,7304472.29,364416.58,3580551.36,8853102.83,79644.94,79644.95,6.57549,1.2635,79604.9,79605.0,4.4457,1.2128
1788590346475,1788590346386187,79627.8,79627.9,0.0002,0.00073,170751.75,3161895.06,7272628.41,332562.7,3548697.48,8821248.95,79644.94,79644.95,6.57499,1.2635,79604.9,79605.0,4.4457,1.2109
1788590346721,1788590346682747,79627.8,79627.9,0.0002,0.00073,170751.75,3156462.22,7267195.57,332562.7,3548697.48,8821248.95,79644.94,79644.95,6.57499,1.2635,79604.9,79605.0,4.4693,1.2099
1788590346967,1788590346892874,79627.8,79627.9,0.0002,0.00073,170751.75,3156462.22,7267195.57,332562.7,3548697.48,8821248.95,79644.94,79644.95,6.57248,1.2635,79604.9,79605.0,4.4693,1.2099
1788590347227,1788590347175428,79627.8,79627.9,0.0002,0.00073,170751.75,3156462.22,7267195.57,382472.0,3598606.78,8871158.24,79644.94,79644.95,6.57248,1.26327,79604.9,79605.0,4.087,1.2099
1788590347470,1788590347445372,79627.8,79630.5,0.0002,0.49113,170751.75,3156462.22,7267195.57,576354.55,5951290.37,10095276.39,79644.94,79644.95,6.57248,1.26327,79604.9,79605.0,4.087,1.1294
1788590347717,1788590347637164,79627.7,79627.8,0.0002,0.069,180214.98,3165876.08,7276609.44,455747.56,3679340.87,8951892.34,79644.94,79644.95,6.57248,1.26061,79604.9,79605.0,4.087,1.1307
1788590347978,1788590347938739,79627.7,79627.8,0.0002,0.069,180214.98,3165886.43,7276619.79,455757.91,3679351.22,8951902.69,79644.94,79644.95,6.57248,1.25633,79604.9,79605.0,4.087,1.1362
1788590348224,1788590348123058,79627.7,79627.8,0.0002,0.069,180214.98,3171269.84,7282003.2,466443.62,3690036.94,8962588.4,79644.94,79644.95,6.57248,1.25633,79604.9,79605.0,4.0002,1.1375
1788590348471,1788590348426657,79627.7,79627.8,0.0002,0.069,180214.98,3171269.84,7282003.2,466443.62,3690036.94,8962588.4,79644.94,79644.95,6.56984,1.21281,79604.9,79605.0,4.0002,1.1375
1788590348717,1788590348426657,79627.7,79627.8,0.0002,0.069,180214.98,3171269.84,7282003.2,466443.62,3690036.94,8962588.4,79644.94,79644.95,6.56984,1.21281,79604.9,79605.0,4.0002,1.1375
1788590348975,1788590348804329,79627.7,79627.8,0.0002,0.069,180214.98,3171269.84,7282003.2,466440.42,3691033.96,8963585.43,79644.94,79644.95,6.56984,1.21281,79604.9,79605.0,4.0002,1.1375
1788590349220,1788590349134233,79627.7,79627.8,0.0002,0.069,179879.69,3170934.55,7281667.9,410528.9,3635122.44,8907673.9,79644.94,79644.95,6.56984,1.21295,79604.9,79605.0,4.0002,1.1375
1788590349481,1788590349401563,79627.7,79627.8,0.0002,0.069,179879.69,3170934.55,7281667.9,410528.9,3635122.44,8907673.9,79644.94,79644.95,6.56984,1.20964,79604.9,79605.0,4.0002,1.1375
1788590349727,1788590349670123,79627.7,79627.8,0.0002,0.069,179879.69,3170934.55,7281667.9,410528.35,3635121.89,8907673.35,79644.94,79644.95,6.56757,1.20964,79604.9,79605.0,4.0002,1.1375
1788590349974,1788590349899806,79627.7,79627.8,0.0002,0.069,170449.9,3161504.76,7272238.12,462981.35,3687574.9,8960126.36,79644.94,79644.95,6.54511,1.27893,79604.9,79605.0,4.0127,1.1317
1788590350221,1788590350188065,79627.7,79627.8,0.00016,0.069,179298.42,3170353.28,7281086.63,462981.35,3673357.46,8945908.92,79644.94,79644.95,6.53884,1.27893,79604.9,79605.0,4.0127,1.1375
1788590350480,1788590350188065,79627.7,79627.8,0.00016,0.069,179298.42,3170353.28,7281086.63,462981.35,3673357.46,8945908.92,79644.94,79644.95,6.35144,1.27893,79604.9,79605.0,4.0127,1.1375
1788590350726,1788590350688215,79627.7,79627.8,0.00016,0.069,179298.42,3170353.28,7281086.63,462899.08,3687656.7,8960208.16,79644.94,79644.95,6.35539,1.23893,79604.9,79605.0,4.0127,1.1362
1788590350971,1788590350892593,79627.7,79627.8,0.00016,0.069,179298.42,3172990.05,7283723.41,469440.74,3679816.84,8952368.31,79644.94,79644.95,6.35539,1.23893,79604.9,79605.0,4.0127,1.1362
1788590351230,1788590351187553,79627.7,79627.8,0.00016,0.069,179298.42,3172990.05,7283723.41,469451.09,3694172.91,8966724.38,79644.94,79644.95,6.35208,1.23893,79604.9,79605.0,4.0127,1.1375
1788590351475,1788590351382054,79627.7,79627.8,0.00016,0.06896,179298.42,3170271.29,7281004.65,466808.12,3691529.94,8964081.41,79644.94,79644.95,6.35208,1.23893,79604.9,79605.0,4.0127,1.1375
1788590351719,1788590351500761,79627.7,79627.8,0.00016,0.06896,179298.42,3167635.34,7278368.7,466808.12,3691529.94,8964081.41,79644.94,79644.95,6.35208,1.23893,79604.9,79605.0,4.0127,1.1375
1788590351967,1788590351886549,79627.7,79627.8,0.00016,0.06896,179298.42,3167635.34,7278368.7,418256.98,3642978.81,8915530.27,79644.94,79644.95,6.35186,1.23893,79604.9,79605.0,4.0127,1.1375
1788590352227,1788590352171122,79627.7,79627.8,0.00016,0.06896,179298.42,3170301.62,7281034.98,417053.83,3641775.65,8914327.11,79644.94,79644.95,6.35186,1.19893,79604.9,79605.0,4.0127,1.1375
1788590352470,1788590352303862,79627.7,79627.8,0.00016,0.06896,179298.42,3164969.87,7275703.22,391352.76,3616074.58,8888626.04,79644.94,79644.95,6.35186,1.19893,79604.9,79605.0,4.0127,1.1362
1788590352728,1788590352582209,79627.7,79627.8,0.00016,0.06896,179298.42,3164969.87,7275703.22,392052.74,3616774.56,8889326.03,79644.94,79644.95,6.35186,1.19668,79604.9,79605.0,4.0127,1.1375
1788590352972,1788590352892983,79627.7,79627.8,0.00016,0.06896,179298.42,3164969.87,7275703.22,441209.63,3665931.46,8938482.92,79644.94,79644.95,6.35186,1.19494,79604.9,79605.0,4.0127,1.1317
1788590353217,1788590353189822,79627.7,79627.8,0.00016,0.06866,179394.81,3165464.37,7276197.72,291290.7,3499666.22,8772217.69,79644.94,79644.95,6.35186,0.89867,79604.9,79605.0,4.0127,1.1317
1788590353480,1788590353431788,79627.7,79627.8,0.00016,0.06866,180094.69,3171539.32,7282272.67,293912.18,3503288.03,8775839.49,79644.94,79644.95,6.37392,0.89547,79604.9,79605.0,4.0127,1.1317
1788590353724,1788590353664152,79627.7,79627.8,0.00016,0.06866,180094.69,3203383.19,7314116.54,378404.26,3588780.36,8861331.82,79644.94,79644.95,6.37383,0.89518,79604.9,79605.0,4.0127,1.1317
1788590353970,1788590353748264,79627.7,79627.8,0.00016,0.06866,179298.43,3202586.94,7313320.29,378404.26,3588780.36,8861331.82,79644.94,79644.95,6.35013,0.89677,79604.9,79605.0,4.0127,1.1317
1788590354228,1788590354186759,79627.7,79627.8,0.00016,0.06866,179298.43,3202586.65,7313320.01,378404.26,3588780.36,8861331.82,79644.94,79644.95,6.34788,0.89392,79604.9,79605.0,3.9098,0.9843
1788590354474,1788590354341834,79627.7,79627.8,0.00016,0.06866,179298.44,3202586.65,7313320.01,373083.26,3583459.36,8856010.82,79644.94,79644.95,6.34775,0.89141,79604.9,79605.0,4.0846,0.9843
1788590354721,1788590354573132,79627.7,79627.8,0.00016,0.06866,179298.44,3202586.65,7313320.01,373093.61,3583469.71,8856021.17,79644.94,79644.95,6.34775,0.89291,79604.9,79605.0,3.8563,0.7518
1788590354979,1788590354869971,79627.7,79627.8,0.00016,0.06866,179298.44,3199447.5,7310180.85,374382.53,3584758.62,8857310.09,79644.94,79644.95,6.34775,0.85134,79604.9,79605.0,3.922,0.703
1788590355223,1788590355173585,79627.7,79627.8,0.00016,0.06866,179298.44,3199447.5,7310180.85,317249.5,3601884.88,8874436.34,79644.94,79644.95,6.51249,0.76851,79604.9,79605.0,5.7772,0.6171
1788590355467,1788590355437817,79627.7,79627.8,0.00016,0.06531,180094.7,3198651.38,7309384.74,315390.06,3543111.97,8815663.43,79644.94,79644.95,6.51876,0.59466,79604.9,79605.0,5.9255,0.3553
1788590355728,1788590355560077,79627.7,79627.8,0.00016,0.06531,180890.86,3199447.54,7310180.89,320714.44,3522775.65,8795327.12,79644.94,79644.95,6.51869,0.59466,79604.9,79605.0,6.0673,0.629
1788590355973,1788590355938980,79627.7,79627.8,0.00016,0.06531,180890.86,3199447.54,7310180.89,334331.56,3599688.52,8872239.98,79644.94,79644.95,6.51869,0.59466,79604.9,79605.0,6.0673,0.628
1788590356216,1788590356194344,79627.7,79627.8,0.00016,0.06531,180890.86,3199429.81,7310163.16,334331.56,3592733.31,8865284.77,79644.94,79644.95,6.51869,0.59466,79604.9,79605.0,6.0673,0.6274
1788590356476,1788590356407095,79627.7,79627.8,0.00016,0.06531,180890.86,3187232.97,7297966.32,340960.94,3597362.12,8869913.58,79644.94,79644.95,6.51642,0.59466,79604.9,79605.0,6.0673,0.6274
1788590356722,1788590356655077,79627.7,79627.8,0.00016,0.06531,180890.86,3202232.56,7312965.91,338251.81,3545975.51,8818526.97,79644.94,79644.95,6.51642,0.59241,79604.9,79605.0,6.0673,0.6274
1788590356981,1788590356939258,79627.7,79628.5,0.21883,0.00013,209515.24,2857029.72,6756329.92,136176.03,1039514.75,4645916.15,79661.25,79661.26,6.27338,0.00127,79630.5,79630.6,1.2128,3.0238
1788590357223,1788590357179131,79654.0,79654.9,0.14658,0.00068,171828.77,1862229.06,4092973.59,84.44,448025.45,1409565.98,79679.65,79679.66,3.06067,1.46187,79642.3,79642.4,2.2761,5.6632
1788590357468,1788590357388326,79654.8,79654.9,0.55347,0.00034,563140.66,2800012.19,6081154.34,57.35,1287353.67,5560891.41,79679.65,79679.66,2.54602,1.62601,79642.3,79642.4,4.4295,2.3389
1788590357726,1788590357684469,79662.8,79663.0,0.00054,0.01251,59596.04,2247319.99,5757839.66,266784.6,1933404.41,5934474.33,79679.65,79679.66,2.54804,1.61942,79642.3,79642.4,4.4295,2.1254
1788590357966,1788590357945437,79661.6,79663.0,0.00627,0.00426,296226.23,2442103.24,5627417.93,293630.58,1976667.6,6104654.95,79679.65,79679.66,2.84504,1.61984,79642.3,79642.4,2.4676,2.3416
1788590358227,1788590358194411,79655.5,79656.5,0.00627,1.98937,280940.17,2886311.37,5539882.34,517104.34,1995349.41,6473800.1,79679.65,79679.66,1.16292,4.62267,79642.3,79642.4,1.1332,8.8911
1788590358470,1788590358444598,79656.0,79656.5,0.0002,1.62933,279171.25,3003947.91,5662107.95,421047.65,1811700.11,6369879.85,79679.65,79679.66,1.14007,4.6226,79642.3,79642.4,1.1334,8.8911
1788590358729,1788590358689596,79656.0,79656.4,0.0002,0.049,271116.08,3035703.73,5654057.98,475618.47,1865270.31,6378418.08,79679.65,79679.66,1.14007,4.6226,79642.3,79642.4,0.9092,8.6401
1788590358974,1788590358928051,79654.1,79655.0,0.00689,0.004,320152.35,3174950.15,5757629.75,450280.14,1888611.03,6376583.52,79679.65,79679.66,1.14027,4.6226,79642.3,79642.4,1.1314,8.8911
1788590359223,1788590359189775,79654.9,79655.0,0.0002,0.0025,295151.23,3176014.36,5758704.3,451484.57,1889825.82,6457521.81,79679.65,79679.66,1.14284,4.6226,79642.3,79642.4,0.9092,8.6401
1788590359481,1788590359422476,79654.9,79655.0,0.0002,0.00248,295151.23,3125300.08,5707990.03,452315.55,1890656.8,6657678.29,79679.65,79679.66,1.14576,4.6226,79642.3,79642.4,0.9351,8.6401
1788590359726,1788590359688596,79653.8,79655.0,2.43812,0.00248,314937.45,3119844.8,6292523.52,458952.53,1937140.2,6676770.38,79679.65,79679.66,1.26767,4.6226,79642.3,79642.4,1.1279,8.6401
1788590359971,1788590359933234,79653.8,79655.0,2.43812,0.00244,315937.9,3125207.4,6297886.12,401038.99,1864365.56,6603995.73,79679.65,79679.66,1.70217,4.62253,79642.3,79642.4,1.1279,8.6401
1788590360217,1788590360192586,79653.8,79654.0,2.43812,0.00244,327936.34,3165477.76,6338156.47,447274.52,1871920.81,6664775.61,79679.65,79679.66,1.70947,4.62254,79642.3,79642.4,0.9352,8.64
1788590360476,1788590360420341,79653.9,79654.0,0.0002,0.00119,328000.07,3047356.39,6112576.97,395330.35,1835306.74,6512084.25,79679.65,79679.66,1.70947,4.62254,79642.3,79642.4,0.9092,8.6082
1788590360720,1788590360676559,79653.9,79655.8,0.0002,0.017,328000.07,3050098.59,6115319.17,485357.42,1983173.58,6590950.6,79679.65,79679.66,1.68859,4.62194,79642.3,79642.4,0.9092,8.6082
1788590360978,1788590360942105,79655.7,79655.8,0.0002,0.017,271044.42,3021446.94,5528868.1,489737.12,1987553.27,6595330.28,79679.65,79679.66,1.68859,4.62194,79642.3,79642.4,0.9092,8.6082
1788590361223,1788590361188268,79655.7,79655.8,0.0002,0.01697,261757.92,3012162.63,5858706.66,490163.09,2036191.08,6980283.19,79679.65,79679.66,1.56495,4.64344,79642.3,79642.4,0.9075,8.6082
1788590361467,1788590361416411,79653.9,79655.8,0.00013,0.01693,327523.54,3232975.12,6522634.75,493651.77,2032190.02,6987120.89,79679.65,79679.66,1.13052,4.62215,79642.3,79642.4,0.8071,8.6082
1788590361727,1788590361626799,79653.9,79655.7,0.00013,0.01656,327622.31,3233073.83,6522733.46,443452.92,1968192.96,6923123.83,79679.65,79679.66,1.1299,4.62215,79642.3,79642.4,0.8071,8.6082
1788590361972,1788590361905123,79653.9,79655.7,0.00013,0.01406,327622.31,3233063.48,6522723.1,502133.8,2026873.84,6981804.71,79679.65,79679.66,1.12997,4.61853,79642.3,79642.4,0.8071,8.6136
1788590362231,1788590362171539,79653.9,79655.7,0.00013,0.01402,327632.65,3233073.82,6522733.45,446396.17,1985727.6,6940658.47,79679.65,79679.66,1.1299,4.61665,79642.3,79642.4,0.8071,8.6136
1788590362477,1788590362424879,79654.4,79654.5,0.0002,0.0168,324925.48,3233137.54,5933912.17,488802.0,1981011.79,6967982.7,79679.65,79679.66,1.14431,4.61665,79642.3,79642.4,0.8071,8.6136
1788590362721,1788590362618891,79654.4,79654.5,0.0002,0.0168,324925.48,3233137.54,5933912.17,488812.36,1981022.1,6967993.01,79679.65,79679.66,1.14431,4.6154,79642.3,79642.4,0.8071,8.6136
1788590362980,1788590362939888,79654.9,79655.9,0.00799,0.03641,596780.72,3390731.94,6206200.73,117899.92,1223642.8,6167734.9,79679.65,79679.66,3.57251,1.45879,79642.3,79642.4,4.1339,0.5352
1788590363225,1788590363189733,79658.8,79658.9,0.0002,0.00021,414669.32,3026111.12,6090419.96,132956.18,1737142.41,6542061.73,79679.65,79679.66,3.53928,1.6496,79642.3,79642.4,2.3954,1.6337
1788590363470,1788590363427515,79661.2,79661.3,0.0002,0.017,397699.18,2680837.03,5972386.34,125329.91,2049893.05,6553568.12,79679.65,79679.66,3.53528,1.64946,79642.3,79642.4,2.3944,1.6337
1788590363728,1788590363693604,79662.0,79662.1,0.0002,0.01271,48488.13,2615974.34,5914304.71,290394.87,2274346.87,6767360.26,79679.65,79679.66,3.5373,1.48084,79642.3,79642.4,2.4649,1.6337
1788590363972,1788590363935772,79662.0,79662.1,0.0002,0.00769,48488.13,2702757.75,6001088.12,301027.9,2301303.24,6794316.63,79679.65,79679.66,3.5373,1.48084,79642.3,79642.4,2.4649,1.6324
1788590364217,1788590364137104,79662.0,79662.1,0.0002,0.00769,32556.91,2660798.18,5959128.55,358432.47,2358707.82,6851721.21,79679.65,79679.66,3.53709,1.62117,79642.3,79642.4,2.4659,2.4919
1788590364477,1788590364415468,79662.0,79662.1,0.0002,0.00769,32567.27,2727413.24,6025743.61,358432.47,2357707.09,6850720.48,79679.65,79679.66,3.53709,1.62117,79642.3,79642.4,2.3405,2.4867
1788590364722,1788590364692630,79662.0,79663.1,0.0002,0.017,32567.27,2724665.48,6022995.85,303450.22,2292481.77,6762022.54,79679.65,79679.66,3.53709,1.59919,79642.3,79642.4,2.3405,2.4854
1788590364969,1788590364935807,79663.2,79663.5,0.0002,0.017,11234.8,2681855.65,5837723.21,383802.8,2369452.93,6838993.7,79679.65,79679.66,3.53709,1.80283,79642.3,79642.4,2.2535,3.5554
1788590365231,1788590365193892,79663.2,79663.5,0.0002,0.01698,11234.8,2679229.74,5835097.3,405311.17,2390955.7,6860496.48,79679.65,79679.66,3.53709,1.8029,79642.3,79642.4,2.2035,3.5567
1788590365475,1788590365436542,79657.4,79662.9,0.05,0.29286,419143.33,3020903.76,6237335.84,463768.94,2440359.84,6907418.46,79679.65,79679.66,3.53709,1.79283,79642.3,79642.4,2.2035,3.6272
1788590365721,1788590365684293,79662.5,79662.7,0.0002,0.07998,17032.09,2762576.15,5906845.58,446714.69,2432723.43,6899782.04,79679.65,79679.66,3.53709,1.96153,79642.3,79642.4,2.2009,3.6265
1788590365981,1788590365940271,79662.5,79663.1,0.0002,0.01145,9108.61,2758634.91,5902904.33,401632.65,2448308.01,6918910.63,79679.65,79679.66,3.53709,1.96153,79642.3,79642.4,2.2009,3.6265
1788590366226,1788590366082715,79662.5,79662.6,0.0002,0.01133,3338.4,2753071.3,5897340.72,565136.87,2612029.12,7079087.73,79679.65,79679.66,3.08384,2.25179,79642.3,79642.4,1.8653,5.7775
1788590366471,1788590366430066,79660.8,79662.2,0.0002,0.50096,384148.48,2881833.14,6173382.45,551028.06,2570953.08,7065028.32,79679.65,79679.66,3.08384,2.25179,79642.3,79642.4,1.8653,5.7775
1788590366730,1788590366687184,79661.9,79662.0,0.0002,0.01214,29663.39,2859098.65,6157429.02,547760.29,2588981.92,7083057.15,79679.65,79679.66,3.0789,2.25179,79642.3,79642.4,1.7953,5.7775
1788590366975,1788590366878173,79661.9,79662.0,0.0002,0.00607,20769.95,2865205.13,6163535.5,519312.82,2689038.62,7183113.85,79679.65,79679.66,3.18795,2.25179,79642.3,79642.4,1.7623,5.7775
1788590367219,1788590367170443,79661.9,79662.0,0.0002,0.00607,20769.95,2865205.14,6384163.19,482356.53,2652082.33,7146157.56,79679.65,79679.66,3.21086,2.25221,79642.3,79642.4,1.7679,5.7775
1788590367480,1788590367428877,79661.9,79662.0,0.0002,0.00607,20769.95,2879700.28,6398658.33,541478.05,2725698.49,7219773.73,79679.65,79679.66,3.20962,2.25283,79642.3,79642.4,1.7621,5.7775
1788590367727,1788590367682969,79661.9,79662.0,0.0002,0.63618,20688.7,2879619.03,6398577.08,624219.13,3027145.45,7521220.69,79679.65,79679.66,3.20833,2.25283,79642.3,79642.4,1.7679,5.7775
1788590367969,1788590367917488,79661.8,79661.9,0.0002,0.138,180380.44,2880775.61,6400734.01,636361.23,3038287.29,7533362.78,79679.65,79679.66,3.2084,2.25283,79642.3,79642.4,1.7441,5.7775
1788590368229,1788590368184938,79661.8,79661.9,0.0002,0.86384,181108.55,2790541.76,6310500.15,353377.25,2753303.81,7247317.46,79679.65,79679.66,3.50717,1.97133,79642.3,79642.4,1.8199,4.2512
1788590368471,1788590368424036,79661.8,79661.9,0.0002,0.86384,181357.02,2790839.57,6310797.97,330361.7,2732289.67,7226303.32,79679.65,79679.66,3.51163,1.78785,79642.3,79642.4,1.8904,4.2512
1788590368731,1788590368619603,79661.5,79661.6,0.0002,0.71583,375182.58,2835502.99,6400444.32,461074.21,2853413.25,7357088.33,79679.65,79679.66,3.51156,1.78549,79642.3,79642.4,1.8904,4.2512
1788590368973,1788590368943309,79661.5,79661.6,0.0002,0.71583,374237.06,2824308.53,6389249.86,461084.57,2853423.61,7357098.68,79679.65,79679.66,3.51089,1.78549,79642.3,79642.4,1.8524,4.2512
1788590369217,1788590369192580,79661.5,79661.6,0.0002,0.71583,382495.86,2862557.07,6382515.46,516134.69,2908473.73,7412148.81,79679.65,79679.66,2.8461,4.36007,79642.3,79642.4,1.7819,5.4932
1788590369476,1788590369372748,79661.4,79661.5,0.0002,0.84647,214811.38,2727861.04,6244831.24,692064.38,3080354.55,7584029.63,79679.65,79679.66,3.14501,4.24485,79642.3,79642.4,1.7761,5.4958
1788590369720,1788590369691449,79654.7,79660.7,0.11793,0.00879,458816.16,3686181.37,6386945.65,824841.8,3113981.05,7740664.24,79679.65,79679.66,3.14438,4.24505,79642.3,79642.4,0.8216,5.4958
1788590369981,1788590369945648,79660.3,79660.5,0.0002,0.58411,230938.67,3146328.07,6238594.72,827725.34,3121840.68,7758554.17,79679.65,79679.66,3.14436,4.2428,79642.3,79642.4,1.0458,5.4958
1788590370223,1788590370188977,79660.2,79660.3,0.0002,0.138,231144.19,3201927.93,6253801.56,834000.5,3113013.25,7749871.79,79679.65,79679.66,3.14192,4.2428,79642.3,79642.4,1.0752,5.4958
1788590370469,1788590370395547,79660.2,79660.3,0.0002,0.138,231144.19,3205988.45,6257862.08,833882.59,3127902.74,7764761.28,79679.65,79679.66,2.83941,4.24265,79642.3,79642.4,1.0694,5.4958
1788590370728,1788590370657204,79660.2,79660.3,0.0002,0.13799,231563.96,3175809.23,6227682.86,710422.87,3004443.02,7641301.56,79679.65,79679.66,2.98357,4.18356,79642.3,79642.4,1.0752,5.4958
1788590370971,1788590370947252,79654.7,79659.3,0.04163,0.52747,478282.37,3712051.19,6412815.47,565343.67,2867023.35,7683837.46,79679.65,79679.66,2.97485,4.18356,79642.3,79642.4,1.0694,5.4958
1788590371231,1788590371163667,79658.4,79660.2,0.0002,0.54267,251768.28,3198752.37,6263061.21,782084.08,3062490.73,7700404.74,79679.65,79679.66,2.97485,4.18356,79642.3,79642.4,1.0694,5.4955
1788590371479,1788590371423816,79657.3,79658.4,0.00021,0.1355,240654.69,3373477.68,6390635.12,640309.69,2874708.13,7731605.8,79679.65,79679.66,2.97736,4.18356,79642.3,79642.4,1.0694,5.4955
1788590371724,1788590371613779,79657.3,79658.4,0.00021,0.1355,270657.09,3403480.08,6420637.52,640309.69,2874708.13,7731605.8,79679.65,79679.66,2.97736,4.18356,79642.3,79642.4,1.0694,5.4955
1788590371967,1788590371802110,79657.3,79658.4,0.00021,0.1355,271438.5,3404261.49,6421418.93,576137.47,2807842.02,7664739.69,79679.65,79679.66,2.97736,4.18356,79642.3,79642.4,1.0694,5.4955
1788590372223,1788590372060168,79656.6,79658.4,0.18557,0.1355,270420.51,3562628.37,6420400.94,619095.87,2850800.41,7707698.08,79679.65,79679.66,2.97489,4.18366,79642.3,79642.4,1.0694,5.4955
1788590372467,1788590372432005,79661.0,79661.1,0.0002,1.10817,215551.71,2735084.55,6247261.54,780966.9,3040819.96,7657719.3,79679.65,79679.66,2.97496,4.16764,79642.3,79642.4,1.0694,5.4955
1788590372726,1788590372692979,79660.9,79661.0,0.0002,0.257,215568.44,2955728.96,6247278.26,743569.84,2987274.68,7615013.34,79679.65,79679.66,2.97496,4.13981,79642.3,79642.4,1.0694,5.4955
1788590372971,1788590372934055,79660.9,79661.0,0.0002,0.59574,215693.5,2955106.08,6246673.69,770543.85,3014248.69,7641987.35,79679.65,79679.66,2.97496,4.13854,79642.3,79642.4,1.0694,5.4955
1788590373219,1788590373149257,79660.9,79661.0,0.0002,0.59574,215693.5,2955106.08,6246673.69,770543.85,3014248.69,7641987.35,79679.65,79679.66,2.97496,4.13854,79642.3,79642.4,1.0694,5.4955
1788590373475,1788590373446755,79660.5,79660.9,0.0002,0.27034,232106.71,3154927.18,6247212.14,739282.7,2988341.29,7616079.95,79679.65,79679.66,2.97517,4.13854,79642.3,79642.4,1.0694,5.4955
1788590373717,1788590373686580,79656.6,79656.7,0.15664,0.069,264765.77,3556973.04,6414763.92,559050.53,2339923.88,7669499.66,79679.65,79679.66,2.97517,4.12984,79642.3,79642.4,1.0694,5.4935
1788590373976,1788590373941800,79656.6,79656.7,0.15341,0.0665,267410.3,3559617.57,6417408.45,614950.92,2398479.92,7728055.71,79679.65,79679.66,2.97522,4.17932,79642.3,79642.4,1.0127,5.4898
1788590374223,1788590374194777,79657.1,79658.0,0.0002,0.21069,271248.72,3404071.12,6421246.87,618006.62,2723768.76,7630779.74,79679.65,79679.66,2.97522,4.09925,79642.3,79642.4,0.7885,5.4898
1788590374467,1788590374445823,79655.3,79657.9,0.02822,0.09794,283739.15,3574209.09,6388675.23,626630.33,2783033.65,7690044.63,79679.65,79679.66,2.94005,4.08395,79642.3,79642.4,1.0341,5.4898
1788590374728,1788590374685399,79655.3,79657.9,0.02822,0.09794,283739.15,3589207.37,6448645.54,630533.68,2786926.65,7693937.62,79679.65,79679.66,2.91351,4.29194,79642.3,79642.4,1.0341,5.4898
1788590374974,1788590374919404,79659.5,79660.5,0.0002,0.1958,215677.64,3148848.05,6258147.22,782464.64,3042644.27,7680413.23,79679.65,79679.66,2.91126,4.29194,79642.3,79642.4,1.0341,5.4898
1788590375219,1788590375168469,79659.4,79659.5,0.0002,0.151,224827.22,3144788.25,6254087.42,570479.09,2903968.12,7653116.72,79679.65,79679.66,3.246,4.29194,79642.3,79642.4,1.0341,5.4898
1788590375480,1788590375363732,79659.4,79659.5,0.0002,0.032,228061.24,3148022.27,6257321.44,618279.56,2966424.86,7715573.47,79679.65,79679.66,3.24578,4.23229,79642.3,79642.4,1.0331,5.4898
1788590375723,1788590375642298,79659.4,79660.6,0.0002,0.40217,227388.96,3147349.99,6256649.16,771327.31,3056144.12,7683882.78,79679.65,79679.66,3.24578,4.23229,79642.3,79642.4,1.0331,5.4108
1788590375968,1788590375912301,79660.5,79661.2,0.0002,0.01221,218361.26,3106989.78,6244246.77,618656.0,2987666.32,7492396.86,79679.65,79679.66,3.24578,4.23229,79642.3,79642.4,1.0331,5.4108
1788590376228,1788590376167600,79660.9,79661.0,0.0002,0.74244,202990.7,2912309.37,6248849.01,735290.76,2967877.95,7595616.61,79679.65,79679.66,3.24578,4.23236,79642.3,79642.4,1.0109,5.4108
1788590376472,1788590376425091,79660.9,79661.0,0.0002,0.62344,203005.84,2912324.51,6248864.15,725811.1,2973403.26,7601141.92,79679.65,79679.66,3.24578,4.23236,79642.3,79642.4,1.0109,5.4108
1788590376729,1788590376692831,79660.9,79661.2,0.0002,0.01221,203825.5,2888663.15,6225202.78,511787.33,2869282.24,7374012.78,79679.65,79679.66,3.24578,4.23236,79642.3,79642.4,1.0109,5.4108
1788590376972,1788590376926159,79661.5,79661.6,0.0002,0.172,359295.5,2815724.05,6380672.78,477337.15,2820175.78,7324906.32,79679.65,79679.66,3.28571,4.00723,79642.3,79642.4,1.0809,5.4108
1788590377230,1788590377136355,79661.5,79661.6,0.0002,0.172,359295.5,2821648.56,6386597.29,509194.27,2880808.29,7385538.83,79679.65,79679.66,3.28571,4.00723,79642.3,79642.4,1.055,5.4108
1788590377477,1788590377418154,79661.5,79661.6,0.0002,0.172,362939.06,2825292.13,6390240.86,512918.4,2876429.66,7381160.2,79679.65,79679.66,3.28536,4.00095,79642.3,79642.4,1.055,5.4108
1788590377724,1788590377694152,79661.3,79661.6,0.0002,0.172,362779.73,2832914.21,6390081.53,393904.62,2802791.62,7307522.16,79679.65,79679.66,3.6549,1.6192,79642.3,79642.4,2.3717,3.4144
1788590377971,1788590377942959,79665.0,79665.1,0.0002,0.01062,6441.95,2649349.93,5972158.4,598590.55,2799973.98,7230443.29,79679.65,79679.66,3.6888,0.88917,79642.3,79642.4,2.9414,1.5289
1788590378229,1788590378108160,79664.9,79665.0,0.0002,0.01,6442.74,2649350.73,5972159.2,668456.23,2873823.31,7304292.62,79679.65,79679.66,3.68217,0.88903,79642.3,79642.4,2.9414,1.5289
1788590378474,1788590378436415,79669.6,79674.6,0.20109,0.39968,325875.0,2014220.2,4464179.92,38127.1,419421.24,2953232.69,79715.71,79715.72,2.83913,1.52156,79674.1,79674.2,2.3946,3.227
1788590378723,1788590378694731,79685.9,79686.0,0.62555,0.15,531268.57,2663063.05,7510230.12,11979.99,1673295.08,6136968.41,79715.71,79715.72,3.35765,1.39242,79674.1,79674.2,7.4754,1.6848
1788590378969,1788590378943340,79685.9,79686.0,0.2691,0.08403,301124.27,2598405.74,6990553.04,192933.29,2220971.69,6460425.6,79715.71,79715.72,0.99338,5.40585,79674.1,79674.2,1.0993,5.7168
1788590379230,1788590379186637,79686.3,79690.8,0.03806,0.00711,468243.85,2809001.2,7327462.13,505422.03,2418425.47,6441704.88,79715.71,79715.72,0.995,5.0676,79674.1,79674.2,1.6159,5.7181
1788590379476,1788590379446676,79686.5,79691.7,0.03715,0.03594,468224.73,2803518.22,6673445.57,642652.49,2611233.83,6561057.73,79715.71,79715.72,0.92205,5.36999,79674.1,79674.2,1.8294,5.5046
1788590379718,1788590379693439,79692.9,79693.0,0.0002,0.00021,20622.11,2184044.45,6470625.18,379259.32,2395441.45,6707982.19,79715.71,79715.72,1.29595,5.37154,79674.1,79674.2,1.8296,5.4225
1788590379975,1788590379944647,79693.1,79693.2,0.0002,0.119,21689.92,2205608.78,6492206.24,382254.65,2420331.27,6703136.79,79715.71,79715.72,1.24703,5.2885,79674.1,79674.2,2.0678,5.4195
1788590380220,1788590380191281,79687.2,79693.2,0.02002,0.01222,483789.1,2995192.49,6829923.76,407447.08,2561562.79,7043774.37,79715.71,79715.72,3.00322,5.26528,79674.1,79674.2,2.0678,5.4204
1788590380480,1788590380422665,79694.5,79694.6,0.0002,0.138,12087.75,2538893.42,6521790.04,520028.83,2565332.16,6964075.27,79715.71,79715.72,2.04477,5.28163,79674.1,79674.2,2.0736,4.9945
1788590380724,1788590380673434,79689.1,79694.5,0.05,0.01175,485314.67,2782236.6,6817011.82,569700.12,2670339.1,7068923.52,79715.71,79715.72,2.04784,5.29633,79674.1,79674.2,2.0736,4.9945
1788590380968,1788590380934843,79694.8,79694.9,0.0002,0.119,16116.04,2707932.11,6588569.41,529785.2,2663915.84,7062452.43,79715.71,79715.72,2.04784,5.29633,79674.1,79674.2,2.0736,4.98
1788590381226,1788590381193473,79694.8,79694.9,0.0002,0.01227,12928.48,2705244.18,6585881.48,515698.85,2776706.54,7175235.12,79715.71,79715.72,2.2164,5.31819,79674.1,79674.2,2.0736,4.9787
1788590381470,1788590381392825,79694.8,79694.9,0.0002,0.01223,13026.48,2704246.48,6584883.78,564860.56,2825868.24,7224396.83,79715.71,79715.72,2.03902,5.31945,79674.1,79674.2,2.0736,4.9792
1788590381730,1788590381683165,79694.7,79694.8,0.0002,0.138,13871.98,2681664.24,6562301.53,578106.12,2839065.96,7237642.39,79715.71,79715.72,2.03998,5.31945,79674.1,79674.2,2.0736,4.8053
1788590381973,1788590381943526,79694.7,79694.8,0.0002,0.06255,1768.3,2509250.11,6389887.4,594068.53,2854978.96,7253555.38,79715.71,79715.72,2.03991,5.32091,79674.1,79674.2,2.1439,6.4772
1788590382221,1788590382146812,79694.6,79694.8,0.00018,0.07392,2636.05,2556001.7,6751736.26,571093.62,2817496.87,7216073.3,79715.71,79715.72,2.03977,5.32017,79674.1,79674.2,2.1487,6.4766
1788590382467,1788590382442911,79693.4,79693.5,0.0002,0.01219,29343.63,3171305.48,7071854.7,659233.09,3103536.0,7541882.15,79715.71,79715.72,2.03975,5.31998,79674.1,79674.2,2.1429,6.4753
1788590382726,1788590382688999,79688.0,79693.5,0.00075,0.01187,556000.79,3395435.9,7319741.03,562427.9,3020875.65,7459201.54,79715.71,79715.72,2.03975,5.31971,79674.1,79674.2,2.3998,6.4746
1788590382970,1788590382881645,79688.0,79693.5,0.00075,0.01187,554000.72,3393435.83,7317740.96,562826.37,3021274.12,7459600.01,79715.71,79715.72,2.03993,5.31971,79674.1,79674.2,2.394,6.4733
1788590383228,1788590383196268,79688.2,79689.0,0.0002,0.005,261620.97,2643147.26,6567452.39,356380.21,2465646.82,6901560.8,79715.71,79715.72,0.82657,5.45097,79674.1,79674.2,0.9181,4.7998
1788590383473,1788590383445110,79686.7,79689.0,2.00189,0.002,642240.08,3297960.65,6980985.23,62569.68,2265752.66,6701666.64,79715.71,79715.72,2.22838,3.11361,79674.1,79674.2,3.0091,1.4449
1788590383717,1788590383694473,79688.9,79689.0,0.0112,0.004,636851.43,3048792.37,6973097.5,107606.48,2320240.06,6756154.04,79715.71,79715.72,2.22845,3.11368,79674.1,79674.2,1.8816,2.062
1788590383976,1788590383919666,79687.8,79689.0,0.0482,0.005,676837.39,3093627.88,7017933.02,268308.12,2447690.56,6883604.54,79715.71,79715.72,2.18582,3.11368,79674.1,79674.2,1.8816,2.9568
1788590384218,1788590384189418,79687.8,79688.0,0.03499,0.005,648565.36,3066355.63,6990660.77,243523.4,2439221.37,6883165.54,79715.71,79715.72,2.18589,3.11375,79674.1,79674.2,1.8816,3.0245
1788590384478,1788590384443888,79687.9,79688.0,0.09233,0.004,685183.25,3172712.37,7097017.5,3951.29,2077773.87,6521718.04,79715.71,79715.72,3.08557,1.55156,79674.1,79674.2,3.8712,1.6391
1788590384723,1788590384687766,79687.9,79688.0,0.05403,0.005,680641.1,3162564.96,7086870.09,26139.7,2215116.88,6659061.06,79715.71,79715.72,3.08644,2.6564,79674.1,79674.2,3.5034,1.9241
1788590384967,1788590384924412,79696.4,79696.5,0.0002,0.04113,5791.02,2744398.38,6623761.82,328001.7,2433916.37,6832376.87,79715.71,79715.72,3.12103,1.50349,79675.5,79675.6,4.2007,1.2177
1788590385227,1788590385174089,79696.3,79696.4,0.0002,0.13549,6709.06,2818024.18,6697387.62,453318.52,2561937.72,6960398.21,79715.71,79715.72,3.1211,1.06906,79675.5,79675.6,4.7591,2.3106
1788590385471,1788590385404348,79696.2,79696.4,0.00019,0.11899,8344.26,2845265.09,6724628.53,452013.89,2560633.09,6959093.58,79715.71,79715.72,3.1211,1.06906,79675.5,79675.6,4.7591,2.31
1788590385729,1788590385695580,79696.2,79696.3,0.00019,0.16561,6630.1,2783468.54,6662831.98,446776.29,2616789.5,7015249.99,79715.71,79715.72,2.99023,2.2667,79675.5,79675.6,4.3372,3.2898
1788590385973,1788590385914410,79695.5,79695.8,0.0002,0.12548,14682.78,2804905.07,6639287.68,443133.81,2616707.38,7015215.71,79715.71,79715.72,2.99023,2.26012,79675.5,79675.6,4.6613,3.2898
1788590386218,1788590386043763,79695.5,79695.8,0.0002,0.12548,14682.78,2777653.0,6612035.62,390433.86,2564007.43,6962515.76,79715.71,79715.72,2.99023,2.27404,79675.5,79675.6,4.6613,3.2898
1788590386476,1788590386395643,79695.5,79695.8,0.0002,0.12548,14672.43,2841702.22,6676084.83,438360.81,2609229.85,7007738.19,79715.71,79715.72,2.99023,2.27404,79675.5,79675.6,4.6613,3.3121
1788590386721,1788590386597050,79695.5,79695.9,0.0002,0.16453,6714.6,2836568.19,6670950.81,390444.24,2564052.89,6962513.38,79715.71,79715.72,2.98897,2.27404,79675.5,79675.6,4.6613,3.2418
1788590386982,1788590386877019,79695.5,79695.9,0.0002,0.16453,6724.96,2836578.55,6670961.17,390444.24,2564052.89,6962513.38,79715.71,79715.72,2.98904,1.47936,79675.5,79675.6,4.6613,3.2396
1788590387226,1788590387194352,79689.4,79695.9,0.05,0.16453,675754.93,3040917.78,7030712.17,407049.65,2580658.3,6979118.8,79715.71,79715.72,2.98904,1.47943,79675.5,79675.6,4.6613,3.2396
1788590387470,1788590387420399,79689.2,79695.9,0.00013,0.12544,673135.42,3036943.77,7026738.16,387328.84,2564141.14,6962601.64,79715.71,79715.72,3.28921,2.27383,79675.5,79675.6,4.6613,3.24
1788590387730,1788590387662637,79695.1,79695.3,0.0002,0.24448,2778.75,2882405.59,6718062.06,492177.98,2670536.51,7069044.84,79715.71,79715.72,3.28921,2.27376,79675.5,79675.6,4.6613,3.24
1788590387973,1788590387900703,79688.3,79695.2,0.02023,0.01155,675034.05,3268818.06,7148142.36,473740.46,2652098.99,7050607.32,79715.71,79715.72,3.28607,2.26733,79675.5,79675.6,4.6613,3.24
1788590388231,1788590388194229,79694.6,79695.2,0.0002,0.00996,193935.21,2995760.68,6711738.17,421616.16,2583163.6,6861798.45,79715.71,79715.72,3.28405,2.2674,79675.5,79675.6,4.6613,3.3103
1788590388476,1788590388444674,79696.7,79696.9,0.0002,0.16555,1708.58,2965759.86,6683729.78,353942.93,2674208.0,6965222.7,79715.71,79715.72,3.28398,1.2404,79675.5,79675.6,4.7662,2.8549
1788590388720,1788590388686673,79696.7,79696.8,0.0002,0.13175,2695.14,2993184.87,6711154.79,408901.86,2729166.93,7020181.63,79715.71,79715.72,3.28398,1.36804,79675.5,79675.6,4.7662,2.9265
1788590388979,1788590388941872,79695.8,79696.7,0.00018,0.00627,2644.93,2994432.71,7041595.01,395936.77,2716200.6,7349075.07,79715.71,79715.72,3.28087,2.29839,79675.5,79675.6,4.7662,3.0659
1788590389223,1788590389191155,79695.8,79696.2,0.00018,0.12548,2624.97,2997136.97,7252241.82,394357.0,2733200.25,7366074.73,79715.71,79715.72,3.28087,2.29839,79675.5,79675.6,4.7662,3.0459
1788590389467,1788590389393197,79695.8,79697.0,0.0002,0.003,15149.25,2964833.56,7219938.41,278503.82,2939361.06,7579467.28,79715.71,79715.72,3.29119,0.79854,79678.1,79678.2,5.8208,2.7159
1788590389728,1788590389696095,79695.6,79698.7,0.00018,0.12548,27414.72,2993243.51,7248348.36,519277.96,3412583.49,7597560.29,79715.71,79715.72,3.2595,0.92018,79678.1,79678.2,5.8357,3.1379
1788590389973,1788590389923455,79698.2,79698.3,0.0002,0.00062,9959.09,3008416.22,7141797.18,276108.79,3330256.0,7542252.09,79715.71,79715.72,3.26146,0.79842,79678.1,79678.2,6.1001,2.9697
1788590390232,1788590390012676,79698.2,79698.3,0.0002,0.00062,10756.02,3009213.15,7142594.11,276108.79,3344431.03,7556427.11,79715.71,79715.72,3.25896,0.93984,79678.1,79678.2,5.9208,2.7365
1788590390476,1788590390434521,79695.5,79698.5,9e-05,0.0395,25478.27,3240527.1,7495633.02,547326.93,3480512.38,7665489.18,79715.71,79715.72,3.25924,0.9409,79678.1,79678.2,5.8804,2.8438
1788590390722,1788590390693936,79696.5,79696.6,0.0002,2.00189,10795.72,3240784.47,7495890.39,509029.3,3201655.87,7834530.34,79715.71,79715.72,3.25924,0.94114,79678.1,79678.2,5.8804,2.9146
1788590390967,1788590390897034,79696.5,79696.6,0.0002,2.00189,10785.36,3244987.0,7500092.92,522495.2,3171792.89,7804667.37,79715.71,79715.72,3.25931,0.94114,79678.1,79678.2,5.8804,2.8434
1788590391226,1788590391186467,79696.4,79696.6,0.0002,2.00188,10811.66,3276884.06,7531989.98,495726.9,3145024.6,7777899.07,79715.71,79715.72,3.25931,0.94326,79678.1,79678.2,5.7794,2.9842
1788590391470,1788590391429708,79696.2,79696.3,0.0002,0.119,7638.38,3098963.47,7354069.4,566143.98,3225392.89,7858267.36,79715.71,79715.72,3.24814,3.38757,79678.1,79678.2,3.4709,4.226
1788590391730,1788590391692662,79695.5,79696.5,9e-05,0.01213,22607.71,3098882.15,7353988.07,542756.75,3199378.41,7832252.88,79715.71,79715.72,3.24814,3.38764,79678.1,79678.2,3.4767,4.226
1788590391973,1788590391862934,79695.3,79695.4,0.00021,0.138,24138.5,3112569.11,7368948.89,427356.97,3153359.09,7786281.4,79715.71,79715.72,3.24814,3.38729,79678.1,79678.2,3.4709,4.4117
1788590392217,1788590392192316,79695.3,79695.4,0.00021,0.13796,22580.6,2982416.45,7238796.23,463713.26,2938292.35,7571214.66,79715.71,79715.72,1.88905,3.81257,79678.1,79678.2,0.8204,5.308
1788590392477,1788590392412505,79695.0,79695.3,0.00098,0.64142,23882.68,3178752.9,7227190.13,469132.5,2932929.51,7565851.82,79715.71,79715.72,1.88905,3.81264,79678.1,79678.2,0.9179,5.3013
1788590392719,1788590392676222,79688.7,79692.4,0.01816,0.00879,508498.32,3788107.7,7643533.58,333974.44,2950623.75,7644664.38,79715.71,79715.72,1.88905,3.81127,79678.1,79678.2,0.6203,5.3013
1788590392979,1788590392935239,79692.9,79693.5,0.0002,0.01277,47602.77,3441862.67,7395528.0,268808.55,3109626.97,7786353.61,79715.71,79715.72,1.88905,3.809,79678.1,79678.2,0.7069,5.3013
1788590393223,1788590393186438,79691.9,79693.5,0.00021,0.01277,51954.31,3455144.0,7568184.6,273323.98,3082261.37,7758988.0,79715.71,79715.72,1.88905,3.809,79678.1,79678.2,0.6203,5.3013
1788590393482,1788590393442109,79692.5,79692.6,0.0001,0.71174,42923.49,3418086.94,7371752.28,351124.75,3175306.53,7863391.16,79715.71,79715.72,1.74145,3.84503,79678.1,79678.2,0.3061,5.3013
1788590393727,1788590393674690,79687.0,79692.3,0.01813,0.70889,675851.41,3768793.95,7666749.42,506854.45,3311567.93,8005608.56,79715.71,79715.72,1.74099,3.46018,79674.1,79674.2,1.4485,6.8337
1788590393971,1788590393903982,79691.9,79692.5,0.0001,0.0125,52583.74,3481761.91,7594802.51,287200.38,3097853.12,7785937.75,79715.71,79715.72,1.74099,3.46032,79674.1,79674.2,1.4485,5.7617
1788590394232,1788590394198910,79692.3,79698.0,0.05,0.03888,180571.26,3320098.91,7273764.25,200546.23,3236294.44,7448290.53,79715.71,79715.72,3.29789,0.36307,79674.1,79674.2,7.3229,0.5268
1788590394479,1788590394393342,79697.9,79698.0,0.0002,0.75366,10300.21,2991710.97,6981831.99,206628.52,3175759.92,7455422.85,79715.71,79715.72,3.28762,0.36073,79674.1,79674.2,5.4452,0.5423
1788590394721,1788590394691408,79688.2,79695.0,0.34547,0.01155,712131.67,3799928.41,7655354.35,184231.75,2809704.08,7514279.99,79715.71,79715.72,3.28727,0.49769,79674.1,79674.2,5.7683,1.1895
1788590394980,1788590394926273,79697.0,79698.1,0.0002,0.00627,3146.17,3191112.3,7203154.96,147714.78,3134044.92,7413707.85,79715.71,79715.72,3.285,0.49776,79674.1,79674.2,5.7683,1.1895
1788590395223,1788590395195406,79690.1,79698.0,0.01487,0.05326,280724.41,3462860.88,7560367.64,415899.01,3402229.16,7681892.08,79715.71,79715.72,3.285,0.49786,79674.1,79674.2,5.7683,1.1895
1788590395469,1788590395396397,79695.8,79696.2,0.0002,0.00062,27604.83,3135021.44,7291857.08,407639.28,3013162.94,7713704.26,79715.71,79715.72,3.27533,3.56842,79674.1,79674.2,3.0111,2.492
1788590395731,1788590395694698,79695.7,79695.8,0.0002,0.01174,12942.97,3093928.9,7250764.53,403825.04,3018256.85,7718846.01,79715.71,79715.72,3.24985,2.87607,79674.1,79674.2,2.5708,1.4989
1788590395974,1788590395916795,79694.5,79696.0,0.0002,0.03905,29058.11,3245739.9,7403849.38,349120.91,2960041.79,7660583.1,79715.71,79715.72,3.25111,2.88884,79674.1,79674.2,2.5708,1.4989
1788590396219,1788590396195106,79694.5,79695.1,0.0002,0.00879,29058.11,3237178.83,7395288.32,335295.04,2926823.01,7631398.92,79715.71,79715.72,2.88475,3.02146,79674.1,79674.2,2.5214,2.3955
1788590396478,1788590396327709,79695.0,79695.1,0.0002,0.01357,26634.04,3257681.53,7415791.02,417777.09,3011963.41,7716539.32,79715.71,79715.72,3.25104,3.02132,79674.1,79674.2,3.1988,1.5689
1788590396724,1788590396696171,79695.0,79695.1,0.0002,0.01357,27430.95,3259379.65,7417489.13,273530.17,2859660.93,7564236.84,79715.71,79715.72,3.18624,0.77204,79674.1,79674.2,4.153,1.4268
1788590396968,1788590396940924,79696.5,79696.7,0.0002,0.00062,19714.27,3309829.01,7421678.9,361960.53,2926726.56,7627267.88,79715.71,79715.72,3.20147,0.63963,79674.1,79674.2,4.153,1.4268
1788590397229,1788590397080157,79696.5,79696.7,0.0002,0.00062,20673.73,3309707.12,7421557.01,363075.51,2927841.54,7628382.85,79715.71,79715.72,3.20147,0.6397,79674.1,79674.2,4.153,1.4268
1788590397472,1788590397314444,79696.5,79696.7,0.0002,0.00062,20673.73,3296081.52,7407931.4,363075.51,2927841.54,7628382.85,79715.71,79715.72,3.19915,0.6397,79674.1,79674.2,4.153,1.4268
1788590397731,1788590397673721,79696.5,79697.4,0.0002,0.00627,19876.82,3295310.14,7409159.29,414431.74,3406062.77,7683771.94,79715.71,79715.72,3.19829,0.71654,79674.1,79674.2,4.153,1.4268
1788590397976,1788590397716211,79697.3,79697.4,0.0002,0.00627,4237.14,3079990.72,7247420.36,414431.74,3406062.77,7683771.94,79715.71,79715.72,3.19829,0.71654,79674.1,79674.2,4.153,1.4268
1788590398220,1788590398151832,79697.3,79697.4,0.0002,0.00627,4247.5,3080001.09,7247430.73,423190.61,3414821.64,7692530.81,79715.71,79715.72,3.19829,0.71654,79674.1,79674.2,4.153,1.4268
1788590398480,1788590398432041,79694.3,79697.1,0.0002,0.01274,47851.98,3243036.39,7358159.4,380452.55,2945118.95,7652892.01,79715.71,79715.72,3.19836,0.65858,79674.1,79674.2,4.153,1.2887
1788590398724,1788590398652730,79696.9,79697.1,0.0002,0.01274,9561.3,3228965.21,7198021.39,412333.67,2979620.21,7687393.27,79715.71,79715.72,3.19717,0.38845,79674.1,79674.2,4.153,1.2887
1788590398968,1788590398943936,79696.9,79697.3,0.0002,0.03905,8764.39,3230851.12,7199907.3,417376.48,3105544.21,7689462.58,79715.71,79715.72,3.22363,0.70261,79674.1,79674.2,4.153,1.2887
1788590399224,1788590398943936,79696.9,79697.3,0.0002,0.03905,8764.39,3230851.12,7199907.3,417376.48,3105544.21,7689462.58,79715.71,79715.72,3.2237,0.70261,79674.1,79674.2,4.153,1.2887
1788590399470,1788590399426774,79696.9,79697.0,0.0002,0.02145,6174.45,3228261.18,7197317.36,412786.53,2977099.56,7684872.62,79715.71,79715.72,3.19521,3.75815,79674.1,79674.2,4.1485,1.2797
1788590399731,1788590399637679,79695.9,79696.8,0.00019,0.62873,32823.85,3211665.88,7325515.03,558761.7,3126278.39,7826819.71,79715.71,79715.72,3.19584,3.75869,79674.1,79674.2,4.1485,1.3505
1788590399977,1788590399945467,79691.6,79691.7,0.0002,0.069,43188.46,3214842.38,7329882.31,458929.65,3053041.52,7665423.09,79715.71,79715.72,2.03285,4.16819,79674.1,79674.2,2.7625,2.9279
1788590400222,1788590400185327,79691.6,79691.7,0.0002,0.069,43699.22,3450572.66,7565612.59,359793.36,2946453.16,7558834.73,79715.71,79715.72,2.03292,4.17631,79674.1,79674.2,2.7625,2.8447
1788590400467,1788590400301666,79691.6,79691.7,0.0002,0.068,44590.13,3465089.18,7580129.11,413874.09,3000533.9,7612915.47,79715.71,79715.72,2.03285,4.17641,79674.1,79674.2,2.7625,2.8518
1788590400727,1788590400646042,79691.0,79691.7,0.001,0.06867,32491.62,3408001.47,7523058.11,410094.93,2996754.74,7609136.31,79715.71,79715.72,2.0306,4.17641,79674.1,79674.2,2.7625,2.8496
1788590400971,1788590400945070,79688.2,79693.0,0.14658,0.60027,497057.63,3739572.64,7641976.02,455682.97,3068971.73,7824644.27,79715.71,79715.72,2.0306,4.24365,79674.1,79674.2,2.2037,2.8587
1788590401230,1788590401155199,79688.2,79693.5,0.04972,0.64572,537882.97,3812268.59,7714671.96,532763.49,3126277.32,7870670.79,79715.71,79715.72,2.02186,4.24365,79674.1,79674.2,2.2037,2.8583
1788590401473,1788590401439967,79688.2,79691.7,0.01403,0.00015,526388.01,3800773.62,7703177.0,498221.5,3084881.3,7697262.87,79715.71,79715.72,2.02186,4.05531,79674.1,79674.2,2.2037,2.8306
1788590401730,1788590401691285,79688.2,79692.1,0.01403,0.66344,531187.86,3805573.47,7707976.85,510597.87,3095403.92,7879625.32,79715.71,79715.72,2.01959,4.05531,79674.1,79674.2,2.2037,2.8585
1788590401973,1788590401909972,79691.8,79693.5,0.0002,0.60639,48370.04,3440939.53,7600957.63,487147.23,3080661.06,7825054.53,79715.71,79715.72,2.01959,4.05531,79674.1,79674.2,2.1913,2.8585
1788590402231,1788590402165022,79691.8,79693.5,0.0002,0.47034,43329.9,3438354.87,7598372.97,475928.17,3069498.4,7813891.87,79715.71,79715.72,1.94178,4.23528,79674.1,79674.2,2.1913,3.0834
1788590402476,1788590402425928,79691.8,79692.1,0.0002,0.24984,76835.36,3464957.65,7624975.75,476625.6,3042756.27,7826977.68,79715.71,79715.72,1.94171,4.23303,79674.1,79674.2,2.1913,3.0834
1788590402720,1788590402579460,79692.5,79692.6,0.0002,0.6594,56844.16,3445015.86,7445658.69,509281.37,3103865.23,7859616.7,79715.71,79715.72,1.94171,4.23303,79674.1,79674.2,2.1913,3.0847
1788590402981,1788590402942599,79692.5,79692.6,0.0502,0.6574,231886.49,3617861.38,7618504.21,416176.35,3011180.33,7766931.8,79715.71,79715.72,2.8932,1.08834,79674.1,79674.2,5.6799,1.6933
1788590403228,1788590403188373,79696.2,79696.3,0.0002,0.57366,14356.27,3172174.95,7566123.01,488697.9,3052052.95,7752594.26,79715.71,79715.72,2.89313,1.8803,79674.1,79674.2,5.4763,1.6233
1788590403473,1788590403371961,79696.2,79696.3,0.0002,0.57366,9354.15,3148928.24,7542876.29,467679.44,3031034.48,7731575.79,79715.71,79715.72,2.89344,1.88023,79674.1,79674.2,4.7473,1.3395
1788590403719,1788590403653061,79696.5,79696.8,0.0002,0.01148,60545.73,3231990.74,7625938.8,488508.52,3021523.24,7722064.56,79715.71,79715.72,2.89352,1.0859,79674.1,79674.2,4.7473,1.3395
1788590403975,1788590403943780,79696.7,79696.8,0.0002,0.58197,4884.23,3190506.21,7587720.55,533974.72,3066989.45,7767530.76,79715.71,79715.72,2.89359,1.0859,79674.1,79674.2,4.7473,1.3395
1788590404218,1788590404121666,79696.7,79696.8,0.0002,0.59197,1904.6,3235180.1,7632394.44,534771.01,3067785.74,7768327.05,79715.71,79715.72,2.89345,1.881,79674.1,79674.2,3.7006,2.0768
1788590404478,1788590404445310,79696.7,79696.8,0.0002,0.59393,1904.6,3019066.17,7416280.51,534976.63,3067941.94,7768483.25,79715.71,79715.72,1.97217,4.69763,79674.1,79674.2,2.5664,2.1788
1788590404721,1788590404676100,79696.7,79696.8,0.0002,0.89246,250.24,3011631.17,7408845.51,547289.41,3080254.71,7780796.03,79715.71,79715.72,0.61451,4.7339,79674.1,79674.2,2.4162,4.5758
1788590404980,1788590404935587,79694.9,79695.0,1e-05,0.70467,4600.41,3062825.0,7458046.91,609320.78,3168996.34,7873572.25,79715.71,79715.72,0.61451,4.65731,79674.1,79674.2,2.4162,4.5758
1788590405225,1788590405177425,79692.5,79692.6,0.0002,0.55694,17125.51,3397212.39,7397855.23,674860.0,3269195.61,8024947.08,79715.71,79715.72,0.74717,4.1412,79674.1,79674.2,2.4162,4.4346
1788590405469,1788590405425060,79692.5,79692.6,0.0002,0.0003,225852.15,3605939.04,7606581.87,406614.04,3004153.22,7759904.69,79715.71,79715.72,1.70016,2.05288,79674.1,79674.2,3.3046,2.3999
1788590405730,1788590405694090,79692.4,79692.5,0.0002,0.26558,96.43,1085656.74,5339546.28,994677.79,2613517.61,7346839.64,79704.72,79704.73,0.49047,6.18725,79661.6,79661.7,1.4269,6.5908
1788590405972,1788590405942319,79679.0,79679.2,0.0002,2.00125,111301.04,2703271.44,7403338.94,495832.31,2243320.38,7432323.1,79704.72,79704.73,0.48176,6.33902,79661.6,79661.7,1.3789,6.5823
1788590406228,1788590406191565,79674.6,79674.7,0.5747,0.119,372297.52,2870253.48,8818906.77,341847.35,2081976.8,7117552.58,79704.72,79704.73,0.56159,6.33934,79661.6,79661.7,1.2259,6.5877
1788590406475,1788590406442397,79674.6,79674.7,0.0002,0.00085,408697.58,2901938.96,6758443.56,242758.86,2371843.73,6976998.81,79704.72,79704.73,0.5741,5.706,79661.5,79661.6,0.1242,6.5174
1788590406720,1788590406692867,79674.5,79676.9,0.02655,0.0088,488125.67,3081607.67,7756621.04,499911.83,2709698.68,7460425.62,79704.72,79704.73,0.27271,5.6641,79654.4,79654.5,5.1391,2.9715
1788590406967,1788590406894590,79676.0,79676.2,0.0002,0.00793,84595.13,3027019.69,7710691.44,497372.11,2578469.29,7361161.44,79704.72,79704.73,0.27271,5.69704,79654.4,79654.5,5.1391,2.9715
1788590407230,1788590407144044,79674.3,79674.4,0.0002,2.41305,203902.93,2510030.77,5719221.64,546004.74,2792950.37,6646568.7,79693.45,79693.46,1.17573,5.14621,79654.4,79654.5,0.8893,6.6115
1788590407479,1788590407445475,79666.7,79670.8,2.51206,0.01025,530930.8,2962644.44,7267494.1,434396.27,2348205.49,6111981.02,79693.45,79693.46,1.17353,5.23437,79654.4,79654.5,0.2914,6.6096
1788590407729,1788590407642623,79666.7,79670.7,2.5118,0.01277,489557.15,2921284.72,7726160.81,465118.32,2335246.31,6099021.83,79693.45,79693.46,1.0313,5.24634,79654.4,79654.5,0.2914,6.6202
1788590407973,1788590407928386,79666.7,79669.1,2.5118,0.31375,475751.01,2883900.7,7569340.95,417461.98,2262799.08,6053256.88,79693.45,79693.46,0.88174,5.24634,79654.4,79654.5,0.2514,6.6202
1788590408220,1788590408096582,79666.7,79669.1,2.5116,0.31375,477626.33,3141344.08,7627722.33,425182.48,2322519.6,6112977.4,79693.45,79693.46,1.05057,5.24634,79654.3,79654.4,0.0907,6.7603
1788590408467,1788590408390851,79666.7,79669.1,2.5116,0.31375,477626.33,3155965.04,7746920.36,425182.48,2322519.6,6223280.78,79693.45,79693.46,1.05057,5.24634,79654.3,79654.4,0.0907,8.0007
1788590408730,1788590408693919,79666.7,79669.2,2.5116,0.00013,532919.91,3211219.67,7802175.0,393823.68,2291158.69,6191919.88,79693.45,79693.46,1.11933,5.24413,79654.3,79654.4,0.3947,8.0007
1788590408976,1788590408938907,79666.7,79670.3,2.5116,0.64089,491165.97,3261033.09,7807004.33,479272.26,2359944.72,6261020.78,79693.45,79693.46,1.11774,5.24461,79654.1,79654.2,0.0796,8.5808
1788590409225,1788590409131718,79666.7,79670.2,2.5116,0.56489,552990.4,3290997.83,7836969.07,525073.88,2425413.67,6326489.73,79693.45,79693.46,1.1194,5.23682,79654.1,79654.2,0.0796,8.5846
1788590409471,1788590409433183,79666.7,79670.0,2.5116,0.26331,555037.7,3324925.07,7870896.31,535648.39,2493438.27,6394514.33,79693.45,79693.46,1.11875,5.22778,79654.1,79654.2,0.39,8.4964
1788590409720,1788590409689647,79666.7,79670.0,2.5116,0.26331,506167.14,3384409.11,7930380.35,572760.68,2530550.56,6431656.91,79693.45,79693.46,1.11834,5.2273,79654.1,79654.2,0.29,8.4977
1788590409968,1788590409811397,79666.7,79670.0,2.5116,0.26331,506167.14,3384409.11,7930380.35,571963.95,2544758.01,6445864.36,79693.45,79693.46,1.11834,5.22778,79654.1,79654.2,0.29,8.4977
1788590410229,1788590410190291,79666.7,79670.1,2.5116,0.01196,535064.3,3396446.85,7942418.08,361161.21,2412097.44,6313203.79,79693.45,79693.46,1.11708,5.22858,79654.1,79654.2,0.29,8.6811
1788590410473,1788590410393699,79666.7,79670.1,2.5116,0.01196,520063.13,3198970.86,7744942.1,361957.94,2439389.96,6340496.32,79693.45,79693.46,0.79807,5.2283,79654.1,79654.2,0.0001,8.6811
1788590410720,1788590410628486,79666.7,79669.4,2.5116,0.01155,488253.96,3550697.16,8096668.4,546893.14,2585957.87,6477720.69,79693.45,79693.46,0.94334,5.22865,79654.0,79654.1,0.3595,9.5222
1788590410971,1788590410935064,79666.7,79669.2,2.5116,0.59309,531248.33,3625977.33,8171948.57,586583.98,2850296.11,6751087.59,79693.45,79693.46,0.91962,5.23643,79654.0,79654.1,0.0816,9.5222
1788590411229,1788590411138393,79666.7,79669.2,2.5116,0.01257,489560.03,3585289.53,8131260.77,548484.88,2797189.2,6697980.67,79693.45,79693.46,0.92134,5.23645,79654.0,79654.1,0.358,9.5222
1788590411472,1788590411440878,79665.3,79666.6,0.00013,0.00924,62503.24,2950966.28,7354256.02,637428.22,2843484.51,6502376.1,79693.45,79693.46,0.29564,5.29044,79654.0,79654.1,0.0815,9.7799
1788590411732,1788590411696288,79664.0,79666.0,0.00021,0.31395,113645.54,3155641.25,7837122.84,439330.88,2422604.64,6439546.65,79693.45,79693.46,0.21331,5.29201,79654.0,79654.1,0.0815,9.7146
1788590411976,1788590411942239,79664.0,79666.9,0.00021,0.00062,64089.38,3428358.7,7791372.49,601467.69,2605685.0,6458365.07,79693.45,79693.46,0.21331,5.29192,79654.0,79654.1,0.0815,9.7146
1788590412222,1788590412101829,79664.0,79666.9,0.00021,0.00062,65912.88,3486040.03,7849053.82,602454.35,2606671.66,6459351.73,79693.45,79693.46,0.21008,5.28307,79654.0,79654.1,0.0721,9.7146
1788590412482,1788590412435121,79664.0,79666.9,0.00021,0.00062,106996.74,3538087.8,7901101.59,602454.35,2864041.68,6716721.75,79693.45,79693.46,0.2104,5.28307,79654.0,79654.1,0.0721,9.7146
1788590412728,1788590412694638,79664.0,79666.9,0.00021,0.00062,109076.76,3591300.99,7954314.78,601501.91,2863089.25,6715769.32,79693.45,79693.46,0.70424,5.2808,79654.0,79654.1,0.3177,9.7146
1788590412971,1788590412944750,79664.1,79668.1,0.05,0.00062,307410.89,3793992.11,8158005.98,574615.14,2805859.64,6689878.78,79693.45,79693.46,1.39971,5.28059,79654.0,79654.1,0.6162,9.7079
1788590413230,1788590413194436,79664.2,79668.9,0.00036,0.00062,313012.03,3785876.14,8149890.01,612287.22,2845121.56,6729140.69,79693.45,79693.46,1.10673,5.3482,79654.0,79654.1,0.5298,9.7079
1788590413472,1788590413422081,79664.2,79668.9,0.00036,0.00062,299390.38,3758690.78,8033820.76,597232.16,2830066.5,6802970.63,79693.45,79693.46,1.10673,5.3482,79654.0,79654.1,0.5298,9.7079
1788590413718,1788590413689167,79664.2,79668.9,0.00036,0.00062,306866.78,3783770.97,8058900.95,612246.73,2842466.18,6815370.32,79693.45,79693.46,1.10799,5.3482,79654.0,79654.1,0.5298,9.7079
1788590413976,1788590413871511,79664.2,79668.9,0.00019,0.00062,308840.84,3756523.99,8031653.96,608032.96,2840959.32,6813863.46,79693.45,79693.46,1.10806,5.3482,79654.0,79654.1,0.4989,9.7079
1788590414221,1788590414192724,79663.3,79668.9,0.53764,0.00062,531744.0,3949275.99,8146786.88,608043.07,2840969.44,6813873.58,79693.45,79693.46,1.10806,5.3482,79654.0,79654.1,0.4989,9.7079
1788590414479,1788590414390034,79663.6,79669.1,0.05,0.01,308256.81,3940834.69,8150770.06,607993.71,2840969.48,6813873.62,79693.45,79693.46,1.10806,5.3489,79654.0,79654.1,0.4989,9.7079
1788590414722,1788590414684245,79663.3,79669.2,0.53764,0.34645,531754.36,3949256.08,8146736.73,583750.7,2812741.24,6785554.48,79693.45,79693.46,1.10579,5.3489,79654.0,79654.1,0.4483,9.7324
1788590414981,1788590414906948,79663.3,79669.2,0.53764,0.34645,531754.36,3949256.08,8146766.98,635626.41,2868602.06,6841415.3,79693.45,79693.46,1.1058,5.3489,79654.0,79654.1,0.4483,9.7324
1788590415226,1788590415190830,79663.3,79669.0,0.53733,0.01,531729.66,3949280.77,8146791.67,636419.91,2869395.56,6842208.81,79693.45,79693.46,1.10488,5.3489,79654.0,79654.1,0.4483,9.7324
1788590415469,1788590415439718,79663.9,79668.9,0.05,0.22375,308375.07,3940972.06,8062019.85,602357.38,2835333.03,6808146.27,79693.45,79693.46,1.10546,5.3489,79654.0,79654.1,0.4483,9.7305
1788590415729,1788590415695120,79663.6,79668.9,0.05,0.22375,310053.88,3939897.96,8149833.34,650901.31,2881170.05,6853983.29,79693.45,79693.46,1.10546,5.3489,79654.0,79654.1,0.4466,9.7324
1788590415974,1788590415851604,79663.6,79668.9,0.05,0.22375,310043.52,3928165.34,8138100.72,651411.19,2881679.94,6854493.18,79693.45,79693.46,1.10616,5.3489,79654.0,79654.1,0.4466,9.7324
1788590416219,1788590416153979,79663.6,79668.9,0.05,0.22375,310043.52,3928165.34,8138100.72,651411.19,2881679.94,6854523.48,79693.45,79693.46,1.10616,5.3489,79654.0,79654.1,0.4466,9.7318
1788590416476,1788590416367123,79663.6,79668.9,0.05,0.22375,310053.88,3963088.66,8173024.04,651411.19,2881679.94,6854523.48,79693.45,79693.46,1.10664,5.3489,79654.0,79654.1,0.4466,9.7337
1788590416719,1788590416629393,79663.6,79668.5,0.05,0.10887,261419.44,3914454.22,8124389.6,661749.64,2892613.57,6865457.12,79693.45,79693.46,1.10514,5.34864,79654.0,79654.1,0.1805,9.7337
1788590416981,1788590416919132,79663.9,79668.4,0.05,0.25324,310158.91,3963263.08,8084310.86,604176.9,2835040.83,6807884.37,79693.45,79693.46,1.16784,5.3511,79654.0,79654.1,0.4793,9.7318
1788590417224,1788590417164889,79663.9,79668.4,0.05,0.2534,259770.08,3912874.25,8033922.04,656907.42,2887771.35,6860614.89,79693.45,79693.46,1.16934,5.35012,79654.0,79654.1,0.4876,9.7318
1788590417471,1788590417433460,79663.9,79668.4,0.03768,0.25336,262639.17,3908958.47,8030006.25,656904.42,2880983.97,6853827.51,79693.45,79693.46,1.16784,5.35012,79654.0,79654.1,0.4876,9.7305
1788590417728,1788590417673949,79661.4,79668.4,0.19241,0.25336,669059.86,3882612.0,8248210.56,656904.42,2876998.86,6849842.4,79693.45,79693.46,1.16934,5.35012,79654.0,79654.1,0.4876,9.7305
1788590417975,1788590417864487,79662.2,79667.6,0.10632,0.10532,540181.28,3962017.41,8326615.62,597032.0,2876723.18,6851372.9,79693.45,79693.46,1.16471,5.35012,79654.0,79654.1,0.4876,9.7279
1788590418222,1788590418191155,79662.2,79667.6,0.10632,0.10532,540181.28,3962017.41,8326615.62,597032.02,2880708.31,6855358.02,79693.45,79693.46,1.16471,5.35012,79654.0,79654.1,0.4803,9.7279
1788590418469,1788590418419259,79662.3,79667.6,0.01208,0.10564,541143.6,3962979.73,8327577.94,597057.51,2851522.54,6826172.25,79693.45,79693.46,1.16437,5.35012,79654.0,79654.1,0.4803,9.7279
1788590418729,1788590418668421,79661.5,79667.6,0.48963,0.10564,702552.37,3947964.67,8313563.23,639582.35,2890062.26,6865446.92,79693.45,79693.46,1.16223,5.35012,79654.0,79654.1,0.4469,9.7279
1788590418974,1788590418923328,79661.6,79667.6,0.50959,0.10564,709720.94,3955133.24,8320731.8,635569.55,2890034.58,6865419.24,79693.45,79693.46,1.16223,5.35012,79654.0,79654.1,0.1732,9.7279
1788590419221,1788590419165442,79662.8,79667.6,0.02745,0.10621,487427.34,3870043.41,8074768.53,578228.0,2785798.64,6761183.3,79693.45,79693.46,1.16373,5.33758,79654.0,79654.1,0.4386,9.7128
1788590419481,1788590419422566,79662.7,79667.6,0.02367,0.0014,534337.35,3916136.66,8121418.86,569878.04,2777448.68,6752833.34,79693.45,79693.46,1.16373,5.33772,79654.0,79654.1,0.4386,9.7128
1788590419724,1788590419667620,79662.1,79667.6,0.00312,0.5858,492250.78,3948620.67,8313218.88,537658.84,2820963.4,6796348.06,79693.45,79693.46,1.16223,5.33772,79654.0,79654.1,0.4386,9.7128
1788590419968,1788590419904240,79661.4,79667.5,0.19241,0.38851,663470.33,3916370.85,8281969.41,567702.24,2851006.8,6826391.46,79693.45,79693.46,1.16223,5.33737,79654.0,79654.1,0.4386,9.7128
1788590420227,1788590420168866,79661.6,79667.5,0.60769,0.38726,716646.03,3996641.68,8362240.24,568924.7,2852229.26,6827613.92,79693.45,79693.46,1.16373,5.33737,79654.0,79654.1,0.4386,9.7128
1788590420472,1788590420447035,79662.9,79669.0,0.00031,0.14658,530976.93,3996989.21,8194500.11,449164.46,2700162.32,6673740.81,79693.45,79693.46,1.17944,5.33728,79654.0,79654.1,0.4386,9.7128
1788590420720,1788590420629748,79662.9,79669.0,0.00031,0.14658,530976.93,3996989.21,8194500.11,498929.28,2722040.98,6695619.46,79693.45,79693.46,1.17944,5.33728,79654.0,79654.1,0.4386,9.7147
1788590420980,1788590420940840,79668.2,79668.3,0.0002,0.00146,76263.17,3684010.66,7948353.05,448675.23,2704252.99,6677831.48,79693.45,79693.46,1.30813,5.29728,79654.0,79654.1,0.7343,9.7128
1788590421224,1788590421173741,79668.2,79668.3,0.0002,0.00191,80351.47,3613059.8,7877402.2,409727.94,2666329.01,6639907.5,79693.45,79693.46,2.27144,5.29115,79654.0,79654.1,0.8855,9.7128
1788590421469,1788590421442599,79662.9,79668.3,0.00031,0.00191,506817.74,3954344.35,8151855.25,356542.79,2614133.53,6587712.01,79693.45,79693.46,2.26917,5.29129,79654.0,79654.1,0.8852,9.7196
1788590421727,1788590421682843,79663.9,79668.3,0.0005,0.00191,304712.11,3972075.88,8093123.67,409686.48,2667277.21,6640855.7,79693.45,79693.46,2.11504,5.29129,79654.0,79654.1,0.8852,9.7196
1788590421971,1788590421911512,79664.2,79668.3,0.05,0.00191,308695.32,3824720.25,8099850.23,440967.3,2669347.05,6642925.53,79693.45,79693.46,2.11518,5.29128,79654.0,79654.1,0.8852,9.7196
1788590422229,1788590422193405,79664.5,79668.3,0.04,0.00187,311796.67,3823839.01,8098968.99,439945.52,2668325.26,6641903.75,79693.45,79693.46,2.11486,5.29128,79654.0,79654.1,0.8852,9.7196
1788590422472,1788590422447209,79663.9,79668.3,0.0005,0.00187,297877.23,3974769.36,8095817.15,440635.48,2671814.51,6645393.0,79693.45,79693.46,1.95424,5.29128,79654.0,79654.1,0.6897,9.7215
1788590422730,1788590422692779,79666.4,79668.2,0.0002,0.22581,248327.85,3638002.19,8056985.12,594849.63,2830013.84,6803592.33,79693.45,79693.46,1.8107,5.23128,79654.0,79654.1,0.4386,9.7196
1788590422971,1788590422877528,79666.3,79668.2,0.0002,0.00187,218228.64,3607902.98,8026885.91,603162.02,2838326.23,6811904.72,79693.45,79693.46,1.93135,5.23128,79654.0,79654.1,0.4386,9.7196
1788590423219,1788590423177604,79666.3,79668.2,0.0002,0.00187,233727.15,3637022.59,8056005.52,603172.38,2838336.59,6811915.08,79693.45,79693.46,1.8094,5.23111,79654.0,79654.1,0.4383,9.7196
1788590423479,1788590423444506,79666.3,79668.2,0.0002,0.00187,264955.72,3670934.73,8089917.66,548703.02,2781207.31,6754785.8,79693.45,79693.46,1.9378,5.21251,79654.0,79654.1,0.4396,9.7183
1788590423724,1788590423666843,79666.3,79668.2,0.0002,0.00187,264955.72,3670880.57,8089863.5,547906.75,2783041.45,6756619.94,79693.45,79693.46,1.93586,5.21244,79654.0,79654.1,0.4396,9.7183
1788590423969,1788590423666843,79666.3,79668.2,0.0002,0.00187,264955.72,3670880.57,8089863.5,547906.75,2783041.45,6756619.94,79693.45,79693.46,1.93607,5.21244,79654.0,79654.1,0.4396,9.7156
1788590424229,1788590424186302,79666.3,79668.2,0.0002,0.00187,264955.72,3670880.57,8089863.5,599611.21,2834745.94,6808324.43,79693.45,79693.46,1.93586,5.15244,79654.0,79654.1,0.4396,9.6511
1788590424473,1788590424345388,79666.3,79668.2,0.0002,0.00187,264955.72,3670880.57,8089863.5,599561.81,2834745.95,6808324.43,79693.45,79693.46,1.93593,5.15331,79654.0,79654.1,0.6584,9.6511
1788590424716,1788590424653110,79666.3,79668.2,0.0002,0.00187,265115.86,3671040.71,8090023.64,600651.71,2835835.84,6809414.33,79693.45,79693.46,1.93593,5.15193,79654.0,79654.1,0.4386,9.6511
1788590424976,1788590424885670,79666.3,79668.2,0.0002,0.00187,265115.86,3671040.71,8090023.64,601448.41,2836632.53,7830354.56,79693.45,79693.46,1.93593,5.14943,79654.0,79654.1,0.4399,9.7436
1788590425219,1788590425130160,79666.3,79668.2,0.0002,0.00187,265115.86,3671040.71,8090023.64,600602.32,2835835.83,7829557.86,79693.45,79693.46,1.93593,5.14566,79654.0,79654.1,0.4386,9.7436
1788590425477,1788590425410239,79666.3,79668.2,0.0002,0.00187,265115.86,3656792.27,8075775.21,600602.32,2821588.02,7815310.05,79693.45,79693.46,1.93274,5.14524,79654.0,79654.1,0.4386,9.7449
1788590425722,1788590425682111,79666.8,79668.2,0.15492,0.00187,50923.62,3633090.3,8052073.23,549197.79,2770183.5,7763905.53,79693.45,79693.46,1.93274,4.93342,79654.0,79654.1,0.7414,9.7436
1788590425979,1788590425937528,79666.3,79668.2,0.0002,0.00187,270276.56,3659267.05,8078249.98,600411.01,2821435.76,7815157.79,79693.45,79693.46,1.93267,4.87272,79654.0,79654.1,0.4296,9.721
1788590426221,1788590426161144,79666.3,79668.2,0.0002,0.00187,270266.2,3659256.69,8078239.63,600400.65,2821451.7,7815173.73,79693.45,79693.46,1.93267,4.87237,79654.0,79654.1,0.4283,9.7223
1788590426467,1788590426386505,79666.3,79668.2,0.0002,0.00187,269565.96,3658566.81,8077549.74,601197.34,2822248.38,7815970.4,79693.45,79693.46,1.9326,4.87237,79654.0,79654.1,0.428,9.7223
1788590426727,1788590426688083,79666.2,79666.3,0.0002,0.00187,265354.86,3654355.7,8073338.63,361604.76,2653740.13,7691500.03,79693.45,79693.46,1.87164,4.89009,79654.0,79654.1,0.428,9.7242
1788590426974,1788590426898594,79666.2,79666.3,0.0002,0.01187,222180.32,3607198.49,8026181.42,366835.02,2658970.38,7696730.29,79693.45,79693.46,1.87164,4.88919,79654.0,79654.1,0.428,9.7223
1788590427218,1788590427186479,79666.2,79666.3,0.0002,0.00187,221251.44,3608940.45,8027923.39,366038.35,2660787.4,7698547.3,79693.45,79693.46,1.87171,4.88919,79654.0,79654.1,0.428,9.7449
1788590427476,1788590427405351,79666.2,79666.3,0.0002,0.00187,228963.36,3632919.39,8051902.32,156490.7,2463523.76,7501283.66,79693.45,79693.46,1.87164,4.88913,79654.0,79654.1,0.428,9.7449
1788590427731,1788590427627408,79666.2,79666.3,0.0002,0.00187,268904.5,3672860.54,8091843.47,98693.96,2405727.02,7443486.92,79693.45,79693.46,1.87171,4.88831,79654.0,79654.1,0.428,9.7449
1788590427974,1788590427942168,79666.2,79666.3,0.7219,0.00187,500664.29,3532977.88,7951960.82,159.33,1389937.4,6361309.87,79693.45,79693.46,3.51944,0.35724,79654.0,79654.1,4.7817,0.3233
1788590428218,1788590428186894,79677.1,79677.2,0.0002,0.12551,176249.21,2428477.64,7087290.76,228370.67,4106912.29,8883495.64,79693.45,79693.46,3.63293,0.51937,79654.0,79654.1,4.7651,0.1153
1788590428478,1788590428433613,79677.1,79677.2,0.0002,0.12531,193866.82,2388911.45,7047726.07,228354.74,4106894.31,8883456.65,79693.45,79693.46,3.63293,0.5193,79654.0,79654.1,4.7651,0.1153
1788590428722,1788590428676220,79677.1,79677.2,0.0002,0.13692,191177.04,2405383.23,7064197.85,229278.82,4107818.4,8884372.34,79693.45,79693.46,3.62928,0.52094,79654.0,79654.1,4.765,0.6401
1788590428967,1788590428946644,79677.1,79677.2,0.0502,0.01161,202629.59,2462822.95,7113974.31,144627.89,3962136.9,8658958.94,79693.45,79693.46,3.7569,0.19471,79654.0,79654.1,4.7602,0.1152
1788590429227,1788590429186071,79677.1,79680.3,0.0502,0.80264,236954.92,2540764.18,7191915.54,403203.24,4127131.25,8942952.96,79693.45,79693.46,3.7569,0.19471,79654.0,79654.1,4.7651,0.1152
1788590429472,1788590429444440,79680.2,79680.3,0.0002,0.03888,18785.62,2339700.65,7083681.66,371666.52,4129131.0,8944952.71,79693.46,79693.47,7.65405,0.34821,79654.0,79654.1,4.7651,0.1152
1788590429716,1788590429685198,79680.2,79680.3,0.0002,0.16439,51993.31,2427560.79,7171541.8,348080.52,4110805.89,8926627.6,79693.46,79693.47,8.05163,0.09352,79654.0,79654.1,4.7651,0.1152
1788590429978,1788590429859335,79679.9,79680.3,0.00018,0.16439,12872.17,2437350.01,7175044.21,400081.06,4165516.36,8981338.07,79693.46,79693.47,8.05163,0.09352,79654.0,79654.1,4.7651,0.1152
1788590430224,1788590430185875,79679.9,79680.0,0.00018,0.80482,48170.79,2454907.91,7192602.12,478150.47,4272439.13,9088394.54,79693.46,79693.47,8.04936,0.092,79654.0,79654.1,4.7418,0.1152
1788590430468,1788590430404514,79679.9,79680.0,0.00018,0.0019,48170.79,2486770.91,7224465.12,414173.8,4208462.47,9024417.88,79693.46,79693.47,8.05186,0.092,79654.0,79654.1,4.7418,0.1152
1788590430726,1788590430692950,79679.9,79680.0,0.00018,0.0019,14855.28,2426049.5,7163743.71,363845.07,4222319.45,9038274.86,79693.46,79693.47,8.05186,0.092,79654.0,79654.1,4.7423,0.1152
1788590430969,1788590430924823,79679.9,79680.0,0.00018,0.1274,14855.28,2426049.5,7163743.71,373844.91,4232319.29,9048274.7,79693.46,79693.47,8.04317,0.09326,79655.9,79656.0,6.3789,0.4672
1788590431230,1788590431181186,79679.9,79680.0,0.00018,2.14069,7995.18,2567862.07,7305556.27,502184.22,4358044.03,9173999.44,79693.46,79693.47,8.04317,0.09038,79655.9,79656.0,6.4603,0.9122
1788590431476,1788590431441990,79674.7,79678.9,0.05,0.01216,232531.69,3320322.52,7614120.35,723803.71,4690445.15,9466799.3,79693.46,79693.47,8.05562,0.09038,79655.9,79656.0,6.3936,0.9182
1788590431721,1788590431675799,79678.4,79679.7,0.0002,0.01297,219485.27,2993041.93,7671981.36,542931.54,4515497.43,9333310.31,79693.46,79693.47,7.89586,0.09011,79655.9,79656.0,6.38,0.423
1788590431968,1788590431931694,79675.3,79678.9,0.05,0.01301,274603.97,3272437.13,7881548.52,647248.5,4843391.55,9619745.7,79693.46,79693.47,7.89586,0.24092,79655.9,79656.0,6.38,0.9921
1788590432228,1788590432192248,79677.2,79677.3,0.00018,0.14194,249515.56,3061084.4,7712235.77,578512.81,4935813.4,9712224.15,79693.46,79693.47,7.86782,0.16054,79655.9,79656.0,6.4546,1.228
1788590432473,1788590432424555,79677.0,79677.6,0.0002,0.41511,250761.45,3030467.41,7681618.77,725502.68,4923232.26,9699643.01,79693.46,79693.47,7.92459,0.03461,79655.9,79656.0,6.3803,0.9912
1788590432731,1788590432669065,79676.9,79677.4,0.0002,0.23342,251169.45,3060046.14,7711197.5,551663.76,4886032.88,9662443.63,79693.46,79693.47,7.91339,0.41769,79655.9,79656.0,6.8514,2.0172
1788590432977,1788590432942642,79676.8,79676.9,0.0002,0.138,240156.76,3193456.37,7685183.22,559989.61,4901402.67,9658155.77,79693.46,79693.47,7.92485,0.41769,79655.9,79656.0,6.6906,1.7949
1788590433221,1788590433154291,79676.8,79676.9,0.0002,0.138,208594.33,3179654.0,7671380.84,420221.82,4796637.5,9553390.61,79693.46,79693.47,7.92485,0.4067,79655.9,79656.0,6.5935,1.4008
1788590433478,1788590433353066,79676.8,79676.9,0.0002,0.138,204473.62,3175533.28,7667260.13,476972.26,4853387.95,9610141.05,79693.46,79693.47,7.92485,0.20569,79655.9,79656.0,6.5885,1.0848
1788590433722,1788590433689191,79676.8,79676.9,0.0002,0.138,204401.93,3172702.94,7664429.79,476972.18,4838381.18,9595134.29,79693.46,79693.47,7.92485,0.20576,79655.9,79656.0,6.4776,1.1839
1788590433968,1788590433831037,79676.8,79676.9,0.0002,0.138,204401.93,3172702.94,7664429.79,476175.38,4852590.81,9609343.92,79693.46,79693.47,7.92735,0.33673,79655.9,79656.0,6.4776,1.2705
1788590434227,1788590434138574,79676.8,79676.9,0.0002,0.138,204401.93,3175403.55,7667130.4,476972.18,4850742.62,9607495.73,79693.46,79693.47,8.03401,0.3368,79655.9,79656.0,6.4609,1.323
1788590434469,1788590434439035,79676.8,79676.9,0.0002,0.13055,204401.93,3172702.94,7664429.79,419638.5,4796075.46,9552828.57,79693.46,79693.47,8.03401,0.3368,79655.9,79656.0,6.5782,1.1315
1788590434724,1788590434695170,79676.8,79677.0,0.0002,0.002,204401.93,3143577.6,7635304.44,367316.07,4743753.03,9500506.13,79693.46,79693.47,8.03401,0.3417,79655.9,79656.0,6.638,1.3558
1788590434968,1788590434943745,79676.8,79677.0,0.0002,0.002,204352.53,3175256.46,7666983.3,313754.07,4690191.03,9446944.14,79693.46,79693.47,7.9923,0.34112,79655.9,79656.0,6.638,1.3607
1788590435227,1788590435159655,79679.6,79679.7,0.0002,0.01172,42911.13,2706144.36,7663827.47,462568.95,4657505.15,9486161.04,79693.46,79693.47,7.99166,0.3277,79655.9,79656.0,6.499,1.3611
1788590435472,1788590435423689,79679.1,79679.6,0.00019,0.04019,46750.48,2771837.42,7686854.86,516114.65,4707938.76,9536036.33,79693.46,79693.47,7.99166,0.32273,79655.9,79656.0,6.5433,1.3648
1788590435719,1788590435645186,79679.1,79679.6,0.00019,0.1657,13973.82,2739060.76,7654078.2,526147.89,4717972.0,9546069.57,79693.46,79693.47,7.99158,0.32273,79655.9,79656.0,6.6793,1.5505
1788590435980,1788590435864739,79679.1,79679.6,0.00019,0.04019,13973.82,2739060.76,7654078.2,516147.31,4707971.42,9536068.99,79693.46,79693.47,7.99158,0.32273,79655.9,79656.0,6.6793,1.5505
1788590436225,1788590436194688,79678.6,79679.0,0.0002,0.04013,50425.62,2820892.99,7503979.6,514250.07,4706172.99,9493370.15,79693.46,79693.47,7.99158,0.32294,79655.9,79656.0,6.0204,1.603
1788590436471,1788590436410036,79678.6,79679.2,0.0002,0.03905,49717.31,2820184.67,7503271.29,515228.54,4707102.06,9494299.22,79693.46,79693.47,7.99158,0.31325,79655.9,79656.0,6.0204,1.5535
1788590436731,1788590436668235,79678.6,79678.9,0.0002,0.01185,49961.12,2820428.49,7503515.1,491387.34,4683310.26,9470507.42,79693.46,79693.47,7.99158,0.25311,79655.9,79656.0,5.8844,1.5074
1788590436976,1788590436832022,79678.6,79678.9,0.0002,0.01185,49961.11,2820428.48,7503515.09,491376.98,4683299.9,9470497.06,79693.46,79693.47,7.99158,0.25304,79655.9,79656.0,5.8143,1.5016
1788590437221,1788590437112095,79678.6,79678.9,0.0002,0.01185,49961.11,2820428.48,7503515.09,517094.58,4709017.5,9496214.66,79693.46,79693.47,7.99158,0.38904,79655.9,79656.0,5.8143,1.5074
1788590437478,1788590437424533,79678.6,79678.7,0.0002,0.62354,45219.75,2809837.29,7492923.91,579040.55,4766907.34,9554161.09,79693.46,79693.47,7.58931,0.40828,79655.9,79656.0,5.8143,1.5074
1788590437724,1788590437691702,79672.9,79678.6,0.08747,0.64742,299954.98,3577062.16,7672497.43,629829.26,4817696.05,9604949.81,79693.46,79693.47,7.58904,0.3573,79655.9,79656.0,5.8143,1.5074
1788590437967,1788590437925402,79677.0,79677.2,0.0002,0.00689,47838.49,2857594.16,7508745.52,370573.52,4743606.27,9530860.03,79693.46,79693.47,7.58904,0.3573,79655.9,79656.0,5.8143,1.5074
1788590438228,1788590438159660,79677.0,79677.2,0.0002,0.00689,47838.49,2857594.16,7508745.52,369570.01,4742602.75,9529856.51,79693.46,79693.47,7.58904,0.3573,79655.9,79656.0,5.8143,1.5074
1788590438473,1788590438446930,79672.9,79677.4,0.08745,0.01165,295858.27,3535870.82,7631306.1,333838.66,4646972.38,9434226.13,79693.46,79693.47,7.58904,0.20674,79655.9,79656.0,5.1202,0.913
1788590438718,1788590438687256,79678.2,79679.3,0.0002,0.01261,37058.9,2650328.11,7289214.2,441599.55,4632625.97,9419823.13,79693.46,79693.47,7.58904,0.15415,79655.9,79656.0,5.1202,0.3481
1788590438981,1788590438802748,79679.2,79679.3,0.0002,0.01261,5464.85,2575517.69,7490535.13,495398.23,4686424.65,9473621.81,79693.46,79693.47,7.58904,0.15422,79655.9,79656.0,5.1199,0.6643
1788590439225,1788590439194180,79679.2,79679.3,0.0002,0.01261,7173.04,2577126.32,7492143.76,522993.22,4714019.64,9501216.8,79693.46,79693.47,7.5903,0.40611,79655.9,79656.0,5.1199,0.8113
1788590439469,1788590439409860,79679.2,79679.3,0.0002,0.66118,7173.04,2577126.32,7492143.76,532187.5,4736920.97,9524118.12,79693.46,79693.47,7.5903,0.38851,79655.9,79656.0,5.1199,0.6656
1788590439729,1788590439567305,79678.9,79679.0,0.00019,0.6409,8129.09,2804127.48,7492095.16,585496.89,4790329.16,9577526.32,79693.46,79693.47,7.5903,0.40646,79655.9,79656.0,5.1199,0.932
1788590439975,1788590439914306,79678.8,79678.9,0.0002,0.138,1942.39,2768737.98,7456705.66,652321.24,4857153.51,9644350.67,79693.46,79693.47,7.15591,0.53965,79655.9,79656.0,4.7225,1.4777
1788590440221,1788590440186257,79678.6,79678.7,0.0002,0.73252,35102.79,2802505.13,7485591.75,756513.79,4962883.19,9750136.95,79693.46,79693.47,7.15591,0.53942,79655.9,79656.0,4.7225,1.5526
1788590440480,1788590440446446,79678.5,79678.6,0.0002,0.43026,937.74,2536075.73,7214219.17,782057.83,4770438.5,9557692.26,79693.46,79693.47,5.2055,1.76942,79655.9,79656.0,1.9565,6.2796
1788590440724,1788590440690818,79668.9,79673.8,0.05,2.00189,498708.6,3406925.2,7659863.28,616470.48,3909038.55,9230024.68,79693.46,79693.47,5.18,2.24974,79655.9,79656.0,1.9588,6.2796
1788590440967,1788590440895194,79668.9,79673.8,0.04895,2.00189,481658.13,3392505.92,7645444.0,674542.89,3944504.17,9265490.3,79693.46,79693.47,5.18,2.24657,79655.9,79656.0,1.9588,6.2798
1788590441227,1788590441182616,79673.2,79673.7,0.0002,0.09896,313484.23,2995994.82,7091430.1,683744.06,3649787.65,9276750.44,79693.46,79693.47,5.18007,2.24597,79655.9,79656.0,1.9588,6.2798
1788590441472,1788590441442146,79665.9,79673.2,1.15459,0.138,455826.58,3191537.88,7599673.63,772303.82,2742000.86,9400121.49,79693.46,79693.47,5.0245,2.24597,79655.9,79656.0,1.9588,6.2798
1788590441717,1788590441656879,79672.3,79673.6,0.0002,0.049,37137.26,2907660.8,7048065.01,767804.97,3768608.68,9395569.68,79693.46,79693.47,5.0245,2.24597,79655.9,79656.0,1.9588,6.2798
1788590441975,1788590441944997,79672.2,79672.3,0.0002,0.138,90549.75,2957390.41,7097794.62,779250.87,2753320.73,7669979.26,79693.46,79693.47,4.89523,2.51227,79655.9,79656.0,1.9588,6.2726
1788590442220,1788590442080040,79672.2,79672.3,0.0002,0.138,84585.16,2951425.81,7091830.02,779300.83,2753370.7,7670029.22,79693.46,79693.47,4.89523,2.51237,79655.9,79656.0,1.9588,6.2726
1788590442481,1788590442430984,79672.2,79672.3,0.0002,0.138,34774.3,2907514.13,7047918.34,779300.83,2753371.46,7670029.99,79693.46,79693.47,4.89523,2.45237,79655.9,79656.0,1.9588,6.2723
1788590442726,1788590442620617,79672.2,79672.3,0.0002,0.138,34774.3,2906513.62,7046917.83,780097.61,2754168.23,7670826.76,79693.46,79693.47,4.91031,2.45237,79655.9,79656.0,1.9565,6.2723
1788590442969,1788590442932754,79672.2,79672.3,0.0002,0.138,34774.3,2867687.36,7008091.57,780097.61,2714321.48,7630980.01,79693.46,79693.47,4.91031,2.39237,79655.9,79656.0,1.8981,6.2723
1788590443227,1788590443185502,79672.2,79672.3,0.0002,0.138,40032.97,2912771.74,7053175.95,780210.73,2754281.36,7670939.88,79693.46,79693.47,4.91031,2.3901,79655.9,79656.0,1.8981,6.2723
1788590443468,1788590443436571,79672.2,79672.3,0.0002,0.138,40032.97,2912771.74,7053175.95,779403.6,2753474.23,7670132.75,79693.46,79693.47,4.91031,2.3901,79655.9,79656.0,1.8981,6.2723
1788590443729,1788590443583306,79672.2,79672.3,0.0002,0.138,40032.97,2912771.74,7053175.95,778362.28,2755156.53,7671815.06,79693.46,79693.47,4.93581,2.39825,79655.9,79656.0,1.9011,6.2753
1788590443974,1788590443940129,79672.0,79672.1,0.0024,0.36893,55109.23,3084112.28,7065101.59,798658.0,2771767.16,7692110.77,79693.46,79693.47,4.93581,2.39035,79655.9,79656.0,1.9011,6.2753
1788590444232,1788590444128208,79672.0,79672.1,0.0026,0.36893,35172.62,3064175.67,7045164.97,797861.22,2770970.39,7691314.0,79693.46,79693.47,4.93365,2.34035,79655.9,79656.0,1.8991,6.2753
1788590444478,1788590444438238,79672.0,79672.1,0.0026,0.36893,34423.73,3097164.17,7078153.47,800706.75,2777025.81,7697369.42,79693.46,79693.47,4.93227,2.33817,79655.9,79656.0,1.6716,6.2753
1788590444722,1788590444630612,79672.0,79672.1,0.0026,0.36893,35185.36,3129788.08,7110777.39,799909.97,2836271.19,7756614.81,79693.46,79693.47,4.92955,2.3381,79655.9,79656.0,1.6739,6.2753
1788590444981,1788590444932662,79671.5,79671.6,0.0002,0.37605,94949.42,3145511.85,7120245.29,608329.86,2623605.23,7749288.03,79693.46,79693.47,4.92353,2.36095,79655.9,79656.0,1.6803,6.1813
1788590445226,1788590445188262,79671.5,79671.6,0.0002,0.37605,94949.42,3160509.14,7135242.58,608379.26,2623605.93,7749288.74,79693.46,79693.47,4.92353,2.36095,79655.9,79656.0,1.6803,6.1813
1788590445469,1788590445413621,79671.5,79671.6,0.0002,0.37605,88643.0,3276156.44,7250889.87,612208.47,2627385.74,7753068.54,79693.46,79693.47,4.38324,2.36142,79655.9,79656.0,1.678,6.1813
1788590445731,1788590445677201,79671.5,79671.6,0.0002,0.37605,83185.16,3270699.2,7245432.63,612208.47,2627385.74,7753068.54,79693.46,79693.47,4.38099,2.36142,79655.9,79656.0,1.678,6.1813
1788590445976,1788590445938067,79671.1,79671.2,0.0002,0.31304,59061.36,3224901.76,7154666.26,610751.62,2626885.04,7752567.84,79693.46,79693.47,4.38113,2.36133,79655.9,79656.0,1.678,6.1813
1788590446221,1788590446198147,79666.9,79670.5,0.28245,0.15504,207377.9,3471777.92,7924891.69,390086.69,2652633.41,7596250.84,79693.46,79693.47,4.38113,2.36133,79655.9,79656.0,1.68,6.1813
1788590446480,1788590446389148,79670.4,79670.5,0.0002,0.15504,65264.01,3246103.6,7220846.14,389064.83,2637906.61,7581524.04,79693.46,79693.47,4.38113,2.3638,79655.9,79656.0,1.68,6.1813
1788590446725,1788590446523303,79670.4,79670.5,0.0002,0.15504,65264.01,3246103.6,6894973.46,389861.61,2638703.39,7469310.37,79693.46,79693.47,4.38113,2.36254,79655.9,79656.0,1.68,6.1813
1788590446972,1788590446910996,79670.4,79670.5,0.0002,0.14877,65217.03,3246056.63,6894926.48,390313.38,2639155.16,7469762.14,79693.46,79693.47,4.38113,2.36254,79655.9,79656.0,1.699,6.1813
1788590447230,1788590447143138,79670.4,79670.5,0.0002,0.14877,71102.09,3581665.25,7439596.47,444853.42,2693695.2,7842869.48,79693.46,79693.47,4.37967,2.36438,79655.9,79656.0,1.699,6.1785
1788590447472,1788590447440227,79670.4,79671.1,0.0002,0.14903,71102.09,3575815.48,7433746.7,641419.33,2747741.72,7864515.27,79693.46,79693.47,4.37967,2.36438,79655.9,79656.0,1.699,6.1785
1788590447718,1788590447678814,79670.5,79670.6,0.0002,0.37451,51414.04,3556127.42,7414058.64,546711.85,2658688.68,7807720.27,79693.46,79693.47,4.37967,2.36409,79655.9,79656.0,1.6993,6.1156
1788590447979,1788590447920658,79670.3,79670.4,0.00016,0.53712,72530.6,3579876.7,7437807.92,519549.27,2625509.11,7774683.38,79693.46,79693.47,4.37967,2.36345,79655.9,79656.0,1.699,6.1211
1788590448226,1788590448138097,79669.4,79669.5,0.00028,0.68482,60242.92,3566490.29,7925445.13,537397.61,2860406.84,8000072.59,79693.46,79693.47,4.39144,2.36118,79655.9,79656.0,1.701,6.1211
1788590448474,1788590448395084,79669.2,79669.3,0.0002,0.32179,85729.11,3589350.28,7980588.59,538754.06,2846860.18,7994819.64,79693.46,79693.47,4.39117,2.36118,79655.9,79656.0,1.701,6.1211
1788590448732,1788590448671630,79669.2,79669.3,0.0002,0.32179,85729.11,3589350.28,7980588.59,538754.06,2846860.18,7994819.64,79693.46,79693.47,4.39117,2.35893,79655.9,79656.0,1.699,6.1211
1788590448976,1788590448942057,79669.2,79669.4,0.0002,0.099,83027.79,3589325.57,7980563.88,435569.34,2747328.61,7886259.41,79693.46,79693.47,4.39116,2.35893,79655.9,79656.0,1.7013,6.1211
1788590449220,1788590449190035,79670.3,79670.4,0.0002,0.53643,47012.55,3554396.7,7412327.92,456556.64,2745641.52,7894080.85,79693.46,79693.47,4.39102,2.35893,79655.9,79656.0,1.6993,6.1211
1788590449480,1788590449439536,79670.3,79670.4,0.0002,0.52643,47012.55,3554396.7,7412327.92,454963.17,2744048.05,7892487.38,79693.46,79693.47,4.35332,2.42693,79655.9,79656.0,1.6993,6.1211
1788590449725,1788590449685007,79670.2,79670.4,0.0002,0.52643,40087.12,3547471.26,7905402.57,454962.83,2744201.26,7892640.6,79693.46,79693.47,4.32803,2.42773,79655.9,79656.0,1.6127,6.1211
1788590449970,1788590449860066,79670.8,79670.9,0.0002,0.64556,47045.83,3554430.02,7412361.24,472475.04,2746246.48,7862285.09,79693.46,79693.47,4.32803,2.42773,79655.9,79656.0,1.6127,6.1211
1788590450231,1788590450187200,79670.8,79670.9,0.0002,0.64556,47045.83,3554430.02,7412361.24,472475.04,2748925.48,7864964.08,79693.46,79693.47,4.32408,2.4299,79655.9,79656.0,1.6127,6.1198
1788590450474,1788590450422503,79670.8,79670.9,0.0002,0.64556,40167.59,3547551.78,7405483.0,472475.04,2748925.48,7864964.08,79693.46,79693.47,4.32211,2.4299,79655.9,79656.0,1.6147,6.1198
1788590450721,1788590450627631,79670.2,79670.3,3e-05,0.71926,40106.24,3547490.43,7905421.74,489748.99,2781715.82,7930155.15,79693.46,79693.47,4.30211,2.43207,79655.9,79656.0,1.6127,6.1198
1788590450982,1788590450627631,79670.2,79670.3,3e-05,0.71926,40106.24,3547490.43,7905421.74,489748.99,2781715.82,7930155.15,79693.46,79693.47,4.32146,2.43207,79655.9,79656.0,1.6147,6.1198
1788590451227,1788590451101326,79670.2,79670.3,3e-05,0.71926,40106.24,3547490.43,7905421.74,489748.99,2781715.82,7930155.15,79693.46,79693.47,4.32164,2.43207,79655.9,79656.0,1.6127,6.1198
1788590451470,1788590451361063,79670.2,79670.3,3e-05,0.71905,40106.24,3547490.43,7905421.74,489732.26,2781699.09,7930138.42,79693.46,79693.47,4.32164,2.43207,79655.9,79656.0,1.6127,6.1198
1788590451729,1788590451361063,79670.2,79670.3,3e-05,0.71905,40106.24,3547490.43,7905421.74,489732.26,2781699.09,7930138.42,79693.46,79693.47,4.3213,2.43207,79655.9,79656.0,1.6147,6.1251
1788590451975,1788590451935370,79670.2,79670.3,3e-05,0.71905,46704.02,3554089.87,7912026.6,489732.48,2781699.47,7930138.81,79693.46,79693.47,4.32032,2.42982,79655.9,79656.0,1.6147,6.1251
1788590452219,1788590452061568,79670.2,79670.3,3e-05,0.71901,46704.02,3554089.87,7912026.6,489729.3,2781696.29,7930858.69,79693.46,79693.47,4.32019,2.42982,79655.9,79656.0,1.6127,6.1251
1788590452478,1788590452367015,79670.2,79670.3,3e-05,0.71901,53173.82,3566409.49,7924346.22,489729.3,2781696.24,7930858.64,79693.46,79693.47,4.31941,2.42982,79655.9,79656.0,1.6147,6.1251
1788590452724,1788590452514302,79670.2,79670.3,3e-05,0.71901,53173.82,3566409.49,7924346.22,489729.3,2781696.24,7930858.64,79693.46,79693.47,4.31941,2.42958,79655.9,79656.0,1.6127,6.1251
1788590452981,1788590452936811,79672.8,79672.9,0.0002,0.26558,36712.87,3065507.21,7418838.19,573847.42,2849431.57,7753066.96,79693.46,79693.47,4.31714,2.42958,79655.9,79656.0,1.6147,6.1251
1788590453228,1788590453192855,79670.0,79672.9,1e-05,0.24492,54130.81,3567366.48,7926303.65,548666.15,2824250.3,7727885.7,79693.46,79693.47,4.771,2.28749,79655.9,79656.0,1.5792,6.1251
1788590453471,1788590453372647,79672.4,79672.5,0.0002,0.60315,35617.46,3287873.11,7417742.78,737933.54,3012680.71,7921153.05,79693.46,79693.47,4.76981,2.46286,79655.9,79656.0,1.5792,6.1251
1788590453729,1788590453684249,79672.3,79672.4,2e-05,0.099,41932.5,3294289.54,7424159.22,726140.09,3019771.51,7928243.85,79693.46,79693.47,4.77071,2.46286,79655.9,79656.0,1.5792,6.1251
1788590453974,1788590453879000,79672.3,79672.4,2e-05,0.099,41932.5,3279287.88,7409157.55,726140.09,3019771.43,7928243.77,79693.46,79693.47,4.77071,2.46286,79655.9,79656.0,1.5792,6.1251
1788590454218,1788590454190856,79672.3,79672.4,2e-05,0.099,36918.41,3448715.81,7578585.49,726140.51,3004426.08,7912898.42,79693.46,79693.47,4.77071,2.4534,79655.9,79656.0,1.5792,4.5851
1788590454478,1788590454410192,79672.3,79672.4,2e-05,0.099,35603.92,3447401.32,7577270.99,726139.96,3005425.54,7913897.88,79693.46,79693.47,4.76962,2.4534,79655.9,79656.0,1.5792,4.5851
1788590454722,1788590454693061,79672.3,79672.4,2e-05,0.099,35603.92,3454696.17,7584565.84,726947.05,3006232.63,7914704.97,79693.46,79693.47,4.76962,2.4534,79655.9,79656.0,1.5792,4.5851
1788590454980,1788590454713082,79672.3,79672.4,2e-05,0.099,35603.92,3454696.17,7584565.84,726150.32,3005435.89,7913908.24,79693.46,79693.47,4.76962,2.4534,79655.9,79656.0,1.5792,4.5851
1788590455224,1788590455189498,79672.3,79672.4,2e-05,0.099,35603.92,3415539.03,7545408.71,726199.72,3019604.97,7928077.31,79693.46,79693.47,4.76032,2.4534,79655.9,79656.0,1.5792,4.5848
1788590455470,1788590455372980,79672.3,79672.4,2e-05,0.099,35603.92,3455034.55,7584904.23,726199.72,3019604.97,7928077.31,79693.46,79693.47,4.75619,2.45508,79655.9,79656.0,1.5349,4.5848
1788590455731,1788590455652537,79672.3,79672.4,2e-05,0.099,35603.92,3455034.55,7584904.23,726996.48,3020401.74,7928874.08,79693.46,79693.47,4.75619,2.45508,79655.9,79656.0,1.5349,4.5848
1788590455977,1788590455927197,79667.9,79672.3,0.04047,0.72494,266648.37,3962684.63,8144351.97,708832.08,3002286.74,7910759.08,79693.46,79693.47,4.75619,2.42508,79655.9,79656.0,1.5349,4.5848
1788590456220,1788590456185358,79671.7,79672.6,0.0002,0.14658,216196.79,3591631.94,7561086.53,568444.93,2845005.02,7748640.41,79693.46,79693.47,4.79533,2.16225,79655.9,79656.0,1.5349,4.5535
1788590456480,1788590456417660,79671.7,79672.6,0.0002,0.75647,216196.79,3606631.63,7576086.23,633764.94,2910325.03,7813960.42,79693.46,79693.47,4.79533,2.16225,79655.9,79656.0,1.5349,4.5535
1788590456727,1788590456675156,79671.7,79672.0,0.0002,0.001,216196.79,3606631.63,7576086.23,449091.32,2910577.37,7822734.8,79693.46,79693.47,4.79533,2.1658,79655.9,79656.0,1.5349,4.5535
1788590456975,1788590456901737,79671.7,79672.0,0.0002,0.001,216212.72,3591648.4,7561102.99,441203.44,2902689.49,7814846.92,79693.46,79693.47,4.79533,2.1658,79655.9,79656.0,1.5349,4.5732
1788590457217,1788590457134559,79671.7,79672.0,0.0002,0.001,216212.72,3606647.7,7576102.3,441213.51,2902699.56,7814856.99,79693.46,79693.47,4.79208,2.16514,79655.9,79656.0,1.5349,4.5732
1788590457477,1788590457393911,79671.7,79672.0,0.0002,0.001,216212.72,3606647.7,7576102.3,441213.47,2902699.53,7814856.95,79693.46,79693.47,4.79208,2.16514,79655.9,79656.0,1.5349,4.5732
1788590457720,1788590457686670,79671.7,79672.0,0.0002,0.001,221812.56,3612247.54,7581702.14,384745.12,2846231.17,7758388.6,79693.46,79693.47,4.79208,1.93849,79655.9,79656.0,1.5349,4.5732
1788590457980,1788590457941258,79671.7,79672.0,0.0002,0.001,215647.09,3576822.52,7546277.11,384783.59,2849026.86,7761184.29,79693.46,79693.47,4.7941,2.0732,79655.9,79656.0,1.767,3.2193
1788590458224,1788590458192387,79668.1,79671.6,0.03947,0.61105,256984.72,3940753.11,8122420.45,417081.59,2680025.21,7796786.88,79693.46,79693.47,4.7867,2.07191,79655.9,79656.0,1.767,3.2192
1788590458471,1788590458436432,79671.3,79671.8,0.0002,0.099,226013.26,3608368.28,7572567.18,431893.65,2693967.96,7810729.64,79693.46,79693.47,4.7867,2.07191,79655.9,79656.0,1.767,3.2192
1788590458717,1788590458610601,79671.3,79671.4,0.0002,0.72844,220548.03,3601902.55,7566458.87,547685.05,2810628.67,7927390.35,79693.46,79693.47,4.7867,2.62209,79655.9,79656.0,1.767,3.2192
1788590458975,1788590458917885,79671.3,79671.4,0.0002,0.72844,213716.77,3597124.14,7561680.46,547080.27,2810023.89,7926785.57,79693.46,79693.47,4.78663,2.62209,79655.9,79656.0,1.7708,3.2192
1788590459223,1788590459193572,79671.3,79671.4,0.0002,0.72844,213716.77,3597124.14,7561680.46,547877.01,2810820.64,7927582.31,79693.46,79693.47,4.78654,2.62209,79655.9,79656.0,1.7708,3.2192
1788590459481,1788590459382895,79671.3,79671.4,0.0002,0.72844,220031.04,3571576.37,7536132.69,547877.04,2810820.66,7927582.33,79693.46,79693.47,4.72934,2.62209,79655.9,79656.0,1.7708,3.2192
1788590459726,1788590459581832,79671.3,79671.4,0.0002,0.72844,216886.54,3603441.83,7567998.16,547877.04,2810820.66,7927582.33,79693.46,79693.47,4.7287,2.62209,79655.9,79656.0,1.7708,3.2211
1788590459975,1788590459846208,79671.3,79671.4,0.0002,0.72844,210572.27,3597127.56,7561683.88,547877.04,2810820.66,7927582.33,79693.46,79693.47,4.7287,2.62001,79655.9,79656.0,1.7708,3.2192
1788590460219,1788590460125832,79671.3,79671.4,0.0002,0.72844,210572.27,3597127.56,7561683.88,547080.27,2810023.89,7926785.57,79693.46,79693.47,4.7087,2.62001,79655.9,79656.0,1.7708,3.2192
1788590460481,1788590460419755,79671.3,79671.4,0.0002,0.72844,211641.36,3558909.91,7523466.23,546045.34,2808988.96,7925750.63,79693.46,79693.47,4.7087,2.6317,79655.9,79656.0,1.7708,3.2191
1788590460726,1788590460683357,79671.2,79671.3,0.0002,0.77871,211468.51,3558737.05,7523293.37,608133.9,2872033.68,7988795.36,79693.46,79693.47,4.71744,2.6317,79655.9,79656.0,1.765,3.2191
1788590460970,1788590460866835,79671.1,79671.2,0.0002,0.66323,217906.99,3636338.57,7600894.89,653007.05,2916906.83,8033668.51,79693.46,79693.47,4.71744,2.71751,79655.9,79656.0,1.7708,3.2191
1788590461230,1788590461131247,79671.1,79671.2,0.0002,0.66323,217906.99,3636338.57,7600894.89,653076.35,2916976.13,8033737.81,79693.46,79693.47,4.70889,2.71751,79655.9,79656.0,1.7708,3.2187
1788590461475,1788590461131247,79671.1,79671.2,0.0002,0.66323,217906.99,3636338.57,7600894.89,653076.35,2916976.13,8033737.81,79693.46,79693.47,4.70889,2.71751,79655.9,79656.0,1.7708,3.2187
1788590461720,1788590461570522,79671.1,79671.2,0.0002,0.66323,62433.06,3480864.64,7445420.96,653872.96,2917772.74,8034534.41,79693.46,79693.47,4.69449,2.71751,79655.9,79656.0,1.7708,3.2187
1788590461981,1788590461946295,79670.7,79670.8,0.0002,0.63257,57436.3,3587062.29,7445356.35,705255.43,2972237.98,8088999.66,79693.46,79693.47,4.69449,2.71751,79655.9,79656.0,1.7708,3.2187
1788590462230,1788590462169156,79670.8,79670.9,0.0002,0.55823,58515.75,3585538.42,7443832.47,704015.93,2965158.5,8081920.17,79693.46,79693.47,4.69449,2.71751,79655.9,79656.0,1.7708,3.2187
1788590462473,1788590462438397,79670.8,79670.9,0.0002,0.55823,58515.75,3570626.68,7428920.74,704175.27,2982268.83,8099030.5,79693.46,79693.47,4.70789,2.71751,79655.9,79656.0,1.7707,3.2187
1788590462717,1788590462567805,79670.8,79670.9,0.0002,0.55823,58515.75,3605177.84,7463471.9,703378.51,2984268.32,8101030.0,79693.46,79693.47,4.69449,2.71751,79655.9,79656.0,1.7707,3.2187
1788590462977,1788590462884721,79670.8,79671.0,0.0002,0.74364,58515.75,3605177.84,7463471.9,598244.42,2879134.24,7995895.92,79693.46,79693.47,4.69449,2.67751,79655.9,79656.0,1.7707,3.2187
1788590463221,1788590462992888,79670.8,79670.9,0.0002,0.099,58515.75,3605177.84,7463471.9,606131.84,2887021.66,8003783.34,79693.46,79693.47,4.67449,2.67468,79655.9,79656.0,1.7707,3.2187
1788590463482,1788590463419562,79670.8,79670.9,0.0002,0.099,58515.75,3605177.84,7463471.9,605248.29,2886138.11,8002899.78,79693.46,79693.47,4.67449,2.67468,79655.9,79656.0,1.7707,3.2187
1788590463727,1788590463687880,79670.8,79670.9,0.0002,0.099,58515.75,3605177.84,7463471.9,606045.05,2886934.87,8003696.55,79693.46,79693.47,4.67449,2.67468,79655.9,79656.0,1.7497,3.2187
1788590463971,1788590463907221,79670.8,79671.0,0.0002,0.002,58515.75,3605177.84,7463471.9,539070.43,2819960.25,7936721.93,79693.46,79693.47,4.66978,2.67468,79655.9,79656.0,1.6997,3.2187
1788590464232,1788590464182180,79670.7,79670.9,0.0002,0.01109,51063.14,3597725.23,7456019.29,538298.57,2819188.39,7935950.07,79693.46,79693.47,4.66978,2.62468,79655.9,79656.0,1.6997,3.1806
1788590464478,1788590464424695,79670.7,79670.9,0.0002,0.01109,58140.6,3604802.69,7463096.75,537501.82,2818391.63,7935153.31,79693.46,79693.47,4.66985,2.63743,79655.9,79656.0,1.6997,3.1806
1788590464722,1788590464518392,79670.7,79670.9,0.0002,0.01109,58140.6,3604802.69,7463096.75,538298.58,2819188.39,7935950.07,79693.46,79693.47,4.65992,2.63643,79655.9,79656.0,1.6997,3.1806
1788590464967,1788590464925426,79670.7,79670.9,0.0002,0.01109,58140.6,3604802.69,7463096.75,538298.58,2819188.39,7935950.07,79693.46,79693.47,4.65992,2.63691,79655.9,79656.0,1.6997,3.1806
1788590465229,1788590465147124,79670.7,79670.9,0.0002,0.01109,58140.6,3604803.77,7463097.83,538298.58,2819188.39,7935950.07,79693.46,79693.47,4.65973,2.62408,79655.9,79656.0,1.6997,3.1853
1788590465471,1788590465418541,79670.7,79670.9,0.0002,0.01109,58140.6,3604803.77,7463097.83,523798.45,2790983.33,7907745.0,79693.46,79693.47,4.67966,2.47715,79655.9,79656.0,1.9845,3.184
1788590465718,1788590465686370,79670.7,79670.9,0.0002,0.01109,51728.36,3598391.53,7456685.59,347681.76,2614866.63,7731628.31,79693.46,79693.47,4.65911,2.4769,79655.9,79656.0,1.9845,3.1612
1788590465978,1788590465882255,79670.7,79670.9,0.0002,0.01109,50145.39,3596808.56,7455102.62,420721.23,2687906.1,7804667.78,79693.46,79693.47,4.65911,2.60176,79655.9,79656.0,1.9845,3.152
1788590466224,1788590466194920,79670.7,79670.9,0.0002,0.6838,56736.04,3603399.21,7461693.27,474316.64,2733430.16,7850191.83,79693.46,79693.47,4.65606,2.60183,79655.9,79656.0,1.9845,3.152
1788590466470,1788590466285414,79670.7,79670.9,0.0002,0.01109,57752.55,3604415.72,7462709.77,420721.23,2679834.74,7796596.42,79693.46,79693.47,4.65575,2.60183,79655.9,79656.0,1.9845,3.152
1788590466718,1788590466654930,79670.7,79670.9,0.0002,0.01109,57752.55,3604415.72,7462709.77,420731.58,2679845.1,7796606.78,79693.46,79693.47,4.64243,2.52795,79655.9,79656.0,1.9845,3.152
1788590466980,1788590466905565,79670.7,79670.9,0.0002,0.01109,57752.55,3604415.72,7462709.77,419934.83,2679048.35,7795810.02,79693.46,79693.47,4.64243,2.52795,79655.9,79656.0,1.9845,3.152
1788590467228,1788590467190921,79670.7,79670.9,0.0002,0.01109,57752.55,3601726.36,7460020.42,419935.05,2670831.12,7787592.79,79693.46,79693.47,4.64183,2.52795,79655.9,79656.0,1.9845,3.152
1788590467471,1788590467323709,79670.7,79670.9,0.0002,0.01109,57752.55,3601726.36,7460020.42,420731.82,2679699.17,7796460.84,79693.46,79693.47,4.64183,2.52736,79655.9,79656.0,1.9845,3.152
1788590467731,1788590467673131,79670.7,79670.9,0.0002,0.01109,57806.73,3601780.54,7460074.6,420731.82,2679699.17,7796460.84,79693.46,79693.47,4.64183,2.52376,79655.9,79656.0,1.9845,3.152
1788590467977,1788590467934754,79670.7,79670.9,0.00034,0.01109,57817.89,3604486.63,7462780.69,420731.82,2685036.43,7801798.1,79693.46,79693.47,4.64183,2.52376,79655.9,79656.0,1.9845,3.152
1788590468220,1788590468093207,79670.7,79670.9,0.00034,0.01109,57817.89,3604486.63,7462780.69,420731.82,2685036.43,7801798.1,79693.46,79693.47,4.66183,2.53181,79655.9,79656.0,1.9563,3.131
1788590468478,1788590468447650,79670.7,79670.9,0.00034,0.01109,52411.1,3599079.85,7457373.91,348714.31,2612018.91,7728780.59,79693.46,79693.47,4.97537,1.65382,79655.9,79656.0,3.0122,0.9967
1788590468720,1788590468678322,79670.8,79670.9,0.05,0.01109,220671.77,3496800.42,7310111.03,113945.97,2357008.37,7473770.04,79693.46,79693.47,4.98173,1.48319,79655.9,79656.0,3.0135,1.0476
1788590468979,1788590468912056,79670.8,79670.9,0.05,0.00784,218537.34,3526528.03,7339838.64,195665.19,2454731.49,7571493.17,79693.46,79693.47,4.9778,1.65189,79655.9,79656.0,3.0135,1.4783
1788590469224,1788590469147897,79670.8,79670.9,0.05,0.00784,219237.59,3665275.81,7478586.42,195665.19,2415150.08,7486881.76,79693.46,79693.47,4.9778,1.65189,79655.9,79656.0,3.0135,1.4783
1788590469470,1788590469436956,79670.8,79670.9,0.05,0.00784,225391.94,3782950.49,7596261.1,169950.17,2392169.16,7463900.85,79693.46,79693.47,4.9778,1.61189,79655.9,79656.0,3.0135,1.4783
1788590469731,1788590469687265,79670.7,79673.5,0.0002,0.64919,211064.2,3768633.88,7581944.49,442896.41,3756769.6,8107864.9,79693.46,79693.47,4.9778,1.61139,79655.9,79656.0,3.0532,0.7494
1788590469974,1788590469944971,79673.3,79673.5,0.0002,0.64919,40310.39,3289209.06,7600431.7,418678.09,3731551.42,8082646.73,79693.46,79693.47,4.97553,1.44269,79655.9,79656.0,3.0532,0.6808
1788590470222,1788590470174057,79675.0,79675.1,0.0002,0.8384,18435.52,3038956.95,7558155.66,391752.28,4456822.48,8189740.13,79693.46,79693.47,4.97553,1.44269,79655.9,79656.0,3.0532,0.6808
1788590470468,1788590470439948,79675.0,79675.1,0.0002,0.83213,18435.52,3070819.83,7590018.54,366440.07,4431559.68,8164477.33,79693.46,79693.47,4.97553,1.44269,79655.9,79656.0,3.0532,0.6808
1788590470728,1788590470667000,79675.0,79675.1,0.0002,0.83213,18425.16,3070858.86,7590057.57,393231.24,4458350.85,8191268.5,79693.46,79693.47,4.97553,1.61146,79655.9,79656.0,3.0532,0.6808
1788590470974,1788590470935020,79675.0,79675.1,0.0002,0.95764,14441.61,3066885.66,7586084.38,403231.26,4468350.87,8201268.52,79693.46,79693.47,4.9669,1.61146,79655.9,79656.0,3.0532,0.6808
1788590471217,1788590471081058,79675.0,79675.1,0.0002,0.83213,22223.6,3074667.66,7593866.37,393231.24,4458350.85,8191268.5,79693.46,79693.47,4.9664,1.44226,79655.9,79656.0,3.1231,0.6808
1788590471475,1788590471402296,79675.0,79675.1,0.0002,0.83213,22223.6,3042804.78,7562003.49,392434.48,4457554.08,8190471.73,79693.46,79693.47,4.9664,1.44135,79655.9,79656.0,3.0532,0.6808
1788590471723,1788590471645618,79675.0,79675.1,0.0002,0.83213,22223.6,3074666.9,7593865.61,393231.24,4458350.84,8191268.5,79693.46,79693.47,4.9524,1.61005,79655.9,79656.0,3.0532,0.6808
1788590471967,1788590471940628,79675.0,79675.1,0.0002,0.14093,25384.1,3075193.79,7594392.5,360852.95,4311488.22,8044405.87,79693.46,79693.47,4.9524,1.24199,79655.9,79656.0,3.1536,0.6808
1788590472227,1788590472182540,79675.0,79675.1,0.0002,0.14093,14625.69,3064435.38,7583634.09,445456.87,4396092.15,8129009.8,79693.46,79693.47,4.95247,1.20199,79655.9,79656.0,3.1536,0.6808
1788590472473,1788590472347656,79675.0,79675.1,0.0002,0.14093,13828.98,3063638.67,7582837.38,419740.5,4370375.77,8103293.42,79693.46,79693.47,4.95254,1.09198,79655.9,79656.0,3.1536,0.6808
1788590472721,1788590472645467,79675.0,79675.1,0.0002,0.14093,13828.97,3066277.11,7585475.83,446253.64,4399603.1,8132520.75,79693.46,79693.47,4.9523,1.09198,79655.9,79656.0,3.1536,0.6808
1788590472970,1788590472941502,79675.0,79675.1,0.00034,0.14093,13840.14,3066288.61,7585487.33,418660.84,3351866.75,8104999.78,79693.46,79693.47,4.95223,1.09048,79655.9,79656.0,3.2235,0.2619
1788590473218,1788590473185304,79675.0,79675.1,0.04062,0.14093,27956.6,3075046.02,7370783.43,304470.51,3024079.68,7777212.71,79693.46,79693.47,4.96335,0.2501,79659.2,79659.3,4.5212,1.85
1788590473477,1788590473436119,79674.9,79675.0,0.0002,0.138,15906.74,2904692.91,7200430.32,437293.76,3284350.44,8037483.47,79693.46,79693.47,4.96335,0.07117,79659.2,79659.3,4.5173,2.8467
1788590473722,1788590473654850,79674.9,79675.0,0.0002,0.138,25213.94,2949926.15,7245663.57,445855.97,3292912.65,8046045.68,79693.46,79693.47,4.96335,0.07117,79659.2,79659.3,4.5173,2.8467
1788590473968,1788590473803067,79674.9,79675.0,0.0002,0.13434,25213.94,2949926.15,7245663.57,445574.71,3292631.39,8045764.43,79693.46,79693.47,4.96335,0.07117,79659.2,79659.3,4.5173,2.8467
1788590474225,1788590474161581,79674.9,79675.0,0.0002,0.13434,25213.94,2717959.08,7013696.49,445560.36,3078870.53,7842846.57,79693.46,79693.47,4.97685,0.2202,79659.2,79659.3,4.5173,2.848
1788590474469,1788590474441388,79674.8,79675.0,6e-05,0.02104,32109.0,3063563.41,7359300.82,491662.82,3324914.78,8088890.82,79693.46,79693.47,4.96269,0.23794,79659.2,79659.3,4.5173,2.848
1788590474728,1788590474684777,79674.8,79675.0,6e-05,0.02104,22659.31,3051546.21,7347283.62,480486.37,3316600.73,8080576.77,79693.46,79693.47,4.9624,0.23794,79659.2,79659.3,4.5173,2.8578
1788590474972,1788590474936794,79674.8,79675.0,6e-05,0.02104,32414.82,3061301.72,7357039.13,480476.01,3316590.37,8080566.41,79693.46,79693.47,4.96215,0.23944,79659.2,79659.3,4.5173,2.8578
1788590475216,1788590475097639,79674.8,79675.0,6e-05,0.02104,32414.82,3011225.13,7306962.54,480476.01,2996317.5,7760293.54,79702.4,79702.41,4.62681,0.0026,79672.9,79673.0,2.0415,1.9698
1788590475477,1788590475443322,79687.0,79691.9,0.04874,0.01071,206231.29,3046436.37,5904223.46,399950.24,3523448.29,8687046.83,79708.57,79708.58,5.52608,0.35804,79672.9,79673.0,4.4495,0.613
1788590475722,1788590475671571,79691.8,79691.9,0.0002,0.88115,10160.04,2171821.66,5924021.45,502612.82,3611101.34,8911898.96,79708.57,79708.58,5.75391,0.51645,79672.9,79673.0,3.2543,0.898
1788590475982,1788590475943687,79691.8,79691.9,6e-05,0.8755,5186.79,2130542.32,5777602.14,502112.92,3714661.28,9214863.4,79708.57,79708.58,5.75344,0.36542,79672.9,79673.0,3.4814,0.8281
1788590476228,1788590476193786,79691.8,79691.9,6e-05,0.87428,415.96,2132092.99,5775470.73,502344.83,3752103.02,9212417.89,79708.57,79708.58,5.75601,0.36542,79672.9,79673.0,3.44,1.0937
1788590476474,1788590476440483,79691.5,79691.9,0.00017,0.88563,1913.22,2177421.84,5820799.57,503249.29,3763425.55,9223740.42,79708.57,79708.58,5.75781,0.53233,79672.9,79673.0,3.44,1.0837
1788590476717,1788590476560237,79691.5,79691.6,0.00017,0.78276,5631.41,2181142.74,5824520.47,551349.87,3815812.22,9263835.12,79708.57,79708.58,5.75781,0.53233,79672.9,79673.0,3.44,1.085
1788590476978,1788590476880703,79691.5,79691.6,0.00017,0.78276,5631.41,2181142.74,5824520.47,551349.87,3826123.64,9274138.13,79708.57,79708.58,5.75781,0.36363,79672.9,79673.0,3.44,1.085
1788590477223,1788590477168955,79691.5,79691.6,0.00017,0.78276,6760.56,2182271.72,5825649.45,551339.73,3826111.15,9274125.65,79708.57,79708.58,5.75918,0.35974,79672.9,79673.0,3.44,1.085
1788590477468,1788590477257978,79691.5,79691.6,0.00017,0.78276,2035.93,2177547.09,5820924.82,551339.73,3860125.54,9308118.79,79708.57,79708.58,5.75918,0.35974,79672.9,79673.0,3.44,1.0988
1788590477727,1788590477696616,79691.4,79691.5,0.00017,0.88708,2034.34,2180204.27,5823582.0,611532.3,3920318.11,9368311.36,79708.57,79708.58,5.75691,0.35347,79672.9,79673.0,3.44,1.0637
1788590477971,1788590477933323,79691.1,79691.2,0.0002,0.50954,2020.79,2379334.47,5823588.7,739938.88,4012457.34,9496767.35,79708.57,79708.58,5.75691,0.35473,79672.9,79673.0,3.44,1.0624
1788590478216,1788590478187915,79691.1,79691.2,0.0002,0.63503,6034.54,2450571.88,5894826.11,750736.25,4023205.3,9507515.31,79708.57,79708.58,5.75064,0.35483,79672.9,79673.0,3.44,1.0737
1788590478476,1788590478447025,79690.7,79691.1,0.00018,0.18649,11071.3,2455623.1,5896101.37,744649.42,4017116.42,9501426.43,79708.57,79708.58,5.74814,0.35483,79672.9,79673.0,3.44,1.4224
1788590478720,1788590478695191,79690.7,79690.8,0.00018,0.10108,11135.05,2455686.85,5896165.12,578601.39,4083976.38,9568286.39,79708.57,79708.58,5.74882,0.52353,79672.9,79673.0,3.44,1.5037
1788590478980,1788590478938469,79690.7,79690.8,0.00018,0.10108,6881.46,2575472.15,6015950.42,738122.85,4229789.62,9714099.63,79708.57,79708.58,5.30255,0.9399,79672.9,79673.0,2.6462,2.1782
1788590479226,1788590479176440,79689.4,79689.5,0.0002,0.01743,11618.75,2944540.97,6023524.08,646481.0,3884531.75,9674949.53,79708.57,79708.58,5.30262,0.9399,79672.9,79673.0,2.6462,2.9403
1788590479470,1788590479445484,79689.4,79689.5,0.0002,0.17576,7529.27,2978735.39,6057718.5,626704.69,3970086.56,9760504.34,79708.57,79708.58,5.30262,0.9399,79672.9,79673.0,2.6462,2.9403
1788590479731,1788590479689430,79689.4,79689.5,0.0002,0.17322,7529.27,2976083.86,6055066.97,626821.04,3970213.27,9760631.05,79708.57,79708.58,5.30255,0.9399,79672.9,79673.0,2.6462,2.9403
1788590479975,1788590479944692,79689.2,79689.3,6e-05,0.11287,7535.64,2979187.34,6053391.49,575170.84,3913245.76,9703655.55,79708.57,79708.58,5.30255,0.9399,79672.9,79673.0,2.6462,2.9403
1788590480220,1788590480145355,79689.2,79689.3,6e-05,0.12526,11796.35,2988860.45,6302132.67,576158.19,3846211.03,9636620.81,79708.57,79708.58,5.29562,1.73422,79672.9,79673.0,2.5962,2.9403
1788590480479,1788590480389930,79689.2,79689.3,6e-05,0.12233,11796.35,3020729.49,6334001.71,575924.7,3877857.06,9668246.84,79708.57,79708.58,5.29327,1.73422,79672.9,79673.0,2.5962,2.9403
1788590480724,1788590480620897,79689.2,79689.3,6e-05,0.11536,11796.35,3020729.49,6334001.71,575369.26,3956518.72,9746908.5,79708.57,79708.58,5.29341,1.73422,79672.9,79673.0,2.5962,2.9403
1788590480968,1788590480931637,79689.2,79689.3,6e-05,0.11436,11796.35,3020650.63,6333922.85,575289.57,3956908.59,9747298.37,79708.57,79708.58,5.28747,1.73422,79672.9,79673.0,2.5962,2.9403
1788590481230,1788590481194409,79689.2,79689.3,6e-05,0.92134,4922.83,2205312.67,5518584.88,611298.15,4202288.91,9992678.7,79708.57,79708.58,1.53696,5.27002,79672.9,79673.0,0.1509,5.8553
1788590481476,1788590481434834,79689.1,79689.2,0.0002,1.35322,4966.66,2256822.01,5570094.23,726318.42,4290657.95,10081047.73,79708.57,79708.58,1.48891,5.27173,79672.9,79673.0,0.2513,5.185
1788590481721,1788590481689813,79689.0,79689.1,3e-05,2.32444,188.06,1521871.94,4600058.39,749171.83,3966186.23,9245730.93,79707.29,79707.3,0.01766,9.11296,79662.8,79662.9,1.3814,6.2497
1788590481968,1788590481944924,79676.2,79677.3,0.00295,2.00189,81732.93,2923518.93,6887957.68,319019.99,2771039.73,8256005.52,79705.7,79705.71,0.24998,8.37797,79662.8,79662.9,1.3335,6.2497
1788590482227,1788590482185970,79677.2,79677.3,0.0002,2.00189,88714.86,2800424.46,6883497.39,512696.64,2466085.77,7631903.32,79705.7,79705.71,0.04741,8.36971,79662.8,79662.9,0.3546,6.261
1788590482470,1788590482445712,79676.8,79677.0,0.0002,0.17721,19175.97,2991330.72,7004344.78,244159.58,2208189.53,7315169.04,79699.77,79699.78,1.55264,6.30672,79659.2,79659.3,2.8719,1.1786
1788590482731,1788590482688805,79673.5,79677.0,0.05591,0.003,426796.08,3407933.3,7315321.28,502885.44,2509550.97,7589522.63,79699.77,79699.78,2.11076,6.25466,79659.2,79659.3,3.7049,1.3643
1788590482976,1788590482945961,79673.4,79674.0,0.02635,0.003,435871.12,3435855.41,7343243.39,292242.69,2357246.34,7579651.74,79699.77,79699.78,2.4409,6.25473,79659.2,79659.3,3.0475,1.3613
1788590483222,1788590483189904,79673.9,79674.0,0.0002,0.003,431616.59,3451713.3,7359101.27,351070.74,2429769.34,7652174.73,79699.77,79699.78,2.43943,6.25468,79659.2,79659.3,3.0488,1.3613
1788590483481,1788590483417622,79673.9,79674.0,0.0002,0.00175,423916.3,3444034.27,7351422.24,302375.34,2381073.94,7603479.33,79699.77,79699.78,2.43998,6.25648,79659.2,79659.3,3.8263,1.8784
1788590483725,1788590483684615,79673.9,79674.0,0.0002,0.00175,418618.93,3444166.65,7351554.62,302375.34,2392222.37,7614627.76,79699.77,79699.78,2.51345,6.11878,79659.2,79659.3,3.8263,1.3613
1788590483967,1788590483867980,79673.9,79674.0,0.0002,0.0005,421079.83,3444120.99,7351508.97,302275.75,2423997.1,7646402.49,79699.77,79699.78,2.51345,6.11878,79659.2,79659.3,3.8263,1.3613
1788590484231,1788590484171157,79673.9,79674.0,0.0002,0.0005,421068.68,3458524.98,7365912.96,302275.75,2437978.17,7660383.56,79699.77,79699.78,2.07918,6.11878,79659.2,79659.3,3.0488,2.0327
1788590484475,1788590484430372,79677.0,79677.1,0.0002,0.271,24931.76,3206973.95,7071727.97,531855.4,2595425.48,7687824.83,79699.77,79699.78,2.08422,6.11816,79659.2,79659.3,3.9408,1.3658
1788590484720,1788590484647501,79676.9,79677.1,0.0002,0.271,29728.64,3206985.1,7071739.12,539743.66,2600699.81,7693099.16,79699.77,79699.78,2.0847,6.119,79659.2,79659.3,3.9407,1.3657
1788590484981,1788590484917271,79676.9,79677.0,0.0002,0.019,29728.64,3206985.1,7071739.12,482326.57,2543282.72,7623254.38,79699.77,79699.78,2.08293,6.119,79659.2,79659.3,3.9407,1.3657
1788590485227,1788590485194900,79676.9,79677.0,0.0002,0.019,25151.48,3170546.4,7035300.42,528753.75,2657875.47,7737847.14,79699.77,79699.78,2.61261,5.46983,79659.2,79659.3,3.9407,1.3464
1788590485474,1788590485385682,79676.9,79677.1,0.0002,0.271,23382.7,3200641.47,7065395.49,532044.52,2663770.61,7756169.97,79699.77,79699.78,2.59861,5.79595,79659.2,79659.3,3.0487,1.4182
1788590485721,1788590485633895,79676.9,79677.1,0.0002,0.271,34610.21,3318578.66,7183332.68,596223.93,2727950.03,7820349.38,79699.77,79699.78,2.59868,5.79595,79659.2,79659.3,3.0487,1.3098
1788590485968,1788590485927924,79676.9,79677.0,0.0002,0.019,24152.36,3288539.47,7153293.49,483296.64,3021015.55,7794879.44,79699.77,79699.78,2.59861,5.81255,79659.2,79659.3,3.0587,1.6713
1788590486228,1788590486177609,79676.9,79677.0,0.0002,0.019,23382.7,3290514.96,7155268.98,546343.83,3086671.1,7860534.99,79699.77,79699.78,2.55943,5.80803,79659.2,79659.3,3.0587,1.6713
1788590486475,1788590486376356,79676.9,79677.0,0.0002,0.019,23382.7,3287853.55,7152607.57,545557.37,3083276.27,7857140.16,79699.77,79699.78,2.55943,5.80778,79659.2,79659.3,3.7839,0.9196
1788590486720,1788590486471835,79676.9,79677.0,0.0002,0.019,23382.7,3287853.55,7152607.57,546354.19,3084073.09,7857936.99,79699.77,79699.78,2.55943,5.80778,79659.2,79659.3,3.7839,0.9196
1788590486981,1788590486945140,79676.9,79677.0,0.0002,0.019,23382.7,3255989.71,7120743.73,546354.19,3084073.33,7857937.23,79699.77,79699.78,2.55943,5.80778,79659.2,79659.3,3.7839,0.9196
1788590487225,1788590487139403,79676.9,79677.0,0.0002,0.019,34991.24,3287060.4,7151814.42,483307.0,3023673.55,7797537.44,79699.77,79699.78,2.55943,5.80778,79659.2,79659.3,3.7839,0.9196
1788590487470,1788590487325134,79676.9,79677.0,0.0002,0.019,34991.24,3316554.72,7181308.74,483307.0,3038168.65,7812032.54,79699.77,79699.78,2.55936,5.80778,79659.2,79659.3,3.7839,0.9196
1788590487727,1788590487666243,79676.9,79677.0,0.0002,0.01834,32549.27,3314112.75,7178866.77,483254.12,3038115.77,7811979.67,79699.77,79699.78,2.55936,5.80763,79659.2,79659.3,3.7121,0.9196
1788590487972,1788590487941725,79677.0,79677.1,0.0002,0.25326,30506.59,3285002.07,7149756.09,532834.25,3055821.34,7842112.93,79699.77,79699.78,2.55936,5.80697,79659.2,79659.3,3.7121,0.9221
1788590488217,1788590488112601,79677.0,79677.1,0.0002,0.25326,30506.59,3316866.43,7181620.45,540722.55,3095584.17,7881875.75,79699.77,79699.78,2.55936,5.80697,79659.2,79659.3,3.7121,0.9221
1788590488479,1788590488112601,79677.0,79677.1,0.0002,0.25326,30506.59,3316866.43,7181620.45,540722.55,3095584.17,7881875.75,79699.77,79699.78,2.55479,5.75704,79659.2,79659.3,3.7121,0.9221
1788590488722,1788590488682330,79673.6,79677.1,0.13743,0.25326,274624.9,3690045.45,7597433.42,540166.21,3095027.83,7881319.41,79699.77,79699.78,2.55479,5.75704,79659.2,79659.3,3.7121,0.9221
1788590488980,1788590488915027,79673.6,79677.1,0.13743,0.25326,275325.18,3688067.46,7595455.43,539082.1,3091296.3,7877587.88,79699.77,79699.78,2.64506,5.61805,79659.2,79659.3,3.7121,0.9251
1788590489224,1788590489165689,79673.6,79677.1,0.13743,0.099,279817.86,3692560.17,7599948.15,579707.06,3343066.92,8129358.5,79699.77,79699.78,2.64188,5.70743,79659.2,79659.3,3.0529,1.6232
1788590489468,1788590489416151,79673.6,79677.0,0.00019,0.019,269371.08,3682017.85,7589405.83,573137.17,3336497.03,8110360.92,79699.77,79699.78,2.54429,5.7075,79659.2,79659.3,3.0529,1.6232
1788590489729,1788590489681883,79673.6,79677.0,0.00019,0.019,269371.08,3679368.25,7586756.23,519851.6,3283201.1,8057064.99,79699.77,79699.78,2.54429,5.7075,79659.2,79659.3,3.0529,1.6232
1788590489976,1788590489912742,79673.6,79677.0,0.00019,0.019,269371.08,3679368.25,7586756.23,519851.6,3283201.1,8057064.99,79699.77,79699.78,2.54429,5.7075,79659.2,79659.3,3.0529,1.6232
1788590490225,1788590490157798,79673.6,79677.0,0.00019,0.019,269371.08,3647503.85,7625253.09,519851.6,3283201.1,8057064.99,79699.77,79699.78,2.53993,5.7075,79659.2,79659.3,3.0529,1.6232
1788590490471,1788590490311454,79676.0,79677.0,0.003,0.019,30516.99,3669844.88,7605879.42,578018.0,3341367.5,8115231.39,79699.77,79699.78,2.53993,5.7075,79659.2,79659.3,3.0529,1.6232
1788590490717,1788590490686203,79676.0,79677.0,0.003,0.01899,39459.71,3678787.61,7614822.15,512977.93,3276327.43,8049937.18,79699.77,79699.78,2.53993,5.47892,79659.2,79659.3,3.0529,1.5514
1788590490978,1788590490940746,79676.0,79677.0,0.003,0.01899,29477.3,3666138.08,7602172.63,595224.6,3358574.1,8132183.84,79699.77,79699.78,2.28864,5.47892,79659.2,79659.3,2.9829,1.9463
1788590491223,1788590491092241,79676.0,79677.0,0.00178,0.01899,29380.09,3674122.6,7610157.14,577396.36,3340745.86,8114355.6,79699.77,79699.78,2.28798,5.47749,79659.2,79659.3,2.9829,1.6907
1788590491467,1788590491447269,79673.6,79677.0,0.00019,0.01899,267239.86,3679985.42,7657734.66,586875.29,3350224.79,8123834.53,79699.77,79699.78,2.28819,5.47749,79659.2,79659.3,2.9829,1.6907
1788590491725,1788590491681704,79673.6,79677.0,0.00019,0.01899,267239.86,3679985.42,7657734.66,586875.29,3350224.79,8123834.53,79699.77,79699.78,2.28833,5.47749,79659.2,79659.3,2.9816,1.6907
1788590491971,1788590491892918,79673.6,79676.9,0.00018,0.049,280130.79,3692876.34,7670625.58,590694.98,3335876.79,8109486.54,79699.77,79699.78,2.28881,5.47749,79659.2,79659.3,2.9816,1.8825
1788590492230,1788590492165008,79673.6,79677.0,0.00018,0.01899,274274.0,3687019.56,7664768.8,522374.7,3297837.23,8071446.98,79699.77,79699.78,2.28881,5.47749,79659.2,79659.3,2.9816,1.6907
1788590492475,1788590492441425,79673.6,79677.0,0.00018,0.01899,264438.62,3670339.68,7648088.92,523374.1,3301518.31,8075128.06,79699.77,79699.78,2.28819,5.47713,79659.2,79659.3,2.6125,1.6907
1788590492719,1788590492681838,79673.6,79677.0,0.00018,0.01899,264438.62,3677208.91,7654958.15,581630.76,3357103.66,8130713.4,79699.77,79699.78,2.28867,5.41845,79659.2,79659.3,2.6125,1.6907
1788590492980,1788590492939360,79676.8,79677.0,0.0002,0.01899,27609.97,3679960.66,7455651.43,581444.19,3359549.35,8133159.09,79699.77,79699.78,2.28867,5.41809,79659.2,79659.3,2.6125,1.6907
1788590493223,1788590493079997,79676.8,79677.0,0.0002,0.01899,31753.73,3684104.41,7459795.18,523385.46,3301490.62,8075100.36,79699.77,79699.78,2.29249,5.41809,79659.2,79659.3,2.6125,1.9755
1788590493469,1788590493392501,79676.8,79677.0,0.00034,0.01899,30968.16,3683318.84,7459009.61,523385.46,3301490.62,8075100.36,79699.77,79699.78,2.29249,5.41809,79659.2,79659.3,2.6125,1.9755
1788590493717,1788590493688530,79676.8,79677.0,0.00034,0.02899,23197.8,3670241.39,7445932.16,572461.76,3347934.65,8121544.39,79699.77,79699.78,2.29249,5.41816,79659.2,79659.3,2.6125,1.9755
1788590493979,1788590493914309,79676.8,79677.0,0.00034,0.02899,32961.75,3677249.86,7452940.63,524182.23,3294275.04,8067884.78,79699.77,79699.78,1.32749,5.34767,79659.2,79659.3,2.6125,1.9217
1788590494223,1788590494189045,79676.8,79676.9,0.0002,0.93802,18629.33,3514244.41,7289935.18,643976.59,3410070.0,8183679.74,79699.77,79699.78,1.32708,5.35019,79659.2,79659.3,1.5718,4.9738
1788590494469,1788590494442259,79674.6,79674.7,0.0002,0.01113,244453.22,3514065.05,7491814.3,638695.94,3385630.44,8201514.25,79699.77,79699.78,1.32729,5.35017,79659.2,79659.3,1.7575,4.9738
1788590494728,1788590494674864,79674.5,79674.7,0.0002,0.01113,262932.16,3524519.98,7502269.22,638684.99,3385619.49,8201503.3,79699.77,79699.78,1.32729,5.35002,79659.2,79659.3,1.7575,4.9738
1788590494971,1788590494847874,79674.5,79674.7,0.0002,0.01113,262932.16,3524519.98,7502269.22,638684.97,3261168.4,8077052.2,79699.77,79699.78,1.19621,5.35002,79659.2,79659.3,1.5718,4.9737
1788590495219,1788590495171859,79674.5,79674.6,0.0002,0.32405,252478.03,3514065.85,7491815.09,722580.88,3362595.69,8275846.88,79699.77,79699.78,1.3383,5.35002,79659.2,79659.3,1.5731,4.9724
1788590495478,1788590495438947,79674.5,79674.6,0.0002,0.32405,250589.01,3512176.83,7489926.07,672618.98,3312633.78,8225884.97,79699.77,79699.78,1.1951,5.27962,79659.2,79659.3,1.3611,4.9837
1788590495721,1788590495501979,79674.5,79674.6,0.0002,0.32405,254993.94,3521892.99,7499642.23,704011.2,3349358.07,8262609.26,79699.77,79699.78,1.1775,5.27962,79659.2,79659.3,1.1393,4.9837
1788590495981,1788590495936309,79674.5,79674.6,0.0002,0.01338,265899.72,3532798.77,7510548.01,580650.77,3225997.64,8139248.83,79699.77,79699.78,1.31867,5.22962,79659.2,79659.3,1.1406,4.9824
1788590496230,1788590496195799,79674.5,79674.6,0.0002,0.01338,265899.72,3533799.34,7511548.58,580650.77,3225997.64,8139248.83,79699.77,79699.78,1.31867,5.22926,79659.2,79659.3,1.1406,4.9824
1788590496475,1788590496410259,79674.3,79674.4,0.0002,0.70897,288073.83,3551302.0,7529051.25,548512.67,3192783.63,8106034.82,79699.77,79699.78,1.3186,5.22926,79659.2,79659.3,1.1406,4.9823
1788590496719,1788590496656158,79674.0,79674.5,0.0002,0.00634,286876.43,3550104.6,7527853.84,475904.1,3120175.06,8033426.25,79699.77,79699.78,1.31793,5.22891,79659.2,79659.3,1.1406,4.9823
1788590496981,1788590496941367,79674.4,79674.8,0.0002,0.00034,266892.55,3530120.53,7507869.77,547258.84,3192335.92,8111756.2,79699.77,79699.78,1.31793,5.22884,79659.2,79659.3,1.1406,4.9823
1788590497225,1788590497194378,79676.5,79676.7,0.0002,0.68156,19352.87,3667842.16,7444533.46,592043.03,3223396.64,8102349.19,79699.77,79699.78,1.58793,5.22884,79659.2,79659.3,2.939,3.2722
1788590497469,1788590497436544,79676.4,79676.5,0.0002,0.00533,34837.03,3679124.95,7455816.25,231977.07,2918940.99,7797893.55,79699.77,79699.78,1.89531,2.88673,79659.2,79659.3,3.977,0.9679
1788590497716,1788590497676453,79676.4,79676.5,0.0002,0.61503,25426.22,3672410.78,7449102.09,278447.93,2968009.75,7846962.3,79699.77,79699.78,1.7261,2.93078,79659.2,79659.3,3.977,0.9679
1788590497975,1788590497946887,79676.4,79676.5,0.0002,0.61503,24472.57,3639592.85,7416284.16,277651.15,2920860.72,7799813.28,79699.77,79699.78,1.7261,3.08078,79659.2,79659.3,3.977,0.9679
1788590498219,1788590498182915,79676.4,79676.5,0.0002,0.61503,36478.7,3683463.3,7460154.61,292935.74,2968020.8,7846973.35,79699.77,79699.78,1.68915,3.08085,79659.2,79659.3,3.977,0.9679
1788590498478,1788590498420829,79676.4,79676.5,0.00034,0.61503,25630.14,3672614.74,7449306.05,315243.0,2968033.45,7846986.0,79699.77,79699.78,1.68922,3.05085,79659.2,79659.3,3.977,0.9679
1788590498722,1788590498697203,79678.1,79678.2,0.0002,0.00124,21602.08,3304637.68,7436683.19,378412.18,3054591.87,7922533.47,79699.77,79699.78,2.35226,3.05076,79659.2,79659.3,3.977,0.9679
1788590498969,1788590498918725,79678.1,79678.2,0.0002,0.00124,32324.44,3314659.86,7446705.38,324547.92,3000727.61,7868669.21,79699.77,79699.78,2.35226,3.05076,79659.2,79659.3,3.977,0.9679
1788590499217,1788590499131909,79678.1,79678.2,0.0002,0.75355,21602.08,3303937.65,7435983.17,384490.63,3028794.84,7896736.44,79699.77,79699.78,2.35226,3.05076,79659.2,79659.3,3.977,0.9679
1788590499478,1788590499326989,79678.1,79678.2,0.0002,0.75355,21590.92,3303926.5,7435972.02,385480.33,3061659.69,7929601.3,79699.77,79699.78,2.35226,3.05076,79659.2,79659.3,3.977,0.9679
1788590499724,1788590499671707,79678.1,79678.2,0.0002,0.75355,21590.92,3303926.5,7435972.02,386277.11,3062456.48,7930398.08,79699.77,79699.78,2.35226,3.05083,79659.2,79659.3,3.977,0.9679
1788590499979,1788590499944519,79678.1,79678.2,0.0002,0.75355,17115.75,3297778.27,7429823.79,384490.63,3060670.0,7928611.6,79699.77,79699.78,1.46131,5.31487,79659.2,79659.3,0.9185,5.7148
1788590500225,1788590500139196,79678.0,79678.1,0.0002,2.16173,21344.69,3296813.51,7428859.03,551710.23,3165710.0,8051779.47,79699.77,79699.78,1.43341,5.36138,79659.2,79659.3,1.0053,5.0126
1788590500469,1788590500446452,79675.4,79675.5,0.00085,2.63911,17255.0,3656371.76,7642898.09,676666.74,3264060.69,8183480.98,79699.77,79699.78,1.4345,5.36145,79659.2,79659.3,1.0592,5.0126
1788590500729,1788590500685121,79671.0,79675.4,0.36544,0.39304,543467.66,3923215.01,7631769.22,698739.63,3247613.76,8167034.05,79699.77,79699.78,1.43498,5.35901,79659.2,79659.3,1.0592,5.0126
1788590500976,1788590500866439,79673.6,79673.7,0.0002,0.00697,273076.45,3673613.8,7651363.04,490774.22,3146922.84,8138584.98,79699.77,79699.78,1.43498,5.35889,79659.2,79659.3,1.2916,5.0126
1788590501220,1788590500987341,79673.6,79673.7,0.0002,0.00697,273076.45,3673613.8,7651363.04,490774.22,3146933.19,8138595.34,79699.77,79699.78,1.43398,5.35894,79659.2,79659.3,1.2916,5.0126
1788590501481,1788590501210034,79673.6,79673.7,0.0002,0.00697,273076.45,3673613.8,7651363.04,509179.69,3165338.67,8157000.82,79699.77,79699.78,1.43398,5.35894,79659.2,79659.3,1.2916,5.0126
1788590501729,1788590501629827,79673.6,79673.7,0.0002,0.00697,273076.45,3674614.37,7652363.62,508393.29,3164552.26,8156214.41,79699.77,79699.78,1.43398,5.35894,79659.2,79659.3,1.2916,5.0126
1788590501972,1788590501929995,79671.1,79673.7,0.06038,0.00697,524516.76,3955852.07,7664406.28,509189.48,3165347.76,8157008.5,79699.77,79699.78,1.43398,5.35894,79659.2,79659.3,1.1059,5.0126
1788590502231,1788590502167852,79671.4,79673.7,0.05,0.00697,517533.35,3948918.06,7657472.26,508392.71,3164550.99,8156211.73,79699.77,79699.78,1.43398,5.35894,79659.2,79659.3,1.2296,4.9627
1788590502474,1788590502437302,79673.0,79673.7,0.002,0.00697,297635.5,3672979.7,7650728.94,469305.76,3125464.04,8117124.78,79699.77,79699.78,1.10283,5.30887,79659.2,79659.3,1.2763,4.9626
1788590502719,1788590502637993,79673.0,79673.7,0.002,0.00697,293651.93,3675898.84,7653648.08,469295.4,3127259.68,8117114.09,79699.77,79699.78,1.1028,5.30887,79659.2,79659.3,1.2763,4.9982
1788590502979,1788590502897983,79673.0,79673.7,0.002,0.00697,293651.93,3690206.88,7667956.13,469295.4,3127259.68,8117114.09,79699.77,79699.78,1.1028,5.30887,79659.2,79659.3,1.2778,4.9982
1788590503225,1788590503121860,79673.0,79673.7,0.002,0.00697,293651.93,3658342.96,7636092.21,469295.4,3127259.68,8117114.09,79699.77,79699.78,1.10266,5.30387,79659.2,79659.3,1.2778,4.9982
1788590503470,1788590503418816,79673.0,79673.7,0.00214,0.00043,293663.09,3690218.44,7667967.68,512655.86,3170620.14,8160474.55,79699.77,79699.78,1.10083,5.30387,79659.2,79659.3,1.2778,4.9982
1788590503729,1788590503619171,79673.0,79673.7,0.00089,0.00043,293563.5,3695396.39,7673145.64,510490.29,3173745.4,8163599.81,79699.77,79699.78,1.10083,5.30394,79659.2,79659.3,1.0921,4.9982
1788590503975,1788590503947275,79673.5,79673.6,0.0002,0.00043,288321.17,3706565.15,7684314.4,465783.31,2965340.75,8114772.82,79699.77,79699.78,1.11333,5.30401,79659.2,79659.3,1.2778,5.0012
1788590504223,1788590504195444,79669.8,79670.7,0.00021,2.00189,93969.68,3218311.41,7429294.69,696459.21,2530786.21,7035624.61,79698.11,79698.12,0.01868,7.99197,79655.9,79656.0,0.2806,4.7336
1788590504468,1788590504442376,79670.1,79670.2,0.0002,0.54447,37613.07,3273385.47,7485991.53,833953.82,2639709.3,7450590.36,79698.11,79698.12,0.01942,8.04607,79655.9,79656.0,0.1005,6.0172
1788590504731,1788590504683389,79666.0,79669.8,0.00021,1.97485,7771.63,2237237.97,6898837.47,733574.94,2551237.81,7185483.67,79693.47,79693.48,0.08639,8.00112,79650.1,79650.2,0.1791,8.272
1788590504974,1788590504942975,79662.0,79664.2,0.015,2.00232,293043.62,2714265.33,7450960.41,664792.43,2584622.97,7154976.87,79693.47,79693.48,0.08746,8.11494,79650.1,79650.2,0.4504,8.2685
1788590505218,1788590505197259,79660.0,79664.0,0.00021,0.23972,306726.23,2828234.86,7526714.55,614826.13,2415719.44,7094212.54,79693.47,79693.48,0.08739,8.11494,79650.1,79650.2,0.1792,8.2698
1788590505476,1788590505377048,79660.1,79663.8,0.06003,0.0109,316012.84,3158712.93,7658158.63,652862.92,2504388.52,7184687.72,79693.47,79693.48,0.08746,8.11494,79650.1,79650.2,0.4447,8.4555
1788590505721,1788590505693492,79660.1,79663.8,0.06003,0.0081,359616.31,3296458.66,7716285.06,650741.53,2501990.24,7182289.43,79693.47,79693.48,0.08747,8.11371,79650.1,79650.2,0.4661,8.4555
1788590505982,1788590505943083,79662.3,79663.8,0.00021,0.0081,320637.91,3284607.92,7702842.69,642207.98,2507634.44,7187933.63,79693.47,79693.48,0.26872,8.11371,79650.1,79650.2,0.4661,8.4555
1788590506228,1788590506169764,79662.3,79663.7,0.00021,0.049,332137.43,3296110.05,7714344.82,626817.79,2492244.24,7172543.44,79693.47,79693.48,0.26892,8.11381,79650.1,79650.2,0.4661,8.4555
1788590506472,1788590506432829,79662.3,79663.7,0.00021,0.049,332137.43,3297131.72,7715366.5,664476.79,2565177.89,7245477.59,79693.47,79693.48,0.26892,8.11381,79650.1,79650.2,0.5244,8.4555
1788590506719,1788590506694511,79662.3,79663.7,0.00021,0.049,312137.72,3277132.01,7695366.79,664476.79,2565177.89,7245477.59,79693.47,79693.48,0.24799,8.11381,79650.1,79650.2,0.5244,8.4555
1788590506976,1788590506921837,79662.3,79663.7,0.00021,0.049,312995.61,3277133.49,7695368.26,656373.37,2557074.47,7237374.16,79693.47,79693.48,0.25296,8.11601,79650.1,79650.2,0.2456,8.4555
1788590507220,1788590507196112,79662.3,79663.7,0.00021,0.049,313792.2,3277940.58,7696175.35,656373.37,2557074.47,7237374.16,79693.47,79693.48,0.19088,8.11601,79650.1,79650.2,0.1005,8.4555
1788590507481,1788590507440604,79663.6,79663.7,0.0002,0.04887,86618.04,3299918.03,7609980.58,691061.54,2586932.05,7267231.75,79693.47,79693.48,0.19088,8.11601,79650.1,79650.2,0.1005,8.4555
1788590507728,1788590507696961,79662.5,79663.7,0.00021,0.04887,489216.08,3517808.61,7776727.38,607868.79,2572239.14,7252538.84,79693.47,79693.48,0.49986,7.97989,79650.1,79650.2,1.2559,8.4516
1788590507972,1788590507924350,79662.5,79663.7,0.11036,0.04887,471236.7,3467970.23,7726888.99,627164.81,2593128.92,7273428.62,79693.47,79693.48,0.73335,7.98087,79650.1,79650.2,1.2572,8.4516
1788590508218,1788590508134458,79661.6,79663.7,0.00021,0.04887,487350.29,3624877.67,8043112.44,660606.61,2626570.72,7306870.42,79693.47,79693.48,0.7322,7.9746,79650.1,79650.2,1.2572,8.4516
1788590508477,1788590508271562,79661.6,79663.7,0.00021,0.04887,487297.73,3630243.57,8048478.34,660616.97,2631991.42,7312291.11,79693.47,79693.48,0.73276,7.9746,79650.1,79650.2,1.2629,8.4516
1788590508725,1788590508271562,79661.6,79663.7,0.00021,0.04887,487297.73,3630243.57,8048478.34,660616.97,2631991.42,7312291.11,79693.47,79693.48,0.73126,7.9746,79650.1,79650.2,1.2629,8.4516
1788590508967,1788590508902450,79661.6,79663.7,0.00021,0.04887,455297.8,3598263.88,8016498.66,660616.97,2631991.42,7312291.11,79693.47,79693.48,0.73119,7.9746,79650.1,79650.2,1.2629,8.4519
1788590509227,1788590508902450,79661.6,79663.7,0.00021,0.04887,455297.8,3598263.88,8016498.66,660616.97,2631991.42,7312291.11,79693.47,79693.48,0.73276,7.97453,79650.1,79650.2,1.2571,8.4519
1788590509473,1788590509434259,79663.4,79663.5,0.0002,0.019,421996.05,3562359.53,7859997.59,662149.68,2633522.06,7313821.76,79693.47,79693.48,0.71176,7.97467,79650.1,79650.2,1.2571,8.4532
1788590509718,1788590509697386,79663.4,79663.5,0.0002,0.019,239687.9,3376904.25,7674542.32,666073.91,2758400.34,7438700.03,79693.47,79693.48,0.1484,8.0582,79650.1,79650.2,0.1056,8.4532
1788590509975,1788590509910811,79663.4,79663.5,0.0002,0.019,227419.43,3384718.34,7682356.4,655859.08,2748185.51,7428485.2,79693.47,79693.48,0.10625,8.0582,79650.1,79650.2,0.4506,8.4532
1788590510219,1788590510185996,79663.4,79663.5,0.0002,0.019,228810.28,3592813.11,7890451.18,634470.7,2726797.13,7407096.82,79693.47,79693.48,0.10625,8.39807,79650.1,79650.2,0.4457,8.4657
1788590510478,1788590510266966,79663.4,79663.5,0.0002,0.019,229817.14,3592845.79,7890483.86,634470.7,2726797.13,7407096.82,79693.47,79693.48,0.10625,8.39446,79650.1,79650.2,0.452,8.4657
1788590510725,1788590510567401,79663.4,79663.5,0.0002,0.019,229817.14,3592845.79,7890483.86,673021.44,2765347.87,7445647.56,79693.47,79693.48,0.10625,8.39446,79650.1,79650.2,0.452,8.4657
1788590510971,1788590510936357,79663.4,79663.5,0.0002,0.019,230712.52,3561782.25,7859420.31,670251.13,2995779.13,7676078.83,79693.47,79693.48,0.28965,8.39459,79650.1,79650.2,1.0111,8.4625
1788590511229,1788590511076971,79663.4,79663.5,0.03872,0.01899,392891.64,3755821.61,8053459.67,551973.7,2877501.7,7557801.39,79693.47,79693.48,0.43503,8.39459,79650.1,79650.2,1.0111,8.4625
1788590511474,1788590511436949,79663.4,79663.5,0.0049,0.01899,390248.37,3752317.27,8049955.33,606353.98,2931881.98,7612181.68,79693.47,79693.48,0.43813,8.39423,79650.1,79650.2,1.0124,8.4625
1788590511720,1788590511692142,79663.4,79663.5,0.0049,0.01899,390248.37,3752317.29,8049955.35,431201.96,2756729.96,7437029.65,79693.47,79693.48,0.43834,8.39413,79650.1,79650.2,1.2706,8.4624
1788590511981,1788590511920450,79664.0,79664.1,0.0002,0.14658,23702.31,3380996.59,7960957.2,422699.16,2708624.74,7280613.63,79693.47,79693.48,0.43834,8.16087,79650.1,79650.2,1.2762,8.4518
1788590512222,1788590512104479,79663.9,79664.1,0.00027,0.14658,23448.18,3444905.61,7872784.49,434784.61,2721710.92,7293699.81,79693.47,79693.48,0.39934,8.14749,79650.1,79650.2,1.2762,8.4518
1788590512470,1788590512440393,79663.9,79664.1,0.00027,0.14658,23448.18,3452498.02,7880376.89,434784.61,2721710.92,7401774.99,79693.47,79693.48,0.33937,8.14418,79650.1,79650.2,1.2762,8.4518
1788590512730,1788590512658799,79663.9,79664.1,0.00027,0.14658,23448.18,3527785.63,7955664.5,430880.9,2771037.47,7451101.53,79693.47,79693.48,0.33282,8.21814,79650.1,79650.2,1.2704,8.4518
1788590512976,1788590512940015,79663.9,79664.1,0.00027,0.14658,23448.18,3527785.71,7955664.58,434784.61,2774941.26,7455005.33,79693.47,79693.48,0.33105,8.22034,79650.1,79650.2,1.2704,8.4518
1788590513223,1788590513166193,79663.5,79664.1,0.00029,0.14658,182733.08,3749475.73,8047113.79,434784.61,2777657.59,7457721.65,79693.47,79693.48,0.33105,8.22034,79650.1,79650.2,1.2704,8.4518
1788590513480,1788590513408558,79663.7,79664.1,0.00226,0.14672,23451.37,3530527.36,8047293.83,435796.42,2778669.39,7458733.46,79693.47,79693.48,0.33103,8.22034,79650.1,79650.2,1.2704,8.4307
1788590513723,1788590513543405,79663.7,79664.1,0.00226,0.14672,22654.77,3529730.77,8046497.23,436593.07,2779466.05,7459530.11,79693.47,79693.48,0.33103,8.22034,79650.1,79650.2,1.2704,8.2841
1788590513980,1788590513936171,79663.7,79664.1,0.00226,0.14672,22654.77,3529730.77,8046497.23,435806.77,2778679.75,7458743.82,79693.47,79693.48,0.34727,8.22034,79650.1,79650.2,1.2704,8.2841
1788590514224,1788590514190824,79663.3,79663.4,0.0002,2.32542,114.71,1969485.18,6647587.82,937589.36,2739665.09,6883658.31,79685.11,79685.12,0.55232,9.17745,79637.8,79637.9,3.9506,2.7101
1788590514468,1788590514442319,79651.5,79654.9,0.03836,2.14847,119238.18,2272824.84,8267362.33,280255.14,2542603.37,7042556.6,79682.49,79682.5,0.32539,8.15428,79637.8,79637.9,2.8262,2.7629
1788590514727,1788590514693018,79651.4,79654.7,0.01,0.019,86328.05,2745617.63,9087673.95,409465.58,2374038.26,6717677.32,79682.49,79682.5,0.3208,8.265,79637.8,79637.9,3.08,2.6912
1788590514972,1788590514930861,79651.5,79654.8,0.03628,0.09816,80587.47,2753672.15,9205497.21,461110.52,2441012.01,7096361.06,79682.49,79682.5,0.32087,8.36577,79637.8,79637.9,3.08,2.7629
1788590515233,1788590515191433,79651.5,79652.0,0.03724,0.001,80663.94,2903064.71,9286114.92,313368.56,2371345.71,7038391.52,79682.49,79682.5,0.54606,8.35684,79637.8,79637.9,4.1286,2.8769
1788590515475,1788590515412405,79651.9,79654.8,0.0002,0.08,80727.66,3136737.62,9280964.53,386316.5,2338658.62,6994007.67,79682.49,79682.5,0.58154,7.93622,79637.8,79637.9,4.1285,2.8769
1788590515720,1788590515661057,79655.5,79655.6,0.0002,0.00062,10627.6,2702537.23,8850120.47,453078.17,2363002.28,7165087.15,79682.49,79682.5,0.59877,7.94727,79637.8,79637.9,2.3388,3.2969
1788590515976,1788590515946947,79655.5,79655.6,0.0002,0.00062,11731.52,2722761.69,8790730.73,453162.58,2442667.67,7244752.54,79682.49,79682.5,0.59884,7.94727,79637.8,79637.9,2.3183,2.8769
1788590516219,1788590516060555,79655.5,79655.6,0.0002,0.00062,11731.52,2722761.69,8790730.73,453162.58,2442667.67,8224682.51,79682.49,79682.5,0.59904,7.95151,79637.8,79637.9,2.504,2.8806
1788590516478,1788590516360602,79655.2,79655.6,0.0002,0.00062,11841.44,2761116.64,8829085.69,463192.5,2452697.58,8234712.43,79682.49,79682.5,0.59878,7.95151,79637.8,79637.9,2.4939,2.8806
1788590516724,1788590516650459,79655.2,79655.6,0.0002,0.00062,11841.44,2761118.06,8829087.11,463192.48,2452697.56,8234712.41,79682.49,79682.5,0.58118,7.95151,79637.8,79637.9,2.4245,2.8819
1788590516971,1788590516864194,79654.2,79655.6,0.0002,0.00062,37398.44,2743190.12,8812159.43,461747.21,2536505.96,8291521.06,79682.49,79682.5,0.60154,7.95151,79637.8,79637.9,2.4245,2.8806
1788590517230,1788590517195919,79654.2,79655.6,0.0002,0.00062,37398.44,2757248.86,8826218.17,462515.52,2537274.27,8292289.37,79682.49,79682.5,0.60004,7.95151,79637.8,79637.9,2.4865,2.8806
1788590517473,1788590517440024,79655.0,79655.6,0.003,0.00062,10852.16,2775160.24,8844129.55,460051.74,2534810.49,8289825.59,79682.49,79682.5,0.4596,7.95015,79637.8,79637.9,2.4047,2.8819
1788590517731,1788590517687080,79655.0,79655.6,0.003,0.00062,12685.66,2886899.56,8955868.87,412408.48,2713561.55,8058365.68,79682.49,79682.5,0.46898,7.91022,79637.8,79637.9,2.5739,2.8806
1788590517975,1788590517872195,79655.0,79655.6,0.003,0.00062,12685.66,2886900.0,8955869.31,397403.86,2666690.53,8121042.01,79682.49,79682.5,0.48542,7.91022,79637.8,79637.9,2.5638,2.8806
1788590518220,1788590518133118,79655.0,79655.6,0.0027,0.12617,12661.77,2886876.11,8955845.41,408200.42,2724358.57,8178710.05,79682.49,79682.5,0.48528,7.90691,79637.8,79637.9,2.5638,2.8819
1788590518481,1788590518427790,79655.0,79655.6,0.0027,0.00062,12661.77,2884134.79,8953104.1,342416.36,2684198.73,8138550.21,79682.49,79682.5,0.48524,7.90691,79637.8,79637.9,2.5739,2.8806
1788590518724,1788590518658403,79655.0,79655.6,0.00154,0.00062,13365.88,2884838.91,8953808.21,391053.14,2732835.51,8187186.99,79682.49,79682.5,0.48514,7.90658,79637.8,79637.9,2.5638,2.8794
1788590518967,1788590518827454,79655.0,79655.6,0.00154,0.00062,13365.88,2884840.96,8953810.26,391053.14,2732835.51,8187186.99,79682.49,79682.5,0.48514,7.90658,79637.8,79637.9,2.5739,2.8807
1788590519224,1788590519122573,79655.0,79655.6,0.00154,0.00062,13365.88,2870782.22,8939751.52,391053.14,2732833.51,8187184.99,79682.49,79682.5,0.48514,7.90658,79637.8,79637.9,2.5739,2.8807
1788590519469,1788590519431651,79655.0,79655.6,0.00154,0.00062,13365.88,2867998.31,8936967.62,391053.14,2728676.55,8183028.03,79682.49,79682.5,0.48514,7.90658,79637.8,79637.9,2.5739,2.8807
1788590519729,1788590519696735,79650.4,79655.6,0.0756,0.00062,118177.32,3306888.23,9132015.61,462190.89,2925799.12,8172636.42,79682.49,79682.5,0.34381,7.91146,79637.8,79637.9,2.4807,2.9524
1788590519973,1788590519946110,79646.5,79653.2,0.37666,0.17662,668262.44,3441193.81,9255565.21,629148.56,3243041.17,8176247.82,79682.0,79682.01,0.03138,9.35202,79637.7,79637.8,0.1142,9.3972
1788590520221,1788590520192314,79652.7,79652.8,0.0002,0.03336,102115.54,2992292.97,9000027.97,621522.44,3231479.24,8168591.59,79681.63,79681.64,0.26556,7.6789,79637.7,79637.8,0.7678,9.3953
1788590520482,1788590520431607,79652.7,79653.0,0.0002,0.019,99260.28,2988887.14,9330036.4,568083.68,3182025.11,8429158.33,79681.63,79681.64,0.44567,7.6762,79637.7,79637.8,1.012,8.7515
1788590520726,1788590520692605,79652.7,79653.0,0.0002,0.01899,100056.76,2989683.62,9330832.88,617203.5,3231144.93,8478278.16,79681.63,79681.64,0.46491,7.67386,79637.7,79637.8,1.9366,8.7515
1788590520970,1788590520932028,79652.7,79652.9,0.0002,0.01953,100757.63,2989683.68,9330832.94,577133.29,3178262.51,8425395.73,79681.63,79681.64,0.46548,7.67386,79637.7,79637.8,1.906,8.7515
1788590521231,1788590521184176,79652.7,79652.9,0.0002,0.01967,100716.24,2989642.29,9330791.55,570350.69,3171479.1,8418612.32,79681.63,79681.64,0.60932,7.6748,79637.7,79637.8,1.9078,8.6798
1788590521475,1788590521422261,79652.7,79652.9,0.0002,0.01967,99919.77,2956991.77,9298141.03,570361.04,3176126.41,8423259.63,79681.63,79681.64,0.60932,7.6748,79637.7,79637.8,1.8977,8.6575
1788590521722,1788590521694039,79652.7,79652.9,0.0002,0.01967,99919.77,3112720.22,9453869.48,539501.64,3145267.01,8392400.23,79681.63,79681.64,0.60782,7.6748,79637.7,79637.8,1.8919,8.6575
1788590521967,1788590521928682,79652.7,79652.8,0.0002,0.01067,260077.35,3292179.27,9633328.53,342213.37,2925482.83,8176600.69,79681.63,79681.64,0.8499,7.35516,79637.7,79637.8,2.8612,4.3316
1788590522228,1788590522195659,79652.7,79652.8,0.0002,0.00842,260077.35,3292197.62,9633346.88,336032.14,2945849.43,8196967.29,79681.63,79681.64,0.8499,7.35516,79637.7,79637.8,2.9107,4.3316
1788590522468,1788590522434090,79652.7,79652.8,0.0002,0.00842,262634.18,3517271.22,9858420.48,346068.91,2963607.7,8214725.56,79681.63,79681.64,0.84983,7.76167,79637.7,79637.8,2.8288,4.3316
1788590522729,1788590522693686,79652.7,79656.2,0.0002,0.14577,192543.55,3444499.83,9785649.09,620644.66,2999752.04,8388548.97,79681.63,79681.64,0.83197,7.7618,79637.7,79637.8,2.8389,4.3316
1788590522976,1788590522933850,79656.1,79656.2,0.0002,0.14577,4258.11,3015513.08,9271582.71,610224.44,3194054.95,8082850.26,79681.63,79681.64,0.83197,7.7618,79637.7,79637.8,2.8288,4.3316
1788590523222,1788590523030290,79656.1,79656.2,0.0002,0.14577,4258.11,3018138.98,9274208.62,610234.8,3214912.26,8103707.57,79681.63,79681.64,0.83197,7.7618,79637.7,79637.8,2.8301,4.3316
1788590523467,1788590523400978,79656.1,79656.2,0.0002,0.14577,4258.11,3034638.63,9290708.27,615942.21,3185321.04,8074116.35,79681.63,79681.64,0.83197,7.7618,79637.7,79637.8,2.91,4.3316
1788590523727,1788590523693097,79656.1,79656.2,0.0002,0.01862,4258.11,3034663.79,9290733.43,655726.57,3225105.4,8113900.71,79681.63,79681.64,0.83197,7.75955,79637.7,79637.8,2.8999,4.3316
1788590523972,1788590523938491,79656.1,79656.2,0.0002,0.01862,4258.11,3034688.49,9290758.12,655859.63,3238940.92,8127736.23,79681.63,79681.64,0.82614,7.75955,79637.7,79637.8,2.8268,4.3316
1788590524218,1788590524088940,79656.1,79656.2,0.0002,0.01862,4268.47,3031996.57,9288066.2,655859.63,3238940.92,8127736.23,79681.63,79681.64,0.82614,7.75955,79637.7,79637.8,2.8382,4.3316
1788590524481,1788590524418414,79656.1,79656.2,0.0002,0.01848,4268.47,3034659.01,9290728.65,655799.08,3237930.46,8126725.78,79681.63,79681.64,0.82242,7.75955,79637.7,79637.8,2.8281,4.3327
1788590524724,1788590524685866,79656.1,79656.2,0.0002,0.01848,4268.47,3032021.26,9288090.89,656606.0,3269256.29,8158051.6,79681.63,79681.64,0.82106,7.75925,79637.7,79637.8,2.8382,3.8017
1788590524969,1788590524851263,79656.1,79656.2,0.0002,0.01848,4268.47,2872576.53,9128646.16,659669.36,3272319.64,8161114.95,79681.63,79681.64,0.81956,7.75918,79637.7,79637.8,2.8281,3.8017
1788590525217,1788590525150301,79656.1,79656.2,0.0002,0.01848,4268.47,2872576.53,9128646.16,627804.48,3240454.76,8129250.07,79681.63,79681.64,0.81956,7.75918,79637.7,79637.8,2.8382,3.8017
1788590525475,1788590525318723,79656.1,79656.2,0.0002,0.01848,4268.47,2872576.73,9128646.36,607552.76,3220203.04,8108998.35,79681.63,79681.64,0.81429,7.75918,79637.7,79637.8,2.8281,3.8373
1788590525720,1788590525599974,79656.1,79656.2,0.0002,0.01848,4268.47,2872576.73,9128646.36,607552.76,3220203.04,8108998.35,79681.63,79681.64,0.81436,7.75918,79637.7,79637.8,2.8382,3.8373
1788590525981,1788590525945476,79656.1,79656.2,0.0002,0.01886,4268.47,2872576.73,9128646.36,607583.03,3220233.31,8109028.62,79681.63,79681.64,0.81211,7.75911,79637.7,79637.8,2.8382,3.906
1788590526230,1788590526128198,79656.1,79656.2,0.0002,0.01886,4268.47,2872576.73,9128646.36,606786.47,3219436.75,8108232.06,79681.63,79681.64,0.80695,7.75911,79637.7,79637.8,2.8382,3.906
1788590526474,1788590526430907,79656.1,79656.2,0.0002,0.01886,4268.47,2872576.73,9128646.36,606796.18,3219446.46,8108241.78,79681.63,79681.64,0.76929,7.75911,79637.7,79637.8,2.8382,3.906
1788590526731,1788590526692766,79656.1,79656.2,0.0002,0.00038,4912.85,2880613.24,8922716.22,440816.35,3005518.66,7921316.15,79681.63,79681.64,1.09604,6.77537,79637.7,79637.8,2.9201,1.6484
1788590526974,1788590526935492,79656.0,79656.1,0.0012,2.00189,4076.51,2878608.55,8920711.53,580972.01,3147675.7,8063473.19,79681.63,79681.64,1.09604,6.77537,79637.7,79637.8,2.9201,1.6484
1788590527222,1788590527187349,79656.0,79656.1,0.001,2.00228,5083.27,2879615.31,8921718.29,580579.29,3147282.98,8063080.46,79681.63,79681.64,1.0959,6.77513,79637.7,79637.8,2.9076,1.6484
1788590527467,1788590527370028,79656.0,79656.1,0.0012,2.00291,1842.29,2869471.84,7638542.41,557817.78,3144366.55,8060164.03,79681.63,79681.64,0.93862,6.77377,79637.7,79637.8,2.8975,1.6484
1788590527727,1788590527574390,79656.0,79656.1,0.0009,2.00291,5145.46,2872775.01,7641845.58,612360.0,3230774.41,8147129.88,79681.63,79681.64,0.76893,6.77355,79637.7,79637.8,2.9074,1.6482
1788590527973,1788590527850021,79656.0,79656.1,0.0009,2.00291,5145.46,2840920.05,7609990.62,612360.36,3230774.76,8147130.24,79681.63,79681.64,0.76886,6.77355,79637.7,79637.8,2.9074,1.6482
1788590528220,1788590528108062,79656.0,79656.1,0.0009,2.00291,5941.98,3078796.43,7847867.0,557807.16,3176221.57,8092577.04,79681.63,79681.64,0.76879,6.77348,79637.7,79637.8,2.9074,1.6482
1788590528481,1788590528327943,79656.0,79656.1,0.0009,2.00291,5941.98,3078796.43,7847867.0,502020.89,3120435.29,8036790.77,79681.63,79681.64,0.76879,6.77348,79637.7,79637.8,3.5791,1.6482
1788590528725,1788590528597877,79656.0,79656.1,0.00104,2.00291,5222.75,3078077.19,7847147.76,606597.15,3225011.71,8141367.19,79681.63,79681.64,0.9384,6.77348,79637.7,79637.8,3.5791,1.4625
1788590528969,1788590528597877,79656.0,79656.1,0.00104,2.00291,5222.75,3078077.19,7847147.76,606597.15,3225011.71,8141367.19,79681.63,79681.64,0.9384,6.77348,79637.7,79637.8,3.5791,1.4625
1788590529229,1788590529170490,79656.0,79656.1,0.00104,2.00291,4149.85,3045149.17,7814219.75,606597.15,3225011.71,8141367.19,79681.63,79681.64,0.7693,6.77348,79637.7,79637.8,2.9074,1.6482
1788590529475,1788590529416741,79656.0,79656.1,0.0009,2.00291,4138.7,3076992.98,7846043.66,611151.48,3229566.04,8145921.52,79681.63,79681.64,0.7693,6.77348,79637.7,79637.8,2.8973,1.6482
1788590529720,1788590529587337,79656.0,79656.1,0.0009,2.00291,5241.83,3078096.11,7847146.79,611151.48,3197700.24,8114055.72,79681.63,79681.64,0.76923,6.77336,79637.7,79637.8,2.9074,1.9238
1788590529980,1788590529899732,79656.0,79656.1,0.0009,2.00291,5241.83,3078096.11,7847146.79,646310.69,3232859.45,8149214.93,79681.63,79681.64,0.76787,6.77336,79637.7,79637.8,2.8973,1.9238
1788590530224,1788590530040007,79656.0,79656.1,0.0009,2.00291,5241.83,3078096.11,7847166.69,646310.69,3232859.45,8149214.93,79681.63,79681.64,0.76787,6.77334,79637.7,79637.8,2.9074,1.9238
1788590530471,1788590530040007,79656.0,79656.1,0.0009,2.00291,5241.83,3078096.11,7847166.69,646310.69,3232859.45,8149214.93,79681.63,79681.64,0.9365,6.77314,79637.7,79637.8,2.1336,1.9238
1788590530729,1788590530599237,79656.0,79656.1,0.0009,2.00291,5241.83,3075438.54,7844509.11,587258.84,3176512.8,8092868.28,79681.63,79681.64,0.7678,6.77295,79637.7,79637.8,2.1508,1.9238
1788590530975,1788590530928058,79656.0,79656.1,0.00028,2.00229,5192.44,3075389.15,7844459.73,588006.03,3174505.19,8090860.66,79681.63,79681.64,0.76787,6.77302,79637.7,79637.8,2.2223,1.9238
1788590531218,1788590531090626,79656.0,79656.1,0.00028,2.00229,5192.44,3078021.44,7847092.01,588006.03,3177233.71,8093589.18,79681.63,79681.64,0.76787,6.77289,79637.7,79637.8,2.2236,1.9238
1788590531480,1788590531381793,79656.0,79656.1,0.00028,2.00229,5192.44,3078021.44,7847092.01,588006.03,3177233.71,8093589.18,79681.63,79681.64,0.76787,6.77289,79637.7,79637.8,2.2236,1.9238
1788590531725,1788590531688305,79656.0,79656.1,0.00028,2.01484,5192.44,3078083.58,7847154.15,639934.25,3226433.4,8142788.88,79681.63,79681.64,0.76787,6.77289,79637.7,79637.8,2.2337,1.9238
1788590531969,1788590531944095,79656.0,79656.1,0.00028,2.01484,5192.44,3078083.58,7847154.15,608059.28,3197205.69,8113561.17,79681.63,79681.64,0.9365,6.77289,79637.7,79637.8,2.2337,1.9237
1788590532231,1788590532185681,79656.0,79656.1,0.00028,0.01357,5976.25,3238280.88,8007351.45,429462.72,3018661.72,7935017.19,79681.63,79681.64,1.5657,6.7639,79637.7,79637.8,3.2858,1.738
1788590532475,1788590532440184,79656.0,79656.1,0.00028,0.01357,5906.97,3246083.31,8015153.88,432366.23,3021520.62,7937876.09,79681.63,79681.64,1.5657,6.76254,79637.7,79637.8,2.9266,1.738
1788590532720,1788590532642045,79656.0,79656.1,0.57438,0.01357,427467.29,3113941.84,7801825.64,32956.89,1795408.27,6438482.35,79681.63,79681.64,3.73582,2.17237,79650.2,79650.3,1.268,3.9284
1788590532978,1788590532871327,79656.0,79658.1,0.10622,0.31395,254000.9,2935748.65,7435195.93,297114.11,2159077.02,7550257.96,79681.63,79681.64,1.6665,5.38923,79641.8,79641.9,2.2262,2.5946
1788590533221,1788590533148243,79655.9,79658.6,0.0002,0.049,249405.78,2723684.8,7461971.08,620141.74,2496613.73,7931881.49,79681.63,79681.64,1.99735,5.38951,79641.8,79641.9,2.2288,2.5959
1788590533466,1788590533443526,79654.0,79659.0,0.04006,2.31472,292758.31,3102551.67,8100309.11,645973.93,2590249.97,8175293.02,79681.63,79681.64,1.99735,5.39092,79641.8,79641.9,2.2288,2.5959
1788590533730,1788590533668068,79654.3,79659.0,0.03598,2.31472,288685.24,3124084.27,7623257.95,693455.24,2649124.4,8234167.45,79681.63,79681.64,1.80415,5.39092,79641.8,79641.9,2.2288,2.7816
1788590533976,1788590533898272,79654.3,79659.0,0.03598,2.31472,286360.94,3286207.13,7785380.82,693711.86,2794122.61,8379165.66,79681.63,79681.64,1.80422,5.39092,79641.8,79641.9,2.2318,2.7816
1788590534219,1788590534123187,79654.3,79659.0,0.03598,2.31472,283305.4,3283151.68,7782325.37,643376.04,2743786.8,8328829.84,79681.63,79681.64,1.97285,5.39092,79641.8,79641.9,2.2318,2.7803
1788590534480,1788590534370921,79654.5,79659.0,0.03753,2.31472,286625.4,3286432.5,7785606.19,699562.45,2817500.31,8402535.16,79681.63,79681.64,1.96637,5.39092,79641.8,79641.9,2.2311,2.7803
1788590534724,1788590534459514,79654.5,79659.0,0.03753,2.31472,286625.4,3286432.5,7452191.93,699552.09,2710732.77,8088519.3,79681.63,79681.64,1.96501,5.39092,79641.8,79641.9,2.2311,2.7803
1788590534970,1788590534933676,79654.5,79659.0,0.03753,2.31472,286625.4,3286452.43,7452211.86,699552.09,2678864.21,8056630.24,79681.63,79681.64,1.96501,5.39092,79641.8,79641.9,2.2311,2.7803
1788590535229,1788590535135359,79654.5,79659.0,0.03753,2.00077,288218.45,3395163.63,7772698.77,699552.47,2710732.83,8420808.55,79681.63,79681.64,1.96276,5.38966,79641.8,79641.9,2.6987,2.7803
1788590535475,1788590535311022,79654.5,79659.0,0.03753,2.00077,288218.45,3395163.63,7772698.77,700349.1,2741416.27,8451491.98,79681.63,79681.64,1.96276,5.38973,79641.8,79641.9,2.6987,2.7802
1788590535719,1788590535560381,79654.5,79659.0,0.03753,2.00077,285071.3,3394840.17,7772375.31,699541.32,2740756.3,8450832.02,79681.63,79681.64,1.95963,5.3823,79641.8,79641.9,2.6987,2.7802
1788590535976,1788590535770211,79654.5,79659.0,0.03753,2.00077,285071.3,3394840.17,7772375.31,699541.32,2740756.3,8450832.02,79681.63,79681.64,1.95963,5.38217,79641.8,79641.9,2.6987,2.7802
1788590536218,1788590536118141,79654.5,79659.0,0.03753,2.00077,285071.3,3394840.17,7772375.31,699541.32,2740756.18,8450831.9,79681.63,79681.64,1.95963,5.38217,79641.8,79641.9,2.6987,2.7802
1788590536480,1788590536416160,79654.5,79659.0,0.03753,2.00077,285071.3,3392121.89,7769657.02,702158.77,2740680.46,8450756.18,79681.63,79681.64,1.95963,5.38217,79641.8,79641.9,2.6987,2.7802
1788590536724,1788590536693876,79654.5,79659.0,0.03753,2.00077,285071.3,3392142.6,7769677.74,702158.77,2740680.46,8450756.18,79681.63,79681.64,1.95963,5.38204,79641.8,79641.9,2.6987,2.7802
1788590536973,1788590536805424,79654.5,79659.0,0.03739,2.00077,285060.15,3392131.45,7769666.59,702158.77,2740680.46,8450756.18,79681.63,79681.64,1.95963,5.37977,79641.8,79641.9,2.6987,2.7802
1788590537217,1788590537162684,79654.5,79659.0,0.03739,2.00077,285060.15,3392131.45,7769666.59,702169.13,2711540.57,8421616.29,79681.63,79681.64,1.95963,5.37977,79641.8,79641.9,2.6987,2.7802
1788590537478,1788590537317566,79654.5,79659.0,0.03739,2.00077,285060.15,3384410.19,7761945.32,702169.13,2735687.11,8445762.83,79681.63,79681.64,1.57995,5.37851,79641.8,79641.9,2.6987,2.7802
1788590537722,1788590537630298,79654.5,79658.9,0.03739,0.75239,284136.18,3351628.25,7729163.39,704036.71,2727859.34,8447630.41,79681.63,79681.64,1.58002,5.37851,79641.8,79641.9,2.6987,2.7815
1788590537968,1788590537840038,79654.5,79658.9,0.03739,0.75267,283970.5,3383320.85,7760855.99,704059.02,2783443.17,8503214.25,79681.63,79681.64,1.58002,5.37851,79641.8,79641.9,2.6987,2.7815
1788590538229,1788590537840038,79654.5,79658.9,0.03739,0.75267,283970.5,3383320.85,7760855.99,704059.02,2783443.17,8503214.25,79681.63,79681.64,1.57995,5.37838,79641.8,79641.9,2.6987,2.7802
1788590538474,1788590538377096,79654.5,79658.9,0.03739,0.04965,283970.5,3383320.85,7760855.99,648057.22,2727441.66,8447212.74,79681.63,79681.64,1.57995,5.37777,79641.8,79641.9,2.6987,2.7802
1788590538721,1788590538377096,79654.5,79658.9,0.03739,0.04965,283970.5,3383320.85,7760855.99,648057.22,2727441.66,8447212.74,79681.63,79681.64,1.57995,5.37643,79641.8,79641.9,2.6987,2.7802
1788590538980,1788590538808907,79654.5,79658.9,0.03739,0.04965,283970.5,3383320.85,7760855.99,648067.58,2727452.02,8447223.1,79681.63,79681.64,1.57995,5.37507,79641.8,79641.9,2.6987,2.7802
1788590539224,1788590538808907,79654.5,79658.9,0.03739,0.04965,283970.5,3383320.85,7760855.99,648067.58,2727452.02,8447223.1,79681.63,79681.64,1.57995,5.37536,79641.8,79641.9,2.6987,2.7802
1788590539470,1788590539363616,79654.5,79658.9,0.03739,0.04965,283970.5,3383320.85,7760855.99,648067.58,2722063.28,8441834.35,79681.63,79681.64,1.57995,5.37536,79641.8,79641.9,2.6987,2.7802
1788590539728,1788590539598374,79654.5,79658.9,0.03739,0.04965,283970.5,3383320.85,7760855.99,647270.95,2726633.76,8446404.84,79681.63,79681.64,1.57995,5.37536,79641.8,79641.9,2.6987,2.7802
1788590539974,1788590539847807,79654.5,79658.9,0.03739,0.04965,283970.5,3383320.85,7760855.99,704201.64,2891138.88,8610909.96,79681.63,79681.64,1.57995,5.37536,79641.8,79641.9,2.6987,2.7802
1788590540217,1788590540150242,79654.5,79658.9,0.03739,0.04965,283970.5,3383320.85,7760855.99,704998.27,2891935.51,8611706.59,79681.63,79681.64,1.75918,5.37529,79641.8,79641.9,2.7129,2.7802
1788590540478,1788590540446089,79654.5,79658.9,0.03739,0.04965,284571.84,3378775.73,7756310.87,703201.88,2890139.13,8609910.2,79681.63,79681.64,1.75918,5.37529,79641.8,79641.9,2.723,2.7802
1788590540723,1788590540682400,79654.7,79658.9,0.03739,0.0622,290365.72,3598512.17,7976047.31,693739.48,2882004.39,8601775.47,79681.63,79681.64,2.05819,5.07505,79641.8,79641.9,2.723,2.7802
1788590540967,1788590540930677,79655.1,79658.9,0.13741,0.0132,431781.6,3741829.32,8118364.2,461872.58,2888317.94,8608089.01,79681.63,79681.64,2.05826,2.81526,79641.8,79641.9,4.3612,1.192
1788590541226,1788590541137791,79655.1,79658.9,0.13741,0.01219,433781.58,3519859.95,7896394.83,532316.34,2958811.09,8678582.17,79681.63,79681.64,2.05683,2.81519,79641.8,79641.9,4.3612,1.0882
1788590541468,1788590541137791,79655.1,79658.9,0.13741,0.01219,433781.58,3519859.95,7896394.83,532316.34,2958811.09,8678582.17,79681.63,79681.64,2.05683,2.81519,79641.8,79641.9,4.3612,1.0882
1788590541728,1788590541611658,79655.1,79658.9,0.13741,0.01219,433781.58,3519859.95,7896394.83,536209.43,2962704.18,8682475.26,79681.63,79681.64,2.05683,2.80257,79641.8,79641.9,4.3612,1.0882
1788590541973,1788590541770100,79655.1,79658.9,0.13741,0.01219,433781.58,3718766.89,8095301.76,530023.67,2956518.42,8676289.49,79681.63,79681.64,2.04441,2.80245,79641.8,79641.9,4.3612,1.0882
1788590542219,1788590542089017,79655.1,79658.9,0.13741,0.01219,433781.58,3718766.89,8095301.76,530912.7,2960032.86,8679803.94,79681.63,79681.64,2.04448,2.80245,79641.8,79641.9,4.3612,1.0882
1788590542476,1788590542446844,79655.5,79658.9,0.03699,0.01219,429712.03,3718403.5,8094938.37,531535.56,2965751.67,8685522.75,79681.63,79681.64,2.04374,2.80245,79641.8,79641.9,4.3511,1.2739
1788590542720,1788590542643321,79655.5,79658.9,0.03699,0.01094,429712.03,3689219.76,8065754.63,476557.53,2881518.03,8601289.11,79681.63,79681.64,2.04374,2.80245,79641.8,79641.9,4.3511,1.2738
1788590542979,1788590542899502,79655.5,79658.9,0.03699,0.01094,429712.03,3715775.7,8092310.57,476557.53,2910773.37,8630544.44,79681.63,79681.64,2.03083,2.80293,79641.8,79641.9,3.709,1.3457
1788590543224,1788590543169827,79656.1,79658.9,0.05,0.01094,432322.09,3722467.44,8100276.17,527074.43,2961290.27,8681061.35,79681.63,79681.64,2.02945,2.80274,79641.8,79641.9,3.709,1.3457
1788590543470,1788590543421594,79655.8,79658.9,0.05,0.01094,433645.43,3714502.33,8092311.05,534463.69,2968228.5,8687999.58,79681.63,79681.64,2.02932,2.80274,79641.8,79641.9,3.709,1.3457
1788590543730,1788590543583815,79655.9,79658.9,0.00196,0.01094,433801.56,3717387.15,8095195.87,527365.7,2963749.55,8683520.62,79681.63,79681.64,2.02932,2.80214,79641.8,79641.9,3.709,1.3457
1788590543974,1788590543912933,79656.2,79658.9,0.05,0.01094,428005.59,3614240.88,8099167.76,476557.53,2912941.38,8632712.45,79681.63,79681.64,2.02932,2.80214,79641.8,79641.9,3.709,1.3457
1788590544217,1788590544132974,79656.2,79658.9,0.05,0.01094,433447.24,3614299.22,8099226.11,473325.11,2892980.33,8612751.4,79681.63,79681.64,2.03999,2.80205,79641.8,79641.9,4.3401,1.0608
1788590544479,1788590544352283,79656.0,79658.9,0.03724,0.01094,432765.11,3720206.39,8098015.12,535554.95,2957861.76,8677632.83,79681.63,79681.64,2.03999,2.80205,79641.8,79641.9,4.3401,1.0608
1788590544721,1788590544677753,79656.0,79658.9,0.03724,0.01094,432765.11,3720206.39,8098015.12,480391.33,2902698.14,8622469.22,79681.63,79681.64,2.02912,2.80205,79641.8,79641.9,3.709,1.2092
1788590544981,1788590544841697,79656.0,79658.9,0.03699,0.01094,432745.19,3720186.48,8097995.2,480391.33,2902698.14,8622469.22,79681.63,79681.64,2.02912,2.80031,79641.8,79641.9,3.709,1.2027
1788590545225,1788590545109832,79656.0,79658.9,0.03699,0.00969,440191.64,3727583.54,8105392.26,480291.76,2917127.06,8636898.13,79681.63,79681.64,2.02912,2.80031,79641.8,79641.9,3.709,1.2746
1788590545469,1788590545327805,79656.0,79658.9,0.03699,0.00969,440076.15,3727468.05,8105276.78,480291.76,2917142.2,8636913.27,79681.63,79681.64,2.02912,2.80031,79641.8,79641.9,3.709,1.2746
1788590545727,1788590545589587,79656.0,79658.9,0.03699,0.00969,441669.2,3729061.1,8106869.83,480291.76,2917142.2,8636913.27,79681.63,79681.64,2.02912,2.79895,79641.8,79641.9,3.709,1.2746
1788590545974,1788590545793462,79656.0,79658.9,0.03699,0.00969,441669.2,3729061.1,8106869.83,480291.76,2917142.2,8636913.27,79681.63,79681.64,2.06714,2.79895,79641.8,79641.9,3.7089,1.2027
1788590546220,1788590546150618,79656.0,79658.9,0.03699,0.00969,441669.2,3729061.1,8106869.83,470952.99,2907803.43,8627574.51,79681.63,79681.64,2.06714,2.79895,79641.8,79641.9,3.7089,1.1954
1788590546468,1788590546318046,79656.0,79658.9,0.03699,0.00969,441669.2,3729061.1,8106869.83,471749.62,2908600.06,8628371.13,79681.63,79681.64,2.06714,2.79895,79641.8,79641.9,3.7089,1.1954
1788590546731,1788590546318046,79656.0,79658.9,0.03699,0.00969,441669.2,3729061.1,8106869.83,471749.62,2908600.06,8628371.13,79681.63,79681.64,2.06714,2.79895,79641.8,79641.9,3.7089,1.1954
1788590546974,1788590546891999,79656.0,79658.9,0.03699,0.00969,441669.2,3729061.1,8106869.83,471749.62,2908600.06,8628371.13,79681.63,79681.64,2.07789,2.77392,79641.8,79641.9,3.7089,1.2057
1788590547220,1788590547107471,79656.0,79658.9,0.03699,0.00969,441673.21,3729065.11,8106873.83,471749.62,2905933.33,8625704.4,79681.63,79681.64,2.07789,2.77392,79641.8,79641.9,3.7089,1.2057
1788590547479,1788590547437828,79656.3,79658.9,0.05,0.00969,445176.57,3618207.89,8103134.78,504901.21,2939084.91,8658855.99,79681.63,79681.64,2.08882,2.77392,79641.8,79641.9,3.7089,1.2057
1788590547725,1788590547686431,79657.9,79658.9,0.02374,0.00969,416957.84,3408548.01,7864650.27,299323.78,2737207.4,8456978.48,79681.63,79681.64,2.4526,2.31258,79641.8,79641.9,5.4341,0.6516
1788590547968,1788590547917345,79657.9,79658.9,0.01388,0.00969,431282.3,3449373.9,7905476.16,376606.46,2861361.7,8581132.78,79681.63,79681.64,2.4653,2.43733,79641.8,79641.9,5.4341,0.6516
1788590548231,1788590548180912,79657.9,79658.9,0.01388,0.00719,433965.94,3452057.54,7908159.8,405412.71,2890167.96,8609939.03,79681.63,79681.64,2.46401,2.43718,79641.8,79641.9,5.4341,0.6516
1788590548475,1788590548180912,79657.9,79658.9,0.01388,0.00719,433965.94,3452057.54,7908159.8,405412.71,2890167.96,8609939.03,79681.63,79681.64,2.46401,2.44274,79641.8,79641.9,5.4341,0.6516
1788590548732,1788590548685396,79657.9,79658.9,0.01374,0.00719,433556.48,3451648.08,7907750.35,431123.86,2915879.07,8635650.15,79681.63,79681.64,2.46397,2.53651,79641.8,79641.9,4.7994,0.8791
1788590548979,1788590548946992,79655.9,79658.9,0.00196,0.00719,436956.2,3710516.65,8088325.37,431123.86,2915879.07,8635650.15,79681.63,79681.64,2.46606,2.53158,79641.8,79641.9,4.7993,0.8791
1788590549223,1788590549173379,79656.6,79658.9,0.03724,0.00594,427125.91,3609489.25,8093859.1,431040.75,2915795.97,8635567.04,79681.63,79681.64,2.45506,2.69798,79641.8,79641.9,4.7274,0.8791
1788590549470,1788590549431961,79656.9,79658.9,0.05,0.00594,432266.16,3582771.63,8067141.48,431040.75,2883928.09,8603699.16,79681.63,79681.64,2.46565,2.69798,79641.8,79641.9,4.7274,0.8771
1788590549731,1788590549576881,79656.9,79658.9,0.0499,0.00594,432258.2,3614621.22,8098991.07,431040.75,2915795.65,8635566.72,79681.63,79681.64,2.46565,2.69798,79641.8,79641.9,4.7274,0.8771
1788590549977,1788590549816444,79656.9,79658.9,0.0499,0.00594,431100.79,3613463.81,8097833.66,431040.75,2915795.65,8635566.72,79681.63,79681.64,2.46565,2.53668,79641.8,79641.9,4.7274,0.8771
1788590550220,1788590550194516,79657.1,79658.9,0.05,0.00594,436131.14,3459109.29,8102864.01,430016.28,2914771.18,8634542.25,79681.63,79681.64,2.46544,2.39898,79641.8,79641.9,4.7274,0.8771
1788590550467,1788590550353986,79656.8,79658.9,0.04893,0.00584,429104.6,3611467.63,8095837.47,431113.27,2915868.17,8635639.24,79681.63,79681.64,2.46544,2.39898,79641.8,79641.9,4.7274,0.8771
1788590550728,1788590550614338,79656.8,79658.9,0.04893,0.00458,429104.6,3611467.63,8095837.47,431012.9,2915767.8,8635538.87,79681.63,79681.64,2.46558,2.53169,79641.8,79641.9,4.7274,0.8771
1788590550970,1788590550802066,79656.8,79658.9,0.04893,0.00458,425143.52,3607506.55,8091876.39,436715.16,2921470.06,8641241.13,79681.63,79681.64,2.46572,2.53033,79641.8,79641.9,4.7274,0.8771
1788590551218,1788590551107231,79656.8,79658.9,0.04893,0.00458,427895.4,3610258.42,8094628.27,436664.16,2921466.85,8641237.93,79681.63,79681.64,2.46579,2.53017,79641.8,79641.9,4.7274,0.8771
1788590551480,1788590551418466,79656.8,79658.9,0.04893,0.00458,427895.39,3610258.42,8094628.27,436664.16,2921466.85,8641237.93,79681.63,79681.64,2.46579,2.52981,79641.8,79641.9,4.7274,0.8771
1788590551724,1788590551688561,79656.8,79658.9,0.03724,0.00458,426032.22,3608395.25,8092765.09,436913.51,2921716.2,8641487.28,79681.63,79681.64,2.46581,2.69838,79641.8,79641.9,4.7274,0.8771
1788590551969,1788590551910371,79656.8,79658.9,0.03724,0.00458,426032.22,3608395.24,8092765.09,436913.51,2921716.2,8641487.28,79681.63,79681.64,2.46581,2.69838,79641.8,79641.9,4.7274,1.0627
1788590552228,1788590552194813,79655.2,79658.9,0.02901,0.00458,461435.36,3721110.16,8097645.04,431841.35,2916644.04,8636415.11,79681.63,79681.64,2.46581,2.3571,79641.8,79641.9,4.7274,0.877
1788590552473,1788590552444196,79656.7,79658.9,0.01378,0.00458,445175.08,3618292.29,8102662.14,380392.76,2865195.46,8584966.53,79681.63,79681.64,2.46499,2.25667,79641.8,79641.9,4.7274,0.6757
1788590552717,1788590552506902,79656.8,79658.9,0.03753,0.00458,448154.25,3621271.46,8105641.31,380393.12,2865195.81,8584966.89,79681.63,79681.64,2.46492,2.19134,79641.8,79641.9,4.7274,0.6757
1788590552979,1788590552879258,79656.8,79658.9,0.03753,0.00458,448110.44,3621227.65,8105597.5,367936.28,2852738.98,8572510.05,79681.63,79681.64,2.46492,2.19134,79641.8,79641.9,4.7274,0.6757
1788590553221,1788590553135234,79656.8,79658.9,0.03753,0.00458,448110.44,3621238.0,8105607.85,367936.35,2852739.04,8572510.12,79681.63,79681.64,2.4637,2.19134,79641.8,79641.9,4.7274,0.6757
1788590553481,1788590553439862,79658.0,79658.9,0.01339,0.00458,426874.21,3452254.15,7914245.77,367936.35,2852739.04,8572510.12,79681.63,79681.64,2.46315,2.19134,79641.8,79641.9,4.9104,0.9121
1788590553728,1788590553693282,79658.0,79658.9,0.01339,0.00458,426174.08,3439190.62,7901182.23,338347.93,2795860.2,8515631.28,79681.63,79681.64,2.46301,2.14131,79641.8,79641.9,5.3566,0.5891
1788590553971,1788590553938401,79658.0,79658.9,0.01353,0.00458,426885.38,3454900.61,7916892.23,364059.08,2851580.0,8571351.08,79681.63,79681.64,2.46301,2.09611,79641.8,79641.9,5.3452,0.5766
1788590554231,1788590553938401,79658.0,79658.9,0.01353,0.00458,426885.38,3454900.61,7916892.23,364059.08,2851580.0,8571351.08,79681.63,79681.64,2.46301,2.09611,79641.8,79641.9,5.3452,0.5766
1788590554476,1788590554378991,79658.0,79658.9,0.01353,0.00208,426885.38,3454900.62,7916892.23,363859.93,2851380.86,8571151.93,79681.63,79681.64,2.46124,2.09638,79641.8,79641.9,5.3452,0.6632
1788590554720,1788590554647364,79658.0,79658.9,0.01339,0.00208,426874.22,3454889.46,7916881.07,367763.47,2855284.4,8575055.47,79681.63,79681.64,2.46131,2.09638,79641.8,79641.9,5.3452,0.6633
1788590554980,1788590554889513,79658.0,79658.9,0.01339,0.00208,426874.22,3454914.96,7916906.58,367763.47,2852565.88,8572336.96,79681.63,79681.64,2.46138,2.23694,79641.8,79641.9,4.7777,0.8676
1788590555224,1788590555120753,79658.0,79658.9,0.01339,0.00108,429510.65,3457551.4,7919543.01,414768.45,2902388.97,8622160.04,79681.63,79681.64,2.46138,2.09522,79641.8,79641.9,4.7777,0.8676
1788590555469,1788590555339965,79658.0,79658.9,0.01339,0.00108,429510.65,3457551.4,7919543.01,364576.9,2852197.42,8571968.5,79681.63,79681.64,2.461,2.09522,79641.8,79641.9,4.7777,0.8676
1788590555728,1788590555552114,79658.0,79658.9,0.01339,0.00108,429510.65,3457551.4,7919543.01,367683.81,2855304.33,8575075.41,79681.63,79681.64,2.461,2.09472,79641.8,79641.9,4.7777,0.8669
1788590555971,1788590555552114,79658.0,79658.9,0.01339,0.00108,429510.65,3457551.4,7919543.01,367683.81,2855304.33,8575075.41,79681.63,79681.64,2.461,2.04336,79641.8,79641.9,4.7777,0.574
1788590556230,1788590556155632,79658.7,79658.9,0.01,0.00108,427572.04,3436362.67,7917703.17,316859.87,2796759.03,8516530.1,79681.63,79681.64,2.46119,2.00635,79641.8,79641.9,4.7777,0.6606
1788590556473,1788590556327154,79658.7,79658.9,0.01,0.00108,427556.11,3401828.08,7883168.57,374003.28,2822034.88,8541805.95,79681.63,79681.64,2.4514,2.00622,79641.8,79641.9,4.7777,0.66
1788590556717,1788590556327154,79658.7,79658.9,0.01,0.00108,427556.11,3401828.08,7883168.57,374003.28,2822034.88,8541805.95,79681.63,79681.64,2.441,2.00622,79641.8,79641.9,4.9222,0.8999
1788590556975,1788590556327154,79658.7,79658.9,0.01,0.00108,427556.11,3401828.08,7883168.57,374003.28,2822034.88,8541805.95,79681.63,79681.64,2.4523,2.00525,79641.8,79641.9,4.895,0.8999
1788590557219,1788590556327154,79658.7,79658.9,0.01,0.00108,427556.11,3401828.08,7883168.57,374003.28,2822034.88,8541805.95,79681.63,79681.64,2.4523,2.00525,79641.8,79641.9,4.895,0.8999
1788590557479,1788590557365200,79658.8,79664.0,0.01305,1.09123,428250.02,3402522.57,7883863.06,855083.19,3270211.9,8642119.76,79681.63,79681.64,2.4523,2.00525,79641.8,79641.9,4.895,0.8984
1788590557724,1788590557691856,79663.4,79663.5,0.0002,0.39101,21678.54,2952263.94,7721615.57,884506.82,3317115.54,8689023.41,79681.63,79681.64,2.4523,2.00516,79641.8,79641.9,4.895,0.8984
1788590557970,1788590557844281,79663.4,79663.5,0.0002,0.9708,14680.63,2948435.76,7717787.39,891152.71,3301231.58,8673139.44,79681.63,79681.64,2.45263,2.13574,79641.8,79641.9,4.7505,0.9066
1788590558230,1788590558178257,79656.8,79663.1,0.03738,0.12554,442366.47,3584138.46,8068508.31,906036.13,3316230.52,8688138.38,79681.63,79681.64,2.45256,2.17215,79641.8,79641.9,4.7505,0.9053
1788590558475,1788590558378293,79662.6,79662.7,0.0002,0.12554,19677.41,3148772.94,7719392.74,758813.81,3295904.27,8673072.51,79681.63,79681.64,2.45099,2.17215,79641.8,79641.9,4.7505,0.895
1788590558723,1788590558668921,79662.5,79662.7,0.0002,0.12554,19559.54,3148655.06,7719274.87,652762.08,3189852.54,8567020.78,79681.63,79681.64,2.45078,2.04163,79641.8,79641.9,4.7505,0.8644
1788590558981,1788590558918745,79662.5,79662.7,0.00014,0.12554,9921.97,3148663.75,7719283.55,652772.44,3189862.9,8567031.13,79681.63,79681.64,2.45085,2.18572,79641.8,79641.9,4.7505,0.8633
1788590559223,1788590559186659,79662.5,79662.7,0.00014,0.12554,5974.97,3141964.87,7712584.68,672317.38,3209407.84,8586576.08,79681.63,79681.64,2.43983,2.35289,79641.8,79641.9,4.359,0.8633
1788590559470,1788590559446225,79661.6,79661.7,0.00012,0.01368,1532.54,3000347.63,7730283.45,627187.49,3241182.49,8733056.11,79681.63,79681.64,2.27187,2.43622,79641.8,79641.9,3.4464,0.9338
1788590559730,1788590559681008,79661.5,79661.6,0.0002,0.05649,24766.32,3023882.56,7747526.67,504890.01,3091478.35,8583351.97,79681.63,79681.64,2.27187,2.43503,79641.8,79641.9,3.4456,0.9441
1788590559977,1788590559827480,79661.4,79661.8,6e-05,0.01303,25726.95,3023725.66,7747369.77,447246.62,3032834.32,8524707.94,79681.63,79681.64,2.27187,2.43503,79641.8,79641.9,3.4449,0.9409
1788590560225,1788590560188728,79661.4,79661.8,6e-05,0.01303,25726.95,3023725.66,7747369.77,447246.61,3047176.0,8539049.62,79681.63,79681.64,2.27187,2.43503,79641.8,79641.9,3.6306,1.1266
1788590560469,1788590560352719,79661.4,79661.8,6e-05,0.01303,25726.95,3183178.6,7906822.71,447246.61,3047176.0,8539049.62,79681.63,79681.64,2.27187,2.43544,79641.8,79641.9,3.4461,1.1279
1788590560716,1788590560617800,79661.4,79661.7,6e-05,0.02861,20931.71,3023695.36,7747339.47,505508.95,3106438.99,8598312.61,79681.63,79681.64,2.27187,2.43544,79641.8,79641.9,3.4461,1.1266
1788590560977,1788590560617800,79661.4,79661.7,6e-05,0.02861,20931.71,3023695.36,7747339.47,505508.95,3106438.99,8598312.61,79681.63,79681.64,2.27187,2.39321,79641.8,79641.9,3.4461,1.0561
1788590561220,1788590561111430,79661.4,79661.7,6e-05,0.02861,20931.71,3023695.36,7747339.47,449321.69,3050251.73,8542125.35,79681.63,79681.64,2.26677,2.39293,79641.8,79641.9,3.4461,1.0561
1788590561480,1788590561444565,79661.4,79661.7,6e-05,0.02861,20931.71,3023695.36,7747339.47,448525.07,3049455.11,8541328.74,79681.63,79681.64,2.26677,2.39107,79641.8,79641.9,3.4461,1.0561
1788590561723,1788590561691453,79661.4,79661.8,6e-05,0.01303,21728.29,3029841.13,7753485.24,433631.41,3038929.31,8530802.93,79681.63,79681.64,2.29247,2.39107,79641.8,79641.9,3.4336,1.0561
1788590561968,1788590561717818,79661.4,79661.5,6e-05,0.01,20931.71,3029044.55,7752688.67,429427.96,3039725.93,8531599.55,79681.63,79681.64,2.29247,2.39107,79641.8,79641.9,3.4336,1.0561
1788590562229,1788590561717818,79661.4,79661.5,6e-05,0.01,20931.71,3029044.55,7752688.67,429427.96,3039725.93,8531599.55,79681.63,79681.64,2.29239,2.32066,79641.8,79641.9,3.4336,1.0561
1788590562475,1788590562440136,79662.2,79662.4,0.0002,0.13729,20381.31,3022800.64,7752736.46,443064.81,3161544.01,8538712.24,79681.63,79681.64,2.29227,2.28066,79641.8,79641.9,3.4336,1.0561
1788590562720,1788590562565960,79662.2,79662.4,0.0002,0.13729,18939.56,3021358.9,7751294.72,389927.96,3108407.17,8485575.4,79681.63,79681.64,2.29227,2.28066,79641.8,79641.9,3.4336,1.0561
1788590562980,1788590562889566,79662.2,79662.4,0.0002,0.13729,20182.22,3022601.56,7752537.38,442868.47,3161348.2,8537793.36,79681.63,79681.64,2.29091,2.28066,79641.8,79641.9,3.4336,1.0561
1788590563224,1788590563170312,79661.4,79662.4,4e-05,0.13729,20731.03,3028843.87,7752487.99,491955.04,3210434.77,8586879.93,79681.63,79681.64,2.29091,2.28056,79641.8,79641.9,3.4336,1.0561
1788590563468,1788590563359674,79661.4,79662.4,4e-05,0.01176,20731.03,3028843.87,7752487.99,481955.02,3200434.75,8576879.91,79681.63,79681.64,2.29091,2.28104,79641.8,79641.9,3.4336,1.0561
1788590563728,1788590563678944,79661.4,79662.4,4e-05,0.01176,20731.03,3028843.87,7752487.99,481944.66,3200424.39,8576869.56,79681.63,79681.64,2.29091,2.28279,79641.8,79641.9,3.4336,1.0561
1788590563972,1788590563829383,79661.4,79662.4,4e-05,0.01176,20731.03,3028843.87,7752487.99,481944.66,3200424.39,8576869.56,79681.63,79681.64,2.29091,2.28293,79641.8,79641.9,3.4336,1.0561
1788590564231,1788590564153309,79661.4,79662.4,4e-05,0.01176,20731.03,2996986.31,7720630.43,450077.1,3168556.83,8545002.0,79681.63,79681.64,2.30191,2.28293,79641.8,79641.9,3.5044,1.0561
1788590564473,1788590564442086,79661.4,79662.3,4e-05,0.12554,19488.37,3027601.53,7751245.64,491995.18,3210425.52,8586870.68,79681.63,79681.64,2.29091,2.283,79641.8,79641.9,3.4336,1.0561
1788590564717,1788590564660696,79661.3,79662.0,0.0002,0.32274,19518.64,3027615.07,7751259.19,481095.35,3078153.76,8569304.3,79681.63,79681.64,2.29091,2.28347,79641.8,79641.9,3.4336,1.0561
1788590564974,1788590564927678,79660.5,79662.1,0.00019,0.01315,38509.51,3072585.86,7752833.29,484375.46,3192454.63,8572584.42,79681.63,79681.64,2.29091,2.25347,79641.8,79641.9,3.4336,1.0561
1788590565221,1788590565135174,79660.5,79661.5,0.00019,0.01,38509.51,3072585.86,7752833.28,447767.16,3082230.48,8573381.03,79681.63,79681.64,2.29091,2.26436,79641.8,79641.9,3.4336,1.0561
1788590565482,1788590565269927,79661.4,79661.5,0.0002,0.01,19498.73,3027661.28,7751305.39,447767.16,3082230.48,8573381.03,79681.63,79681.64,2.29091,2.26329,79641.8,79641.9,3.4336,1.0632
1788590565723,1788590565656368,79661.4,79662.1,0.0002,0.01315,19498.73,3027661.28,7751305.39,484424.85,3192454.63,8572584.42,79681.63,79681.64,2.29025,2.26315,79641.8,79641.9,3.4336,1.0632
1788590565980,1788590565799973,79661.4,79662.1,0.0002,0.01315,19498.73,3027661.28,7751305.39,502041.01,3223774.1,8603903.88,79681.63,79681.64,2.29025,2.25688,79641.8,79641.9,3.4336,1.134
1788590566223,1788590566193842,79661.4,79662.1,0.0002,0.01315,19498.73,3189790.41,7913434.52,367161.39,3091562.0,8471691.79,79681.63,79681.64,2.29018,2.255,79641.8,79641.9,3.3766,1.0632
1788590566467,1788590566383756,79661.4,79662.1,0.0002,0.01315,19498.73,3189790.41,7913434.52,449414.29,3187519.06,8567648.85,79681.63,79681.64,2.28955,2.255,79641.8,79641.9,3.3766,1.0632
1788590566726,1788590566490693,79661.4,79662.1,0.0002,0.01315,20910.26,3191201.94,7914846.05,504440.39,3242545.17,8622674.96,79681.63,79681.64,2.28955,2.205,79641.8,79641.9,3.3766,1.0632
1788590566972,1788590566781842,79661.4,79662.1,0.0002,0.01315,20910.26,3191201.94,7914846.05,508343.88,3246448.66,8626578.45,79681.63,79681.64,2.28955,2.205,79641.8,79641.9,3.3766,1.0632
1788590567217,1788590567170950,79661.4,79661.5,0.0002,0.01,20910.26,3191201.94,7914846.05,414096.75,3078635.08,8569785.63,79681.63,79681.64,2.30059,2.205,79641.8,79641.9,3.3766,1.0632
1788590567477,1788590567427769,79661.4,79661.5,0.0002,0.01,20910.26,3183597.18,7907241.29,469651.31,3141793.92,8632944.47,79681.63,79681.64,2.29659,2.205,79641.8,79641.9,3.3766,1.0632
1788590567721,1788590567663094,79661.9,79662.4,0.0002,0.01176,20425.18,3177369.2,7907305.02,452724.59,3201229.96,8577675.13,79681.63,79681.64,2.56818,2.20287,79641.8,79641.9,3.3766,1.0632
1788590567980,1788590567813384,79662.2,79662.4,0.0002,0.01176,20489.7,3177433.73,7907369.55,509244.81,3257750.18,8634195.34,79681.63,79681.64,2.56818,2.20287,79641.8,79641.9,3.3766,0.9831
1788590568224,1788590568086403,79661.9,79662.4,0.00018,0.01176,20440.31,3177384.34,7907320.16,509255.17,3257760.53,8634205.7,79681.63,79681.64,2.56818,2.20287,79641.8,79641.9,3.3766,0.9831
1788590568468,1788590568441495,79661.9,79663.1,0.00018,0.04019,21286.27,3178180.92,7908116.73,604679.13,3184942.8,8556127.6,79681.63,79681.64,2.56811,2.2024,79641.8,79641.9,4.1902,0.7892
1788590568730,1788590568694939,79662.8,79663.0,0.0002,0.12553,14525.23,3178270.15,7748332.88,666935.34,3250401.23,8621586.02,79681.63,79681.64,2.56821,2.2024,79641.8,79641.9,4.1841,0.7892
1788590568978,1788590568912614,79662.8,79662.9,0.0002,0.17657,12767.99,3094972.52,7665035.25,671797.95,3252061.62,8623246.41,79681.63,79681.64,2.55719,2.20456,79641.8,79641.9,3.4474,1.0216
1788590569225,1788590569142419,79662.8,79662.9,0.0002,0.05104,12767.99,3063114.64,7633177.37,629210.7,3209474.37,8580659.16,79681.63,79681.64,2.55719,2.00634,79641.8,79641.9,3.4474,1.0216
1788590569472,1788590569442659,79662.8,79662.9,0.0002,0.05104,12767.99,3089652.19,7659714.91,606508.41,3184104.56,8555289.35,79681.63,79681.64,2.5564,2.0076,79641.8,79641.9,3.4391,1.0216
1788590569719,1788590569688499,79662.8,79662.9,0.0002,0.05104,12767.99,3105613.51,7675676.23,607305.04,3184901.19,8556085.98,79681.63,79681.64,2.5564,2.17617,79641.8,79641.9,3.4391,1.0216
1788590569977,1788590569742125,79662.8,79662.9,0.0002,0.05104,12767.99,3111004.92,7681067.65,655228.99,3235528.52,8606713.31,79681.63,79681.64,2.5564,2.17617,79641.8,79641.9,3.4391,1.0216
1788590570225,1788590570191652,79658.9,79662.7,7e-05,0.03905,402300.32,3422000.22,7903340.72,599494.81,3183297.75,8559742.91,79681.63,79681.64,2.5564,2.17617,79641.8,79641.9,3.4391,1.0216
1788590570467,1788590570417575,79662.5,79662.6,0.0002,0.01361,12592.74,3171794.98,7742414.79,596802.98,3183703.75,8560148.92,79681.63,79681.64,2.5564,2.17617,79641.8,79641.9,3.4453,1.0216
1788590570725,1788590570633739,79662.5,79662.6,2e-05,0.01361,12578.4,3171780.64,7742400.45,596802.98,3183703.75,8560148.92,79681.63,79681.64,2.5564,2.1759,79641.8,79641.9,3.3745,1.0216
1788590570968,1788590570879459,79662.1,79662.4,0.0002,0.01351,20350.29,3171752.76,7901688.58,494774.43,3240206.5,8616651.66,79681.63,79681.64,2.5564,2.1359,79641.8,79641.9,3.4567,1.0113
1788590571228,1788590571192038,79657.5,79662.4,0.01614,0.0135,435499.28,3446982.77,8091738.29,494773.63,3240205.7,8616650.87,79681.63,79681.64,2.5564,2.13377,79641.8,79641.9,3.4567,1.0113
1788590571473,1788590571308713,79657.6,79662.4,0.00033,0.0135,436225.71,3447709.2,8092464.72,494773.63,3240205.7,8616650.87,79681.63,79681.64,2.5564,2.13377,79641.8,79641.9,3.4567,1.0113
1788590571721,1788590571659518,79657.6,79662.4,0.00033,0.0135,436225.71,3445004.35,8089759.87,494773.63,3237502.32,8613947.49,79681.63,79681.64,2.5564,2.13213,79641.8,79641.9,3.4567,1.0113
1788590571981,1788590571926852,79657.5,79662.4,0.00324,0.0135,435171.84,3443950.49,8088706.0,508476.31,3251205.0,8627650.17,79681.63,79681.64,2.5564,2.15505,79641.8,79641.9,3.387,1.0113
1788590572225,1788590572112366,79655.4,79662.4,0.10165,0.0135,454694.02,3712689.16,8089224.03,508475.63,3251204.32,8627649.49,79681.63,79681.64,2.5564,2.15369,79641.8,79641.9,3.387,1.0113
1788590572469,1788590572329227,79655.4,79662.4,0.10165,0.0135,454694.04,3720293.86,8096828.74,508475.63,3251204.32,8627649.49,79681.63,79681.64,2.7429,2.15369,79641.8,79641.9,3.387,1.0113
1788590572730,1788590572329227,79655.4,79662.4,0.10165,0.0135,454694.04,3720293.86,8096828.74,508475.63,3251204.32,8627649.49,79681.63,79681.64,2.74077,2.15369,79641.8,79641.9,3.387,1.0377
1788590572975,1788590572329227,79655.4,79662.4,0.10165,0.0135,454694.04,3720293.86,8096828.74,508475.63,3251204.32,8627649.49,79681.63,79681.64,2.74077,2.15369,79641.8,79641.9,3.387,1.048
1788590573220,1788590573024879,79655.4,79662.4,0.10165,0.0135,454694.04,3720293.86,8096828.74,508475.89,3251204.58,8627649.75,79681.63,79681.64,2.83128,2.11369,79641.8,79641.9,3.387,1.048
1788590573468,1788590573024879,79655.4,79662.4,0.10165,0.0135,454694.04,3720293.86,8096828.74,508475.89,3251204.58,8627649.75,79681.63,79681.64,2.83128,2.11369,79641.8,79641.9,3.387,1.048
1788590573727,1788590573555329,79655.4,79662.4,0.10165,0.0135,454694.04,3720293.86,8096828.74,509272.51,3252001.21,8628446.37,79681.63,79681.64,2.83128,2.11369,79641.8,79641.9,3.387,1.048
1788590573972,1788590573801568,79655.4,79662.4,0.10165,0.0135,454694.04,3720293.86,8096828.74,510364.54,3253093.23,8629538.4,79681.63,79681.64,2.83128,2.11369,79641.8,79641.9,3.387,1.048
1788590574231,1788590574173320,79655.4,79662.4,0.10165,0.0135,454694.04,3688435.78,8064970.66,478486.1,3221214.8,8597659.96,79681.63,79681.64,2.83128,2.11156,79641.8,79641.9,3.387,1.0341
1788590574476,1788590574426091,79655.4,79662.4,0.10165,0.0135,454694.03,3720293.73,8096808.71,514257.56,3252038.34,8628483.5,79681.63,79681.64,2.82992,2.1103,79641.8,79641.9,3.387,1.0341
1788590574723,1788590574669042,79656.1,79662.4,0.03616,0.0135,453267.55,3726899.46,8104688.29,514257.56,3252038.34,8628483.5,79681.63,79681.64,2.82992,2.10677,79641.8,79641.9,3.387,0.7773
1788590574980,1788590574923543,79656.1,79662.4,0.03616,0.0135,453267.55,3638478.27,8016287.79,453051.89,3048779.42,8425224.59,79681.63,79681.64,2.82992,2.10677,79641.8,79641.9,3.387,1.0292
1788590575227,1788590575166621,79660.1,79660.2,0.0002,0.01,52907.26,3146086.96,7826335.18,436131.25,2979201.15,8469412.33,79681.63,79681.64,2.82985,2.06665,79641.8,79641.9,3.387,1.0292
1788590575471,1788590575445430,79663.1,79663.2,0.0002,0.03905,25049.31,2987770.24,7757122.67,663358.79,3149494.18,8520678.97,79681.63,79681.64,3.00126,1.75325,79641.8,79641.9,4.1674,0.6036
1788590575731,1788590575689788,79663.0,79663.1,0.0002,0.119,25050.11,3187059.95,7757123.47,677072.72,3163208.11,8534392.9,79681.63,79681.64,3.00133,1.89875,79641.8,79641.9,4.1674,0.8058
1788590575975,1788590575915670,79662.1,79663.0,0.00041,0.04019,24322.72,3178982.83,7908919.45,668762.26,3154897.65,8526082.44,79681.63,79681.64,3.00133,1.89875,79641.8,79641.9,4.1674,0.8057
1788590576222,1788590576183991,79662.1,79663.0,0.00041,0.04119,24322.72,3178982.83,7908919.45,618571.63,3104707.02,8475891.82,79681.63,79681.64,3.00133,1.89875,79641.8,79641.9,4.1674,0.8057
1788590576482,1788590576334291,79660.1,79663.0,0.0002,0.04119,45040.45,3198356.3,7878604.52,586703.13,3072838.52,8444023.31,79681.63,79681.64,3.00126,1.85875,79641.8,79641.9,4.1624,0.8057
1788590576727,1788590576567257,79659.8,79661.0,0.00018,0.001,45990.7,3399901.22,7881242.5,433046.14,3004362.57,8496286.28,79681.63,79681.64,3.00126,1.85875,79641.8,79641.9,4.1624,0.8054
1788590576971,1788590576938471,79660.8,79663.0,0.0002,0.04019,39681.42,3201058.81,7881307.03,573827.08,3057306.1,8429219.43,79681.63,79681.64,3.00126,1.85875,79641.8,79641.9,4.1624,0.8054
1788590577230,1788590577170726,79660.8,79661.0,0.0002,0.001,39681.42,3201058.81,7881307.03,426166.78,2985483.46,8477407.18,79681.63,79681.64,3.01218,1.85888,79641.8,79641.9,4.1624,0.8054
1788590577474,1788590577323916,79660.8,79661.0,0.0002,0.001,39432.9,3200810.28,7881058.5,426166.78,2993087.82,8485011.53,79681.63,79681.64,3.01218,1.85675,79641.8,79641.9,3.9767,0.8054
1788590577717,1788590577557389,79660.8,79661.0,0.0002,0.001,39671.87,3201049.25,7881297.47,432605.48,2999526.53,8491450.24,79681.63,79681.64,3.01012,1.81143,79641.8,79641.9,3.266,0.8054
1788590577975,1788590577824584,79660.8,79661.0,0.0002,0.02355,39671.87,3201049.25,7881297.47,433605.22,3000526.26,8492449.97,79681.63,79681.64,3.01012,1.98,79641.8,79641.9,3.266,0.8054
1788590578222,1788590578151171,79660.8,79661.0,0.0002,0.02355,39671.87,3201049.25,7562403.61,433605.22,3000526.26,8160140.28,79681.63,79681.64,3.00998,2.13679,79641.8,79641.9,3.266,0.8054
1788590578482,1788590578151171,79660.8,79661.0,0.0002,0.02355,39671.87,3201049.25,7562403.61,433605.22,3000526.26,8160140.28,79681.63,79681.64,3.00998,2.12745,79641.8,79641.9,3.266,0.8024
1788590578726,1788590578610398,79659.9,79661.0,0.00021,0.02355,45104.93,3399015.45,7561462.87,426921.26,2993842.3,8153456.32,79681.63,79681.64,2.82214,2.12745,79641.8,79641.9,3.4517,0.9881
1788590578969,1788590578935637,79659.9,79660.0,0.0002,0.001,46060.78,3399971.3,7884716.3,399746.61,2968244.28,8444812.41,79681.63,79681.64,2.82214,2.08745,79641.8,79641.9,3.4517,0.9881
1788590579231,1788590579178730,79660.8,79660.9,0.0002,0.119,39751.51,3198441.51,7882093.45,385465.25,2952386.3,8429938.42,79681.63,79681.64,2.82214,2.08772,79641.8,79641.9,3.4517,0.9881
1788590579476,1788590579237605,79660.8,79661.0,0.0002,0.01255,39751.51,3198441.51,7882093.45,427686.47,2994607.51,8472159.64,79681.63,79681.64,2.82214,2.08772,79641.8,79641.9,3.4517,0.9881
1788590579723,1788590579610506,79660.8,79661.0,0.0002,0.01255,39751.51,3198441.51,7882093.45,427676.11,2994597.15,8472149.28,79681.63,79681.64,2.81366,2.08772,79641.8,79641.9,3.4295,0.9881
1788590579968,1788590579825556,79660.8,79661.0,0.0002,0.01255,39751.51,3198441.51,7882093.45,431579.65,2998500.69,8476052.82,79681.63,79681.64,2.81225,2.08772,79641.8,79641.9,3.4295,0.885
1788590580229,1788590580122491,79660.8,79661.0,0.0002,0.01255,39658.33,3198348.34,7882000.28,431579.65,2998500.69,8476052.82,79681.63,79681.64,2.81225,2.08559,79641.8,79641.9,3.4295,0.885
1788590580473,1788590580333143,79660.8,79661.0,0.0002,0.01255,39658.33,3196755.29,7880407.23,429986.28,2996907.32,8474459.45,79681.63,79681.64,2.81225,2.08559,79641.8,79641.9,3.4295,0.8802
1788590580717,1788590580549700,79660.8,79661.0,0.0002,0.01254,39658.33,3198348.34,7882000.28,431578.98,2998500.03,8476052.16,79681.63,79681.64,2.80885,2.08487,79641.8,79641.9,3.4295,0.8802
1788590580981,1788590580549700,79660.8,79661.0,0.0002,0.01254,39658.33,3198348.34,7882000.28,431578.98,2998500.03,8476052.16,79681.63,79681.64,2.80885,2.04487,79641.8,79641.9,3.4295,0.8802
1788590581224,1788590580993047,79660.8,79661.0,0.0002,0.01254,39658.33,3198348.34,7882000.28,434367.13,3001288.17,8478840.3,79681.63,79681.64,2.80885,2.04487,79641.8,79641.9,3.4295,0.8864
1788590581471,1788590581336007,79660.8,79661.0,0.0002,0.01254,39658.33,3201098.63,7884750.56,434367.13,3003949.32,8481501.45,79681.63,79681.64,2.80892,2.04487,79641.8,79641.9,3.4632,1.0916
1788590581717,1788590581336007,79660.8,79661.0,0.0002,0.01254,39658.33,3201098.63,7884750.56,434367.13,3003949.32,8481501.45,79681.63,79681.64,2.80672,2.04487,79641.8,79641.9,3.4632,1.0916
1788590581975,1788590581940703,79660.9,79661.0,0.00329,0.01254,39920.42,3201360.71,7883421.02,438270.64,3007852.83,8485404.96,79681.63,79681.64,2.80649,2.04487,79641.8,79641.9,3.3935,1.0532
1788590582232,1788590582114019,79660.9,79661.0,0.00329,0.01254,39920.42,3201360.71,7883421.02,375188.32,2944770.51,8422322.64,79681.63,79681.64,2.80454,2.04487,79641.8,79641.9,3.3935,1.0532
1788590582477,1788590582240499,79657.0,79661.0,0.00013,0.01254,442482.45,3586201.34,8073975.7,424301.71,2993883.9,8471436.03,79681.63,79681.64,2.80454,2.04487,79641.8,79641.9,3.3935,1.0532
1788590582722,1788590582596013,79657.4,79658.0,0.01,0.001,439707.52,3425791.03,8073951.05,357215.38,2697548.36,8434581.9,79681.63,79681.64,2.80461,2.04487,79641.8,79641.9,3.3935,1.0532
1788590582982,1788590582911933,79657.9,79658.0,0.0002,0.001,432894.27,3425854.76,7885361.53,357215.38,2696963.57,8433997.11,79681.63,79681.64,2.80461,2.0426,79641.8,79641.9,3.3935,1.0532
1788590583226,1788590583074948,79657.9,79658.0,0.0002,0.001,432894.27,3425854.76,7885361.53,357225.74,2696973.93,8434007.47,79681.63,79681.64,2.80461,2.0426,79641.8,79641.9,3.3935,1.0531
1788590583471,1788590583074948,79657.9,79658.0,0.0002,0.001,432894.27,3425854.76,7885361.53,357225.74,2696973.93,8434007.47,79681.63,79681.64,2.80461,2.0426,79641.8,79641.9,3.3935,1.0531
1788590583716,1788590583665891,79657.9,79658.0,0.0002,0.001,431932.02,3424892.51,7884399.28,317781.46,2657529.65,8394563.19,79681.63,79681.64,2.8051,2.1614,79641.8,79641.9,3.3935,1.0531
1788590583977,1788590583932782,79657.9,79658.0,0.0002,0.001,426325.86,3421381.5,7880888.27,317781.46,2654868.5,8391902.04,79681.63,79681.64,2.8051,2.1614,79641.8,79641.9,3.3935,1.0531
1788590584220,1788590584172601,79657.9,79658.0,0.0002,0.001,426325.86,3421381.5,7880888.27,318578.06,2655665.1,8392698.64,79681.63,79681.64,2.8051,2.1614,79641.8,79641.9,3.3935,1.0531
1788590584480,1788590584346199,79657.9,79658.0,0.0002,0.001,426325.86,3453239.5,7912746.27,318578.13,2687533.17,8424566.71,79681.63,79681.64,2.8051,2.15927,79641.8,79641.9,3.3935,1.0428
1788590584725,1788590584585846,79657.9,79658.0,0.0002,0.001,427229.92,3454143.56,7913650.34,318608.38,2687563.42,8424596.96,79681.63,79681.64,2.8051,2.15927,79641.8,79641.9,3.3935,1.0428
1788590584972,1788590584938275,79657.9,79658.0,0.0002,0.001,427229.92,3454143.56,7913650.34,318608.38,2701266.73,8438300.27,79681.63,79681.64,2.80283,2.11902,79641.8,79641.9,3.3935,1.0428
1788590585219,1788590585063553,79657.9,79658.0,0.0002,0.001,427229.92,3454143.56,7913650.34,332310.69,2714969.04,8452002.58,79681.63,79681.64,2.80283,2.11912,79641.8,79641.9,3.3935,1.0428
1788590585477,1788590585063553,79657.9,79658.0,0.0002,0.001,427229.92,3454143.56,7913650.34,332310.69,2714969.04,8452002.58,79681.63,79681.64,2.80283,2.08912,79641.8,79641.9,3.3935,1.0428
1788590585725,1788590585637418,79657.9,79658.0,0.0002,0.001,427338.27,3454251.91,7913758.69,335025.35,2717683.7,8454717.24,79681.63,79681.64,2.80283,2.08912,79641.8,79641.9,3.3935,1.0428
1788590585970,1788590585858752,79657.9,79658.0,0.0002,0.001,427338.27,3454251.91,7913758.69,334026.4,2716684.75,8453718.29,79681.63,79681.64,2.8007,2.08912,79641.8,79641.9,3.3935,1.0428
1788590586230,1788590586137103,79657.9,79658.0,0.0002,0.001,427338.27,3454247.14,7913753.92,337929.83,2723256.5,8460290.04,79681.63,79681.64,2.8007,2.08912,79641.8,79641.9,3.3934,1.0531
1788590586476,1788590586137103,79657.9,79658.0,0.0002,0.001,427338.27,3454247.14,7913753.92,337929.83,2723256.5,8460290.04,79681.63,79681.64,2.8007,2.08912,79641.8,79641.9,3.3934,1.0531
1788590586720,1788590586689278,79657.9,79658.0,0.0002,0.001,427338.27,3451525.54,7911032.31,311877.14,2694545.84,8431579.38,79681.63,79681.64,2.8007,2.04899,79641.8,79641.9,3.4649,1.0531
1788590586981,1788590586740274,79657.9,79658.0,0.0002,0.001,430000.19,3456912.27,7916419.04,384908.71,2770260.88,8507294.42,79681.63,79681.64,2.81127,2.04912,79641.8,79641.9,3.3645,1.0531
1788590587226,1788590587023574,79657.9,79658.0,0.0002,0.001,430000.19,3456912.27,7916419.04,384908.71,2770250.52,8507284.06,79681.63,79681.64,2.81127,2.04633,79641.8,79641.9,3.3645,1.0531
1788590587472,1788590587376513,79657.9,79658.0,0.0002,0.001,429881.5,3456793.58,7916300.35,384908.21,2770250.02,8507283.56,79681.63,79681.64,2.81127,2.04375,79641.8,79641.9,3.3645,1.0531
1788590587719,1788590587580368,79657.9,79658.0,0.0002,0.001,427219.59,3454131.66,7913638.44,387532.22,2772874.03,8509907.57,79681.63,79681.64,2.81127,2.00595,79641.8,79641.9,3.293,1.0531
1788590587980,1788590587916230,79657.9,79658.0,0.0002,0.001,427219.59,3454131.66,7913638.44,387521.87,2772863.68,8509897.22,79681.63,79681.64,2.81127,2.00356,79641.8,79641.9,3.293,1.0531
1788590588224,1788590588152501,79657.9,79658.0,0.0002,0.001,235726.96,3258397.0,7717903.77,419558.24,2523069.05,8260102.59,79681.63,79681.64,2.1978,4.38168,79641.8,79641.9,2.5641,2.3823
1788590588482,1788590588398533,79657.9,79658.0,0.0002,0.001,236669.24,3259339.27,7718846.05,419593.27,2523104.07,8260137.61,79681.63,79681.64,2.1978,4.38223,79641.8,79641.9,2.5699,2.3823
1788590588730,1788590588681757,79657.9,79658.0,0.0002,0.001,236809.44,3275447.9,7734954.68,426161.87,2529683.03,8266716.58,79681.63,79681.64,2.20901,4.04839,79641.8,79641.9,2.5699,1.4796
1788590588977,1788590588849304,79657.9,79658.0,0.0002,0.001,236675.63,3275314.08,7734820.86,426161.88,2771286.52,8508320.06,79681.63,79681.64,2.20901,4.04839,79641.8,79641.9,2.5699,1.4796
1788590589224,1788590589195493,79657.9,79658.0,0.0002,0.001,236675.63,3243456.08,7702962.86,426161.38,2732398.45,8469431.99,79681.63,79681.64,2.20374,4.04612,79641.8,79641.9,2.5699,1.4796
1788590589470,1788590589390360,79657.9,79658.0,0.0002,0.001,236675.63,3275314.24,7734821.02,426064.96,2764170.19,8501203.73,79681.63,79681.64,2.20161,4.04605,79641.8,79641.9,2.5698,1.4796
1788590589730,1788590589692208,79657.9,79658.0,0.0002,0.001,236808.65,3280794.07,7740300.84,426419.46,2761841.23,8498874.77,79681.63,79681.64,2.20161,4.0459,79641.8,79641.9,2.5698,1.4781
1788590589973,1788590589914353,79657.9,79658.0,0.0002,0.001,236808.65,3280794.07,7740300.84,421884.48,2757306.25,8494339.79,79681.63,79681.64,2.20152,4.0459,79641.8,79641.9,2.5698,1.4781
1788590590217,1788590590139018,79657.9,79658.0,0.0002,0.001,238268.66,3284833.9,7744340.67,424991.19,2763104.39,8500137.93,79681.63,79681.64,2.17377,4.0459,79641.8,79641.9,2.5698,1.4794
1788590590477,1788590590307942,79657.9,79658.0,0.0002,0.001,238268.66,3284833.9,7744340.67,425787.82,2763901.02,8500934.56,79681.63,79681.64,2.17348,4.04561,79641.8,79641.9,2.5698,1.4781
1788590590724,1788590590649432,79657.9,79658.0,0.0002,0.001,238268.66,3284833.9,7744340.67,425752.75,2763865.94,8500899.48,79681.63,79681.64,2.17348,4.04561,79641.8,79641.9,2.5698,1.4794
1788590590970,1788590590649432,79657.9,79658.0,0.0002,0.001,238268.66,3284833.9,7744340.67,425752.75,2763865.94,8500899.48,79681.63,79681.64,2.17348,4.04552,79641.8,79641.9,2.5698,1.4794
1788590591230,1788590591195426,79657.9,79658.0,0.0002,0.001,238390.55,3284955.78,7744462.56,421053.04,2759166.24,8496199.78,79681.63,79681.64,2.34211,4.04545,79641.8,79641.9,2.5711,1.4781
1788590591477,1788590591438971,79657.9,79662.1,0.0002,0.27212,238414.48,2979288.58,6420098.32,460437.12,3024061.59,8194300.5,79681.63,79681.64,2.33984,4.04545,79641.8,79641.9,2.5825,1.4781
1788590591722,1788590591695346,79661.8,79661.9,0.0002,0.12554,1222.73,3009725.0,7743292.54,426393.02,3308744.27,8479983.44,79681.63,79681.64,2.33984,4.04332,79641.8,79641.9,2.5724,1.4781
1788590591981,1788590591819160,79661.8,79661.9,0.0002,0.16868,1222.73,3009725.0,7743292.54,416402.61,3298753.86,8469993.02,79681.63,79681.64,2.33984,4.04332,79641.8,79641.9,2.5724,1.4781
1788590592227,1788590591819160,79661.8,79661.9,0.0002,0.16868,1222.73,3009725.0,7743292.54,416402.61,3298753.86,8469993.02,79681.63,79681.64,2.32877,4.04332,79641.8,79641.9,2.5724,1.4781
1788590592472,1788590592382946,79661.8,79661.9,0.0002,0.29422,2019.3,3010521.57,7744089.11,426491.77,3315862.64,8487101.81,79681.63,79681.64,2.32285,4.01332,79641.8,79641.9,2.5724,1.408
1788590592717,1788590592680049,79661.8,79661.9,0.0002,0.29422,2019.3,2918428.7,7543444.44,426491.77,3315862.64,8487101.81,79681.63,79681.64,2.32285,4.01332,79641.8,79641.9,2.5724,1.408
1788590592977,1788590592934904,79661.8,79661.9,0.0002,0.29422,263.66,2916673.06,7647984.92,426491.77,3315862.64,8487101.81,79681.63,79681.64,2.32285,4.01332,79641.8,79641.9,2.5724,1.408
1788590593220,1788590593174846,79661.5,79661.8,0.0002,0.03888,1268.12,2921389.4,7646409.56,411721.97,3296339.39,8467578.56,79681.63,79681.64,2.32277,4.0126,79641.8,79641.9,2.5724,1.408
1788590593480,1788590593397561,79655.3,79661.8,0.0083,0.03888,280333.06,3499337.8,7878070.76,414343.77,3298961.19,8470200.36,79681.63,79681.64,2.32064,4.0126,79641.8,79641.9,2.5724,1.4103
1788590593722,1788590593679082,79655.4,79661.7,0.03664,0.6867,285813.93,3501829.7,7880562.65,468050.66,3359066.72,8530305.89,79681.63,79681.64,2.32064,4.0126,79641.8,79641.9,2.5724,1.4103
1788590593981,1788590593925496,79655.4,79661.7,0.03664,0.6867,285813.92,3501829.69,7880562.65,468847.29,3359863.35,8531102.52,79681.63,79681.64,2.32071,4.42047,79641.8,79641.9,2.5642,1.4109
1788590594225,1788590594024068,79655.4,79661.7,0.03664,0.6867,285813.92,3501829.69,7880562.65,468826.58,3359842.64,8531081.81,79681.63,79681.64,2.32071,4.4206,79641.8,79641.9,2.5642,1.3729
1788590594470,1788590594343442,79655.4,79661.7,0.03664,0.6867,285764.54,3501829.69,7880562.64,468826.57,3359842.64,8531081.8,79681.63,79681.64,2.32071,4.4206,79641.8,79641.9,2.5641,1.3729
1788590594730,1788590594659625,79655.4,79661.6,0.03664,0.12554,285764.54,3501829.69,7880562.64,478030.66,3369046.73,8540285.89,79681.63,79681.64,2.32064,4.4206,79641.8,79641.9,2.5742,1.3729
1788590594976,1788590594933871,79661.6,79661.7,0.0002,0.16868,3794.79,2937828.29,7669140.15,360044.11,3251060.17,8422299.34,79681.63,79681.64,2.32064,4.3806,79641.8,79641.9,2.5742,1.3759
1788590595220,1788590595146652,79661.6,79661.7,0.0002,0.16868,3794.79,2937828.29,7669140.15,469794.71,3360810.77,8532049.94,79681.63,79681.64,2.35667,4.3806,79641.8,79641.9,2.5742,1.3759
1788590595480,1788590595446065,79661.6,79661.7,0.0002,0.16868,3794.79,2937828.29,7669140.15,469794.71,3360810.77,8532049.94,79681.63,79681.64,2.35667,4.3804,79641.8,79641.9,2.5641,1.4023
1788590595726,1788590595692197,79661.1,79661.7,0.0002,0.16868,3812.31,2944120.79,7669140.95,469805.07,3360821.13,8532060.3,79681.63,79681.64,2.35667,4.35813,79641.8,79641.9,2.5641,1.4023
1788590595970,1788590595692197,79661.1,79661.7,0.0002,0.16868,3812.31,2944120.79,7669140.95,469805.07,3360821.13,8532060.3,79681.63,79681.64,2.3565,4.35613,79641.8,79641.9,2.5641,1.4023
1788590596229,1788590595692197,79661.1,79661.7,0.0002,0.16868,3812.31,2944120.79,7669140.95,469805.07,3360821.13,8532060.3,79681.63,79681.64,2.3565,4.35813,79641.8,79641.9,2.5641,1.4179
1788590596475,1788590596322041,79661.1,79661.7,0.0002,0.16868,3812.31,2912262.63,7637282.79,469815.42,3328963.33,8500202.49,79681.63,79681.64,2.3565,4.35632,79641.8,79641.9,2.5641,1.4179
1788590596721,1788590596662811,79661.1,79661.2,0.0002,0.34756,3015.76,2911464.84,7636485.0,422125.15,3304154.06,8475393.23,79681.63,79681.64,2.3565,4.35632,79641.8,79641.9,2.5641,1.4179
1788590596981,1788590596930906,79661.1,79661.6,0.0002,0.01369,4031.34,2912480.42,7637500.58,477840.23,3336988.14,8508227.3,79681.63,79681.64,2.3565,4.35632,79641.8,79641.9,2.6746,1.4179
1788590597225,1788590597010574,79661.5,79661.6,0.0002,0.01369,3062.76,2912544.15,7637564.31,477840.23,3336988.14,8508227.3,79681.63,79681.64,2.3565,4.35632,79641.8,79641.9,2.6645,1.4179
1788590597469,1788590597208032,79661.5,79661.6,0.0002,0.01369,3062.76,2912544.15,7637564.31,477043.61,3336191.51,8507430.68,79681.63,79681.64,2.35423,4.35632,79641.8,79641.9,2.6645,1.4179
1788590597728,1788590597684469,79661.2,79661.3,0.00018,0.01193,4045.68,2912494.76,7637514.92,472404.12,3331552.02,8502791.19,79681.63,79681.64,2.35423,4.35632,79641.8,79641.9,2.6645,1.4179
1788590597972,1788590597917878,79660.8,79660.9,0.0002,0.01349,59589.5,2977958.64,7659582.11,455548.71,3333533.58,8504817.38,79681.63,79681.64,2.31091,4.35632,79641.8,79641.9,2.6645,1.2974
1788590598217,1788590598164199,79660.7,79660.8,0.0002,0.119,59590.29,2977959.44,7659582.91,465824.97,3343809.84,8515093.64,79681.63,79681.64,2.28516,4.35632,79641.8,79641.9,2.6645,1.2974
1788590598478,1788590598440060,79660.7,79660.9,0.0002,0.01349,59590.29,2977959.44,7659582.91,453955.36,3331940.23,8503224.03,79681.63,79681.64,2.27476,4.35632,79641.8,79641.9,2.6645,1.2974
1788590598724,1788590598688540,79660.7,79660.9,0.0002,0.01349,59469.22,2977925.98,7659549.45,459452.16,3337501.55,8508785.35,79681.63,79681.64,2.27351,4.35616,79641.8,79641.9,2.6645,1.2974
1788590598967,1788590598875231,79660.7,79660.9,0.0002,0.01349,59469.22,2977925.98,7659549.45,400482.24,3278531.63,8449815.43,79681.63,79681.64,2.27351,4.31616,79641.8,79641.9,2.6645,1.1963
1788590599227,1788590599088987,79660.7,79660.9,0.0002,0.01349,59469.22,2977925.98,7659549.45,400482.24,3278531.63,8449815.43,79681.63,79681.64,2.27351,4.31616,79641.8,79641.9,2.4259,1.1963
1788590599473,1788590599259680,79660.7,79660.9,0.0002,0.01349,59469.22,2977925.98,7659549.45,401278.87,3279328.26,8450612.06,79681.63,79681.64,2.27351,4.31616,79641.8,79641.9,2.3759,1.1963
1788590599717,1788590599689984,79660.7,79660.9,0.0002,0.01349,59469.22,2977925.98,7659549.45,454083.41,3332132.8,8503416.6,79681.63,79681.64,2.27351,4.31616,79641.8,79641.9,2.3759,1.1963
1788590599979,1788590599689984,79660.7,79660.9,0.0002,0.01349,59469.22,2977925.98,7659549.45,454083.41,3332132.8,8503416.6,79681.63,79681.64,2.27351,4.31197,79641.8,79641.9,2.386,1.1963
1788590600225,1788590600109342,79660.7,79660.9,0.0002,0.01349,59469.22,2977925.98,7659549.45,345115.14,3223164.53,8394448.33,79681.63,79681.64,2.29926,4.31116,79641.8,79641.9,2.3759,1.1963
1788590600470,1788590600109342,79660.7,79660.9,0.0002,0.01349,59469.22,2977925.98,7659549.45,345115.14,3223164.53,8394448.33,79681.63,79681.64,2.29938,4.31116,79641.8,79641.9,2.3759,1.1963
1788590600730,1788590600681441,79660.7,79660.9,0.0002,0.01349,59585.52,2978042.28,7659665.75,456377.68,3334427.07,8505710.87,79681.63,79681.64,2.29914,4.30933,79641.8,79641.9,2.386,1.1963
1788590600972,1788590600888529,79660.7,79660.9,0.0002,0.01349,59469.22,2977925.98,7659549.45,457163.95,3335213.34,8506497.14,79681.63,79681.64,2.29902,4.30933,79641.8,79641.9,2.3759,1.1963
1788590601219,1788590601026970,79660.7,79660.9,0.0002,0.01349,59469.22,3009784.14,7691407.61,457163.95,3367081.5,8538365.3,79681.63,79681.64,2.29902,4.30933,79641.8,79641.9,2.5379,1.1963
1788590601475,1788590601351634,79660.7,79660.9,0.0002,0.01348,59469.22,3009784.14,7691407.61,456366.52,3366284.07,8537567.87,79681.63,79681.64,2.29902,4.30319,79641.8,79641.9,2.5379,1.1941
1788590601719,1788590601683267,79660.7,79660.9,0.0002,0.01348,59469.22,3009784.14,7691407.61,403877.83,3313795.38,8485079.18,79681.63,79681.64,2.29689,4.30319,79641.8,79641.9,2.5379,1.1941
1788590601980,1788590601802990,79660.7,79660.9,0.0002,0.01348,59469.22,3009784.14,7691407.61,403888.19,3313805.74,8485089.54,79681.63,79681.64,2.29689,4.30319,79641.8,79641.9,2.5342,1.1941
1788590602223,1788590601802990,79660.7,79660.9,0.0002,0.01348,59469.22,3009784.14,7691407.61,403888.19,3313805.74,8485089.54,79681.63,79681.64,2.29689,4.30319,79641.8,79641.9,2.5342,1.1954
1788590602469,1788590602384037,79660.7,79660.9,0.0002,0.01348,59469.22,3009784.14,7691407.61,403888.48,3306786.4,8478070.2,79681.63,79681.64,2.29689,4.23319,79641.8,79641.9,2.5342,1.1941
1788590602728,1788590602695332,79653.8,79660.9,0.05481,0.01348,295510.82,3494610.95,8372927.91,458335.09,3361233.02,8532516.82,79681.63,79681.64,2.29689,4.23283,79641.8,79641.9,2.5342,1.1941
1788590602974,1788590602944587,79661.6,79661.7,0.0002,0.16868,14643.58,2938802.8,7670114.66,466921.83,3358002.48,8529241.64,79681.63,79681.64,2.29689,4.23283,79641.8,79641.9,2.5342,1.1941
1788590603222,1788590603062858,79661.5,79661.7,0.0002,0.16868,14644.38,2945095.3,7670115.46,467947.88,3359028.52,8530267.69,79681.63,79681.64,2.28655,4.2309,79641.8,79641.9,2.5342,1.1941
1788590603468,1788590603062858,79661.5,79661.7,0.0002,0.16868,14644.38,2945095.3,7670115.46,467947.88,3359028.52,8530267.69,79681.63,79681.64,2.28655,4.2309,79641.8,79641.9,2.5342,1.1941
1788590603728,1788590603591291,79661.5,79661.7,0.0002,0.16868,14644.38,2942445.4,7667465.55,467937.52,3356233.52,8527472.69,79681.63,79681.64,2.28655,4.23075,79641.8,79641.9,2.5342,1.1941
1788590603974,1788590603813266,79661.5,79661.7,0.0002,0.16868,14644.38,2942445.4,7667465.55,468734.15,3357030.15,8528269.32,79681.63,79681.64,2.28025,4.23075,79641.8,79641.9,2.5342,1.1941
1788590604220,1788590604184778,79660.8,79661.5,0.00018,0.70745,30435.6,2987384.32,7669007.79,529510.68,3412408.69,8583647.86,79681.63,79681.64,2.28025,4.23062,79641.8,79641.9,2.5342,1.9092
1788590604467,1788590604389210,79661.2,79661.5,0.0002,0.17998,14641.99,2942427.87,7667448.03,475816.54,3358714.55,8529953.71,79681.63,79681.64,2.28025,4.23062,79641.8,79641.9,2.5342,1.9092
1788590604727,1788590604661919,79661.2,79661.5,0.0002,0.17998,14529.68,2942315.56,7667335.72,472709.26,3358809.43,8530048.6,79681.63,79681.64,2.28032,4.23049,79641.8,79641.9,2.5342,1.2641
1788590604973,1788590604772459,79661.2,79661.3,0.0002,0.01,14653.14,2942439.03,7667459.18,471516.5,3357616.68,8528855.84,79681.63,79681.64,2.10949,4.23049,79641.8,79641.9,2.5342,1.2641
1788590605218,1788590605173046,79660.2,79660.4,0.0002,0.70121,29427.98,2988903.14,7670526.61,448662.52,3339241.23,8509541.03,79681.63,79681.64,2.10715,4.19002,79641.8,79641.9,2.5302,1.2641
1788590605479,1788590605430530,79660.3,79661.5,0.0002,0.81965,30519.23,2989994.39,7671617.86,461845.91,3348271.82,8519510.99,79681.63,79681.64,2.10722,4.19002,79641.8,79641.9,2.5403,1.2641
1788590605725,1788590605694917,79659.9,79660.4,0.00019,0.02298,23982.03,3178145.87,7660862.4,451878.55,3357124.69,8527424.49,79681.63,79681.64,1.95293,4.19064,79641.8,79641.9,2.5302,2.3671
1788590605968,1788590605945756,79659.9,79660.0,0.00019,0.77741,24117.44,3184552.19,7667268.72,511054.53,3401068.49,8571368.28,79681.63,79681.64,1.95263,4.17064,79641.8,79641.9,2.4518,2.3658
1788590606228,1788590606141042,79659.4,79659.5,0.00037,2.73213,24173.2,3168509.68,7651226.21,735984.44,3600634.85,8815963.27,79681.63,79681.64,1.9527,4.16791,79641.8,79641.9,2.4518,2.3671
1788590606469,1788590606372934,79659.4,79659.5,0.00037,2.73213,24037.79,3170975.33,7653691.87,735984.44,3605994.02,8821322.44,79681.63,79681.64,1.77267,4.17184,79641.8,79641.9,2.2934,2.3709
1788590606729,1788590606690055,79659.4,79659.5,0.00037,2.73213,24166.83,3171104.37,7653820.91,735984.44,3605994.03,8821322.24,79681.63,79681.64,1.76092,4.17177,79641.8,79641.9,2.2934,2.3671
1788590606975,1788590606846040,79659.4,79659.5,7e-05,2.73213,24142.93,3171080.48,7653797.01,735187.83,3605197.42,8820525.63,79681.63,79681.64,1.76242,4.16964,79641.8,79641.9,2.2934,2.3655
1788590607220,1788590607138576,79659.4,79659.5,7e-05,3.37525,4945.71,1930699.87,6413416.41,729934.02,2995979.97,8166279.56,79680.0,79680.01,0.07693,7.56656,79640.0,79640.1,0.0501,7.4393
1788590607466,1788590607393753,79659.3,79659.4,0.0002,2.27405,74.88,1805513.56,6828235.49,1057850.54,3370479.37,8526190.67,79680.0,79680.01,0.30363,7.62655,79640.0,79640.1,0.0477,7.4342
1788590607728,1788590607695149,79649.4,79649.8,0.00018,0.099,87633.5,2585892.7,7620985.89,493124.89,2490562.1,7638042.01,79680.0,79680.01,0.15749,7.67002,79640.0,79640.1,0.0477,7.4342
1788590607973,1788590607941997,79646.1,79649.7,0.068,0.049,125882.47,3458382.72,8143862.5,480510.18,2507097.43,7649874.97,79680.0,79680.01,0.4608,7.66562,79640.0,79640.1,0.0477,7.3495
1788590608217,1788590608188031,79646.7,79649.7,0.15957,0.049,112998.87,3296481.88,8141325.72,488395.78,2514979.27,7657756.81,79680.0,79680.01,0.46093,7.65756,79640.0,79640.1,0.0477,7.3495
1788590608475,1788590608400704,79646.7,79649.7,0.15957,0.04869,112998.87,3264628.52,8109472.36,554099.15,2630849.94,7773627.48,79680.0,79680.01,0.46093,7.66056,79640.0,79640.1,0.0477,7.5383
1788590608721,1788590608686661,79646.7,79649.7,0.15957,0.04869,112998.87,3296484.12,8141327.96,528391.52,2605142.31,7747919.85,79680.0,79680.01,0.46093,7.66041,79640.0,79640.1,0.0477,7.5539
1788590608981,1788590608941368,79646.8,79649.7,0.02918,0.04869,102613.76,3348146.6,8160934.44,488419.58,2565170.38,7707947.92,79680.0,79680.01,0.46093,7.65934,79640.0,79640.1,0.0477,7.5539
1788590609225,1788590609015866,79647.1,79649.7,0.10158,0.04869,115499.06,3328959.83,8173819.75,494307.13,2571057.92,7713835.46,79680.0,79680.01,0.62622,7.65908,79640.0,79640.1,0.0477,7.5539
1788590609469,1788590609408732,79647.1,79649.7,0.10158,0.04869,117091.9,3330552.67,8175412.59,494307.13,2556066.36,7698843.9,79680.0,79680.01,0.62755,7.65908,79640.0,79640.1,0.0477,7.5539
1788590609716,1788590609695430,79649.3,79649.5,0.0002,0.019,74207.07,3117965.47,7954039.67,484079.09,2544183.96,7688767.26,79680.0,79680.01,0.62755,7.65908,79640.0,79640.1,0.0477,7.5539
1788590609978,1788590609885445,79649.3,79649.5,0.0002,0.019,79657.91,3123416.31,7959490.5,484079.09,2549538.06,7694121.36,79680.0,79680.01,0.6272,7.65693,79640.0,79640.1,0.0477,7.5539
1788590610224,1788590610089758,79649.3,79649.5,0.0002,0.019,79657.91,3123418.41,7959492.6,484079.09,2549538.06,7694121.36,79680.0,79680.01,0.6272,7.65613,79640.0,79640.1,0.0429,7.5539
1788590610481,1788590610440556,79649.3,79649.4,0.0002,0.019,79657.91,3123418.41,7959492.6,440212.58,2513686.08,7550836.78,79680.0,79680.01,0.6272,7.65613,79640.0,79640.1,0.0429,7.5539
1788590610727,1788590610653465,79649.3,79649.4,0.0002,0.01899,79657.91,3091564.65,7927638.84,440211.79,2490679.29,7527829.98,79680.0,79680.01,0.62507,7.66982,79640.0,79640.1,0.0409,7.5539
1788590610972,1788590610767053,79649.3,79649.4,0.0002,0.01899,77333.81,3123489.68,7959563.87,440211.79,2490679.29,7635561.55,79680.0,79680.01,0.62507,7.66982,79640.0,79640.1,0.0409,7.5539
1788590611217,1788590610989918,79649.3,79649.4,0.0002,0.01899,77333.81,3123489.68,7959563.87,496230.66,2557146.48,7702028.74,79680.0,79680.01,0.62507,7.66982,79640.0,79640.1,0.0409,7.5539
1788590611479,1788590610989918,79649.3,79649.4,0.0002,0.01899,77333.81,3123489.68,7959563.87,496230.66,2557146.48,7702028.74,79680.0,79680.01,0.62507,7.66982,79640.0,79640.1,0.0409,7.5539
1788590611722,1788590610989918,79649.3,79649.4,0.0002,0.01899,77333.81,3123489.68,7959563.87,496230.66,2557146.48,7702028.74,79680.0,79680.01,0.62507,7.66982,79640.0,79640.1,0.0409,7.5539
1788590611981,1788590611880878,79649.3,79649.4,0.0002,0.01899,76230.73,3122387.04,7958461.23,496230.66,2557146.48,7702028.74,79680.0,79680.01,0.62492,7.66982,79640.0,79640.1,0.0409,7.5539
1788590612227,1788590612019221,79649.3,79649.4,0.0002,0.01899,76230.73,3027800.49,7863874.69,496230.66,2546698.16,7691580.43,79680.0,79680.01,0.62492,7.66982,79640.0,79640.1,0.0409,7.5539
1788590612475,1788590612435315,79649.3,79649.4,0.0002,0.01899,76230.73,3021132.66,7857206.86,440211.79,2504681.83,7649564.09,79680.0,79680.01,0.62499,7.66769,79640.0,79640.1,0.0409,7.5539
1788590612721,1788590612669307,79649.3,79649.4,0.0002,0.00017,76230.73,3126452.92,7962527.12,438712.78,2518704.72,7663586.98,79680.0,79680.01,0.62499,7.66769,79640.0,79640.1,0.0409,7.5539
1788590612981,1788590612946275,79649.3,79649.4,0.0002,0.00017,72321.6,3122543.79,7958617.99,503696.03,2652862.62,7797744.88,79680.0,79680.01,0.62499,7.66769,79640.0,79640.1,0.0409,7.5539
1788590613223,1788590613088707,79649.3,79649.5,0.0002,0.00663,69174.74,3134048.84,7970123.04,559879.61,2709044.2,7853926.46,79680.0,79680.01,0.62499,7.66769,79640.0,79640.1,0.0409,7.5539
1788590613470,1788590613088707,79649.3,79649.5,0.0002,0.00663,69174.74,3134048.84,7970123.04,559879.61,2709044.2,7853926.46,79680.0,79680.01,0.62499,7.66769,79640.0,79640.1,0.0409,7.5539
1788590613730,1788590613650363,79649.3,79649.5,0.0002,0.00663,69174.74,3134049.2,7970123.4,559879.61,2709043.84,7853926.1,79680.0,79680.01,0.62499,7.66769,79640.0,79640.1,0.0409,7.5539
1788590613974,1788590613707663,79649.3,79649.5,0.0002,0.00663,69174.74,3134049.2,7970123.4,559083.09,2708247.31,7853129.57,79680.0,79680.01,0.62499,7.66875,79640.0,79640.1,0.0409,7.5539
1788590614220,1788590614178536,79649.3,79649.5,0.0002,0.00663,69174.74,3134049.2,7970123.4,501900.7,2651064.92,7795947.19,79680.0,79680.01,0.62286,7.66875,79640.0,79640.1,0.0409,7.5539
1788590614480,1788590614441421,79649.4,79649.5,0.0002,0.00663,223808.49,3412480.29,8248554.48,543127.14,2692291.38,7837173.64,79680.0,79680.01,0.62087,7.66704,79640.0,79640.1,0.0422,7.5539
1788590614724,1788590614694147,79649.2,79649.5,6e-05,0.00609,228559.89,3579853.73,8216673.56,445525.03,2594689.27,7739571.53,79680.0,79680.01,0.62087,7.66704,79640.0,79640.1,0.0422,7.5539
1788590614970,1788590614885157,79649.2,79649.5,6e-05,0.00609,231318.76,3614466.6,8251286.43,537875.52,2800229.19,7945111.45,79680.0,79680.01,0.62101,7.66711,79640.0,79640.1,0.0422,7.5539
1788590615216,1788590615192969,79649.2,79650.0,6e-05,0.00013,231318.76,3614466.6,8251286.43,366176.64,2630336.08,7773412.58,79680.0,79680.01,0.62094,7.66711,79640.0,79640.1,0.0422,7.5539
1788590615476,1788590615216489,79649.2,79652.1,6e-05,0.25302,231434.28,3614582.12,8251401.95,774214.39,2916233.89,7753911.13,79680.0,79680.01,0.62101,7.66725,79640.0,79640.1,0.0405,7.5539
1788590615721,1788590615633636,79651.9,79652.1,0.0002,0.25302,18956.46,3584477.11,8450935.44,758655.09,2968522.9,7806200.14,79680.0,79680.01,0.62101,7.66725,79640.0,79640.1,0.0405,7.5539
1788590615981,1788590615922627,79651.9,79652.0,0.0002,0.01,18956.46,3584477.15,8450935.48,616394.45,2888190.74,7725867.98,79680.0,79680.01,0.62086,7.66704,79640.0,79640.1,0.0405,7.5539
1788590616226,1788590616166990,79651.9,79652.1,0.0002,0.25302,18956.46,3584477.15,8450935.48,728069.14,2937936.95,7775614.19,79680.0,79680.01,0.62086,7.66711,79640.0,79640.1,0.0405,7.5367
1788590616470,1788590616391856,79651.9,79652.1,0.0002,0.25302,18956.46,3584477.15,8450935.48,801355.8,3215618.6,8053295.84,79680.0,79680.01,0.62086,7.66711,79640.0,79640.1,0.0405,7.5367
1788590616731,1788590616632031,79651.9,79652.1,0.0002,0.25302,18956.46,3584477.15,8450935.48,743734.63,3189861.99,8027539.23,79680.0,79680.01,0.62086,7.42778,79640.0,79640.1,0.0405,7.5467
1788590616975,1788590616926106,79651.9,79652.1,0.0002,0.25302,18956.46,3584477.15,8450935.48,742938.1,3189065.46,8026742.7,79680.0,79680.01,0.62086,7.42378,79640.0,79640.1,0.0405,7.5367
1788590617222,1788590617159244,79651.9,79652.0,0.0002,0.32049,18956.46,3425041.03,8291499.35,725288.18,3230660.31,8068337.56,79680.0,79680.01,0.42695,7.42371,79640.0,79640.1,0.0405,7.5337
1788590617479,1788590617340982,79651.9,79652.0,0.0002,0.32049,18956.46,3425041.03,8291499.35,681935.03,3193974.96,8031652.2,79680.0,79680.01,0.42695,7.42533,79640.0,79640.1,0.0405,7.5318
1788590617721,1788590617643357,79651.9,79652.0,0.0002,0.32049,18956.46,3410788.58,8277246.9,681935.03,3193974.44,8031651.68,79680.0,79680.01,0.26152,7.42617,79640.0,79640.1,0.0405,7.5567
1788590617967,1788590617643357,79651.9,79652.0,0.0002,0.32049,18956.46,3410788.58,8277246.9,681935.03,3193974.44,8031651.68,79680.0,79680.01,0.26141,7.42422,79640.0,79640.1,0.0405,7.5604
1788590618227,1788590618178970,79651.9,79652.0,0.0002,0.32049,18956.46,3425361.94,8291820.26,739552.31,3251591.72,8089268.96,79680.0,79680.01,0.25928,7.42411,79640.0,79640.1,0.0405,7.5585
1788590618470,1788590618243135,79651.9,79652.0,0.0002,0.32049,18956.46,3425361.94,8291820.26,738755.78,3250795.19,8088472.43,79680.0,79680.01,0.25928,7.97423,79640.0,79640.1,0.0405,7.5632
1788590618732,1788590618618859,79651.9,79652.0,0.0002,0.32049,18956.46,3425361.94,8291820.26,738755.78,3218931.15,8056608.39,79680.0,79680.01,0.25928,7.97423,79640.0,79640.1,0.0405,7.5632
1788590618978,1788590618711529,79651.9,79652.0,0.0002,0.32049,18956.46,3425361.94,8291820.26,738755.78,3250795.87,8088473.11,79680.0,79680.01,0.25803,7.97423,79640.0,79640.1,0.0405,7.5632
1788590619223,1788590618711529,79651.9,79652.0,0.0002,0.32049,18956.46,3425361.94,8291820.26,738755.78,3250795.87,8088473.11,79680.0,79680.01,0.25789,7.97423,79640.0,79640.1,0.0405,7.5651
1788590619468,1788590619349917,79651.9,79652.0,0.0002,0.32049,18963.63,3425369.11,8291827.43,738755.78,3250795.87,8088473.11,79680.0,79680.01,0.25789,7.97423,79640.0,79640.1,0.0405,7.5651
1788590619727,1788590619692540,79651.9,79652.0,0.0002,0.32049,18963.63,3425369.11,8291827.43,739552.31,3251592.4,8089269.64,79680.0,79680.01,0.25789,7.97423,79640.0,79640.1,0.0405,7.5651
1788590619974,1788590619880270,79651.9,79652.0,0.0002,0.32049,16204.76,3422610.24,8289068.56,740552.03,3249881.32,8087558.56,79680.0,79680.01,0.25789,7.97423,79640.0,79640.1,0.0405,7.5632
1788590620219,1788590620130675,79651.8,79651.9,9e-05,1.05383,13266.58,3423854.31,8290312.63,819469.1,3333024.35,8170701.59,79680.0,79680.01,0.13462,7.97436,79640.0,79640.1,0.0405,7.5476
1788590620481,1788590620393779,79651.8,79651.9,9e-05,1.54525,16038.98,3426626.72,8293085.04,819468.46,3335717.09,8173394.33,79680.0,79680.01,0.13462,7.97436,79640.0,79640.1,0.0405,7.5495
1788590620725,1788590620688157,79650.9,79651.0,0.0003,0.34866,19333.83,3121835.89,6969353.25,529466.38,3174401.81,6883445.0,79680.0,79680.01,0.13462,7.97223,79640.0,79640.1,0.0405,7.5495
1788590620973,1788590620931415,79650.9,79651.0,0.0005,0.34866,19397.55,3427683.67,8294080.11,483206.17,3434152.14,8163357.0,79680.0,79680.01,0.13462,7.97223,79640.0,79640.1,0.0405,7.5476
1788590621217,1788590621162173,79650.9,79651.0,0.0005,0.34866,19397.55,3427683.67,8294080.11,487109.11,3438055.07,8167259.93,79680.0,79680.01,0.13032,7.97223,79640.0,79640.1,0.0405,7.5476
1788590621477,1788590621444582,79651.5,79651.8,0.00035,0.01384,20413.84,3427693.28,8294106.44,644349.54,3428047.7,7959656.96,79680.0,79680.01,0.43724,7.96603,79640.0,79640.1,0.328,6.9084
1788590621724,1788590621690748,79651.5,79651.6,0.00035,0.01,20364.46,3427643.9,8294057.06,711761.32,3509161.22,8040770.48,79680.0,79680.01,0.43693,7.96603,79640.0,79640.1,0.328,6.9084
1788590621970,1788590621909526,79651.5,79651.6,0.00035,0.66227,20413.84,3427693.28,8294106.44,751623.7,3584711.4,8116320.66,79680.0,79680.01,0.43693,7.96603,79640.0,79640.1,0.328,6.9084
1788590622217,1788590622162382,79651.2,79651.9,0.0002,0.01105,23181.58,3427424.64,8293821.08,721265.12,3549573.23,8081182.49,79680.0,79680.01,0.43693,7.96588,79640.0,79640.1,0.328,6.9084
1788590622477,1788590622329722,79651.7,79651.9,0.0002,0.01105,20484.85,3420788.63,8287201.79,721265.12,3520553.23,8052162.49,79680.0,79680.01,0.43494,7.96588,79640.0,79640.1,0.328,6.9084
1788590622722,1788590622683531,79651.7,79651.8,0.0002,0.01,20484.85,3420788.63,8287201.79,721174.09,3539784.8,8071394.07,79680.0,79680.01,0.43494,7.9657,79640.0,79640.1,0.328,6.9084
1788590622982,1788590622848005,79651.7,79651.8,0.0002,0.01,20484.85,3420788.63,8287201.79,717271.55,3577275.56,8108884.82,79680.0,79680.01,0.43494,7.9657,79640.0,79640.1,0.328,6.9084
1788590623227,1788590623190397,79651.7,79651.8,0.0002,0.02255,20484.85,3427456.56,8293869.72,718271.18,3578275.19,8109884.45,79680.0,79680.01,0.43501,7.9657,79640.0,79640.1,0.328,6.9084
1788590623470,1788590623409917,79651.7,79651.8,0.0002,0.02255,20484.85,3427456.56,8293869.72,698117.61,3558121.61,8089730.88,79680.0,79680.01,0.43501,7.96486,79640.0,79640.1,0.328,6.9084
1788590623728,1788590623667610,79651.7,79651.8,0.0002,0.70689,20689.54,3427661.25,8294053.72,772780.93,3632784.94,8164394.2,79680.0,79680.01,0.43689,7.96702,79640.0,79640.1,0.328,6.9084
1788590623971,1788590623868454,79651.7,79651.8,0.0002,0.70689,20689.54,3427661.25,8294053.72,772780.93,3632785.5,8164394.76,79680.0,79680.01,0.43665,7.96873,79640.0,79640.1,0.328,6.9084
1788590624218,1788590624177623,79651.7,79651.8,0.0002,0.70689,20687.15,3427658.86,8294071.23,772780.93,3632785.5,8164394.76,79680.0,79680.01,0.43665,7.96873,79640.0,79640.1,0.328,6.9084
1788590624480,1788590624439244,79651.6,79651.8,0.0002,0.02255,20687.95,3427659.66,8294072.02,659806.15,3519810.72,8051419.98,79680.0,79680.01,0.67323,7.96908,79640.0,79640.1,0.328,6.9084
1788590624727,1788590624540378,79651.7,79651.8,0.0002,0.02255,20735.74,3427707.45,8294119.81,659806.15,3519810.72,8051419.98,79680.0,79680.01,0.67308,7.97315,79640.0,79640.1,0.328,6.9084
1788590624970,1788590624780064,79651.7,79651.8,0.0002,0.02255,20735.74,3427707.45,8294119.81,659806.15,3519810.72,8051419.98,79680.0,79680.01,0.67308,7.97322,79640.0,79640.1,0.328,6.9084
1788590625217,1788590625149627,79651.7,79651.8,0.0002,0.02255,20533.43,3322184.89,8188597.25,659806.15,3462895.53,7994504.79,79680.0,79680.01,0.67308,7.96695,79640.0,79640.1,0.328,6.9084
1788590625475,1788590625443568,79651.7,79651.8,0.0002,0.01255,17761.03,3319412.48,8185824.84,719818.42,3520214.43,8051823.69,79680.0,79680.01,0.67308,7.96695,79640.0,79640.1,0.328,6.9084
1788590625721,1788590625650461,79651.7,79651.8,0.0002,0.01255,17761.03,3428788.11,8295200.47,720614.95,3563793.32,8095402.58,79680.0,79680.01,0.67308,7.96685,79640.0,79640.1,0.328,6.9084
1788590625981,1788590625888742,79651.7,79651.8,0.0002,0.01255,20403.61,3431430.69,8297843.05,720614.95,3566511.63,8098120.89,79680.0,79680.01,0.67308,7.96685,79640.0,79640.1,0.328,6.9084
1788590626227,1788590626195659,79651.7,79651.8,0.0002,0.01255,20403.61,3431430.69,8297843.05,720614.95,3536555.83,8068165.09,79680.0,79680.01,0.67308,7.96685,79640.0,79640.1,0.328,6.9084
1788590626473,1788590626195659,79651.7,79651.8,0.0002,0.01255,20403.61,3431430.69,8297843.05,720614.95,3536555.83,8068165.09,79680.0,79680.01,0.67061,7.96671,79640.0,79640.1,0.0405,6.983
1788590626717,1788590626502461,79651.7,79651.8,0.0002,0.01255,20403.61,3431430.69,8297843.05,720614.95,3558702.92,8090312.18,79680.0,79680.01,0.67061,7.96671,79640.0,79640.1,0.0405,6.983
1788590626980,1788590626943572,79651.7,79651.8,0.0002,0.01255,20403.61,3431430.69,8297843.05,659815.9,3497903.87,8029513.13,79680.0,79680.01,0.62159,7.96678,79640.0,79640.1,0.0405,6.983
1788590627223,1788590627090323,79651.7,79651.8,0.0002,0.01255,20403.61,3416857.33,8283269.69,659815.9,3466039.83,7997649.09,79680.0,79680.01,0.62235,7.96671,79640.0,79640.1,0.0405,6.983
1788590627468,1788590627379349,79651.7,79651.8,0.0002,0.01255,20403.61,3416857.33,8283269.69,721430.47,3566186.79,8097796.05,79680.0,79680.01,0.62235,7.79135,79640.0,79640.1,0.0405,6.983
1788590627725,1788590627513850,79651.7,79651.8,0.0002,0.01255,20403.61,3416857.33,8283269.69,722216.64,3566972.96,8098582.22,79680.0,79680.01,0.62235,7.79128,79640.0,79640.1,0.0405,6.983
1788590627971,1788590627513850,79651.7,79651.8,0.0002,0.01255,20403.61,3416857.33,8283269.69,722216.64,3566972.96,8098582.22,79680.0,79680.01,0.62235,7.79128,79640.0,79640.1,0.0405,6.983
1788590628218,1788590628146479,79651.7,79651.8,0.0002,0.01255,20403.61,3399348.85,8265761.21,722216.64,3566972.96,8098582.22,79680.0,79680.01,0.62235,7.83528,79640.0,79640.1,0.0405,6.983
1788590628478,1788590628443123,79651.6,79651.8,0.0002,0.02415,19435.93,3430234.0,8296646.36,705823.18,3550579.3,8082188.57,79680.0,79680.01,0.62197,7.83528,79640.0,79640.1,0.0405,6.993
1788590628724,1788590628681099,79651.6,79651.7,0.0002,0.01141,14087.82,3408868.61,8275280.97,731315.05,3576071.17,8107680.43,79680.0,79680.01,0.62197,7.84155,79640.0,79640.1,0.0405,6.983
1788590628968,1788590628806814,79651.6,79651.7,0.0002,0.01141,14087.82,3408868.61,8275280.97,727412.06,3572168.18,8103777.44,79680.0,79680.01,0.62197,7.84148,79640.0,79640.1,0.0405,6.983
1788590629228,1788590629127378,79651.6,79651.7,0.0002,0.01141,14087.82,3408868.61,8275280.97,727412.03,3572168.15,8103777.41,79680.0,79680.01,0.6219,7.5274,79640.0,79640.1,0.0405,6.983
1788590629471,1788590629442905,79651.6,79651.7,0.0002,0.01141,14087.82,3377015.77,8243428.13,661628.3,3474519.98,8006129.25,79680.0,79680.01,0.6219,7.5274,79640.0,79640.1,0.0405,6.983
1788590629731,1788590629673170,79651.6,79651.7,0.0002,0.01141,14087.82,3408869.77,8275282.13,724940.72,3569696.68,8101305.94,79680.0,79680.01,0.6219,7.52732,79640.0,79640.1,0.0404,6.983
1788590629974,1788590629887186,79651.6,79651.7,0.0002,0.01141,14087.82,3408869.77,8275282.13,722269.75,3567025.71,8098634.97,79680.0,79680.01,0.6219,7.52732,79640.0,79640.1,0.0384,6.983
1788590630221,1788590630183407,79651.6,79651.7,0.0002,0.01141,14087.82,3408869.77,8275282.13,735980.7,3580736.66,8112345.92,79680.0,79680.01,0.6219,7.52732,79640.0,79640.1,0.0397,6.9796
1788590630481,1788590630440944,79651.6,79651.7,0.0002,0.01141,14087.82,3408869.77,8275282.13,683224.79,3527980.75,8059590.01,79680.0,79680.01,0.62176,7.52516,79640.0,79640.1,0.0384,6.9809
1788590630723,1788590630661601,79651.6,79651.7,0.0002,0.01141,15057.89,3407172.57,8273584.93,674542.72,3519298.56,8050907.82,79680.0,79680.01,0.62176,7.52732,79640.0,79640.1,0.0384,6.9809
1788590630980,1788590630759521,79651.6,79651.7,0.0002,0.01141,15057.89,3408765.42,8275177.78,674553.08,3519308.92,8050918.18,79680.0,79680.01,0.62183,7.60122,79640.0,79640.1,0.0384,6.9809
1788590631225,1788590631197419,79651.6,79651.7,0.0002,0.01141,15057.89,3414102.23,8280514.59,739229.38,3559119.26,8090728.52,79680.0,79680.01,0.60333,7.60108,79640.0,79640.1,0.3532,6.9809
1788590631469,1788590631370891,79651.6,79651.7,0.0002,0.0114,15057.89,3414102.23,8280514.59,739218.23,3559108.11,8090717.37,79680.0,79680.01,0.60333,7.601,79640.0,79640.1,0.3532,6.9809
1788590631730,1788590631689373,79651.6,79651.7,0.0002,0.0114,15057.89,3416806.87,8283219.23,713510.99,3560599.69,8092208.95,79680.0,79680.01,0.60069,7.59998,79640.0,79640.1,0.3532,6.9809
1788590631973,1788590631898781,79651.6,79651.7,0.0002,0.0114,15057.89,3399534.05,8265946.41,739218.62,3554443.16,8086052.42,79680.0,79680.01,0.60069,7.59998,79640.0,79640.1,0.3532,6.9809
1788590632218,1788590632195669,79651.6,79651.7,0.0002,0.0114,15057.89,3431388.05,8297800.41,682427.91,3522848.82,8054458.08,79680.0,79680.01,0.60069,7.60012,79640.0,79640.1,0.3532,6.9809
1788590632477,1788590632377317,79651.6,79651.8,0.0002,0.01255,15057.89,3431388.05,8297800.41,735628.23,3582716.85,8114326.11,79680.0,79680.01,0.60069,7.60026,79640.0,79640.1,0.3532,6.9809
1788590632722,1788590632559994,79651.6,79651.8,0.0002,0.01255,15057.89,3431388.05,8297800.41,734832.0,3581920.61,8113529.88,79680.0,79680.01,0.59994,7.52984,79640.0,79640.1,0.3532,6.9808
1788590632967,1788590632916473,79651.6,79651.8,0.0002,0.01255,15057.89,3414121.37,8280533.73,738745.34,3585833.96,8117443.22,79680.0,79680.01,0.59994,7.53201,79640.0,79640.1,0.3532,6.9808
1788590633227,1788590633129187,79651.6,79651.8,0.0002,0.01255,15057.89,3414120.65,8280533.01,739541.87,3586630.4,8118239.66,79680.0,79680.01,0.5998,7.53208,79640.0,79640.1,0.3532,6.9808
1788590633469,1788590633398829,79651.6,79651.8,0.0002,0.01255,15057.89,3414120.65,8280533.01,671703.83,3518792.37,8050401.63,79680.0,79680.01,0.5998,7.52995,79640.0,79640.1,0.4049,6.9652
1788590633729,1788590633398829,79651.6,79651.8,0.0002,0.01255,15057.89,3414120.65,8280533.01,671703.83,3518792.37,8050401.63,79680.0,79680.01,0.5998,7.52967,79640.0,79640.1,0.4531,6.9639
1788590633973,1788590633852241,79651.6,79651.8,0.0002,0.02255,15057.89,3414120.65,8280533.01,607099.4,3454187.94,7985797.2,79680.0,79680.01,0.5998,7.5294,79640.0,79640.1,0.3532,6.9639
1788590634220,1788590634173225,79651.6,79651.8,0.0002,0.02255,14558.53,3382267.37,8248679.73,607109.11,3422333.6,7953942.87,79680.0,79680.01,0.5998,7.52926,79640.0,79640.1,0.3532,6.9652
1788590634482,1788590634374688,79651.6,79651.8,0.0002,0.02255,14558.53,3414121.41,8280533.77,607109.46,3454198.4,7985807.66,79680.0,79680.01,0.5998,7.52926,79640.0,79640.1,0.3532,6.9671
1788590634725,1788590634648127,79651.6,79651.8,0.0002,0.02255,14476.51,3414039.39,8280451.75,670538.49,3517627.43,8049236.69,79680.0,79680.01,0.5998,7.52258,79640.0,79640.1,0.4061,6.9639
1788590634971,1788590634815252,79651.6,79651.8,0.0002,0.02255,14476.51,3414039.39,8280451.75,670538.49,3517627.43,8049236.69,79680.0,79680.01,0.5998,7.52265,79640.0,79640.1,0.4059,6.9639
1788590635219,1788590635100559,79651.6,79651.8,0.0002,0.02255,14975.88,3414039.39,8280451.75,670538.49,3518627.17,8050236.43,79680.0,79680.01,0.6174,7.51347,79640.0,79640.1,0.4046,6.9808
1788590635480,1788590635394177,79651.6,79651.8,0.0002,0.02255,14975.88,3414039.39,8280451.75,653617.76,3501706.32,8033315.58,79680.0,79680.01,0.5976,7.82546,79640.0,79640.1,0.0381,6.9827
1788590635723,1788590635686684,79651.5,79651.6,0.0002,0.17893,9324.12,3408387.63,8274799.99,813028.17,3661116.72,8192725.98,79680.0,79680.01,0.47708,7.81817,79640.0,79640.1,0.0381,6.9856
1788590635969,1788590635937218,79651.5,79651.6,0.0002,0.1763,9299.43,3414060.05,8280472.41,796609.66,3644698.21,8176307.47,79680.0,79680.01,0.60764,7.81831,79640.0,79640.1,0.0394,6.9843
1788590636217,1788590635949915,79651.5,79651.6,0.0002,0.1763,9299.43,3414060.05,8280472.41,821617.0,3669705.55,8201314.81,79680.0,79680.01,0.60479,7.81517,79640.0,79640.1,0.0394,6.9839
1788590636478,1788590636288718,79651.5,79651.6,0.0002,0.1763,9299.43,3414060.05,8280472.41,821627.35,3669715.91,8201325.17,79680.0,79680.01,0.60479,7.81517,79640.0,79640.1,0.0394,6.9839
1788590636722,1788590636642863,79651.5,79651.6,0.0002,0.1763,9299.43,3414060.05,8280472.41,821627.35,3669716.19,8201325.45,79680.0,79680.01,0.60493,7.81817,79640.0,79640.1,0.0379,6.9871
1788590636981,1788590636918167,79651.5,79651.8,0.0002,0.01255,10467.03,3428942.26,8295354.62,729139.85,3567779.97,8099389.24,79680.0,79680.01,0.60493,7.81817,79640.0,79640.1,0.3224,6.4865
1788590637226,1788590636918167,79651.5,79651.8,0.0002,0.01255,10467.03,3428942.26,8295354.62,729139.85,3567779.97,8099389.24,79680.0,79680.01,0.60493,7.85611,79640.0,79640.1,0.3224,6.4967
1788590637471,1788590637367371,79651.5,79651.8,0.0002,0.01255,10467.03,3428942.26,8295354.62,728332.98,3576421.77,8108031.03,79680.0,79680.01,0.60266,7.85611,79640.0,79640.1,0.3224,6.4967
1788590637730,1788590637668678,79651.5,79651.8,0.0002,0.01255,10467.03,3428942.26,8295354.62,667054.99,3515143.78,8046753.04,79680.0,79680.01,0.86323,7.82187,79640.0,79640.1,0.3238,6.4948
1788590637972,1788590637896659,79651.5,79651.8,0.0002,0.01255,10467.03,3428942.26,8295354.62,666258.46,3513346.95,8044956.22,79680.0,79680.01,0.86323,7.81595,79640.0,79640.1,0.3755,6.4948
1788590638220,1788590638097084,79651.5,79651.8,0.0002,0.01255,10467.03,3428942.26,8295354.62,666258.46,3513346.95,8044956.22,79680.0,79680.01,0.86316,7.81595,79640.0,79640.1,0.3225,6.4961
1788590638480,1788590638393038,79651.4,79651.5,0.0002,0.17646,11080.32,3421593.03,8288005.39,540081.14,3566806.35,8128452.1,79680.0,79680.01,0.86309,7.81581,79640.0,79640.1,0.038,6.4961
1788590638725,1788590638451753,79651.4,79651.5,0.0002,0.17646,11080.32,3421593.03,8288005.39,547966.79,3574692.0,8136337.75,79680.0,79680.01,0.86096,7.81559,79640.0,79640.1,0.038,6.4961
1788590638967,1788590638931316,79651.4,79651.5,0.0002,0.17646,10112.63,3420625.34,8287037.7,547966.79,3542827.96,8104473.71,79680.0,79680.01,0.86103,7.81559,79640.0,79640.1,0.038,6.498
1788590639229,1788590639006139,79651.4,79651.5,0.0002,0.17646,10112.63,3420625.34,8287037.7,547966.79,3574692.64,8136338.39,79680.0,79680.01,0.86103,7.81559,79640.0,79640.1,0.038,6.498
1788590639474,1788590639235883,79651.4,79651.5,0.0002,0.17646,10112.63,3420625.34,8287037.7,487434.43,3514160.28,8075806.02,79680.0,79680.01,0.86103,7.81559,79640.0,79640.1,0.038,6.498
1788590639720,1788590639693967,79651.4,79651.5,0.0002,0.17646,10213.74,3420726.45,8287138.81,487434.43,3514160.28,8075806.02,79680.0,79680.01,0.86103,7.81559,79640.0,79640.1,0.147,6.4961
1788590639967,1788590639852914,79651.4,79651.5,0.0002,0.17646,11010.22,3421522.93,8287935.3,487434.43,3514160.27,8075806.02,79680.0,79680.01,0.85951,7.81259,79640.0,79640.1,0.147,6.4961
1788590640229,1788590640164857,79651.4,79651.5,0.0002,0.17646,11010.22,3429485.09,8295897.46,487444.78,3522137.13,8083782.88,79680.0,79680.01,0.85822,7.77339,79640.0,79640.1,0.147,6.4961
1788590640477,1788590640422975,79651.4,79651.5,0.0002,0.17646,11010.22,3429485.09,8295897.46,549780.97,3584473.32,8146119.07,79680.0,79680.01,0.85822,7.77339,79640.0,79640.1,0.147,6.4961
1788590640721,1788590640641004,79651.4,79651.5,0.0002,0.17665,11010.22,3429690.57,8296102.94,549796.11,3584487.82,8146133.56,79680.0,79680.01,0.85822,7.77339,79640.0,79640.1,0.147,6.4961
1788590640981,1788590640939692,79651.3,79651.4,0.0002,0.39709,10113.44,3428534.2,8294946.56,581398.88,3616090.59,8177736.34,79680.0,79680.01,0.85808,7.77339,79640.0,79640.1,0.1457,6.4915
1788590641223,1788590641053851,79651.3,79651.4,0.0002,0.01172,11293.77,3428440.68,8294853.04,474312.92,3509004.63,8070650.38,79680.0,79680.01,0.85815,7.77989,79640.0,79640.1,0.147,6.4915
1788590641482,1788590641412346,79651.3,79651.4,0.0002,0.49282,11278.63,3428425.54,8294837.9,577540.81,3612232.52,8173878.26,79680.0,79680.01,0.85602,7.78602,79640.0,79640.1,0.1457,6.4947
1788590641728,1788590641690104,79647.2,79649.4,0.03836,0.08147,143304.38,3727624.67,8573711.9,455342.9,3069112.03,8117184.86,79680.0,79680.01,0.85602,7.78602,79640.0,79640.1,0.1457,6.4928
1788590641976,1788590641932417,79649.2,79649.4,0.0002,0.00023,63827.22,3665313.15,8303360.29,456718.67,3070487.96,8118560.79,79680.0,79680.01,0.85602,7.78411,79640.0,79640.1,0.1457,6.4915
1788590642221,1788590641991427,79649.2,79649.3,0.0002,0.33293,64795.67,3666281.6,8304328.75,483217.99,3096987.28,8145060.12,79680.0,79680.01,0.85602,7.78432,79640.0,79640.1,0.1457,6.5028
1788590642468,1788590642441483,79649.2,79649.3,0.0002,0.33293,61191.66,3660677.19,8298724.33,493576.78,3097897.4,8145970.23,79680.0,79680.01,0.85595,7.78104,79640.0,79640.1,0.1457,6.629
1788590642729,1788590642693706,79649.2,79649.3,0.0012,0.00023,206355.82,3810896.51,8448943.65,275477.31,2864253.66,7912326.49,79680.0,79680.01,0.84854,7.77751,79640.0,79640.1,0.8691,6.6129
1788590642976,1788590642930406,79649.2,79649.3,0.01,0.00023,251796.06,3856336.75,8494383.9,252376.14,2875055.22,7923128.05,79680.0,79680.01,0.84704,7.77758,79640.0,79640.1,0.6834,6.4867
1788590643221,1788590643149084,79651.6,79651.8,0.0002,0.01234,22941.62,3587811.65,8455497.29,605715.63,3438265.72,7969874.98,79680.0,79680.01,0.84694,7.7768,79640.0,79640.1,0.5981,6.4867
1788590643467,1788590643386191,79651.6,79651.8,0.0002,0.01234,22951.97,3587822.01,8455507.65,605715.63,3438265.72,7969874.98,79680.0,79680.01,0.83444,7.77654,79640.0,79640.1,0.6847,6.4867
1788590643727,1788590643455538,79651.6,79651.8,0.0002,0.01234,22951.97,3587822.01,8455507.65,609618.69,3442168.78,7973778.04,79680.0,79680.01,0.83351,7.78054,79640.0,79640.1,0.4715,6.4867
1788590643972,1788590643908195,79651.6,79651.8,0.0002,0.02234,22155.48,3555172.68,8422858.32,610425.56,3411111.45,7942720.72,79680.0,79680.01,0.83351,7.7804,79640.0,79640.1,0.4728,6.4867
1788590644218,1788590644106017,79651.6,79651.8,0.0002,0.02234,22155.48,3587026.72,8454712.36,611426.05,3443975.98,7975585.24,79680.0,79680.01,0.83351,7.7804,79640.0,79640.1,0.4728,6.4867
1788590644479,1788590644355062,79651.6,79651.8,0.0002,0.02234,22155.48,3587026.72,8454712.36,611426.05,3443975.98,7975585.25,79680.0,79680.01,0.83351,7.7804,79640.0,79640.1,0.6063,6.488
1788590644723,1788590644653194,79650.7,79651.8,0.00021,0.01234,22097.34,3588046.73,8454714.94,606726.47,3439276.41,7970885.67,79680.0,79680.01,0.83341,7.7804,79640.0,79640.1,0.5197,6.488
1788590644967,1788590644838214,79650.7,79651.8,0.00021,0.01234,22097.34,3588046.73,8454714.94,606726.31,3439276.24,7970885.51,79680.0,79680.01,0.83327,7.4804,79640.0,79640.1,0.6543,6.424
1788590645228,1788590645190820,79650.7,79651.8,0.00021,0.01234,22107.69,3588057.09,8454725.3,606736.02,3439286.43,7970895.7,79680.0,79680.01,0.78466,7.47968,79640.0,79640.1,0.5677,6.424
1788590645470,1788590645371230,79650.7,79651.8,0.00021,0.01259,22107.69,3588057.09,8454725.3,610658.99,3443209.41,7974818.67,79680.0,79680.01,0.78416,7.47968,79640.0,79640.1,0.653,6.3338
1788590645729,1788590645684016,79650.7,79651.8,0.00021,0.01259,22107.69,3588057.09,8454725.3,666283.88,3498834.29,8030443.55,79680.0,79680.01,0.78159,7.47968,79640.0,79640.1,0.6543,6.3338
1788590645975,1788590645913590,79650.7,79651.8,0.00021,0.01259,22107.69,3588057.09,8454725.3,674169.88,3506720.29,8038329.55,79680.0,79680.01,0.78159,7.48223,79640.0,79640.1,0.6543,6.3338
1788590646218,1788590646074554,79650.7,79651.8,0.00021,0.01259,22107.69,3588057.09,8454725.3,674159.52,3506709.94,8038319.2,79680.0,79680.01,0.78166,7.48223,79640.0,79640.1,0.653,6.4253
1788590646480,1788590646387987,79650.7,79650.8,0.00021,0.01025,22107.69,3588057.09,8454725.3,284390.23,3234611.45,7963816.31,79680.0,79680.01,0.77829,7.48067,79640.0,79640.1,0.653,6.4214
1788590646723,1788590646671418,79650.7,79650.8,0.00021,0.01025,22107.69,3588057.09,8454725.3,288293.28,3221176.24,7950381.1,79680.0,79680.01,0.77829,7.48067,79640.0,79640.1,0.653,6.3993
1788590646970,1788590646713519,79650.7,79650.8,0.00021,0.01025,22107.69,3588057.09,8454725.3,288293.28,3253040.28,7982245.14,79680.0,79680.01,0.77322,7.48067,79640.0,79640.1,0.5664,6.398
1788590647230,1788590647163638,79650.7,79650.8,0.00021,0.01025,22107.69,3588057.09,8454725.3,288293.28,3250370.8,7979575.66,79680.0,79680.01,1.0951,7.48067,79640.0,79640.1,0.5757,6.398
1788590647475,1788590647163638,79650.7,79650.8,0.00021,0.01025,22107.69,3588057.09,8454725.3,288293.28,3250370.8,7979575.66,79680.0,79680.01,1.09478,7.47764,79640.0,79640.1,0.4906,6.3967
1788590647721,1788590647668502,79650.7,79650.8,0.00021,0.01025,22107.69,3588057.09,8454725.3,349638.28,3314380.5,8043585.36,79680.0,79680.01,1.09485,7.47318,79640.0,79640.1,0.4906,6.3967
1788590647979,1788590647940732,79650.7,79650.8,0.00021,0.01025,22107.69,3588057.09,8454725.3,407332.4,3340210.58,8069415.44,79680.0,79680.01,1.09295,7.47018,79640.0,79640.1,0.4893,6.4136
1788590648223,1788590648195992,79650.7,79650.8,0.00021,0.01025,41189.83,3607139.23,8473807.44,407332.4,3369347.64,8098552.5,79680.0,79680.01,1.09295,7.47018,79640.0,79640.1,0.4906,6.4123
1788590648471,1788590648195992,79650.7,79650.8,0.00021,0.01025,41189.83,3607139.23,8473807.44,407332.4,3369347.64,8098552.5,79680.0,79680.01,1.09295,7.47218,79640.0,79640.1,0.5772,6.4123
1788590648718,1788590648687618,79650.7,79650.8,0.00021,0.00025,41189.83,3607139.22,8473807.43,407331.49,3369346.73,8098551.59,79680.0,79680.01,0.65391,7.46849,79640.0,79640.1,0.0878,6.4123
1788590648978,1788590648935544,79650.7,79650.8,0.00021,0.00025,42191.75,3608141.16,8474809.37,381821.31,3343836.55,8073041.41,79680.0,79680.01,0.65467,7.47149,79640.0,79640.1,0.3738,6.4123
1788590649222,1788590649115956,79651.7,79651.8,0.0002,0.01234,21721.39,3587251.49,8454937.13,727366.52,3571710.96,8103320.22,79680.0,79680.01,0.65479,7.2879,79640.0,79640.1,0.3738,6.4251
1788590649482,1788590649443976,79651.7,79651.8,0.0002,0.11134,21721.39,3587251.49,8454937.13,719480.52,3563824.96,8095434.22,79680.0,79680.01,0.65479,7.2879,79640.0,79640.1,0.3738,6.4251
1788590649726,1788590649540321,79651.7,79651.8,0.0002,0.11134,21721.39,3587251.49,8454937.13,727366.25,3571710.68,8103319.94,79680.0,79680.01,0.65479,7.2879,79640.0,79640.1,0.3738,6.4251
1788590649974,1788590649857173,79651.7,79651.8,0.0002,0.11134,21721.39,3587251.49,8454937.13,727366.25,3571716.25,8103325.51,79680.0,79680.01,0.65479,7.2879,79640.0,79640.1,0.5071,6.4251
1788590650222,1788590650058300,79651.7,79651.8,0.0002,0.11134,21721.39,3587251.49,8454937.13,727366.25,3572715.98,8104325.25,79680.0,79680.01,0.65479,7.2879,79640.0,79640.1,0.5071,6.4251
1788590650469,1788590650362080,79651.7,79651.8,0.0002,0.11134,21721.39,3587251.49,8454937.13,727366.25,3571716.25,8103325.51,79680.0,79680.01,0.65479,7.28797,79640.0,79640.1,0.5071,6.4264
1788590650732,1788590650472067,79651.7,79651.8,0.0002,0.11134,21612.3,3587142.4,8454828.04,727366.25,3571716.25,8103325.51,79680.0,79680.01,0.65629,7.28797,79640.0,79640.1,0.5084,6.4251
1788590650976,1788590650904669,79651.7,79651.8,0.0002,0.11134,21612.3,3587142.4,8454828.04,727366.44,3539851.76,8071461.02,79680.0,79680.01,0.65378,7.28797,79640.0,79640.1,0.6083,6.4251
1788590651221,1788590651123160,79651.7,79651.8,0.0002,0.01234,21612.3,3587142.4,8454828.04,672588.51,3473025.69,7896903.39,79680.0,79680.01,0.65247,7.28797,79640.0,79640.1,0.4268,6.4251
1788590651466,1788590651366493,79651.7,79651.8,0.0002,0.01234,21612.3,3480846.28,8134786.14,672588.51,3506235.31,7930113.0,79680.0,79680.01,0.65247,7.28797,79640.0,79640.1,0.4255,6.4264
1788590651726,1788590651366493,79651.7,79651.8,0.0002,0.01234,21612.3,3480846.28,8134786.14,672588.51,3506235.31,7930113.0,79680.0,79680.01,0.65097,7.28777,79640.0,79640.1,0.5588,6.4264
1788590651972,1788590651366493,79651.7,79651.8,0.0002,0.01234,21612.3,3480846.28,8134786.14,672588.51,3506235.31,7930113.0,79680.0,79680.01,0.65097,7.28777,79640.0,79640.1,0.5588,6.4251
1788590652229,1788590652188315,79651.7,79651.8,0.0002,0.72797,21612.3,3585244.9,8446045.76,728793.2,3669092.07,8309062.53,79680.0,79680.01,0.65097,7.28777,79640.0,79640.1,0.5588,6.4264
1788590652473,1788590652243651,79651.7,79651.8,0.0002,0.73797,21612.3,3585244.9,8446045.76,729589.72,3669888.59,8309859.04,79680.0,79680.01,0.65097,7.28777,79640.0,79640.1,0.4722,6.4264
1788590652719,1788590652243651,79651.7,79651.8,0.0002,0.73797,21612.3,3585244.9,8446045.76,729589.72,3669888.59,8309859.04,79680.0,79680.01,0.65097,7.28758,79640.0,79640.1,0.5588,6.4264
1788590652982,1788590652930111,79651.7,79651.8,0.0002,0.73797,21612.3,3252470.78,7094392.56,729589.72,3336880.62,6956689.41,79680.0,79680.01,0.65097,7.28749,79640.0,79640.1,0.5601,6.3498
1788590653228,1788590653097923,79651.7,79651.8,0.0002,0.73797,21612.3,3585251.95,8446092.61,729589.72,3669901.51,8309911.82,79680.0,79680.01,0.65097,7.28749,79640.0,79640.1,0.5601,6.3342
1788590653474,1788590653435274,79651.6,79651.8,0.0002,0.02234,41801.85,3583168.98,8444009.64,671694.0,3593114.99,8233125.3,79680.0,79680.01,0.65097,7.28742,79640.0,79640.1,0.4722,6.3342
1788590653719,1788590653664402,79651.5,79651.8,0.0002,0.02109,41852.02,3563900.87,8424741.53,672615.61,3594036.59,8234046.9,79680.0,79680.01,0.61806,7.28749,79640.0,79640.1,0.4255,6.3342
1788590653978,1788590653916435,79651.7,79651.8,0.0002,0.02109,39668.12,3561815.73,8422656.39,732238.93,3673061.43,8313071.74,79680.0,79680.01,0.61678,7.28449,79640.0,79640.1,0.4255,6.3342
1788590654224,1788590654186054,79650.9,79651.8,0.0002,0.01109,41425.09,3562991.3,8423815.24,723471.36,3664293.87,8304304.17,79680.0,79680.01,0.61678,7.28749,79640.0,79640.1,0.4255,6.3355
1788590654471,1788590654436785,79650.9,79651.8,0.0002,0.01109,41435.45,3563001.65,8423825.59,606143.33,3546965.83,8186976.14,79680.0,79680.01,0.61678,7.28742,79640.0,79640.1,0.5121,6.3355
1788590654728,1788590654684916,79650.9,79651.8,0.0002,0.01109,41435.45,3563001.65,8423825.59,606143.33,3515101.79,8155112.1,79680.0,79680.01,0.61583,7.28742,79640.0,79640.1,0.5119,6.3342
1788590654972,1788590654870582,79650.9,79651.8,0.0002,0.01038,41435.45,3582270.13,8443094.08,606086.77,3546909.76,8186920.06,79680.0,79680.01,0.61583,7.28727,79640.0,79640.1,0.5119,6.3525
1788590655231,1788590655062894,79650.9,79651.8,0.0002,0.01038,41435.45,3582270.13,8443094.08,606097.13,3546920.11,8186930.42,79680.0,79680.01,0.6159,7.28727,79640.0,79640.1,0.5132,6.3525
1788590655475,1788590655062894,79650.9,79651.8,0.0002,0.01038,41435.45,3582270.13,8443094.08,606097.13,3546920.11,8186930.42,79680.0,79680.01,0.6159,7.28727,79640.0,79640.1,0.5119,6.3538
1788590655721,1788590655635857,79650.9,79651.8,0.0002,0.01038,41321.57,3582156.26,8442980.2,667603.91,3608426.89,8248437.19,79680.0,79680.01,0.6159,7.28427,79640.0,79640.1,0.5119,6.3525
1788590655966,1788590655635857,79650.9,79651.8,0.0002,0.01038,41321.57,3582156.26,8442980.2,667603.91,3608426.89,8248437.19,79680.0,79680.01,0.6159,7.26549,79640.0,79640.1,0.5119,6.3525
1788590656227,1788590656145612,79650.9,79651.8,0.0002,0.01038,41321.57,3582156.26,8442980.2,667603.91,3576562.37,8216572.67,79680.0,79680.01,0.61733,7.26535,79640.0,79640.1,0.5599,6.341
1788590656471,1788590656406666,79650.9,79651.8,0.0002,0.01038,41321.57,3582156.26,8442980.2,605957.73,3546780.23,8186790.54,79680.0,79680.01,0.71455,7.26661,79640.0,79640.1,0.6081,6.341
1788590656731,1788590656493754,79650.9,79651.8,0.0002,0.01038,41321.57,3582156.26,8442980.2,605161.2,3545983.7,8185994.01,79680.0,79680.01,0.71462,7.26668,79640.0,79640.1,0.6081,6.341
1788590656976,1788590656880843,79650.9,79651.8,0.0002,0.02038,41321.57,3574194.1,8435018.04,605957.72,3538813.72,8178824.03,79680.0,79680.01,0.71305,7.25779,79640.0,79640.1,0.5599,6.341
1788590657221,1788590657185431,79651.7,79651.8,0.0002,0.01957,41272.19,3542323.34,8403164.0,664163.87,3597019.87,8237030.17,79680.0,79680.01,0.71448,7.26086,79640.0,79640.1,0.6081,6.341
1788590657467,1788590657265267,79651.7,79651.8,0.0002,0.01957,41272.19,3574176.26,8435016.92,664163.87,3565155.83,8205166.13,79680.0,79680.01,0.69969,7.26086,79640.0,79640.1,0.472,6.3423
1788590657728,1788590657462219,79651.7,79651.8,0.0002,0.01957,41272.19,3574176.26,8435016.92,653972.27,3586828.43,8226838.74,79680.0,79680.01,0.69969,7.18741,79640.0,79640.1,0.5586,6.3423
1788590657971,1788590657714547,79651.7,79651.8,0.0002,0.01994,41272.19,3574176.26,8435016.92,654001.74,3586857.91,8226868.21,79680.0,79680.01,0.69969,7.18734,79640.0,79640.1,0.5599,6.341
1788590658219,1788590657714547,79651.7,79651.8,0.0002,0.01994,41272.19,3574176.26,8435016.92,654001.74,3586857.91,8226868.21,79680.0,79680.01,0.69969,7.18734,79640.0,79640.1,0.4735,6.3442
1788590658480,1788590657714547,79651.7,79651.8,0.0002,0.01994,41272.19,3574176.26,8435016.92,654001.74,3586857.91,8226868.21,79680.0,79680.01,0.69976,7.18734,79640.0,79640.1,0.5202,6.3423
1788590658724,1788590658637800,79651.7,79651.8,0.0002,0.01994,41272.19,3574176.26,8435016.92,715631.96,3648488.12,8288498.43,79680.0,79680.01,0.63223,7.18741,79640.0,79640.1,0.4253,6.3429
1788590658968,1788590658849888,79651.7,79651.8,0.0002,0.01994,41272.19,3540730.51,8401571.17,714038.81,3615030.77,8255041.07,79680.0,79680.01,0.63216,7.18734,79640.0,79640.1,0.4253,6.3429
1788590659228,1788590659130774,79651.7,79651.8,0.0002,0.01994,41272.19,3572584.03,8433424.69,652408.59,3565863.16,8205873.47,79680.0,79680.01,0.63223,7.18741,79640.0,79640.1,0.6068,6.3423
1788590659473,1788590659130774,79651.7,79651.8,0.0002,0.01994,41272.19,3572584.03,8433424.69,652408.59,3565863.16,8205873.47,79680.0,79680.01,0.63223,7.18734,79640.0,79640.1,0.5202,6.3423
1788590659721,1788590659608535,79651.7,79651.8,0.0002,0.01994,41272.19,3574176.87,8435017.53,654001.75,3585334.46,8225344.77,79680.0,79680.01,0.63123,7.18713,79640.0,79640.1,0.472,6.3442
1788590659980,1788590659940607,79651.7,79651.8,0.0002,0.01994,40281.39,3573186.06,8434026.72,702846.8,3601258.15,8241268.46,79680.0,79680.01,0.61363,7.18699,79640.0,79640.1,0.3736,6.3442
1788590660223,1788590660195856,79651.7,79651.8,0.0002,0.01994,40281.39,3573186.06,8434026.72,710732.47,3633198.82,8273209.13,79680.0,79680.01,0.61228,7.11317,79640.0,79640.1,0.4253,6.3442
1788590660469,1788590660195856,79651.7,79651.8,0.0002,0.01994,40281.39,3573186.06,8434026.72,710732.47,3633198.82,8273209.13,79680.0,79680.01,0.61228,7.11317,79640.0,79640.1,0.4492,6.3442
1788590660716,1788590660625064,79651.7,79651.8,0.0002,0.01994,40281.39,3573186.06,8434026.72,710732.47,3617363.1,8257373.41,79680.0,79680.01,0.61228,7.11317,79640.0,79640.1,0.3109,6.3442
1788590660966,1788590660849632,79651.7,79651.8,0.0002,0.01994,41348.63,3542399.78,8403240.44,710732.47,3585498.98,8225509.29,79680.0,79680.01,0.61228,7.11317,79640.0,79640.1,0.3109,6.3442
1788590661226,1788590661146302,79651.7,79651.8,0.0002,0.01993,41348.63,3574253.14,8435093.8,710731.68,3634993.41,8275003.72,79680.0,79680.01,0.61228,7.11937,79640.0,79640.1,0.4492,6.3442
1788590661469,1788590661440971,79651.6,79651.7,0.0002,0.62233,108.32,2011746.38,6930558.7,912239.94,3220580.09,7972391.5,79668.21,79668.22,1.45351,6.52066,79628.0,79628.1,0.7433,4.4088
1788590661727,1788590661695361,79644.5,79644.6,0.00021,2.56572,46025.6,3776947.06,7350705.0,605358.76,2863369.0,7948698.18,79668.21,79668.22,1.2097,6.62157,79628.0,79628.1,0.9716,4.478
1788590661973,1788590661941904,79640.0,79642.8,0.02755,0.00042,357680.68,4138218.74,7624784.83,675263.49,2909777.55,7870316.55,79668.21,79668.22,1.21053,6.62157,79628.0,79628.1,0.9716,4.4779
1788590662216,1788590662132653,79642.6,79642.7,0.0002,0.40793,76765.82,3864882.26,7389464.98,677309.77,2976783.3,7937322.3,79668.21,79668.22,1.21273,6.62371,79628.0,79628.1,0.9382,4.4779
1788590662475,1788590662439759,79642.6,79642.7,0.0002,0.51784,68409.64,4182949.59,7428930.27,655527.95,3050222.32,8118279.42,79668.21,79668.22,1.20122,6.6304,79628.0,79628.1,1.1529,4.6699
1788590662720,1788590662696698,79642.5,79642.6,0.0002,0.30113,54200.34,4221008.6,7515757.35,685517.01,3067043.85,8139085.07,79668.21,79668.22,0.94373,6.6304,79628.0,79628.1,0.7174,4.6699
1788590662979,1788590662919594,79642.3,79642.6,0.0002,0.00042,53921.52,4239883.89,7534632.64,620369.31,3001895.01,8073936.23,79668.21,79668.22,1.01876,6.63667,79628.0,79628.1,0.7174,4.6699
1788590663223,1788590663168890,79640.0,79642.3,0.26702,0.52498,289808.84,4421983.08,7709549.43,658197.4,3051169.04,8115983.45,79668.21,79668.22,1.01838,6.63659,79628.0,79628.1,0.7232,4.6699
1788590663468,1788590663437842,79642.1,79642.3,0.0002,0.00042,53716.81,4281461.24,7577210.1,673336.01,3127836.36,8192650.77,79668.21,79668.22,1.01838,6.63659,79628.0,79628.1,0.7232,4.6699
1788590663728,1788590663672451,79642.1,79642.2,0.0002,0.16054,53950.95,4282718.16,7578467.01,706280.81,3001266.36,8225595.57,79668.21,79668.22,1.01984,6.63672,79628.0,79628.1,0.7187,4.6686
1788590663972,1788590663942119,79637.1,79642.0,0.02511,0.05389,568695.2,5619026.03,9689166.44,719450.19,2999969.3,8229079.42,79668.21,79668.22,1.01841,6.63672,79628.0,79628.1,0.5799,5.9284
1788590664216,1788590664185080,79639.7,79639.8,0.0002,0.03118,301508.87,4541002.75,7828569.09,468214.63,2760976.93,7309892.72,79668.21,79668.22,1.01841,6.63672,79628.0,79628.1,0.5714,5.9284
1788590664475,1788590664342324,79639.7,79639.8,0.0002,0.03118,302607.81,4573953.69,7861520.03,468179.1,2906819.86,7455735.65,79668.21,79668.22,1.01848,6.63749,79628.0,79628.1,0.5714,5.9284
1788590664724,1788590664505707,79639.7,79639.8,0.0002,0.03118,302607.84,4573953.72,7861520.06,468179.1,2906819.86,7455735.65,79668.21,79668.22,1.01848,6.63742,79628.0,79628.1,0.5714,5.9284
1788590664968,1788590664939051,79639.6,79639.7,0.00624,0.61984,303874.76,4575220.64,7862786.98,515509.56,2896116.9,7490062.02,79668.21,79668.22,1.01848,6.63742,79628.0,79628.1,0.5714,5.9284
1788590665226,1788590665188383,79639.4,79639.5,0.0002,0.45196,306432.51,4592431.54,7909424.7,584470.24,2911152.6,7505097.73,79668.21,79668.22,1.01855,6.63742,79628.0,79628.1,0.6178,5.9284
1788590665471,1788590665354995,79639.4,79639.5,0.0002,0.45238,306464.37,4592462.15,7909455.32,584470.24,2890135.96,7484081.09,79668.21,79668.22,1.02005,6.6372,79628.0,79628.1,0.6178,5.9284
1788590665729,1788590665661709,79639.4,79639.5,0.0002,0.45138,306508.17,4592513.95,7909507.12,584390.6,2886954.7,7373381.72,79668.21,79668.22,1.01855,6.6372,79628.0,79628.1,0.6175,5.9284
1788590665974,1788590665848870,79639.4,79639.5,0.0002,0.45138,306508.17,4592513.96,7909507.12,584390.6,2890938.32,7377365.34,79668.21,79668.22,1.02005,6.63731,79628.0,79628.1,0.6175,5.9276
1788590666220,1788590666120433,79639.4,79639.5,0.0002,0.45138,306340.95,4487946.91,7598079.07,584390.6,2890938.32,7377365.34,79668.21,79668.22,1.01855,6.63228,79628.0,79628.1,0.8407,5.9255
1788590666481,1788590666353088,79639.4,79639.5,0.0002,0.45138,311747.23,4461502.42,7571634.58,584390.6,2878609.45,7365036.47,79668.21,79668.22,1.01855,6.63228,79628.0,79628.1,0.8349,5.9255
1788590666726,1788590666636836,79639.4,79639.5,0.0002,0.45138,312057.79,4732458.35,7842590.51,525244.21,2834469.48,7320896.5,79668.21,79668.22,1.23494,7.44835,79628.0,79628.1,0.8349,5.9255
1788590666973,1788590666937969,79639.5,79640.2,0.0002,0.65691,310824.31,4838443.56,8165545.74,579082.43,2963248.39,7695206.82,79668.21,79668.22,1.23644,7.44849,79628.0,79628.1,0.8829,5.9242
1788590667220,1788590667188464,79640.0,79640.1,0.0002,0.099,265742.7,4778708.81,8076384.16,586966.64,3171550.69,7903509.12,79668.21,79668.22,1.2348,7.4479,79628.0,79628.1,0.6175,5.9335
1788590667481,1788590667443822,79639.4,79640.6,0.0002,0.70649,266323.17,4778289.11,8105391.28,583031.12,3178023.87,8389910.66,79668.21,79668.22,1.23029,7.44797,79628.0,79628.1,0.8747,5.9325
1788590667726,1788590667691373,79640.2,79641.2,0.00021,0.67998,264559.21,4546654.3,7923852.71,648548.18,3242516.59,8446377.91,79668.21,79668.22,1.23022,7.44797,79628.0,79628.1,0.6642,5.9508
1788590667973,1788590667878815,79640.2,79640.3,0.00021,0.18548,264445.37,4515619.43,7892817.85,683321.46,3191932.92,7923891.35,79668.21,79668.22,1.23022,7.44797,79628.0,79628.1,0.6175,5.9508
1788590668218,1788590668192935,79636.5,79640.2,0.29341,0.35266,491894.46,5802819.88,8610056.94,662399.38,3202872.84,7934831.27,79668.21,79668.22,1.23022,7.44934,79628.0,79628.1,0.6175,5.9521
1788590668477,1788590668439340,79640.2,79640.3,0.0002,0.66068,356600.05,4616555.72,7993754.13,644975.12,3181955.33,7913913.76,79668.21,79668.22,1.23172,7.44914,79628.0,79628.1,0.6175,5.9534
1788590668722,1788590668671539,79638.7,79641.1,0.00021,0.39677,360352.34,4867710.49,8194866.76,589445.11,3126425.32,8338312.11,79668.21,79668.22,1.1632,7.45099,79628.0,79628.1,0.6021,5.9534
1788590668968,1788590668943476,79640.7,79640.9,0.0002,0.75977,70599.05,4558971.46,7934180.86,648964.73,3185944.93,8289305.66,79668.21,79668.22,1.1632,7.45099,79628.0,79628.1,0.6021,6.0436
1788590669227,1788590669189741,79640.7,79640.9,0.0002,0.01206,70615.78,4558988.42,7934197.82,565701.7,3102681.91,8311655.27,79668.21,79668.22,1.1632,7.45099,79628.0,79628.1,0.6021,6.0436
1788590669472,1788590669401578,79640.7,79640.9,0.0002,0.01206,68291.98,4558974.42,7934183.82,565701.7,3102681.91,8311655.27,79668.21,79668.22,1.16313,7.45106,79628.0,79628.1,0.6021,6.0436
1788590669720,1788590669690134,79640.7,79640.9,0.0002,0.01206,67232.01,4557990.9,7933200.3,565701.7,3107982.23,8316227.07,79668.21,79668.22,1.16313,7.45109,79628.0,79628.1,0.6021,6.0436
1788590669979,1788590669765526,79640.7,79640.8,0.0002,0.64891,67501.17,4558260.07,7933469.46,617381.41,3159661.94,8367906.78,79668.21,79668.22,1.16313,7.45109,79628.0,79628.1,0.6021,6.0436
1788590670225,1788590670164844,79640.7,79640.8,0.0002,0.64891,64512.4,4558236.47,7933445.86,617381.4,3162312.89,8370557.73,79668.21,79668.22,1.1542,7.74962,79628.0,79628.1,0.6021,6.0412
1788590670471,1788590670416136,79640.7,79640.8,0.0002,0.64891,64512.4,4526384.91,7901594.3,618177.83,3163109.44,8371354.28,79668.21,79668.22,1.1542,7.74962,79628.0,79628.1,0.6021,6.0412
1788590670731,1788590670692725,79640.7,79640.8,0.0002,1.51207,6910.58,2579831.06,6274290.37,742261.97,2917113.76,7148320.24,79664.16,79664.17,0.17516,7.18541,79628.0,79628.1,0.053,7.2482
1788590670974,1788590670946979,79633.2,79638.1,0.16046,0.31395,478682.01,3797391.29,8445580.88,860178.23,3347397.47,7996953.94,79664.16,79664.17,0.17442,7.19524,79628.0,79628.1,0.053,6.9971
1788590671223,1788590671192578,79637.8,79638.0,0.0002,0.70904,277053.61,3534692.12,8420851.37,810347.94,3313044.92,7743774.79,79664.16,79664.17,0.17449,8.12,79628.0,79628.1,0.053,6.9971
1788590671472,1788590671418762,79637.8,79637.9,0.0002,0.70664,277086.26,3628935.79,8346611.25,815005.51,3304100.36,7734830.22,79664.16,79664.17,0.17447,8.12013,79628.0,79628.1,0.053,6.9971
1788590671717,1788590671624583,79637.8,79637.9,0.0002,0.70664,277086.26,3570513.23,8288188.69,815026.21,3306424.67,7737154.54,79664.16,79664.17,0.17447,8.12013,79628.0,79628.1,0.053,6.9971
1788590671977,1788590671823106,79637.8,79637.9,0.00017,0.70664,277083.87,3602362.64,8320038.1,815822.59,3307221.05,7737950.92,79664.16,79664.17,0.16746,8.12355,79628.0,79628.1,0.053,6.9971
1788590672221,1788590672062871,79637.8,79637.9,0.00017,0.70664,277083.87,3696674.31,8414349.76,815812.24,3357754.18,7788484.04,79664.16,79664.17,0.16766,8.12365,79628.0,79628.1,0.053,6.9971
1788590672468,1788590672339721,79637.8,79637.9,0.00014,0.70664,277081.49,3696671.92,8414347.37,815812.24,3357754.18,7788484.04,79664.16,79664.17,0.16766,8.12339,79628.0,79628.1,0.053,6.9971
1788590672727,1788590672570093,79637.8,79637.9,0.00014,0.70664,277081.49,3696671.92,8414327.48,811830.2,3303228.66,7733958.52,79664.16,79664.17,0.16892,8.12339,79628.0,79628.1,0.053,6.9971
1788590672973,1788590672858174,79637.8,79637.9,0.00014,0.70664,277081.49,3696692.21,8414347.77,811033.82,3302432.28,7733162.14,79664.16,79664.17,0.16892,8.12339,79628.0,79628.1,0.053,6.9971
1788590673218,1788590673196703,79637.8,79637.9,0.00014,0.70664,277092.63,3696694.36,8414370.61,811033.82,3302430.28,7733160.14,79664.16,79664.17,0.16892,8.12339,79628.0,79628.1,0.053,6.9971
1788590673479,1788590673437185,79633.2,79637.8,0.03826,0.45332,416187.11,3869596.52,8517780.16,847135.23,3345866.57,7771337.14,79664.16,79664.17,0.16892,8.12339,79628.0,79628.1,0.053,6.9971
1788590673724,1788590673692841,79633.1,79636.3,0.12056,0.32606,385213.46,3821635.23,8469818.87,709918.44,3284614.55,7687727.11,79664.16,79664.17,0.16892,8.12224,79628.0,79628.1,0.053,6.9971
1788590673968,1788590673939596,79633.1,79636.3,0.12046,0.32606,385205.5,3821626.94,8469810.59,717781.91,3292478.03,7695590.59,79664.16,79664.17,0.16892,8.12224,79628.0,79628.1,0.053,6.9435
1788590674228,1788590674184771,79633.1,79635.5,0.0601,0.00013,380398.84,3821762.28,8469945.93,723984.77,3195526.6,7766166.0,79664.16,79664.17,0.22913,8.12224,79628.0,79628.1,0.053,6.951
1788590674472,1788590674434069,79636.9,79637.3,0.0002,0.67903,229486.33,3662173.82,8379850.07,836720.28,3183207.2,7608677.77,79664.16,79664.17,0.2468,8.12224,79628.0,79628.1,0.053,6.951
1788590674731,1788590674694560,79637.3,79638.0,0.0002,0.01335,211977.45,3645665.1,8363341.35,704271.45,3128834.94,7554305.5,79664.16,79664.17,0.2468,8.12074,79628.0,79628.1,0.0543,6.9497
1788590674978,1788590674931076,79637.3,79638.0,0.0002,0.61898,208535.74,3767092.32,8484768.57,820887.19,3269231.71,7694702.27,79664.16,79664.17,0.45928,7.81474,79628.0,79628.1,0.3229,6.9497
1788590675224,1788590675163338,79637.3,79637.8,0.0002,0.55303,211545.81,3801952.11,8519628.36,860879.81,3313273.53,7738744.1,79664.16,79664.17,0.45928,7.81474,79628.0,79628.1,0.0543,6.9341
1788590675469,1788590675439178,79637.3,79638.0,0.0002,0.64848,211545.81,3801952.11,8519628.36,822440.1,3270784.62,7696255.19,79664.16,79664.17,0.45928,7.81474,79628.0,79628.1,0.053,6.9354
1788590675731,1788590675678746,79636.9,79638.0,6e-05,0.01281,209492.08,3798899.03,8516575.28,828808.52,3277153.04,7703359.13,79664.16,79664.17,0.45928,7.81474,79628.0,79628.1,0.053,6.9354
1788590675976,1788590675922775,79637.6,79638.0,0.0002,0.01281,211994.14,3802417.16,8520093.42,829594.56,3277939.08,7704145.17,79664.16,79664.17,0.45945,7.81448,79622.2,79622.3,1.2655,4.8956
1788590676220,1788590676160974,79636.2,79637.0,3e-05,0.56055,403140.8,3961594.73,8608808.6,848486.41,3300929.51,7727135.6,79664.16,79664.17,0.45945,7.81448,79622.2,79622.3,1.2688,4.8956
1788590676469,1788590676444104,79636.2,79637.0,3e-05,0.56055,399754.1,3926358.31,8573572.18,848486.41,3300928.95,7727135.04,79664.16,79664.17,0.45795,7.81448,79622.2,79622.3,1.2675,4.8969
1788590676728,1788590676518458,79636.2,79636.3,3e-05,0.33122,403242.69,3961696.82,8608910.69,710987.62,3327316.44,7731164.52,79664.16,79664.17,0.45869,7.81448,79622.2,79622.3,1.2754,4.8956
1788590676973,1788590676938592,79633.1,79636.2,0.28894,0.18084,545406.26,3967055.0,8615238.64,704433.55,3319761.63,7724610.45,79664.16,79664.17,0.45869,7.81448,79622.2,79622.3,1.2754,4.8969
1788590677217,1788590677172367,79637.9,79638.0,0.0002,0.69546,221847.09,3800527.27,8018203.3,806012.48,3254356.44,7680562.52,79664.16,79664.17,0.45854,7.79627,79622.2,79622.3,1.2754,4.8982
1788590677479,1788590677336195,79637.9,79638.0,0.0002,0.69546,222006.36,3800688.54,8018364.58,806012.48,3247689.09,7673895.17,79664.16,79664.17,0.42971,7.79591,79622.2,79622.3,1.2696,4.8982
1788590677725,1788590677675005,79637.9,79638.0,0.0002,0.69546,221926.73,3800608.9,8018284.94,806032.41,3247709.02,7673915.11,79664.16,79664.17,0.42971,7.79591,79622.2,79622.3,1.2683,4.8995
1788590677972,1788590677793983,79637.9,79638.0,0.0002,0.69546,221926.73,3800608.9,8018284.94,805236.01,3246912.62,7673118.71,79664.16,79664.17,0.42464,7.79591,79622.2,79622.3,1.2683,4.9062
1788590678218,1788590677988109,79637.9,79638.0,0.0002,0.69546,221926.73,3800608.9,8018284.94,805225.66,3246902.27,7673108.36,79664.16,79664.17,0.42464,7.79591,79622.2,79622.3,1.2741,4.9062
1788590678475,1788590678360974,79637.9,79638.0,0.0002,0.69546,221926.73,3803356.88,8021032.92,806022.06,3253066.44,7679272.53,79664.16,79664.17,0.42614,7.78971,79622.2,79622.3,1.2754,4.9049
1788590678723,1788590678687257,79637.9,79638.0,0.0002,0.69546,221926.73,3803356.6,8021032.64,806022.4,3253066.5,7679272.59,79664.16,79664.17,0.36461,7.78971,79622.2,79622.3,1.2741,4.9049
1788590678966,1788590678918201,79637.0,79638.0,0.00043,0.69546,222881.47,3803295.28,8520971.53,806022.4,3253066.5,7679272.59,79664.16,79664.17,0.36461,7.78971,79622.2,79622.3,1.2741,4.8982
1788590679228,1788590679027926,79637.7,79637.8,0.0002,0.58913,221897.26,3803327.13,8521003.39,856713.05,3307806.35,7734012.44,79664.16,79664.17,0.36461,7.78978,79622.2,79622.3,1.2741,4.8995
1788590679474,1788590679386096,79637.6,79637.7,0.0002,0.37754,221898.06,3803327.93,8521004.18,886730.09,3337872.77,7764026.08,79664.16,79664.17,0.36461,7.80405,79622.2,79622.3,1.2741,4.8995
1788590679722,1788590679680979,79637.6,79637.7,0.0002,0.37754,221898.06,3757352.85,8475029.1,886730.09,3306013.13,7732166.44,79664.16,79664.17,0.36454,7.80405,79622.2,79622.3,1.2683,4.9043
1788590679968,1788590679824389,79637.6,79637.7,0.0002,0.37754,221898.06,3789202.77,8506879.02,885933.69,3337076.65,7763229.96,79664.16,79664.17,0.36461,7.80405,79622.2,79622.3,1.2741,4.9226
1788590680227,1788590680147816,79637.6,79637.7,0.0002,0.37754,221898.06,3774201.52,8491877.77,885934.28,3322073.51,7748226.82,79664.16,79664.17,0.36461,7.80405,79622.2,79622.3,1.2754,4.9165
1788590680472,1788590680325057,79637.6,79637.7,0.0002,0.37754,236898.98,3789202.45,8506878.7,885933.63,3337076.76,7763230.08,79664.16,79664.17,0.36461,7.80369,79622.2,79622.3,1.2754,4.9165
1788590680732,1788590680689520,79637.6,79638.9,0.0002,0.00013,233493.21,3785796.68,8503472.93,341104.33,2788148.88,7517232.86,79664.16,79664.17,0.81114,7.8046,79622.2,79622.3,1.4157,4.7943
1788590680979,1788590680899651,79640.1,79640.3,0.0002,0.00627,220910.06,3560867.32,7829586.05,485662.3,2908722.19,7720394.45,79664.16,79664.17,0.81114,7.8046,79622.2,79622.3,1.4157,4.7943
1788590681222,1788590681186350,79640.1,79640.3,0.0002,0.00627,220910.06,3560867.32,7829586.05,485662.3,2908722.19,7720394.45,79664.16,79664.17,0.81114,7.77555,79622.2,79622.3,1.4157,4.7943
1788590681467,1788590681221712,79640.1,79640.3,0.0002,0.00627,221706.42,3564371.04,7833089.77,485662.3,2906043.48,7717715.75,79664.16,79664.17,0.66412,7.77548,79622.2,79622.3,1.4157,4.7943
1788590681729,1788590681690517,79640.1,79640.3,0.0002,0.73141,217918.98,3557876.24,7826594.97,543412.67,2963793.85,7776183.54,79664.16,79664.17,0.48987,7.77457,79622.2,79622.3,1.4144,4.7943
1788590681973,1788590681867162,79639.8,79639.9,0.0002,0.8423,220270.55,3801730.78,7990926.44,619631.94,3037495.86,7854896.61,79664.16,79664.17,0.35586,7.77457,79622.2,79622.3,1.3441,4.7943
1788590682221,1788590682179548,79637.5,79637.6,0.0002,0.31395,255786.57,3822653.96,8540330.21,684254.67,3176129.98,7603000.73,79664.16,79664.17,0.35586,7.77435,79622.2,79622.3,1.3383,4.7943
1788590682467,1788590682383635,79637.5,79637.6,0.0002,0.3127,255786.57,3822653.96,8540330.21,684155.13,3182697.75,7609568.5,79664.16,79664.17,0.35586,7.77435,79622.2,79622.3,1.3383,4.7943
1788590682730,1788590682665327,79637.5,79637.6,0.0002,0.3127,255786.57,3822653.96,8540330.21,684165.48,3183708.45,7610579.2,79664.16,79664.17,0.35593,7.77592,79622.2,79622.3,1.3441,4.7943
1788590682978,1788590682836768,79637.5,79637.6,0.0002,0.3127,255786.57,3822653.96,8540330.21,684165.48,3183708.45,7610579.2,79664.16,79664.17,0.35593,7.77592,79622.2,79622.3,1.3441,4.7943
1788590683223,1788590683152737,79637.5,79637.6,0.0002,0.3127,255786.57,3822653.96,8540330.21,684175.83,3183718.81,7610589.55,79664.16,79664.17,0.35593,7.77592,79622.2,79622.3,1.3441,4.7943
1788590683468,1788590683400772,79637.5,79637.6,0.0002,0.3127,255786.57,3822653.96,8540330.21,683379.43,3182922.41,7609793.15,79664.16,79664.17,0.35593,7.77592,79622.2,79622.3,1.3441,4.7943
1788590683731,1788590683684967,79637.5,79637.6,0.0002,0.3127,255786.57,3822653.96,8540330.21,683379.43,3182922.41,7609793.15,79664.16,79664.17,0.35593,7.73592,79622.2,79622.3,1.3441,4.7956
1788590683975,1788590683944773,79637.4,79638.3,0.0002,0.01219,255943.44,3822810.83,8540487.08,682508.33,3176952.37,7906753.79,79664.16,79664.17,0.35593,7.73592,79622.2,79622.3,1.3441,4.7943
1788590684218,1788590684134173,79638.1,79638.3,0.0002,0.01219,235991.32,3800388.18,8019064.77,628987.87,3123431.91,7853233.33,79664.16,79664.17,0.35593,7.73379,79622.2,79622.3,1.3441,4.921
1788590684477,1788590684374487,79638.1,79638.3,0.0002,0.01219,236008.04,3801997.48,8020674.07,693021.76,3187465.81,7917267.22,79664.16,79664.17,0.35593,7.72725,79622.2,79622.3,1.0068,4.7999
1788590684724,1788590684558180,79638.1,79638.3,0.0002,0.01219,236008.04,3801997.48,8020674.07,693021.76,3187465.81,7917267.22,79664.16,79664.17,0.35593,7.72725,79622.2,79622.3,1.0068,4.7999
1788590684970,1788590684930532,79638.1,79638.3,0.0002,0.01219,236008.04,3801997.48,8020674.07,693021.76,3187465.81,7917267.22,79664.16,79664.17,0.35593,7.72725,79622.2,79622.3,1.0826,4.7283
1788590685231,1788590685062705,79638.1,79638.3,0.0002,0.01219,233947.95,3799937.39,8018613.97,579850.95,3074295.0,7804096.42,79664.16,79664.17,0.35593,7.69266,79622.2,79622.3,1.0839,4.7283
1788590685477,1788590685062705,79638.1,79638.3,0.0002,0.01219,233947.95,3799937.39,8018613.97,579850.95,3074295.0,7804096.42,79664.16,79664.17,0.35593,7.69266,79622.2,79622.3,1.0826,4.7283
1788590685725,1788590685651136,79638.1,79638.3,0.0002,0.01219,233804.61,3799671.45,8018348.04,629553.9,3124146.15,7853782.62,79664.16,79664.17,0.33989,7.69266,79622.2,79622.3,1.0068,4.7283
1788590685969,1788590685939133,79638.1,79638.3,0.0002,0.01219,233804.61,3799671.45,8018348.04,638234.59,3132826.84,7862463.31,79664.16,79664.17,0.33989,7.69266,79622.2,79622.3,1.0126,4.7283
1788590686228,1788590686185722,79638.1,79639.2,0.0002,0.41295,233964.68,3799831.52,8018508.11,581913.24,3061518.31,7950782.92,79664.16,79664.17,0.3376,7.69266,79622.2,79622.3,1.0432,4.7283
1788590686473,1788590686442192,79639.1,79639.2,0.0002,0.099,233259.14,3797025.41,8015647.9,594348.51,3071354.53,7960619.14,79664.16,79664.17,0.3376,7.66266,79622.2,79622.3,1.0126,4.7283
1788590686730,1788590686583325,79639.0,79639.2,0.0002,0.099,236069.4,3799336.38,8018012.97,537034.28,3014040.3,7903304.91,79664.16,79664.17,0.32969,7.66266,79622.2,79622.3,1.0068,4.7296
1788590686976,1788590686731183,79639.0,79639.2,0.0002,0.099,236069.4,3801987.21,8020663.8,537034.28,3016720.6,7905985.21,79664.16,79664.17,0.32969,7.65953,79622.2,79622.3,1.0126,4.7296
1788590687221,1788590687043566,79639.0,79639.2,0.0002,0.099,236069.4,3801987.21,8020663.8,537119.47,3016805.8,7906070.4,79664.16,79664.17,0.32969,7.6574,79622.2,79622.3,1.0126,4.7296
1788590687468,1788590687406071,79639.0,79639.2,0.0002,0.099,236069.4,3801987.21,8020663.8,531449.91,3011136.23,7900400.84,79664.16,79664.17,0.32969,7.6574,79622.2,79622.3,1.0126,4.7296
1788590687727,1788590687693946,79639.0,79639.2,0.0002,0.099,236069.4,3801987.21,8020663.8,589686.73,3069373.06,7958637.66,79664.16,79664.17,0.32969,7.6574,79622.2,79622.3,1.0432,4.7296
1788590687974,1788590687833844,79639.0,79639.2,0.0002,0.099,236069.4,3801987.21,8020663.8,597571.09,3077257.42,7966522.02,79664.16,79664.17,0.32969,7.6574,79622.2,79622.3,1.0432,4.7296
1788590688220,1788590688092223,79639.0,79639.2,0.0002,0.099,236069.4,3801987.21,8020663.8,598367.49,3078053.82,7967318.42,79664.16,79664.17,0.32969,7.6574,79622.2,79622.3,1.0432,4.7296
1788590688467,1788590688092223,79639.0,79639.2,0.0002,0.099,236069.4,3801987.21,8020663.8,598367.49,3078053.82,7967318.42,79664.16,79664.17,0.32756,7.6174,79622.2,79622.3,0.5628,4.7296
1788590688726,1788590688684405,79639.0,79639.1,0.0002,0.64082,233759.23,3799735.21,8018411.8,582484.23,3059490.26,7789166.59,79664.16,79664.17,0.39308,7.62266,79622.2,79622.3,0.6711,4.7283
1788590688971,1788590688935472,79638.9,79639.0,0.0002,0.099,235848.78,3799152.42,8017829.01,575364.59,3069960.03,7799579.77,79664.16,79664.17,0.39308,7.61866,79622.2,79622.3,0.6698,4.7296
1788590689217,1788590689070252,79638.9,79639.0,0.0002,0.09845,235848.78,3799152.42,8017829.01,575320.79,3069916.23,7799535.97,79664.16,79664.17,0.39308,7.61866,79622.2,79622.3,0.6698,4.7296
1788590689474,1788590689436494,79638.9,79639.0,0.0002,0.09845,235848.78,3801871.75,8020548.34,575320.79,3067330.72,7796950.45,79664.16,79664.17,0.39308,7.61866,79622.2,79622.3,0.7866,4.7296
1788590689718,1788590689676323,79638.9,79639.0,0.0002,0.10845,235848.78,3799152.42,8017829.01,575320.79,3069973.58,7799593.31,79664.16,79664.17,0.39161,7.61866,79622.2,79622.3,0.7866,4.7296
1788590689980,1788590689784063,79638.9,79639.0,0.0002,0.10845,233760.02,3797063.66,8015740.25,575320.79,3069973.58,7799593.31,79664.16,79664.17,0.39161,7.61653,79622.2,79622.3,0.7937,4.7283
1788590690228,1788590690111781,79638.9,79639.0,0.0002,0.09845,233760.02,3794346.71,8013023.3,574524.4,3066534.32,7796154.06,79664.16,79664.17,0.39161,7.61653,79622.2,79622.3,0.7924,4.7296
1788590690474,1788590690321165,79638.9,79639.0,0.0002,0.09845,233760.02,3797015.08,8015691.67,575320.79,3069979.95,7799599.69,79664.16,79664.17,0.39161,7.61653,79622.2,79622.3,0.7924,4.7296
1788590690718,1788590690681292,79638.9,79639.0,0.0002,0.09845,29501.31,3597244.5,7815921.09,575320.79,3069979.95,7799599.69,79664.16,79664.17,0.39165,7.61653,79622.2,79622.3,0.7866,4.7296
1788590690979,1788590690887523,79638.1,79638.2,0.00041,0.68829,31648.96,3799151.16,8017827.75,622142.08,3116735.07,7757634.28,79664.16,79664.17,0.3794,7.61653,79622.2,79622.3,0.7924,4.7296
1788590691225,1788590691076968,79638.1,79638.2,0.00041,0.68828,31648.96,3799151.16,8017827.75,621344.89,3115937.88,7756837.09,79664.16,79664.17,0.37727,7.61643,79622.2,79622.3,0.7866,4.7296
1788590691470,1788590691317458,79638.1,79638.2,0.00041,0.68828,31648.96,3799151.16,8017827.75,622141.28,3116734.27,7757633.49,79664.16,79664.17,0.37727,7.61643,79622.2,79622.3,0.7866,4.7296
1788590691729,1788590691635361,79638.1,79638.2,0.00041,0.69707,17806.39,3795294.97,8013971.56,622140.54,3116733.53,7781124.7,79664.16,79664.17,0.35817,7.61643,79622.2,79622.3,0.501,4.7113
1788590691976,1788590691944800,79638.1,79638.2,0.00041,1.01756,17806.39,3798504.04,8017180.62,622200.35,3116793.34,7781184.51,79664.16,79664.17,0.35817,7.6165,79622.2,79622.3,0.5068,4.7113
1788590692220,1788590692089533,79638.1,79638.2,0.00041,1.00877,17884.43,3796432.89,8015109.47,621802.6,3116395.59,7780786.76,79664.16,79664.17,0.37727,7.61614,79622.2,79622.3,0.5099,4.71
1788590692481,1788590692407074,79638.1,79638.5,0.00041,0.0117,17884.43,3789765.26,8008441.84,567088.71,3061731.14,7814859.56,79664.16,79664.17,0.37727,7.61401,79622.2,79622.3,0.5099,4.71
1788590692726,1788590692533704,79638.4,79638.5,0.0002,0.0117,17921.06,3789813.04,8008489.63,567088.71,3061731.14,7814859.56,79664.16,79664.17,0.37727,7.61377,79622.2,79622.3,0.5099,4.7283
1788590692972,1788590692940838,79638.4,79638.5,0.0002,0.0117,17921.06,3789813.04,8008489.63,515257.99,3009900.42,7763028.84,79664.16,79664.17,0.35477,7.58409,79622.2,79622.3,0.5099,4.7283
1788590693219,1788590693156420,79638.4,79638.5,0.0002,0.0117,37783.3,3812315.77,8030992.35,515258.16,3007251.35,7760379.78,79664.16,79664.17,0.33892,7.58409,79622.2,79622.3,0.5028,4.7296
1788590693478,1788590693381053,79638.4,79638.5,0.0002,0.0117,37783.3,3818983.34,8037659.93,516064.91,3008058.1,7761186.53,79664.16,79664.17,0.33895,7.58409,79622.2,79622.3,0.5086,4.7296
1788590693723,1788590693669239,79638.4,79638.5,0.0002,0.0117,38794.62,3817342.21,8036018.79,516064.91,3010763.89,7763892.32,79664.16,79664.17,0.33895,7.58409,79622.2,79622.3,0.5028,4.7296
1788590693968,1788590693834249,79638.4,79638.5,0.0002,0.0117,38794.62,3818934.75,8037611.34,516064.91,3010763.89,7763892.32,79664.16,79664.17,0.33682,7.58409,79622.2,79622.3,0.5028,4.7296
1788590694225,1788590694108105,79638.1,79638.5,0.0002,0.0117,38671.98,3818800.96,8037477.55,579620.9,3074319.88,7827448.31,79664.16,79664.17,0.33682,7.58409,79622.2,79622.3,0.5026,4.7296
1788590694471,1788590694416607,79638.1,79638.5,0.0002,0.0117,38671.98,3818800.96,8037477.55,580417.3,3036877.89,7789318.18,79664.16,79664.17,0.33682,7.58409,79622.2,79622.3,0.5084,4.7296
1788590694731,1788590694416607,79638.1,79638.5,0.0002,0.0117,38671.98,3818800.96,8037477.55,580417.3,3036877.89,7789318.18,79664.16,79664.17,0.33682,7.58409,79622.2,79622.3,0.5084,4.7296
1788590694977,1788590694854339,79638.1,79638.5,0.0002,0.0117,38671.98,3818800.96,8037477.55,580417.3,3036877.9,7789318.18,79664.16,79664.17,0.33682,7.58409,79622.2,79622.3,0.5084,4.7296
1788590695226,1788590695166108,79637.4,79638.4,0.00015,0.01326,38732.3,3819861.83,8537538.09,564858.71,3021368.69,7773808.97,79664.16,79664.17,0.31814,7.58409,79622.2,79622.3,0.5026,4.7296
1788590695469,1788590695396949,79639.1,79639.2,0.0002,0.099,18785.06,3798925.2,8017547.68,566307.66,3112705.59,7919849.51,79664.16,79664.17,0.31814,7.58207,79622.2,79622.3,0.5084,4.5711
1788590695729,1788590695678913,79639.0,79639.2,0.0002,0.099,18785.82,3798925.95,8017602.54,567205.58,3125901.79,7933045.71,79664.16,79664.17,0.31814,7.58207,79622.2,79622.3,0.5084,4.4032
1788590695975,1788590695941237,79639.0,79639.2,0.0002,0.099,37631.32,3817771.46,8036448.04,489232.11,3088745.7,7895889.63,79664.16,79664.17,0.31814,7.58018,79622.2,79622.3,1.1454,4.4045
1788590696219,1788590696123016,79639.0,79639.2,0.0002,0.099,34834.64,3814974.78,8033651.36,514235.5,3113749.09,7920893.01,79664.16,79664.17,0.31814,7.58018,79622.2,79622.3,1.1148,4.4045
1788590696468,1788590696423354,79639.0,79639.2,0.0002,0.099,35630.98,3815771.12,8034447.7,514235.5,3113749.09,7920893.01,79664.16,79664.17,0.31814,7.58018,79622.2,79622.3,1.1148,4.4045
1788590696729,1788590696660254,79637.2,79639.2,0.00058,0.09875,38718.05,3819830.87,8537507.12,570047.2,3169560.79,7976704.72,79664.16,79664.17,0.31814,7.58018,79622.2,79622.3,1.1148,4.4045
1788590696976,1788590696939230,79637.2,79637.3,0.00058,0.12557,36717.66,3658422.17,8376098.43,576692.28,3075215.02,7524872.83,79664.16,79664.17,0.31807,7.58018,79622.2,79622.3,0.4906,4.4045
1788590697222,1788590697183394,79637.6,79637.7,0.0002,0.12557,39833.65,3661554.89,8379231.14,585495.41,3084018.15,7533675.96,79664.16,79664.17,0.31807,7.58018,79622.2,79622.3,0.4906,4.4045
1788590697481,1788590697414056,79638.5,79638.7,0.0002,0.31395,40666.64,3661398.47,7880075.06,573861.38,3068433.74,7820874.03,79664.16,79664.17,0.31814,7.58018,79622.2,79622.3,1.091,4.4045
1788590697727,1788590697693664,79638.4,79639.0,0.0002,0.01,39871.09,3657962.44,7876639.02,523893.72,3018482.82,7770906.37,79664.16,79664.17,0.31814,7.53504,79622.2,79622.3,1.2767,4.4045
1788590697969,1788590697917466,79639.0,79639.2,0.0002,0.07989,38694.11,3656785.46,7875462.05,576384.97,3169231.24,7976375.17,79664.16,79664.17,0.3174,7.53273,79622.2,79622.3,1.2767,4.4045
1788590698229,1788590698179745,79639.1,79639.2,0.0002,0.72127,39506.38,3653595.52,7872218.01,627463.96,3220310.23,8027454.16,79664.16,79664.17,0.3174,7.53273,79622.2,79622.3,1.2767,4.4045
1788590698476,1788590698429863,79638.4,79639.2,0.0002,0.07989,39639.42,3655729.91,7874406.5,568500.68,3161346.95,7968490.88,79664.16,79664.17,0.3174,7.51273,79622.2,79622.3,1.2767,4.4045
1788590698723,1788590698694066,79638.1,79639.1,0.00021,0.00839,38790.52,3655869.86,7874546.45,515370.84,3000713.48,7753193.63,79664.16,79664.17,0.25115,7.51273,79622.2,79622.3,1.2767,4.4045
1788590698970,1788590698796803,79638.1,79639.1,0.00021,0.00839,38790.52,3658507.96,7877184.54,515370.84,3000713.48,7753193.63,79664.16,79664.17,0.25115,7.51273,79622.2,79622.3,1.2641,4.4045
1788590699230,1788590699085253,79638.1,79639.1,0.00021,0.00839,38790.52,3659508.04,7878184.63,515370.84,3000713.48,7753193.63,79664.16,79664.17,0.25115,7.51273,79622.2,79622.3,1.2641,4.4045
1788590699477,1788590699377347,79638.1,79638.2,0.00021,0.00479,18816.12,3798941.94,8017618.53,577177.03,3065230.0,7728933.03,79664.16,79664.17,0.25016,7.51273,79622.2,79622.3,1.2641,4.4045
1788590699722,1788590699696309,79638.1,79638.2,0.00021,0.94965,4030.19,3604930.53,7823605.76,636098.68,3129165.01,7787856.97,79664.0,79664.01,0.24869,7.46149,79622.2,79622.3,0.3747,4.4045
1788590699967,1788590699945815,79633.1,79638.2,0.02512,0.869,149194.75,3795181.58,8443363.87,623982.38,3117048.71,7775740.67,79664.0,79664.01,0.109,7.88956,79622.2,79622.3,0.4321,4.4045
1788590700229,1788590700177222,79636.7,79636.8,0.0002,0.6103,41182.46,3655134.24,8372809.15,679097.97,3174223.77,7618870.52,79664.0,79664.01,0.16006,7.88329,79622.2,79622.3,0.4321,4.4045
1788590700475,1788590700437496,79636.6,79636.7,0.0002,0.73054,63249.54,3677163.86,8394838.76,731127.63,3226253.43,7670900.18,79664.0,79664.01,0.14236,8.18336,79622.2,79622.3,0.3157,4.4045
1788590700722,1788590700674057,79637.1,79637.6,0.0002,0.62816,18945.87,3636351.9,8354026.81,675566.18,3138832.06,7583478.81,79664.0,79664.01,0.16003,8.18349,79622.2,79622.3,0.567,4.4032
1788590700981,1788590700942561,79633.2,79637.5,0.23983,0.79404,154987.56,3812112.25,8460294.55,739545.62,3234671.34,7679318.09,79664.0,79664.01,0.2859,8.18349,79622.2,79622.3,0.567,4.4032
1788590701229,1788590701112024,79633.2,79637.5,0.23983,0.79489,154987.56,3812236.46,8460418.76,739613.31,3234739.03,7679385.78,79664.0,79664.01,0.15832,8.15359,79622.2,79622.3,0.567,4.4045
1788590701474,1788590701439236,79633.2,79635.4,0.23912,0.00127,155562.9,3831469.23,8479651.52,512224.06,2995796.73,7591030.24,79664.0,79664.01,0.15832,8.15359,79622.2,79622.3,0.567,4.4045
1788590701717,1788590701628395,79635.3,79635.4,0.0002,0.68758,72314.62,3832478.13,8480660.43,570860.56,3054433.23,7649666.73,79664.0,79664.01,0.15816,8.15146,79622.2,79622.3,0.567,4.4045
1788590701975,1788590701897965,79635.3,79637.4,0.0002,0.00396,56693.85,3817857.44,8466039.74,680460.93,3172029.29,7616676.04,79664.0,79664.01,0.15823,8.15146,79619.7,79619.8,2.2422,5.3727
1788590702218,1788590702160367,79635.3,79635.4,0.0002,0.8616,55555.56,3397811.98,8075487.03,610663.02,2835043.53,7430277.04,79660.3,79660.31,0.25078,5.05873,79619.7,79619.8,0.1101,5.4661
1788590702466,1788590702442022,79634.1,79634.2,0.0002,2.00189,53134.56,3473536.9,8121717.76,753361.32,2892796.57,7596693.67,79660.3,79660.31,0.25014,5.15546,79619.7,79619.8,0.1101,5.4661
1788590702726,1788590702687610,79633.2,79634.2,0.22526,2.00189,75361.3,3491983.79,8140164.66,696472.09,2835907.33,7539804.44,79660.3,79660.31,0.25021,6.17566,79619.7,79619.8,0.1101,5.4661
1788590702970,1788590702946474,79630.0,79635.3,0.37674,0.0586,622002.2,3773548.17,8641430.75,489954.7,2640140.7,7344607.03,79660.3,79660.31,0.56732,6.17636,79619.7,79619.8,0.7706,5.3112
1788590703229,1788590703193664,79636.4,79636.6,0.0002,0.01146,71922.76,3549569.59,8430586.59,547616.02,2995824.59,7427885.8,79660.3,79660.31,0.56745,6.16136,79619.7,79619.8,0.8301,5.3112
1788590703472,1788590703404151,79636.4,79636.6,0.0002,0.01146,23104.03,3622569.13,8503586.13,302675.48,2745516.28,7177594.23,79660.3,79660.31,0.56752,6.16136,79619.7,79619.8,0.7687,5.3112
1788590703717,1788590703692058,79630.7,79636.5,0.08668,0.0114,361371.75,3850485.15,8724628.02,359292.98,2802987.56,7235065.51,79660.3,79660.31,0.56752,6.16136,79619.7,79619.8,0.8257,5.2934
1788590703976,1788590703934253,79635.5,79635.6,0.0002,0.67697,16539.3,3752355.7,8474999.24,411164.13,2874081.84,7463765.97,79660.3,79660.31,0.56752,6.16066,79619.7,79619.8,0.8157,5.3947
1788590704220,1788590704194618,79635.4,79635.5,0.0002,0.02157,16589.47,3785847.15,8508490.69,352113.97,2846891.57,7436575.69,79660.3,79660.31,0.56752,6.16083,79619.7,79619.8,0.8177,5.3934
1788590704478,1788590704349403,79635.4,79635.5,0.0002,0.02157,16589.47,3785847.15,8508490.69,352113.97,2846891.56,7436575.69,79660.3,79660.31,0.56752,6.16083,79619.7,79619.8,0.8177,5.3947
1788590704722,1788590704562446,79635.4,79635.5,0.0002,0.02157,16589.47,3785847.15,8508490.69,352113.97,2788529.0,7273288.62,79660.3,79660.31,0.56752,6.16083,79619.7,79619.8,0.8177,5.3947
1788590704969,1788590704878589,79635.4,79635.5,0.0002,0.01278,17591.99,3785932.37,8508575.9,414119.9,2853959.33,7446082.47,79660.3,79660.31,0.56752,6.16083,79619.7,79619.8,0.8177,5.3947
1788590705228,1788590705172675,79635.4,79635.5,0.0002,0.01278,17591.99,3785932.48,8508576.02,413323.52,2870082.31,7462205.44,79660.3,79660.31,0.56752,6.16083,79619.7,79619.8,0.8177,5.3947
1788590705474,1788590705355481,79635.4,79635.5,0.0002,0.01278,17591.99,3785932.95,8508576.49,350519.17,2807277.96,7399401.09,79660.3,79660.31,0.84918,6.16083,79619.7,79619.8,0.819,5.4117
1788590705723,1788590705355481,79635.4,79635.5,0.0002,0.01278,17591.99,3785932.95,8508576.49,350519.17,2807277.96,7399401.09,79660.3,79660.31,0.84918,6.16083,79619.7,79619.8,0.8123,5.413
1788590705967,1788590705915132,79635.4,79635.5,0.0002,0.01278,17591.99,3785932.95,8508576.49,350519.59,2807278.38,7399401.51,79660.3,79660.31,0.84918,6.16097,79619.7,79619.8,0.8123,5.4117
1788590706227,1788590706152597,79635.4,79635.5,0.0002,0.01278,17591.98,3785932.95,8508576.49,351315.96,2808074.75,7400197.88,79660.3,79660.31,0.84797,6.1609,79619.7,79619.8,0.8123,5.5384
1788590706476,1788590706323487,79635.4,79635.5,0.0002,0.01278,17591.98,3785932.95,8508576.49,350519.59,2807278.38,7399401.51,79660.3,79660.31,0.84577,6.16097,79619.7,79619.8,0.6109,5.5397
1788590706722,1788590706689611,79635.4,79635.5,0.0002,0.01402,17591.98,3785932.95,8508576.49,350618.34,2807377.13,7399500.57,79660.3,79660.31,0.84577,6.16097,79619.7,79619.8,0.6122,5.512
1788590706967,1788590706854140,79635.4,79635.5,0.0002,0.01402,17542.61,3785883.58,8508527.12,355414.37,2808173.42,7400296.86,79660.3,79660.31,0.57532,6.13979,79619.7,79619.8,0.6122,5.512
1788590707226,1788590707140636,79635.4,79635.5,0.0002,0.0149,17593.58,3740946.23,8418621.29,293478.53,2746237.58,7338361.02,79660.3,79660.31,0.57532,6.13979,79619.7,79619.8,0.6122,5.512
1788590707471,1788590707229215,79635.4,79635.5,0.0002,0.0149,17593.58,3755944.5,8478596.29,292682.15,2745441.2,7337564.65,79660.3,79660.31,0.57405,6.13979,79619.7,79619.8,0.6122,5.512
1788590707730,1788590707229215,79635.4,79635.5,0.0002,0.0149,17593.58,3755944.5,8478596.29,292682.15,2745441.2,7337564.65,79660.3,79660.31,0.57405,6.13766,79619.7,79619.8,0.6122,5.512
1788590707977,1788590707748234,79635.4,79635.5,0.0002,0.0149,17593.58,3755944.5,8478596.29,292682.15,2745441.2,7337564.65,79660.3,79660.31,0.57405,6.13766,79619.7,79619.8,0.6122,5.512
1788590708220,1788590708175019,79635.3,79635.5,0.00018,0.0149,17576.06,3740926.84,8463578.64,346500.24,2799259.29,7391382.74,79660.3,79660.31,0.57374,6.13766,79619.7,79619.8,0.6122,5.512
1788590708478,1788590708381734,79635.4,79635.5,0.00018,0.0149,17606.32,3755957.22,8478609.01,293478.52,2746237.58,7338361.02,79660.3,79660.31,0.57374,6.13766,79619.7,79619.8,0.6122,5.512
1788590708726,1788590708651171,79635.4,79635.5,0.00018,0.0149,17606.32,3755956.98,8478608.77,293478.52,2746237.34,7338360.78,79660.3,79660.31,0.57374,6.13766,79619.7,79619.8,0.6122,5.512
1788590708972,1788590708847702,79635.4,79635.5,0.00018,0.0149,17606.32,3747867.97,8470519.76,292682.15,2748175.35,7340298.79,79660.3,79660.31,0.57161,6.13766,79619.7,79619.8,0.6147,5.512
1788590709217,1788590709014462,79635.4,79635.5,0.00018,0.0149,17606.32,3747867.97,8470519.76,292682.15,2748175.35,7340298.79,79660.3,79660.31,0.57161,6.13766,79619.7,79619.8,0.6134,5.512
1788590709479,1788590709348867,79635.4,79635.5,0.00018,0.0149,22991.57,3753253.22,8475905.01,292682.15,2745440.96,7337564.41,79660.3,79660.31,0.57161,6.13753,79619.7,79619.8,0.6134,5.512
1788590709722,1788590709684845,79635.4,79635.5,0.00018,0.00212,22991.57,3721404.58,8444056.37,290733.47,2711633.72,7303757.16,79660.3,79660.31,0.57161,6.12986,79619.7,79619.8,0.6134,5.5133
1788590709969,1788590709875244,79635.4,79635.5,0.00018,0.00212,25645.57,3555377.26,8061059.04,348153.47,2786673.91,7271433.85,79660.3,79660.31,0.57154,6.12986,79619.7,79619.8,0.6147,5.512
1788590710232,1788590710133852,79636.3,79636.4,0.0002,0.00097,19814.44,3396058.74,8060113.98,356999.78,2956812.32,7274045.41,79660.3,79660.31,0.57161,6.09986,79619.7,79619.8,0.6147,5.512
1788590710478,1788590710439777,79636.3,79636.4,0.0002,0.00097,19814.44,3590577.05,8467591.07,415441.49,3031030.55,7677286.02,79660.3,79660.31,0.57161,5.81413,79619.7,79619.8,0.6135,5.5133
1788590710717,1788590710679443,79636.3,79636.4,0.0002,0.00097,19765.07,3590577.05,8467591.07,414645.11,3029472.7,7675728.18,79660.3,79660.31,0.57161,5.81413,79619.7,79619.8,0.6135,5.5133
1788590710977,1788590710877835,79636.3,79636.4,0.0002,0.00097,19765.07,3590576.93,8467590.95,414645.11,3029472.62,7675728.1,79660.3,79660.31,0.52015,5.812,79619.7,79619.8,0.6135,5.5133
1788590711221,1788590711048450,79636.3,79636.4,0.0002,0.00097,19709.33,3590521.19,8467535.21,414645.11,3029472.62,7675728.1,79660.3,79660.31,0.58095,5.782,79619.7,79619.8,0.6135,5.512
1788590711466,1788590711048450,79636.3,79636.4,0.0002,0.00097,19709.33,3590521.19,8467535.21,414645.11,3029472.62,7675728.1,79660.3,79660.31,0.70279,5.782,79619.7,79619.8,1.2021,5.512
1788590711727,1788590711562158,79636.5,79636.6,0.0002,0.00627,17094.34,3587955.66,8376088.82,355688.21,2969661.93,7625838.07,79660.3,79660.31,0.70279,5.782,79619.7,79619.8,1.1884,5.512
1788590711972,1788590711939431,79636.5,79636.6,0.0002,0.00627,17094.34,3556106.9,8344240.06,355698.56,2937813.56,7593989.71,79660.3,79660.31,0.74985,5.782,79619.7,79619.8,1.1884,5.5174
1788590712217,1788590712176257,79636.5,79636.6,0.0002,0.00627,17094.34,3587955.38,8376088.53,353309.34,2967285.3,7623461.45,79660.3,79660.31,0.75085,5.782,79619.7,79619.8,1.1884,5.5161
1788590712476,1788590712324251,79636.5,79636.6,0.0002,0.00627,17094.34,3587955.38,8376088.54,353319.7,2974431.98,7630608.13,79660.3,79660.31,0.89109,5.78184,79619.7,79619.8,1.1897,5.5161
1788590712719,1788590712683250,79636.6,79636.8,0.0002,0.00627,17055.32,3587916.36,8376049.52,577461.94,3039134.5,7707747.98,79660.3,79660.31,0.89109,5.78184,79619.7,79619.8,1.1897,5.5161
1788590712979,1788590712938511,79636.6,79636.8,0.0002,0.00627,17117.43,3577758.54,8365891.7,459921.94,2922594.85,7591208.33,79660.3,79660.31,0.91632,3.39698,79619.7,79619.8,2.4701,5.2945
1788590713226,1788590713139126,79636.6,79636.8,0.0002,0.00627,16996.43,3577637.94,8320794.36,453024.82,2915695.58,7584309.06,79660.3,79660.31,1.21663,3.39071,79619.7,79619.8,2.4764,5.2906
1788590713470,1788590713433243,79636.6,79637.9,0.0002,0.00062,17852.47,3593492.98,8381632.36,584228.69,3030846.16,7699459.64,79660.3,79660.31,1.22156,3.39036,79619.7,79619.8,2.4764,5.2906
1788590713730,1788590713682829,79637.2,79637.3,0.0002,0.00627,17070.49,3394339.89,8381702.35,521489.84,2951416.21,7512153.31,79660.3,79660.31,1.14657,3.39036,79619.7,79619.8,2.4764,5.2906
1788590713974,1788590713934901,79637.2,79637.3,0.0002,0.00617,15070.18,3392394.53,8379756.99,521540.93,2999376.98,7560094.08,79660.3,79660.31,1.14657,3.39036,79619.7,79619.8,2.4764,5.2906
1788590714220,1788590714192389,79637.2,79637.3,0.0002,0.00617,15070.18,3300029.01,8287391.47,521551.28,2999387.33,7664663.71,79660.3,79660.31,1.14657,3.39036,79619.7,79619.8,2.4764,5.2383
1788590714478,1788590714428787,79637.1,79637.3,0.00014,0.00617,17085.64,3303636.98,8290999.44,584797.29,3065415.51,7730691.89,79660.3,79660.31,1.14657,3.36036,79619.7,79619.8,2.4764,5.2383
1788590714722,1788590714585065,79637.1,79637.3,0.00014,0.00617,17085.64,3303636.98,8290999.44,584786.93,3065405.16,7729946.01,79660.3,79660.31,1.14657,3.35972,79619.7,79619.8,2.4764,5.2383
1788590714980,1788590714756271,79637.1,79637.3,0.00014,0.00617,17085.64,3303636.98,8290999.44,585583.31,3066201.53,7730742.38,79660.3,79660.31,1.00633,3.35972,79619.7,79619.8,2.4056,5.2383
1788590715228,1788590715149809,79637.1,79637.3,0.00014,0.00617,17085.64,3303636.99,8290999.44,584786.93,3065405.16,7729946.01,79660.3,79660.31,1.15444,3.35972,79619.7,79619.8,2.4056,4.3665
1788590715476,1788590715435807,79637.1,79637.3,0.00014,0.00617,17085.64,3273638.6,8261001.06,521565.26,3002183.48,7666724.33,79660.3,79660.31,1.13573,3.35972,79619.7,79619.8,2.4056,4.3665
1788590715722,1788590715651098,79637.1,79637.3,0.00014,0.00613,32086.27,3334341.69,8276721.2,506558.51,2987176.73,7651717.59,79660.3,79660.31,1.13573,3.35972,79619.7,79619.8,2.4056,4.3665
1788590715967,1788590715806734,79637.1,79637.3,0.00014,0.00613,32086.27,3379329.56,8321709.07,506558.51,3002180.46,7666721.32,79660.3,79660.31,1.13573,3.35759,79619.7,79619.8,2.4056,4.3665
1788590716229,1788590716161410,79637.1,79637.3,0.00014,0.00613,32050.43,3379293.73,8321673.23,568921.32,3064543.27,7729084.13,79660.3,79660.31,1.1358,3.32759,79619.7,79619.8,2.4056,4.3746
1788590716474,1788590716439352,79637.1,79637.3,0.00014,0.00613,32050.43,3379293.53,8321673.03,568921.32,3025548.15,7690089.0,79660.3,79660.31,1.1358,3.32746,79619.7,79619.8,2.4056,4.3746
1788590716719,1788590716634775,79637.1,79637.3,0.00014,0.00613,32050.43,3379293.53,8321673.03,568921.32,3057407.99,7721948.84,79660.3,79660.31,1.1466,3.3271,79619.7,79619.8,2.4056,4.3746
1788590716980,1788590716634775,79637.1,79637.3,0.00014,0.00613,32050.43,3379293.53,8321673.03,568921.32,3057407.99,7721948.84,79660.3,79660.31,1.1466,3.32739,79619.7,79619.8,2.4764,4.3746
1788590717222,1788590717186372,79637.1,79637.3,0.00014,0.00613,32886.57,3445507.56,8387887.07,452370.12,2923381.51,7587922.36,79660.3,79660.31,1.61534,3.32344,79619.7,79619.8,2.4837,4.3746
1788590717468,1788590717442596,79637.1,79637.3,0.00014,0.00613,32876.22,3445498.02,8387856.83,502855.92,2981003.56,7645544.42,79660.3,79660.31,2.27909,3.02327,79619.7,79619.8,2.4837,3.5461
1788590717729,1788590717653060,79637.1,79637.3,0.00014,0.00627,32129.27,3445444.62,8387803.43,496227.24,2974374.88,7638915.73,79660.3,79660.31,2.27897,3.02318,79619.7,79619.8,2.5537,3.5461
1788590717975,1788590717909553,79637.1,79637.3,0.00014,0.00666,32188.99,3445454.97,8387813.79,552181.43,3049417.46,7713958.31,79660.3,79660.31,2.27897,3.00318,79619.7,79619.8,2.5537,3.7318
1788590718221,1788590718158712,79637.1,79637.3,0.00014,0.00666,32138.82,3445404.8,8387784.31,552329.07,3049565.1,7714105.95,79660.3,79660.31,2.26817,3.00311,79619.7,79619.8,2.5537,3.7318
1788590718468,1788590718435388,79637.1,79637.3,0.00014,0.00717,32993.27,3446259.25,8388638.76,557151.42,3054387.45,7718928.3,79660.3,79660.31,2.5612,3.00311,79619.7,79619.8,2.5537,3.7318
1788590718727,1788590718652724,79637.1,79637.3,0.00014,0.00717,32196.95,3442803.35,8385182.85,557151.42,3051605.27,7716146.12,79660.3,79660.31,2.5612,3.00311,79619.7,79619.8,2.5537,3.7318
1788590718971,1788590718935668,79637.1,79637.3,0.00014,0.00794,32196.95,3442803.35,8385182.85,557223.09,3051676.94,7716217.8,79660.3,79660.31,2.5612,3.00311,79619.7,79619.8,2.5291,3.7318
1788590719218,1788590719161840,79637.1,79637.3,0.00014,0.00794,32196.95,3445447.01,8387826.52,557223.09,3054440.8,7718981.65,79660.3,79660.31,2.55907,3.00298,79619.7,79619.8,2.5281,3.7318
1788590719479,1788590719436540,79637.1,79637.3,0.00014,0.00866,32196.95,3472837.47,8415216.98,501890.85,2967248.72,7631789.57,79660.3,79660.31,2.55907,3.00228,79619.7,79619.8,2.6281,3.7318
1788590719729,1788590719673464,79637.1,79637.3,0.00014,0.00866,32196.95,3472837.47,8415216.98,549686.36,3046903.47,7711444.32,79660.3,79660.31,2.55907,3.00228,79619.7,79619.8,2.6382,3.7318
1788590719972,1788590719673464,79637.1,79637.3,0.00014,0.00866,32196.95,3472837.47,8415216.98,549686.36,3046903.47,7711444.32,79660.3,79660.31,2.55907,3.00228,79619.7,79619.8,2.6382,3.7318
1788590720218,1788590719993991,79637.1,79637.3,0.00014,0.00866,32196.95,3472837.47,8415216.98,549686.81,3046903.92,7711444.77,79660.3,79660.31,2.55893,2.97228,79619.7,79619.8,2.6382,3.7186
1788590720466,1788590720264456,79637.1,79637.3,0.00014,0.00239,32316.42,3472956.94,8415336.44,446017.54,2936098.4,7600639.25,79660.3,79660.31,2.55893,2.97228,79619.7,79619.8,2.6382,3.4629
1788590720723,1788590720627930,79637.1,79637.3,0.00014,0.00364,32316.42,3472956.94,8415336.45,445998.92,2936080.65,7600621.51,79660.3,79660.31,2.92546,2.65262,79619.7,79619.8,3.6033,3.4078
1788590720968,1788590720937402,79637.1,79637.3,0.00014,0.01364,32316.42,3500187.95,8442567.46,521200.42,3011282.15,7675823.01,79660.3,79660.31,2.84537,2.65262,79619.7,79619.8,3.6033,3.3982
1788590721230,1788590721107002,79637.1,79637.3,0.00014,0.01363,32316.42,3500187.95,8442567.46,503989.08,2994070.81,7658611.67,79660.3,79660.31,2.84537,2.65262,79619.7,79619.8,3.5932,3.5839
1788590721473,1788590721389659,79637.1,79637.3,0.00014,0.00481,33112.74,3469135.39,8411514.9,562991.91,3053073.64,7717614.49,79660.3,79660.31,2.84537,2.65262,79619.7,79619.8,3.595,3.5007
1788590721724,1788590721635074,79637.1,79637.8,0.00014,0.0048,33112.74,3500984.31,8443363.82,505296.36,2995378.09,7659918.95,79660.3,79660.31,2.84537,2.65255,79619.7,79619.8,3.595,3.5007
1788590721967,1788590721938271,79637.2,79637.3,0.0002,0.00049,30332.01,3485780.76,8428160.27,505335.38,2963557.87,7628098.73,79660.3,79660.31,2.84537,2.65255,79619.7,79619.8,3.595,3.5007
1788590722226,1788590722097290,79637.2,79637.3,0.0002,0.00049,30332.01,3485780.76,8440591.49,505335.38,2995416.67,7659974.26,79660.3,79660.31,2.92893,2.65255,79619.7,79619.8,3.595,3.5007
1788590722469,1788590722341781,79637.2,79637.3,0.0002,0.00049,30332.01,3479113.19,8433923.92,558644.2,3055862.46,7720420.04,79660.3,79660.31,2.92879,2.63255,79619.7,79619.8,3.595,3.5007
1788590722730,1788590722671196,79637.2,79637.3,0.0002,0.01049,30332.01,3479113.19,8433923.92,497557.25,2994775.5,7659333.09,79660.3,79660.31,2.92872,2.63255,79619.7,79619.8,3.595,3.3429
1788590722973,1788590722736304,79637.2,79637.3,0.0002,0.00049,30332.01,3479113.19,8433923.92,548113.74,3045331.99,7709872.85,79660.3,79660.31,2.92907,2.63255,79619.7,79619.8,3.595,3.3429
1788590723232,1788590722975469,79637.2,79637.3,0.0002,0.00049,30332.01,3479113.19,8433923.92,496760.88,2993979.13,7658519.99,79660.3,79660.31,2.92762,2.63115,79619.7,79619.8,3.595,3.3426
1788590723474,1788590723411284,79637.2,79637.3,0.0002,0.00049,30332.01,3486249.69,8441060.42,495168.05,2992386.3,7656927.16,79660.3,79660.31,2.92762,2.63115,79619.7,79619.8,3.595,3.3426
1788590723718,1788590723663287,79637.2,79637.3,0.0002,0.00049,31128.33,3487046.01,8441856.74,496761.34,2993979.59,7658520.45,79660.3,79660.31,2.89204,2.63115,79619.7,79619.8,3.595,3.3426
1788590723982,1788590723930307,79637.2,79637.3,0.0002,0.00049,30332.01,3480873.2,8435683.93,496761.34,2991215.74,7655756.59,79660.3,79660.31,2.89204,2.60115,79619.7,79619.8,3.595,3.3426
1788590724226,1788590724195829,79637.2,79637.3,0.0102,0.00049,40785.11,3408143.71,8362954.44,268997.12,2462583.19,7127124.05,79660.3,79660.31,2.91802,1.97483,79619.7,79619.8,5.6123,0.8059
1788590724473,1788590724435556,79637.2,79637.3,0.0102,0.00049,40785.11,3408143.91,8362954.64,287973.65,2511836.77,7176377.63,79660.3,79660.31,2.91816,1.97483,79619.7,79619.8,4.4476,0.8059
1788590724730,1788590724661271,79638.5,79638.6,0.0002,0.01844,16916.06,3433750.22,7889561.28,393890.7,2631771.57,7385197.89,79660.3,79660.31,2.91809,1.9749,79619.7,79619.8,4.4476,0.8925
1788590724978,1788590724938198,79638.5,79638.6,0.0002,0.01719,16916.06,3420135.2,7875946.27,393591.7,2646090.91,7399517.22,79660.3,79660.31,2.91809,1.9749,79619.7,79619.8,4.379,0.8983
1788590725222,1788590725190149,79638.5,79638.6,0.0002,0.01719,16916.06,3420184.57,7875995.63,393591.7,2646090.91,7399517.23,79660.3,79660.31,2.91809,1.9749,79619.7,79619.8,4.379,1.1245
1788590725466,1788590725445470,79638.5,79638.6,0.0002,0.01519,16916.06,3392952.7,7848763.77,376439.25,2593350.83,7346777.14,79660.3,79660.31,2.91809,1.9749,79619.7,79619.8,4.379,1.1245
1788590725727,1788590725682056,79638.5,79638.6,0.0002,0.01519,15866.48,3419134.98,7874946.05,378439.08,2595350.66,7348776.97,79660.3,79660.31,2.91809,1.9749,79619.7,79619.8,4.379,1.1245
1788590725973,1788590725928513,79638.5,79638.6,0.0002,0.01519,15866.48,3423036.75,7878847.81,370778.77,2587690.35,7341116.67,79660.3,79660.31,2.91809,1.9749,79619.7,79619.8,4.3774,1.1245
1788590726218,1788590726196486,79638.5,79638.6,0.0002,0.74373,16814.9,3617270.12,8073081.19,429654.81,2639429.43,7392855.74,79660.3,79660.31,2.94673,2.36172,79619.7,79619.8,4.3774,1.1245
1788590726479,1788590726399237,79638.5,79638.6,0.0002,0.74373,16814.9,3617270.12,8073081.19,429634.11,2639408.72,7392835.04,79660.3,79660.31,2.94673,2.53042,79619.7,79619.8,4.3774,1.1245
1788590726724,1788590726567734,79638.5,79638.6,0.0002,0.74373,16814.9,3617270.12,8073081.19,428837.69,2638612.3,7392038.62,79660.3,79660.31,2.94674,2.53042,79619.7,79619.8,4.3774,1.1245
1788590726971,1788590726813896,79638.5,79638.6,0.0002,0.74373,16814.9,3617270.12,8073081.19,428837.69,2638612.3,7392038.62,79660.3,79660.31,2.94674,2.53042,79619.7,79619.8,4.3774,1.1245
1788590727216,1788590727095002,79638.5,79638.6,0.0002,0.74373,16814.9,3614629.6,8070440.66,428837.69,2643999.35,7397425.66,79660.3,79660.31,2.94674,2.53042,79619.7,79619.8,4.3832,1.1245
1788590727474,1788590727440288,79638.5,79638.6,0.0002,0.74373,16814.9,3614629.6,8070440.66,429634.11,2855734.34,7609160.65,79660.3,79660.31,2.94674,2.5309,79619.7,79619.8,4.3832,1.1245
1788590727717,1788590727510749,79638.5,79638.6,0.0002,0.74373,16814.9,3617335.42,8073146.48,429634.11,2858415.51,7611841.83,79660.3,79660.31,2.94667,2.53066,79619.7,79619.8,4.3832,0.9897
1788590727979,1788590727884189,79638.5,79638.6,0.0002,0.74373,16866.66,3617387.18,8073198.24,429634.11,2858415.51,7611841.83,79660.3,79660.31,2.94667,2.53066,79619.7,79619.8,4.3832,1.1897
1788590728224,1788590728152048,79638.5,79638.6,0.0002,0.74373,16866.66,3617387.18,8073198.24,429634.11,2858415.51,7611841.83,79660.3,79660.31,3.13207,2.52762,79619.7,79619.8,4.3832,1.4033
1788590728470,1788590728412182,79638.5,79638.6,0.0002,0.01519,24059.05,3614408.16,8070219.22,368749.21,2782543.89,7536696.17,79660.3,79660.31,3.13207,2.52762,79619.7,79619.8,4.3832,1.5275
1788590728718,1788590728668609,79639.7,79639.8,0.0002,0.6783,15609.5,3521034.75,8056600.61,563587.44,2956847.96,7825599.04,79660.3,79660.31,3.13207,2.52762,79619.7,79619.8,4.3832,1.5275
1788590728980,1788590728773584,79639.7,79639.8,0.0002,0.6783,15609.5,3521034.75,8056600.61,563587.44,2956847.96,7825599.04,79660.3,79660.31,3.13207,2.52762,79619.7,79619.8,4.3832,1.6542
1788590729226,1788590729082935,79639.7,79639.8,0.0002,0.6783,15609.5,3524881.44,8060447.3,563597.83,2995086.33,7863837.41,79660.3,79660.31,3.13207,2.52743,79619.7,79619.8,4.3832,1.6542
1788590729473,1788590729239999,79639.7,79639.8,0.0002,0.6783,15609.5,3524881.44,8060447.3,563598.17,2995086.68,7863837.76,79660.3,79660.31,3.13207,2.52743,79619.7,79619.8,4.3832,1.6542
1788590729731,1788590729693580,79639.7,79639.8,0.0002,0.67768,15619.85,3516762.39,8052328.25,563587.83,2995076.34,7863827.42,79660.3,79660.31,3.13207,2.52817,79619.7,79619.8,4.3832,1.6542
1788590729976,1788590729716897,79639.7,79639.8,0.0002,0.0113,15619.85,3516762.39,8052328.25,564933.01,2996421.52,7865172.6,79660.3,79660.31,3.13207,2.52817,79619.7,79619.8,4.3832,1.6623
1788590730223,1788590730161151,79639.7,79640.0,0.0002,0.00062,61427.58,3562570.12,8098135.98,427038.3,2885526.27,7727277.88,79660.3,79660.31,3.31211,1.78568,79619.7,79619.8,4.3832,1.6623
1788590730468,1788590730392226,79639.7,79640.0,0.0002,0.00062,61337.61,3562480.15,8098046.01,482377.03,2940865.01,7782616.62,79660.3,79660.31,3.31211,1.78568,79619.7,79619.8,4.3832,1.4708
1788590730726,1788590730688901,79639.7,79640.0,0.0002,0.00061,60541.24,3561683.79,8097249.64,482376.24,2940864.21,7782615.82,79660.3,79660.31,3.30449,1.94478,79619.7,79619.8,4.3832,1.6623
1788590730974,1788590730688901,79639.7,79640.0,0.0002,0.00061,60541.24,3561683.79,8097249.64,482376.24,2940864.21,7782615.82,79660.3,79660.31,3.3044,1.92288,79619.7,79619.8,4.3832,1.6557
1788590731220,1788590731190834,79641.0,79641.1,0.0002,0.00062,50704.42,3315742.32,7887234.7,423983.5,2978827.96,8204786.25,79660.3,79660.31,3.30453,1.77683,79619.7,79619.8,4.54,0.9364
1788590731479,1788590731385224,79641.0,79641.1,0.0002,0.00062,50704.42,3321103.72,7892596.1,438804.5,3005972.84,8231931.13,79660.3,79660.31,3.30453,1.87018,79619.7,79619.8,4.573,1.1221
1788590731722,1788590731661452,79641.0,79641.1,0.0002,0.00062,50694.06,3351225.31,7922717.69,438804.51,3111982.99,8337941.29,79660.3,79660.31,3.3046,1.87031,79619.7,79619.8,4.573,1.1221
1788590731967,1788590731826480,79641.0,79641.1,0.0002,0.00062,50704.42,3351235.66,7922728.04,438804.51,3111982.99,8337941.29,79660.3,79660.31,3.30438,1.87031,79619.7,79619.8,4.573,1.1221
1788590732225,1788590732138710,79641.0,79641.1,0.0002,0.00062,49908.04,3350439.37,7921931.75,438804.59,3111983.08,8337941.37,79660.3,79660.31,3.30438,1.87006,79619.7,79619.8,4.573,1.1221
1788590732473,1788590732372626,79641.0,79641.1,0.0002,0.00062,49897.69,3356629.95,7928122.33,442950.21,3129150.27,8355108.56,79660.3,79660.31,3.30438,1.84006,79619.7,79619.8,4.573,1.1221
1788590732719,1788590732372626,79641.0,79641.1,0.0002,0.00062,49897.69,3356629.95,7928122.33,442950.21,3129150.27,8355108.56,79660.3,79660.31,3.30438,1.84006,79619.7,79619.8,4.573,1.1688
1788590732979,1788590732944566,79641.0,79641.3,0.0002,0.74369,49908.04,3356590.94,7928083.32,447473.49,3141698.57,8359631.39,79660.3,79660.31,3.30438,1.9651,79619.7,79619.8,4.5708,1.1688
1788590733222,1788590733140601,79641.0,79641.4,0.0002,0.04007,49908.04,3356640.31,7928132.69,446195.75,3140420.83,8358353.65,79660.3,79660.31,3.30438,1.9651,79619.7,79619.8,4.5708,1.1688
1788590733468,1788590733377185,79641.0,79641.4,0.0002,0.04007,50704.41,3357436.68,7928929.06,446185.4,3140410.38,8358343.2,79660.3,79660.31,3.30438,1.84006,79619.7,79619.8,4.4896,0.9979
1788590733727,1788590733665452,79641.0,79641.4,0.0002,0.03882,49908.04,3356640.31,7928132.69,446085.84,3140310.83,8358243.65,79660.3,79660.31,3.30438,1.98073,79619.7,79619.8,4.4896,0.9979
1788590733971,1788590733911964,79641.0,79641.4,0.0002,0.68717,49908.04,3356640.31,7928132.69,552762.38,3250179.15,8468111.97,79660.3,79660.31,3.30438,1.81979,79619.7,79619.8,4.4896,0.9979
1788590734230,1788590734174827,79641.0,79641.4,0.0002,0.68717,49908.04,3356640.31,7928132.69,552762.38,3250179.15,8468111.97,79660.3,79660.31,3.30438,1.81979,79619.7,79619.8,4.4896,0.9979
1788590734477,1788590734426236,79640.9,79641.8,0.0002,0.00062,49958.21,3356641.1,7928133.48,516948.47,3055438.85,8269688.0,79660.3,79660.31,3.30438,1.95105,79619.7,79619.8,4.4261,0.8122
1788590734721,1788590734690225,79641.4,79641.7,9e-05,0.04019,46162.89,3183570.42,7914416.05,720893.0,3259220.07,8473613.45,79660.3,79660.31,3.30438,1.81979,79619.7,79619.8,4.4261,0.818
1788590734967,1788590734922236,79641.4,79641.7,9e-05,0.04019,46162.89,3191722.64,7922568.27,720096.58,3252983.25,8467376.63,79660.3,79660.31,3.30438,1.95046,79619.7,79619.8,4.4721,0.8539
1788590735227,1788590735192780,79641.4,79641.7,9e-05,0.04019,46959.3,3192519.06,7923364.69,501480.77,3034367.44,8248760.81,79660.3,79660.31,3.31438,1.81979,79619.7,79619.8,4.4721,0.8539
1788590735471,1788590735258064,79641.4,79641.7,9e-05,0.04019,1151.54,3146711.31,7877556.93,501480.77,3034367.44,8248760.81,79660.3,79660.31,3.30136,1.81979,79619.7,79619.8,4.4721,0.8597
1788590735717,1788590735258064,79641.4,79641.7,9e-05,0.04019,1151.54,3146711.31,7877556.93,501480.77,3034367.44,8248760.81,79660.3,79660.31,3.30136,1.662,79619.7,79619.8,4.4767,0.8072
1788590735976,1788590735945516,79641.4,79641.5,9e-05,0.01,1700.22,3081333.5,7812179.12,554770.2,3083973.2,8302050.24,79660.3,79660.31,3.2862,1.664,79619.7,79619.8,4.5305,0.8597
1788590736222,1788590736167431,79641.4,79641.5,9e-05,0.01,49810.52,3129443.8,7860289.43,551913.7,3081116.7,8299193.75,79660.3,79660.31,3.28613,1.664,79619.7,79619.8,4.5305,0.7827
1788590736481,1788590736374422,79641.4,79641.5,9e-05,0.01,49810.52,3129443.8,7860289.43,583772.5,3112975.5,8331052.55,79660.3,79660.31,3.28613,1.66426,79619.7,79619.8,4.5305,0.7827
1788590736729,1788590736691904,79641.4,79641.5,9e-05,0.01,49810.52,3129443.8,7860289.43,524200.43,3053403.44,8271480.48,79660.3,79660.31,3.28613,1.78992,79619.7,79619.8,4.5305,0.7881
1788590736973,1788590736716402,79641.4,79641.5,9e-05,0.71944,49810.52,3129443.8,7860289.43,580701.3,3109904.3,8327981.35,79660.3,79660.31,3.28613,1.66426,79619.7,79619.8,4.5305,0.7823
1788590737220,1788590736716402,79641.4,79641.5,9e-05,0.71944,49810.52,3129443.8,7860289.43,580701.3,3109904.3,8327981.35,79660.3,79660.31,3.27613,1.78844,79619.7,79619.8,4.5305,0.7823
1788590737478,1788590737250509,79641.4,79641.5,9e-05,0.70874,49810.52,3134857.76,7865703.38,579849.13,3114384.22,8332461.26,79660.3,79660.31,3.27613,1.78844,79619.7,79619.8,4.5305,0.7823
1788590737721,1788590737573216,79641.4,79641.5,9e-05,0.70874,49861.49,3134856.96,7865702.59,579849.36,3114384.44,8332461.49,79660.3,79660.31,3.27775,1.97136,79619.7,79619.8,4.5305,0.968
1788590737969,1788590737874531,79641.4,79641.5,9e-05,0.70874,50717.62,3135663.72,7866509.35,579822.27,3114357.35,8332434.4,79660.3,79660.31,3.27775,1.97136,79619.7,79619.8,4.5305,0.968
1788590738231,1788590737940440,79641.4,79641.5,9e-05,0.70811,50717.62,3135663.72,7866509.35,579772.1,3114317.53,8332394.58,79660.3,79660.31,3.27768,1.97136,79619.7,79619.8,4.5305,0.968
1788590738476,1788590738447060,79641.4,79641.5,9e-05,0.70811,49965.02,3134911.12,7865756.74,547913.3,3082448.38,8300525.42,79660.3,79660.31,3.27768,1.97136,79619.7,79619.8,4.5672,0.9738
1788590738722,1788590738604074,79641.4,79641.5,9e-05,0.70811,49965.02,3134911.13,7865756.75,579772.7,3114307.78,8332384.83,79660.3,79660.31,3.27775,1.97136,79619.7,79619.8,4.5988,0.9738
1788590738967,1788590738708813,79641.4,79641.5,9e-05,0.71811,49965.02,3134911.13,7865756.75,580569.11,3115104.19,8333181.24,79660.3,79660.31,3.27775,1.97136,79619.7,79619.8,4.5988,0.9738
1788590739228,1788590739152946,79641.4,79641.5,9e-05,0.70811,49954.67,3134900.78,7865746.4,579772.7,3114307.78,8332384.83,79660.3,79660.31,3.27775,1.97136,79619.7,79619.8,4.5988,0.9738
1788590739472,1788590739427957,79641.4,79641.5,9e-05,0.70811,49954.67,3119901.77,7850747.4,579772.7,3114307.78,8332384.83,79660.3,79660.31,3.27775,1.96542,79619.7,79619.8,4.6602,1.1617
1788590739721,1788590739554764,79641.4,79641.5,9e-05,0.70811,49859.9,3134805.41,7865651.03,579772.7,3114307.78,8319947.49,79660.3,79660.31,3.27469,2.0859,79619.7,79619.8,4.6602,1.0572
1788590739981,1788590739924012,79640.0,79640.7,0.00021,0.61479,14419.92,3314768.8,8047521.37,437364.94,3018764.62,8349435.48,79660.3,79660.31,3.27476,2.0459,79619.7,79619.8,4.6602,1.2371
1788590740224,1788590740183203,79642.0,79642.2,0.0002,0.75714,1704.2,3105056.85,7880890.34,603965.27,3144426.38,8353903.68,79660.3,79660.31,3.27469,2.04603,79619.7,79619.8,4.6602,1.2371
1788590740472,1788590740427405,79642.0,79642.1,0.0002,0.64628,44045.23,3147397.88,7923231.37,576073.53,3116534.64,8326011.94,79660.3,79660.31,3.27469,2.04603,79619.7,79619.8,4.6602,1.2428
1788590740731,1788590740640490,79642.0,79642.1,0.0002,0.64628,44084.25,3152755.38,7928588.88,576063.17,3119162.44,8328639.75,79660.3,79660.31,3.27469,2.04603,79619.7,79619.8,4.6602,1.2428
1788590740972,1788590740933250,79642.0,79642.1,0.0002,0.65628,44018.95,3149983.86,7925817.35,576859.59,3119958.86,8329436.17,79660.3,79660.31,3.27344,2.04603,79619.7,79619.8,5.0712,3.2428
1788590741217,1788590741192356,79642.0,79642.1,0.0002,0.64628,45074.94,3150990.47,7926823.97,576063.89,3119163.16,8328640.47,79660.3,79660.31,3.27344,2.05287,79619.7,79619.8,5.0712,3.2347
1788590741478,1788590741284841,79642.0,79642.1,0.0002,0.64628,45074.94,3150990.47,7926823.97,576063.89,3119173.52,8328650.82,79660.3,79660.31,3.27344,2.05347,79619.7,79619.8,5.0712,3.2347
1788590741723,1788590741610005,79642.0,79642.1,0.0002,0.65883,45074.94,3150990.47,7926823.97,546866.38,3052508.28,8261985.59,79660.3,79660.31,3.27344,2.05347,79619.7,79619.8,5.0712,3.2347
1788590741969,1788590741758897,79642.0,79642.1,0.0002,0.65883,45074.94,3150990.47,7926823.97,546876.73,3053519.04,8262996.35,79660.3,79660.31,3.27344,2.05347,79619.7,79619.8,5.0712,3.2347
1788590742227,1788590742188232,79642.0,79642.1,0.0002,0.65883,45074.94,3150990.47,7926823.97,515027.58,3021669.89,8231147.2,79660.3,79660.31,3.27344,2.05347,79619.7,79619.8,5.0712,3.2347
1788590742472,1788590742445792,79642.0,79642.1,0.0002,0.65883,44875.05,3150790.59,7926624.08,546886.82,3053518.78,8262996.09,79660.3,79660.31,3.27344,2.05314,79619.7,79619.8,5.0712,3.2347
1788590742719,1788590742614300,79642.0,79642.1,0.0002,0.65345,44637.71,3150553.25,7926386.74,546458.35,3053090.31,8262567.61,79660.3,79660.31,3.27344,2.05314,79619.7,79619.8,5.0712,3.2347
1788590742967,1788590742791122,79642.0,79642.1,0.0002,0.66345,44637.71,3150553.25,7926386.74,547254.77,3053886.73,8263364.03,79660.3,79660.31,3.27371,2.05284,79619.7,79619.8,5.0712,3.2428
1788590743228,1788590743139079,79642.0,79642.1,0.0002,0.66345,44637.71,3147892.03,7923725.52,580111.61,3117677.45,8327154.75,79660.3,79660.31,3.26116,2.05291,79619.7,79619.8,5.0837,3.2428
1788590743470,1788590743436703,79642.0,79642.1,0.0002,0.65345,44965.86,3148220.18,7924053.67,547445.59,3085001.07,8294478.38,79660.3,79660.31,3.26116,2.05291,79619.7,79619.8,5.0837,3.2428
1788590743731,1788590743692131,79642.0,79642.1,0.0002,0.01255,44554.11,3105575.97,7881409.46,577141.74,3114697.22,8324174.53,79660.3,79660.31,3.26116,2.03545,79619.7,79619.8,5.0837,3.0571
1788590743975,1788590743932935,79642.0,79642.1,0.0002,0.01255,44554.11,3134192.58,7910026.07,578125.36,3115680.84,8325158.15,79660.3,79660.31,3.26116,2.03668,79619.7,79619.8,5.0837,2.8481
1788590744219,1788590744124864,79641.9,79642.0,0.0001,0.04013,44562.08,3117096.48,7892929.97,529209.54,3062015.17,8276273.39,79660.3,79660.31,3.26116,2.01728,79619.7,79619.8,5.0837,3.0335
1788590744478,1788590744399850,79641.9,79642.0,0.0001,0.04013,44086.65,3115028.46,7890861.95,581894.44,3114700.07,8328958.29,79660.3,79660.31,3.26116,2.01681,79619.7,79619.8,5.0837,3.0393
1788590744724,1788590744687812,79641.9,79642.0,0.0001,0.04013,43587.34,3116121.76,7891955.25,583497.0,3116302.63,8330560.85,79660.3,79660.31,3.26116,2.01681,79619.7,79619.8,5.0837,3.0393
1788590744970,1788590744868602,79641.9,79642.0,0.0001,0.05013,44086.65,3119272.75,7895106.24,584293.42,3119805.72,8334063.94,79660.3,79660.31,3.26116,2.01729,79619.7,79619.8,5.0837,3.0393
1788590745229,1788590745190606,79641.9,79642.0,0.0002,0.05013,45344.88,3120530.98,7896364.47,600019.0,3135575.1,8349833.32,79660.3,79660.31,3.26116,2.01672,79619.7,79619.8,5.0837,2.9983
1788590745475,1788590745353980,79641.9,79642.0,0.0002,0.05013,1711.37,3110381.58,7886215.07,600019.0,3135575.1,8349833.32,79660.3,79660.31,3.26116,2.01672,79619.7,79619.8,5.0837,2.9983
1788590745723,1788590745605290,79641.9,79642.0,0.0002,0.04013,1711.37,3110381.58,7886215.07,599222.58,3134778.68,8349036.9,79660.3,79660.31,3.26109,2.01615,79619.7,79619.8,5.0837,2.9983
1788590745967,1788590745605290,79641.9,79642.0,0.0002,0.04013,1711.37,3110381.58,7886215.07,599222.58,3134778.68,8349036.9,79660.3,79660.31,3.26116,2.01663,79619.7,79619.8,5.0837,2.9983
1788590746230,1788590746172645,79641.9,79642.0,0.0002,0.04013,1711.37,3110381.58,7886215.07,599222.58,3134778.68,8349036.9,79660.3,79660.31,3.26116,2.01615,79619.7,79619.8,5.0837,2.9983
1788590746478,1788590746424715,79641.9,79642.0,0.00034,0.04013,1722.52,3110392.73,7886226.22,599222.58,3134778.68,8349036.9,79660.3,79660.31,3.26116,2.01663,79619.7,79619.8,5.0837,2.9983
1788590746723,1788590746667219,79641.9,79642.0,0.00034,0.05013,2369.97,3111040.17,7886873.66,537856.6,3073412.7,8287670.92,79660.3,79660.31,3.26116,1.99246,79619.7,79619.8,5.0837,2.9983
1788590746972,1788590746872054,79641.9,79642.0,0.00034,0.04013,3166.36,3111836.56,7887670.06,537060.18,3072616.28,8286874.5,79660.3,79660.31,3.26116,1.99198,79619.7,79619.8,5.0837,2.9925
1788590747217,1788590747169699,79641.9,79642.0,0.0002,0.04013,1743.23,3110413.43,7886246.93,588375.44,3123931.54,8338189.76,79660.3,79660.31,3.26116,1.99198,79619.7,79619.8,5.0837,2.9925
1788590747475,1788590747306345,79641.9,79642.0,0.0002,0.04013,2284.76,3110954.96,7886788.46,537070.54,3072626.64,8286884.86,79660.3,79660.31,3.26116,1.99191,79619.7,79619.8,5.0837,2.9925
1788590747721,1788590747611310,79639.6,79642.0,0.0001,0.04013,62212.37,3538084.12,8073649.98,604087.64,3139643.74,8353901.96,79660.3,79660.31,3.26116,1.8074,79619.7,79619.8,5.0837,2.9983
1788590747981,1788590747939810,79639.5,79642.0,0.0102,0.04013,62574.75,3538446.5,8103439.18,537060.45,3072616.56,8286874.77,79660.3,79660.31,3.26116,1.8074,79619.7,79619.8,5.1426,2.9983
1788590748225,1788590748161909,79639.5,79642.0,6e-05,0.04013,61767.2,3540273.12,8105265.8,537060.45,3072608.59,8286866.81,79660.3,79660.31,3.26116,1.8074,79619.7,79619.8,5.0939,2.9983
1788590748472,1788590748161909,79639.5,79642.0,6e-05,0.04013,61767.2,3540273.12,8105265.8,537060.45,3072608.59,8286866.81,79660.3,79660.31,3.26116,1.8074,79619.7,79619.8,5.0939,2.9983
1788590748718,1788590748688460,79639.5,79639.6,6e-05,0.01,61767.2,3540273.12,8105265.8,321218.05,2863078.77,7787850.05,79660.3,79660.31,3.26109,1.8074,79619.7,79619.8,5.0939,3.312
1788590748981,1788590748915426,79639.5,79641.8,6e-05,0.04013,104955.14,3583461.06,8148453.74,575256.8,3114645.66,8328903.88,79660.3,79660.31,3.26116,1.6723,79619.7,79619.8,5.0939,3.312
1788590749228,1788590749188171,79641.5,79642.1,0.0002,0.01255,70547.65,3216635.2,7947480.83,245820.06,2445455.53,7654932.84,79660.3,79660.31,3.28116,1.67353,79619.7,79619.8,6.0951,2.6528
1788590749473,1788590749397084,79641.6,79642.1,0.00749,0.01255,32343.38,3136797.26,7867642.88,320580.43,2543901.28,7753378.59,79660.3,79660.31,3.60575,1.53969,79619.7,79619.8,6.0886,2.742
1788590749729,1788590749661243,79639.8,79642.1,0.50336,0.0112,283193.82,3710892.69,8246458.55,353642.64,2700830.9,7910308.2,79660.3,79660.31,3.61538,1.67428,79619.7,79619.8,6.0932,2.6554
1788590749974,1788590749924833,79640.3,79642.1,0.009,0.0099,257404.31,3524137.91,8097619.31,302484.27,2649672.52,7859149.82,79660.3,79660.31,3.61538,1.51969,79619.7,79619.8,6.0932,2.6554
1788590750220,1788590750174954,79640.3,79642.1,0.009,0.0099,257404.31,3524137.92,8097619.32,302484.27,2649672.52,7859149.83,79660.3,79660.31,3.61056,1.51969,79619.7,79619.8,6.0951,2.742
1788590750481,1788590750333798,79640.3,79642.1,0.009,0.0099,257404.31,3524137.92,8097619.32,329254.6,2676442.86,8107158.59,79660.3,79660.31,3.61056,1.51837,79619.7,79619.8,6.0951,2.6153
1788590750726,1788590750565149,79640.1,79642.1,0.00057,0.0099,262491.15,3523466.55,8096947.95,329254.6,2676442.86,8107158.59,79660.3,79660.31,3.51338,1.65192,79619.7,79619.8,6.0951,2.6153
1788590750970,1788590750939849,79640.1,79642.1,0.00057,0.0099,263287.55,3524262.95,8097744.35,329254.61,2676442.86,8107158.59,79660.3,79660.31,3.51338,1.65355,79619.7,79619.8,6.0932,2.6153
1788590751230,1788590751182542,79640.1,79642.1,0.00057,0.0099,263238.18,3524213.58,8097694.98,329254.61,2676442.86,8107158.59,79660.3,79660.31,3.51338,1.62198,79619.7,79619.8,6.0932,2.6153
1788590751474,1788590751427938,79640.1,79642.1,0.00057,0.00989,262491.16,3491617.64,8065099.04,329254.73,2676442.98,8107158.71,79660.3,79660.31,3.51338,1.62198,79619.7,79619.8,6.0447,2.6153
1788590751720,1788590751668599,79640.1,79642.1,0.00057,0.00989,263287.56,3524262.84,8097744.24,329254.73,2676442.98,8107158.71,79660.3,79660.31,3.51263,1.62721,79619.7,79619.8,6.0466,2.6153
1788590751980,1788590751890806,79640.1,79642.1,0.00057,0.00864,263287.56,3524262.87,8097744.27,329155.18,2676343.43,8107059.16,79660.3,79660.31,3.51263,1.62584,79619.7,79619.8,6.0466,2.742
1788590752225,1788590752140460,79640.1,79642.1,0.00057,0.00744,262491.16,3523466.47,8096947.87,329059.61,2676247.86,8106963.59,79660.3,79660.31,3.51263,1.62584,79619.7,79619.8,6.0447,2.742
1788590752470,1788590752370526,79640.1,79642.1,0.00057,0.00744,262540.53,3523466.48,8096947.87,329059.61,2676247.87,8106963.6,79660.3,79660.31,3.51263,1.62584,79619.7,79619.8,6.0447,2.742
1788590752729,1788590752646587,79640.1,79642.1,0.00057,0.00744,262540.53,3491617.68,8065099.07,297199.69,2644387.95,8075103.68,79660.3,79660.31,3.51263,1.60584,79619.7,79619.8,6.0466,2.742
1788590752976,1788590752937940,79640.1,79642.1,0.00057,0.00744,262540.54,3523466.68,8096948.08,329094.12,2690926.12,8121641.85,79660.3,79660.31,3.51606,1.60734,79619.7,79619.8,6.0447,2.742
1788590753222,1788590753195103,79639.5,79642.1,6e-05,0.00744,245432.8,3666671.4,8231664.08,481156.59,2845638.71,8276354.44,79660.3,79660.31,3.50349,1.73503,79619.7,79619.8,5.0455,2.7945
1788590753470,1788590753439667,79639.5,79642.1,6e-05,0.00744,292602.09,3713840.69,8278833.37,520215.9,2884698.02,8315413.75,79660.3,79660.31,3.50349,1.73503,79619.7,79619.8,5.0455,2.9802
1788590753728,1788590753677284,79642.0,79642.1,0.0002,0.00744,52204.63,3286664.48,8062497.97,525238.64,2883519.8,8314235.53,79660.3,79660.31,3.50349,1.73503,79619.7,79619.8,5.0455,2.9802
1788590753973,1788590753921783,79642.0,79642.1,0.0002,0.00744,52204.63,3286664.48,8062497.97,501516.85,2859798.01,8290513.74,79660.3,79660.31,3.50349,1.71503,79619.7,79619.8,5.0455,2.8477
1788590754219,1788590754138754,79642.0,79642.1,0.0002,0.00744,52204.63,3286664.48,8062497.97,501517.17,2859798.33,8290514.06,79660.3,79660.31,3.50349,1.71503,79619.7,79619.8,5.0453,2.8535
1788590754479,1788590754345708,79642.0,79642.1,0.0002,0.00744,52204.63,3271663.38,8047496.88,501467.11,2859797.66,8290513.39,79660.3,79660.31,3.50349,1.71503,79619.7,79619.8,5.0453,2.9924
1788590754722,1788590754592964,79642.0,79642.1,0.0002,0.00744,52204.63,3286664.29,8062497.78,532839.56,2891170.11,8321885.83,79660.3,79660.31,3.50349,1.71503,79619.7,79619.8,5.0453,2.9924
1788590754981,1788590754935542,79642.0,79642.1,0.0002,0.74474,52204.63,3292032.08,8067865.57,529779.86,2888110.4,8318826.13,79660.3,79660.31,3.60686,1.8721,79619.7,79619.8,5.0453,2.9924
1788590755228,1788590755189105,79642.0,79642.1,0.0002,0.74474,52254.0,3292032.08,8067865.57,498353.26,2856727.61,8287443.34,79660.3,79660.31,3.60664,1.87223,79619.7,79619.8,5.0453,2.9924
1788590755473,1788590755367375,79641.7,79642.1,0.00018,0.00744,52254.0,3336970.56,8067816.19,526256.36,2884630.71,8315346.44,79660.3,79660.31,3.604,1.87223,79619.7,79619.8,5.0453,2.9924
1788590755731,1788590755658484,79641.7,79642.1,0.00018,0.00682,52254.0,3336970.56,8067816.19,534101.99,2892476.34,8323192.07,79660.3,79660.31,3.604,1.87223,79619.7,79619.8,5.0453,2.9924
1788590755977,1788590755840519,79641.7,79642.1,0.00018,0.00682,52254.0,3336970.56,8067816.19,502242.19,2860616.54,8291332.27,79660.3,79660.31,3.604,1.85223,79619.7,79619.8,5.0453,2.9924
1788590756222,1788590756038327,79641.7,79642.1,0.00018,0.00682,52254.0,3336970.56,8067816.19,471305.76,2829680.11,8260395.84,79660.3,79660.31,3.59973,1.85223,79619.7,79619.8,5.0431,2.9924
1788590756467,1788590756260909,79641.7,79642.1,0.00018,0.00664,52254.0,3336970.56,8067816.19,471291.42,2829665.77,8260381.5,79660.3,79660.31,3.59973,1.85223,79619.7,79619.8,5.0431,3.0005
1788590756727,1788590756549279,79641.7,79642.1,0.00018,0.00678,52254.0,3336970.6,8067816.23,471302.57,2829676.92,8260392.65,79660.3,79660.31,3.59973,1.85223,79619.7,79619.8,5.0431,3.0005
1788590756971,1788590756914827,79641.7,79642.1,0.00018,0.00678,52953.99,3337670.6,8068516.23,439590.09,2797964.44,8228680.16,79660.3,79660.31,3.59973,1.85216,79619.7,79619.8,5.0431,3.0005
1788590757231,1788590757173692,79641.7,79642.1,0.00018,0.00678,52953.99,3297860.8,8028706.43,439590.09,2758134.84,8188850.56,79660.3,79660.31,3.60993,1.85216,79619.7,79619.8,5.0338,2.997
1788590757474,1788590757431522,79641.7,79642.1,0.00018,0.00664,52953.99,3331469.01,8062314.64,439578.94,2804153.72,8234869.45,79660.3,79660.31,3.60993,1.85216,79619.7,79619.8,5.0338,2.8113
1788590757719,1788590757547611,79641.7,79642.1,0.00018,0.00664,52254.0,3330769.02,8061614.64,501642.21,2866217.0,8296932.73,79660.3,79660.31,3.60993,1.82642,79619.7,79619.8,5.0338,2.8055
1788590757978,1788590757737131,79641.7,79642.1,0.00018,0.00664,52254.0,3330769.02,8061614.64,505544.78,2870119.57,8300835.3,79660.3,79660.31,3.60993,1.82511,79619.7,79619.8,5.0338,2.8113
1788590758224,1788590757737131,79641.7,79642.1,0.00018,0.00664,52254.0,3330769.02,8061614.64,505544.78,2870119.57,8300835.3,79660.3,79660.31,3.60984,1.81572,79619.7,79619.8,5.0338,2.8113
1788590758470,1788590758407475,79641.7,79642.1,0.00018,0.00664,52254.0,3330769.02,8061614.64,505544.78,2870119.57,8300835.3,79660.3,79660.31,3.55146,1.81572,79619.7,79619.8,5.0338,2.8113
1788590758717,1788590758407475,79641.7,79642.1,0.00018,0.00664,52254.0,3330769.02,8061614.64,505544.78,2870119.57,8300835.3,79660.3,79660.31,3.55146,1.81572,79619.7,79619.8,5.0338,2.8113
1788590758978,1788590758842284,79641.7,79642.1,0.00018,0.00664,52254.0,3330769.02,8061614.64,505544.78,2870119.57,8300835.3,79660.3,79660.31,3.55146,1.68796,79619.7,79619.8,5.0338,2.8113
1788590759224,1788590759183543,79641.7,79642.1,0.00018,0.00664,53062.32,3331577.34,8062422.97,505544.78,2870119.57,8300835.3,79660.3,79660.31,3.55146,1.81561,79619.7,79619.8,5.0338,2.8113
1788590759469,1788590759435104,79641.7,79642.1,0.00018,0.00664,53858.72,3332373.74,8063219.37,451366.34,2815941.13,8246656.86,79660.3,79660.31,3.55226,1.68796,79619.7,79619.8,5.0338,2.8055
1788590759729,1788590759642465,79641.7,79642.1,0.00018,0.00664,54158.14,3332673.89,8063519.52,477149.22,2841724.01,8272439.74,79660.3,79660.31,3.55226,1.39322,79619.7,79619.8,5.0338,2.7588
1788590759976,1788590759930236,79641.7,79642.1,0.00018,0.00664,53361.74,3334612.74,8065458.37,534418.88,2898993.67,8329709.4,79660.3,79660.31,3.54845,1.5339,79619.7,79619.8,5.0338,2.7588
1788590760221,1788590760008582,79641.7,79642.1,0.00018,0.00664,53361.74,3334612.74,8065458.37,529944.43,2894519.22,8325234.95,79660.3,79660.31,3.54845,1.67569,79619.7,79619.8,5.0338,2.8113
1788590760470,1788590760269010,79641.7,79642.1,0.00018,0.00664,53361.74,3334612.75,8065458.37,526103.71,2894519.3,8325235.03,79660.3,79660.31,3.54845,1.53311,79619.7,79619.8,5.0338,2.8113
1788590760728,1788590760683915,79641.7,79642.1,0.00018,0.00543,54061.74,3335312.74,8066158.37,472225.5,2840641.09,8271356.82,79660.3,79660.31,3.54845,1.53275,79619.7,79619.8,5.0338,2.8113
1788590760975,1788590760829993,79641.7,79642.1,0.00018,0.00543,54061.74,3335312.74,8066158.37,522991.44,2891407.03,8322122.76,79660.3,79660.31,3.54845,1.50275,79619.7,79619.8,5.0338,2.8055
1788590761221,1788590761186929,79641.7,79644.2,0.00018,0.06801,79063.3,3374011.2,8104856.83,756717.48,3291935.17,8282840.99,79660.3,79660.31,3.54845,1.35993,79619.7,79619.8,5.0338,2.8055
1788590761481,1788590761445833,79644.1,79644.2,0.0002,0.06791,48960.34,3225554.68,7960750.36,742706.73,3277943.43,8268849.24,79660.3,79660.31,3.5398,1.25619,79619.7,79619.8,5.0338,2.7646
1788590761728,1788590761652167,79644.1,79644.2,0.00014,0.06791,48955.56,3287692.73,8022888.41,812225.37,3347462.06,8338367.88,79660.3,79660.31,3.5398,1.25583,79619.7,79619.8,5.0338,2.7588
1788590761973,1788590761941106,79643.8,79644.2,0.00012,0.06791,46570.86,3193044.47,7918381.96,817865.54,3353102.23,8344008.05,79660.3,79660.31,3.5398,1.25383,79619.7,79619.8,5.0338,2.7588
1788590762217,1788590761941106,79643.8,79644.2,0.00012,0.06791,46570.86,3193044.47,7918381.96,817865.54,3353102.23,8344008.05,79660.3,79660.31,3.5398,1.25383,79619.7,79619.8,5.0338,2.7588
1788590762476,1788590762333187,79644.1,79644.2,0.00031,0.06729,46595.55,3189411.83,7924607.51,817816.16,3346851.91,8337757.73,79660.3,79660.31,3.5398,1.37627,79619.7,79619.8,5.0338,2.7646
1788590762720,1788590762648805,79644.1,79644.2,0.00031,0.06729,46605.9,3189422.31,7924617.99,817816.32,3346852.07,8337757.89,79660.3,79660.31,3.5398,1.37627,79619.7,79619.8,5.0338,2.7646
1788590762981,1788590762944803,79639.7,79644.2,0.5522,0.06729,277385.33,3618172.49,8142914.4,817816.32,3346852.07,8337757.89,79660.3,79660.31,3.54,1.3444,79619.7,79619.8,5.0338,2.7588
1788590763226,1788590763189097,79639.2,79644.2,0.01243,0.06729,263042.01,3635616.86,8200610.79,772846.59,3302044.88,8292950.7,79660.3,79660.31,3.54,1.34936,79619.7,79619.8,5.0338,2.7588
1788590763471,1788590763446030,79639.2,79644.2,0.01243,0.06729,266993.42,3639568.27,8204562.19,767997.85,3302029.74,8292935.56,79660.3,79660.31,3.53844,1.35086,79619.7,79619.8,5.0338,2.7588
1788590763730,1788590763695406,79638.9,79644.2,0.53611,0.19282,319797.26,3850788.87,8306601.18,813255.87,3354541.76,8345447.58,79660.3,79660.31,3.5259,1.35086,79619.7,79619.8,5.0338,2.7646
1788590763973,1788590763857055,79638.9,79644.2,0.53611,0.1928,319797.26,3850788.87,8306580.49,760620.41,3301906.31,8292812.12,79660.3,79660.31,3.5259,1.35086,79619.7,79619.8,5.0338,2.7646
1788590764219,1788590764166880,79638.9,79644.2,0.53611,0.06724,319797.26,3853512.97,8309304.6,750609.93,3291895.83,8282801.64,79660.3,79660.31,3.5259,1.35093,79619.7,79619.8,4.713,2.8113
1788590764479,1788590764430072,79643.8,79643.9,0.0002,0.119,42457.87,3307174.85,8043316.84,764124.73,3291192.62,8291643.78,79660.3,79660.31,3.526,1.35093,79619.7,79619.8,4.713,2.8106
1788590764725,1788590764688154,79643.8,79644.0,0.0002,0.07008,43536.16,3307168.5,8043331.19,723231.76,3250299.64,8250750.81,79660.3,79660.31,3.526,1.35093,79619.7,79619.8,4.713,2.8106
1788590764971,1788590764895033,79643.8,79644.0,0.0002,0.07008,43536.16,3307168.5,8043331.19,723231.76,3250299.64,8250750.81,79660.3,79660.31,3.526,1.33093,79619.7,79619.8,4.713,2.8106
1788590765228,1788590765063924,79643.8,79644.0,0.0002,0.07008,43536.16,3307168.5,8043331.19,778912.45,3305980.33,8306431.5,79660.3,79660.31,3.526,1.33093,79619.7,79619.8,4.713,2.9963
1788590765472,1788590765063924,79643.8,79644.0,0.0002,0.07008,43536.16,3307168.5,8043331.19,778912.45,3305980.33,8306431.5,79660.3,79660.31,3.526,1.33093,79619.7,79619.8,4.713,2.9963
1788590765718,1788590765626911,79643.8,79644.0,0.0002,0.08008,43536.16,3307168.5,8043331.19,779708.98,3306776.87,8307228.03,79660.3,79660.31,3.526,1.33093,79619.7,79619.8,4.713,2.9938
1788590765977,1788590765881581,79643.8,79644.0,0.0002,0.08008,47307.9,3305531.03,8041693.72,814615.39,3341683.28,8342134.44,79660.3,79660.31,3.526,1.31093,79619.7,79619.8,4.713,2.8081
1788590766221,1788590766181001,79643.8,79644.0,0.0002,0.07008,1767.95,3259991.08,7996153.77,726279.31,3253347.19,8253798.36,79660.3,79660.31,3.52224,1.31093,79619.7,79619.8,4.713,2.8081
1788590766467,1788590766390167,79643.8,79644.0,0.0002,0.07008,1767.95,3269268.07,8005430.76,758139.75,3285207.63,8285658.8,79660.3,79660.31,3.52227,1.31093,79619.7,79619.8,4.713,2.8081
1788590766728,1788590766693048,79643.9,79644.0,0.0002,0.07008,44576.57,3312076.7,8048239.39,806728.96,3338630.44,8339081.6,79660.3,79660.31,3.52237,1.30966,79619.7,79619.8,4.713,2.8081
1788590766972,1788590766764344,79643.8,79644.0,0.00034,0.07008,44560.64,3308158.73,8044321.42,807226.08,3339127.56,8339578.72,79660.3,79660.31,3.52237,1.30966,79619.7,79619.8,4.713,2.8081
1788590767217,1788590767109320,79643.8,79644.0,0.00034,0.06993,44560.64,3308158.73,8044321.42,753224.91,3285126.39,8285577.55,79660.3,79660.31,3.52231,1.27585,79619.7,79619.8,4.713,2.8081
1788590767478,1788590767409965,79643.8,79644.0,0.00034,0.06993,44560.64,3301957.87,8038120.56,753223.43,3277870.91,8278322.07,79660.3,79660.31,3.52231,1.27585,79619.7,79619.8,4.713,2.8081
1788590767724,1788590767679517,79643.8,79644.0,0.0002,0.06993,44549.49,3301946.72,8038109.41,753223.43,3277870.91,8278322.07,79660.3,79660.31,3.52231,1.27585,79619.7,79619.8,4.713,2.8081
1788590767967,1788590767906293,79643.8,79644.0,0.0002,0.06993,44463.5,3301860.72,8038023.41,753223.75,3277871.23,8278322.4,79660.3,79660.31,3.52231,1.27585,79619.7,79619.8,4.713,2.8
1788590768228,1788590768078219,79643.8,79644.0,0.0002,0.06993,44463.5,3301860.73,8038023.42,801861.29,3326508.77,8326959.94,79660.3,79660.31,3.52202,1.27556,79619.7,79619.8,4.713,2.8
1788590768473,1788590768318240,79643.8,79644.0,0.0002,0.06923,44463.5,3301860.73,8038023.42,801805.54,3326453.02,8326904.19,79660.3,79660.31,3.52202,1.26967,79619.7,79619.8,4.713,2.8
1788590768718,1788590768630338,79643.8,79644.0,0.0002,0.06923,1676.38,3259073.64,7995236.33,794086.65,3318734.13,8319185.3,79660.3,79660.31,3.4284,1.26967,79619.7,79619.8,4.713,2.8
1788590768979,1788590768930013,79643.8,79644.0,0.0002,0.06923,1676.38,3259073.64,7995236.33,802064.22,3326711.7,8327162.86,79660.3,79660.31,3.42847,1.26967,79619.7,79619.8,4.713,2.8
1788590769227,1788590769113020,79643.8,79644.0,0.0002,0.06923,42556.19,3299953.44,8036116.13,802053.87,3326701.35,8327152.51,79660.3,79660.31,3.42847,1.26967,79619.7,79619.8,4.713,2.8
1788590769474,1788590769113020,79643.8,79644.0,0.0002,0.06923,42556.19,3299953.44,8036116.13,802053.87,3326701.35,8327152.51,79660.3,79660.31,3.42847,1.26967,79619.7,79619.8,4.713,2.8
1788590769720,1788590769683736,79643.8,79644.0,0.0002,0.06923,45681.16,3299701.11,8035863.8,766649.25,3291296.73,8291747.9,79660.3,79660.31,3.43937,1.13978,79619.7,79619.8,4.713,2.8
1788590769980,1788590769931677,79643.9,79644.0,0.0002,0.06923,46466.42,3297803.68,8033966.37,718967.87,3243615.35,8244066.51,79660.3,79660.31,3.43937,1.13573,79619.7,79619.8,4.713,2.8
1788590770225,1788590770187050,79643.9,79644.0,0.0002,0.06923,46466.42,3297803.68,8033966.37,718988.58,3243636.16,8244087.33,79660.3,79660.31,3.43683,1.13573,79619.7,79619.8,4.713,2.8
1788590770471,1788590770426784,79643.9,79644.0,0.0002,0.06923,46466.42,3268592.82,8004755.51,740856.78,3265504.37,8265955.53,79660.3,79660.31,3.43683,1.13723,79619.7,79619.8,4.713,2.8
1788590770730,1788590770695170,79643.9,79644.0,0.0002,0.06923,42381.8,3299461.36,8035624.05,806170.07,3330817.66,8331268.82,79660.3,79660.31,3.52025,1.11062,79619.7,79619.8,4.713,2.8
1788590770976,1788590770741971,79643.9,79644.0,0.0002,0.06923,42666.1,3297108.33,8033271.01,806159.72,3330807.3,8331258.47,79660.3,79660.31,3.52025,1.11062,79619.7,79619.8,4.713,2.8
1788590771220,1788590770741971,79643.9,79644.0,0.0002,0.06923,42666.1,3297108.33,8033271.01,806159.72,3330807.3,8331258.47,79660.3,79660.31,3.52025,1.11062,79619.7,79619.8,4.713,2.8
1788590771481,1788590771377113,79643.9,79644.0,0.0002,0.06923,42666.1,3297108.34,8033271.02,806159.73,3330807.31,8331258.47,79660.3,79660.31,3.52025,1.11062,79619.7,79619.8,4.713,2.8
1788590771729,1788590771486759,79643.9,79644.0,0.0002,0.06923,42666.1,3297108.34,8033271.02,752437.96,3277085.54,8277536.71,79660.3,79660.31,3.52025,1.10753,79619.7,79619.8,4.713,2.8
1788590771975,1788590771765286,79643.9,79644.0,0.0002,0.06937,42666.1,3297108.34,8033271.02,809319.24,3333966.83,8334417.99,79660.3,79660.31,3.52025,1.10753,79619.7,79619.8,4.713,2.8
1788590772219,1788590772181952,79639.6,79644.0,0.51331,0.06937,299806.68,3734353.51,8269920.61,720639.59,3244963.69,8245414.86,79660.3,79660.31,3.52025,1.09904,79619.7,79619.8,4.713,2.8
1788590772479,1788590772389340,79643.9,79644.0,0.0002,0.06937,43349.38,3305044.95,8041207.64,801429.29,3333007.35,8333458.52,79660.3,79660.31,3.52025,1.10856,79619.7,79619.8,4.713,2.8
1788590772722,1788590772526275,79643.9,79644.0,0.0002,0.06923,43349.38,3305044.95,8041207.64,801418.14,3332996.2,8333447.37,79660.3,79660.31,3.52025,1.10856,79619.7,79619.8,4.713,2.8
1788590772981,1788590772915625,79643.9,79644.0,0.0002,0.06923,43349.38,3305044.95,8041207.64,801418.14,3332996.2,8333447.37,79660.3,79660.31,3.52025,1.10856,79619.7,79619.8,4.713,2.8
1788590773226,1788590772945005,79643.9,79644.0,0.0002,0.06923,43349.38,3305044.95,8041207.64,801418.14,3332996.2,8333447.37,79660.3,79660.31,3.52025,1.10856,79619.7,79619.8,4.713,2.8
1788590773469,1788590772945005,79643.9,79644.0,0.0002,0.06923,43349.38,3305044.95,8041207.64,801418.14,3332996.2,8333447.37,79660.3,79660.31,3.52025,1.10856,79619.7,79619.8,4.713,2.8
1788590773727,1788590773619994,79643.9,79644.0,0.0002,0.06923,2469.58,3264165.15,8000327.83,810540.27,3342118.33,8342569.5,79660.3,79660.31,3.52025,1.07856,79619.7,79619.8,4.713,2.8
1788590773972,1788590773853192,79643.9,79644.0,0.0002,0.06923,42297.29,3303992.86,8040155.55,810540.27,3342118.33,8342569.5,79660.3,79660.31,3.51016,1.08236,79619.7,79619.8,4.713,2.8
1788590774230,1788590774194852,79638.8,79644.0,0.00013,0.06923,277877.91,3808881.79,8264694.1,752488.4,3284066.46,8284517.62,79660.3,79660.31,3.51016,1.08236,79619.7,79619.8,4.713,2.8
1788590774474,1788590774438503,79643.9,79644.0,0.0002,0.06407,46009.29,3307704.87,8043867.55,752077.44,3283655.5,8284106.66,79660.3,79660.31,3.51016,1.08236,79619.7,79619.8,4.713,2.8
1788590774718,1788590774667549,79643.9,79644.0,0.0002,0.06407,46009.29,3292083.24,8028245.93,752077.44,3283655.5,8284106.66,79660.3,79660.31,3.51016,1.08236,79619.7,79619.8,4.713,2.8
1788590774980,1788590774667549,79643.9,79644.0,0.0002,0.06407,46009.29,3292083.24,8028245.93,752077.44,3283655.5,8284106.66,79660.3,79660.31,3.47438,1.04042,79619.7,79619.8,4.713,2.8
1788590775224,1788590775086032,79643.9,79644.0,0.0002,0.06407,46009.29,3292083.24,8028245.93,752033.63,3283655.5,8284106.66,79660.3,79660.31,3.47438,1.03964,79619.7,79619.8,4.713,2.8
1788590775469,1788590775371247,79643.9,79644.0,0.0002,0.06407,46805.69,3292879.64,8029042.33,809671.85,3341293.72,8341744.88,79660.3,79660.31,3.47438,1.16975,79619.7,79619.8,4.713,2.8
1788590775729,1788590775692048,79643.9,79644.0,0.0002,0.06407,1735.31,3270976.77,8007139.46,809681.39,3341303.26,8341754.42,79660.3,79660.31,3.47438,1.16975,79619.7,79619.8,4.713,2.8
1788590775974,1788590775907989,79643.9,79644.0,0.0002,0.06407,1735.31,3270976.77,8007139.46,809681.39,3341303.25,8341754.42,79660.3,79660.31,3.47438,1.16969,79619.7,79619.8,4.713,2.8
1788590776219,1788590776157515,79643.6,79644.0,0.00011,0.06407,1680.35,3276873.8,8007084.51,809681.39,3341303.25,8341754.42,79660.3,79660.31,3.47438,1.16167,79619.7,79619.8,4.713,2.8
1788590776479,1788590776384928,79643.6,79644.0,0.00011,0.06404,1680.35,3276873.8,8007084.51,809679.0,3341300.86,8341752.03,79660.3,79660.31,3.46084,1.13242,79619.7,79619.8,4.713,2.8
1788590776725,1788590776460592,79643.6,79644.0,0.00011,0.06398,1680.35,3276873.8,8007084.51,809674.22,3341296.08,8341747.25,79660.3,79660.31,3.46084,1.13233,79619.7,79619.8,5.0924,2.8092
1788590776968,1788590776460592,79643.6,79644.0,0.00011,0.06398,1680.35,3276873.8,8007084.51,809674.22,3341296.08,8341747.25,79660.3,79660.31,3.45949,1.13233,79619.7,79619.8,4.0924,2.8092
1788590777228,1788590777089954,79643.6,79644.0,0.00011,0.06398,1680.35,3276873.8,8007084.51,809674.22,3341296.08,8341747.25,79660.3,79660.31,3.45949,1.13233,79619.7,79619.8,3.992,2.8092
1788590777475,1788590777317956,79643.6,79644.0,0.00011,0.06398,1680.35,3269620.47,7999831.17,809674.22,3341296.08,8341747.25,79660.3,79660.31,3.45949,1.13226,79619.7,79619.8,3.992,2.8092
1788590777721,1788590777609281,79643.6,79644.0,0.00011,0.06398,1680.35,3273522.51,8003733.21,809674.22,3341296.08,8341747.25,79660.3,79660.31,3.45949,1.11195,79619.7,79619.8,3.992,2.8092
1788590777969,1788590777923964,79643.6,79644.0,0.00011,0.07653,2476.75,3274318.91,8004529.61,810673.75,3342295.62,8342746.78,79660.3,79660.31,3.45949,1.11199,79619.7,79619.8,3.992,2.8092
1788590778230,1788590778167263,79643.6,79644.0,0.00011,0.07653,1680.35,3272522.35,8002733.06,810673.75,3342295.62,8342746.78,79660.3,79660.31,3.45949,1.11199,79619.7,79619.8,3.992,2.8092
1788590778475,1788590778167263,79643.6,79644.0,0.00011,0.07653,1680.35,3272522.35,8002733.06,810673.75,3342295.62,8342746.78,79660.3,79660.31,3.45949,1.11199,79619.7,79619.8,3.992,2.8092
1788590778721,1788590778167263,79643.6,79644.0,0.00011,0.07653,1680.35,3272522.35,8002733.06,810673.75,3342295.62,8342746.78,79660.3,79660.31,3.45949,1.26906,79619.7,79619.8,3.992,2.8092
1788590778968,1788590778922345,79643.6,79644.0,0.00011,0.07653,41701.24,3312543.24,8042753.95,810673.75,3342295.62,8342746.78,79660.3,79660.31,3.45949,1.26919,79619.7,79619.8,3.992,2.8092
1788590779229,1788590779160507,79643.6,79644.0,0.00011,0.07653,42497.64,3305535.57,8035746.27,809658.28,3341280.14,8341731.31,79660.3,79660.31,3.45949,1.26919,79619.7,79619.8,3.992,2.8092
1788590779474,1788590779335227,79643.6,79644.0,0.00011,0.07653,41701.24,3304739.16,8034949.87,809658.28,3341280.14,8341731.31,79660.3,79660.31,3.45924,1.26919,79619.7,79619.8,3.992,2.8092
1788590779719,1788590779614111,79643.6,79644.0,0.00011,0.07653,67403.38,3330442.59,8060653.29,753550.3,3285172.17,8285623.33,79660.3,79660.31,3.46924,1.11021,79619.7,79619.8,4.7381,2.5768
1788590779978,1788590779820647,79643.6,79644.0,0.00011,0.07653,67403.38,3330442.04,8060652.75,753550.31,3285172.18,8285623.34,79660.3,79660.31,3.46924,1.11021,79619.7,79619.8,4.7381,2.571
1788590780226,1788590779820647,79643.6,79644.0,0.00011,0.07653,67403.38,3330442.04,8060652.75,753550.31,3285172.18,8285623.34,79660.3,79660.31,3.46924,1.11021,79619.7,79619.8,4.7381,2.571
1788590780472,1788590780314906,79643.6,79644.0,0.00011,0.07653,67317.39,3330356.05,8060566.75,754529.97,3286151.84,8286603.01,79660.3,79660.31,3.46924,1.11021,79619.7,79619.8,4.7381,2.6291
1788590780731,1788590780647818,79643.6,79644.0,0.00011,0.07653,67317.39,3328763.37,8058974.08,752936.98,3284558.84,8285010.01,79660.3,79660.31,3.46924,1.11395,79619.7,79619.8,4.7362,2.6291
1788590780977,1788590780751884,79643.6,79644.0,0.00011,0.07653,67317.39,3328763.37,8058974.08,809479.02,3341100.89,8341552.05,79660.3,79660.31,3.46924,1.11395,79619.7,79619.8,4.7362,2.6291
1788590781219,1788590781183675,79643.6,79644.0,0.00011,0.07652,67317.39,3330356.05,8060566.75,811071.22,3342693.09,8343144.25,79660.3,79660.31,3.46924,1.10395,79619.7,79619.8,4.7362,2.6291
1788590781467,1788590781435231,79643.6,79644.0,0.00011,0.07652,27296.5,3290335.16,8020545.87,813752.0,3345373.86,8345825.03,79660.3,79660.31,3.46924,1.10395,79619.7,79619.8,4.7356,2.8148
1788590781728,1788590781580186,79643.6,79644.0,0.00011,0.07652,1594.36,3261989.31,7992200.02,813810.9,3345432.77,8345883.93,79660.3,79660.31,3.46924,1.10402,79619.7,79619.8,3.9914,2.8148
1788590781973,1788590781855642,79643.6,79643.7,0.00011,0.04007,2422.61,3262817.57,7993028.27,809437.17,3339935.15,8346338.68,79660.3,79660.31,3.45662,1.10402,79619.7,79619.8,3.9914,2.8148
1788590782219,1788590782173491,79643.6,79643.7,0.00011,0.04007,28124.76,3288519.71,8018730.41,809437.17,3339935.16,8346338.69,79660.3,79660.31,3.45662,1.10402,79619.7,79619.8,3.9914,2.6291
1788590782480,1788590782325975,79643.6,79643.7,0.00011,0.04007,69309.58,3336957.8,8067168.5,809437.17,3339935.16,8346839.14,79660.3,79660.31,3.45662,1.06402,79619.7,79619.8,3.9933,2.6291
1788590782722,1788590782592489,79643.6,79643.7,0.00011,0.04007,43511.05,3311159.27,8041369.97,807078.92,3339924.47,8346828.45,79660.3,79660.31,3.45662,1.06402,79619.7,79619.8,3.9914,2.6291
1788590782966,1788590782946079,79643.9,79644.0,2.3994,0.01255,699143.33,3650172.95,8136568.73,1009.89,2161469.3,7162480.73,79664.15,79664.16,7.11446,0.07386,79628.4,79628.5,7.7893,0.8441
1788590783228,1788590783196067,79654.0,79654.1,0.0002,0.04019,10141.44,2540981.07,7403661.37,297778.57,4632313.84,8526287.96,79664.15,79664.16,7.22205,0.03132,79628.4,79628.5,8.1051,0.5807
1788590783473,1788590783441704,79654.0,79654.1,0.0002,0.04009,81097.84,2451903.83,7287893.21,332105.38,4527410.13,8421362.5,79664.15,79664.16,7.22291,0.03116,79628.4,79628.5,8.1051,0.5807
1788590783719,1788590783597941,79654.0,79654.1,0.0002,0.04009,81097.84,2459484.38,7622935.38,332105.35,4633473.38,8739909.91,79664.15,79664.16,7.22249,0.02373,79628.4,79628.5,8.1128,0.5807
1788590783978,1788590783908037,79654.0,79654.1,0.0002,0.04009,81087.49,2464888.53,7628339.53,332115.71,4652007.02,8758443.56,79664.15,79664.16,7.22506,0.02172,79628.4,79628.5,8.1128,0.5807
1788590784225,1788590784135190,79654.0,79654.1,0.0002,0.05262,81087.49,2464888.53,7628339.53,333114.0,4653005.31,8759441.85,79664.15,79664.16,7.22756,0.02196,79628.4,79628.5,8.1126,0.5807
1788590784470,1788590784409895,79653.7,79653.8,0.0002,0.02913,81986.72,2443600.13,7607051.13,373021.28,4700567.27,8807142.48,79664.15,79664.16,7.22756,0.02196,79628.4,79628.5,8.1126,0.5807
1788590784731,1788590784470676,79653.7,79653.8,0.0002,0.02913,101749.45,2463362.86,7626813.86,321924.41,4649470.4,8756045.61,79664.15,79664.16,7.22756,0.02196,79628.4,79628.5,8.1126,0.5807
1788590784973,1788590784942193,79653.7,79653.8,0.0002,0.02913,102259.19,2463372.5,7626823.5,353788.09,4669173.03,8775727.98,79664.15,79664.16,7.48984,0.01903,79628.4,79628.5,8.1126,0.5807
1788590785220,1788590785157262,79653.5,79653.6,0.0002,0.02913,82517.96,2449000.5,7612451.5,399833.85,4723092.71,8829647.67,79664.15,79664.16,7.48984,0.02016,79628.4,79628.5,8.1126,0.5859
1788590785479,1788590785445352,79653.5,79653.6,0.0002,0.02913,82517.96,2449000.5,7612451.5,415161.29,4738418.06,8844973.01,79664.15,79664.16,7.48984,0.02016,79628.4,79628.5,8.0587,0.5846
1788590785724,1788590785661068,79653.5,79653.6,0.0002,0.02913,38436.28,2402775.75,7566226.75,415228.97,4758317.99,8864872.94,79664.15,79664.16,7.48984,0.02016,79628.4,79628.5,8.0587,0.5943
1788590785971,1788590785919587,79653.5,79653.6,0.0002,0.02913,31390.11,2361199.16,7524650.16,386690.28,4741495.22,8848050.18,79665.43,79665.44,6.01786,0.21333,79628.4,79628.5,8.0587,0.7844
1788590786216,1788590786054927,79653.5,79653.6,0.0002,0.02913,56395.38,2418056.95,7581507.95,418564.11,4773358.7,8879905.65,79665.43,79665.44,6.22442,0.6894,79628.4,79628.5,7.416,0.9702
1788590786475,1788590786418883,79652.9,79653.0,0.0002,0.06785,83098.82,2508687.99,7634364.55,527256.9,4873348.77,8977709.52,79665.43,79665.44,6.21801,0.81872,79628.4,79628.5,7.416,0.9702
1788590786717,1788590786666921,79648.6,79653.0,0.017,0.06785,283948.74,3501878.64,7812731.35,581247.31,4927339.19,9031699.94,79665.43,79665.44,6.22935,0.81885,79628.4,79628.5,7.416,0.976
1788590786982,1788590786924248,79648.4,79653.0,0.017,0.06799,300226.36,3624049.05,7934901.76,581258.46,4927350.34,9031711.09,79665.43,79665.44,6.22935,0.95752,79628.4,79628.5,7.5164,0.976
1788590787225,1788590787191069,79648.8,79653.0,0.017,0.06799,280524.32,3577322.31,7887174.84,540892.38,4891883.77,8996244.52,79665.43,79665.44,6.23198,0.67876,79628.4,79628.5,7.5164,0.7832
1788590787469,1788590787314178,79649.2,79653.0,0.00879,0.06799,296015.16,3222477.54,7775229.1,495724.92,4846716.32,8951077.07,79665.43,79665.44,6.2351,0.67876,79628.4,79628.5,7.5164,0.5873
1788590787726,1788590787695337,79648.6,79653.0,0.22416,0.06352,299094.72,3622966.47,7933819.18,553569.66,4904561.06,9008921.81,79665.43,79665.44,6.2311,0.6255,79628.4,79628.5,7.5164,0.5886
1788590787972,1788590787815143,79649.5,79653.0,0.24286,0.03905,295667.35,3222129.73,7773846.88,548362.2,4933140.22,9037500.97,79665.43,79665.44,6.23068,0.6255,79628.4,79628.5,7.5164,0.6167
1788590788217,1788590788187231,79649.5,79653.0,0.24286,0.02938,296463.84,3223001.74,7774718.89,547591.96,4932369.97,9036730.72,79665.43,79665.44,6.23068,0.6255,79628.4,79628.5,7.5164,0.615
1788590788477,1788590788445470,79649.5,79653.0,0.24286,0.02876,296434.43,3222972.65,7774689.8,515679.66,4900447.31,9004808.06,79665.43,79665.44,6.2433,0.62543,79628.4,79628.5,7.5164,0.615
1788590788721,1788590788511184,79649.5,79653.0,0.24286,0.02876,295637.94,3222176.16,7773893.31,547542.9,4932310.55,9036671.3,79665.43,79665.44,6.24351,0.62536,79628.4,79628.5,7.5164,0.6105
1788590788967,1788590788779427,79649.5,79653.0,0.24286,0.02876,295637.94,3227574.76,7779291.91,547542.9,4935035.05,9039395.8,79665.43,79665.44,6.2456,0.62536,79628.4,79628.5,7.5164,0.6105
1788590789229,1788590789190144,79648.6,79653.0,0.017,0.02876,284577.22,3613923.41,7924776.12,542521.59,4930013.74,9034374.49,79665.43,79665.44,6.24574,0.62536,79628.4,79628.5,7.5164,0.6105
1788590789474,1788590789417334,79648.6,79653.0,0.017,0.02876,283780.76,3581274.43,7892127.14,542531.95,4930024.1,9034384.85,79665.43,79665.44,6.24574,0.62323,79628.4,79628.5,7.5164,0.6092
1788590789719,1788590789561177,79648.6,79653.0,0.017,0.02876,283780.76,3613126.63,7923979.34,542531.31,4930023.46,9034384.21,79665.43,79665.44,6.24581,0.62323,79628.4,79628.5,7.5164,0.6092
1788590789981,1788590789869866,79648.6,79653.0,0.017,0.02876,283780.76,3613126.63,7923979.34,542531.31,4930023.46,9034384.21,79665.43,79665.44,6.24581,0.62323,79628.4,79628.5,7.5164,0.6105
1788590790229,1788590790125186,79648.6,79653.0,0.017,0.02876,283780.76,3613126.63,7923979.34,542531.31,4930023.46,9034384.21,79665.43,79665.44,6.24581,0.62316,79628.4,79628.5,7.5164,0.6077
1788590790473,1788590790430225,79648.6,79653.0,0.017,0.02876,283780.76,3613126.63,7923979.34,544844.67,4932336.82,9036697.57,79665.43,79665.44,6.24581,0.62316,79628.4,79628.5,7.5164,0.6077
1788590790729,1788590790680360,79648.9,79653.0,0.017,0.02624,280729.1,3614853.42,7765417.16,543178.61,4930670.76,9035031.51,79665.43,79665.44,6.24581,0.62316,79628.4,79628.5,7.5164,1.0284
1788590790974,1788590790770557,79648.6,79653.0,0.017,0.02624,284153.52,3613499.39,7924352.1,543178.61,4930670.76,9035031.51,79665.43,79665.44,6.24405,0.62316,79628.4,79628.5,7.5164,1.0751
1788590791219,1788590791011606,79648.6,79653.0,0.017,0.02624,284153.52,3613499.39,7924352.1,542178.95,4929671.1,9034031.85,79665.43,79665.44,6.24405,0.62316,79628.4,79628.5,7.5164,1.0809
1788590791480,1788590791444398,79648.6,79653.0,0.017,0.02624,284153.52,3616232.56,7927085.27,567187.99,4954680.14,9059040.89,79665.43,79665.44,6.24405,0.62316,79628.4,79628.5,7.5164,1.0284
1788590791726,1788590791658063,79648.6,79653.0,0.017,0.02624,283215.21,3619923.33,7930776.04,542178.95,4929671.1,9034031.85,79665.43,79665.44,6.25737,0.62316,79628.4,79628.5,7.5164,1.0284
1788590791974,1788590791939252,79648.6,79653.0,0.017,0.02624,302962.28,3639670.4,7950523.11,567187.96,4954680.11,9059040.86,79665.43,79665.44,6.25752,0.62316,79628.4,79628.5,7.5164,1.0284
1788590792220,1788590792194090,79648.2,79652.8,0.017,0.03888,247727.56,3641684.01,7952536.73,577619.23,4962763.54,9067124.29,79665.43,79665.44,6.25773,0.6233,79628.4,79628.5,7.5164,1.0909
1788590792479,1788590792437947,79652.1,79652.2,0.0002,0.05144,108531.15,3171019.48,7838160.42,559463.24,5035608.46,9091472.84,79665.43,79665.44,6.25146,1.11915,79628.4,79628.5,7.5164,1.3322
1788590792723,1788590792677886,79652.1,79652.2,0.0002,0.05158,93657.98,3156146.42,7823287.36,504316.2,4980461.42,9036325.79,79665.43,79665.44,6.25752,0.95577,79628.4,79628.5,7.5164,1.3264
1788590792969,1788590792720178,79652.1,79652.2,0.0002,0.05158,93658.6,3260372.82,7927513.77,504316.2,4980461.42,9036325.79,79665.43,79665.44,6.25752,0.80814,79628.4,79628.5,7.5164,1.3264
1788590793230,1788590793176158,79652.1,79652.2,0.0002,0.04027,93658.62,3260372.84,7927513.78,500760.45,5097710.71,9153575.09,79665.43,79665.44,6.25717,0.80814,79628.4,79628.5,7.5164,1.3264
1788590793474,1788590793437131,79652.1,79652.2,0.0002,0.04013,93658.62,3260372.84,7927513.78,559045.18,5155995.44,9211859.81,79665.43,79665.44,6.25717,0.80814,79628.4,79628.5,7.5164,1.3264
1788590793719,1788590793688902,79652.1,79652.2,0.0002,0.04013,90786.5,3225648.4,7892789.34,523931.61,5120881.87,9176746.24,79665.43,79665.44,6.2494,1.08438,79628.4,79628.5,7.5164,1.3335
1788590793979,1788590793934001,79651.8,79652.0,0.0002,0.04019,252911.34,3461511.41,8128652.35,544363.25,5153313.49,9209177.87,79665.43,79665.44,6.25567,0.80821,79628.4,79628.5,7.5164,1.3277
1788590794226,1788590793934001,79651.8,79652.0,0.0002,0.04019,252911.34,3461511.41,8128652.35,544363.25,5153313.49,9209177.87,79665.43,79665.44,6.2556,0.80869,79628.4,79628.5,7.5164,1.3214
1788590794471,1788590794409050,79651.8,79652.0,0.0002,0.04019,252911.34,3461511.41,8128652.35,544363.25,5153313.49,9209177.87,79665.43,79665.44,6.25504,0.80821,79628.4,79628.5,7.5164,1.3214
1788590794718,1788590794561071,79651.8,79652.0,0.0002,0.04019,252911.34,3461511.41,8128652.35,520427.19,5129377.43,9185241.81,79665.43,79665.44,6.25518,0.80821,79628.4,79628.5,7.5164,1.3214
1788590794978,1788590794874449,79651.8,79652.0,0.0002,0.04019,234971.55,3411720.46,8078861.4,518594.32,5326650.91,9382515.28,79665.43,79665.44,6.24947,1.07404,79628.4,79628.5,7.5164,1.3227
1788590795221,1788590795171539,79651.8,79652.0,0.0002,0.04019,272726.95,3481327.54,8148468.48,518594.32,5326650.91,9382515.28,79665.43,79665.44,6.2494,0.94692,79628.4,79628.5,7.5164,1.3227
1788590795468,1788590795270882,79651.8,79652.0,0.0002,0.04019,272726.95,3481327.54,8148468.48,518583.97,5326640.55,9382504.93,79665.43,79665.44,6.24947,0.91479,79628.4,79628.5,7.5164,1.3227
1788590795730,1788590795270882,79651.8,79652.0,0.0002,0.04019,272726.95,3481327.54,8148468.48,518583.97,5326640.55,9382504.93,79665.43,79665.44,6.24947,0.91479,79628.4,79628.5,7.5164,1.3227
1788590795975,1788590795270882,79651.8,79652.0,0.0002,0.04019,272726.95,3481327.54,8148468.48,518583.97,5326640.55,9382504.93,79665.43,79665.44,6.24902,0.91479,79628.4,79628.5,7.5164,1.3227
1788590796220,1788590796197182,79651.9,79652.0,0.0002,0.04019,86033.39,3468406.41,8135547.35,513262.76,5321319.35,9377183.72,79665.43,79665.44,6.24916,0.91479,79628.4,79628.5,7.5164,1.3227
1788590796480,1788590796314487,79651.9,79652.0,0.0002,0.04019,120167.13,3502540.14,8169681.09,513252.41,5321308.99,9377173.37,79665.43,79665.44,6.24916,0.91479,79628.4,79628.5,7.5164,1.3285
1788590796726,1788590796659385,79651.9,79652.0,0.0002,0.04019,120167.13,3470688.46,8137829.41,513252.41,5321308.99,9377173.37,79665.43,79665.44,6.24916,0.91479,79628.4,79628.5,7.5164,1.3285
1788590796973,1788590796932901,79651.9,79652.0,0.0002,0.04019,120167.52,3502541.06,8169682.0,513252.41,5321308.99,9377173.37,79665.43,79665.44,6.2533,0.89479,79628.4,79628.5,7.5164,1.2747
1788590797218,1788590797126426,79651.9,79652.0,0.0002,0.03764,120167.23,3502540.76,8169681.7,513049.3,5321105.88,9376970.26,79665.43,79665.44,6.25323,0.89622,79628.4,79628.5,7.5164,1.276
1788590797477,1788590797438492,79648.6,79652.0,0.017,0.03764,270285.83,3987666.1,8298518.81,523856.53,5324776.9,9380641.28,79665.43,79665.44,6.25323,1.0276,79628.4,79628.5,7.5164,1.3285
1788590797721,1788590797661948,79651.5,79651.8,0.0002,0.03888,252127.15,3464044.97,8121363.41,461688.54,5149325.24,9311252.9,79665.43,79665.44,6.25323,1.0275,79628.4,79628.5,7.5164,1.3227
1788590797981,1788590797880251,79651.4,79651.5,0.0001,0.03888,253496.12,3465413.77,8122732.21,302218.97,5142101.19,8035403.35,79665.43,79665.44,6.25323,1.0275,79628.4,79628.5,7.5164,1.3285
1788590798226,1788590798190125,79651.4,79651.5,0.0001,0.03888,254292.57,3466210.23,8123528.67,268895.43,5108777.65,8002079.8,79665.43,79665.44,6.2533,1.07412,79628.4,79628.5,7.5164,1.3227
1788590798472,1788590798216218,79651.4,79651.5,0.0001,0.03888,253496.12,3465413.77,8122732.21,268895.43,5108777.65,8002079.8,79665.43,79665.44,6.2533,1.19779,79628.4,79628.5,7.5164,1.3285
1788590798717,1788590798624693,79651.4,79651.5,0.0001,0.03888,253496.12,3465413.77,8122732.21,237043.79,5076926.0,7970228.16,79665.43,79665.44,6.2533,1.05858,79628.4,79628.5,7.5164,1.3214
1788590798976,1788590798931184,79651.1,79651.4,0.0002,0.01047,300941.61,3482024.66,8140325.29,321582.85,5161465.06,8025049.04,79665.43,79665.44,6.2533,1.20635,79628.4,79628.5,7.5164,1.3214
1788590799221,1788590799155085,79651.1,79651.4,0.0002,0.02302,253752.33,3466687.59,8124988.22,322561.76,5162443.98,8026027.96,79665.43,79665.44,6.2533,1.20635,79628.4,79628.5,7.5164,1.3272
1788590799479,1788590799435955,79651.1,79651.4,0.0002,0.02302,253752.87,3466688.12,8124988.76,322561.76,5162454.33,8026038.32,79665.43,79665.44,6.2533,1.18783,79628.4,79628.5,7.5164,1.3285
1788590799723,1788590799683335,79651.1,79651.4,0.0002,0.02302,253752.58,3466687.83,8124988.47,322062.32,5161954.89,8025538.88,79665.43,79665.44,6.25117,1.18783,79628.4,79628.5,7.5164,1.3385
1788590799971,1788590799901997,79651.2,79651.3,0.0002,0.00834,253440.16,3466375.41,8124676.05,238490.23,5078432.19,7942016.18,79665.43,79665.44,6.25117,1.18371,79628.4,79628.5,7.5164,1.3227
1788590800231,1788590800151640,79651.2,79651.3,0.0002,0.00834,253440.16,3466375.41,8124676.05,270363.27,5110305.23,7973889.21,79665.43,79665.44,6.25117,1.05446,79628.4,79628.5,7.5167,1.3214
1788590800474,1788590800400081,79651.2,79651.3,0.0002,0.00834,296070.01,3509005.26,8167305.9,302116.5,5142058.46,8005642.44,79665.43,79665.44,6.25117,1.19427,79628.4,79628.5,7.5167,1.3227
1788590800718,1788590800643032,79651.2,79651.3,0.0002,0.04905,296070.0,3509005.25,8167305.89,302262.25,5142204.21,8005788.2,79665.43,79665.44,6.25117,1.19427,79628.4,79628.5,7.5167,1.3204
1788590800979,1788590800932276,79651.1,79651.4,0.0002,0.02302,296398.13,3509333.38,8167634.02,298404.75,5141394.7,8004978.69,79665.43,79665.44,6.25117,1.05226,79628.4,79628.5,7.5167,1.3191
1788590801224,1788590801165313,79648.1,79651.4,0.017,0.01189,288544.56,4005925.52,8316778.24,357091.79,5200081.75,8063665.73,79665.43,79665.44,6.25117,1.03226,79628.4,79628.5,7.5167,1.3204
1788590801470,1788590801330229,79648.1,79651.4,0.017,0.01189,288544.56,4005925.52,8316778.24,357091.79,5200081.75,8063665.73,79665.43,79665.44,6.25117,1.03226,79628.4,79628.5,7.5167,1.3204
1788590801730,1788590801675739,79648.1,79651.4,0.00043,0.01189,246385.37,3963765.75,8274618.46,357091.79,5200081.75,8063665.73,79665.43,79665.44,6.25117,1.03226,79628.4,79628.5,7.5167,1.3204
1788590801974,1788590801834470,79648.1,79651.4,0.00043,0.01189,247181.83,3964562.21,8275414.92,357091.79,5200081.75,8063665.73,79665.43,79665.44,6.26137,1.03226,79628.4,79628.5,7.5167,1.3188
1788590802222,1788590802131049,79651.2,79651.4,0.00063,0.01189,234860.89,3447796.26,8106096.89,357791.98,5200795.48,8064379.46,79665.43,79665.44,6.25924,1.03828,79628.4,79628.5,7.5167,1.3201
1788590802480,1788590802395545,79651.2,79651.4,0.00063,0.01189,235657.9,3455729.73,8114030.36,325328.2,5175468.06,8039052.04,79665.43,79665.44,6.25924,1.00835,79628.4,79628.5,7.5167,1.3201
1788590802725,1788590802695619,79647.3,79651.8,0.017,0.01213,279457.24,3999873.69,8317732.9,509559.4,4187305.0,8093646.4,79665.43,79665.44,6.25924,1.00822,79628.4,79628.5,7.5167,1.3201
1788590802970,1788590802785626,79651.6,79651.7,0.0002,0.03888,253945.45,3474912.08,8132230.52,486947.56,4154358.19,8067923.63,79665.43,79665.44,6.25924,1.00822,79628.4,79628.5,7.523,1.2315
1788590803232,1788590803147843,79651.6,79651.7,0.0002,0.03902,253945.45,3474912.08,8132230.52,486958.71,4154369.34,8067934.78,79665.43,79665.44,6.25924,0.99254,79628.4,79628.5,7.523,1.2315
1788590803478,1788590803422952,79651.6,79651.7,0.0002,0.00014,296753.75,3517720.38,8175038.82,515264.65,4182675.28,8096240.72,79665.43,79665.44,6.25924,0.99261,79628.4,79628.5,7.523,1.2302
1788590803723,1788590803640696,79651.6,79651.7,0.0002,0.01163,296753.75,3517720.38,8175038.82,516169.13,4186781.53,8100346.97,79665.43,79665.44,6.25924,0.99268,79628.4,79628.5,7.523,1.2302
1788590803969,1788590803935618,79651.6,79651.7,0.0002,0.01163,254781.73,3474748.13,8132066.57,484766.34,4155378.74,8068944.18,79665.43,79665.44,6.25924,0.99685,79628.4,79628.5,7.4525,1.1577
1788590804231,1788590804195780,79651.3,79651.6,0.0002,0.01381,257285.11,3476339.97,8132657.7,476329.95,4146942.35,8060507.79,79665.43,79665.44,6.25924,0.99402,79628.4,79628.5,7.4525,1.1574
1788590804474,1788590804348203,79651.3,79651.6,0.0002,0.01381,255797.32,3474852.19,8131169.92,427257.95,4097870.34,8011435.78,79665.43,79665.44,6.25924,0.99402,79628.4,79628.5,7.4525,1.2041
1788590804718,1788590804696800,79648.0,79651.6,0.017,0.01381,246664.51,3966875.19,8277727.9,482913.26,4153525.66,8067091.1,79665.43,79665.44,6.25924,0.99387,79628.4,79628.5,7.4525,1.206
1788590804979,1788590804936267,79651.5,79651.6,0.0002,0.01381,292955.36,3513009.21,8170327.65,463546.81,4134159.2,8047724.64,79665.43,79665.44,6.25924,0.99604,79628.4,79628.5,7.4525,1.1583
1788590805223,1788590805091899,79651.5,79651.6,0.0002,0.01381,255924.59,3475978.43,8133296.87,463546.81,4134164.78,8047730.22,79665.43,79665.44,6.25924,0.96604,79628.4,79628.5,7.4525,1.1583
1788590805468,1788590805301878,79651.5,79651.6,0.0002,0.01381,255924.59,3475978.43,8133296.87,463536.45,4134154.42,8047719.86,79665.43,79665.44,6.25924,0.96604,79628.4,79628.5,7.4525,1.1583
1788590805728,1788590805661934,79651.5,79651.6,0.0002,0.02381,255128.13,3475181.97,8132500.41,464332.97,4134950.94,8048516.38,79665.43,79665.44,6.25924,0.96604,79628.4,79628.5,7.4525,1.2108
1788590805973,1788590805886810,79651.5,79651.6,0.0002,0.7,234693.43,3454747.28,8112065.71,518192.58,4188810.56,8102376.0,79665.43,79665.44,6.25924,0.96604,79628.4,79628.5,7.4525,1.205
1788590806220,1788590806176683,79651.5,79651.6,0.0002,0.7,235489.6,3455543.44,8112861.88,543201.18,4213819.15,8127384.59,79665.43,79665.44,6.25924,0.96604,79628.4,79628.5,7.3842,1.205
1788590806479,1788590806418516,79651.5,79651.6,0.0002,0.01381,294317.92,3514371.77,8171690.21,463536.45,4134154.42,8047719.86,79665.43,79665.44,6.25846,0.96426,79628.4,79628.5,7.3842,1.205
1788590806729,1788590806418516,79651.5,79651.6,0.0002,0.01381,294317.92,3514371.77,8171690.21,463536.45,4134154.42,8047719.86,79665.43,79665.44,6.25734,0.96426,79628.4,79628.5,7.3842,1.2108
1788590806972,1788590806733272,79651.5,79651.6,0.0002,0.01381,298220.6,3518274.44,8175592.88,463536.45,4134154.42,8047719.86,79665.43,79665.44,6.25734,0.96426,79628.4,79628.5,7.3842,1.2108
1788590807221,1788590807177393,79651.5,79651.6,0.0002,0.01381,298220.6,3518274.44,8175592.88,488545.05,4159163.02,8072728.46,79665.43,79665.44,6.25734,0.96426,79628.4,79628.5,7.3842,1.205
1788590807469,1788590807341825,79651.5,79651.6,0.0002,0.01381,138782.27,3331206.82,7988525.26,489245.24,4152726.86,8066292.3,79665.43,79665.44,6.25734,0.96495,79628.4,79628.5,7.3842,1.2108
1788590807730,1788590807630895,79651.5,79651.6,0.0002,0.01381,138782.27,3331206.82,7988525.26,489245.24,4152726.86,8066292.3,79665.43,79665.44,6.25734,0.96459,79628.4,79628.5,7.3842,1.205
1788590807976,1788590807752950,79651.5,79651.6,0.0002,0.69813,114570.61,3306995.16,7964313.6,543752.43,4207234.04,8120799.48,79665.43,79665.44,6.25521,0.94378,79628.4,79628.5,7.3842,1.205
1788590808220,1788590808144060,79651.5,79651.6,0.00014,1.94292,43.81,2346012.92,7018137.26,608186.11,4007351.63,7920915.39,79665.43,79665.44,1.45329,5.99255,79628.4,79628.5,0.2733,5.9366
1788590808478,1788590808437254,79643.3,79643.4,0.0002,2.00189,265325.62,3106839.36,7299033.11,366420.99,2572450.99,7721936.07,79665.43,79665.44,1.45823,5.99639,79628.4,79628.5,0.2716,5.9327
1788590808722,1788590808692043,79642.1,79643.3,0.00014,0.37946,270548.7,3241737.06,7483698.99,513870.9,2690142.16,7839627.24,79665.43,79665.44,1.15351,5.98945,79628.4,79628.5,0.1736,5.9327
1788590808969,1788590808941887,79642.1,79643.4,3e-05,2.00189,253915.38,3229085.05,7471046.97,441431.7,2613670.91,7763155.99,79665.43,79665.44,1.15016,5.98959,79628.4,79628.5,0.1786,5.9276
1788590809227,1788590809166740,79642.6,79643.0,0.0002,0.001,269083.58,3247288.92,7439482.66,378245.51,2544767.49,7703922.08,79665.43,79665.44,1.31888,5.98325,79628.4,79628.5,0.1786,5.9276
1788590809474,1788590809352060,79642.6,79643.4,6e-05,2.00189,269072.43,3247279.82,7439473.56,383993.88,2620491.21,7769976.29,79665.43,79665.44,1.29373,5.98084,79628.4,79628.5,0.1786,5.9276
1788590809716,1788590809676908,79642.5,79642.6,0.0002,0.10375,227700.51,3225184.44,7466146.26,545050.43,2667556.01,7871811.01,79665.43,79665.44,0.90129,5.98676,79628.4,79628.5,0.2519,5.9313
1788590809975,1788590809939898,79642.2,79642.3,0.0002,1.4701,47373.84,3083364.41,7444722.32,679724.45,2816061.85,7964048.83,79665.43,79665.44,0.33502,6.17327,79628.4,79628.5,0.1515,5.9359
1788590810220,1788590810168464,79638.6,79638.8,7e-05,0.0109,84948.52,3426652.84,7775618.47,559329.78,2686307.44,7192508.34,79665.43,79665.44,0.33502,6.17247,79628.4,79628.5,0.1515,5.9348
1788590810480,1788590810418883,79638.6,79638.7,7e-05,0.00464,43764.74,3367431.15,7636798.98,559699.3,2721244.44,7227445.35,79665.43,79665.44,0.33493,6.17464,79628.4,79628.5,0.1514,6.1859
1788590810723,1788590810667778,79638.6,79638.7,7e-05,0.00464,43764.74,3334896.84,7604264.67,558902.88,2700853.71,7207054.62,79665.43,79665.44,0.3328,6.17464,79628.4,79628.5,0.1514,5.9348
1788590810981,1788590810909622,79638.3,79638.6,0.0002,0.00293,85799.94,3583387.64,7852755.47,598039.52,2725116.0,7231316.91,79665.43,79665.44,0.3328,6.17386,79628.4,79628.5,0.1514,5.9348
1788590811227,1788590811194554,79638.3,79638.6,0.0002,0.00292,85799.94,3578774.75,7848142.58,573005.27,2820042.3,7324243.23,79665.43,79665.44,0.5129,6.17386,79628.4,79628.5,0.1514,6.1331
1788590811471,1788590811425619,79640.6,79640.7,0.0002,0.10706,92358.71,3735179.14,7813805.86,597849.43,2693244.91,8022495.74,79665.43,79665.44,0.5129,6.17386,79628.4,79628.5,0.1514,6.0137
1788590811732,1788590811671812,79640.6,79640.7,0.0002,0.00355,38757.67,3673308.45,7751935.17,482751.01,2829327.64,8158578.47,79665.43,79665.44,0.65692,6.17244,79628.4,79628.5,0.1514,5.9305
1788590811975,1788590811928847,79640.6,79640.7,0.0002,0.00355,38757.67,3782777.07,7861403.8,458412.49,2804999.49,8134250.31,79665.43,79665.44,0.66142,6.17244,79628.4,79628.5,0.1514,5.9305
1788590812217,1788590812155642,79640.5,79640.7,0.0002,0.00355,37057.35,3780021.63,7858648.35,545195.74,2891782.74,8221033.56,79665.43,79665.44,0.66135,6.17031,79628.4,79628.5,0.1514,5.9305
1788590812478,1788590812304848,79640.5,79640.7,0.0002,0.00355,74865.72,3713224.19,7791850.91,600751.45,2929287.6,8258538.42,79665.43,79665.44,0.51726,6.17022,79628.4,79628.5,0.1514,5.9324
1788590812722,1788590812694721,79640.5,79640.7,0.0002,0.00355,74865.72,3713224.99,7791851.71,600750.9,2929287.05,8258537.87,79665.43,79665.44,0.51726,6.17022,79628.4,79628.5,0.1514,5.9324
1788590812967,1788590812832955,79640.5,79640.7,0.0002,0.00355,75662.1,3714021.38,7792648.1,600750.9,2948607.88,8277858.71,79665.43,79665.44,0.51726,6.17064,79628.4,79628.5,0.1514,5.9305
1788590813228,1788590813090294,79640.5,79640.7,0.0002,0.00355,96079.59,3856156.28,7934783.0,486094.29,2833951.28,8163202.1,79665.43,79665.44,0.51733,6.17064,79628.4,79628.5,0.1514,5.9324
1788590813471,1788590813308915,79640.5,79640.7,0.0002,0.00355,96079.59,3856156.28,7934783.0,486094.29,2814630.44,8143881.27,79665.43,79665.44,0.51733,6.1705,79628.4,79628.5,0.1514,5.9324
1788590813731,1788590813591663,79640.5,79640.7,0.0002,0.00355,95283.2,3869365.63,7947971.66,486094.29,2814630.44,8143881.27,79665.43,79665.44,0.51733,6.17043,79628.4,79628.5,0.1514,5.9324
1788590813973,1788590813841019,79640.5,79640.7,0.0002,0.00355,95283.2,3877222.97,7955829.0,486890.71,2815426.87,8144677.69,79665.43,79665.44,0.5152,6.17043,79628.4,79628.5,0.1514,5.9324
1788590814221,1788590814176717,79640.5,79640.7,0.0002,0.00355,95283.2,3877223.81,7955852.13,486891.03,2815427.19,8144678.01,79665.43,79665.44,0.5152,6.17001,79628.4,79628.5,0.1513,5.9324
1788590814480,1788590814361311,79640.5,79640.7,0.0002,0.00355,74865.72,3851400.43,7930028.75,539531.75,2878042.17,8207293.0,79665.43,79665.44,0.6437,6.17001,79628.4,79628.5,0.1513,5.9324
1788590814724,1788590814659916,79640.5,79640.7,0.0002,0.00355,37057.35,3786359.0,7864987.31,539531.75,2878042.17,8207293.0,79665.43,79665.44,0.64362,6.17001,79628.4,79628.5,0.1513,5.9324
1788590814968,1788590814941715,79641.8,79641.9,0.0002,0.04007,6047.47,3395462.23,7897689.38,552557.98,2885421.7,8202963.38,79665.43,79665.44,0.51519,6.17001,79628.4,79628.5,0.1512,5.9324
1788590815228,1788590815169544,79641.8,79641.9,0.0002,0.12999,6047.47,3363613.47,7865840.63,520733.08,2853596.8,8171138.48,79665.43,79665.44,0.51519,6.17001,79628.4,79628.5,0.1512,5.9324
1788590815472,1788590815433476,79641.8,79641.9,0.0002,0.12999,48417.73,3437831.69,7940058.85,602379.28,2954744.66,8272286.35,79665.43,79665.44,0.51519,6.16752,79628.4,79628.5,0.1512,5.9324
1788590815717,1788590815672775,79641.8,79641.9,0.0002,0.12999,48417.73,3437831.69,7940058.85,603175.7,2955541.08,8273082.77,79665.43,79665.44,0.51519,6.1611,79628.4,79628.5,0.1512,5.9324
1788590815975,1788590815937034,79641.8,79641.9,0.0002,0.12999,48417.73,3437831.69,7940058.85,552591.89,2885455.61,8202997.29,79665.43,79665.44,0.51519,6.16117,79628.4,79628.5,0.1512,5.9305
1788590816219,1788590816192269,79641.8,79641.9,0.0002,0.12999,67111.28,3453889.48,7956116.63,551988.91,2884852.62,8202394.31,79665.43,79665.44,0.53261,6.15687,79628.4,79628.5,0.1512,5.9324
1788590816475,1788590816409874,79638.3,79641.9,0.0002,0.08992,89637.88,3857998.82,8121746.31,606244.92,2942219.21,8259760.9,79665.43,79665.44,0.673,6.15708,79628.4,79628.5,0.1512,5.9305
1788590816716,1788590816657081,79639.1,79641.9,0.00329,0.08992,106199.98,3879412.01,8143105.4,534598.47,2890103.89,8207645.58,79665.43,79665.44,0.67307,6.15708,79628.4,79628.5,0.1512,5.9305
1788590816980,1788590816901416,79639.8,79641.9,0.01,0.08992,105191.93,3880208.4,8114474.97,534608.24,2890103.31,8207645.0,79665.43,79665.44,0.67094,6.15708,79628.4,79628.5,0.1512,5.9305
1788590817226,1788590817152268,79639.8,79641.9,0.01,0.08992,105191.93,3880208.4,8114474.97,585913.92,2921877.85,8239419.54,79665.43,79665.44,0.67094,6.15666,79628.4,79628.5,0.1512,5.9305
1788590817473,1788590817423650,79639.8,79641.9,0.01,0.08992,105191.93,3848360.0,8082626.57,585913.92,2921877.85,8239419.54,79665.43,79665.44,0.666,6.15666,79628.4,79628.5,0.1512,5.9305
1788590817731,1788590817694000,79639.9,79640.0,0.0009,0.001,108400.37,3661425.04,7895691.61,283641.13,2699929.77,7338759.34,79665.43,79665.44,2.49018,5.18363,79628.4,79628.5,0.874,5.5459
1788590817977,1788590817929388,79639.7,79642.1,0.00016,0.00013,107506.05,3649720.5,7883987.07,547271.67,2824071.92,8131573.69,79665.43,79665.44,1.9956,5.1837,79628.4,79628.5,0.7724,5.5559
1788590818223,1788590818192570,79642.9,79643.3,0.0002,0.12935,25284.3,3372577.57,7604136.64,719021.89,2989863.95,8094291.95,79665.43,79665.44,2.00053,5.18157,79628.4,79628.5,0.4137,5.5559
1788590818480,1788590818427554,79642.9,79643.3,0.0002,0.12935,66420.75,3427722.21,7659281.28,774675.47,3045517.54,8149945.53,79665.43,79665.44,2.00053,5.18157,79628.4,79628.5,0.5136,5.5559
1788590818725,1788590818646247,79642.9,79643.3,0.0002,0.12935,25234.92,3386567.61,7618126.68,774675.48,3124646.15,8229074.15,79665.43,79665.44,2.00053,5.18157,79628.4,79628.5,0.5136,5.5559
1788590818969,1788590818832491,79642.9,79643.3,0.0002,0.12935,25234.96,3409287.75,7640846.82,777913.18,3130535.35,8234963.34,79665.43,79665.44,2.00053,5.17216,79628.4,79628.5,0.5111,5.5559
1788590819226,1788590819099113,79642.9,79643.3,0.0002,0.12935,24438.56,3408491.35,7640050.42,777913.46,3130535.63,8234963.62,79665.43,79665.44,2.00053,5.17216,79628.4,79628.5,0.5111,5.5359
1788590819469,1788590819307602,79642.9,79643.3,0.0002,0.12935,24438.56,3408491.35,7640050.42,777913.46,3130535.63,8234963.62,79665.43,79665.44,2.00067,5.17216,79628.4,79628.5,0.5098,5.5359
1788590819729,1788590819690201,79642.9,79643.0,0.0002,0.10332,21667.28,3554909.33,7786468.39,527509.17,3070528.4,8184625.91,79665.43,79665.44,1.85603,5.17216,79628.4,79628.5,0.1503,5.5351
1788590819971,1788590819811074,79642.9,79643.0,0.0002,0.11332,65470.73,3630561.94,7862121.01,528295.24,3071314.47,8185411.99,79665.43,79665.44,1.68733,5.17156,79628.4,79628.5,0.1503,5.5351
1788590820230,1788590819811074,79642.9,79643.0,0.0002,0.11332,65470.73,3630561.94,7862121.01,528295.24,3071314.47,8185411.99,79665.43,79665.44,1.80578,5.17156,79628.4,79628.5,0.1503,5.5351
1788590820474,1788590820380045,79642.9,79643.0,0.0002,0.1006,65470.73,3657795.01,7889354.08,527292.54,3070311.77,8184409.28,79665.43,79665.44,1.79316,5.17156,79628.4,79628.5,0.1503,5.5351
1788590820721,1788590820659210,79642.9,79643.0,0.0002,0.10059,46797.77,3639122.06,7870681.13,584509.01,3127577.63,8241675.14,79665.43,79665.44,1.79316,5.17156,79628.4,79628.5,0.1516,5.5351
1788590820981,1788590820917781,79642.9,79643.0,0.0002,0.10059,46797.77,3653642.9,7885201.96,584498.66,3127567.27,8241664.79,79665.43,79665.44,1.79316,5.16943,79628.4,79628.5,0.2515,5.5351
1788590821227,1788590821196148,79642.9,79643.0,0.0002,0.09059,67974.9,3674820.03,7906379.09,580869.1,3123937.71,8238035.23,79665.43,79665.44,2.45644,5.1695,79628.4,79628.5,0.6624,5.5251
1788590821471,1788590821418317,79642.9,79643.0,0.0002,0.09059,50275.73,3657120.85,7888679.92,580879.46,3123948.07,8238045.59,79665.43,79665.44,2.45644,5.16914,79628.4,79628.5,0.6611,5.5251
1788590821730,1788590821553899,79642.9,79643.3,0.0002,0.03888,51072.1,3657917.22,7889476.29,781021.14,3133643.3,8238071.3,79665.43,79665.44,2.45644,5.16914,79628.4,79628.5,0.6624,5.5251
1788590821974,1788590821919492,79642.9,79643.3,0.0002,0.03888,67485.27,3674330.39,7905889.46,781021.14,3133643.3,8238071.3,79665.43,79665.44,2.45644,5.16914,79628.4,79628.5,0.4754,5.5251
1788590822230,1788590822166342,79642.9,79643.3,0.00071,0.03888,66729.52,3670848.13,7902407.2,781021.14,3130955.77,8235383.77,79665.43,79665.44,2.45651,5.16842,79628.4,79628.5,0.2747,5.5251
1788590822474,1788590822285272,79642.9,79643.3,0.00071,0.03888,67525.89,3671644.5,7903203.57,727684.55,3077619.18,8182047.18,79665.43,79665.44,2.45249,5.14842,79628.4,79628.5,0.2747,5.5251
1788590822720,1788590822678123,79642.9,79643.3,0.00071,0.03888,93227.8,3700029.17,7931588.24,727684.55,3077610.41,8182038.41,79665.43,79665.44,2.45249,5.14842,79628.4,79628.5,0.2747,5.5251
1788590822979,1788590822777917,79642.9,79643.3,0.00071,0.03888,93227.8,3700029.17,7931588.24,727684.55,3077610.41,8182038.41,79665.43,79665.44,2.45249,5.14842,79628.4,79628.5,0.2719,5.5251
1788590823225,1788590823184912,79642.9,79643.3,0.00071,0.03888,67525.89,3674398.15,7905957.22,726684.15,3076610.01,8181038.0,79665.43,79665.44,2.45249,5.14849,79628.4,79628.5,0.4991,5.5251
1788590823469,1788590823422047,79642.9,79643.3,0.00071,0.03888,47605.31,3654477.57,7886036.64,782988.72,3132914.58,8237342.58,79665.43,79665.44,2.45249,5.14849,79628.4,79628.5,0.4991,5.5251
1788590823729,1788590823689852,79642.9,79643.3,0.00071,0.03888,66623.57,3676316.88,7907875.95,690842.76,3044751.43,8149179.43,79665.43,79665.44,1.9408,5.14671,79628.4,79628.5,0.4991,5.5251
1788590823971,1788590823746776,79642.9,79643.3,0.00071,0.03888,66623.57,3683921.54,7915480.61,722701.56,3076610.23,8181038.23,79665.43,79665.44,1.9408,5.1434,79628.4,79628.5,0.4991,5.5251
1788590824230,1788590824025515,79642.9,79643.3,0.00071,0.03884,66623.57,3683921.54,7915480.61,722698.38,3076607.05,8181035.05,79665.43,79665.44,1.9408,5.14354,79628.4,79628.5,0.4991,5.5251
1788590824475,1788590824430657,79642.9,79643.3,0.00071,0.03884,66623.57,3683921.54,7915480.61,722649.0,3075607.42,8180035.42,79665.43,79665.44,1.9408,5.14354,79628.4,79628.5,0.4928,5.5251
1788590824719,1788590824637965,79642.9,79643.3,0.00071,0.03884,66623.57,3683921.54,7915480.61,722649.0,3075607.42,8180035.42,79665.43,79665.44,1.9408,5.14354,79628.4,79628.5,0.4928,5.5251
1788590824979,1788590824637965,79642.9,79643.3,0.00071,0.03884,66623.57,3683921.54,7915480.61,722649.0,3075607.42,8180035.42,79665.43,79665.44,1.9408,5.14354,79628.4,79628.5,0.4928,5.5251
1788590825226,1788590825117227,79642.9,79643.3,0.00071,0.03884,67419.94,3684717.91,7916276.98,777316.72,3130324.53,8234752.53,79665.43,79665.44,1.9408,5.14499,79628.4,79628.5,0.4941,5.5251
1788590825471,1788590825444360,79642.9,79643.3,0.00071,0.03884,64450.18,3681748.15,7913307.22,722599.29,3075607.1,8180035.1,79665.43,79665.44,1.93867,5.14499,79628.4,79628.5,0.2637,5.5251
1788590825717,1788590825537890,79642.9,79643.3,0.00071,0.03884,65246.55,3682544.51,7914103.58,722599.29,3075607.1,8180035.1,79665.43,79665.44,1.93536,5.13948,79628.4,79628.5,0.2637,5.5251
1788590825978,1788590825933024,79642.9,79643.3,0.00069,0.03884,65005.65,3682303.61,7913862.68,779998.94,3133006.75,8237434.74,79665.43,79665.44,1.76666,5.13948,79628.4,79628.5,0.27,5.5251
1788590826225,1788590826013997,79642.9,79643.3,0.00069,0.03884,47743.15,3665041.12,7896600.19,722599.29,3075607.1,8180035.1,79665.43,79665.44,1.76644,5.13948,79628.4,79628.5,0.5045,5.5251
1788590826468,1788590826263591,79643.0,79643.3,0.001,0.03884,46851.93,3664149.9,7895708.97,771984.72,3124992.53,8229420.52,79665.43,79665.44,1.76644,5.13948,79628.4,79628.5,0.5045,5.5251
1788590826730,1788590826686572,79643.0,79643.3,0.001,0.03884,67878.2,3685176.16,7916735.23,775399.13,3128406.95,8232834.94,79665.43,79665.44,1.76644,5.13742,79628.4,79628.5,0.5045,5.5251
1788590826975,1788590826914558,79643.0,79643.3,0.001,0.05171,66956.8,3684254.77,7915813.84,776424.14,3129431.95,8233859.95,79665.43,79665.44,1.77913,5.13735,79628.4,79628.5,0.1503,5.5251
1788590827221,1788590827192907,79643.0,79643.1,0.001,0.70801,22753.84,3623713.02,7855272.09,834377.64,3180248.82,8284676.82,79665.43,79665.44,1.65942,5.13735,79628.4,79628.5,0.1503,5.5251
1788590827480,1788590827398147,79643.0,79643.1,0.001,0.78983,22753.84,3623713.02,7855272.09,833653.46,3187129.62,8291557.62,79665.43,79665.44,1.68372,5.13735,79628.4,79628.5,0.1503,5.5251
1788590827724,1788590827607303,79643.0,79643.1,0.001,0.78983,65410.77,3666369.95,7897929.02,833653.79,3187129.94,8291557.94,79665.43,79665.44,1.6852,5.13404,79628.4,79628.5,0.1703,5.5251
1788590827972,1788590827607303,79643.0,79643.1,0.001,0.78983,65410.77,3666369.95,7897929.02,833653.79,3187129.94,8291557.94,79665.43,79665.44,1.6852,5.13369,79628.4,79628.5,0.1503,5.5251
1788590828231,1788590828168416,79643.0,79643.1,0.00151,0.10437,65451.38,3666410.57,7897969.64,779061.62,3132537.78,8236965.78,79665.43,79665.44,1.6852,5.13369,79628.4,79628.5,0.1503,5.5251
1788590828477,1788590828438562,79643.0,79643.1,0.00151,0.10437,22794.45,3554098.71,7785657.78,779061.62,3132537.78,8236965.78,79665.43,79665.44,1.6852,5.13369,79628.4,79628.5,0.1503,5.5251
1788590828723,1788590828567357,79643.0,79643.1,0.00151,0.10437,20969.29,3555013.66,7786572.73,779061.62,3132537.78,8236965.78,79665.43,79665.44,1.6852,5.11369,79628.4,79628.5,0.1503,5.5251
1788590828967,1788590828904644,79643.0,79643.1,0.00151,0.11437,2127.09,3555859.73,7787418.8,779858.05,3133334.21,8237762.21,79665.43,79665.44,1.6837,5.11369,79628.4,79628.5,0.1503,5.5351
1788590829227,1788590829020225,79642.5,79642.6,9e-05,0.01202,7604.42,3558350.76,7838677.91,558700.95,3083609.0,8238822.79,79665.43,79665.44,1.6579,5.11376,79628.4,79628.5,0.1503,5.5351
1788590829471,1788590829301253,79642.5,79642.6,9e-05,0.01202,44390.43,3580750.68,7861077.82,558700.95,3083609.0,8238822.79,79665.43,79665.44,1.6579,5.11376,79628.4,79628.5,0.1503,5.5351
1788590829716,1788590829561694,79642.5,79642.6,9e-05,0.01202,44390.43,3575189.25,7855516.39,557904.52,3082812.57,8238026.36,79665.43,79665.44,1.6579,5.11369,79628.4,79628.5,0.1503,5.5351
1788590829977,1788590829907983,79642.5,79642.6,9e-05,0.01202,44390.43,3575189.25,7855516.39,557953.09,3082861.14,8238074.93,79665.43,79665.44,1.6579,5.11369,79628.4,79628.5,0.1503,5.5351
1788590830220,1788590830159247,79642.5,79642.6,9e-05,0.02202,44390.43,3575189.25,7855516.39,558749.51,3083657.57,8238871.36,79665.43,79665.44,1.65578,5.11376,79628.4,79628.5,0.1503,5.5351
1788590830480,1788590830373699,79642.5,79642.6,9e-05,0.02202,44390.43,3575189.25,7855516.39,558749.51,3083657.56,8238871.35,79665.43,79665.44,1.65578,5.11376,79628.4,79628.5,0.1503,5.5351
1788590830727,1788590830695739,79642.5,79642.6,9e-05,0.01202,47670.1,3578468.91,7858796.06,560754.3,3083019.42,8238233.21,79665.43,79665.44,1.94818,5.11376,79628.4,79628.5,0.2731,5.5351
1788590830973,1788590830887484,79642.5,79642.6,9e-05,0.01202,56072.3,3602902.32,7883229.47,446717.24,2965302.26,8120516.05,79665.43,79665.44,1.94818,5.10862,79628.4,79628.5,0.4926,5.5351
1788590831218,1788590831168577,79642.5,79642.6,9e-05,0.01082,56072.3,3603902.48,7884229.63,446632.02,2966217.52,8121431.31,79665.43,79665.44,1.94818,5.10862,79628.4,79628.5,0.4939,5.5348
1788590831478,1788590831342388,79642.5,79642.6,9e-05,0.01002,56072.3,3576669.42,7856996.56,446589.02,2966174.51,8121388.3,79665.43,79665.44,1.94818,5.10862,79628.4,79628.5,0.4939,5.5347
1788590831724,1788590831663802,79642.5,79642.6,9e-05,0.01002,56072.3,3576669.42,7856996.56,504576.8,3024162.3,8179376.09,79665.43,79665.44,2.10783,5.10862,79628.4,79628.5,0.4939,5.5347
1788590831971,1788590831945290,79642.5,79642.6,9e-05,0.01002,56072.3,3576669.42,7856996.56,505566.83,3025152.32,8180366.11,79665.43,79665.44,2.10783,5.10862,79628.4,79628.5,0.4939,5.5347
1788590832218,1788590832083794,79642.5,79642.6,9e-05,0.01002,42628.06,3563225.17,7843552.32,557696.46,3077281.95,8232495.74,79665.43,79665.44,2.10452,5.10855,79628.4,79628.5,0.4939,5.5347
1788590832480,1788590832317784,79642.5,79642.6,9e-05,0.01002,42628.06,3555620.51,7835947.66,557695.92,3077281.42,8232495.21,79665.43,79665.44,2.10452,5.06855,79628.4,79628.5,0.2717,5.5347
1788590832725,1788590832317784,79642.5,79642.6,9e-05,0.01002,42628.06,3555620.51,7835947.66,557695.92,3077281.42,8232495.21,79665.43,79665.44,2.10452,5.06855,79628.4,79628.5,0.2717,5.5347
1788590832969,1788590832940929,79642.5,79642.6,9e-05,0.01002,63875.87,3576868.33,7857195.48,562657.1,3082242.6,8237456.39,79665.43,79665.44,1.98239,5.06855,79628.4,79628.5,0.1503,5.5347
1788590833217,1788590833079084,79642.5,79642.6,9e-05,0.01002,41740.11,3554732.57,7835059.71,563196.39,3082781.88,8237995.67,79665.43,79665.44,1.81785,5.06855,79628.4,79628.5,0.1503,5.5847
1788590833474,1788590833442339,79642.5,79642.7,9e-05,0.01056,62824.67,3576901.74,7857228.89,504670.32,3024255.81,8179469.6,79665.43,79665.44,1.81161,5.06855,79628.4,79628.5,0.1503,5.5847
1788590833721,1788590833602375,79642.6,79642.7,0.0002,0.01361,57688.69,3574752.06,7806311.13,563128.34,3079517.21,8234731.0,79665.43,79665.44,1.82993,5.06862,79628.4,79628.5,0.1698,5.5847
1788590833967,1788590833781723,79642.6,79642.7,0.0002,0.01361,57688.69,3582356.79,7813915.86,563128.34,3079517.21,8234731.0,79665.43,79665.44,1.83,5.06862,79628.4,79628.5,0.181,5.5847
1788590834226,1788590834087219,79642.6,79642.7,0.0002,0.01361,57688.69,3582356.79,7813915.86,563128.34,3079517.21,8234731.0,79665.43,79665.44,1.83,5.06862,79628.4,79628.5,0.181,5.5847
1788590834470,1788590834435079,79642.6,79642.7,0.0002,0.01361,40845.98,3565514.08,7797073.15,508109.3,3024498.17,8179711.96,79665.43,79665.44,1.83,5.04862,79628.4,79628.5,0.2822,5.5847
1788590834718,1788590834610545,79642.6,79642.7,0.0002,0.01361,40845.98,3562811.41,7794370.48,508109.3,3029940.24,8185154.03,79665.43,79665.44,1.83,5.04862,79628.4,79628.5,0.181,5.5847
1788590834978,1788590834696488,79642.6,79642.7,0.0002,0.01361,40845.98,3562811.41,7794370.48,508109.3,3030940.65,8186154.44,79665.43,79665.44,1.83,5.04862,79628.4,79628.5,0.181,5.5847
1788590835221,1788590835193531,79638.3,79642.4,0.0002,0.01167,120203.06,3797443.63,8061191.12,559335.21,3083891.17,8231878.14,79665.43,79665.44,1.83,5.04862,79628.4,79628.5,0.181,9.5847
1788590835467,1788590835318040,79642.2,79642.3,0.0002,0.00758,70002.99,3590652.74,7871979.99,566078.19,3090634.15,8238621.12,79665.43,79665.44,1.83,5.02862,79628.4,79628.5,0.2305,9.5847
1788590835726,1788590835470141,79641.9,79642.3,0.0002,0.00758,71539.96,3591091.55,7872418.8,558569.99,3083125.95,8231112.92,79665.43,79665.44,1.83,5.0284,79628.4,79628.5,0.181,9.5847
1788590835971,1788590835728768,79641.9,79642.3,0.0002,0.00696,71539.96,3591091.55,7872418.8,558520.62,3083076.57,8231063.55,79665.43,79665.44,1.82981,5.0284,79628.4,79628.5,0.181,9.5847
1788590836217,1788590836096245,79641.9,79642.3,0.0002,0.00696,68038.21,3587589.8,7868917.05,559317.05,3083873.0,8231859.98,79665.43,79665.44,1.82981,5.0284,79628.4,79628.5,0.1615,9.5847
1788590836478,1788590836439703,79641.9,79642.3,0.0002,0.00696,68038.21,3555740.92,7837068.17,469563.14,2994119.09,8142106.06,79665.43,79665.44,1.96429,5.02847,79628.4,79628.5,0.4852,9.5747
1788590836722,1788590836460174,79641.9,79642.3,0.0002,0.00696,68038.21,3555740.92,7837068.17,469563.14,2994119.09,8142106.06,79665.43,79665.44,1.96429,5.02847,79628.4,79628.5,0.4852,9.5747
1788590836969,1788590836895311,79641.9,79642.3,0.0002,0.00696,97816.69,3585519.4,7866846.65,465572.77,2992320.11,8140307.08,79665.43,79665.44,1.96429,5.02656,79628.4,79628.5,0.4865,9.5747
1788590837226,1788590837055787,79641.9,79642.3,0.0002,0.00696,98391.68,3586094.4,7867421.65,465572.77,2993320.58,8141307.56,79665.43,79665.44,1.96429,5.02656,79628.4,79628.5,0.4865,9.5747
1788590837472,1788590837429502,79641.9,79642.7,0.0002,0.01361,71893.62,3559596.36,7840923.61,464089.03,2991836.85,8147050.64,79665.43,79665.44,1.96429,5.02663,79628.4,79628.5,0.4852,9.5747
1788590837717,1788590837690082,79642.9,79643.1,0.0002,0.02255,93681.17,3585468.37,7817027.44,738203.5,3094524.18,8198952.18,79665.43,79665.44,1.96436,5.02663,79628.4,79628.5,0.4852,9.5747
1788590837979,1788590837846322,79642.9,79643.0,0.0002,0.04007,56565.41,3548352.61,7779911.68,543900.09,3090568.46,8204665.98,79665.43,79665.44,1.96436,5.02663,79628.4,79628.5,0.4852,9.5809
1788590838222,1788590838182365,79642.9,79643.0,0.0002,0.04007,56565.41,3548352.61,7779911.68,543900.09,3090568.46,8204665.98,79665.43,79665.44,1.96436,5.02444,79628.4,79628.5,0.4865,9.5815
1788590838482,1788590838423965,79642.9,79643.0,0.0002,0.03905,97047.65,3592822.87,7824381.94,488285.8,3040937.65,8155035.17,79665.43,79665.44,1.96436,5.02444,79628.4,79628.5,0.4836,9.5815
1788590838726,1788590838671320,79642.9,79643.2,0.0002,0.04019,94414.77,3590189.99,7821749.06,745491.15,3105800.86,8210228.86,79665.43,79665.44,1.96436,5.02444,79628.4,79628.5,0.4836,9.5815
1788590838972,1788590838800238,79642.9,79643.2,0.0002,0.04019,93618.4,3589393.61,7820952.68,745491.15,3105800.86,8210228.86,79665.43,79665.44,1.96571,5.02444,79628.4,79628.5,0.4823,9.5815
1788590839218,1788590839145048,79642.9,79643.2,0.0002,0.03819,93615.21,3589390.43,7820949.5,745331.86,3105641.57,8210069.57,79665.43,79665.44,1.96578,5.02444,79628.4,79628.5,0.4823,9.5815
1788590839481,1788590839437377,79643.3,79643.4,0.0002,2.00189,90708.32,3353789.1,7821323.39,671968.18,3058468.91,8162896.91,79665.43,79665.44,1.96565,5.0243,79628.4,79628.5,0.6693,9.5815
1788590839728,1788590839667091,79643.3,79643.4,0.0002,2.00189,83374.42,3346453.85,7813988.15,671957.83,3058458.55,8162886.55,79665.43,79665.44,2.10794,5.0243,79628.4,79628.5,0.4836,9.5815
1788590839973,1788590839667091,79643.3,79643.4,0.0002,2.00189,83374.42,3346453.85,7813988.15,671957.83,3058458.55,8162886.55,79665.43,79665.44,2.10794,5.02416,79628.4,79628.5,0.4836,9.5815
1788590840220,1788590840112256,79643.3,79643.4,0.0002,2.00189,86336.31,3352095.34,7819629.64,678297.21,3062072.92,8166500.92,79665.43,79665.44,2.10794,5.01085,79628.4,79628.5,0.4836,9.5815
1788590840479,1788590840444383,79643.3,79643.4,0.0002,2.00189,86286.15,3352045.18,7819579.48,678519.45,3062295.16,8166723.15,79665.43,79665.44,2.10794,5.01085,79628.4,79628.5,0.4836,9.5815
1788590840725,1788590840678151,79643.3,79643.4,0.0002,2.00189,86286.15,3352045.18,7819579.48,678519.45,3065009.02,8169437.02,79665.43,79665.44,2.10794,5.01085,79628.4,79628.5,0.4836,9.5815
1788590840969,1788590840918722,79642.2,79643.4,0.00714,2.00189,94059.35,3588429.77,7869757.02,728346.69,3114836.26,8219264.26,79665.43,79665.44,2.10794,4.99085,79628.4,79628.5,0.4836,9.5815
1788590841230,1788590841125340,79642.2,79643.4,0.00714,2.00188,94855.73,3589226.16,7870553.41,678529.02,3062315.89,8166743.89,79665.43,79665.44,2.60259,4.99085,79628.4,79628.5,0.6693,9.5815
1788590841474,1788590841440316,79642.9,79643.0,0.0002,0.001,91846.11,3480077.16,7493399.03,467802.98,3044030.77,7839572.14,79665.43,79665.44,2.60259,4.76676,79628.4,79628.5,0.6693,9.5808
1788590841717,1788590841639908,79642.9,79643.0,0.0002,0.0007,91846.11,3479567.54,7492889.41,522781.02,3096294.94,7891836.32,79665.43,79665.44,2.60259,4.76676,79628.4,79628.5,0.6693,9.5808
1788590841979,1788590841934064,79643.3,79643.4,0.0002,2.00158,86787.45,3242812.44,7492109.54,698095.01,3081869.14,7867740.99,79665.43,79665.44,2.59935,4.76676,79628.4,79628.5,0.665,9.5808
1788590842221,1788590842157266,79643.3,79643.4,0.0002,2.00158,86599.19,3351588.8,7819942.92,723801.16,3107575.28,8215017.56,79665.43,79665.44,2.59921,4.7785,79628.4,79628.5,0.665,9.5808
1788590842481,1788590842436801,79642.2,79643.4,0.00459,2.00158,96440.89,3601980.63,7884127.71,725787.71,3109561.83,8217004.12,79665.43,79665.44,2.59921,4.7585,79628.4,79628.5,0.3059,9.58
1788590842724,1788590842613736,79642.2,79643.4,0.00459,2.00033,96440.89,3601980.63,7884127.71,726688.55,3110462.67,8217904.96,79665.43,79665.44,2.59921,4.75841,79628.4,79628.5,0.3059,9.58
1788590842967,1788590842931998,79642.2,79643.4,0.00459,2.00023,96440.89,3601980.63,7884127.71,726680.59,3095449.04,8202891.32,79665.43,79665.44,2.59921,4.74909,79628.4,79628.5,0.3059,9.58
1788590843227,1788590843129460,79642.2,79643.4,0.00459,2.00023,96441.08,3601980.82,7884127.91,674284.9,3058059.56,8165501.85,79665.43,79665.44,2.59848,4.74909,79628.4,79628.5,0.3059,9.58
1788590843474,1788590843438679,79642.2,79643.4,0.00459,2.00023,95644.71,3601184.45,7883331.53,726359.88,3110134.55,8217576.83,79665.43,79665.44,2.59848,4.72909,79628.4,79628.5,0.3059,9.58
1788590843718,1788590843456860,79642.2,79643.4,0.00459,2.01278,95644.71,3601184.45,7883331.53,727359.41,3111134.07,8218576.36,79665.43,79665.44,2.59862,4.72578,79628.4,79628.5,0.3059,9.58
1788590843979,1788590843936989,79642.2,79643.4,0.00459,2.01238,96444.05,3601983.79,7884130.88,686617.54,3070392.2,8177834.49,79665.43,79665.44,2.59862,4.72452,79628.4,79628.5,0.3059,9.58
1788590844221,1788590844167257,79642.2,79643.4,0.00459,2.01238,95724.69,3601264.43,7883411.51,615186.9,2986634.64,8094076.93,79665.43,79665.44,2.62445,4.55582,79628.4,79628.5,0.3057,9.5838
1788590844480,1788590844416780,79642.2,79643.4,0.00459,2.01238,95724.69,3601264.43,7883411.52,668443.22,3056268.17,8163710.45,79665.43,79665.44,2.62445,4.55582,79628.4,79628.5,0.3057,9.5838
1788590844723,1788590844667859,79642.2,79643.4,0.00459,2.01238,95724.08,3601263.82,7883410.9,723990.99,3111815.94,8219258.22,79665.43,79665.44,2.62255,4.55582,79628.4,79628.5,0.3044,9.5838
1788590844967,1788590844944052,79642.2,79643.4,0.00259,2.01238,59097.02,3564636.77,7846783.85,724991.39,3112816.33,8220258.62,79665.43,79665.44,2.12797,4.55582,79628.4,79628.5,0.3057,9.5838
1788590845226,1788590845103932,79642.2,79643.4,0.00259,2.01238,59097.02,3564636.77,7846783.85,669393.69,3057268.02,8164710.3,79665.43,79665.44,2.12797,4.55582,79628.4,79628.5,0.3057,9.5838
1788590845471,1788590845413357,79642.2,79643.4,0.00259,2.01238,59097.02,3564636.77,7846783.85,669393.69,3057268.02,8164710.3,79665.43,79665.44,2.12466,4.62478,79628.4,79628.5,0.3057,9.5838
1788590845717,1788590845652870,79642.2,79643.4,0.00259,2.01238,59097.02,3564636.77,7846783.85,669393.69,3057268.02,8164710.3,79665.43,79665.44,2.12466,4.62478,79628.4,79628.5,0.3057,9.5838
1788590845976,1788590845850201,79642.2,79643.4,0.00259,1.99316,102372.71,3607912.46,7890059.54,667862.94,3055737.27,8163179.56,79665.43,79665.44,2.12466,4.62478,79628.4,79628.5,0.3057,9.5838
1788590846220,1788590846063716,79642.2,79643.4,0.00259,1.99316,103169.08,3608708.83,7890855.91,720764.15,3108638.48,8216080.76,79665.43,79665.44,2.12459,4.62478,79628.4,79628.5,0.3057,9.5838
1788590846482,1788590846414338,79642.2,79643.4,0.00259,1.99316,59893.39,3565433.14,7847580.22,720764.15,3108638.48,8216080.76,79665.43,79665.44,2.12585,4.6063,79628.4,79628.5,0.3057,9.5838
1788590846727,1788590846670321,79643.1,79643.4,0.00014,1.99311,48438.31,3561715.38,7794094.28,667858.96,3055733.29,8163175.57,79665.43,79665.44,2.12585,4.60467,79628.4,79628.5,0.3057,9.5838
1788590846972,1788590846847556,79643.1,79643.4,0.00014,1.99311,48438.31,3561715.38,7794094.28,721901.74,3109793.59,8217235.87,79665.43,79665.44,2.12585,4.60136,79628.4,79628.5,0.3057,9.5838
1788590847219,1788590847174775,79643.1,79643.4,0.00014,1.99311,49234.69,3562511.76,7794890.66,721901.74,3109793.59,8217235.88,79665.43,79665.44,2.12585,4.60136,79628.4,79628.5,0.3057,9.5838
1788590847479,1788590847347772,79643.1,79643.4,0.00014,1.99311,87409.91,3600686.98,7833065.88,721902.03,3112451.19,8219893.47,79665.43,79665.44,2.12585,4.60136,79628.4,79628.5,0.3057,9.5838
1788590847725,1788590847347772,79643.1,79643.4,0.00014,1.99311,87409.91,3600686.98,7833065.88,721902.03,3112451.19,8219893.47,79665.43,79665.44,2.12585,4.60116,79628.4,79628.5,0.3057,9.5838
1788590847970,1788590847922889,79643.0,79643.4,0.03487,1.99311,91175.01,3603452.66,7835831.56,721902.03,3112451.19,8219893.47,79665.43,79665.44,2.12585,4.60116,79628.4,79628.5,0.3057,9.5838
1788590848230,1788590848010813,79643.1,79643.4,0.00094,1.99311,90100.73,3603377.8,7835756.7,667859.25,3058408.41,8165850.69,79665.43,79665.44,2.12585,4.60095,79628.4,79628.5,0.3057,9.5838
1788590848473,1788590848313616,79643.1,79643.4,0.00064,1.99102,90076.84,3603353.91,7835732.81,667692.79,3058241.95,8165684.24,79665.43,79665.44,2.12585,4.60095,79628.4,79628.5,0.3057,9.5838
1788590848717,1788590848650669,79643.0,79643.4,0.03163,1.99102,90916.97,3603194.62,7835573.52,716751.37,3107300.53,8214742.81,79665.43,79665.44,2.12236,4.58077,79628.4,79628.5,0.3054,9.5838
1788590848978,1788590848925288,79643.0,79643.4,0.02535,1.99102,90416.81,3602694.46,7835073.36,716751.37,3107300.53,8214742.81,79665.43,79665.44,2.12236,4.58077,79628.4,79628.5,0.3054,9.5812
1788590849221,1788590849162683,79643.0,79643.4,0.01907,1.99102,89916.65,3602194.3,7834573.2,716751.37,3107300.53,8214742.81,79665.43,79665.44,2.12236,4.58077,79628.4,79628.5,0.3054,9.5812
1788590849480,1788590849162683,79643.0,79643.4,0.01907,1.99102,89916.65,3602194.3,7834573.2,716751.37,3107300.53,8214742.81,79665.43,79665.44,2.12236,4.58077,79628.4,79628.5,0.3041,9.5812
1788590849727,1788590849538034,79643.0,79643.4,0.01907,1.99102,89914.27,3602191.91,7834570.81,716751.37,3107300.53,8214016.85,79665.43,79665.44,2.12236,4.57691,79628.4,79628.5,0.3054,9.5812
1788590849971,1788590849879849,79643.0,79643.4,0.01907,1.99102,50943.18,3563220.83,7795599.73,716751.37,3108300.96,8215017.28,79665.43,79665.44,1.97985,4.57691,79626.2,79626.3,0.5803,7.8217
1788590850232,1788590850186374,79643.0,79643.4,0.01907,1.99102,95432.19,3607709.84,7840088.74,664146.01,3054695.17,8161411.49,79665.43,79665.44,2.44853,4.57691,79626.2,79626.3,1.5631,7.7059
1788590850477,1788590850419982,79643.0,79643.4,0.01848,1.99043,95384.91,3607662.56,7840041.46,664099.02,3054648.18,8161364.5,79665.43,79665.44,2.44853,4.57691,79626.2,79626.3,1.5325,7.6276
1788590850720,1788590850691166,79643.0,79643.4,0.01848,1.99042,94684.9,3606962.55,7839341.45,664098.23,3054647.39,8161363.71,79665.43,79665.44,2.44853,4.5736,79626.2,79626.3,1.52,7.6405
1788590850967,1788590850914350,79642.7,79643.4,0.01535,2.14736,98887.13,3607413.17,7839792.07,627538.37,3018087.53,8124803.85,79665.43,79665.44,2.44853,4.5536,79626.2,79626.3,1.52,7.6405
1788590851229,1788590851110007,79642.7,79643.4,0.01454,2.14548,98822.62,3605756.03,7838134.93,676410.43,3066959.59,8173675.91,79665.43,79665.44,2.44853,4.55367,79626.2,79626.3,1.5506,7.6405
1788590851476,1788590851423913,79642.7,79643.4,0.01454,2.14548,98816.25,3605749.66,7838128.56,676410.44,3066959.6,8173675.92,79665.43,79665.44,2.44853,4.55367,79626.2,79626.3,1.52,7.6333
1788590851720,1788590851601245,79642.7,79643.4,0.01454,2.14548,54238.57,3562764.61,7795143.51,676410.44,3066959.6,8173675.92,79665.43,79665.44,2.44853,4.55367,79626.2,79626.3,1.52,7.6304
1788590851969,1788590851880245,79642.7,79643.4,0.01454,2.14548,27647.86,3536173.9,7768552.8,730522.53,3121071.69,8227788.01,79665.43,79665.44,2.44853,4.55367,79626.2,79626.3,1.3148,7.6304
1788590852229,1788590852159954,79642.7,79643.4,0.01454,2.14548,28444.24,3523273.98,7755652.88,730522.77,3121071.93,8227788.25,79665.43,79665.44,1.95402,4.55374,79626.2,79626.3,0.9085,7.6317
1788590852475,1788590852343696,79642.7,79643.4,0.01454,2.14548,27647.86,3522477.61,7754856.51,730522.77,3118414.62,8225130.94,79665.43,79665.44,1.95402,4.55374,79626.2,79626.3,0.9085,7.6317
1788590852719,1788590852637429,79641.9,79643.4,0.0002,2.14548,32146.43,3523989.87,7806136.96,681513.93,3069405.78,8176122.1,79665.43,79665.44,1.95402,4.55374,79626.2,79626.3,0.9085,7.6317
1788590852978,1788590852883705,79642.0,79643.4,0.0004,2.14548,57243.58,3549087.03,7831234.11,737436.67,3128087.78,8234804.1,79665.43,79665.44,1.95071,4.50545,79626.2,79626.3,0.7241,7.6304
1788590853224,1788590852989161,79642.0,79643.4,0.0004,2.14418,57243.58,3549087.03,7831234.11,737333.13,3127984.25,8234700.57,79665.43,79665.44,1.95071,4.50538,79626.2,79626.3,0.7228,7.6317
1788590853482,1788590853259485,79642.0,79643.4,0.0004,2.14418,56543.59,3548387.03,7830534.11,737333.13,3127984.25,8234700.57,79665.43,79665.44,1.95071,4.50538,79626.2,79626.3,0.7228,7.6309
1788590853727,1788590853683592,79642.0,79643.4,0.0004,2.14418,71372.78,3563216.23,7845363.31,737333.13,3127984.25,8234700.57,79665.43,79665.44,1.92328,4.50538,79626.2,79626.3,0.4821,7.6309
1788590853972,1788590853895941,79642.0,79643.4,0.0004,2.14406,32338.37,3521502.22,7803649.3,737323.57,3127974.69,8234691.01,79665.43,79665.44,1.92328,4.50538,79626.2,79626.3,0.6795,7.6309
1788590854219,1788590854183948,79643.3,79643.4,0.0002,2.14406,23191.5,3285501.5,7753855.63,737323.57,3127974.69,8234691.01,79665.43,79665.44,1.91871,4.50539,79626.2,79626.3,0.6795,7.6309
1788590854479,1788590854354047,79643.3,79643.4,0.0002,2.14406,22394.33,3284704.33,7753058.46,737323.57,3127974.69,8234691.01,79665.43,79665.44,1.91878,4.50447,79626.2,79626.3,0.6795,7.6301
1788590854724,1788590854676019,79643.3,79643.4,0.0002,2.14376,21034.05,3283344.06,7751698.18,739865.07,3130516.19,8237232.51,79665.43,79665.44,1.91878,4.50447,79626.2,79626.3,0.6795,7.6308
1788590854969,1788590854772341,79643.3,79643.4,0.0002,2.14376,58340.24,3320650.24,7789004.37,739865.07,3130516.19,8237232.51,79665.43,79665.44,1.94454,4.50447,79626.2,79626.3,0.4834,7.6265
1788590855227,1788590855102353,79643.3,79643.4,0.0002,2.14376,84446.92,3346756.92,7815111.04,681377.17,3072028.29,8178744.61,79665.43,79665.44,1.94454,4.5029,79626.2,79626.3,0.7042,7.6236
1788590855471,1788590855273142,79643.3,79643.4,0.0002,2.14376,59444.88,3321754.88,7790109.01,681377.17,3072028.29,8178744.61,79665.43,79665.44,1.94454,4.5029,79626.2,79626.3,0.7042,7.6236
1788590855730,1788590855273142,79643.3,79643.4,0.0002,2.14376,59444.88,3321754.88,7790109.01,681377.17,3072028.29,8178744.61,79665.43,79665.44,1.94454,4.5029,79626.2,79626.3,0.7042,7.6236
1788590855979,1788590855936060,79642.1,79643.4,0.00034,2.14376,92245.58,3583403.37,7865550.45,680676.36,3071327.48,8178043.8,79665.43,79665.44,1.94454,4.50253,79626.2,79626.3,0.7042,7.6236
1788590856224,1788590856194562,79639.8,79643.3,0.01564,0.03718,145754.8,3791877.14,8026963.54,732932.44,3120386.9,8227103.22,79665.43,79665.44,1.94454,4.50253,79626.2,79626.3,0.5837,7.6236
1788590856468,1788590856435639,79642.9,79643.4,0.0002,2.14376,60873.48,3556873.87,7789252.77,736656.07,3127307.18,8234023.5,79665.43,79665.44,1.94454,4.50253,79626.2,79626.3,0.3629,7.6236
1788590856725,1788590856563908,79642.9,79643.4,0.0002,2.14376,61935.05,3557935.44,7790314.34,734841.82,3125492.93,8232209.25,79665.43,79665.44,1.94454,4.48253,79626.2,79626.3,0.3629,7.5776
1788590856970,1788590856945713,79642.9,79643.4,0.0002,2.14376,87636.97,3583637.35,7816016.25,734841.82,3125492.93,8232209.25,79665.43,79665.44,1.94454,4.48253,79626.2,79626.3,0.6692,7.4792
1788590857218,1788590857070008,79642.9,79643.4,0.0002,2.14376,87636.97,3583637.35,7816016.25,734842.14,3125493.25,8232209.57,79665.43,79665.44,1.94445,4.48253,79626.2,79626.3,0.6692,7.4792
1788590857478,1788590857341449,79642.9,79643.4,0.0002,2.14376,87639.36,3586302.61,7818681.51,734842.14,3122733.98,8229450.3,79665.43,79665.44,1.94445,4.48253,79626.2,79626.3,0.6679,7.4805
1788590857723,1788590857682118,79642.9,79643.4,0.0002,2.14376,87639.36,3586302.61,7818681.51,681291.27,3069183.11,8175899.43,79665.43,79665.44,1.94445,4.43374,79626.2,79626.3,0.6679,7.4792
1788590857966,1788590857886140,79639.8,79643.4,0.02171,2.14256,145678.54,3794463.75,8029550.15,681195.01,3071843.73,8178560.05,79665.43,79665.44,1.94415,4.43374,79626.2,79626.3,0.6692,7.4792
1788590858224,1788590857886140,79639.8,79643.4,0.02171,2.14256,145678.54,3794463.75,8029550.15,681195.01,3071843.73,8178560.05,79665.43,79665.44,1.94415,4.43374,79626.2,79626.3,0.6679,7.4805
1788590858480,1788590858280882,79639.8,79643.4,0.02171,2.14256,108372.16,3757157.37,7992243.77,681195.01,3071843.73,8178560.05,79665.43,79665.44,1.92765,4.84174,79626.2,79626.3,0.6692,7.4792
1788590858725,1788590858280882,79639.8,79643.4,0.02171,2.14256,108372.16,3757157.37,7992243.77,681195.01,3071843.73,8178560.05,79665.43,79665.44,1.92405,4.84174,79623.7,79623.8,0.4815,7.5209
1788590858968,1788590858933048,79639.8,79643.4,0.01465,2.14256,146257.64,3795042.85,8030129.25,736527.49,3127176.21,8233892.52,79665.43,79665.44,1.92405,4.84174,79623.7,79623.8,0.4509,7.5196
1788590859227,1788590859061282,79639.8,79643.4,0.01465,2.14256,146257.64,3795042.85,8030129.25,736527.49,3127180.98,8233897.3,79665.43,79665.44,1.91143,4.84174,79623.7,79623.8,0.4509,7.5209
1788590859471,1788590859314753,79639.8,79643.4,0.02169,2.14256,147051.62,3795836.83,8030923.23,680249.58,3070903.08,8177619.4,79665.43,79665.44,1.91143,4.84174,79623.7,79623.8,0.7022,7.4986
1788590859718,1788590859629886,79638.4,79643.4,0.00862,2.14256,151085.57,3777117.8,8041685.13,731141.85,3121795.34,8228511.66,79665.43,79665.44,1.91143,4.82174,79623.7,79623.8,0.888,7.6843
1788590859978,1788590859818302,79638.4,79643.4,0.00793,2.14187,151030.62,3777062.85,8041607.89,731097.24,3121750.74,8228467.06,79665.43,79665.44,1.91143,4.82174,79623.7,79623.8,0.888,7.6843
1788590860222,1788590860101149,79638.4,79643.4,0.00793,2.14062,151030.61,3777062.85,8041607.88,730997.69,3121651.19,8228367.51,79665.43,79665.44,1.91143,4.82174,79623.7,79623.8,0.9096,7.6843
1788590860468,1788590860444980,79638.4,79643.4,0.00793,2.14062,151030.61,3777062.85,8041629.37,730997.69,3121651.19,8228367.51,79665.43,79665.44,1.91143,4.82157,79623.7,79623.8,0.9199,7.6843
1788590860731,1788590860580832,79638.4,79643.4,0.00793,2.14062,151030.61,3777062.85,8041629.37,681047.6,3071701.1,8178417.42,79665.43,79665.44,1.91136,4.8194,79623.7,79623.8,0.8893,7.6843
1788590860975,1788590860700152,79638.4,79643.4,0.00793,2.14062,151030.61,3777062.85,8041629.37,681047.6,3071701.1,8178417.42,79665.43,79665.44,1.91136,4.8194,79623.7,79623.8,0.8893,7.6843
1788590861217,1788590860700152,79638.4,79643.4,0.00793,2.14062,151030.61,3777062.85,8041629.37,681047.6,3071701.1,8178417.42,79665.43,79665.44,1.91136,4.8194,79623.7,79623.8,0.8893,7.684
1788590861475,1788590860700152,79638.4,79643.4,0.00793,2.14062,151030.61,3777062.85,8041629.37,681047.6,3071701.1,8178417.42,79665.43,79665.44,1.91136,4.8194,79623.7,79623.8,0.8893,7.684
1788590861720,1788590861672592,79638.4,79643.3,0.00593,0.03888,150871.33,3776903.57,8041470.09,737834.59,3125286.67,8232002.99,79665.43,79665.44,1.91143,4.82156,79623.7,79623.8,0.888,7.684
1788590861966,1788590861877482,79640.2,79640.4,0.0002,0.00875,107379.37,3776305.81,7852120.25,452866.3,2868266.46,7719877.25,79665.43,79665.44,1.91143,4.82156,79623.7,79623.8,1.7324,7.684
1788590862224,1788590862161400,79643.3,79643.4,0.0002,2.14062,67809.22,3317780.72,7786134.05,624884.84,3067691.9,8174408.22,79665.43,79665.44,2.39251,4.82075,79623.7,79623.8,2.6204,5.1442
1788590862470,1788590862437756,79643.3,79643.4,0.0002,2.14062,67012.83,3331985.03,7800338.36,625701.17,3050168.15,8156884.47,79665.43,79665.44,2.39251,4.81825,79623.7,79623.8,2.5999,5.1442
1788590862726,1788590862569807,79643.3,79643.4,0.0002,2.14062,67012.83,3359218.09,7827571.42,624915.09,3049382.07,8156098.39,79665.43,79665.44,2.39251,4.81825,79623.7,79623.8,2.5999,5.1442
1788590862970,1788590862826758,79643.3,79643.4,0.0002,2.14062,67012.83,3359218.09,7827571.42,624915.09,3052052.92,8158769.24,79665.43,79665.44,2.39251,4.78825,79623.7,79623.8,2.5999,5.1442
1788590863216,1788590863075948,79643.3,79643.4,0.0002,2.14062,67012.83,3359218.09,7827571.42,625711.52,3052849.36,8159565.68,79665.43,79665.44,2.39251,4.78825,79623.7,79623.8,2.5999,5.1442
1788590863476,1788590863166832,79643.3,79643.4,0.0002,2.14062,67012.83,3359218.09,7827571.42,624915.09,3052052.92,8158769.24,79665.43,79665.44,2.39239,4.78825,79623.7,79623.8,2.5999,5.1442
1788590863721,1788590863643072,79643.3,79643.4,0.0002,2.14062,67012.83,3359218.09,7827571.42,684027.15,3111164.99,8217881.3,79665.43,79665.44,2.39239,4.78825,79623.7,79623.8,2.5898,5.1442
1788590863977,1788590863895277,79643.3,79643.4,0.0002,2.14062,67012.83,3359218.09,7827571.42,742237.03,3134929.87,8241646.19,79665.43,79665.44,1.89453,4.78575,79623.7,79623.8,2.5898,5.1442
1788590864220,1788590864027357,79643.3,79643.4,0.0002,2.14062,41310.69,3333515.95,7801869.28,742236.54,3134929.38,8241645.7,79665.43,79665.44,1.89453,4.78539,79623.7,79623.8,2.5198,5.144
1788590864480,1788590864411421,79643.3,79643.4,0.0002,2.13982,66312.73,3358517.99,7826871.32,742172.83,3134865.67,8241581.99,79665.43,79665.44,1.89453,4.78539,79623.7,79623.8,2.5198,5.144
1788590864725,1788590864612648,79643.3,79643.4,0.0002,2.13982,66312.73,3358517.99,7826871.32,683857.2,3076550.04,8183266.36,79665.43,79665.44,1.89453,4.78529,79623.7,79623.8,2.5299,5.144
1788590864970,1788590864939603,79643.3,79643.4,0.0002,2.13782,71553.77,3364008.29,7832361.62,623694.51,3016387.35,8123103.67,79665.43,79665.44,1.89453,4.98751,79623.7,79623.8,2.5999,5.144
1788590865229,1788590865191716,79643.3,79643.4,0.0002,2.13657,71899.4,3365101.7,7833455.03,674881.77,3067574.61,8174290.93,79665.43,79665.44,1.89453,4.98751,79623.7,79623.8,2.5898,5.144
1788590865476,1788590865410931,79638.7,79643.4,0.05465,2.13657,130612.63,3807766.94,8072333.46,624768.38,3017461.22,8124177.53,79665.43,79665.44,1.89453,4.98751,79623.7,79623.8,2.5999,5.144
1788590865721,1788590865667817,79638.7,79643.4,0.05465,2.13657,130612.63,3807789.22,8072355.74,624758.02,3017429.35,8124145.67,79665.43,79665.44,1.90715,4.98548,79623.7,79623.8,2.5999,5.144
1788590865980,1788590865940421,79638.7,79643.4,0.05465,2.13657,131409.01,3808585.59,8073152.12,624768.38,3017439.71,8124156.03,79665.43,79665.44,1.90715,4.96548,79623.7,79623.8,2.5999,5.144
1788590866223,1788590865940421,79638.7,79643.4,0.05465,2.13657,131409.01,3808585.59,8073152.12,624768.38,3017439.71,8124156.03,79665.43,79665.44,1.90715,4.96548,79623.7,79623.8,2.5999,5.144
1788590866469,1788590865940421,79638.7,79643.4,0.05465,2.13657,131409.01,3808585.59,8073152.12,624768.38,3017439.71,8124156.03,79665.43,79665.44,1.90715,4.96548,79623.7,79623.8,2.5999,5.0854
1788590866729,1788590866622882,79638.6,79643.4,0.01229,2.13657,127105.87,3804233.08,8068799.61,672621.18,3065292.51,8172008.83,79665.43,79665.44,1.90708,4.96764,79623.7,79623.8,2.5999,5.0854
1788590866972,1788590866936641,79642.8,79643.2,0.0002,0.01,68296.24,3593453.74,7825831.85,627559.6,3018236.46,8124952.78,79665.43,79665.44,1.90708,4.96764,79623.7,79623.8,2.5898,5.0553
1788590867230,1788590867189364,79642.8,79643.2,0.0002,0.01,71042.09,3592523.0,7824901.11,686906.95,3074912.96,8181629.28,79665.43,79665.44,1.90583,4.96771,79623.7,79623.8,2.5898,5.0553
1788590867476,1788590867363885,79642.8,79643.2,0.0002,0.01,45340.18,3566821.09,7799199.19,737971.02,3125977.03,8232693.35,79665.43,79665.44,1.90583,4.96709,79623.7,79623.8,2.5898,5.0553
1788590867721,1788590867689621,79643.3,79643.4,0.0002,2.13657,28230.37,3321506.71,7789860.04,736301.09,3126986.72,8233703.03,79665.43,79665.44,1.90583,4.96709,79623.7,79623.8,2.5898,5.0553
1788590867980,1788590867888222,79643.3,79643.4,0.0002,2.13657,27433.99,3320710.33,7789063.66,736311.45,3126997.07,8233713.39,79665.43,79665.44,1.90583,4.95454,79623.7,79623.8,2.5299,5.0553
1788590868226,1788590868165601,79642.7,79643.1,0.0002,0.01237,72569.15,3596781.42,7829159.52,729422.85,3122102.94,8228819.26,79665.43,79665.44,1.9053,4.95454,79623.7,79623.8,2.5999,5.0553
1788590868472,1788590868165601,79642.7,79643.1,0.0002,0.01237,72569.15,3596781.42,7829159.52,729422.85,3122102.94,8228819.26,79665.43,79665.44,1.9053,4.95454,79623.7,79623.8,2.5999,5.0485
1788590868730,1788590868670857,79642.7,79642.9,0.0002,0.01,7432.39,3531644.65,7764022.76,533074.2,3116101.96,8232487.8,79665.43,79665.44,1.9053,4.95454,79619.0,79619.1,4.6356,1.7675
1788590868979,1788590868921880,79642.7,79643.1,0.0002,0.01237,7464.25,3531676.51,7764054.61,674970.86,3067650.94,8175096.41,79665.43,79665.44,1.9053,4.95454,79619.0,79619.1,4.6404,1.7617
1788590869224,1788590869067080,79642.7,79643.1,0.0002,0.02237,7464.25,3531676.51,7764054.61,675767.29,3068447.37,8175892.85,79665.43,79665.44,1.9053,4.95454,79619.0,79619.1,4.6404,1.7617
1788590869472,1788590869266057,79642.9,79643.1,0.0002,0.02237,29743.38,3556710.22,7789088.32,729379.18,3122059.26,8229504.73,79665.43,79665.44,1.9053,4.95454,79619.0,79619.1,4.6404,1.7601
1788590869730,1788590869667640,79642.9,79643.0,0.0002,0.01,29743.38,3556710.22,7789088.32,529361.97,3112389.74,8229504.73,79665.43,79665.44,1.9053,4.95454,79619.0,79619.1,4.7408,1.9516
1788590869975,1788590869889751,79642.9,79643.0,0.0002,0.01,29743.38,3553978.87,7786356.97,529361.97,3112389.74,8229504.73,79665.43,79665.44,1.9053,4.95442,79619.0,79619.1,4.6711,1.844
1788590870220,1788590870102871,79642.9,79643.1,0.0002,0.01237,29743.38,3585827.75,7818205.85,760441.55,3153121.63,8260567.1,79665.43,79665.44,1.90483,4.95442,79619.0,79619.1,4.6711,1.8382
1788590870469,1788590870441993,79643.3,79643.4,0.0002,2.13588,66913.3,3388559.39,7856912.72,707928.89,3153910.18,8261355.65,79665.43,79665.44,1.90483,4.95483,79619.0,79619.1,4.6711,1.6538
1788590870728,1788590870691192,79638.4,79643.4,0.5052,2.13588,105442.99,3809551.28,8074117.8,733931.01,3179912.29,8287357.76,79665.43,79665.44,1.90483,4.95483,79619.0,79619.1,4.6711,1.6538
1788590870975,1788590870876683,79638.4,79643.4,0.50472,2.1354,130406.14,3834514.42,8099080.95,757139.2,3147824.83,8255270.3,79665.43,79665.44,1.90483,4.95483,79619.0,79619.1,4.6711,1.6538
1788590871220,1788590871148961,79638.4,79643.1,0.00437,0.01,90559.06,3794667.35,8059233.87,755941.17,3148621.26,8256066.73,79665.43,79665.44,1.93059,4.95483,79619.0,79619.1,4.4032,1.8453
1788590871480,1788590871326728,79642.9,79643.1,0.0002,0.00999,69656.57,3624743.91,7857122.01,707688.82,3100368.91,8207814.38,79665.43,79665.44,1.93059,4.95483,79619.0,79619.1,4.4032,1.8395
1788590871723,1788590871666012,79642.8,79643.4,2e-05,2.1354,72100.58,3598197.31,7830575.41,708887.65,3099573.28,8207018.75,79665.43,79665.44,1.93059,4.95483,79619.0,79619.1,4.4032,1.6596
1788590871968,1788590871893221,79638.4,79643.4,0.0028,2.1354,63735.63,3740610.85,8005177.37,707890.44,3156356.64,8263802.11,79665.43,79665.44,1.93066,4.95699,79619.0,79619.1,4.4032,1.8395
1788590872227,1788590872190433,79638.4,79642.8,0.0028,0.01153,63732.47,3766840.67,8031407.2,581901.03,3118326.47,8276557.73,79665.43,79665.44,1.76162,4.95706,79619.0,79619.1,4.1896,2.7035
1788590872473,1788590872415392,79642.6,79642.7,0.0002,0.42602,44844.87,3572460.23,7804838.33,595236.05,3134047.27,8292278.53,79665.43,79665.44,1.73477,4.93706,79619.0,79619.1,4.2021,2.7035
1788590872716,1788590872637603,79642.5,79642.8,3e-05,0.01153,48798.73,3588819.94,7869966.13,507843.01,3043974.62,8202205.88,79665.43,79665.44,1.73477,4.93697,79619.0,79619.1,4.2008,2.7035
1788590872976,1788590872943499,79642.5,79643.1,3e-05,0.03819,73791.78,3613812.99,7894959.18,714805.63,3149935.36,8257380.83,79665.43,79665.44,1.73477,4.86734,79619.0,79619.1,4.2008,2.4411
1788590873220,1788590873106928,79642.5,79643.3,3e-05,0.06818,48789.99,3588811.21,7869957.39,713054.49,3098260.43,8205705.9,79665.43,79665.44,1.73477,4.8651,79619.0,79619.1,4.2021,2.4469
1788590873480,1788590873396269,79642.5,79643.3,3e-05,0.06818,48789.99,3588811.21,7869957.39,712247.7,3097453.63,8204899.1,79665.43,79665.44,1.9034,4.8651,79619.0,79619.1,4.2021,2.4469
1788590873725,1788590873689736,79642.5,79642.6,3e-05,0.01,48789.99,3616044.28,7897190.46,533717.27,3127246.71,8285477.97,79665.43,79665.44,1.90347,4.86741,79619.0,79619.1,4.2021,2.4469
1788590873971,1788590873925155,79642.5,79642.6,3e-05,0.01,47790.57,3616044.26,7897190.45,508527.17,3095118.65,8253349.91,79665.43,79665.44,1.90347,4.86741,79619.0,79619.1,4.2021,2.4469
1788590874218,1788590874147810,79642.5,79643.3,3e-05,0.03905,47790.57,3616044.34,7897190.53,757554.83,3145108.27,8252553.74,79665.43,79665.44,1.90347,4.86741,79619.0,79619.1,4.2019,2.4469
1788590874478,1788590874387539,79642.5,79643.3,3e-05,0.03905,47741.2,3616044.34,7897190.53,757604.21,3145108.27,8252553.74,79665.43,79665.44,1.90347,4.86741,79619.0,79619.1,4.2019,2.4469
1788590874721,1788590874665006,79642.5,79643.3,3e-05,0.03785,47741.2,3616044.34,7897190.53,757519.0,3145023.05,8252468.52,79665.43,79665.44,1.90347,4.86741,79619.0,79619.1,4.2019,2.4469
1788590874981,1788590874944051,79638.4,79643.3,0.00103,0.03785,106352.16,3824205.93,8088772.46,757519.0,3145023.05,8252468.52,79665.43,79665.44,1.90347,4.86741,79619.0,79619.1,4.2019,2.6326
1788590875227,1788590875151979,79637.5,79643.3,0.025,0.03785,168069.25,3851744.67,8615310.86,759321.46,3146776.14,8254221.61,79665.43,79665.44,1.90347,4.86741,79619.0,79619.1,4.1519,2.6326
1788590875473,1788590875439232,79638.3,79643.4,0.01633,1.95935,135107.74,3853010.83,8117577.36,610036.01,3083232.05,8190677.52,79665.43,79665.44,1.92916,4.86734,79619.0,79619.1,4.2853,0.9312
1788590875719,1788590875661491,79638.4,79643.4,0.013,1.95935,136142.94,3854046.03,8118612.55,659510.04,3132706.08,8240151.55,79665.43,79665.44,1.92916,4.86734,79619.0,79619.1,3.9934,0.9312
1788590875979,1788590875944509,79642.7,79642.8,0.0002,0.119,73712.47,3644430.84,7876808.94,467753.75,3087844.17,8246075.43,79665.43,79665.44,1.92971,4.98056,79619.0,79619.1,3.9702,0.9386
1788590876225,1788590876165480,79642.7,79643.4,0.0002,1.95935,74709.49,3645427.87,7877805.97,661481.1,3133466.5,8240911.97,79665.43,79665.44,1.92971,4.98056,79619.0,79619.1,3.9702,0.9085
1788590876469,1788590876435474,79642.7,79643.4,0.0002,1.95935,74709.49,3645427.87,7877805.97,661481.1,3052032.84,8159478.31,79665.43,79665.44,1.92971,4.98056,79619.0,79619.1,3.9702,0.9085
1788590876727,1788590876621721,79642.7,79643.4,0.0002,1.95935,74709.49,3642734.74,7875112.84,693329.54,3081195.3,8188640.77,79665.43,79665.44,1.92971,4.9803,79619.0,79619.1,4.0362,1.0942
1788590876976,1788590876741783,79642.7,79643.4,0.0002,1.95935,74709.49,3642734.74,7875112.84,694125.98,3081991.74,8189437.21,79665.43,79665.44,1.92978,4.97977,79619.0,79619.1,4.0362,1.1
1788590877218,1788590877165348,79642.7,79643.4,0.0002,1.95935,74709.4,3645404.68,7877782.78,694125.98,3084769.33,8192214.8,79665.43,79665.44,1.92978,4.97977,79619.0,79619.1,3.9689,1.1
1788590877480,1788590877393817,79642.9,79643.2,0.0002,0.01,48181.71,3612269.28,7844647.39,694073.19,3134360.02,8241805.49,79665.43,79665.44,1.92978,4.97977,79619.0,79619.1,3.9689,1.1
1788590877728,1788590877673525,79638.5,79643.4,0.00057,1.95935,129309.66,3844459.1,8109025.63,693326.02,3133563.46,8241008.93,79665.43,79665.44,1.92978,4.91394,79619.0,79619.1,3.9702,1.0942
1788590877970,1788590877787808,79643.3,79643.4,0.0002,1.95935,70282.04,3401266.04,7869619.37,693336.96,3133574.4,8241019.87,79665.43,79665.44,1.92865,4.91394,79619.0,79619.1,3.9702,1.0942
1788590878217,1788590878157222,79643.3,79643.4,0.0002,1.95873,70282.04,3401266.04,7869619.37,693287.58,3133525.02,8240970.49,79665.43,79665.44,1.92865,4.91379,79619.0,79619.1,3.9702,0.9143
1788590878478,1788590878424846,79643.3,79643.4,0.0002,1.95873,69581.81,3400565.81,7868919.14,693287.58,3133525.02,8240970.49,79665.43,79665.44,1.92865,4.91379,79619.0,79619.1,3.9023,0.9085
1788590878724,1788590878497403,79643.3,79643.4,0.0002,1.95873,70281.82,3401265.82,7869619.15,694084.02,3134321.46,8241766.93,79665.43,79665.44,1.92865,4.91048,79619.0,79619.1,3.9023,0.912
1788590878981,1788590878866122,79643.3,79643.4,0.0002,1.95873,70281.82,3374032.75,7842386.08,693287.58,3133525.02,8240970.49,79665.43,79665.44,1.93725,4.90796,79619.0,79619.1,3.8983,0.9062
1788590879222,1788590879162195,79643.3,79643.4,0.0002,1.95855,70281.82,3374032.79,7842386.12,694080.16,3134317.6,8241763.07,79665.43,79665.44,1.93905,4.90796,79619.0,79619.1,3.8983,0.912
1788590879469,1788590879384230,79643.3,79643.4,0.0002,1.95855,70281.82,3401265.86,7869619.19,694080.16,3134317.6,8241763.07,79665.43,79665.44,1.93905,4.90796,79619.0,79619.1,3.8983,0.9062
1788590879730,1788590879384230,79643.3,79643.4,0.0002,1.95855,70281.82,3401265.86,7869619.19,694080.16,3134317.6,8241763.07,79665.43,79665.44,1.93905,4.88796,79619.0,79619.1,3.8983,0.912
1788590879975,1788590879384230,79643.3,79643.4,0.0002,1.95855,70281.82,3401265.86,7869619.19,694080.16,3134317.6,8241763.07,79665.43,79665.44,1.93883,4.88759,79619.0,79619.1,3.9875,0.9062
1788590880220,1788590880181596,79643.3,79643.4,0.0002,1.95855,70281.82,3369416.86,7837770.19,661424.83,3102662.69,8210108.17,79665.43,79665.44,1.913,4.87754,79619.0,79619.1,3.9875,0.912
1788590880470,1788590880386278,79643.3,79643.4,0.0002,1.95855,71078.21,3402062.13,7870415.46,692393.2,3076549.25,8183994.72,79665.43,79665.44,1.90969,4.87754,79619.0,79619.1,3.9875,0.912
1788590880730,1788590880654479,79643.3,79643.4,0.0002,1.95854,70281.82,3401265.74,7869619.07,692382.05,3076538.1,8183983.57,79665.43,79665.44,1.90969,4.87628,79619.0,79619.1,3.9875,0.9062
1788590880975,1788590880866009,79643.3,79643.4,0.0002,1.95915,29931.62,3360915.54,7829268.87,643991.2,3025369.66,8132815.13,79665.43,79665.44,1.90109,4.87628,79619.0,79619.1,3.9875,0.9062
1788590881222,1788590881193619,79643.3,79643.4,0.0002,1.95915,30728.01,3361711.93,7830065.26,644001.55,3024379.59,8131825.06,79665.43,79665.44,1.93522,4.74573,79619.0,79619.1,3.9973,0.9062
1788590881467,1788590881391371,79643.3,79643.4,0.0002,1.95967,29931.62,3360915.54,7829268.87,644042.97,3027170.72,8134616.19,79665.43,79665.44,2.42973,4.74573,79619.0,79619.1,4.0361,0.9363
1788590881728,1788590881658390,79643.3,79643.4,0.0002,1.95958,67404.77,3368786.17,7837139.5,618319.67,3044898.17,8152343.64,79665.43,79665.44,2.43332,4.58549,79619.0,79619.1,4.1233,0.3264
1788590881974,1788590881918557,79643.3,79643.4,0.0002,1.95958,69683.22,3395712.02,7864065.35,656916.72,3101646.45,8209091.93,79665.43,79665.44,2.43524,4.57224,79619.0,79619.1,3.9981,0.3264
1788590882219,1788590882154384,79643.3,79643.4,0.0002,1.95958,32290.46,3331086.18,7799439.51,681933.1,3126662.83,8234108.3,79665.43,79665.44,2.43332,4.56893,79619.0,79619.1,4.1796,0.6257
1788590882480,1788590882428848,79640.3,79643.4,0.46615,1.95958,127276.36,3832532.48,7908346.91,682632.84,3134850.21,8242295.69,79665.43,79665.44,2.43332,4.56893,79619.0,79619.1,4.1796,0.6257
1788590882724,1788590882510302,79640.3,79643.4,0.46615,1.95958,127276.36,3846149.14,7921963.57,682632.84,3134850.21,8242295.69,79665.43,79665.44,2.43332,4.56893,79619.0,79619.1,4.1796,0.6257
1788590882967,1788590882896408,79640.3,79643.4,0.46615,1.95958,127276.14,3846148.91,7921963.35,682632.84,3134850.21,8242295.69,79665.43,79665.44,2.43332,4.53024,79619.0,79619.1,4.1796,0.6257
1788590883228,1788590883195503,79640.2,79643.4,0.00021,1.95958,88510.58,3808926.62,7884741.05,682632.36,3137025.99,8244471.46,79665.43,79665.44,2.4145,4.53017,79619.0,79619.1,4.1796,0.6257
1788590883473,1788590883289912,79640.2,79643.4,0.00021,1.95958,88510.39,3808926.43,7884740.86,682632.36,3135487.85,8242933.32,79665.43,79665.44,2.4145,4.53017,79619.0,79619.1,4.1796,0.6257
1788590883718,1788590883511755,79640.2,79643.4,0.00021,1.95838,88510.39,3808926.43,7884740.86,682457.12,3135312.61,8242758.08,79665.43,79665.44,2.41435,4.53017,79619.0,79619.1,4.1796,0.7123
1788590883978,1788590883869995,79640.2,79643.4,0.00021,1.95838,128466.72,3848882.75,7924697.19,682457.35,3080659.14,8188104.61,79665.43,79665.44,2.41104,4.53011,79619.0,79619.1,4.1796,0.7123
1788590884226,1788590884166910,79640.2,79643.4,0.00021,1.95838,128466.56,3848882.6,7924697.03,682456.82,3080658.61,8188104.08,79665.43,79665.44,2.41104,4.53011,79619.0,79619.1,4.1796,0.7123
1788590884470,1788590884366933,79640.2,79643.4,0.00021,1.95838,128515.93,3848882.6,7924697.03,682407.72,3080658.9,8188104.37,79665.43,79665.44,2.41104,4.52917,79619.0,79619.1,4.1796,0.6257
1788590884731,1788590884366933,79640.2,79643.4,0.00021,1.95838,128515.93,3848882.6,7924697.03,682407.72,3080658.9,8188104.37,79665.43,79665.44,2.41054,4.52917,79619.0,79619.1,4.1796,0.7123
1788590884974,1788590884366933,79640.2,79643.4,0.00021,1.95838,128515.93,3848882.6,7924697.03,682407.72,3080658.9,8188104.37,79665.43,79665.44,2.41054,4.52917,79619.0,79619.1,4.1796,0.7123
1788590885219,1788590885134981,79640.2,79643.4,0.00021,1.95834,128515.93,3848882.6,7924697.03,682355.15,3080655.71,8188101.18,79665.43,79665.44,2.41054,4.52791,79619.0,79619.1,4.1796,0.7123
1788590885478,1788590885411691,79640.9,79643.4,0.01311,1.95834,91244.95,3847214.74,7921040.16,680777.59,3138210.25,8245655.72,79665.43,79665.44,2.41042,4.52791,79619.0,79619.1,4.1796,0.6257
1788590885723,1788590885624168,79641.0,79643.4,0.01147,1.95847,91183.73,3848526.43,7922351.84,682380.93,3139813.59,8247259.07,79665.43,79665.44,2.41005,4.5246,79619.0,79619.1,4.3215,0.9126
1788590885970,1788590885930324,79641.0,79643.4,0.01147,1.95883,91183.73,3816677.55,7890502.96,650550.89,3107983.55,8215429.02,79665.43,79665.44,2.41005,4.5246,79619.0,79619.1,4.3215,0.9126
1788590886230,1788590886118845,79641.0,79643.4,0.01147,1.95883,89192.89,3846535.35,7920360.77,680816.46,3138249.12,8245694.59,79665.43,79665.44,2.40998,4.5246,79619.0,79619.1,4.3215,0.9184
1788590886476,1788590886308000,79640.9,79643.4,0.01311,1.95907,92041.35,3848010.92,7921836.33,682428.54,3088604.77,8196050.25,79665.43,79665.44,2.40998,4.5246,79619.0,79619.1,4.3215,0.9117
1788590886722,1788590886521446,79640.9,79643.4,0.01311,1.95907,91244.95,3847214.52,7921039.93,682428.54,3088604.77,8196050.25,79665.43,79665.44,2.40998,4.5246,79619.0,79619.1,4.3215,0.9633
1788590886972,1788590886521446,79640.9,79643.4,0.01311,1.95907,91244.95,3847214.52,7921039.93,682428.54,3088604.77,8196050.25,79665.43,79665.44,2.40168,4.5246,79619.0,79619.1,4.3215,0.9633
1788590887217,1788590886521446,79640.9,79643.4,0.01311,1.95907,91244.95,3847214.52,7921039.93,682428.54,3088604.77,8196050.25,79665.43,79665.44,2.40168,4.5246,79619.0,79619.1,4.3215,0.9575
1788590887477,1788590887421087,79640.9,79643.4,0.01311,1.95907,91244.95,3847214.52,7921039.93,682445.25,3088621.49,8196066.96,79665.43,79665.44,2.39837,4.52453,79619.0,79619.1,4.3215,0.9575
1788590887723,1788590887688366,79640.9,79643.4,0.01311,1.95907,91166.07,3847135.65,7920961.06,682445.25,3145409.01,8252854.48,79665.43,79665.44,2.39837,4.52435,79619.0,79619.1,4.3202,0.9588
1788590887968,1788590887923368,79640.3,79643.4,0.01266,1.95907,89985.02,3806114.31,7881928.74,682444.8,3083382.41,8190827.88,79665.43,79665.44,1.90379,4.68433,79619.0,79619.1,4.3215,0.9575
1788590888228,1788590888038481,79640.3,79643.4,0.01266,1.95907,89984.83,3806114.12,7881928.55,682444.8,3083382.41,8190827.88,79665.43,79665.44,1.87796,4.6844,79619.0,79619.1,4.3215,0.9633
1788590888471,1788590888038481,79640.3,79643.4,0.01266,1.95907,89984.83,3806114.12,7881928.55,682444.8,3083382.41,8190827.88,79665.43,79665.44,1.87787,4.68424,79619.0,79619.1,4.3215,0.9633
1788590888731,1788590888516666,79640.2,79643.4,0.00021,1.95905,88976.58,3805105.87,7880920.3,682443.21,3137000.15,8244445.62,79665.43,79665.44,1.87787,4.68424,79619.0,79619.1,4.3215,0.9575
1788590888979,1788590888940971,79640.2,79643.4,0.00021,1.95905,88616.39,3804745.68,7880560.11,683239.2,3137796.14,8245241.62,79665.43,79665.44,1.87717,4.68424,79619.0,79619.1,4.3202,1.1503
1788590889220,1788590889076008,79640.2,79643.4,0.00021,1.95905,88616.39,3804745.68,7880560.11,682442.75,3136999.7,8244445.17,79665.43,79665.44,1.87717,4.68093,79619.0,79619.1,4.1783,0.9633
1788590889482,1788590889305213,79642.2,79643.4,0.01,1.95905,68876.01,3629957.3,7912103.59,682443.3,3083380.91,8190826.38,79665.43,79665.44,1.87754,4.68061,79619.0,79619.1,4.1796,0.9633
1788590889729,1788590889693595,79640.2,79643.4,0.00021,1.95905,123448.08,3839577.61,7915392.04,676289.76,3161375.33,8268820.8,79665.43,79665.44,1.87754,4.68068,79619.0,79619.1,4.1796,0.9633
1788590889975,1788590889936713,79640.2,79643.4,0.00021,1.95905,123448.08,3839577.61,7915392.04,650584.7,3135670.28,8243115.75,79665.43,79665.44,1.87754,4.68068,79619.0,79619.1,3.9421,0.9633
1788590890220,1788590890110676,79640.2,79643.4,0.00021,1.85905,124244.86,3840374.39,7916188.82,642620.78,3127706.36,8235151.83,79665.43,79665.44,1.87754,4.68068,79619.0,79619.1,3.9421,0.9633
1788590890480,1788590890431043,79640.9,79643.4,0.01376,1.85905,85419.52,3840371.64,7914197.05,642621.08,3127706.65,8235152.12,79665.43,79665.44,2.37205,4.67958,79619.0,79619.1,3.9421,0.9575
1788590890724,1788590890677483,79640.9,79643.4,0.01376,1.85905,84622.91,3839575.02,7913400.44,674479.42,3075417.03,8182862.5,79665.43,79665.44,2.36874,4.67965,79619.0,79619.1,3.9421,0.9633
1788590890968,1788590890847223,79640.9,79643.4,0.01376,1.85772,84622.91,3807726.14,7881551.56,674373.5,3129912.3,8237357.77,79665.43,79665.44,2.36874,4.67965,79619.0,79619.1,3.9421,0.9633
1788590891229,1788590891049199,79640.9,79643.4,0.01376,1.85772,84622.91,3839575.3,7913400.72,674373.76,3129912.56,8237358.03,79665.43,79665.44,2.36881,4.67326,79619.0,79619.1,3.9421,0.9572
1788590891472,1788590891400737,79640.9,79643.4,0.01376,1.85712,84622.71,3839575.11,7913400.52,674325.97,3129864.77,8237310.24,79665.43,79665.44,2.36881,4.67282,79619.0,79619.1,3.9421,0.963
1788590891718,1788590891678843,79640.9,79643.4,0.01376,1.85712,84622.71,3839575.11,7913400.52,674325.97,3129864.77,8237310.24,79665.43,79665.44,2.36881,4.67282,79619.0,79619.1,3.9421,0.9452
1788590891978,1788590891914631,79642.3,79643.4,0.01,1.85712,69971.84,3632050.67,7913196.85,674325.99,3124255.09,8231700.56,79665.43,79665.44,2.36881,4.67282,79619.0,79619.1,3.9421,0.9458
1788590892222,1788590892128607,79642.3,79643.4,0.01,1.85712,69971.84,3632050.39,7913196.57,674325.99,3129578.52,8237023.99,79665.43,79665.44,2.36881,4.66951,79619.0,79619.1,4.1627,0.94
1788590892481,1788590892416074,79640.9,79643.4,0.01376,1.85712,84622.72,3839574.83,7913400.25,674325.99,3080587.02,8188032.49,79665.43,79665.44,2.36881,4.66951,79619.0,79619.1,4.1627,0.94
1788590892723,1788590892467260,79640.9,79643.4,0.01376,1.8479,84622.72,3839574.83,7913400.25,673591.67,3079852.71,8187298.18,79665.43,79665.44,2.36692,4.66951,79619.0,79619.1,4.1627,0.94
1788590892968,1788590892718427,79640.9,79643.4,0.01376,1.8479,84622.72,3839574.83,7913400.25,673591.16,3079852.2,8187297.67,79665.43,79665.44,2.36692,4.66951,79619.0,79619.1,4.1627,0.9458
1788590893232,1788590893130345,79640.9,79643.4,0.01376,1.8479,84622.72,3839574.83,7913400.25,673591.35,3079852.39,8187297.86,79665.43,79665.44,2.36692,4.66951,79619.0,79619.1,4.1627,0.94
1788590893478,1788590893130345,79640.9,79643.4,0.01376,1.8479,84622.72,3839574.83,7913400.25,673591.35,3079852.39,8187297.86,79665.43,79665.44,2.36692,4.66951,79619.0,79619.1,4.1627,0.94
1788590893722,1788590893649626,79640.2,79643.4,0.00021,1.8479,122349.44,3838478.97,7914293.4,673591.35,3137964.68,8245410.15,79665.43,79665.44,2.36692,4.66945,79619.0,79619.1,4.1627,0.94
1788590893968,1788590893937969,79640.2,79643.4,0.00021,1.8479,122349.25,3838478.78,7914293.21,673591.35,3137964.68,8245410.15,79665.43,79665.44,2.36361,4.66945,79619.0,79619.1,4.1706,0.9458
1788590894226,1788590893937969,79640.2,79643.4,0.00021,1.8479,122349.25,3838478.78,7914293.21,673591.35,3137964.68,8245410.15,79665.43,79665.44,2.36361,4.65933,79619.0,79619.1,4.1706,0.9458
1788590894471,1788590894367061,79640.2,79643.4,0.00021,1.8479,122349.25,3838478.78,7914293.21,673591.35,3079852.39,8187297.86,79665.43,79665.44,2.38932,4.65933,79619.0,79619.1,4.1706,0.9458
1788590894731,1788590894367061,79640.2,79643.4,0.00021,1.8479,122349.25,3838478.78,7914293.21,673591.35,3079852.39,8187297.86,79665.43,79665.44,2.38932,4.65933,79619.0,79619.1,4.1706,0.94
1788590894977,1788590894367061,79640.2,79643.4,0.00021,1.8479,122349.25,3838478.78,7914293.21,673591.35,3079852.39,8187297.86,79665.43,79665.44,2.38932,4.65933,79619.0,79619.1,4.1706,0.9458
1788590895224,1788590895175223,79640.5,79643.4,0.01133,1.8479,129245.0,3845374.53,7919199.94,672854.11,3130112.49,8237557.96,79665.43,79665.44,2.3912,4.65882,79619.0,79619.1,4.1706,0.594
1788590895471,1788590895419082,79640.6,79643.4,0.01172,1.8479,122534.94,3838064.08,7911889.49,673879.58,3131783.05,8239228.52,79665.43,79665.44,2.3912,4.65882,79619.0,79619.1,4.1706,0.5931
1788590895731,1788590895679561,79640.6,79643.4,0.01172,1.8479,122534.75,3818796.75,7892622.17,673879.58,3131783.05,8239228.52,79665.43,79665.44,2.3912,4.65882,79619.0,79619.1,4.1706,0.5931
1788590895976,1788590895944646,79640.6,79643.4,0.01172,1.8479,122534.75,3789622.7,7863448.11,673879.7,3131783.17,8239228.64,79665.43,79665.44,2.3912,4.65825,79619.0,79619.1,4.1706,0.5931
1788590896220,1788590896174930,79640.6,79643.4,0.01172,1.8479,122534.75,3821471.7,7895297.11,673879.44,3131782.91,8239228.38,79665.43,79665.44,2.3912,4.66227,79619.0,79619.1,4.1706,0.5931
1788590896477,1788590896410223,79640.2,79643.4,0.00021,1.8479,89014.88,3785902.88,7861717.31,674607.69,3078278.33,8185723.8,79665.43,79665.44,2.3201,4.66227,79619.0,79619.1,4.0131,0.5976
1788590896721,1788590896685947,79640.2,79643.4,0.00021,1.8479,89902.06,3786790.06,7862604.5,674607.69,3131079.77,8238525.24,79665.43,79665.44,2.31621,4.55768,79619.0,79619.1,4.0131,0.6034
1788590896979,1788590896939924,79640.2,79643.4,0.00021,1.8479,89902.06,3774206.55,7850020.98,642748.77,3099220.85,8206666.32,79665.43,79665.44,2.31621,4.55768,79619.0,79619.1,4.0131,0.5976
1788590897224,1788590897072912,79640.2,79643.4,0.00021,1.8479,89902.06,3806055.43,7881869.86,674607.57,3131079.65,8238525.12,79665.43,79665.44,2.31601,4.56935,79619.0,79619.1,4.2462,1.0353
1788590897468,1788590897436073,79641.5,79643.4,0.01,0.01432,244006.55,3797548.8,8075714.99,409513.33,2828935.86,7936381.33,79665.43,79665.44,3.47128,2.14871,79619.0,79619.1,6.4125,0.3113
1788590897728,1788590897677832,79641.6,79643.4,0.01167,0.01432,257906.2,3811448.53,8089614.72,410411.85,2919045.75,8026491.22,79665.43,79665.44,3.47182,2.29341,79619.0,79619.1,6.4144,0.3979
1788590897972,1788590897806159,79641.6,79643.4,0.01167,0.01462,271523.88,3825066.21,8103232.4,411921.17,2915694.74,8023140.21,79665.43,79665.44,3.47175,2.28341,79619.0,79619.1,6.4125,0.3113
1788590898230,1788590898166984,79641.6,79643.4,0.01167,0.01462,272320.3,3825865.39,8104031.58,410424.58,2914198.15,8021643.62,79665.43,79665.44,3.47175,2.2831,79619.0,79619.1,6.4125,0.3113
1788590898476,1788590898446057,79641.6,79643.4,0.01167,0.01493,264603.13,3818148.22,8096314.41,417440.13,2914928.39,8022373.86,79665.43,79665.44,3.45372,2.27726,79619.0,79619.1,5.7383,0.7021
1788590898720,1788590898635422,79641.6,79643.4,0.01163,0.01493,265835.94,3819381.03,8097547.22,402435.38,2831051.96,7938497.43,79665.43,79665.44,3.45379,2.27719,79619.0,79619.1,5.7288,0.7021
1788590898980,1788590898902775,79641.6,79643.4,0.01163,0.01526,266632.37,3819233.86,8097400.05,402762.38,2767350.19,7874795.66,79665.43,79665.44,3.45342,2.27712,79619.0,79619.1,6.836,0.3169
1788590899225,1788590899023610,79641.6,79643.4,0.01163,0.01526,265835.95,3818437.44,8096603.63,418466.89,2858095.65,7965541.12,79665.43,79665.44,3.45342,2.27712,79619.0,79619.1,6.1801,0.3169
1788590899471,1788590899415205,79641.6,79643.4,0.01163,0.01582,265835.95,3818437.44,8096603.63,418511.49,2858140.25,7965585.72,79665.43,79665.44,3.45182,2.27719,79619.0,79619.1,6.1804,0.316
1788590899718,1788590899682284,79641.6,79643.4,0.01163,0.01582,265835.75,3818437.24,8096603.43,478197.99,2917826.75,8025272.22,79665.43,79665.44,3.45182,2.27719,79619.0,79619.1,6.1804,0.316
1788590899980,1788590899922953,79641.6,79643.4,0.01163,0.01574,265835.75,3818437.24,8096603.43,478181.45,2973776.21,8081221.68,79665.43,79665.44,3.45182,2.27462,79619.0,79619.1,6.1804,0.316
1788590900225,1788590900176075,79641.6,79643.4,0.01163,0.01662,265835.98,3818437.47,8096603.66,418564.85,2946021.57,8053467.04,79665.43,79665.44,3.45182,2.25287,79619.0,79619.1,6.1804,0.316
1788590900468,1788590900430180,79641.6,79643.4,0.01163,0.01662,265835.98,3818437.47,8096603.66,417875.09,2945331.81,8052777.28,79665.43,79665.44,3.45182,2.25347,79619.0,79619.1,6.1804,0.3143
1788590900727,1788590900623933,79641.6,79643.4,0.01163,0.01662,265835.98,3818437.47,8096603.66,419371.67,2949637.65,8057083.12,79665.43,79665.44,3.45182,2.25347,79619.0,79619.1,6.1804,0.4009
1788590900972,1788590900831224,79641.6,79643.4,0.01163,0.01662,265835.98,3786585.83,8064752.02,468029.19,2998295.17,8105740.64,79665.43,79665.44,3.45182,2.25347,79619.0,79619.1,6.1804,0.4009
1788590901218,1788590901196854,79641.6,79643.4,0.01163,0.01662,265786.6,3818388.13,8096554.32,473411.95,2997533.54,8104979.01,79665.43,79665.44,3.45182,2.25347,79619.0,79619.1,6.1804,0.4009
1788590901478,1788590901322994,79641.6,79643.4,0.01163,0.01661,265835.98,3818437.51,8096603.7,473411.15,2997532.74,8104978.21,79665.43,79665.44,3.45145,2.25347,79619.0,79619.1,6.1804,0.4009
1788590901723,1788590901322994,79641.6,79643.4,0.01163,0.01661,265835.98,3818437.51,8096603.7,473411.15,2997532.74,8104978.21,79665.43,79665.44,3.44295,2.25347,79619.0,79619.1,6.1803,0.4009
1788590901970,1788590901322994,79641.6,79643.4,0.01163,0.01661,265835.98,3818437.51,8096603.7,473411.15,2997532.74,8104978.21,79665.43,79665.44,3.44295,2.25347,79619.0,79619.1,6.1803,0.3143
1788590902230,1788590902192486,79640.6,79643.4,0.01365,0.01661,310120.31,3985422.08,8059247.5,473410.71,2951191.07,8058636.54,79665.43,79665.44,3.44295,2.25347,79619.0,79619.1,6.2675,0.7046
1788590902476,1788590902436257,79640.6,79643.4,0.01365,0.01661,310120.11,4066067.1,8139892.52,473410.71,2926699.65,8034145.12,79665.43,79665.44,3.44295,2.25147,79619.0,79619.1,6.2675,0.7046
1788590902723,1788590902557881,79640.6,79643.4,0.01365,0.01661,310120.11,4066067.1,8139892.52,473410.71,2958561.37,8066006.84,79665.43,79665.44,3.44195,2.2511,79619.0,79619.1,6.2675,0.7046
1788590902967,1788590902914881,79640.6,79643.4,0.01365,0.01661,310120.11,4066067.1,8139892.52,473410.71,2958561.37,8066006.84,79665.43,79665.44,3.44195,2.2511,79619.0,79619.1,6.2675,0.7071
1788590903228,1788590902914881,79640.6,79643.4,0.01365,0.01661,310120.11,4066067.1,8139892.52,473410.71,2958561.37,8066006.84,79665.43,79665.44,3.45364,2.2311,79619.0,79619.1,6.2675,0.7071
1788590903473,1788590903443802,79640.6,79643.4,0.01365,0.01661,310120.11,4066067.1,8139892.52,473410.93,2958561.59,8066007.06,79665.43,79665.44,3.45364,2.2311,79619.0,79619.1,6.2675,0.7071
1788590903719,1788590903581820,79640.6,79643.4,0.01365,0.01661,313112.03,4067059.45,8140884.86,473537.56,3013105.8,8120551.27,79665.43,79665.44,3.45107,2.2311,79619.0,79619.1,6.2675,0.7071
1788590903980,1788590903942140,79643.3,79643.4,0.01188,0.01661,258291.44,3634015.94,7866394.04,437683.88,2962692.49,8070137.96,79665.43,79665.44,3.45883,1.88391,79619.0,79619.1,6.4487,0.2161
1788590904225,1788590904194861,79643.4,79646.4,0.01378,0.14616,259339.56,3603508.0,7835886.1,747447.93,3100122.39,8084916.33,79665.43,79665.44,3.4589,1.88544,79619.0,79619.1,6.4485,0.2153
1788590904469,1788590904438020,79644.2,79646.4,0.01,0.14616,72984.16,3667578.42,8034346.3,692552.14,3103229.29,8088023.23,79665.43,79665.44,3.4589,1.88213,79619.0,79619.1,6.85,0.2144
1788590904717,1788590904659216,79644.4,79646.4,0.00988,0.14616,74020.32,3668614.57,8035382.46,693108.92,3106030.36,8090824.29,79665.43,79665.44,3.4589,1.88213,79619.0,79619.1,6.85,0.15
1788590904977,1788590904878102,79644.4,79646.4,0.00988,0.14416,73223.88,3695052.48,8061820.36,693649.77,3106571.21,8091365.15,79665.43,79665.44,3.4589,1.88202,79619.0,79619.1,6.85,0.15
1788590905223,1788590905124120,79644.4,79646.4,0.00958,0.14416,73996.43,3695825.03,8062592.91,693649.77,3106571.21,8091365.15,79665.43,79665.44,3.45897,1.88165,79619.0,79619.1,6.85,0.15
1788590905480,1788590905403774,79644.4,79646.4,0.00958,0.14411,73996.43,3695825.03,8062592.91,692956.0,3105877.44,8090671.37,79665.43,79665.44,3.4589,1.87165,79619.0,79619.1,6.8408,0.15
1788590905726,1788590905665425,79644.4,79646.4,0.00958,0.14411,73199.99,3695028.59,8061796.47,692956.03,3088734.52,8073528.45,79665.43,79665.44,3.4589,1.87165,79619.0,79619.1,6.8408,0.15
1788590905972,1788590905947084,79644.4,79646.4,0.00958,0.14411,73199.57,3689766.01,8056533.89,773450.1,3185941.48,8170735.41,79665.43,79665.44,3.45559,2.0063,79619.0,79619.1,6.8408,0.15
1788590906217,1788590906120132,79644.4,79646.4,0.00958,0.14411,73199.57,3692401.12,8059169.01,748443.17,3163602.28,8148396.22,79665.43,79665.44,3.45566,2.00637,79619.0,79619.1,6.8408,0.1526
1788590906474,1788590906443929,79643.4,79646.4,0.01378,0.14411,260219.51,3823341.49,8055720.78,748433.0,3156221.57,8141015.51,79665.43,79665.44,3.45529,2.00637,79619.0,79619.1,6.8408,0.1526
1788590906720,1788590906551156,79643.4,79646.4,0.0119,0.14411,246452.55,3798582.57,8030961.86,747733.05,3155521.62,8140315.56,79665.43,79665.44,3.45529,2.00637,79619.0,79619.1,6.85,0.1526
1788590906967,1788590906925134,79643.4,79646.4,0.0119,0.14223,260039.56,3825786.25,8058144.05,748283.46,3156072.03,8140865.97,79665.43,79665.44,3.45515,1.98637,79619.0,79619.1,6.85,0.1526
1788590907227,1788590907080131,79643.4,79646.4,0.0119,0.14223,260039.56,3825786.25,8058144.05,748283.46,3156072.03,8140865.97,79665.43,79665.44,3.45515,1.98637,79619.0,79619.1,6.85,0.1526
1788590907473,1788590907422008,79643.4,79646.4,0.0119,0.14223,260039.56,3823161.54,8055519.34,748283.46,3163442.62,8148236.56,79665.43,79665.44,3.45515,1.98637,79619.0,79619.1,6.85,0.1526
1788590907719,1788590907676882,79643.4,79646.4,0.0119,0.14223,260932.34,3824054.32,8056434.41,748405.31,3108486.15,8093280.09,79665.43,79665.44,3.45508,1.98206,79619.0,79619.1,6.85,0.1526
1788590907978,1788590907917048,79644.0,79646.4,0.01,0.14223,74011.16,3818914.72,8057246.79,748405.31,3161845.85,8146639.78,79665.43,79665.44,3.45508,1.98206,79619.0,79619.1,6.85,0.1526
1788590908220,1788590908185353,79643.4,79646.4,0.0119,0.14223,260948.29,3824070.27,8056450.35,748405.31,3161845.85,8146639.78,79665.43,79665.44,3.45228,1.98206,79619.0,79619.1,6.85,0.1526
1788590908478,1788590908185353,79643.4,79646.4,0.0119,0.14223,260948.29,3824070.27,8056450.35,748405.31,3161845.85,8146639.78,79665.43,79665.44,3.45228,1.98206,79619.0,79619.1,6.85,0.1526
1788590908723,1788590908556029,79643.3,79646.4,0.0121,0.12119,259245.74,3822367.72,8054747.8,691962.79,3052043.63,8036837.57,79665.43,79665.44,3.45228,1.98206,79619.0,79619.1,6.85,0.1526
1788590908969,1788590908928648,79643.3,79646.4,0.0121,0.12119,260042.17,3823164.15,8055544.23,691962.79,3088237.16,8073031.1,79665.43,79665.44,3.5242,1.98219,79619.0,79619.1,6.85,0.1526
1788590909227,1788590909150811,79643.3,79646.4,0.0121,0.12119,259245.74,3822367.72,8054747.8,691952.44,3126187.7,8110981.64,79665.43,79665.44,3.5242,1.9887,79619.0,79619.1,6.85,0.1526
1788590909470,1788590909411116,79645.9,79646.4,0.01,0.12119,68493.7,3679814.95,8023201.13,665996.24,3100231.5,8085025.44,79665.43,79665.44,3.52089,1.9887,79619.0,79619.1,6.85,0.1526
1788590909717,1788590909687165,79643.3,79646.4,0.0121,0.11847,259245.99,3827623.68,8060003.77,691735.98,3125971.24,8110765.18,79665.43,79665.44,3.52089,1.9887,79619.0,79619.1,6.85,0.1518
1788590909977,1788590909927133,79643.3,79646.4,0.0121,0.11847,259245.99,3827623.68,8060003.77,750154.47,3184389.73,8169183.67,79665.43,79665.44,3.51889,1.9887,79619.0,79619.1,6.85,0.1518
1788590910226,1788590910195345,79646.6,79646.7,0.0002,0.14616,67559.94,3648727.2,7998294.81,753107.94,3131704.99,8116498.93,79665.43,79665.44,3.51889,1.96813,79619.0,79619.1,6.85,0.1518
1788590910469,1788590910410283,79646.6,79646.7,0.0002,0.14616,67559.94,3651718.38,8001285.98,754105.19,3132702.25,8117496.18,79665.43,79665.44,3.51889,1.96813,79619.0,79619.1,6.85,0.1518
1788590910729,1788590910648063,79646.6,79646.7,0.0002,0.14616,66763.51,3650921.95,8000489.55,754117.01,3182954.68,8167748.61,79665.43,79665.44,3.51889,1.96813,79619.0,79619.1,6.85,0.4121
1788590910976,1788590910883770,79646.6,79646.7,0.0002,0.14615,64708.72,3654304.35,8003871.95,754139.13,3182945.71,8167739.65,79665.43,79665.44,3.51889,1.96432,79619.0,79619.1,6.85,0.4121
1788590911220,1788590911194470,79643.1,79646.7,0.0098,0.14615,246045.29,3801561.09,8033941.18,802402.76,3180968.74,8165762.68,79665.43,79665.44,3.51889,2.11398,79619.0,79619.1,6.85,0.4987
1788590911480,1788590911313497,79643.0,79646.7,0.00021,0.14615,247338.59,3804848.45,8037228.54,754388.4,3132954.36,8117748.3,79665.43,79665.44,3.51852,1.96445,79619.0,79619.1,6.85,0.4987
1788590911725,1788590911694116,79641.5,79646.7,0.31395,0.14556,254351.17,3808811.76,8086979.93,812745.16,3191311.13,8176105.07,79665.43,79665.44,3.44623,1.96245,79619.0,79619.1,6.85,0.5019
1788590911970,1788590911898888,79641.5,79646.7,0.31395,0.14556,254351.16,3806097.93,8084266.1,812745.16,3193898.42,8178692.36,79665.43,79665.44,3.44616,1.96245,79619.0,79619.1,6.85,0.5019
1788590912228,1788590912159521,79641.5,79646.7,0.31395,0.14556,254351.16,3806130.59,8084298.76,812745.16,3183891.17,8168685.1,79665.43,79665.44,3.44616,1.96245,79619.0,79619.1,6.85,0.5019
1788590912471,1788590912435478,79641.2,79646.7,0.01352,0.14556,262371.63,4010471.14,8084298.54,754286.42,3133358.26,8118152.2,79665.43,79665.44,3.44285,1.96245,79619.0,79619.1,6.85,0.4153
1788590912717,1788590912641773,79641.3,79646.7,0.07833,0.02,268609.92,3812310.54,8090478.71,770616.66,3152370.58,8137164.52,79665.43,79665.44,3.4303,1.90135,79619.0,79619.1,6.85,0.4144
1788590912978,1788590912933526,79641.3,79646.5,0.07833,0.14555,268609.88,3812310.5,8090478.67,806073.87,3187827.79,8172621.72,79665.43,79665.44,3.4303,1.90091,79619.0,79619.1,6.85,0.501
1788590913221,1788590913185837,79646.4,79646.5,0.0002,0.14555,71757.48,3658862.99,8008430.59,806073.86,3187827.78,8172621.72,79665.43,79665.44,3.50461,1.90091,79619.0,79619.1,6.85,0.1491
1788590913479,1788590913436225,79646.4,79646.5,0.0002,0.8677,329.72,3139374.49,7488942.09,863131.77,3224764.32,8209558.26,79662.99,79663.0,1.81492,3.04374,79619.0,79619.1,4.4032,1.8422
1788590913721,1788590913676788,79646.3,79646.4,0.0002,0.9036,1327.58,3142541.39,7492108.99,896901.78,3260624.61,8245418.54,79662.99,79663.0,1.89032,3.13845,79619.0,79619.1,4.6005,1.6274
1788590913966,1788590913920727,79645.9,79646.0,0.0002,0.43277,942.93,3247776.18,7591162.36,803960.06,3220324.57,8205118.5,79662.99,79663.0,2.02603,3.26534,79619.0,79619.1,4.7723,1.6274
1788590914226,1788590914196564,79645.9,79646.0,0.0002,0.54643,953.28,3235130.31,7578516.48,803185.5,3219550.0,8204343.94,79662.99,79663.0,2.1941,3.26139,79619.0,79619.1,4.7723,1.4417
1788590914468,1788590914425987,79645.8,79645.9,0.0002,0.58271,954.08,3207898.0,7551284.18,810375.17,3225342.5,8209578.36,79662.99,79663.0,2.1941,3.26139,79619.0,79619.1,4.7723,1.4417
1788590914729,1788590914693030,79644.0,79645.9,0.00014,0.58271,65923.45,3522534.31,7541809.35,752236.78,3059492.21,7829869.54,79662.99,79663.0,2.1921,3.26109,79619.0,79619.1,4.7723,1.4389
1788590914976,1788590914930787,79645.7,79645.8,0.0002,0.28845,62868.58,3297045.61,7541857.14,789514.28,3096769.71,7867147.04,79662.99,79663.0,2.1921,2.95109,79619.0,79619.1,4.7723,1.4389
1788590915223,1788590915194625,79644.0,79645.3,0.00012,0.02,66622.32,3632268.12,7868902.59,755865.98,3169286.52,8150607.59,79662.99,79663.0,2.19223,2.78249,79619.0,79619.1,4.7723,1.1877
1788590915481,1788590915430839,79644.9,79645.2,0.0002,0.06801,65638.83,3297811.39,7869017.29,779661.58,3197981.12,8179302.19,79662.99,79663.0,2.19983,2.78205,79619.0,79619.1,4.7723,1.1877
1788590915725,1788590915522991,79644.9,79645.2,0.0002,0.06801,65638.67,3299403.93,7870609.83,779661.58,3197981.12,8179302.19,79662.99,79663.0,2.19652,2.76205,79619.0,79619.1,4.7723,1.1877
1788590915982,1788590915849844,79644.9,79645.2,0.0002,0.06801,65638.67,3267552.25,7838758.15,779661.58,3166119.52,8147440.59,79662.99,79663.0,2.41501,2.76205,79619.0,79619.1,4.7723,1.1877
1788590916227,1788590916192223,79644.9,79645.2,0.0002,0.19357,39936.02,3273676.41,7844882.31,816164.06,3234483.4,8215804.47,79662.99,79663.0,2.31515,2.92855,79619.0,79619.1,4.7723,1.1877
1788590916472,1788590916376464,79644.9,79645.0,0.0002,0.03888,65654.51,3299394.9,7870600.8,618850.47,3198719.84,8180040.91,79662.99,79663.0,2.31515,2.92855,79619.0,79619.1,4.7723,1.1877
1788590916718,1788590916616080,79644.9,79645.0,0.0002,0.03888,65654.51,3299394.9,7870600.8,618850.47,3196026.6,8177347.67,79662.99,79663.0,2.31478,2.92855,79619.0,79619.1,4.7723,1.1877
1788590916981,1788590916891531,79644.9,79645.0,0.0002,0.03888,65654.51,3296709.73,7867915.63,618054.0,3197909.03,8179230.1,79662.99,79663.0,2.34018,2.92868,79619.0,79619.1,4.7223,1.1877
1788590917226,1788590917196491,79639.7,79645.0,0.06204,0.03888,118013.37,3791348.02,8024738.01,594978.08,3142971.71,8124292.78,79662.99,79663.0,2.34018,2.92537,79619.0,79619.1,4.7223,1.1877
1788590917471,1788590917445247,79644.6,79645.0,0.0002,0.03888,61360.07,3265536.92,7827781.7,619841.44,3161851.36,8143172.43,79662.99,79663.0,2.34018,2.92537,79619.0,79619.1,4.7223,1.1877
1788590917718,1788590917669388,79644.6,79645.1,0.0002,0.02,67112.48,3303141.01,7865385.8,617286.59,3194256.24,8175577.31,79662.99,79663.0,2.70684,2.39215,79619.0,79619.1,4.4695,0.7662
1788590917979,1788590917826318,79645.0,79645.1,0.0002,0.02,67409.54,3299461.95,7870667.85,621581.35,3202540.11,8183861.18,79662.99,79663.0,2.70484,2.37193,79619.0,79619.1,4.4695,0.7662
1788590918221,1788590918102164,79645.0,79645.1,0.0002,0.02,67409.54,3299461.95,7870667.85,622367.47,3203326.23,8184647.3,79662.99,79663.0,2.70505,2.54063,79619.0,79619.1,4.4603,0.7662
1788590918468,1788590918432312,79645.0,79645.2,0.0002,0.02913,67409.54,3299461.95,7870667.85,779352.03,3200755.27,8182076.34,79662.99,79663.0,2.70505,2.51235,79619.0,79619.1,4.4603,0.7662
1788590918731,1788590918584975,79645.0,79645.1,0.0002,0.04013,67409.54,3299461.95,7870667.85,624342.01,3202203.2,8183524.27,79662.99,79663.0,2.70505,2.51235,79619.0,79619.1,4.4603,0.7675
1788590918975,1788590918895223,79645.0,79645.1,0.0002,0.04013,67409.54,3299461.95,7870667.85,623545.54,3201406.73,8182727.8,79662.99,79663.0,2.70181,2.64295,79619.0,79619.1,4.4616,0.7662
1788590919220,1788590918990072,79645.0,79645.1,0.0002,0.04006,67409.54,3293159.61,7864365.51,624336.44,3202197.62,8183518.69,79662.99,79663.0,2.33464,3.55979,79619.0,79619.1,4.4603,0.7675
1788590919478,1788590919424930,79645.0,79645.1,0.0002,0.04006,67409.54,3369042.69,7940248.59,624336.44,3202197.62,8183518.69,79662.99,79663.0,2.33464,3.55603,79619.0,79619.1,4.4616,0.7662
1788590919720,1788590919635620,79645.0,79645.1,0.0002,0.04006,67409.54,3369042.69,7940248.59,570115.51,3116114.54,8097435.61,79662.99,79663.0,2.33464,3.55603,79619.0,79619.1,4.4603,0.7604
1788590919982,1788590919908222,79644.6,79645.0,0.0002,0.02,67361.75,3377956.01,7940200.8,626077.3,3203938.33,8185259.4,79662.99,79663.0,2.33464,3.55603,79619.0,79619.1,4.4695,0.7588
1788590920226,1788590920196005,79644.6,79645.0,0.0002,0.02,38339.73,3348933.99,7911178.78,572849.68,3150710.7,8132031.78,79662.99,79663.0,2.33464,3.58191,79619.0,79619.1,4.5636,0.9458
1788590920470,1788590920446753,79644.6,79645.0,0.0002,0.02,37458.15,3348052.4,7910297.19,621487.1,3199348.12,8180669.2,79662.99,79663.0,2.33464,3.57623,79619.0,79619.1,4.4255,0.7601
1788590920728,1788590920640113,79638.9,79645.0,0.4449,0.02,138449.0,3913588.69,8176459.6,622620.43,3200481.45,8181802.52,79662.99,79663.0,2.33464,3.57653,79619.0,79619.1,4.501,0.9445
1788590920975,1788590920919273,79638.9,79645.1,0.4449,0.04006,138449.0,3881737.01,8144607.92,621027.53,3167026.55,8148347.62,79662.99,79663.0,2.33464,3.57653,79619.0,79619.1,4.501,0.753
1788590921220,1788590921116565,79645.0,79645.1,0.0002,0.04006,67259.0,3368891.88,7940097.78,619893.92,3197754.66,8179075.74,79662.99,79663.0,2.33464,3.57653,79619.0,79619.1,4.501,0.7598
1788590921481,1788590921375722,79645.0,79645.1,0.0002,0.04006,67259.0,3368891.88,7940097.78,619904.27,3197765.02,8179086.09,79662.99,79663.0,2.33464,3.57653,79619.0,79619.1,4.501,0.7672
1788590921727,1788590921667058,79645.0,79645.1,0.0002,0.05006,67259.0,3374193.71,7945399.61,621796.66,3196983.27,8178304.34,79662.99,79663.0,2.33427,3.57653,79619.0,79619.1,4.5023,0.7659
1788590921975,1788590921813371,79645.0,79645.1,0.0002,0.04006,67259.0,3374193.71,7945399.61,569257.31,3144443.92,8125764.99,79662.99,79663.0,2.33427,3.57653,79619.0,79619.1,4.5023,0.7659
1788590922217,1788590922121841,79645.0,79645.1,0.0002,0.04006,67862.69,3377450.69,7948656.6,569257.56,3144450.97,8125772.04,79662.99,79663.0,2.33096,3.57653,79619.0,79619.1,4.5023,0.7659
1788590922475,1788590922434608,79645.0,79645.1,0.0002,0.04006,67862.69,3377450.73,7948656.64,569257.56,3144450.97,8125772.04,79662.99,79663.0,2.32896,3.57653,79619.0,79619.1,4.5023,0.7659
1788590922719,1788590922568897,79645.0,79645.1,0.0002,0.04006,67862.69,3374797.43,7946003.33,569257.56,3144450.97,8125772.04,79662.99,79663.0,2.32896,3.57653,79619.0,79619.1,4.5023,0.7659
1788590922980,1788590922860527,79645.0,79645.1,0.0002,0.04006,68659.11,3375593.86,7946799.76,626285.01,3201478.42,8182799.49,79662.99,79663.0,2.32896,3.57606,79619.0,79619.1,4.5023,0.7659
1788590923224,1788590923161274,79645.0,79645.1,0.0002,0.04006,67862.69,3377457.9,7948663.8,625189.23,3200382.64,8181703.71,79662.99,79663.0,2.32896,3.55606,79619.0,79619.1,4.501,0.7659
1788590923471,1788590923439427,79634.9,79645.1,0.03619,0.04006,486213.47,4019828.49,8701381.33,626170.48,3201363.89,8182684.97,79662.99,79663.0,2.32896,3.55606,79619.0,79619.1,4.5023,0.7659
1788590923729,1788590923655435,79644.5,79645.1,0.0002,0.04006,26559.39,3529045.82,8091290.61,629187.97,3200381.48,8181702.55,79662.99,79663.0,2.32896,3.55606,79619.0,79619.1,4.5023,0.7659
1788590923974,1788590923811633,79644.4,79645.1,0.0002,0.04006,27260.21,3726850.02,8091991.43,630182.75,3201376.26,8182697.33,79662.99,79663.0,2.32896,3.55606,79619.0,79619.1,4.5023,0.7659
1788590924220,1788590924184822,79644.4,79645.1,0.0002,0.04006,27260.21,3740547.3,8105688.71,630182.76,3201376.27,8182697.34,79662.99,79663.0,2.32849,3.52606,79619.0,79619.1,4.5023,0.7657
1788590924478,1788590924368580,79644.4,79645.1,0.0002,0.04006,27260.21,3744449.45,8109590.86,630232.14,3201376.26,8182697.34,79662.99,79663.0,2.32849,3.52606,79619.0,79619.1,4.5023,0.7657
1788590924722,1788590924657316,79644.4,79645.1,0.0002,0.04006,27351.02,3748442.41,8113583.82,630232.14,3201376.26,8182697.34,79662.99,79663.0,2.32849,3.53057,79619.0,79619.1,4.5023,0.7657
1788590924980,1788590924937297,79644.4,79645.0,0.0002,0.02913,27351.02,3748442.41,8113583.82,570014.09,3141158.22,8122479.29,79662.99,79663.0,2.32849,3.53057,79619.0,79619.1,4.5023,0.7657
1788590925226,1788590925178060,79644.6,79645.2,0.0002,0.0692,26868.05,3551355.38,8113600.17,782960.27,3194598.27,8175919.34,79662.99,79663.0,2.32842,3.53057,79619.0,79619.1,4.5023,0.7657
1788590925475,1788590925425101,79645.1,79645.2,0.0002,0.0692,26883.98,3542410.2,8113616.1,732701.58,3144339.57,8125660.64,79662.99,79663.0,2.7341,3.5073,79619.0,79619.1,4.5023,0.7599
1788590925721,1788590925527377,79645.1,79645.2,0.0002,0.0692,26883.98,3542410.2,8113616.1,732701.58,3145340.02,8126661.09,79662.99,79663.0,2.32849,3.5073,79619.0,79619.1,4.5023,0.7599
1788590925977,1788590925758551,79645.1,79645.2,0.0002,0.0692,26187.13,3541713.35,8112919.25,788683.13,3201321.58,8182642.65,79662.99,79663.0,2.32849,3.50692,79619.0,79619.1,4.5023,0.7657
1788590926221,1788590926190776,79645.1,79645.2,0.0002,0.0692,26186.89,3541713.11,8112919.01,787886.66,3199524.66,8180845.73,79662.99,79663.0,2.32849,3.5091,79619.0,79619.1,4.5023,0.7657
1788590926481,1788590926445524,79645.8,79645.9,0.0002,0.00627,26932.41,3537034.3,8075896.58,715439.53,3101400.98,8082722.05,79662.99,79663.0,3.21405,2.81213,79619.0,79619.1,4.5023,0.7657
1788590926725,1788590926679204,79646.2,79646.3,0.0002,0.06832,26811.38,3532289.64,8077333.35,759577.0,3117572.73,8099451.88,79662.99,79663.0,3.21368,2.8122,79619.0,79619.1,4.5023,0.7657
1788590926967,1788590926817176,79646.2,79646.3,0.0002,0.06832,26869.53,3532347.78,8077391.5,759577.02,3117572.82,8099451.97,79662.99,79663.0,3.21375,2.8122,79619.0,79619.1,4.5023,0.7657
1788590927227,1788590927180852,79646.2,79646.3,0.0002,0.06832,27665.94,3546761.85,8091805.56,759577.02,3117572.82,8099451.97,79662.99,79663.0,3.21375,2.81159,79619.0,79619.1,4.5023,0.7657
1788590927473,1788590927411282,79646.2,79646.3,0.0002,0.06832,27665.94,3547608.38,8092652.09,759587.37,3109744.95,8091624.1,79662.99,79663.0,3.21375,2.81159,79619.0,79619.1,4.5023,0.7657
1788590927718,1788590927694239,79645.9,79646.3,0.00015,0.06767,26916.5,3552941.62,8091803.9,759535.6,3109693.18,8091572.33,79662.99,79663.0,3.21168,2.81159,79619.0,79619.1,4.5023,0.7657
1788590927977,1788590927792053,79645.9,79646.0,0.00015,0.01,26916.5,3552941.62,8091803.9,741396.71,3110489.64,8092368.79,79662.99,79663.0,3.21168,2.81122,79619.0,79619.1,4.5023,0.7657
1788590928223,1788590928188893,79645.9,79646.0,0.00015,0.0099,2849.55,3528876.66,8067738.95,736496.06,3110492.83,8092371.98,79662.99,79663.0,3.21168,2.81122,79619.0,79619.1,4.5023,0.7657
1788590928469,1788590928371679,79645.9,79646.0,0.00015,0.0099,26916.32,3552943.44,8091805.72,736506.41,3110503.18,8092382.34,79662.99,79663.0,3.21168,2.81122,79619.0,79619.1,4.5023,0.7657
1788590928726,1788590928625435,79645.9,79646.0,0.00015,0.0099,26916.26,3552943.37,8091805.65,736155.92,3110152.69,8092031.84,79662.99,79663.0,3.21168,2.80826,79619.0,79619.1,4.5023,0.7657
1788590928970,1788590928942057,79645.8,79645.9,0.0002,0.119,26920.88,3502909.85,8041772.13,814381.96,3185638.51,8166959.58,79662.99,79663.0,3.21124,3.08799,79619.0,79619.1,4.5023,0.7657
1788590929230,1788590929161028,79645.9,79646.0,0.0002,0.0288,26929.64,3506820.76,8045683.04,745484.02,3119937.31,8101816.46,79662.99,79663.0,3.21087,3.25682,79619.0,79619.1,4.5023,0.7657
1788590929475,1788590929161028,79645.9,79646.0,0.0002,0.0288,26929.64,3506820.76,8045683.04,745484.02,3119937.31,8101816.46,79662.99,79663.0,3.21087,3.25682,79619.0,79619.1,4.5023,0.7657
1788590929719,1788590929637202,79645.9,79646.0,0.0002,0.02879,26929.64,3506820.76,8045683.04,795067.54,3169520.82,8151399.98,79662.99,79663.0,3.21087,3.25682,79619.0,79619.1,4.5023,0.7657
1788590929978,1788590929792590,79645.9,79646.0,0.0002,0.02879,26929.64,3509574.41,8048436.69,795067.54,3172279.37,8154158.52,79662.99,79663.0,2.97923,3.25482,79619.0,79619.1,4.5023,0.7657
1788590930223,1788590930194248,79639.6,79646.0,0.00088,0.59548,249116.19,3980284.96,8213674.95,839421.82,3213436.85,8195316.0,79662.99,79663.0,2.9793,3.25482,79619.0,79619.1,4.5023,0.7657
1788590930471,1788590930321241,79639.7,79645.9,0.00452,0.35858,251879.48,4001772.07,8235162.06,888729.83,3256761.02,8238082.1,79662.99,79663.0,2.9793,3.25445,79619.0,79619.1,4.5023,0.7657
1788590930730,1788590930669692,79639.7,79646.0,0.00469,0.06893,252263.34,4031981.27,8265371.25,820360.17,3188391.36,8170270.52,79662.99,79663.0,2.97805,3.25418,79619.0,79619.1,4.5023,0.7657
1788590930977,1788590930917085,79639.7,79645.9,0.00452,0.36284,252179.72,4031897.64,8265287.63,813503.73,3181534.93,8162856.0,79662.99,79663.0,2.97805,3.25418,79619.0,79619.1,4.5023,0.7657
1788590931218,1788590931183282,79639.7,79645.9,0.00452,0.36283,252179.72,4031897.64,8265287.63,845364.26,3213395.45,8194716.52,79662.99,79663.0,2.97805,3.25418,79619.0,79619.1,4.5023,0.7657
1788590931476,1788590931405427,79641.6,79645.9,0.01,0.36283,205756.26,3828353.29,8104823.86,843060.44,3213439.27,8194760.34,79662.99,79663.0,2.97819,2.7725,79619.0,79619.1,4.5023,0.7657
1788590931720,1788590931688854,79640.4,79645.9,0.00475,0.36283,229936.77,4031905.43,8105228.64,892988.66,3267356.6,8248677.67,79662.99,79663.0,2.97775,2.64201,79619.0,79619.1,4.5023,0.7657
1788590931980,1788590931926185,79640.4,79645.9,0.00475,0.36283,229936.77,4031905.43,8105228.64,892489.28,3266857.22,8248178.29,79662.99,79663.0,2.97775,2.64201,79619.0,79619.1,4.5023,0.7657
1788590932224,1788590932086580,79643.9,79645.9,0.01,0.36283,3409.39,3818429.05,8055063.53,890994.69,3267357.22,8248678.29,79662.99,79663.0,2.97775,2.64201,79619.0,79619.1,4.5023,0.7657
1788590932469,1788590932440339,79640.4,79645.9,0.00475,0.36283,229936.81,4031905.46,8105228.67,890994.49,3275195.32,8256516.39,79662.99,79663.0,2.97775,2.62201,79619.0,79619.1,4.5023,0.7657
1788590932729,1788590932658793,79641.6,79645.9,0.01,0.36345,205764.24,3828361.08,8104831.65,837076.74,3221277.56,8202598.63,79662.99,79663.0,2.97775,2.62201,79619.0,79619.1,4.5023,0.7657
1788590932973,1788590932763678,79640.4,79645.9,0.00475,0.36345,229936.78,4031905.43,8105228.65,886759.46,3270960.28,8252281.35,79662.99,79663.0,2.97901,2.62164,79619.0,79619.1,4.5023,0.7657
1788590933218,1788590933120001,79640.4,79645.9,0.00475,0.09962,229936.78,4031905.43,8105228.64,769310.74,3153511.56,8134832.63,79662.99,79663.0,2.97901,2.62157,79619.0,79619.1,4.5023,0.7657
1788590933479,1788590933442100,79642.7,79645.9,0.00401,0.00062,197839.89,3821939.57,8052622.06,732143.24,3119545.58,8100866.65,79662.99,79663.0,2.97894,2.4834,79619.0,79619.1,4.5023,0.7657
1788590933725,1788590933645586,79642.7,79645.9,0.00401,0.00062,197839.88,3821939.57,8052622.05,684489.19,3071891.53,8053212.6,79662.99,79663.0,2.97874,2.66845,79619.0,79619.1,4.5023,0.7657
1788590933967,1788590933900191,79642.7,79645.9,0.00401,0.00062,197839.89,3821939.57,8052622.06,684499.83,3071902.17,8053223.24,79662.99,79663.0,2.97874,2.64845,79619.0,79619.1,4.5023,0.7657
1788590934228,1788590934092828,79642.7,79645.9,0.00401,0.00062,197839.89,3821939.57,8052622.06,683713.71,3071116.05,8052437.12,79662.99,79663.0,2.97837,2.64695,79619.0,79619.1,4.5023,0.7657
1788590934472,1788590934425327,79642.7,79645.9,0.00401,0.00062,197839.89,3821939.57,8052622.06,735791.96,3123144.92,8104465.99,79662.99,79663.0,2.97837,2.64695,79619.0,79619.1,4.5023,0.7657
1788590934718,1788590934629378,79642.7,79645.9,0.00401,0.00062,198410.91,3822510.6,8053193.08,735757.91,3123110.87,8104431.94,79662.99,79663.0,2.97837,2.64644,79619.0,79619.1,4.5023,0.7657
1788590934977,1788590934925439,79642.7,79645.9,0.00401,0.00062,198410.9,3822510.59,8053193.08,735757.91,3123110.87,8104431.94,79662.99,79663.0,2.97637,2.64807,79619.0,79619.1,4.5023,0.7657
1788590935220,1788590935142052,79645.3,79645.9,0.01,0.00124,5550.13,3482783.73,8053989.63,759290.01,3146642.96,8127964.03,79662.99,79663.0,2.96877,2.64807,79619.0,79619.1,4.5023,0.7657
1788590935480,1788590935218126,79645.3,79645.9,0.01,0.00124,5550.13,3482783.73,8053989.63,767175.2,3154528.15,8135849.22,79662.99,79663.0,2.96877,2.6477,79619.0,79619.1,4.5023,0.7657
1788590935724,1788590935680615,79641.7,79645.9,0.00483,0.00124,207546.47,3825797.02,8102267.6,818043.88,3205396.84,8186717.91,79662.99,79663.0,2.96877,2.64737,79619.0,79619.1,4.5023,0.7657
1788590935968,1788590935858935,79641.7,79645.9,0.00483,0.00124,207546.47,3793945.58,8070416.16,786182.56,3173535.52,8154856.59,79662.99,79663.0,2.96877,2.62587,79619.0,79619.1,4.5023,0.7657
1788590936228,1788590936086991,79641.7,79645.9,0.00483,0.00124,207913.62,3826164.05,8102634.62,818054.49,3205407.44,8186728.51,79662.99,79663.0,2.96877,2.62587,79619.0,79619.1,4.5023,0.7657
1788590936473,1788590936086991,79641.7,79645.9,0.00483,0.00124,207913.62,3826164.05,8102634.62,818054.49,3205407.44,8186728.51,79662.99,79663.0,2.96877,2.62587,79619.0,79619.1,4.5023,0.7657
1788590936717,1788590936491143,79641.7,79645.9,0.00483,0.00124,207913.62,3828889.03,8105359.61,818054.49,3205407.44,8186728.51,79662.99,79663.0,2.9684,2.48413,79619.0,79619.1,4.5023,0.7657
1788590936979,1788590936819928,79641.7,79645.9,0.00483,0.00124,207913.62,3828889.03,8105359.61,818054.49,3205407.44,8186728.51,79662.99,79663.0,2.9684,2.48413,79619.0,79619.1,4.5023,0.7657
1788590937222,1788590937193930,79644.2,79646.4,0.01,0.00124,9109.1,3565423.37,7821529.84,380805.23,2549676.12,7531555.27,79662.99,79663.0,3.02385,1.112,79619.0,79619.1,4.5023,0.7657
1788590937469,1788590937445095,79646.3,79646.9,0.0002,0.00013,5543.81,3488870.26,7836810.6,721132.29,2732537.98,7764586.62,79662.99,79663.0,3.02256,1.11193,79619.0,79619.1,4.5023,0.7657
1788590937727,1788590937684551,79646.9,79647.0,0.0002,0.00751,5607.55,3325069.92,7805094.74,764421.99,2829397.46,7861446.11,79662.99,79663.0,3.02242,1.04545,79619.0,79619.1,4.5023,0.7657
1788590937971,1788590937945036,79646.9,79647.0,0.0002,0.00044,5607.54,3325069.92,7805094.73,763858.88,2828844.72,7860893.36,79662.99,79663.0,3.02242,1.04552,79619.0,79619.1,4.5023,0.7657
1788590938217,1788590938163695,79646.9,79647.0,0.0002,0.00044,4726.67,3306650.06,7786674.88,839981.72,2884308.0,7916356.65,79662.99,79663.0,2.97846,1.04515,79619.0,79619.1,4.5023,0.7657
1788590938476,1788590938382541,79646.9,79647.0,0.0002,0.00044,4726.67,3306650.06,7786674.88,839981.72,2884308.0,7916356.65,79662.99,79663.0,2.97846,1.18142,79619.0,79619.1,4.5023,0.7657
1788590938724,1788590938693988,79646.9,79647.0,0.0002,0.00044,4392.96,3306316.35,7786341.17,840692.21,2885018.5,7917067.14,79662.99,79663.0,2.97846,1.18305,79619.0,79619.1,4.5023,0.7657
1788590938967,1788590938850478,79646.9,79647.0,0.0002,0.00044,4392.96,3324049.27,7804074.08,843520.39,2887846.68,7919895.32,79662.99,79663.0,2.97646,1.18298,79619.0,79619.1,4.5023,0.7657
1788590939228,1788590939185911,79646.9,79647.0,0.0002,0.00044,4392.96,3324049.27,7804074.08,843530.75,2887857.04,7919905.68,79662.99,79663.0,2.97653,1.18298,79619.0,79619.1,4.5023,0.7657
1788590939473,1788590939430020,79646.9,79647.0,0.0002,0.00044,4392.96,3324049.14,7804073.95,843530.75,2887857.04,7919905.68,79662.99,79663.0,2.97609,1.18128,79619.0,79619.1,4.5023,0.7657
1788590939717,1788590939615918,79646.9,79647.0,0.0002,0.00044,4743.38,3324399.56,7804424.38,843530.75,2887857.04,7919905.68,79662.99,79663.0,2.97609,1.16128,79619.0,79619.1,4.5023,0.7657
1788590939977,1788590939724927,79646.9,79647.0,0.0002,0.00044,4743.4,3324399.57,7804424.39,818523.6,2862849.89,7894898.53,79662.99,79663.0,2.97609,1.16128,79619.0,79619.1,4.5023,0.7657
1788590940223,1788590940164303,79646.7,79646.8,0.0002,0.00627,4752.94,3329185.54,7836489.93,846526.48,2923448.83,7905327.98,79662.99,79663.0,2.97609,1.16681,79619.0,79619.1,4.5023,0.7657
1788590940469,1788590940366426,79646.7,79646.8,0.0002,0.00627,4752.94,3329185.54,7836489.93,846536.84,2923459.18,7905338.33,79662.99,79663.0,2.97609,1.16681,79619.0,79619.1,4.5023,0.7657
1788590940729,1788590940671154,79646.7,79646.8,0.0002,0.00626,5549.4,3329982.0,7837286.39,846536.04,2924448.5,7906327.65,79662.99,79663.0,2.97573,1.16644,79619.0,79619.1,4.5023,0.7657
1788590940973,1788590940860338,79646.7,79646.8,0.0002,0.00626,5549.4,3298130.68,7805435.07,814674.76,2892587.22,7874466.37,79662.99,79663.0,2.97573,1.16432,79619.0,79619.1,4.5023,0.7657
1788590941221,1788590941168962,79646.7,79646.8,0.0002,0.00626,5549.4,3329981.84,7837286.23,820828.5,2962830.47,7944709.63,79662.99,79663.0,2.97573,1.00792,79619.0,79619.1,4.5023,0.7657
1788590941484,1788590941196951,79646.7,79646.8,0.0002,0.00626,5549.4,3329981.84,7837286.23,820828.5,2954992.19,7936871.34,79662.99,79663.0,2.9758,0.9615,79619.0,79619.1,4.5023,0.7657
1788590941726,1788590941694353,79647.4,79647.5,0.0002,0.00751,3242.2,3501612.63,7981637.45,868073.93,2974361.36,8006410.0,79662.99,79663.0,2.97587,1.10597,79619.0,79619.1,4.5023,0.7657
1788590941974,1788590941710300,79647.4,79647.5,0.0002,0.00751,3242.2,3501612.63,7981637.45,866079.36,2978350.68,8010399.33,79662.99,79663.0,2.97543,1.10597,79619.0,79619.1,4.5023,0.7657
1788590942230,1788590942027966,79647.4,79647.5,0.0002,0.00751,3252.55,3501622.99,7981647.8,866079.36,2978350.68,8010399.33,79662.99,79663.0,2.97543,1.10597,79619.0,79619.1,4.5023,0.7657
1788590942477,1788590942324560,79647.4,79647.5,0.0002,0.00751,3252.55,3493568.31,7973593.13,866079.36,2986189.05,8018237.7,79662.99,79663.0,2.973,1.09916,79619.0,79619.1,5.9808,0.1009
1788590942723,1788590942463879,79647.4,79647.5,0.0002,0.00751,3252.55,3493568.31,7973593.13,866079.36,2986189.05,8018237.7,79662.99,79663.0,2.95053,1.09916,79619.0,79619.1,5.9795,0.0935
1788590942966,1788590942933560,79647.4,79647.5,0.00016,0.00751,3249.37,3498932.47,7978957.29,812038.41,2932148.1,7964196.75,79662.99,79663.0,2.94853,1.09916,79619.0,79619.1,5.9795,0.0948
1788590943228,1788590943185685,79647.4,79647.5,0.00016,0.00751,2451.35,3498134.46,7978159.28,812834.9,3129728.68,8161777.33,79662.99,79663.0,2.94083,1.08788,79619.0,79619.1,5.8791,0.4626
1788590943472,1788590943440444,79647.4,79647.5,0.00016,0.00751,2451.35,3482914.61,7962939.43,839526.51,3140356.43,8172405.07,79662.99,79663.0,2.94076,1.08801,79619.0,79619.1,5.9808,0.4613
1788590943717,1788590943690005,79646.7,79646.8,0.0002,0.00627,9318.75,3486581.63,7993886.02,841409.8,3164132.1,8146011.25,79662.99,79663.0,2.94024,1.08789,79619.0,79619.1,5.978,0.4613
1788590943976,1788590943842088,79646.7,79646.8,0.0001,0.00627,8514.35,3487771.31,7995075.7,816949.24,3139671.54,8121550.69,79662.99,79663.0,2.94024,1.08762,79619.0,79619.1,5.8696,0.4604
1788590944221,1788590944178492,79646.7,79646.8,0.0001,0.00627,9310.78,3501589.01,8008893.4,842656.48,3178389.32,8160268.47,79662.99,79663.0,2.94024,1.24878,79619.0,79619.1,5.8696,0.4617
1788590944481,1788590944442826,79646.7,79646.8,0.0001,0.00627,8514.35,3500828.42,8008132.81,842617.45,3178399.67,8160278.82,79662.99,79663.0,2.93987,1.24878,79619.0,79619.1,5.8617,0.4669
1788590944725,1788590944442826,79646.7,79646.8,0.0001,0.00627,8514.35,3500828.42,8008132.81,842617.45,3178399.67,8160278.82,79662.99,79663.0,2.93987,1.24188,79619.0,79619.1,5.8617,0.4202
1788590944969,1788590944942136,79646.7,79646.8,0.0001,0.00627,6167.36,3496260.17,8003564.56,842617.42,3178399.64,8160278.79,79662.99,79663.0,2.93969,1.6074,79619.0,79619.1,5.8488,0.4713
1788590945228,1788590945111345,79646.7,79646.8,8e-05,0.00627,6165.76,3496258.58,8003562.97,845747.67,3181529.9,8163409.05,79662.99,79663.0,2.9383,1.46696,79619.0,79619.1,5.8501,0.4655
1788590945472,1788590945422944,79646.7,79646.8,8e-05,0.00627,5369.33,3495462.15,8002766.54,845747.67,3181529.9,8163409.05,79662.99,79663.0,2.9383,1.46696,79619.0,79619.1,5.8593,0.4646
1788590945717,1788590945627712,79646.7,79646.8,8e-05,0.00627,5369.33,3495462.15,8002766.54,844340.3,3180132.88,8162012.04,79662.99,79663.0,2.9383,1.90111,79619.0,79619.1,5.858,0.4717
1788590945979,1788590945921908,79646.7,79646.8,8e-05,0.00627,5369.33,3495462.15,8002766.54,812458.52,3148251.1,8130130.25,79662.99,79663.0,2.9383,1.90111,79619.0,79619.1,5.858,0.6575
1788590946225,1788590946122476,79646.7,79646.8,8e-05,0.00627,5369.33,3495462.15,8002766.54,844319.52,3180112.1,8161991.25,79662.99,79663.0,2.9383,1.90324,79619.0,79619.1,5.8593,0.3141
1788590946468,1788590946122476,79646.7,79646.8,8e-05,0.00627,5369.33,3495462.15,8002766.54,844319.52,3180112.1,8161991.25,79662.99,79663.0,2.93837,1.90324,79619.0,79619.1,5.8593,0.3141
1788590946729,1788590946653226,79646.7,79646.8,8e-05,0.00627,3794.87,3499274.8,8006579.19,761280.18,3097072.76,8078951.91,79662.99,79663.0,2.93837,2.18491,79619.0,79619.1,5.8593,0.3141
1788590946972,1788590946832889,79646.7,79646.8,8e-05,0.00623,4591.3,3501499.93,8008804.32,760576.84,3096369.42,8078248.58,79662.99,79663.0,2.93304,2.18477,79619.0,79619.1,5.8593,0.3141
1788590947216,1788590947186258,79646.7,79646.8,8e-05,0.00623,3891.26,3500799.88,8008104.27,760576.84,3096369.42,8078248.58,79662.99,79663.0,2.93304,2.18477,79619.0,79619.1,5.858,0.3145
1788590947478,1788590947424149,79646.7,79646.8,8e-05,0.00303,3794.88,3500703.5,8008007.89,818672.14,3154464.72,8136343.87,79662.99,79663.0,2.93304,2.18477,79619.0,79619.1,5.8593,0.3115
1788590947722,1788590947631728,79646.7,79646.8,8e-05,0.00303,3794.88,3500703.5,8008007.89,843679.23,3179471.81,8161350.97,79662.99,79663.0,2.93304,2.18477,79619.0,79619.1,5.858,0.3109
1788590947967,1788590947702692,79646.7,79646.8,8e-05,0.00303,3794.88,3498061.29,8005365.68,843679.23,3179471.81,8161350.97,79662.99,79663.0,2.93297,2.18264,79619.0,79619.1,5.8593,0.3087
1788590948227,1788590947702692,79646.7,79646.8,8e-05,0.00303,3794.88,3498061.29,8005365.68,843679.23,3179471.81,8161350.97,79662.99,79663.0,2.93297,2.18208,79619.0,79619.1,5.8593,0.3087
1788590948471,1788590948330276,79646.7,79646.8,8e-05,0.00303,3794.87,3498061.29,8005365.68,843679.23,3178471.35,8160350.5,79662.99,79663.0,2.93297,2.18136,79619.0,79619.1,5.858,0.3138
1788590948728,1788590948660450,79646.7,79646.8,8e-05,0.00303,3794.87,3498061.29,8005365.68,841825.97,3176618.08,8158497.23,79662.99,79663.0,2.93297,2.32096,79619.0,79619.1,5.8576,0.7589
1788590948973,1788590948861781,79646.7,79646.8,8e-05,0.00303,3794.87,3498061.28,8005365.67,786825.7,3121617.82,8103496.97,79662.99,79663.0,2.93297,2.30311,79619.0,79619.1,5.8576,0.3532
1788590949218,1788590949164249,79646.7,79646.8,8e-05,0.00303,4591.3,3483856.28,7991160.67,841106.74,3175898.85,8157778.0,79662.99,79663.0,2.93245,2.30501,79619.0,79619.1,5.8589,0.3532
1788590949467,1788590949343128,79646.7,79646.8,8e-05,0.00303,4591.3,3498854.94,8006159.33,841106.74,3175888.5,8157767.65,79662.99,79663.0,2.93201,2.16021,79619.0,79619.1,5.8589,0.3523
1788590949723,1788590949343128,79646.7,79646.8,8e-05,0.00303,4591.3,3498854.94,8006159.33,841106.74,3175888.5,8157767.65,79662.99,79663.0,2.9317,2.16021,79619.0,79619.1,5.8589,0.344
1788590949968,1788590949853846,79646.7,79646.8,8e-05,0.00303,4591.3,3483856.84,7991161.23,841106.74,3175888.5,8157767.65,79662.99,79663.0,2.9317,2.16021,79619.0,79619.1,5.8589,0.344
1788590950227,1788590950147950,79646.7,79646.8,8e-05,0.00303,4591.32,3498856.75,8006161.14,815399.5,3150181.26,8132060.41,79662.99,79663.0,2.9317,2.16021,79619.0,79619.1,5.8614,0.2107
1788590950475,1788590950443008,79646.7,79646.8,8e-05,0.00303,3794.88,3498060.31,8005364.7,784946.01,3119727.76,8101606.92,79662.99,79663.0,2.9317,1.86021,79619.0,79619.1,5.8614,0.3031
1788590950721,1788590950671778,79646.7,79646.8,8e-05,0.00303,3794.87,3483061.54,7990365.94,784946.01,3119727.76,8101606.92,79662.99,79663.0,2.93134,1.85593,79619.0,79619.1,5.8614,0.3022
1788590950966,1788590950913867,79646.7,79646.8,8e-05,0.00303,3794.87,3500802.96,8008107.35,759949.27,3097413.9,8079293.05,79662.99,79663.0,2.93134,1.85593,79619.0,79619.1,5.8614,0.3022
1788590951227,1788590951107895,79646.7,79646.8,8e-05,0.00303,3794.87,3500802.96,8008107.35,759949.27,3097413.9,8079293.05,79662.99,79663.0,2.93134,1.85593,79619.0,79619.1,5.8612,0.2961
1788590951470,1788590951288714,79646.7,79646.8,8e-05,0.00303,3794.87,3500802.96,8008107.35,840010.15,3177474.79,8159353.94,79662.99,79663.0,2.93134,1.85593,79619.0,79619.1,5.8599,0.2974
1788590951718,1788590951611889,79646.7,79646.8,8e-05,0.00303,3794.87,3500802.95,8008107.34,840010.15,3177464.43,8159343.58,79662.99,79663.0,2.93134,1.85593,79619.0,79619.1,5.8712,0.301
1788590951980,1788590951854608,79646.7,79646.8,8e-05,0.00303,3794.87,3500802.95,8008107.34,840010.15,3177464.43,8159343.58,79662.99,79663.0,2.93104,1.85593,79619.0,79619.1,5.8612,0.2952
1788590952226,1788590951854608,79646.7,79646.8,8e-05,0.00303,3794.87,3500802.95,8008107.34,840010.15,3177464.43,8159343.58,79662.99,79663.0,2.92904,1.85593,79619.0,79619.1,5.8612,0.301
1788590952469,1788590952376370,79646.7,79646.8,0.0002,0.00303,3802.83,3500810.92,8008115.31,840186.15,3177642.43,8159521.58,79662.99,79663.0,2.92904,1.85593,79619.0,79619.1,5.8599,0.2956
1788590952729,1788590952376370,79646.7,79646.8,0.0002,0.00303,3802.83,3500810.92,8008115.31,840186.15,3177642.43,8159521.58,79662.99,79663.0,2.92897,1.98903,79619.0,79619.1,5.8599,0.5424
1788590952975,1788590952940411,79646.7,79646.8,0.0002,0.00303,3102.79,3500110.88,8007415.27,840186.15,3177642.43,8159521.58,79662.99,79663.0,2.92897,1.85576,79619.0,79619.1,5.8599,0.5424
1788590953220,1788590953166174,79646.7,79646.8,0.0002,0.00303,3769.39,3500777.47,8008081.86,840186.15,3177642.43,8159521.58,79662.99,79663.0,2.92897,1.85539,79619.0,79619.1,5.8612,0.3401
1788590953478,1788590953358718,79646.7,79646.8,0.0002,0.00303,3769.39,3500777.47,8008081.86,840186.16,3177642.44,8159521.59,79662.99,79663.0,2.92904,1.85539,79619.0,79619.1,5.8612,0.3401
1788590953721,1788590953643150,79646.7,79646.8,0.0002,9e-05,3769.39,3500777.47,8008081.86,785789.47,3123256.1,8105135.25,79662.99,79663.0,2.92904,1.85539,79619.0,79619.1,5.8612,0.3401
1788590953967,1788590953886652,79646.7,79646.8,0.0002,9e-05,3769.39,3500777.47,8008081.86,785789.47,3123256.1,8105135.25,79662.99,79663.0,2.93644,1.98796,79619.0,79619.1,5.8599,0.5513
1788590954227,1788590954093888,79646.7,79646.8,0.0002,9e-05,3769.39,3500777.47,8008081.86,785779.11,3123245.74,8105124.89,79662.99,79663.0,2.93644,1.8353,79619.0,79619.1,5.8612,0.3392
1788590954473,1788590954346116,79646.7,79646.8,0.0002,9e-05,3769.39,3500777.47,8008081.86,785779.11,3123245.74,8105124.89,79662.99,79663.0,2.86131,1.83475,79619.0,79619.1,5.8507,0.5619
1788590954717,1788590954561748,79646.7,79646.8,0.0002,9e-05,3769.39,3500777.47,8008081.86,840923.82,3178390.45,8160269.6,79662.99,79663.0,2.86131,1.83475,79619.0,79619.1,5.8507,0.5548
1788590954976,1788590954798433,79646.7,79646.8,0.0002,9e-05,3769.39,3500777.47,8008059.58,840923.82,3178380.09,8160259.25,79662.99,79663.0,2.86131,1.83475,79619.0,79619.1,5.8507,0.5548
1788590955221,1788590955115835,79646.7,79646.8,0.0002,9e-05,3769.39,3500777.47,8008059.58,840923.82,3178380.09,8160259.25,79662.99,79663.0,2.8612,1.83475,79619.0,79619.1,5.8507,0.5548
1788590955467,1788590955388775,79646.7,79646.8,0.0002,9e-05,4565.82,3501573.9,8008856.01,840923.82,3178380.09,8160259.25,79662.99,79663.0,2.85619,1.81475,79619.0,79619.1,5.8507,0.345
1788590955727,1788590955635043,79646.7,79646.8,0.0002,9e-05,3769.39,3500777.47,8008081.86,785779.11,3123235.39,8105114.54,79662.99,79663.0,2.85619,1.80475,79619.0,79619.1,5.8507,0.3392
1788590955974,1788590955863182,79646.7,79646.8,0.0002,9e-05,3769.39,3498036.53,8005340.92,784711.82,3122168.1,8104047.25,79662.99,79663.0,2.85429,1.80468,79619.0,79619.1,5.8507,0.345
1788590956217,1788590956091628,79646.7,79646.8,0.0002,9e-05,3769.39,3500794.2,8008098.59,784711.82,3122168.1,8104047.25,79662.99,79663.0,2.85429,1.80451,79619.0,79619.1,5.8629,0.3392
1788590956479,1788590956388312,79646.7,79646.8,0.0002,9e-05,3786.91,3500811.72,8008116.11,769768.63,3107224.91,8089104.06,79662.99,79663.0,2.85436,1.80437,79619.0,79619.1,5.8629,0.3392
1788590956724,1788590956466127,79646.7,79646.8,0.0002,9e-05,3786.91,3500811.72,8008116.11,769768.63,3107224.91,8089104.06,79662.99,79663.0,2.85436,1.80437,79619.0,79619.1,5.8629,0.3392
1788590956969,1788590956871471,79646.7,79646.8,0.0002,9e-05,3786.92,3500811.74,8008116.13,832754.5,3170210.78,8152089.93,79662.99,79663.0,2.85436,1.80437,79619.0,79619.1,5.8629,0.3392
1788590957231,1788590957042922,79646.7,79646.8,0.0002,9e-05,4583.35,3501608.17,8008912.56,832754.5,3170210.78,8152089.93,79662.99,79663.0,2.85436,1.80437,79619.0,79619.1,5.8629,0.3392
1788590957476,1788590957297261,79646.7,79646.8,0.0002,9e-05,4583.35,3501608.17,8008912.56,744761.57,3082217.85,8064097.0,79662.99,79663.0,3.01411,1.66822,79619.0,79619.1,5.8629,0.3392
1788590957723,1788590957625925,79646.7,79646.8,0.0002,9e-05,4583.35,3501608.17,8008912.56,838402.53,3175858.81,8157008.81,79662.99,79663.0,3.01404,1.66822,79619.0,79619.1,5.8629,0.3441
1788590957969,1788590957625925,79646.7,79646.8,0.0002,9e-05,4583.35,3501608.17,8008912.56,838402.53,3175858.81,8157008.81,79662.99,79663.0,2.85436,1.66822,79619.0,79619.1,5.8629,0.3383
1788590958216,1788590958179909,79646.7,79646.8,0.0002,9e-05,3786.92,3500811.74,8008116.13,838402.53,3175858.81,8157008.81,79662.99,79663.0,2.85436,1.66822,79619.0,79619.1,5.8629,0.3454
1788590958479,1788590958320979,79646.7,79646.8,0.0002,9e-05,3786.92,3500811.74,8008116.13,813405.79,3150862.07,8132012.07,79662.99,79663.0,2.85436,1.81878,79619.0,79619.1,5.8629,0.3454
1788590958723,1788590958581332,79646.7,79646.8,0.0002,9e-05,3786.92,3385812.18,7828429.66,813530.03,3030691.26,7944175.27,79662.99,79663.0,2.85436,1.66784,79619.0,79619.1,5.8629,0.3374
1788590958969,1788590958825611,79646.7,79646.8,0.0002,9e-05,3786.92,3385812.18,7828429.66,838526.77,3055688.0,7969172.0,79662.99,79663.0,2.84696,1.8006,79619.0,79619.1,5.8629,0.3432
1788590959230,1788590959197306,79646.7,79646.8,0.0002,9e-05,4583.35,3386608.61,7829226.09,813170.73,3030331.96,7943815.97,79662.99,79663.0,2.84703,1.78844,79619.0,79619.1,5.8629,0.3445
1788590959475,1788590959197306,79646.7,79646.8,0.0002,9e-05,4583.35,3386608.61,7829226.09,813170.73,3030331.96,7943815.97,79662.99,79663.0,2.8471,1.64236,79619.0,79619.1,5.8642,0.3432
1788590959719,1788590959688174,79646.7,79646.8,0.0002,9e-05,3786.92,3385812.18,7828429.66,756073.93,2973235.16,7886719.17,79662.99,79663.0,2.8471,1.77001,79619.0,79619.1,5.8629,0.3378
1788590959979,1788590959865116,79646.7,79646.8,0.0002,9e-05,3786.92,3384219.49,7826836.97,756073.93,2973235.16,7886719.17,79662.99,79663.0,2.84703,1.64266,79619.0,79619.1,5.8642,0.3343
1788590960224,1788590960195100,79646.7,79646.8,0.0002,9e-05,4583.38,3386608.64,7829226.12,753700.19,3018488.61,7931972.62,79662.99,79663.0,3.01835,1.64112,79619.0,79619.1,5.8642,0.098
1788590960469,1788590960402217,79647.0,79647.1,0.0002,0.00062,4655.06,3496903.67,7976928.96,714368.13,3049151.5,8080470.92,79662.99,79663.0,3.01821,1.63012,79619.0,79619.1,5.8642,0.0999
1788590960732,1788590960535395,79647.0,79647.1,0.0002,0.00062,4577.8,3496826.41,7976851.7,771907.86,3106691.23,8138010.65,79662.99,79663.0,3.01821,1.63012,79619.0,79619.1,5.8642,0.3802
1788590960978,1788590960864684,79647.0,79647.1,0.0002,0.00062,4657.44,3496906.05,7976931.35,808032.51,3142815.88,8174135.3,79662.99,79663.0,3.01821,1.63012,79619.0,79619.1,5.8642,0.0921
1788590961224,1788590961094992,79647.0,79647.1,0.0002,0.00062,3861.0,3496109.61,7976134.9,808032.51,3142815.88,8174135.3,79662.99,79663.0,3.01821,1.63012,79619.0,79619.1,5.8642,0.0921
1788590961470,1788590961367862,79647.0,79647.1,0.0002,0.00061,3781.36,3496029.97,7976055.27,797895.93,3132679.3,8163998.71,79662.99,79663.0,3.01821,1.63012,79619.0,79619.1,5.8642,0.0921
1788590961730,1788590961654440,79647.0,79647.1,0.0002,0.00062,3781.36,3496029.98,7976055.27,797852.92,3132636.29,8163955.7,79662.99,79663.0,3.01821,1.77704,79619.0,79619.1,5.8659,0.0914
1788590961976,1788590961805468,79647.0,79647.1,0.0002,0.00062,3781.36,3496029.98,7976055.27,798553.07,3133336.44,8164655.86,79662.99,79663.0,3.01821,1.81335,79619.0,79619.1,5.8659,0.0914
1788590962221,1788590962059024,79647.0,79647.1,0.0002,0.00062,3434.11,3495682.72,7975708.01,823560.13,3158343.5,8189662.92,79662.99,79663.0,2.84619,1.81335,79619.0,79619.1,5.8659,0.0973
1788590962468,1788590962242636,79647.0,79647.1,0.0002,0.00062,3434.11,3495682.72,7975708.01,823560.22,3158343.6,8189663.01,79662.99,79663.0,2.84619,1.82829,79619.0,79619.1,5.8659,0.3536
1788590962728,1788590962641848,79647.0,79647.1,0.0002,0.00062,3718.43,3493209.38,7973234.67,807852.55,3142635.93,8173955.34,79662.99,79663.0,2.84619,1.82498,79619.0,79619.1,5.8667,0.3515
1788590962971,1788590962808032,79647.0,79647.1,0.0002,0.01317,3718.43,3493209.38,7973234.67,808151.97,3142935.34,8174254.76,79662.99,79663.0,2.84619,1.82491,79619.0,79619.1,5.8667,0.3515
1788590963229,1788590963108067,79647.0,79647.1,0.0002,0.01317,3735.97,3495932.83,7975958.12,749891.59,3084674.97,8115994.38,79662.99,79663.0,2.84517,1.80473,79619.0,79619.1,5.868,0.094
1788590963474,1788590963384062,79647.1,79647.2,0.0002,7e-05,3801.27,3495948.78,7975974.07,831951.87,3166728.07,8198047.49,79662.99,79663.0,2.84517,1.79951,79619.0,79619.1,5.8667,0.4647
1788590963719,1788590963505299,79647.1,79647.2,0.0002,7e-05,3801.27,3495948.78,7975974.07,806244.5,3141020.7,8172340.12,79662.99,79663.0,2.84517,1.79574,79619.0,79619.1,5.8667,0.4589
1788590963979,1788590963819277,79647.1,79647.2,0.0002,7e-05,3801.27,3495948.78,7975974.07,806650.73,3141426.93,8172746.35,79662.99,79663.0,2.84517,1.79574,79619.0,79619.1,5.8667,0.4589
1788590964222,1788590964105310,79647.1,79647.2,0.0002,7e-05,3801.27,3495948.78,7975974.07,774789.01,3109565.21,8140884.63,79662.99,79663.0,2.84186,1.79518,79619.0,79619.1,5.8667,0.4647
1788590964482,1788590964380289,79647.1,79647.2,0.0002,7e-05,3751.89,3495948.78,7975974.07,806650.09,3141426.3,8172745.71,79662.99,79663.0,2.84186,1.79518,79619.0,79619.1,5.8667,0.4638
1788590964726,1788590964557249,79647.1,79647.2,0.0002,7e-05,3450.05,3495646.93,7975672.22,807350.25,3142126.45,8173445.86,79662.99,79663.0,2.84186,1.79502,79619.0,79619.1,5.8667,0.458
1788590964969,1788590964944711,79647.1,79647.2,0.0002,7e-05,3450.05,3495646.93,7975672.22,806650.09,3141426.3,8172745.71,79662.99,79663.0,2.84186,1.79502,79619.0,79619.1,5.8667,0.4638
1788590965230,1788590965121125,79647.1,79647.2,0.0002,0.03905,3450.05,3495646.93,7975672.22,809804.12,3141378.81,8172698.22,79662.99,79663.0,2.84946,1.79466,79619.0,79619.1,5.868,0.4567
1788590965474,1788590965418452,79647.1,79647.3,0.0002,0.00627,3819.6,3493310.58,7973335.87,763940.64,3083706.66,8115026.08,79662.99,79663.0,3.02275,1.79352,79619.0,79619.1,5.868,0.138
1788590965721,1788590965697385,79647.1,79647.3,0.0002,0.00627,3843.49,3493235.71,7973261.0,848615.38,3163468.83,8194788.25,79662.99,79663.0,3.02275,1.79352,79619.0,79619.1,5.868,0.1292
1788590965968,1788590965919688,79647.1,79647.3,0.0002,0.00627,3843.49,3493235.71,7973261.0,847022.36,3161875.82,8193195.24,79662.99,79663.0,3.0206,1.77034,79619.0,79619.1,5.868,0.4365
1788590966227,1788590965919688,79647.1,79647.3,0.0002,0.00627,3843.49,3493235.71,7973261.0,847022.36,3161875.82,8193195.24,79662.99,79663.0,3.02084,1.63111,79619.0,79619.1,5.868,0.445
1788590966472,1788590966402156,79647.1,79647.3,0.0002,0.00627,3843.49,3493235.71,7973261.0,848625.74,3163479.2,8194798.61,79662.99,79663.0,2.85183,1.62974,79619.0,79619.1,5.868,0.445
1788590966730,1788590966696485,79647.1,79647.3,0.0002,0.00627,3843.49,3493235.71,7973261.0,825423.92,3137085.37,8169133.94,79662.99,79663.0,3.02097,1.61974,79619.0,79619.1,5.868,0.4441
1788590966974,1788590966801337,79647.1,79647.3,0.0002,4e-05,3843.49,3493235.72,7973261.01,768346.04,3083199.5,8115248.06,79662.99,79663.0,2.85183,1.61974,79619.0,79619.1,6.1667,0.4441
1788590967218,1788590967173029,79647.1,79647.3,0.0002,4e-05,3843.49,3493235.72,7973261.01,818700.09,3133553.54,8165602.11,79662.99,79663.0,2.8519,1.7656,79619.0,79619.1,6.1667,0.4454
1788590967477,1788590967405681,79647.1,79647.3,0.0002,4e-05,3843.48,3493235.72,7973261.01,819400.24,3134253.7,8166302.26,79662.99,79663.0,2.84615,1.7656,79619.0,79619.1,6.1545,0.4454
1788590967723,1788590967405681,79647.1,79647.3,0.0002,4e-05,3843.48,3493235.72,7973261.01,819400.24,3134253.7,8166302.26,79662.99,79663.0,2.84615,1.76562,79619.0,79619.1,6.1545,0.4454
1788590967967,1788590967849343,79647.1,79647.3,0.0002,4e-05,3843.48,3495922.51,7975947.8,818700.09,3133553.54,8165602.11,79662.99,79663.0,2.84615,1.76543,79619.0,79619.1,6.1423,0.4445
1788590968230,1788590967849343,79647.1,79647.3,0.0002,4e-05,3843.48,3495922.51,7975947.8,818700.09,3133553.54,8165602.11,79662.99,79663.0,2.84615,1.71259,79619.0,79619.1,6.1436,0.4432
1788590968475,1788590968445485,79647.1,79647.3,0.0002,4e-05,3843.47,3495922.5,7975947.79,817117.47,3131970.92,8164019.49,79662.99,79663.0,2.84608,1.71259,79619.0,79619.1,6.1436,0.4432
1788590968722,1788590968688429,79647.1,79647.2,0.0002,0.03905,3843.49,3495922.52,7975947.81,805318.56,3131985.46,8164034.02,79662.99,79663.0,2.84608,1.69259,79619.0,79619.1,6.1436,0.4948
1788590968981,1788590968930717,79647.1,79647.2,0.0002,0.03905,3843.49,3495922.52,7975947.81,805318.56,3131985.46,8164034.02,79662.99,79663.0,2.84608,1.68928,79619.0,79619.1,6.1436,0.489
1788590969226,1788590969192777,79647.1,79647.3,0.0002,0.00088,3843.49,3495922.52,7975947.81,816484.22,3131342.45,8163391.01,79662.99,79663.0,2.84608,1.6892,79619.0,79619.1,6.1455,0.4608
1788590969468,1788590969382027,79647.1,79647.3,0.0002,0.00088,3843.49,3495922.52,7975947.81,816484.22,3131342.45,8163391.01,79662.99,79663.0,2.84608,1.6892,79619.0,79619.1,6.1577,0.4599
1788590969728,1788590969382027,79647.1,79647.3,0.0002,0.00088,3843.49,3495922.52,7975947.81,816484.22,3131342.45,8163391.01,79662.99,79663.0,2.77378,1.6892,79619.0,79619.1,6.1564,0.4612
1788590969972,1788590969872982,79647.2,79647.3,0.0002,0.01343,3758.27,3495886.68,7975911.97,769496.14,3084354.37,8116402.94,79662.99,79663.0,2.78392,1.68906,79619.0,79619.1,6.1564,0.4599
1788590970218,1788590970196819,79647.2,79647.3,0.0002,0.00627,3758.27,3495886.71,7975912.0,823913.22,3133188.76,8165237.33,79662.99,79663.0,2.78392,1.68913,79619.0,79619.1,6.1564,0.4612
1788590970480,1788590970212903,79647.2,79647.3,0.0002,0.00627,3758.27,3495886.71,7975912.0,827009.91,3136285.45,8168334.02,79662.99,79663.0,2.78392,1.68913,79619.0,79619.1,6.1577,0.459
1788590970726,1788590970657377,79647.2,79647.3,0.0002,0.00627,4554.7,3496683.14,7976708.43,827009.91,3136285.45,8168334.02,79662.99,79663.0,2.78061,1.68913,79619.0,79619.1,6.1577,0.4406
1788590970971,1788590970943985,79647.2,79647.3,0.0002,0.00626,4554.7,3496090.63,7976115.92,827009.11,3136284.66,8168333.22,79662.99,79663.0,2.86395,1.68904,79619.0,79619.1,6.1577,0.4464
1788590971231,1788590971031181,79647.2,79647.3,0.0002,0.00626,4554.7,3496090.63,7976115.92,827009.11,3136284.66,8168333.22,79662.99,79663.0,2.86395,1.68918,79619.0,79619.1,6.1577,0.4406
1788590971480,1788590971422128,79646.6,79647.2,8e-05,0.03905,5039.69,3661760.08,8009700.89,841743.84,3166024.83,8198073.39,79662.99,79663.0,2.86402,1.68939,79619.0,79619.1,6.1577,0.4397
1788590971724,1788590971691566,79642.4,79647.2,0.001,0.06852,203813.36,3806674.85,8053782.27,841954.15,3166235.14,8198283.71,79662.99,79663.0,2.86402,1.81255,79619.0,79619.1,6.1564,0.441
1788590971969,1788590971940790,79647.1,79647.2,0.0002,0.06852,3547.19,3494881.57,7974906.86,816667.3,3141623.84,8173672.4,79662.99,79663.0,2.86402,1.81133,79619.0,79619.1,6.1564,0.4441
1788590972230,1788590972141827,79647.1,79647.2,0.0002,0.03905,3796.47,3496875.71,7976901.0,813322.86,3142594.56,8174643.13,79662.99,79663.0,2.86402,1.80493,79619.0,79619.1,6.1564,0.4499
1788590972474,1788590972384384,79647.1,79647.2,0.0002,0.03905,3789.31,3496868.54,7976893.83,814388.59,3137459.69,8169508.25,79662.99,79663.0,2.86402,1.68164,79619.0,79619.1,6.1577,0.4428
1788590972719,1788590972555336,79647.1,79647.2,0.0002,0.03905,3789.31,3496868.54,7976893.83,839395.8,3162466.9,8194515.47,79662.99,79663.0,2.86402,1.81652,79619.0,79619.1,6.1564,0.4428
1788590972981,1788590972799395,79647.1,79647.2,0.0002,0.03905,3789.31,3496868.54,7976893.83,815185.06,3138256.16,8170304.72,79662.99,79663.0,2.86365,1.79629,79619.0,79619.1,6.1564,0.4428
1788590973227,1788590973188354,79647.1,79647.2,0.0002,0.03905,3789.31,3496868.54,7650499.46,814388.59,3031294.58,7852399.4,79662.99,79663.0,2.86365,1.7962,79619.0,79619.1,6.1577,0.4486
1788590973470,1788590973188354,79647.1,79647.2,0.0002,0.03905,3789.31,3496868.54,7650499.46,814388.59,3031294.58,7852399.4,79662.99,79663.0,2.79954,1.79203,79619.0,79619.1,6.1564,0.4486
1788590973732,1788590973599720,79647.1,79647.2,0.0002,0.03905,3789.31,3603148.29,7971113.69,814388.59,3136642.81,8166271.05,79662.99,79663.0,2.79954,1.79184,79619.0,79619.1,6.1577,0.4428
1788590973980,1788590973944848,79647.1,79647.3,0.0002,0.00626,3776.58,3602138.43,7970103.83,826023.3,3136382.83,8166011.07,79662.99,79663.0,2.79954,1.79184,79619.0,79619.1,6.1577,0.4428
1788590974226,1788590974192134,79647.1,79647.2,0.0002,0.03888,4025.85,3603384.84,7971350.23,757732.38,3079986.6,8109614.84,79662.99,79663.0,2.79974,1.83354,79619.0,79619.1,6.1577,0.4486
1788590974469,1788590974342772,79647.1,79647.2,0.0002,0.03888,4025.85,3600698.05,7968663.44,812343.95,3141032.93,8170661.17,79662.99,79663.0,2.79643,1.83345,79619.0,79619.1,6.1577,0.4428
1788590974731,1788590974694746,79647.0,79647.1,0.0002,0.01,4009.91,3600682.11,7968647.5,755432.17,3087231.9,8116860.14,79662.99,79663.0,2.79643,1.83345,79619.0,79619.1,6.1564,0.4499
1788590974977,1788590974806902,79646.9,79647.1,0.0002,0.01,4009.92,3600682.12,7968647.52,755432.17,3087231.9,8116860.14,79662.99,79663.0,2.79643,1.83345,79619.0,79619.1,6.1564,0.4499
1788590975222,1788590975156611,79646.8,79647.1,0.0002,0.01,4493.33,3605442.61,7968631.59,812281.26,3144081.0,8173709.24,79662.99,79663.0,2.79643,1.83345,79619.0,79619.1,6.1564,0.6357
1788590975467,1788590975372178,79646.8,79647.2,0.0002,0.04019,4493.32,3602697.7,7965886.67,813986.54,3142675.53,8172303.77,79662.99,79663.0,2.79606,1.82852,79619.0,79619.1,6.1577,0.4429
1788590975727,1788590975697898,79647.5,79647.8,0.0002,0.00627,3943.02,3393437.27,7965934.49,822906.99,3130130.66,8160759.48,79662.99,79663.0,2.79581,1.80852,79619.0,79619.1,6.1564,0.6286
1788590975972,1788590975859991,79647.5,79647.8,0.0002,0.00627,3943.02,3393437.27,7965934.49,770846.88,3082904.36,8113533.18,79662.99,79663.0,2.79381,1.78786,79619.0,79619.1,6.1564,0.6344
1788590976218,1788590976020178,79647.5,79647.8,0.0002,0.00627,3943.02,3393437.27,7965934.49,771547.04,3083604.52,8114233.34,79662.99,79663.0,2.79381,1.78767,79619.0,79619.1,6.1577,0.6286
1788590976477,1788590976401065,79642.1,79647.7,0.00339,0.06293,222525.1,3770745.17,8015827.74,818399.12,3126623.27,8156251.51,79662.99,79663.0,2.79381,1.78767,79619.0,79619.1,6.1577,0.4487
1788590976723,1788590976695516,79642.1,79644.6,0.00339,0.01,221825.06,3770045.13,8015127.69,550960.38,3103922.52,8082823.19,79662.99,79663.0,2.79374,2.0878,79619.0,79619.1,6.1564,0.5887
1788590976968,1788590976936675,79644.5,79647.8,0.0002,0.00627,8049.14,3749232.85,7969971.22,840190.47,3142333.46,8172962.28,79662.99,79663.0,2.79374,1.78735,79619.0,79619.1,6.1577,0.5785
1788590977229,1788590977162814,79644.5,79647.8,0.0002,0.00627,8049.13,3754623.09,7975361.45,796757.32,3103913.36,8134542.18,79662.99,79663.0,2.79374,1.78735,79619.0,79619.1,6.1577,0.5785
1788590977472,1788590977430113,79644.5,79647.7,0.0002,0.06293,8605.03,3755178.99,7975917.35,853009.02,3156152.49,8185780.73,79662.99,79663.0,2.79323,1.78735,79619.0,79619.1,6.1577,0.3928
1788590977719,1788590977641399,79644.5,79647.7,0.0002,0.06293,8605.03,3755178.99,7975917.35,828001.9,3131145.36,8160773.61,79662.99,79663.0,2.79293,1.72346,79619.0,79619.1,6.1577,0.3928
1788590977979,1788590977831009,79644.5,79647.7,0.0002,0.06293,8605.04,3755179.0,7975917.37,828012.26,3131155.72,8160783.96,79662.99,79663.0,2.79293,1.72302,79619.0,79619.1,6.1577,0.3986
1788590978226,1788590978180068,79647.5,79647.6,0.0002,0.04007,3850.64,3370427.68,7942924.9,810741.81,3125884.6,8155512.84,79662.99,79663.0,2.79256,1.72302,79619.0,79619.1,6.1577,0.3928
1788590978473,1788590978378683,79647.5,79647.6,0.0002,0.103,4089.56,3370417.36,7942914.58,734759.58,3051897.02,8081525.26,79662.99,79663.0,2.79256,1.72302,79619.0,79619.1,6.1577,0.3928
1788590978731,1788590978378683,79647.5,79647.6,0.0002,0.103,4089.56,3370417.36,7942914.58,734759.58,3051897.02,8081525.26,79662.99,79663.0,2.82249,1.72302,79619.0,79619.1,6.1577,0.3928
1788590978976,1788590978894768,79647.5,79647.6,0.0002,0.113,4099.92,3370427.72,7942924.94,735556.05,3052693.5,8082321.74,79662.99,79663.0,2.82139,1.70302,79619.0,79619.1,6.1577,0.3928
1788590979223,1788590978894768,79647.5,79647.6,0.0002,0.113,4099.92,3370427.72,7942924.94,735556.05,3052693.5,8082321.74,79662.99,79663.0,2.82146,1.57212,79619.0,79619.1,6.1577,0.3928
1788590979468,1788590979347988,79647.5,79647.6,0.0002,0.113,4099.92,3370427.72,7942924.94,735566.41,3052703.85,8082332.09,79662.99,79663.0,2.82146,1.57175,79619.0,79619.1,6.1577,0.3928
1788590979727,1788590979671578,79647.5,79647.6,0.0002,0.103,4099.92,3370427.72,7942924.94,816972.05,3134109.5,8163737.74,79662.99,79663.0,2.82153,1.57175,79619.0,79619.1,6.1677,0.5843
1788590979969,1788590979879232,79647.5,79647.6,0.0002,0.103,4099.92,3370427.72,7942924.94,792761.21,3109898.65,8139526.89,79662.99,79663.0,2.82153,1.57175,79619.0,79619.1,6.2066,0.8014
1788590980231,1788590980190835,79644.5,79647.6,0.00013,0.103,8589.1,3754162.91,7974901.28,812530.05,3129667.49,8159295.73,79662.99,79663.0,2.82128,2.01612,79619.0,79619.1,6.2066,0.6152
1788590980476,1788590980374151,79647.5,79647.6,0.0002,0.103,4083.98,3370411.77,7942908.99,759777.27,3076914.71,8106542.95,79662.99,79663.0,2.82128,2.01612,79619.0,79619.1,6.2066,0.7992
1788590980724,1788590980665628,79647.5,79647.6,0.00035,0.113,4095.93,3370423.72,7942920.94,760573.74,3077711.19,8107339.43,79662.99,79663.0,2.82091,2.01003,79619.0,79619.1,6.2066,0.7977
1788590980969,1788590980665628,79647.5,79647.6,0.00035,0.113,4095.93,3370423.72,7942920.94,760573.74,3077711.19,8107339.43,79662.99,79663.0,2.81963,2.00785,79619.0,79619.1,6.1944,0.5748
1788590981228,1788590981184311,79647.5,79647.6,0.00035,0.113,4095.93,3370423.72,7942920.94,734866.25,3052003.69,8081631.93,79662.99,79663.0,2.81963,1.98785,79619.0,79619.1,6.1957,0.572
1788590981473,1788590981366399,79647.5,79647.6,0.00035,0.103,4095.93,3370423.72,7942920.94,791130.92,3108268.37,8137896.61,79662.99,79663.0,2.81963,1.98785,79619.0,79619.1,6.1957,0.7853
1788590981719,1788590981366399,79647.5,79647.6,0.00035,0.103,4095.93,3370423.72,7942920.94,791130.92,3108268.37,8137896.61,79662.99,79663.0,2.81963,1.8435,79619.0,79619.1,6.1944,0.7794
1788590981977,1788590981922704,79647.5,79647.6,0.00035,0.103,4095.93,3402274.88,7974772.1,847999.34,3165136.78,8194765.02,79662.99,79663.0,2.81203,1.84361,79619.0,79619.1,6.2066,0.7817
1788590982221,1788590982017714,79647.5,79647.6,0.00035,0.103,4095.93,3400682.17,7973179.39,847999.34,3165136.78,8194765.02,79662.99,79663.0,2.81203,1.98547,79619.0,79619.1,6.2079,0.7737
1788590982467,1788590982265534,79647.5,79647.6,0.00035,0.09172,4095.93,3402274.87,7974772.09,822093.58,3139231.02,8168859.26,79662.99,79663.0,2.82003,1.98503,79619.0,79619.1,6.2066,0.7722
1788590982726,1788590982562274,79647.5,79647.6,0.00035,0.09172,4095.93,3402274.87,7974772.09,847100.92,3164238.36,8193866.6,79662.99,79663.0,2.82003,1.97836,79619.0,79619.1,6.2066,0.7681
1788590982969,1788590982764588,79647.5,79647.6,0.00035,0.10172,4095.93,3402274.87,7974772.09,847897.4,3165034.84,8194663.08,79662.99,79663.0,2.82003,1.9876,79619.0,79619.1,6.2066,0.7618
1788590983216,1788590983139708,79647.5,79647.6,0.00035,0.09172,4095.93,3402274.87,7974772.09,820574.49,3137711.93,8167340.17,79662.99,79663.0,2.81966,1.40012,79619.0,79619.1,6.2079,0.5558
1788590983477,1788590983368547,79647.5,79647.6,0.00035,0.06293,4095.93,3402516.53,7770481.92,755618.5,3073865.69,8103493.93,79662.99,79663.0,2.82224,1.53054,79623.8,79623.9,6.2568,1.3338
1788590983721,1788590983658419,79647.7,79647.8,0.00043,0.00627,4182.01,3399677.87,7760636.76,789079.43,3101218.31,8131847.13,79662.99,79663.0,2.82224,1.53116,79623.8,79623.9,6.2629,1.3338
1788590983979,1788590983924123,79647.7,79647.8,0.00043,0.01882,4182.01,3399677.87,7760636.76,790079.01,3103218.38,8133847.2,79662.99,79663.0,2.82224,1.52772,79623.8,79623.9,6.2629,1.3407
1788590984224,1788590984085165,79647.7,79647.8,0.00043,0.01882,4182.01,3399677.87,7760636.76,790079.01,3103218.38,8133847.2,79662.99,79663.0,2.80158,1.50539,79623.8,79623.9,6.2761,1.3293
1788590984470,1788590984434716,79647.7,79647.8,0.00043,0.01882,4182.01,3399677.87,7760636.76,765081.89,3071786.5,8102415.32,79662.99,79663.0,2.80158,1.50502,79623.8,79623.9,6.2761,1.3539
1788590984731,1788590984597053,79647.7,79647.8,0.00043,0.01882,3385.56,3398881.41,7759840.3,790089.3,3096793.9,8127422.72,79662.99,79663.0,2.80149,1.65532,79623.8,79623.9,6.2818,1.5945
1788590984979,1788590984858544,79647.7,79647.8,0.00043,0.01882,3385.56,3398881.41,7759840.3,765092.25,3071796.85,8102425.67,79662.99,79663.0,2.79898,1.65457,79623.8,79623.9,6.2833,1.5844
1788590985221,1788590985155665,79647.7,79647.8,0.00043,0.01882,3434.93,3398881.41,7759840.3,760660.33,3067364.93,8097993.75,79662.99,79663.0,2.79905,1.5027,79623.8,79623.9,6.2761,1.5945
1788590985481,1788590985413119,79647.5,79647.7,0.00018,0.03888,3849.04,3403862.35,7771827.74,769777.24,3073384.61,8103012.85,79662.99,79663.0,2.79905,1.62817,79623.8,79623.9,6.2761,1.5945
1788590985726,1788590985675204,79647.5,79647.7,0.00018,0.03888,4119.83,3404133.13,7772098.52,794784.61,3098391.99,8128020.23,79662.99,79663.0,2.79868,1.63306,79623.8,79623.9,6.2761,1.5844
1788590985969,1788590985920323,79647.5,79647.7,0.00018,0.03888,4119.83,3405133.32,7773098.71,794784.59,3098391.97,8128020.21,79662.99,79663.0,2.79868,1.63306,79623.8,79623.9,6.2761,1.5844
1788590986230,1788590986004493,79647.5,79647.7,0.00018,0.03888,4119.83,3405133.32,7773098.71,794784.6,3098391.98,8128020.22,79662.99,79663.0,2.79868,1.63292,79623.8,79623.9,6.2791,1.5945
1788590986472,1788590986277084,79647.5,79647.7,0.00018,0.03838,4119.83,3405133.32,7773098.71,794744.78,3098352.15,8127980.39,79662.99,79663.0,2.7983,1.63292,79623.8,79623.9,6.2761,1.5945
1788590986718,1788590986672993,79647.6,79647.7,0.0002,0.03838,4596.92,3404937.54,7760642.32,794749.54,3098356.91,8127985.15,79662.99,79663.0,2.7983,1.63351,79623.8,79623.9,6.2761,1.599
1788590986978,1788590986808673,79647.6,79647.7,0.0002,0.03838,4596.92,3404937.54,7760642.32,769742.17,3073349.55,8102977.79,79662.99,79663.0,2.7983,1.50105,79623.8,79623.9,6.2761,1.5789
1788590987222,1788590987184243,79647.6,79647.8,0.0002,0.01255,4596.92,3205699.05,7760651.19,732879.55,3438574.17,8070239.51,79662.99,79663.0,2.7983,1.62875,79623.8,79623.9,6.2761,1.5789
1788590987468,1788590987326358,79647.6,79647.8,0.0002,0.01255,4596.92,3199498.16,7754450.29,733378.94,3445508.22,8077173.56,79662.99,79663.0,2.7983,1.5005,79623.8,79623.9,6.2761,1.5852
1788590987716,1788590987654313,79647.6,79647.8,0.0002,0.01255,3800.47,3198701.71,7753653.85,733378.94,3445508.22,8077173.56,79662.99,79663.0,2.7983,1.5005,79623.8,79623.9,6.2761,1.5852
1788590987980,1788590987654313,79647.6,79647.8,0.0002,0.01255,3800.47,3198701.71,7753653.85,733378.94,3445508.22,8077173.56,79662.99,79663.0,2.7983,1.5005,79623.8,79623.9,6.2851,1.5852
1788590988227,1788590988086568,79647.6,79647.8,0.0002,0.01255,3800.47,3198701.71,7753653.85,785953.85,3498083.13,8129748.47,79662.99,79663.0,2.79793,1.5005,79623.8,79623.9,6.2929,1.5953
1788590988471,1788590988308347,79647.6,79647.8,0.0002,0.01255,3800.47,3421281.74,7976233.88,842495.43,3554624.71,8186290.05,79662.99,79663.0,2.798,1.62758,79623.8,79623.9,6.2989,1.5953
1788590988717,1788590988640933,79647.6,79647.8,0.0002,0.01255,3100.42,3420581.7,7975533.83,843291.93,3555421.21,8187086.55,79662.99,79663.0,2.798,1.62758,79623.8,79623.9,6.2009,1.6746
1788590988975,1788590988881627,79647.6,79647.8,0.0002,0.01255,3800.47,3421281.74,7976233.88,842495.44,3554624.71,8186290.05,79662.99,79663.0,2.79793,1.62758,79623.8,79623.9,6.2009,1.6646
1788590989219,1788590989103306,79647.6,79647.8,0.0002,0.01255,4596.92,3422078.19,7977030.33,817488.03,3529617.31,8161282.65,79662.99,79663.0,2.79793,1.5005,79623.8,79623.9,6.1826,1.5839
1788590989480,1788590989225611,79647.6,79647.8,0.0002,0.01255,4596.92,3422078.19,7977030.33,842495.44,3554624.72,8186290.06,79662.99,79663.0,2.79793,1.49977,79623.8,79623.9,6.1826,1.5839
1788590989725,1788590989654952,79647.6,79647.8,0.0002,0.01255,3800.47,3421281.74,7976233.88,845084.87,3557214.15,8188879.49,79662.99,79663.0,2.8048,1.49977,79623.8,79623.9,6.1826,1.5953
1788590989971,1788590989800828,79647.6,79647.8,0.0002,0.01255,3800.47,3421281.74,7976233.88,820067.11,3532196.39,8163861.73,79662.99,79663.0,2.8048,1.49977,79623.8,79623.9,6.1826,1.5953
1788590990230,1788590990192828,79647.6,79647.8,0.0002,0.01255,3100.42,3420581.7,7975533.83,845074.52,3496184.42,8127849.76,79662.99,79663.0,2.7968,1.63673,79623.8,79623.9,6.2012,1.5953
1788590990476,1788590990366613,79647.6,79647.8,0.0002,0.01255,3896.87,3421378.14,7976330.28,845074.52,3541174.4,8172839.74,79662.99,79663.0,2.7968,1.50025,79623.8,79623.9,6.2012,1.5953
1788590990719,1788590990632393,79647.6,79647.8,0.0002,0.01255,3800.47,3421281.74,7976233.88,845074.52,3541174.4,8172839.74,79662.99,79663.0,2.76636,1.64845,79623.8,79623.9,6.1592,1.5953
1788590990966,1788590990632393,79647.6,79647.8,0.0002,0.01255,3800.47,3421281.74,7976233.88,845074.52,3541174.4,8172839.74,79662.99,79663.0,2.78974,1.64858,79623.8,79623.9,6.1618,1.5953
1788590991225,1788590991170782,79647.6,79647.8,0.0002,0.01254,4596.92,3422078.19,7977030.33,845073.72,3541173.6,8172838.94,79662.99,79663.0,2.78967,1.49847,79623.8,79623.9,6.165,1.5953
1788590991469,1788590991326219,79647.6,79647.8,0.0002,0.01254,3800.47,3421281.74,7976233.88,845073.72,3541173.6,8172838.94,79662.99,79663.0,2.79754,1.64772,79623.8,79623.9,6.1696,1.5947
1788590991730,1788590991689072,79647.6,79647.7,0.0002,0.0288,4596.92,3422078.19,7977030.33,847367.57,3541135.69,8171800.46,79662.99,79663.0,2.79754,1.64772,79623.8,79623.9,6.1756,1.5876
1788590991973,1788590991900832,79647.6,79647.7,0.0002,0.65542,4596.92,3422078.19,7977030.33,897276.42,3593338.84,8224003.6,79662.99,79663.0,2.79754,1.47526,79623.8,79623.9,6.1756,1.5876
1788590992217,1788590991900832,79647.6,79647.7,0.0002,0.65542,4596.92,3422078.19,7977030.33,897276.42,3593338.84,8224003.6,79662.99,79663.0,2.79435,1.6233,79623.8,79623.9,6.184,1.5717
1788590992475,1788590992380314,79647.6,79647.7,0.0002,0.65542,4596.92,3428513.13,7983465.27,897276.42,3599773.42,8230438.19,79662.99,79663.0,2.7946,1.47508,79623.8,79623.9,6.2354,1.5704
1788590992722,1788590992667129,79647.6,79647.8,0.0002,0.01254,4198.71,3428114.92,7983067.05,714794.97,3410857.39,8042522.73,79662.99,79663.0,2.79704,1.47611,79623.8,79623.9,6.2479,1.5704
1788590992980,1788590992934709,79647.6,79648.2,0.0002,0.0753,4691.68,3375837.27,7930789.4,783660.52,3468154.2,8291641.76,79662.99,79663.0,2.79711,1.47934,79623.8,79623.9,6.2107,1.5905
1788590993225,1788590993194968,79648.1,79648.2,0.0002,0.0753,3816.44,3370567.23,7930773.48,842627.77,3527121.45,8350609.0,79662.99,79663.0,2.79674,1.47934,79623.8,79623.9,6.2107,1.5805
1788590993468,1788590993378222,79648.1,79648.2,0.0002,0.0753,3116.4,3338016.02,7898222.27,760572.43,3445066.11,8268553.67,79662.99,79663.0,2.79681,1.47934,79623.8,79623.9,6.2103,1.5805
1788590993730,1788590993627808,79648.1,79648.2,0.0002,0.0753,3106.04,3369855.63,7930061.88,792443.39,3476937.07,8300424.62,79662.99,79663.0,2.79681,1.6168,79623.8,79623.9,6.2103,1.5744
1788590993976,1788590993915479,79648.0,79648.2,0.00127,0.0753,3556.8,3373019.72,7933225.97,740716.34,3425210.02,8248697.57,79662.99,79663.0,2.79681,1.459,79623.8,79623.9,6.2103,1.563
1788590994226,1788590994195606,79648.0,79648.2,0.00127,0.02947,10011.05,3151982.56,7712188.81,491842.74,3056369.83,7867410.98,79666.1,79666.11,4.91153,1.1985,79623.8,79623.9,7.0208,0.8459
1788590994472,1788590994443948,79648.0,79648.3,0.00127,0.00627,20540.61,3124594.92,7684801.17,606287.83,3494034.27,7999037.25,79666.1,79666.11,5.15416,1.31424,79623.8,79623.9,7.0208,1.2618
1788590994716,1788590994605009,79648.8,79648.9,0.0002,0.69652,19263.12,3162236.73,7721442.8,671514.65,4529829.82,8065682.5,79666.1,79666.11,5.15423,1.31452,79623.8,79623.9,6.6766,1.2605
1788590994977,1788590994925955,79648.8,79648.9,0.0002,0.69642,18777.22,3161750.82,7720956.89,671500.99,4529816.16,8065668.84,79666.1,79666.11,5.28704,1.31451,79623.8,79623.9,6.6766,1.2663
1788590995221,1788590995094125,79648.8,79648.9,0.0002,0.69642,10717.56,3161725.66,7720931.73,671500.99,4529816.16,8065668.84,79666.1,79666.11,5.28704,1.31444,79623.8,79623.9,6.6766,1.2618
1788590995480,1788590995388949,79648.8,79648.9,0.0002,0.69642,10717.56,3143992.75,7703198.81,696519.03,4666119.93,8201972.61,79666.1,79666.11,5.28704,1.31444,79623.8,79623.9,6.6888,1.2618
1788590995726,1788590995634494,79648.8,79648.9,0.0002,0.69025,9921.11,3143196.3,7702402.37,671257.24,4640858.14,8176710.82,79666.1,79666.11,5.28667,1.31451,79623.8,79623.9,6.6888,1.2676
1788590995971,1788590995907305,79648.8,79649.2,0.0002,2.00189,10359.94,3130224.95,7689431.02,709947.97,4680049.32,8215401.55,79666.1,79666.11,5.28667,1.3079,79623.8,79623.9,6.5318,1.2513
1788590996230,1788590996138355,79649.1,79649.2,0.0002,2.00189,10391.8,2931774.33,7534792.19,763563.11,4733664.46,8269016.69,79666.1,79666.11,5.28667,1.308,79623.8,79623.9,6.5318,1.2455
1788590996475,1788590996404848,79649.1,79649.2,0.0002,2.00189,10381.45,3125467.67,7728485.53,763566.18,4747676.87,8283029.11,79666.1,79666.11,5.28667,1.308,79623.8,79623.9,6.5313,1.2455
1788590996720,1788590996690018,79649.1,79649.2,0.0002,2.00189,1834.99,3124994.96,7728012.83,809461.43,4771900.67,8307252.9,79666.1,79666.11,5.2651,1.34155,79623.8,79623.9,6.5313,1.2627
1788590996967,1788590996918161,79649.1,79649.2,0.0002,2.00189,2631.45,3125791.43,7728809.29,784453.65,4746892.89,8282245.12,79666.1,79666.11,5.24201,1.77578,79623.8,79623.9,6.5313,1.2526
1788590997224,1788590997188052,79648.6,79649.2,0.00012,2.00189,4029.14,3328811.56,7889017.81,731635.01,4694074.25,8229426.48,79666.1,79666.11,5.24201,1.77578,79623.8,79623.9,6.5313,1.2526
1788590997469,1788590997419588,79648.9,79649.2,0.0002,2.00189,4889.24,3327543.7,7727460.98,814462.23,4776901.47,8312253.7,79666.1,79666.11,5.24201,1.77578,79623.8,79623.9,6.5313,1.2526
1788590997731,1788590997617849,79648.9,79649.2,0.0002,1.97051,5388.59,3328043.05,7727960.33,786954.99,4749394.23,8284746.46,79666.1,79666.11,5.24201,1.74256,79623.8,79623.9,6.5313,1.2513
1788590997978,1788590997737739,79648.9,79649.2,0.0002,1.97051,5378.23,3328032.69,7727949.97,786954.99,4749394.23,8284746.46,79666.1,79666.11,5.24201,1.74256,79623.8,79623.9,6.5313,1.2455
1788590998224,1788590998013895,79648.9,79649.2,0.0002,1.97051,5427.61,3328032.69,7727949.97,786965.35,4749404.59,8284756.82,79666.1,79666.11,5.24157,1.74256,79623.8,79623.9,6.5313,1.2526
1788590998470,1788590998346223,79648.9,79649.2,0.0002,2.63789,5416.47,3328021.55,7727938.83,788739.28,4751178.52,8286530.76,79666.1,79666.11,5.24164,1.74238,79623.8,79623.9,6.5313,1.2526
1788590998717,1788590998598757,79648.9,79649.2,0.0002,2.5695,5416.47,3328021.55,7727938.83,783292.08,4745731.32,8281083.55,79666.1,79666.11,5.24164,1.72734,79623.8,79623.9,6.5313,1.2468
1788590998978,1788590998598757,79648.9,79649.2,0.0002,2.5695,5416.47,3328021.55,7727938.83,783292.08,4745731.32,8281083.55,79666.1,79666.11,5.22597,1.7272,79623.8,79623.9,6.5313,1.2569
1788590999222,1788590998598757,79648.9,79649.2,0.0002,2.5695,5416.47,3328021.55,7727938.83,783292.08,4745731.32,8281083.55,79666.1,79666.11,5.22604,1.92817,79623.8,79623.9,6.5313,1.2526
1788590999467,1788590999281912,79648.9,79649.2,0.0002,2.5695,5416.46,3325318.87,7725236.15,808299.92,4770739.16,8306091.39,79666.1,79666.11,5.22604,1.92771,79623.8,79623.9,6.5313,0.951
1788590999729,1788590999530700,79648.9,79649.0,0.0002,0.66697,5416.46,3325318.87,7725236.15,854988.9,4817428.14,8352780.37,79666.1,79666.11,5.22604,1.92771,79623.8,79623.9,6.5313,0.9663
1788590999974,1788590999819637,79648.9,79649.0,0.0002,0.66697,5416.46,3330671.75,7730589.03,854988.9,4779467.24,8314819.48,79666.1,79666.11,5.22607,1.92771,79623.8,79623.9,6.5313,0.965
1788591000219,1788591000140002,79648.9,79649.0,0.0002,0.66697,5416.46,3330671.75,7730589.03,854988.9,4835552.62,8370904.86,79666.1,79666.11,5.22607,1.92771,79623.8,79623.9,6.5313,0.9663
1788591000476,1788591000419157,79648.9,79649.0,0.0002,0.66789,5416.46,3330671.75,7730589.03,855062.16,4835625.89,8370978.12,79666.1,79666.11,5.22607,2.06302,79623.8,79623.9,6.5313,0.965
1788591000722,1788591000641648,79648.9,79649.2,0.0002,1.90052,5128.95,3330384.24,7730301.52,806171.38,4786735.11,8322087.34,79666.1,79666.11,5.2196,2.05049,79623.8,79623.9,6.5313,0.9764
1788591000968,1788591000853815,79649.1,79649.2,0.0002,1.88723,4201.92,3126905.36,7729923.22,805898.51,4787462.74,8322814.98,79666.1,79666.11,4.72472,1.92745,79623.8,79623.9,6.5313,0.965
1788591001227,1788591001179077,79641.9,79649.1,0.03836,0.03005,378856.35,3731792.72,7976875.29,821163.36,4789166.82,8324519.05,79666.1,79666.11,4.4644,2.51718,79623.8,79623.9,6.5313,1.2175
1788591001472,1788591001427778,79641.9,79649.1,0.03826,0.03005,379097.65,3732150.29,7977232.86,764343.81,4732347.28,8267699.51,79666.1,79666.11,4.4644,2.51296,79623.8,79623.9,6.5313,1.2054
1788591001719,1788591001616259,79641.9,79648.9,0.05526,0.73978,380451.56,3733504.2,7967761.65,819284.02,4786787.03,8322639.71,79666.1,79666.11,4.46426,2.51289,79623.8,79623.9,6.5313,1.2112
1788591001980,1788591001932385,79648.6,79648.9,0.0002,0.00091,8117.89,3323227.12,7883434.05,808488.19,4781975.19,8317827.87,79666.1,79666.11,4.47145,2.50363,79623.8,79623.9,6.5313,1.2041
1788591002225,1788591002003809,79648.6,79648.9,0.0002,0.00091,8117.89,3323227.12,7883434.05,809376.32,4782863.33,8318716.0,79666.1,79666.11,4.47152,2.50326,79623.8,79623.9,6.5287,1.2099
1788591002471,1788591002390869,79648.6,79648.9,0.0002,0.00091,8128.24,3323227.12,7883434.05,815810.79,4789297.79,8325150.47,79666.1,79666.11,4.47249,2.50326,79623.8,79623.9,6.5287,1.224
1788591002717,1788591002500184,79648.6,79648.9,0.0002,0.00091,7428.19,3322527.06,7882733.99,815810.79,4789297.79,8325150.47,79666.1,79666.11,4.47359,2.97847,79623.8,79623.9,6.5287,1.224
1788591002975,1788591002897838,79648.6,79648.9,0.0002,0.00091,8128.25,3223582.18,7783789.11,731260.43,4598748.78,8134601.46,79666.1,79666.11,4.47359,2.83581,79623.8,79623.9,6.5287,1.2288
1788591003220,1788591003187488,79648.6,79649.2,0.0002,1.88644,8128.25,3210326.87,7770533.8,775477.22,4636645.73,8171997.96,79666.1,79666.11,4.47359,2.83581,79623.8,79623.9,6.5287,1.2153
1788591003480,1788591003219263,79648.6,79649.2,0.0002,1.88631,8128.25,3210326.87,7770533.8,800474.71,4663937.56,8199289.79,79666.1,79666.11,4.47322,2.83573,79623.8,79623.9,6.5287,1.2224
1788591003723,1788591003610297,79649.1,79649.2,0.0002,1.93891,7703.77,3039329.01,7642347.55,804664.25,4763169.51,8298521.74,79666.1,79666.11,4.47322,2.83573,79623.8,79623.9,6.5287,1.2224
1788591003968,1788591003914014,79649.1,79649.2,0.0002,1.93967,7703.77,3039329.01,7642347.55,804724.79,4763230.04,8298582.28,79666.1,79666.11,4.47329,2.83339,79623.8,79623.9,6.5287,1.2153
1788591004228,1788591003914014,79649.1,79649.2,0.0002,1.93967,7703.77,3039329.01,7642347.55,804724.79,4763230.04,8298582.28,79666.1,79666.11,4.47322,2.83339,79623.8,79623.9,6.5287,1.2224
1788591004473,1788591004397296,79649.1,79649.2,0.0002,1.93967,6992.56,3055324.38,7658342.92,812680.65,4779936.87,8315289.11,79666.1,79666.11,4.47322,2.83339,79623.8,79623.9,6.5287,1.2166
1788591004731,1788591004577609,79649.1,79649.2,0.0002,1.93967,6992.56,3055324.38,7658342.92,812729.22,4779985.45,8315337.68,79666.1,79666.11,4.47322,2.83293,79623.8,79623.9,6.5287,1.2211
1788591004979,1788591004925256,79649.1,79649.2,0.0002,1.93967,6992.56,3054926.17,7657944.72,812729.22,4779985.45,8315337.68,79666.1,79666.11,4.47322,2.83251,79623.8,79623.9,6.5287,1.2211
1788591005226,1788591005162303,79649.1,79649.2,0.0002,1.93967,6992.56,3054926.17,7657944.72,811136.19,4778392.41,8313744.65,79666.1,79666.11,4.47322,2.83251,79623.8,79623.9,6.5287,1.2211
1788591005470,1788591005378520,79649.1,79649.2,0.0002,1.93967,6992.56,3054926.17,7657944.72,812729.22,4779985.44,8315337.67,79666.1,79666.11,4.47315,2.83244,79623.8,79623.9,6.5287,1.2019
1788591005730,1788591005585109,79649.1,79649.2,0.0002,1.93967,6992.56,3054926.17,7657944.72,812729.22,4779985.44,8315337.67,79666.1,79666.11,4.47315,2.83251,79623.8,79623.9,6.5287,1.186
1788591005978,1788591005585109,79649.1,79649.2,0.0002,1.93967,6992.56,3054926.17,7657944.72,812729.22,4779985.44,8315337.67,79666.1,79666.11,4.47278,2.83229,79623.8,79623.9,6.5155,1.186
1788591006221,1788591006087174,79649.1,79649.2,0.0002,2.66778,6992.56,3054926.17,7657944.72,817678.68,4784934.91,8320287.14,79666.1,79666.11,4.47234,2.83236,79623.8,79623.9,6.5155,1.1931
1788591006481,1788591006087174,79649.1,79649.2,0.0002,2.66778,6992.56,3054926.17,7657944.72,817678.68,4784934.91,8320287.14,79666.1,79666.11,4.47234,2.83236,79623.8,79623.9,6.5287,1.1918
1788591006728,1788591006087174,79649.1,79649.2,0.0002,2.66778,6992.56,3054926.17,7657944.72,817678.68,4784934.91,8320287.14,79666.1,79666.11,4.47227,2.83236,79623.8,79623.9,6.512,1.1918
1788591006972,1788591006938614,79649.1,79649.2,0.0002,2.66776,6992.56,3054926.17,7657944.72,818483.95,4785740.17,8321092.4,79666.1,79666.11,4.46667,2.83248,79623.8,79623.9,6.6002,1.1918
1788591007217,1788591007181748,79649.1,79649.2,0.0002,2.66776,8191.97,3055626.24,7658644.78,792679.6,4759935.82,8295288.06,79666.1,79666.11,4.46129,2.82891,79623.8,79623.9,6.6002,1.1918
1788591007475,1788591007409605,79649.1,79649.2,0.0002,1.94079,7491.91,3054926.18,7657944.72,759784.86,4727041.09,8262393.32,79666.1,79666.11,4.46129,2.8286,79623.8,79623.9,6.6002,1.1918
1788591007719,1788591007616793,79649.1,79649.2,0.0002,1.88819,8988.44,3056495.98,7659492.24,783008.51,4756955.47,8292307.7,79666.1,79666.11,4.46129,2.8286,79623.8,79623.9,6.6002,1.1918
1788591007979,1788591007815913,79649.1,79649.2,0.0002,1.88819,8988.44,3056495.98,7659492.24,783008.52,4756955.47,8292307.71,79666.1,79666.11,4.46136,2.8286,79623.8,79623.9,6.6002,1.1918
1788591008224,1788591008147451,79649.1,79649.2,0.0002,1.88819,8191.97,3058380.73,7661399.28,783008.52,4756955.47,8292307.71,79666.1,79666.11,4.46136,2.8286,79623.8,79623.9,6.6002,1.1918
1788591008469,1788591008432642,79649.0,79649.1,0.0002,0.02996,7213.97,3260220.67,7660305.01,810322.13,4781974.75,8317326.98,79666.1,79666.11,4.46092,2.8286,79623.8,79623.9,6.6002,1.2032
1788591008731,1788591008678605,79649.0,79649.1,0.0002,0.03996,7463.25,3260586.22,7660670.56,811118.63,4782771.24,8318123.48,79666.1,79666.11,4.46092,2.8286,79623.8,79623.9,6.6124,1.1873
1788591008975,1788591008936440,79649.0,79649.1,0.0002,0.03996,7463.25,3260586.22,7660670.56,807096.97,4778749.58,8314101.82,79666.1,79666.11,4.46092,2.8286,79623.8,79623.9,6.63,1.1873
1788591009220,1788591008948860,79649.0,79649.1,0.0002,0.03996,7463.25,3260586.22,7660670.56,807086.61,4778739.23,8314091.46,79666.1,79666.11,4.46092,2.82749,79623.8,79623.9,6.63,1.1931
1788591009481,1788591009424188,79649.0,79649.1,0.0002,0.02996,7463.25,3260586.22,7660670.56,806290.12,4777942.74,8313294.97,79666.1,79666.11,4.46092,2.82749,79623.8,79623.9,6.63,1.1918
1788591009726,1788591009652310,79642.1,79649.1,0.03636,0.02996,386671.73,3670349.56,7915432.81,813368.42,4783026.4,8318378.63,79666.1,79666.11,4.46092,2.82712,79623.8,79623.9,6.63,1.186
1788591009971,1788591009652310,79642.1,79649.1,0.03636,0.02996,386671.73,3670349.56,7915432.81,813368.42,4783026.4,8318378.63,79666.1,79666.11,4.46092,2.82712,79623.8,79623.9,6.63,1.0672
1788591010217,1788591010022380,79642.1,79649.1,0.03636,0.02996,386671.73,3763322.17,8008405.42,813358.06,4783016.04,8318368.28,79666.1,79666.11,4.46092,2.82694,79623.8,79623.9,6.63,1.073
1788591010476,1788591010219909,79642.1,79649.1,0.03636,0.02996,386671.73,3763322.17,8008405.42,814154.56,4783812.54,8319164.78,79666.1,79666.11,4.46099,2.82694,79623.8,79623.9,6.63,1.073
1788591010722,1788591010219909,79642.1,79649.1,0.03636,0.02996,386671.73,3763322.17,8008405.42,814154.56,4783812.54,8319164.78,79666.1,79666.11,4.46099,2.82568,79623.8,79623.9,6.6045,1.073
1788591010981,1788591010769876,79642.1,79649.1,0.03636,0.02996,386671.73,3763322.17,8008405.42,813358.06,4783016.04,8318368.28,79666.1,79666.11,4.46055,2.82568,79623.8,79623.9,6.6045,1.0773
1788591011227,1788591011197342,79642.1,79649.1,0.03636,0.02996,386671.73,3763322.17,8008405.42,806198.7,4775856.68,8311208.92,79666.1,79666.11,4.46062,2.83145,79623.8,79623.9,6.6045,1.0828
1788591011474,1788591011228857,79642.1,79649.1,0.03636,0.02996,386671.73,3763322.17,8008405.42,806198.7,4775856.68,8311208.91,79666.1,79666.11,4.46845,2.83166,79623.8,79623.9,6.6045,1.0727
1788591011722,1788591011228857,79642.1,79649.1,0.03636,0.02996,386671.73,3763322.17,8008405.42,806198.7,4775856.68,8311208.91,79666.1,79666.11,4.46844,2.83166,79623.8,79623.9,6.6045,1.0727
1788591011970,1788591011660979,79642.1,79649.1,0.03636,0.02996,386671.73,3763322.17,8008405.42,752027.4,4721685.38,8257037.61,79666.1,79666.11,4.46844,2.82943,79623.8,79623.9,6.6045,1.0727
1788591012216,1788591012095232,79642.1,79649.1,0.03636,0.02996,386671.73,3763322.17,8008405.42,752027.4,4721685.38,8257037.61,79666.1,79666.11,4.46844,2.82906,79623.8,79623.9,6.6045,1.0669
1788591012479,1788591012359701,79642.1,79649.1,0.03636,0.02996,386671.73,3763322.17,8008405.42,758993.2,4728651.18,8264003.41,79666.1,79666.11,4.46844,2.82906,79623.8,79623.9,6.6045,1.0669
1788591012726,1788591012677617,79642.1,79649.1,0.03636,0.02996,386671.73,3763322.17,8008405.42,814877.08,4784535.05,8319887.29,79666.1,79666.11,4.46837,2.80895,79623.8,79623.9,6.6045,1.0727
1788591012977,1788591012872017,79642.1,79649.1,0.03636,0.02996,386671.73,3763322.17,8008405.42,815673.58,4785331.56,8320683.79,79666.1,79666.11,4.46837,2.80895,79623.8,79623.9,6.6045,0.8469
1788591013226,1788591013196438,79645.4,79645.5,0.0002,0.00116,12749.71,3723045.66,7952745.82,479634.03,3001172.3,7980003.73,79666.1,79666.11,4.46959,2.80895,79623.8,79623.9,6.249,0.8527
1788591013472,1788591013265273,79645.4,79645.5,0.0002,0.00116,12749.71,3723045.66,7952745.82,479623.67,3001161.95,7979993.38,79666.1,79666.11,4.46922,2.80895,79623.8,79623.9,6.249,0.8525
1788591013721,1788591013605193,79645.4,79645.5,0.0002,0.00116,12749.71,3725695.03,7955395.19,480323.81,3001857.29,7980688.72,79666.1,79666.11,4.46886,2.77527,79623.8,79623.9,6.249,0.8525
1788591013968,1788591013605193,79645.4,79645.5,0.0002,0.00116,12749.71,3725695.03,7955395.19,480323.81,3001857.29,7980688.72,79666.1,79666.11,4.46886,2.77499,79623.8,79623.9,6.249,0.8525
1788591014230,1788591014098840,79645.4,79645.5,0.0002,0.00116,12749.7,3723045.65,7952745.81,480263.28,3001796.76,7980628.19,79666.1,79666.11,4.46462,2.76499,79623.8,79623.9,6.249,0.8467
1788591014476,1788591014365422,79645.4,79645.5,0.0002,0.00116,12799.08,3723045.66,7952745.81,531438.6,3052972.08,8031803.51,79666.1,79666.11,4.46469,2.76499,79623.8,79623.9,6.2368,0.8467
1788591014723,1788591014628503,79642.1,79645.5,0.03609,0.00116,384738.86,3763380.91,8008464.16,481509.82,3003043.3,7981874.74,79666.1,79666.11,4.46469,2.76462,79623.8,79623.9,6.2368,0.8467
1788591014971,1788591014891537,79642.1,79645.5,0.03584,0.00116,384718.95,3763361.0,8008444.24,481509.82,3003043.3,7981874.74,79666.1,79666.11,4.46469,2.76442,79623.8,79623.9,6.2368,0.8525
1788591015231,1788591015086362,79642.1,79645.5,0.03584,0.00116,384718.95,3763361.0,8008444.24,481509.82,3003043.3,7981874.74,79666.1,79666.11,4.46469,2.7641,79623.8,79623.9,6.2368,0.8525
1788591015478,1788591015230053,79642.1,79645.5,0.03584,0.00192,383126.25,3761768.3,8006851.55,481570.36,3003103.84,7981935.27,79666.1,79666.11,4.46469,2.7641,79623.8,79623.9,6.2368,0.8525
1788591015727,1788591015614379,79642.1,79645.5,0.03584,0.00192,384718.96,3763361.01,8008444.25,482117.56,3003651.04,7982482.47,79666.1,79666.11,4.46469,2.7641,79623.8,79623.9,6.2479,0.8525
1788591015974,1788591015899641,79645.4,79645.5,0.01,0.00192,13789.05,3697920.38,7927620.54,508581.28,3022158.73,8000990.17,79666.1,79666.11,4.46432,2.7441,79623.8,79623.9,6.2479,0.8467
1788591016220,1788591016092829,79642.1,79645.5,0.03584,0.00192,384718.96,3763360.89,8008444.13,541488.08,3055065.53,8033896.96,79666.1,79666.11,4.46432,2.7441,79623.8,79623.9,6.2479,1.0491
1788591016480,1788591016256940,79642.1,79645.5,0.03584,0.00192,384718.96,3763360.89,8008444.13,539895.05,3053472.5,8032303.93,79666.1,79666.11,4.46432,2.7441,79623.8,79623.9,6.2479,1.0491
1788591016723,1788591016685055,79642.1,79645.5,0.03584,0.00192,384718.96,3744095.4,7989178.65,566494.76,3080072.21,8058903.64,79666.1,79666.11,4.46414,2.7441,79623.8,79623.9,6.2479,1.0592
1788591016969,1788591016907066,79645.2,79645.5,0.01,0.00192,15788.74,3710506.77,7940206.93,539383.71,3052961.16,8031792.6,79666.1,79666.11,4.46414,2.7441,79623.8,79623.9,6.2479,1.0491
1788591017228,1788591016972937,79645.2,79645.5,0.01,0.00192,15788.74,3710566.41,7940266.57,539383.71,3052961.16,8031792.6,79666.1,79666.11,4.46414,2.74373,79623.8,79623.9,6.2479,1.0491
1788591017473,1788591017445347,79642.3,79645.5,0.00879,0.00192,237677.54,3745555.15,7989638.3,273551.02,2777755.82,7756587.25,79666.1,79666.11,4.5403,2.23784,79623.8,79623.9,6.5013,0.3767
1788591017717,1788591017624591,79642.1,79645.5,0.03584,0.00227,384718.97,3741478.14,7986561.39,319562.2,2827398.54,7806229.97,79666.1,79666.11,4.51943,2.23884,79623.8,79623.9,6.5013,0.3804
1788591017978,1788591017928906,79642.1,79645.5,0.03584,0.00127,384718.96,3760743.61,8005826.86,324085.56,2846623.04,7825454.47,79666.1,79666.11,4.51943,2.22884,79623.8,79623.9,5.9191,0.3746
1788591018222,1788591018096205,79642.1,79645.5,0.03584,0.00127,384718.96,3760743.61,8005826.86,337785.51,2860323.0,7839154.43,79666.1,79666.11,4.51943,2.22693,79623.8,79623.9,5.9191,0.3746
1788591018466,1788591018323724,79642.1,79645.5,0.03584,0.00127,384718.96,3760743.61,8005826.86,337785.51,2861323.46,7840154.89,79666.1,79666.11,4.51943,2.22693,79623.8,79623.9,5.9191,0.3746
1788591018725,1788591018689859,79642.1,79645.5,0.03584,0.00181,384718.96,3760743.61,8005826.86,387150.81,2910688.76,7889520.19,79666.1,79666.11,4.51943,2.22691,79623.8,79623.9,5.9191,0.3804
1788591018975,1788591018863456,79642.1,79645.5,0.03584,0.00181,384718.96,3760743.61,8005826.86,360458.44,2883996.39,7862827.82,79666.1,79666.11,4.51906,2.22691,79623.8,79623.9,5.9004,0.3746
1788591019219,1788591019181214,79642.1,79645.5,0.03584,0.00181,384718.96,3760743.61,8005826.86,514594.73,3038132.68,8016964.11,79666.1,79666.11,4.51906,2.22684,79623.8,79623.9,5.8448,0.2928
1788591019480,1788591019406429,79642.1,79645.5,0.03584,0.00181,384718.96,3760743.61,8005826.86,515614.29,3038237.81,8017069.24,79666.1,79666.11,4.51906,2.22684,79623.8,79623.9,5.8448,0.2928
1788591019724,1788591019679002,79642.1,79645.5,0.03584,0.00181,384718.95,3760743.61,8005826.85,548281.81,3070905.33,8049736.76,79666.1,79666.11,4.52108,2.22668,79623.8,79623.9,6.0537,0.7042
1788591019970,1788591019940704,79642.1,79645.5,0.03584,0.00181,384718.95,3760743.61,8005826.85,633016.4,3155639.93,8134471.36,79666.1,79666.11,4.52108,3.15401,79623.8,79623.9,6.0537,0.7081
1788591020230,1788591020075707,79642.1,79645.5,0.03584,0.00181,384718.95,3760743.61,8005826.85,523082.79,3059678.58,8038510.01,79666.1,79666.11,4.52094,3.15408,79623.8,79623.9,5.9926,0.7094
1788591020473,1788591020417711,79645.4,79645.5,0.00014,0.00325,13003.74,3726368.87,7956069.03,467488.65,2996128.45,7974959.88,79666.1,79666.11,4.52025,3.15408,79623.8,79623.9,5.9926,0.4975
1788591020720,1788591020663476,79645.4,79645.5,0.00014,0.0037,13003.75,3726368.89,7956069.05,494101.92,3014258.86,7993090.29,79666.1,79666.11,4.4631,2.98551,79623.8,79623.9,6.0716,0.7177
1788591020980,1788591020919511,79645.4,79645.5,0.00014,0.0037,13003.74,3694517.8,7924217.96,462240.92,2982397.86,7961229.29,79666.1,79666.11,4.4631,3.02483,79623.8,79623.9,6.0716,0.723
1788591021222,1788591021191201,79642.1,79645.5,0.03584,0.00369,384718.96,3760743.49,8005826.74,547658.85,3067815.79,8046647.22,79666.1,79666.11,4.4631,3.02483,79623.8,79623.9,6.0716,0.7142
1788591021481,1788591021437819,79642.1,79645.5,0.03522,0.00307,383969.55,3759994.08,8005077.33,572431.99,3092588.93,8071420.36,79666.1,79666.11,4.47008,3.19353,79623.8,79623.9,6.0704,0.7084
1788591021725,1788591021613943,79642.1,79645.5,0.03522,0.00307,385109.14,3761133.67,8006216.92,576886.89,3092611.88,8071443.31,79666.1,79666.11,4.47008,3.19353,79623.8,79623.9,6.0704,0.7243
1788591021972,1788591021871612,79642.1,79645.5,0.03522,0.00307,385109.14,3761153.67,8006236.92,576886.89,3092611.88,8071443.31,79666.1,79666.11,4.47008,3.19346,79623.8,79623.9,6.0704,0.7243
1788591022218,1788591022166098,79642.1,79645.5,0.03522,0.00307,385109.14,3761153.67,8006236.92,588561.86,3104286.85,8083118.28,79666.1,79666.11,4.46974,3.19346,79623.8,79623.9,6.0704,0.7216
1788591022478,1788591022417244,79642.1,79645.5,0.03522,0.00307,385109.14,3761153.67,8006236.92,588561.86,3126541.06,8105372.49,79666.1,79666.11,4.46974,3.19289,79623.8,79623.9,6.0704,0.9673
1788591022724,1788591022459210,79642.1,79645.5,0.03522,0.00307,385109.14,3761153.67,8006236.92,563555.24,3101534.44,8080365.87,79666.1,79666.11,4.46974,3.12555,79623.8,79623.9,6.0704,0.9686
1788591022967,1788591022830005,79642.1,79645.5,0.03522,0.00307,385109.14,3761153.67,8006236.92,563555.25,3101534.45,8080365.88,79666.1,79666.11,4.47322,2.93829,79623.8,79623.9,6.0704,0.9615
1788591023228,1788591023167835,79642.1,79645.5,0.03522,0.00307,385109.14,3761153.67,8006236.92,509305.22,3047284.42,8026115.85,79666.1,79666.11,4.47226,2.94115,79623.8,79623.9,6.0704,0.7397
1788591023476,1788591023414666,79642.1,79645.5,0.03522,0.00307,385109.14,3761153.67,8006236.92,510101.71,3048080.91,8026912.34,79666.1,79666.11,4.47226,2.94115,79623.8,79623.9,6.0704,0.7455
1788591023720,1788591023684208,79642.1,79645.5,0.03522,0.00307,385109.14,3761153.67,8006236.92,509102.11,3047091.67,8025923.1,79666.1,79666.11,4.47226,2.94043,79623.8,79623.9,6.0704,0.7455
1788591023981,1788591023885375,79642.1,79645.5,0.03522,0.00307,385109.14,3761153.67,8006236.92,535088.53,3073078.08,8051909.51,79666.1,79666.11,4.47226,2.94043,79623.8,79623.9,6.0704,0.9829
1788591024229,1788591024094558,79642.1,79645.5,0.03522,0.00307,385109.14,3763852.43,8008935.68,583170.67,3123893.38,8102724.81,79666.1,79666.11,4.47226,2.93999,79623.8,79623.9,6.0704,0.9829
1788591024475,1788591024342483,79642.1,79645.5,0.03522,0.00307,385109.14,3761153.67,8006236.92,583170.67,3123883.02,8102714.45,79666.1,79666.11,4.47226,2.93954,79623.8,79623.9,6.0704,0.9829
1788591024724,1788591024624276,79642.1,79645.5,0.03522,0.00307,385109.14,3761153.67,8006236.92,583131.62,3108515.23,8087346.66,79666.1,79666.11,4.47226,2.93936,79623.8,79623.9,6.0704,0.9829
1788591024973,1788591024736776,79642.1,79645.5,0.03522,0.00307,385109.14,3761153.67,8006236.92,583131.62,3123842.42,8102673.85,79666.1,79666.11,4.47192,2.93936,79623.8,79623.9,6.0704,0.9829
1788591025220,1788591025067693,79642.1,79645.5,0.03522,0.00307,385109.14,3761153.67,8006236.92,583131.62,3123842.42,8102673.85,79666.1,79666.11,4.47192,2.93936,79623.8,79623.9,6.0704,0.9917
1788591025480,1788591025434791,79642.1,79645.5,0.03522,0.00307,385109.15,3761153.68,8006236.93,509102.12,3049812.91,8028644.34,79666.1,79666.11,4.47192,2.63917,79623.8,79623.9,6.0257,0.554
1788591025723,1788591025691682,79642.1,79645.5,0.03522,0.00307,385109.19,3758442.68,8003525.93,503818.3,3023599.52,8002430.95,79666.1,79666.11,4.59739,2.3845,79623.8,79623.9,5.8754,0.0101
1788591025968,1788591025940012,79642.1,79649.0,0.03522,2.1048,385054.29,3726536.82,7971620.07,740762.86,4686622.85,8221975.09,79666.1,79666.11,4.61806,2.3842,79623.8,79623.9,5.8754,0.0101
1788591026228,1788591026194937,79645.4,79645.5,0.01,0.00014,13786.67,3724810.27,7954510.43,462335.13,2982117.25,7960948.68,79666.1,79666.11,4.6182,2.12107,79623.8,79623.9,6.0437,0.0101
1788591026473,1788591026377370,79645.4,79645.5,0.01,0.00014,14035.94,3725810.54,7955510.7,511369.45,3023196.3,8002027.73,79666.1,79666.11,4.6182,2.26425,79623.8,79623.9,5.8749,0.0101
1788591026717,1788591026588178,79645.4,79645.5,0.01,0.00014,14035.94,3725810.54,7955510.7,513180.61,3025007.46,8003838.89,79666.1,79666.11,4.5552,2.37821,79623.8,79623.9,6.1033,0.3012
1788591026979,1788591026947602,79648.7,79648.8,0.0002,0.14658,6731.33,3350286.38,7909493.13,780630.07,4727985.15,8263837.83,79666.1,79666.11,4.5552,2.37782,79623.8,79623.9,6.0922,0.3012
1788591027225,1788591027176386,79648.7,79648.8,0.0002,0.14658,6731.33,3350286.06,7909492.81,780107.0,4731451.43,8267304.11,79666.1,79666.11,4.5552,2.37782,79623.8,79623.9,6.0922,0.2999
1788591027469,1788591027422901,79648.7,79648.8,0.0002,0.14658,6720.97,3350275.71,7909482.46,863515.77,4822815.53,8358668.21,79666.1,79666.11,4.5552,2.37656,79623.8,79623.9,6.0922,0.2999
1788591027730,1788591027691080,79648.7,79648.8,0.0002,0.14658,6020.92,3349575.66,7908782.4,863515.77,4822815.53,8358668.21,79666.1,79666.11,4.55513,2.3762,79623.8,79623.9,6.0922,0.2999
1788591027975,1788591027938194,79648.7,79648.8,0.0002,0.14658,6031.27,3349586.01,7908792.76,863515.77,4822815.53,8358668.21,79666.1,79666.11,4.55479,2.40489,79623.8,79623.9,5.955,0.3012
1788591028220,1788591028175188,79648.7,79648.8,0.0002,0.14658,6031.27,3346898.44,7906105.19,863534.86,4842553.69,8378406.37,79666.1,79666.11,4.55479,2.40489,79623.8,79623.9,5.955,0.3012
1788591028468,1788591028361709,79648.7,79648.8,0.0002,0.14658,6031.27,3346897.57,7906104.32,863534.86,4842552.81,8378405.49,79666.1,79666.11,4.55479,2.40471,79623.8,79623.9,5.955,0.3012
1788591028730,1788591028529066,79648.7,79648.8,0.0002,0.14658,6031.27,3352199.56,7911406.31,860514.16,4842211.12,8378063.8,79666.1,79666.11,4.55479,2.40463,79623.8,79623.9,5.9682,0.3012
1788591028975,1788591028920072,79648.7,79648.8,0.0002,0.14658,6031.27,3320349.04,7879555.79,828653.72,4810350.68,8346203.36,79666.1,79666.11,4.55479,2.40463,79623.8,79623.9,5.9793,0.3479
1788591029219,1788591029099615,79648.7,79648.8,0.0102,0.14658,6827.76,3352995.73,7912202.47,860513.88,4842210.84,8378063.52,79666.1,79666.11,4.55479,2.41166,79623.8,79623.9,5.9793,0.3466
1788591029478,1788591029367184,79648.7,79648.8,0.0102,0.14658,6827.76,3352995.73,7912202.47,860757.73,4842454.68,8378307.36,79666.1,79666.11,4.53993,2.4093,79623.8,79623.9,5.9793,0.3479
1788591029724,1788591029681021,79648.7,79648.8,0.0002,0.14658,6031.27,3352199.24,7911405.99,860623.9,4842320.86,8378173.54,79666.1,79666.11,4.53993,2.4093,79623.8,79623.9,5.8749,0.3479
1788591029969,1788591029681021,79648.7,79648.8,0.0002,0.14658,6031.27,3352199.24,7911405.99,860623.9,4842320.86,8378173.54,79666.1,79666.11,4.53993,2.4093,79623.8,79623.9,5.9741,0.5336
1788591030230,1788591029681021,79648.7,79648.8,0.0002,0.14658,6031.27,3352199.24,7911405.99,860623.9,4842320.86,8378173.54,79666.1,79666.11,4.53993,2.4093,79623.8,79623.9,5.9741,0.5336
1788591030475,1788591030198571,79648.7,79648.8,0.0002,0.14658,6031.27,3335492.66,7894699.41,860623.9,4825614.56,8361467.24,79666.1,79666.11,4.53993,2.38921,79623.8,79623.9,5.9741,0.3466
1788591030722,1788591030641394,79648.7,79648.8,0.0002,0.1585,6827.75,3336289.14,7895495.88,807288.93,4772279.59,8308132.27,79666.1,79666.11,4.53993,2.38921,79623.8,79623.9,5.8749,0.3012
1788591030970,1788591030940335,79648.7,79648.8,0.0002,0.01255,6731.33,3336192.72,7895399.47,755395.49,4719385.6,8255238.28,79666.1,79666.11,4.54243,2.10911,79623.8,79623.9,5.9392,0.0101
1788591031229,1788591031178589,79648.7,79648.8,0.00034,0.01255,6042.42,3335503.82,7894710.56,840922.51,4819614.59,8355467.27,79666.1,79666.11,4.53934,2.37657,79623.8,79623.9,6.0399,0.2801
1788591031475,1788591031447937,79648.7,79648.8,0.00034,0.01255,6042.42,3335503.82,7894710.56,838117.04,4816809.12,8352661.8,79666.1,79666.11,4.53941,2.37657,79623.8,79623.9,5.9392,0.2814
1788591031723,1788591031652435,79648.7,79648.8,0.00034,0.01255,6042.42,3335503.82,7894710.56,839107.15,4817799.23,8353651.91,79666.1,79666.11,4.44042,2.37657,79623.8,79623.9,5.9392,0.2789
1788591031967,1788591031781255,79648.7,79648.8,0.0002,0.01255,6031.27,3335492.66,7894699.41,839107.15,4817799.23,8353651.91,79666.1,79666.11,4.51271,2.376,79623.8,79623.9,5.9392,0.2776
1788591032228,1788591031781255,79648.7,79648.8,0.0002,0.01255,6031.27,3335492.66,7894699.41,839107.15,4817799.23,8353651.91,79666.1,79666.11,4.51271,2.37597,79623.8,79623.9,5.9392,0.2776
1788591032473,1788591032336526,79648.7,79648.8,0.0002,0.01255,6031.27,3350233.51,7909440.26,839107.15,4832539.82,8368392.5,79666.1,79666.11,4.51271,2.37597,79623.8,79623.9,5.9392,0.3243
1788591032719,1788591032670735,79648.7,79648.8,0.0002,0.01255,6031.27,3335969.29,7895176.04,839107.15,4832539.82,8368392.5,79666.1,79666.11,4.49211,2.37597,79623.8,79623.9,5.9392,0.3243
1788591032981,1788591032943044,79648.7,79648.8,0.0002,0.01255,6031.27,3335969.33,7895176.08,839107.15,4832539.82,8368392.5,79666.1,79666.11,4.49211,2.35597,79623.8,79623.9,6.0663,0.512
1788591033227,1788591033151763,79648.7,79648.8,0.0002,0.69216,6031.27,3351697.16,7910903.9,840304.52,4831058.18,8366910.85,79666.1,79666.11,4.49086,2.35576,79623.8,79623.9,6.0663,0.5286
1788591033474,1788591033425024,79648.7,79648.8,0.0002,0.69216,6031.27,3351697.16,7910903.9,840304.52,4831058.18,8366910.85,79666.1,79666.11,4.49086,2.35542,79623.8,79623.9,5.8749,0.3257
1788591033720,1788591033540104,79648.7,79648.8,0.0002,0.69216,6031.27,3349090.76,7908297.5,779785.2,4773225.83,8309078.51,79666.1,79666.11,4.49086,2.35542,79623.8,79623.9,6.0005,0.5153
1788591033979,1788591033932072,79648.7,79648.8,0.0002,0.69216,6031.27,3319869.22,7879075.96,747925.04,4738678.69,8274531.37,79666.1,79666.11,4.49086,2.35542,79623.8,79623.9,6.0005,0.5153
1788591034226,1788591034193056,79648.7,79648.8,0.0002,0.69216,6031.27,3351718.74,7910925.48,779785.0,4770538.65,8306391.33,79666.1,79666.11,4.49086,2.35222,79623.8,79623.9,6.0005,0.5095
1788591034471,1788591034409300,79648.7,79648.8,0.0002,0.69216,6827.75,3349886.51,7909093.26,835366.71,4828825.66,8364678.34,79666.1,79666.11,4.49086,2.35097,79623.8,79623.9,5.8749,0.3238
1788591034730,1788591034691554,79648.7,79649.0,0.0102,1.67527,6827.76,3349886.52,7909093.27,702128.96,4696088.36,8231440.59,79666.1,79666.11,4.49086,2.35097,79623.8,79623.9,5.8749,0.3238
1788591034974,1788591034886890,79648.7,79649.0,0.0002,1.67527,6031.27,3351768.11,7910974.85,812990.56,4804244.66,8339596.89,79666.1,79666.11,4.49052,2.35097,79623.8,79623.9,5.963,0.5153
1788591035218,1788591035090339,79648.7,79649.0,0.0002,1.67527,6031.27,3319918.59,7879125.33,670269.0,4661523.1,8196875.33,79666.1,79666.11,4.49052,2.35061,79623.8,79623.9,5.8749,0.3238
1788591035479,1788591035415021,79648.7,79649.0,0.0002,1.67527,6031.27,3349090.76,7908297.5,759976.64,4753953.56,8289305.8,79666.1,79666.11,4.49052,2.35046,79623.8,79623.9,5.963,0.5095
1788591035725,1788591035415021,79648.7,79649.0,0.0002,1.67527,6031.27,3349090.76,7908297.5,759976.64,4753953.56,8289305.8,79666.1,79666.11,4.49052,2.35046,79623.8,79623.9,5.963,0.5196
1788591035970,1788591035909557,79648.7,79649.0,0.0002,1.67527,6031.27,3351686.81,7910893.55,759976.64,4751230.74,8286582.97,79666.1,79666.11,4.49052,2.35046,79623.8,79623.9,5.963,0.5095
1788591036228,1788591035993349,79648.7,79649.0,0.00034,1.67527,6042.42,3351697.96,7910904.7,759976.64,4751230.74,8286582.97,79666.1,79666.11,4.49052,2.35012,79623.8,79623.9,5.963,0.5095
1788591036474,1788591036409900,79648.7,79649.0,0.00034,1.67527,6042.42,3347509.17,7906715.91,758383.56,4752312.69,8287664.92,79666.1,79666.11,4.48262,2.35012,79623.8,79623.9,5.9603,0.5196
1788591036720,1788591036680165,79648.7,79649.0,0.00034,1.68782,6042.42,3349101.92,7908308.67,760976.23,4754905.36,8290257.59,79666.1,79666.11,4.48262,2.32999,79623.8,79623.9,5.9603,0.5183
1788591036966,1788591036889830,79648.7,79649.0,0.0002,1.68782,6731.33,3352445.83,7911652.57,760976.23,4752230.33,8287582.56,79666.1,79666.11,4.48262,2.32964,79623.8,79623.9,5.9565,0.5144
1788591037226,1788591037168092,79648.7,79649.0,0.0002,1.68782,6031.27,3351745.77,7910952.52,760976.29,4752230.39,8287582.63,79666.1,79666.11,4.48262,2.32964,79623.8,79623.9,5.8729,0.3287
1788591037469,1788591037436484,79648.7,79649.0,0.0002,1.68782,6031.27,3351745.77,7910952.52,703128.82,4697034.84,8232387.07,79666.1,79666.11,4.48262,2.32955,79623.8,79623.9,5.8726,0.3287
1788591037730,1788591037436484,79648.7,79649.0,0.0002,1.68782,6031.27,3351745.77,7910952.52,703128.82,4697034.84,8232387.07,79666.1,79666.11,4.48228,2.32955,79623.8,79623.9,5.955,0.5215
1788591037975,1788591037436484,79648.7,79649.0,0.0002,1.68782,6031.27,3351745.77,7910952.52,703128.82,4697034.84,8232387.07,79666.1,79666.11,4.48228,2.32955,79623.8,79623.9,5.955,0.5215
1788591038219,1788591038195591,79648.7,79649.0,0.0002,1.68782,6827.74,3352542.24,7911748.99,677169.21,4671075.24,8206427.47,79666.1,79666.11,4.48228,2.32955,79623.8,79623.9,5.159,0.3261
1788591038470,1788591038443317,79648.7,79649.0,0.0002,1.68782,6031.27,3351745.77,7910952.52,702187.35,4696093.37,8231445.6,79666.1,79666.11,4.49481,2.32955,79623.8,79623.9,5.1571,0.5176
1788591038727,1788591038618772,79648.7,79648.8,0.0002,0.77314,6031.27,3346455.69,7905662.43,876831.71,4870237.4,8406090.08,79666.1,79666.11,4.49464,2.3297,79623.8,79623.9,5.567,1.35
1788591038969,1788591038915275,79648.7,79648.8,0.0002,0.77314,6031.27,3314605.45,7873812.19,844940.49,4838346.18,8374198.86,79666.1,79666.11,4.49464,2.36966,79623.8,79623.9,5.567,1.35
1788591039232,1788591039118959,79648.7,79648.8,0.0002,0.08474,3585.49,3346512.34,7905719.09,822272.4,4815678.08,8351530.76,79666.1,79666.11,4.49464,2.36932,79623.8,79623.9,5.567,1.3513
1788591039478,1788591039326211,79648.9,79649.0,0.0002,1.68782,3118.0,3346544.2,7746462.16,757290.13,4751196.26,8286548.49,79666.1,79666.11,4.49464,2.36932,79623.8,79623.9,5.567,1.3214
1788591039723,1788591039326211,79648.9,79649.0,0.0002,1.68782,3118.0,3346544.2,7746462.16,757290.13,4751196.26,8286548.49,79666.1,79666.11,4.49464,2.66962,79623.8,79623.9,5.567,1.3301
1788591039968,1788591039869940,79648.9,79649.0,0.0002,1.68782,3118.0,3346544.2,7746462.16,757290.13,4751196.26,8286548.49,79666.1,79666.11,4.49443,2.66962,79623.8,79623.9,5.567,1.2797
1788591040229,1788591040145381,79648.9,79649.0,0.0002,1.68782,3118.0,3346544.04,7746462.0,808914.04,4802820.17,8338172.41,79666.1,79666.11,4.49434,2.64962,79623.8,79623.9,5.1571,0.6843
1788591040472,1788591040428302,79648.9,79649.0,0.0002,1.68782,3118.0,3346544.04,7746462.0,808903.69,4785810.41,8321162.64,79666.1,79666.11,4.49232,2.64962,79623.8,79623.9,5.146,0.6901
1788591040729,1788591040664996,79648.6,79649.0,0.00018,1.6872,3567.97,3346494.66,7906701.59,808854.31,4785761.02,8321113.26,79666.1,79666.11,4.49198,2.64926,79623.8,79623.9,5.146,0.6901
1788591040975,1788591040664996,79648.6,79649.0,0.00018,1.6872,3567.97,3346494.66,7906701.59,808854.31,4785761.02,8321113.26,79666.1,79666.11,4.49198,2.64926,79623.8,79623.9,5.146,0.6901
1788591041221,1788591041133424,79648.6,79649.0,0.00018,1.68734,3567.97,3314644.42,7874851.35,777005.3,4753912.01,8289264.25,79666.1,79666.11,4.49198,2.64918,79623.8,79623.9,5.146,0.6899
1788591041481,1788591041432282,79648.6,79649.0,0.00018,1.68734,5064.49,3350621.77,7910828.7,808865.74,4785831.39,8321183.63,79666.1,79666.11,4.48878,2.64918,79623.8,79623.9,5.3175,0.9499
1788591041725,1788591041627830,79648.6,79649.0,0.00018,1.68734,4268.02,3349825.3,7910032.23,808865.74,4785831.39,8321183.63,79666.1,79666.11,4.48878,2.64884,79623.8,79623.9,5.3175,0.934
1788591041971,1788591041933289,79648.6,79649.0,0.00018,1.6872,4268.02,3349825.3,7910032.23,809651.1,4800793.0,8336145.23,79666.1,79666.11,4.48866,2.64884,79623.8,79623.9,5.3175,0.9499
1788591042229,1788591042056870,79648.6,79649.0,0.00018,1.6872,4268.02,3349825.3,7910032.23,784643.38,4775785.28,8311137.51,79666.1,79666.11,4.48866,2.64884,79623.8,79623.9,5.3175,0.8612
1788591042471,1788591042441215,79648.6,79649.0,0.00018,1.6872,4268.02,3349825.62,7910032.55,784643.71,4775785.61,8311137.84,79666.1,79666.11,4.48846,2.62884,79623.8,79623.9,5.3286,0.8494
1788591042730,1788591042652411,79648.6,79649.0,0.00018,1.6872,4268.03,3349825.63,7910032.56,783943.54,4775085.44,8310437.67,79666.1,79666.11,4.48846,2.62884,79623.8,79623.9,5.3286,0.8494
1788591042974,1788591042793957,79648.6,79649.0,0.00018,1.6872,4268.03,3349825.63,7910032.56,784643.71,4775785.61,8311137.84,79666.1,79666.11,4.48846,2.62767,79623.8,79623.9,5.3286,0.8436
1788591043219,1788591043197263,79648.6,79649.0,0.00018,1.6872,4268.02,3349825.62,7910032.55,784643.71,4768766.23,8304118.47,79666.1,79666.11,4.48812,2.62767,79623.8,79623.9,5.3286,0.8494
1788591043479,1788591043197263,79648.6,79649.0,0.00018,1.6872,4268.02,3349825.62,7910032.55,784643.71,4768766.23,8304118.47,79666.1,79666.11,4.48832,2.62718,79623.8,79623.9,5.3286,0.8494
1788591043723,1788591043673692,79648.6,79649.0,0.00018,1.6872,4268.02,3349825.62,7910032.55,784643.7,4768766.23,8304118.46,79666.1,79666.11,4.48832,2.62387,79623.8,79623.9,5.3286,0.8494
1788591043970,1788591043886544,79648.6,79649.0,0.00018,1.6872,4268.02,3349825.62,7910032.55,783847.2,4767969.72,8303321.96,79666.1,79666.11,4.48832,2.62387,79623.8,79623.9,5.3286,0.8494
1788591044231,1788591044074009,79648.6,79649.0,0.00018,1.6872,4268.02,3349825.62,7910032.55,783847.2,4765258.86,8300611.09,79666.1,79666.11,4.48832,2.62387,79623.8,79623.9,5.3286,0.8494
1788591044475,1788591044074009,79648.6,79649.0,0.00018,1.6872,4268.02,3349825.62,7910032.55,783847.2,4765258.86,8300611.09,79666.1,79666.11,4.48832,2.62345,79623.8,79623.9,5.3286,0.8494
1788591044721,1788591044684306,79648.6,79649.0,0.00018,1.6872,4268.02,3349825.62,7910032.55,784643.7,4773074.78,8308427.01,79666.1,79666.11,4.48832,2.62311,79623.8,79623.9,5.3286,0.8494
1788591044968,1788591044867567,79648.6,79648.9,0.00018,0.60423,4268.02,3349825.62,7910032.55,777771.61,4765702.25,8301554.93,79666.1,79666.11,4.48832,2.62311,79623.8,79623.9,5.3286,0.8494
1788591045228,1788591045107260,79648.6,79648.9,0.00018,0.60423,4268.02,3349824.74,7910031.67,777771.61,4765702.25,8301554.93,79666.1,79666.11,4.49612,2.60311,79623.8,79623.9,5.1571,0.6367
1788591045473,1788591045326030,79648.6,79648.9,0.00018,0.60423,4268.02,3349824.74,7910031.67,777781.97,4765712.6,8301565.28,79666.1,79666.11,4.49281,2.60297,79623.8,79623.9,5.1571,0.6367
1788591045730,1788591045654242,79648.6,79648.9,0.00018,0.60423,4268.02,3349824.74,7910031.67,778578.46,4766509.1,8302361.78,79666.1,79666.11,4.49247,2.60304,79623.8,79623.9,5.2841,0.8559
1788591045974,1788591045654242,79648.6,79648.9,0.00018,0.60423,4268.02,3349824.74,7910031.67,778578.46,4766509.1,8302361.78,79666.1,79666.11,4.49247,2.60304,79623.8,79623.9,5.2841,0.8544
1788591046221,1788591046193212,79648.6,79648.9,0.00018,0.60423,4268.02,3350824.94,7911031.87,726954.39,4714885.02,8250737.7,79666.1,79666.11,4.49247,2.60304,79623.8,79623.9,5.2841,0.6304
1788591046473,1788591046379124,79648.6,79648.9,0.00018,0.60423,4268.02,3349824.74,7910031.67,725157.42,4713088.06,8248940.74,79666.1,79666.11,4.49247,2.60304,79623.8,79623.9,5.2841,0.6567
1788591046730,1788591046662735,79648.6,79648.9,0.00018,0.60423,4268.02,3349824.74,7910031.67,784835.86,4772766.49,8308619.17,79666.1,79666.11,4.49216,2.60304,79623.8,79623.9,5.2841,0.6466
1788591046975,1788591046836043,79648.6,79649.0,0.00018,1.6872,4268.02,3349824.74,7910031.67,789521.4,4777952.48,8313304.71,79666.1,79666.11,4.49216,2.6027,79623.8,79623.9,5.2841,0.6466
1788591047219,1788591047168478,79648.6,79649.0,0.00018,1.6872,4268.02,3318071.14,7878278.07,757650.28,4734649.44,8270001.68,79666.1,79666.11,4.49203,2.70983,79623.8,79623.9,5.2841,0.6451
1788591047480,1788591047412800,79648.6,79649.0,0.00018,1.6872,4268.04,3351003.36,7911210.29,728513.02,4705512.18,8240864.42,79666.1,79666.11,4.4915,2.70637,79623.8,79623.9,5.1571,0.4594
1788591047724,1788591047642442,79648.6,79649.0,0.00018,1.6872,4268.03,3352596.09,7912803.02,788252.23,4765251.39,8300603.62,79666.1,79666.11,4.489,2.66292,79623.8,79623.9,5.1571,0.4594
1788591047968,1788591047852307,79648.6,79649.0,0.00018,1.6872,4268.03,3352596.09,7912803.02,735255.61,4712254.77,8247607.0,79666.1,79666.11,4.48866,2.66277,79623.8,79623.9,5.1571,0.4594
1788591048230,1788591048170861,79648.6,79649.0,0.00018,1.6872,4268.03,3352596.09,7912803.02,735265.96,4712265.13,8247617.36,79666.1,79666.11,4.48866,2.80254,79623.8,79623.9,5.1571,0.4594
1788591048474,1788591048359731,79648.6,79649.0,0.00018,1.6872,4268.03,3352596.09,7912803.02,703404.12,4680403.29,8215755.52,79666.1,79666.11,4.48866,2.80254,79623.8,79623.9,5.1571,0.4604
1788591048720,1788591048564200,79648.6,79649.0,0.00018,1.6872,4268.03,3352596.09,7912803.02,733768.26,4710767.42,8246119.65,79666.1,79666.11,4.48866,2.79097,79623.8,79623.9,5.1571,0.4692
1788591048979,1788591048755539,79648.6,79649.0,0.00018,1.6872,4268.03,3352596.09,7912803.02,789250.9,4766250.06,8301602.3,79666.1,79666.11,4.48535,2.79097,79623.8,79623.9,5.1571,0.4692
1788591049224,1788591048755539,79648.6,79649.0,0.00018,1.6872,4268.03,3352596.09,7912803.02,789250.9,4766250.06,8301602.3,79666.1,79666.11,4.48535,2.79303,79623.8,79623.9,5.1571,0.4591
1788591049472,1788591049335700,79648.6,79649.0,0.00018,1.6872,4268.03,3352596.09,7912803.02,789240.55,4766239.71,8301591.94,79666.1,79666.11,4.48535,2.79267,79623.8,79623.9,5.1571,0.4604
1788591049729,1788591049335700,79648.6,79649.0,0.00018,1.6872,4268.03,3352596.09,7912803.02,789240.55,4766239.71,8301591.94,79666.1,79666.11,4.48535,2.79267,79623.8,79623.9,5.1571,0.4604
1788591049973,1788591049739657,79648.6,79649.0,0.00018,1.6872,4268.03,3349921.98,7910128.91,790037.04,4767036.2,8302388.44,79666.1,79666.11,4.48535,2.79267,79623.8,79623.9,5.3479,0.8696
1788591050218,1788591050096079,79648.6,79649.0,0.00018,1.6872,4268.03,3349921.98,7910128.91,789240.55,4766239.71,8301591.94,79666.1,79666.11,4.48535,2.79267,79623.8,79623.9,5.3479,0.8797
1788591050478,1788591050441297,79648.6,79649.0,0.00014,1.6872,4264.84,3352577.78,7912784.71,734468.43,4711467.59,8246819.82,79666.1,79666.11,4.48535,2.83178,79623.8,79623.9,5.1439,0.6549
1788591050719,1788591050643134,79648.6,79649.0,0.00014,1.6872,4264.84,3352577.78,7912784.71,734478.78,4711477.95,8246830.18,79666.1,79666.11,4.48521,2.83178,79623.8,79623.9,5.1571,0.6549
1788591050980,1788591050762285,79648.6,79649.0,0.00014,1.68734,4264.84,3352577.78,7912784.71,790303.39,4781504.3,8316856.53,79666.1,79666.11,4.48521,2.82847,79623.8,79623.9,5.1571,0.6448
1788591051225,1788591051158230,79648.6,79649.0,0.00014,1.68733,4264.84,3352577.78,7912784.71,676343.0,4667543.92,8202896.15,79666.1,79666.11,4.48521,2.82833,79623.8,79623.9,5.1571,0.6448
1788591051471,1788591051350165,79648.6,79649.0,0.00014,1.68733,4264.84,3352577.78,7912784.71,677043.17,4668244.09,8203596.32,79666.1,79666.11,4.4841,2.82833,79623.8,79623.9,5.3047,0.8518
1788591051717,1788591051626376,79648.6,79648.9,0.00014,0.65559,4264.84,3320726.94,7880933.87,697388.25,4688088.72,8223941.39,79666.1,79666.11,4.4841,2.82833,79623.8,79623.9,5.3047,0.8518
1788591051974,1788591051821160,79648.7,79648.8,0.0002,0.67543,4280.77,3352593.55,7911800.3,730829.05,4721529.52,8257382.2,79666.1,79666.11,4.4841,2.82833,79623.8,79623.9,5.3047,0.8518
1788591052220,1788591051821160,79648.7,79648.8,0.0002,0.67543,4280.77,3352593.55,7911800.3,730829.05,4721529.52,8257382.2,79666.1,79666.11,4.4841,2.82833,79623.8,79623.9,5.3047,0.8521
1788591052479,1788591052362248,79648.7,79648.8,0.0002,0.67543,3580.71,3344874.16,7904080.91,780710.6,4771411.07,8307263.74,79666.1,79666.11,4.4841,3.03571,79623.8,79623.9,5.335,0.8518
1788591052725,1788591052676110,79648.7,79648.8,0.0002,0.67543,3580.71,3344874.16,7904080.91,780865.09,4771565.57,8307418.24,79666.1,79666.11,4.4841,3.01553,79623.8,79623.9,5.335,0.8619
1788591052969,1788591052845113,79648.7,79648.8,0.0002,0.67543,3580.71,3344873.56,7904080.31,780865.09,4771565.57,8307418.24,79666.1,79666.11,4.48403,3.01553,79623.8,79623.9,5.335,0.8619
1788591053229,1788591053111580,79648.7,79648.8,0.0002,0.67543,3580.71,3344873.56,7904080.31,730983.55,4721684.02,8257536.7,79666.1,79666.11,4.48403,3.01553,79623.8,79623.9,5.335,0.8619
1788591053475,1788591053242117,79648.7,79648.8,0.0002,0.67543,3580.71,3344873.56,7904080.31,730983.53,4721684.0,8257536.68,79666.1,79666.11,4.48403,3.01523,79623.8,79623.9,5.335,0.8505
1788591053721,1788591053495639,79648.7,79648.8,0.0002,0.67543,4280.77,3345573.62,7904780.37,730983.54,4721684.01,8257536.69,79666.1,79666.11,4.48403,3.01523,79623.8,79623.9,5.335,0.96
1788591053967,1788591053840134,79648.5,79648.6,5e-05,0.72429,4231.38,3313674.16,7873881.09,788672.22,3797776.92,8315225.37,79666.1,79666.11,4.48072,3.01523,79623.8,79623.9,5.3239,0.9613
1788591054229,1788591054007910,79648.5,79648.6,5e-05,0.72429,3531.33,3219824.36,7780031.29,848040.87,3763400.57,8280849.02,79666.1,79666.11,4.48072,3.00523,79623.8,79623.9,5.3239,0.96
1788591054476,1788591054340430,79648.5,79648.6,5e-05,0.72429,3531.33,3219824.36,7780031.29,788672.22,3704031.92,8221480.37,79666.1,79666.11,4.48072,3.00203,79623.8,79623.9,5.4634,0.96
1788591054720,1788591054588748,79648.5,79648.6,5e-05,0.72429,3531.33,3287178.3,7847385.22,788672.22,3820657.28,8338105.73,79666.1,79666.11,4.48072,3.00193,79623.8,79623.9,5.4634,0.96
1788591054980,1788591054908841,79648.8,79648.9,0.0002,0.74575,3547.26,3287194.22,7846400.97,819090.95,4830324.06,8366176.73,79666.1,79666.11,4.48072,3.00193,79623.8,79623.9,5.4634,0.9499
1788591055224,1788591055088121,79648.8,79648.9,0.0002,0.71662,5043.8,3288690.77,7847897.52,840954.63,4854508.35,8390361.03,79666.1,79666.11,4.48065,3.00193,79623.8,79623.9,5.4634,0.96
1788591055470,1788591055404383,79648.8,79648.9,0.0002,0.69804,4343.74,3287990.71,7847197.46,838386.73,4851940.46,8387793.13,79666.1,79666.11,4.48065,3.00193,79623.8,79623.9,5.4634,0.96
1788591055730,1788591055652937,79648.5,79648.6,5e-05,0.73725,5006.3,3288653.27,7848860.2,955845.51,3987803.46,8505251.91,79666.1,79666.11,4.48065,3.00193,79623.8,79623.9,5.4745,0.9613
1788591055973,1788591055916057,79648.4,79648.5,0.0002,0.72931,4201.11,3287847.08,7848054.01,981453.26,4013411.22,8530859.67,79666.1,79666.11,4.48056,2.99993,79623.8,79623.9,5.4613,0.96
1788591056217,1788591056096695,79648.4,79648.5,0.0002,0.72931,4997.59,3288643.56,7848850.48,980656.77,4012614.72,8530063.17,79666.1,79666.11,4.48056,3.00406,79623.8,79623.9,5.4608,0.9499
1788591056480,1788591056096695,79648.4,79648.5,0.0002,0.72931,4997.59,3288643.56,7848850.48,980656.77,4012614.72,8530063.17,79666.1,79666.11,4.48056,3.00406,79623.8,79623.9,5.4608,0.9613
1788591056725,1788591056684089,79648.4,79648.5,0.0002,0.72931,3704.95,3287351.92,7847558.84,980614.22,4012573.15,8530021.6,79666.1,79666.11,3.87401,2.96808,79623.8,79623.9,5.4608,0.9613
1788591056969,1788591056684089,79648.4,79648.5,0.0002,0.72931,3704.95,3287351.92,7847558.84,980614.22,4012573.15,8530021.6,79666.1,79666.11,3.87401,2.96667,79623.8,79623.9,5.4608,0.9613
1788591057227,1788591057028925,79648.4,79648.5,0.0102,0.72931,4501.43,3288148.4,7848355.33,980614.22,4012573.15,8530021.6,79666.1,79666.11,3.87401,2.96667,79623.8,79623.9,5.4608,0.9499
1788591057470,1788591057199941,79648.4,79648.5,0.0102,0.77931,4501.43,3288148.4,7848355.33,984596.64,4016555.57,8534004.02,79666.1,79666.11,3.87401,2.96667,79623.8,79623.9,5.5111,0.9613
1788591057731,1788591057695113,79648.4,79648.5,0.0002,0.72931,3704.95,3287351.92,7847558.84,980614.5,4012573.43,8530021.88,79666.1,79666.11,3.89937,2.93379,79623.8,79623.9,5.5111,0.96
1788591057974,1788591057944243,79641.3,79648.3,0.00124,0.69773,447778.1,3708960.03,7939237.38,1097340.4,4122946.96,8640395.41,79666.1,79666.11,3.89912,3.10178,79623.8,79623.9,5.3716,0.96
1788591058217,1788591058155299,79647.9,79648.3,0.0002,0.02913,11298.71,3227157.41,7787364.34,927843.74,3953111.85,8470560.3,79666.1,79666.11,3.89912,3.10169,79623.8,79623.9,5.3716,1.3999
1788591058476,1788591058426230,79647.1,79648.0,0.01,0.05,9643.75,3229399.35,7796612.78,795370.74,3522572.82,8346059.44,79666.1,79666.11,3.89912,3.10169,79623.8,79623.9,5.3716,1.41
1788591058723,1788591058644638,79646.8,79648.0,0.00021,0.05,8864.01,3233396.02,7795833.03,795370.72,3522572.81,8346059.42,79666.1,79666.11,3.89912,3.10169,79623.8,79623.9,5.3716,1.41
1788591058970,1788591058933824,79647.1,79647.2,0.01,0.7187,9636.58,3196541.74,7763755.17,827121.68,3389688.93,8219802.6,79666.1,79666.11,3.46419,3.17448,79623.8,79623.9,5.3155,1.4807
1788591059231,1788591059168314,79646.9,79647.9,0.00019,0.04459,8750.13,3274124.45,7841337.88,802270.52,3529472.61,8161232.68,79666.1,79666.11,3.53897,3.17448,79623.8,79623.9,5.1959,1.3904
1788591059474,1788591059396018,79647.5,79647.9,0.0002,0.04459,6440.55,3272913.1,7840126.53,752477.15,3479679.24,8111439.31,79666.1,79666.11,3.53904,3.16818,79623.8,79623.9,5.1935,1.379
1788591059717,1788591059642563,79646.9,79648.3,0.00019,0.02913,8336.04,3273710.36,7840923.79,808886.94,3838144.39,8355592.84,79666.1,79666.11,3.54604,3.1681,79623.8,79623.9,5.1935,1.3891
1788591059977,1788591059905791,79646.9,79648.3,0.00019,0.02913,7371.53,3272745.85,7839959.28,813061.57,3842319.01,8359767.46,79666.1,79666.11,3.54611,3.1681,79623.8,79623.9,5.3102,1.378
1788591060222,1788591060194622,79646.9,79648.4,0.00019,0.02947,8903.07,3274277.4,7841490.83,803617.48,3832874.92,8350323.38,79666.1,79666.11,3.54611,3.1681,79623.8,79623.9,5.3102,1.3894
1788591060471,1788591060422945,79648.2,79648.4,0.0002,0.02947,5283.44,3269004.16,7829211.08,804757.62,3834015.06,8351463.52,79666.1,79666.11,3.54611,3.1681,79623.8,79623.9,5.3102,1.3886
1788591060729,1788591060632745,79648.2,79648.4,0.00019,0.02946,5282.64,3261984.09,7822191.01,800774.4,3823012.42,8340460.87,79666.1,79666.11,3.54182,3.16774,79623.8,79623.9,5.3102,1.3886
1788591060974,1788591060936088,79647.3,79647.9,0.00018,0.64108,6386.39,3263740.67,7830954.1,891478.63,3611661.3,8243421.38,79666.1,79666.11,3.53604,3.16774,79623.8,79623.9,5.2528,1.4671
1788591061221,1788591061184650,79647.7,79647.8,0.0002,0.00071,3836.33,3260537.77,7820744.7,803497.84,3536606.26,8168270.66,79666.1,79666.11,3.53604,3.16774,79623.8,79623.9,5.2528,1.4564
1788591061481,1788591061371071,79647.7,79647.8,0.0002,0.00071,3836.33,3260537.77,7820744.7,803497.84,3536606.26,8168270.66,79666.1,79666.11,3.56604,3.16774,79623.8,79623.9,5.2528,1.4545
1788591061727,1788591061371071,79647.7,79647.8,0.0002,0.00071,3836.33,3260537.77,7820744.7,803497.84,3536606.26,8168270.66,79666.1,79666.11,3.56604,3.16774,79623.8,79623.9,5.2528,1.386
1788591061973,1788591061903843,79647.7,79647.8,0.0002,0.00071,3836.33,3260537.77,7820744.7,804294.32,3537402.74,8169067.14,79666.1,79666.11,3.56794,3.16774,79623.8,79623.9,5.2528,1.4545
1788591062218,1788591062105128,79647.7,79647.8,0.0002,0.00071,3836.33,3260537.77,7820744.7,804294.61,3537403.03,8169067.43,79666.1,79666.11,3.56801,3.16774,79623.8,79623.9,5.2528,1.4545
1788591062478,1788591062377158,79647.7,79647.8,0.0002,0.61154,5109.0,3155530.69,7501403.14,844264.16,3472024.34,7895165.33,79666.1,79666.11,3.56801,3.16748,79623.8,79623.9,5.2528,1.3759
1788591062723,1788591062495496,79647.7,79647.8,0.00179,0.00071,4227.39,3154649.08,7500521.53,736503.48,3364263.67,7787404.65,79666.1,79666.11,3.56801,3.14748,79623.8,79623.9,5.2528,1.386
1788591062981,1788591062912778,79648.3,79648.4,0.0002,0.02917,3903.24,3154324.93,7808519.02,812370.38,3834257.52,8350959.25,79666.1,79666.11,3.56801,3.14748,79623.8,79623.9,5.2528,1.3759
1788591063227,1788591063176303,79648.3,79648.4,0.0002,0.07362,5271.5,3155693.2,7809887.29,708782.89,3727019.1,8243720.84,79666.1,79666.11,3.56801,3.12748,79623.8,79623.9,5.2528,1.386
1788591063473,1788591063386974,79648.3,79648.4,0.0002,0.1316,5271.5,3155693.2,7809887.29,713411.32,3731647.54,8248349.27,79666.1,79666.11,3.56787,3.12748,79623.8,79623.9,5.2528,1.3759
1788591063718,1788591063667853,79648.3,79648.4,0.0002,0.0816,5271.5,3155693.2,7809887.29,710235.74,3728471.96,8245173.69,79666.1,79666.11,3.56007,3.10238,79623.8,79623.9,5.2528,1.386
1788591063979,1788591063915569,79648.3,79648.4,0.0002,0.0816,5252.39,3155673.6,7809867.69,709439.25,3727675.47,8244377.21,79666.1,79666.11,3.56007,3.10238,79623.8,79623.9,5.2528,1.3759
1788591064222,1788591064164104,79648.3,79648.4,0.00042,0.0816,5269.91,3155691.12,7809885.22,758218.14,3776454.36,8293156.09,79666.1,79666.11,3.56007,2.93132,79623.8,79623.9,5.3839,1.1902
1788591064481,1788591064430809,79648.3,79648.4,0.00042,0.0816,4101.55,3154522.77,7808716.86,816059.17,3834295.39,8350997.13,79666.1,79666.11,3.56007,2.93132,79623.8,79623.9,5.305,1.386
1788591064726,1788591064659053,79648.3,79648.4,0.00042,0.0784,3901.64,3160990.5,7815184.59,816707.73,3841611.52,8358313.26,79666.1,79666.11,3.56007,3.09989,79623.8,79623.9,5.3036,1.3772
1788591064971,1788591064836652,79646.9,79648.4,0.00016,0.0784,8961.2,3167454.39,7828654.98,817753.59,3842657.37,8359359.11,79666.1,79666.11,3.56007,3.09989,79623.8,79623.9,5.3036,1.3873
1788591065233,1788591065185907,79646.9,79648.8,0.00016,0.0526,9661.24,3168154.43,7829355.03,708175.75,4714779.66,8249885.63,79666.1,79666.11,3.56781,2.92224,79623.8,79623.9,5.3975,1.1767
1788591065479,1788591065381169,79648.6,79648.9,0.0002,0.12493,5159.21,3162248.06,7816442.15,823070.28,4826472.57,8361578.54,79666.1,79666.11,3.56781,2.92224,79623.8,79623.9,5.3975,1.1864
1788591065721,1788591065692503,79648.6,79648.7,0.0002,0.02913,5159.21,3162248.06,7816442.15,823882.69,4826555.83,8362390.95,79666.1,79666.11,3.56781,2.90224,79623.8,79623.9,5.3975,1.1864
1788591065981,1788591065926729,79648.6,79648.7,0.0002,0.02913,5159.21,3117246.64,7726453.21,823882.71,4826555.85,8362390.97,79666.1,79666.11,3.56781,3.07081,79623.8,79623.9,5.541,1.3822
1788591066227,1788591066196143,79648.6,79648.7,0.0002,0.08173,5159.21,3162247.89,7816443.05,822819.55,4825492.69,8361327.81,79666.1,79666.11,3.56574,3.11415,79623.8,79623.9,5.541,1.1877
1788591066472,1788591066377766,79648.6,79648.7,0.0002,0.13173,5159.21,3162247.89,7816443.05,827598.74,4830271.88,8366106.99,79666.1,79666.11,3.56574,3.11415,79623.8,79623.9,5.5359,1.1877
1788591066718,1788591066377766,79648.6,79648.7,0.0002,0.13173,5159.21,3162247.89,7816443.05,827598.74,4830271.88,8366106.99,79666.1,79666.11,3.56574,3.11415,79623.8,79623.9,5.5359,1.1877
1788591066977,1788591066902314,79648.6,79648.7,0.0002,0.13173,5159.21,3162247.89,7816443.05,827598.74,4830271.88,8366106.99,79666.1,79666.11,3.56574,3.11415,79623.8,79623.9,5.4235,1.3734
1788591067226,1788591067196517,79646.9,79648.6,0.00014,0.74268,7650.27,3166143.29,7827344.95,830463.34,3852269.86,8368971.6,79666.1,79666.11,3.56574,3.07022,79623.8,79623.9,5.4235,1.3734
1788591067470,1788591067415391,79648.4,79648.5,0.0002,0.02995,5146.46,3162235.15,7816430.3,831949.22,3853755.74,8370457.47,79666.1,79666.11,3.56574,3.07022,79623.8,79623.9,5.4235,1.3835
1788591067719,1788591067574472,79648.4,79648.5,0.0002,0.07995,5146.46,3162235.15,7816430.3,835135.12,3856941.64,8373643.38,79666.1,79666.11,3.56574,3.07003,79623.8,79623.9,5.28,1.3734
1788591067978,1788591067939284,79648.3,79648.4,0.0002,0.71082,6050.38,3163139.07,7817334.22,904394.79,3930391.54,8447093.28,79666.1,79666.11,3.56574,3.0197,79623.8,79623.9,5.28,1.3734
1788591068224,1788591068179277,79648.3,79648.4,0.0002,0.76082,5350.33,3162439.01,7816634.17,933481.17,3959477.92,8476179.66,79666.1,79666.11,3.56581,3.06376,79623.8,79623.9,5.28,1.3734
1788591068471,1788591068196727,79648.3,79648.4,0.0002,0.76082,5350.33,3162439.01,7816634.17,934181.32,3960178.07,8476879.81,79666.1,79666.11,3.56581,3.06376,79623.8,79623.9,5.4173,1.3835
1788591068729,1788591068589733,79648.3,79648.4,0.0002,0.71082,3865.01,3160953.69,7815148.84,930198.9,3956195.65,8472897.39,79666.1,79666.11,3.53508,3.04174,79623.8,79623.9,5.4284,1.3734
1788591068976,1788591068589733,79648.3,79648.4,0.0002,0.71082,3865.01,3160953.69,7815148.84,930198.9,3956195.65,8472897.39,79666.1,79666.11,3.53508,3.04174,79623.8,79623.9,5.4284,1.3734
1788591069220,1788591069151061,79648.3,79648.4,0.0002,0.76082,5179.88,3162268.57,7816463.72,934181.32,3960178.07,8476879.81,79666.1,79666.11,3.53408,2.99781,79623.8,79623.9,5.4284,1.3721
1788591069481,1788591069398234,79648.3,79648.4,0.0002,0.76082,5179.88,3162268.57,7816463.72,934181.32,3960178.07,8476879.81,79666.1,79666.11,3.53408,2.99781,79623.8,79623.9,5.4284,1.3734
1788591069726,1788591069623180,79647.4,79647.5,0.00039,0.60079,7657.47,3167497.99,7828699.64,960334.89,3497752.19,8327119.14,79666.1,79666.11,3.53401,2.99756,79623.8,79623.9,5.4284,1.3835
1788591069970,1788591069765626,79647.4,79647.5,0.00039,0.60079,7657.47,3167497.99,7828699.64,961130.9,3498548.2,8327915.15,79666.1,79666.11,3.53355,2.9971,79623.8,79623.9,5.4284,1.3835
1788591070218,1788591070108344,79647.4,79647.5,0.00039,0.61334,7657.47,3167497.99,7828699.64,962130.69,3499547.99,8328914.95,79666.1,79666.11,3.53362,3.04103,79623.8,79623.9,5.4284,1.3835
1788591070476,1788591070406413,79647.4,79647.5,0.00039,0.61334,7657.47,3167497.99,7828699.64,962130.68,3499547.98,8328914.93,79666.1,79666.11,3.53362,3.04103,79623.8,79623.9,5.4284,1.3835
1788591070720,1788591070406413,79647.4,79647.5,0.00039,0.61334,7657.47,3167497.99,7828699.64,962130.68,3499547.98,8328914.93,79666.1,79666.11,3.53362,3.04103,79623.8,79623.9,5.4284,1.3734
1788591070979,1788591070916316,79647.4,79647.5,0.00053,0.61334,7668.62,3167509.14,7828710.79,962286.81,3499704.11,8329071.06,79666.1,79666.11,3.53362,3.04103,79623.8,79623.9,5.4284,1.3734
1788591071224,1788591070982697,79647.4,79647.5,0.00053,0.61334,7668.62,3167509.14,7828710.79,962286.81,3499704.11,8329071.06,79666.1,79666.11,3.53362,2.9971,79623.8,79623.9,5.4284,1.367
1788591071471,1788591071255155,79647.4,79647.5,0.00053,0.61334,7668.62,3167509.14,7828710.79,962286.81,3499704.11,8329071.06,79666.1,79666.11,3.53362,2.9971,79623.8,79623.9,5.4284,1.3771
1788591071730,1788591071647929,79647.4,79647.5,0.00053,0.61334,7668.62,3167509.14,7828710.79,961523.73,3498941.03,8328307.99,79666.1,79666.11,3.45082,2.99555,79623.8,79623.9,5.4284,1.3784
1788591071976,1788591071724736,79647.4,79647.5,0.00039,0.61334,7657.47,3167497.99,7828699.64,961523.73,3498941.03,8328307.99,79666.1,79666.11,3.45082,2.99346,79623.8,79623.9,5.4284,1.3771
1788591072221,1788591072183311,79647.4,79647.5,0.00039,0.61334,7657.47,3167497.99,7828699.64,962320.24,3499737.54,8329104.49,79666.1,79666.11,3.45082,3.03688,79623.8,79623.9,5.4284,1.3771
1788591072469,1788591072318343,79647.4,79647.5,0.00039,0.61334,7657.47,3160830.35,7822032.01,962320.23,3493069.97,8322436.92,79666.1,79666.11,3.45082,3.28421,79623.8,79623.9,5.4284,1.3784
1788591072728,1788591072473550,79647.4,79647.5,0.00039,0.01255,6638.87,3159811.75,7821013.41,807837.07,3338586.8,8167953.75,79666.1,79666.11,3.45082,3.27421,79623.8,79623.9,5.4284,1.3784
1788591072972,1788591072937920,79647.4,79647.5,0.00039,0.01255,6638.87,3159812.23,7821013.89,807847.42,3338597.16,8167964.11,79666.1,79666.11,3.44831,3.27421,79623.8,79623.9,5.4284,1.3683
1788591073218,1788591073193232,79647.4,79647.5,0.00039,0.01255,6638.87,3159812.23,7821013.89,807050.91,3337800.65,8167167.6,79666.1,79666.11,3.44831,3.23028,79623.8,79623.9,5.4284,1.367
1788591073479,1788591073277269,79647.4,79647.5,0.00039,0.01255,6638.87,3159812.23,7821013.89,807847.43,3338597.16,8167964.12,79666.1,79666.11,3.44631,3.22992,79623.8,79623.9,5.4284,1.3784
1788591073729,1788591073610788,79647.2,79647.5,0.00017,0.01022,7331.71,3159507.6,7820709.26,802817.3,3333567.04,8162933.99,79666.1,79666.11,3.44631,3.22992,79623.8,79623.9,5.4284,1.3683
1788591073975,1788591073929263,79647.4,79647.5,0.0002,0.01022,7907.56,3129232.24,7790433.9,748372.56,3279122.29,8108489.24,79666.1,79666.11,3.44631,3.22992,79623.8,79623.9,5.4284,1.367
1788591074222,1788591074096235,79647.4,79647.5,0.0002,0.01022,7907.56,3161082.28,7822283.94,748372.56,3279122.29,8108489.24,79666.1,79666.11,3.44631,3.33392,79623.8,79623.9,5.3698,1.3784
1788591074468,1788591074378167,79647.4,79647.5,0.0002,0.01022,7907.56,3161082.28,7822283.94,748233.98,3278983.72,8108350.67,79666.1,79666.11,3.51898,3.33405,79623.8,79623.9,5.3587,1.367
1788591074729,1788591074650125,79647.4,79647.5,0.0002,0.01022,7907.56,3167749.88,7828951.54,748233.98,3285651.23,8115018.18,79666.1,79666.11,3.51898,3.33405,79623.8,79623.9,5.3587,1.3771
1788591074974,1788591074650125,79647.4,79647.5,0.0002,0.01022,7907.56,3167749.88,7828951.54,748233.98,3285651.23,8115018.18,79666.1,79666.11,3.51898,3.33205,79623.8,79623.9,5.3587,1.367
1788591075231,1788591075146917,79647.4,79647.5,0.0002,0.01022,7907.56,3167749.88,7828951.54,748233.98,3285651.23,8115018.18,79666.1,79666.11,3.51884,3.33205,79623.8,79623.9,5.3587,1.3784
1788591075477,1788591075365940,79647.4,79647.5,0.0002,0.6405,6364.1,3166206.42,7827408.07,799435.41,3336852.66,8166219.61,79666.1,79666.11,3.51884,3.33205,79623.8,79623.9,5.3587,1.3784
1788591075723,1788591075680451,79647.4,79647.5,0.0002,0.64046,6364.1,3166206.42,7827408.07,716966.88,3254394.48,8083761.44,79666.1,79666.11,3.51884,3.33075,79623.8,79623.9,5.3587,1.3771
1788591075970,1788591075716352,79647.4,79647.5,0.0002,0.64046,6364.1,3166206.42,7827408.07,742663.97,3280091.58,8109458.53,79666.1,79666.11,3.51742,3.33075,79623.8,79623.9,5.3587,1.3771
1788591076231,1788591076092502,79647.4,79647.5,0.00034,0.64046,6375.25,3166226.64,7827428.3,543442.78,3280896.41,8110263.36,79666.1,79666.11,3.51542,3.33075,79623.8,79623.9,5.3587,1.3771
1788591076475,1788591076271768,79647.4,79647.5,0.00034,0.64046,6375.25,3166226.64,7827428.3,543442.78,3275432.43,8104799.39,79666.1,79666.11,3.51542,3.33075,79623.8,79623.9,5.3587,1.3771
1788591076721,1788591076687990,79647.4,79647.5,0.00034,0.64046,7898.76,3167750.14,7828951.8,543442.78,3275432.43,8104799.39,79666.1,79666.11,3.51542,3.32755,79623.8,79623.9,5.3587,1.3771
1788591076967,1788591076753952,79647.4,79647.5,0.0002,0.64046,7887.6,3159775.94,7820977.6,543442.77,3272967.41,8102334.36,79666.1,79666.11,3.51542,3.30738,79623.8,79623.9,5.3587,1.3771
1788591077227,1788591077072262,79647.4,79647.5,0.0002,0.64046,7887.6,3159776.79,7820978.44,543443.06,3272967.7,8102334.65,79666.1,79666.11,3.51542,3.30738,79623.8,79623.9,5.3587,1.3771
1788591077474,1788591077438616,79647.4,79647.5,0.0002,0.64046,7887.6,3159777.43,7820979.08,543443.06,3272967.7,8102334.65,79666.1,79666.11,3.51503,3.30738,79623.8,79623.9,5.3587,1.3771
1788591077722,1788591077609612,79647.4,79647.5,0.0002,0.64046,6407.1,3158296.92,7819498.58,543443.06,3272967.7,8102334.65,79666.1,79666.11,3.51493,3.25007,79623.8,79623.9,5.3587,1.3771
1788591077981,1788591077756756,79647.4,79647.5,0.0002,0.64092,6407.1,3158296.92,7819498.58,542683.21,3272207.85,8101574.8,79666.1,79666.11,3.52232,3.25007,79623.8,79623.9,5.3587,1.3771
1788591078225,1788591077756756,79647.4,79647.5,0.0002,0.64092,6407.1,3158296.92,7819498.58,542683.21,3272207.85,8101574.8,79666.1,79666.11,3.52232,3.2483,79623.8,79623.9,5.3587,1.3771
1788591078470,1788591078440962,79647.4,79647.5,0.0002,0.64092,6407.1,3158296.92,7819498.58,542683.21,3272207.85,8101574.8,79666.1,79666.11,3.52232,3.2483,79623.8,79623.9,5.3587,1.3771
1788591078717,1788591078638132,79647.4,79647.5,0.0002,0.64092,6407.1,3158296.92,7819498.58,517676.09,3247200.73,8076567.68,79666.1,79666.11,3.52232,3.24817,79623.8,79623.9,5.3587,1.3771
1788591078976,1788591078759620,79647.4,79647.5,0.0002,0.64092,6407.1,3158296.92,7819498.58,601372.93,3330897.57,8160264.52,79666.1,79666.11,3.52032,3.24817,79623.8,79623.9,5.3587,1.3771
1788591079220,1788591079112173,79647.4,79647.5,0.0002,0.64092,6407.1,3143295.45,7804497.11,601372.93,3330897.57,8160264.52,79666.1,79666.11,3.52032,3.24817,79623.8,79623.9,5.3587,1.3771
1788591079481,1788591079328067,79647.4,79647.5,0.0002,0.64092,6407.1,3158296.96,7819498.62,602169.43,3331694.07,8161061.02,79666.1,79666.11,3.47567,3.54811,79623.8,79623.9,5.3587,1.3771
1788591079727,1788591079658688,79647.4,79647.5,0.0002,0.64092,6407.1,3158296.96,7819498.61,602169.42,3331694.06,8161061.01,79666.1,79666.11,3.47567,3.54811,79623.8,79623.9,5.3587,1.3771
1788591079971,1788591079807927,79647.4,79647.5,0.0002,0.64092,6364.1,3158253.95,7819455.61,601372.92,3330897.56,8160264.51,79666.1,79666.11,3.47567,3.54811,79623.8,79623.9,5.3587,1.3771
1788591080231,1788591080093098,79647.4,79647.5,0.0002,0.64092,7690.92,3159580.77,7820782.43,602169.42,3331694.06,8161061.01,79666.1,79666.11,3.47567,3.2372,79623.8,79623.9,5.3587,1.3771
1788591080478,1788591080425620,79647.4,79647.5,0.0002,0.01064,6391.97,3158680.05,7819881.71,493223.17,3222747.81,8052114.76,79666.1,79666.11,3.72383,3.11448,79623.8,79623.9,5.3587,1.3771
1788591080725,1788591080684349,79647.4,79647.5,0.0002,0.01064,6364.1,3158652.17,7819853.83,549785.95,3279300.23,8108667.18,79666.1,79666.11,3.64358,3.26145,79623.8,79623.9,5.3587,1.3771
1788591080970,1788591080945732,79647.4,79647.5,0.0002,0.01078,6364.1,3158652.17,7819853.83,602734.13,3332248.41,8161615.36,79666.1,79666.11,3.64358,3.09288,79623.8,79623.9,5.3587,1.3771
1788591081230,1788591081125512,79647.4,79647.5,0.0002,0.01077,7675.83,3159963.91,7821165.57,546327.27,3275841.56,8105208.51,79666.1,79666.11,3.64358,3.04779,79623.8,79623.9,5.3587,1.3771
1788591081478,1788591081125512,79647.4,79647.5,0.0002,0.01077,7675.83,3159963.91,7821165.57,546327.27,3275841.56,8105208.51,79666.1,79666.11,3.64358,3.04779,79623.8,79623.9,5.3587,1.3771
1788591081725,1788591081686598,79647.4,79647.5,0.0002,0.01077,6364.1,3156661.2,7817862.86,590331.76,3322231.98,8151598.93,79666.1,79666.11,3.64351,3.04779,79623.8,79623.9,5.3587,1.3771
1788591081970,1788591081943883,79647.4,79647.5,0.0002,0.01063,6364.1,3158253.95,7819455.61,592613.81,3327318.06,8156685.01,79666.1,79666.11,3.64054,3.21645,79623.8,79623.9,5.3587,1.3771
1788591082229,1788591082173020,79647.4,79647.5,0.0002,0.01063,6364.1,3158253.95,7819455.61,591913.38,3326617.63,8155984.58,79666.1,79666.11,3.63928,3.26051,79623.8,79623.9,5.3587,1.3771
1788591082474,1788591082406045,79647.4,79647.5,0.0002,0.01063,6364.1,3158253.95,7819455.61,590822.18,3325526.43,8154893.38,79666.1,79666.11,3.63928,3.25851,79623.8,79623.9,5.3587,1.3771
1788591082721,1788591082689355,79647.4,79647.5,0.0002,0.01001,7790.5,3159680.36,7820882.01,547603.21,3296008.61,8125375.56,79666.1,79666.11,3.63928,3.2484,79623.8,79623.9,5.3587,1.3771
1788591082967,1788591082760905,79647.4,79647.5,0.0002,0.01001,7790.5,3159680.36,7820882.01,547613.56,3296018.96,8125385.92,79666.1,79666.11,3.63608,3.2484,79623.8,79623.9,5.3587,1.3771
1788591083227,1788591082760905,79647.4,79647.5,0.0002,0.01001,7790.5,3159680.36,7820882.01,547613.56,3296018.96,8125385.92,79666.1,79666.11,3.63519,3.2484,79623.8,79623.9,5.3587,1.3771
1788591083469,1788591083213737,79647.4,79647.5,0.0002,0.01001,7790.5,3159680.36,7820882.01,547603.21,3296008.61,8125375.56,79666.1,79666.11,3.63519,3.24809,79623.8,79623.9,5.3587,1.3771
1788591083717,1788591083453997,79647.4,79647.5,0.0002,0.01001,6362.5,3158252.36,7819454.02,600358.59,3348764.0,8178130.95,79666.1,79666.11,3.63519,3.24809,79623.8,79623.9,5.3587,1.3771
1788591083974,1788591083779053,79647.4,79647.5,0.0002,0.01001,6362.5,3158252.36,7819454.02,600348.24,3348753.65,8178120.6,79666.1,79666.11,3.63419,3.24809,79623.8,79623.9,5.3587,1.3771
1788591084231,1788591083779053,79647.4,79647.5,0.0002,0.01001,6362.5,3158252.36,7819454.02,600348.24,3348753.65,8178120.6,79666.1,79666.11,3.72402,3.05939,79623.8,79623.9,5.3587,1.3771
1788591084474,1788591084352863,79647.2,79647.5,0.0001,0.00951,7674.21,3159564.07,7820765.73,600308.42,3348713.82,8178080.78,79666.1,79666.11,3.72402,3.05417,79623.8,79623.9,5.3587,1.3771
1788591084719,1788591084630926,79647.2,79647.5,0.0001,0.00951,7674.21,3159564.07,7820765.73,600308.45,3348713.86,8178080.81,79666.1,79666.11,3.72402,3.05417,79623.8,79623.9,5.3587,1.3771
1788591084979,1788591084630926,79647.2,79647.5,0.0001,0.00951,7674.21,3159564.07,7820765.73,600308.45,3348713.86,8178080.81,79666.1,79666.11,3.7244,3.05417,79623.8,79623.9,5.3587,1.3771
1788591085224,1788591085105995,79647.2,79647.5,0.0001,0.00951,7674.21,3159564.07,7820765.73,600308.45,3348713.86,8178080.81,79666.1,79666.11,3.7244,3.05417,79623.8,79623.9,5.3587,1.3771
1788591085471,1788591085444447,79647.2,79647.5,0.0001,0.00951,7674.21,3159564.07,7820765.73,600308.45,3348713.85,8178080.8,79666.1,79666.11,3.72426,3.05417,79623.8,79623.9,5.3587,1.3771
1788591085730,1788591085586260,79647.2,79647.5,0.0001,0.00951,7674.21,3159564.07,7820765.73,547553.07,3295958.47,8125325.42,79666.1,79666.11,3.72426,3.05417,79623.8,79623.9,5.3587,1.3771
1788591085976,1788591085907083,79647.2,79647.5,0.0001,0.00951,7674.21,3159564.07,7820765.73,547563.42,3295968.82,8125335.78,79666.1,79666.11,3.72396,3.05401,79623.8,79623.9,5.3587,1.3771
1788591086218,1788591086113269,79647.2,79647.5,0.0001,0.00951,7674.21,3159564.07,7820765.73,547573.3,3295978.71,8125345.66,79666.1,79666.11,3.72384,3.05229,79623.8,79623.9,5.3587,1.3771
1788591086477,1788591086408422,79647.2,79647.5,0.0001,0.00951,7674.21,3127713.39,7788915.05,547563.2,3295968.6,8125335.56,79666.1,79666.11,3.72053,3.05229,79623.8,79623.9,5.3587,1.3771
1788591086722,1788591086540029,79647.2,79647.5,0.0001,0.00951,7674.21,3159564.19,7820765.85,547563.2,3295968.6,8125335.56,79666.1,79666.11,3.72053,3.05229,79623.8,79623.9,5.3587,1.3771
1788591086968,1788591086930930,79647.2,79647.5,0.0001,0.00951,7674.21,3159564.19,7820765.85,595488.8,3341090.18,8170457.13,79666.1,79666.11,3.72053,3.33216,79623.8,79623.9,5.3587,1.3771
1788591087228,1788591087111147,79647.2,79647.5,0.0001,0.00951,7674.21,3159564.19,7820765.85,595322.32,3340923.7,8170290.65,79666.1,79666.11,3.72044,3.33216,79623.8,79623.9,5.3587,1.3771
1788591087474,1788591087396111,79646.9,79647.0,0.00014,1.05533,6433.38,3166187.47,7827389.13,661434.71,3440669.68,8270036.64,79666.1,79666.11,3.71844,3.33173,79623.8,79623.9,5.3587,1.3771
1788591087719,1788591087623454,79646.9,79647.0,0.00014,1.05533,6433.38,3166187.47,7827389.13,661434.71,3440669.68,8270036.64,79666.1,79666.11,3.71844,3.33173,79623.8,79623.9,5.3587,1.3771
1788591087979,1788591087623454,79646.9,79647.0,0.00014,1.05533,6433.38,3166187.47,7827389.13,661434.71,3440669.68,8270036.64,79666.1,79666.11,3.71851,3.33173,79623.8,79623.9,5.3587,1.3771
1788591088223,1788591087623454,79646.9,79647.0,0.00014,1.05533,6433.38,3166187.47,7827389.13,661434.71,3440669.68,8270036.64,79666.1,79666.11,3.71844,3.32842,79623.8,79623.9,5.3587,1.3771
1788591088470,1788591088443615,79646.9,79647.0,0.00014,1.05533,7953.75,3167707.83,7828909.49,661434.71,3440669.68,8270036.64,79666.1,79666.11,3.71844,3.32807,79623.8,79623.9,5.3587,1.3771
1788591088730,1788591088443615,79646.9,79647.0,0.00014,1.05533,7953.75,3167707.83,7828909.49,661434.71,3440669.68,8270036.64,79666.1,79666.11,3.71844,3.32798,79623.8,79623.9,5.3587,1.3771
1788591088974,1788591088913108,79646.9,79647.0,0.0002,1.05533,8078.73,3167978.94,7829180.59,654635.47,3434310.03,8263676.98,79666.1,79666.11,3.71819,3.32598,79623.8,79623.9,5.3587,1.3771
1788591089222,1788591089062877,79646.9,79647.0,0.0102,1.05533,8875.2,3168775.41,7829977.06,653838.96,3433513.52,8262880.47,79666.1,79666.11,3.71794,3.32598,79623.8,79623.9,5.3587,1.3771
1788591089479,1788591089429387,79646.9,79647.0,0.0001,1.05533,8070.76,3167970.97,7829172.63,654635.47,3434310.03,8263676.98,79666.1,79666.11,3.71596,3.32562,79623.8,79623.9,5.3587,1.3771
1788591089724,1788591089429387,79646.9,79647.0,0.0001,1.05533,8070.76,3167970.97,7829172.63,654635.47,3434310.03,8263676.98,79666.1,79666.11,3.71245,3.32562,79623.8,79623.9,5.3587,1.3771
1788591089969,1788591089893288,79646.9,79647.0,0.0001,1.05533,7370.73,3167270.94,7828472.6,654856.91,3434531.47,8263898.42,79666.1,79666.11,3.71245,3.32556,79623.8,79623.9,5.3587,1.3771
1788591090229,1788591090161675,79646.9,79647.0,0.0001,1.05533,7370.73,3167270.94,7828472.6,654932.6,3434607.17,8263974.12,79666.1,79666.11,3.71126,3.32556,79623.8,79623.9,5.3587,1.3771
1788591090474,1788591090422508,79646.9,79647.0,0.0001,1.05533,6333.79,3159566.4,7820768.06,604273.39,3377280.43,8206647.38,79666.1,79666.11,3.71126,3.32556,79623.8,79623.9,5.3587,1.3771
1788591090721,1788591090422508,79646.9,79647.0,0.0001,1.05533,6333.79,3159566.4,7820768.06,604273.39,3377280.43,8206647.38,79666.1,79666.11,3.70936,3.02543,79623.8,79623.9,5.3587,1.3771
1788591090982,1788591090887275,79646.9,79647.0,0.0001,1.05532,6333.79,3159566.4,7820768.06,604272.13,3377279.18,8206646.13,79666.1,79666.11,3.46743,3.19413,79623.8,79623.9,5.3587,1.3771
1788591091229,1788591091024622,79646.9,79647.0,0.0001,1.05532,6094.86,3159327.47,7820529.13,660273.46,3433280.5,8262647.45,79666.1,79666.11,3.46743,3.17413,79623.8,79623.9,5.3587,1.3771
1788591091472,1788591091024622,79646.9,79647.0,0.0001,1.05532,6094.86,3159327.47,7820529.13,660273.46,3433280.5,8262647.45,79666.1,79666.11,3.46736,3.47366,79623.8,79623.9,5.3587,1.3771
1788591091719,1788591091568325,79646.9,79647.0,0.0001,1.05532,6094.86,3159327.47,7820529.13,660263.1,3433270.15,8262637.1,79666.1,79666.11,3.46736,3.47366,79623.8,79623.9,5.3587,1.3771
1788591091980,1788591091877787,79646.9,79647.0,0.0001,1.05532,6094.86,3127476.67,7788678.33,660263.1,3433270.15,8262637.1,79666.1,79666.11,3.46736,3.47366,79623.8,79623.9,5.3587,1.3771
1788591092224,1788591092080977,79646.9,79647.0,0.0001,1.05532,7454.39,3160686.44,7821888.09,604262.03,3377269.08,8206636.03,79666.1,79666.11,3.46536,3.30509,79623.8,79623.9,5.3587,1.3771
1788591092470,1788591092428954,79646.9,79647.0,0.0001,1.05532,7454.39,3123139.42,7784341.08,604262.03,3265938.74,8095305.69,79666.1,79666.11,3.46536,3.30509,79623.8,79623.9,5.3587,1.3771
1788591092718,1788591092693543,79646.9,79647.0,0.0001,1.05532,7454.39,3121546.67,7782748.33,602668.97,3264345.67,8093712.62,79666.1,79666.11,3.46536,3.47366,79623.8,79623.9,5.3587,1.3771
1788591092978,1788591092831497,79646.9,79647.0,0.0001,1.05532,6094.86,3156334.24,7817535.89,658899.66,3439126.11,8268493.07,79666.1,79666.11,2.7633,3.47379,79623.8,79623.9,5.3587,1.3771
1788591093222,1788591093182217,79646.9,79647.0,0.0001,1.75967,3592.58,3053614.17,7714815.82,667333.65,3447120.4,8276487.36,79666.1,79666.11,2.77125,3.47386,79623.8,79623.9,5.3587,1.3771
1788591093481,1788591093443371,79646.5,79646.9,0.0002,0.09881,7711.55,3252342.47,7781459.65,626048.58,3398854.1,8228221.05,79666.1,79666.11,2.89872,3.45386,79623.8,79623.9,5.3587,1.3771
1788591093728,1788591093485398,79646.5,79646.9,0.0002,0.09881,7711.55,3319457.93,7848575.11,620065.01,3398854.37,8228221.32,79666.1,79666.11,2.89684,3.45386,79623.8,79623.9,5.3587,1.3771
1788591093970,1788591093945033,79646.5,79646.9,0.0002,0.09881,7807.96,3319554.34,7848671.51,595068.35,3373857.7,8203224.65,79666.1,79666.11,2.89684,3.45386,79623.8,79623.9,5.3587,1.3771
1788591094229,1788591094175018,79646.5,79646.9,0.0002,0.09881,8275.44,3320021.82,7849139.0,650421.0,3429210.36,8258577.31,79666.1,79666.11,3.75792,2.9848,79623.8,79623.9,5.3587,1.3771
1788591094475,1788591094435178,79646.5,79646.9,0.0002,0.09881,6710.47,3318506.23,7847623.41,651883.14,3430672.5,8260039.45,79666.1,79666.11,3.26242,3.4519,79623.8,79623.9,5.3587,1.3771
1788591094721,1788591094691509,79646.5,79646.9,0.0002,0.09881,6710.47,3318506.23,7847623.41,676189.82,3454979.18,8284346.13,79666.1,79666.11,3.26242,3.4519,79623.8,79623.9,5.3587,1.3771
1788591094966,1788591094849981,79646.5,79646.9,0.0002,0.09881,6710.47,3283951.9,7813069.07,676889.96,3455679.31,8285046.26,79666.1,79666.11,3.26242,3.4519,79623.8,79623.9,5.3587,1.3771
1788591095228,1788591095174412,79646.5,79646.9,0.0002,0.09881,6661.1,3285544.6,7814661.77,676889.95,3455679.31,8285046.26,79666.1,79666.11,3.26242,3.45071,79623.8,79623.9,5.3587,1.3771
1788591095475,1788591095174412,79646.5,79646.9,0.0002,0.09881,6661.1,3285544.6,7814661.77,676889.95,3455679.31,8285046.26,79666.1,79666.11,3.26242,3.45071,79623.8,79623.9,5.3587,1.3771
1788591095719,1788591095174412,79646.5,79646.9,0.0002,0.09881,6661.1,3285544.6,7814661.77,676889.95,3455679.31,8285046.26,79666.1,79666.11,3.26208,3.45071,79623.8,79623.9,5.3587,1.3771
1788591095979,1788591095885763,79646.5,79646.9,0.0002,0.09881,6661.1,3394703.54,7923820.71,676889.95,3455679.31,8285046.26,79666.1,79666.11,3.26195,3.45071,79623.8,79623.9,5.3587,1.3771
1788591096224,1788591096128479,79646.5,79646.9,0.0002,0.09895,6907.99,3394950.42,7924067.6,678113.18,3456902.54,8286269.49,79666.1,79666.11,3.26195,3.45071,79623.8,79623.9,5.3587,1.3771
1788591096471,1788591096384685,79646.5,79646.9,0.0002,0.09895,6907.99,3394950.42,7924067.6,620086.29,3398875.64,8228242.6,79666.1,79666.11,3.26195,3.45035,79623.8,79623.9,5.3587,1.3771
1788591096730,1788591096511074,79646.5,79646.9,0.0002,0.09895,6907.99,3394950.42,7924067.6,620086.44,3398875.8,8228242.75,79666.1,79666.11,3.26191,3.4314,79623.8,79623.9,5.3587,1.3771
1788591096975,1788591096905187,79646.5,79646.9,0.0002,0.09881,6907.99,3394950.42,7924067.6,620085.65,3398875.0,8228241.96,79666.1,79666.11,3.26191,3.4314,79623.8,79623.9,5.3587,1.3771
1788591097219,1788591096905187,79646.5,79646.9,0.0002,0.09881,6907.99,3394950.42,7924067.6,620085.65,3398875.0,8228241.96,79666.1,79666.11,3.24757,3.4314,79623.8,79623.9,5.3587,1.3771
1788591097480,1788591097403964,79646.5,79646.9,0.0002,0.11136,6907.99,3394950.42,7924067.6,682515.01,3461304.37,8290671.32,79666.1,79666.11,3.24757,3.65826,79623.8,79623.9,5.3587,1.3771
1788591097725,1788591097694090,79646.5,79646.9,0.0002,0.11136,7530.85,3363722.49,7892839.67,637202.75,3397849.7,8227216.66,79666.1,79666.11,4.02109,3.16681,79623.8,79623.9,5.3587,1.3771
1788591097971,1788591097863167,79646.5,79646.9,0.0002,0.09498,7725.18,3395767.14,7924884.31,635898.14,3396545.09,8225912.04,79666.1,79666.11,3.66371,3.3349,79623.8,79623.9,5.3587,1.3771
1788591098218,1788591098151874,79646.7,79646.8,0.0002,0.04946,7771.38,3236449.28,7924930.51,654511.41,3415158.36,8194355.81,79666.1,79666.11,3.66371,3.12227,79623.8,79623.9,5.3587,1.3771
1788591098477,1788591098292446,79646.7,79646.8,0.0002,0.04946,7771.38,3236449.28,7924930.51,654510.92,3415157.87,8194355.33,79666.1,79666.11,3.66252,3.12227,79623.8,79623.9,5.3587,1.3771
1788591098722,1788591098657666,79646.7,79646.8,0.0002,0.04946,6981.31,3235659.21,7924140.44,655307.63,3415954.58,8195152.04,79666.1,79666.11,3.66454,3.12189,79623.8,79623.9,5.3587,1.3771
1788591098981,1788591098885463,79646.7,79646.8,0.0002,0.04946,7201.11,3235879.01,7924360.24,655307.86,3415954.81,8195152.26,79666.1,79666.11,3.66454,3.1217,79623.8,79623.9,5.3587,1.3771
1788591099227,1788591099113500,79646.7,79646.8,0.0002,0.04946,7201.11,3204028.69,7892509.92,654521.73,3415168.68,8194366.14,79666.1,79666.11,3.6441,3.2904,79623.8,79623.9,5.3587,1.3771
1788591099471,1788591099446409,79646.5,79646.8,0.0002,0.6902,10610.52,3392673.45,7921790.63,764032.39,3522684.76,8301882.22,79666.1,79666.11,3.6441,3.1197,79623.8,79623.9,5.3587,1.3771
1788591099720,1788591099630146,79646.5,79646.6,0.0002,0.71106,9357.77,3394411.78,7923528.95,669219.81,3630428.49,8409625.94,79666.1,79666.11,3.6441,3.11953,79623.8,79623.9,5.3587,1.3771
1788591099980,1788591099630146,79646.5,79646.6,0.0002,0.71106,9357.77,3394411.78,7923528.95,669219.81,3630428.49,8409625.94,79666.1,79666.11,3.6441,3.11953,79623.8,79623.9,5.3587,1.3771
1788591100225,1788591099630146,79646.5,79646.6,0.0002,0.71106,9357.77,3394411.78,7923528.95,669219.81,3630428.49,8409625.94,79666.1,79666.11,3.6441,3.11953,79623.8,79623.9,5.3587,1.3771
1788591100468,1788591100221153,79646.5,79646.6,0.0002,0.71106,9357.77,3394411.78,7923528.95,669219.81,3630428.49,8409625.94,79666.1,79666.11,3.6441,3.28823,79623.8,79623.9,5.3587,1.3771
1788591100728,1788591100695865,79646.5,79646.6,0.0002,0.71128,10608.11,3395662.12,7924779.29,669237.34,3645047.73,8424245.19,79666.1,79666.11,3.6421,3.28814,79623.8,79623.9,5.3587,1.3771
1788591100974,1788591100891934,79646.5,79646.6,0.00065,0.7106,10643.95,3395697.96,7924815.13,669183.18,3644993.57,8424191.03,79666.1,79666.11,3.6421,3.28807,79623.8,79623.9,5.3587,1.3771
1788591101219,1788591101139722,79646.5,79646.6,0.00065,0.80974,9943.92,3394997.93,7924115.1,677079.34,3652889.74,8432087.19,79666.1,79666.11,3.6413,3.28794,79623.8,79623.9,5.3587,1.3771
1788591101479,1788591101139722,79646.5,79646.6,0.00065,0.80974,9943.92,3394997.93,7924115.1,677079.34,3652889.74,8432087.19,79666.1,79666.11,3.6413,3.28782,79623.8,79623.9,5.3587,1.3771
1788591101723,1788591101639384,79646.5,79646.6,0.00065,0.80661,9943.92,3394997.93,7924115.1,676830.05,3652640.44,8431837.9,79666.1,79666.11,3.6413,3.28753,79623.8,79623.9,5.3587,1.3771
1788591101968,1788591101927704,79646.5,79646.6,0.00065,0.80647,9943.92,3394997.93,7924115.1,676818.9,3652629.29,8431826.75,79666.1,79666.11,3.6413,3.28741,79623.8,79623.9,5.3587,1.3771
1788591102228,1788591102177281,79644.6,79646.5,0.0002,0.70122,27749.88,3751994.89,7917877.58,661650.41,3619770.94,8398968.4,79666.1,79666.11,3.64096,3.28559,79623.8,79623.9,5.3587,1.3771
1788591102473,1788591102328577,79645.8,79646.4,0.0002,0.75808,7456.71,3642216.59,7920916.38,729913.76,3692023.48,8471220.94,79666.1,79666.11,3.64096,3.28559,79623.8,79623.9,5.3587,1.3771
1788591102717,1788591102617400,79646.0,79646.9,0.0002,0.75127,7377.07,3597148.39,7920836.77,690378.28,3463632.33,8292999.28,79666.1,79666.11,3.64096,3.27232,79623.8,79623.9,5.3587,1.3771
1788591102980,1788591102876372,79646.7,79646.8,0.0002,0.78452,4800.71,3233742.41,7922223.64,759607.16,3534855.84,8314053.3,79666.1,79666.11,3.64096,3.40362,79623.8,79623.9,5.3587,1.3771
1788591103226,1788591103124345,79646.7,79646.9,0.0002,0.11155,3551.96,3232493.66,7920974.89,694754.14,3472649.13,8302016.08,79666.1,79666.11,3.64887,3.10362,79623.8,79623.9,5.3587,1.3771
1788591103470,1788591103418072,79646.7,79646.9,0.0002,0.11155,4348.4,3233290.09,7921771.33,694754.13,3472649.13,8302016.08,79666.1,79666.11,3.63896,3.10042,79623.8,79623.9,5.3587,1.3771
1788591103730,1788591103511581,79646.7,79646.9,0.0002,0.11155,3551.96,3232493.66,7920974.89,694598.01,3472493.01,8301859.96,79666.1,79666.11,3.63896,3.10042,79623.8,79623.9,5.3587,1.3771
1788591103974,1788591103757020,79646.7,79646.9,0.0002,0.11155,3551.96,3232493.66,7920974.89,694754.14,3472649.13,8302016.08,79666.1,79666.11,3.63896,3.10042,79623.8,79623.9,5.3587,1.3771
1788591104219,1788591104090112,79646.7,79646.9,0.0002,0.11155,3551.96,3232493.66,7920974.89,694754.14,3472649.13,8302016.08,79666.1,79666.11,3.63903,3.10042,79623.8,79623.9,5.3587,1.3771
1788591104481,1788591104429767,79646.7,79646.9,0.0002,0.11155,4348.39,3233290.09,7921771.32,694754.13,3472649.13,8302016.08,79666.1,79666.11,3.63903,3.10042,79623.8,79623.9,5.3587,1.3771
1788591104726,1788591104609323,79646.7,79646.9,0.0002,0.11155,4348.39,3233290.09,7921771.32,694754.13,3472649.13,8302016.08,79666.1,79666.11,3.63903,3.10042,79623.8,79623.9,5.3587,1.3771
1788591104971,1788591104769040,79646.7,79646.9,0.0002,0.11155,4348.39,3233290.09,7921771.32,693161.11,3471056.1,8300423.05,79666.1,79666.11,3.63896,3.09905,79623.8,79623.9,5.3587,1.3771
1788591105217,1788591105062719,79646.7,79646.9,0.0002,0.11155,4348.39,3233290.09,7921771.32,694754.13,3472649.12,8302016.07,79666.1,79666.11,3.64626,3.09905,79623.8,79623.9,5.3587,1.3771
1788591105479,1788591105431816,79646.7,79646.9,0.0002,0.11155,4348.39,3233290.09,7921771.32,694754.13,3472649.12,8302016.07,79666.1,79666.11,3.64626,3.09905,79623.8,79623.9,5.3587,1.3771
1788591105722,1788591105677733,79646.7,79646.9,0.0002,0.11155,3551.96,3232493.65,7920974.89,694754.13,3472649.12,8302016.07,79666.1,79666.11,3.64626,3.09905,79623.8,79623.9,5.3587,1.3771
1788591105968,1788591105776543,79646.7,79646.9,0.0002,0.11155,3551.96,3230900.96,7919382.19,694754.13,3472649.12,8302016.07,79666.1,79666.11,3.64626,3.26775,79623.8,79623.9,5.3587,1.3771
1788591106229,1788591106133164,79646.7,79646.9,0.00034,0.11155,3563.11,3232504.81,7920986.04,694754.13,3472649.12,8302016.07,79666.1,79666.11,3.64626,3.26504,79623.8,79623.9,5.3587,1.3771
1788591106475,1788591106402006,79646.8,79646.9,0.0002,0.11155,3579.04,3232520.73,7888945.97,638286.01,3416181.01,8245547.96,79666.1,79666.11,3.64633,3.26504,79623.8,79623.9,5.3587,1.3771
1788591106718,1788591106517541,79646.8,79646.9,0.0002,0.11155,4375.47,3233317.17,7889742.41,638286.01,3416181.01,8245547.96,79666.1,79666.11,3.63834,3.08255,79623.8,79623.9,5.3587,1.3771
1788591106980,1788591106909990,79646.8,79646.9,0.0002,0.11155,4364.32,3233306.02,7889731.26,638286.01,3416181.01,8245547.96,79666.1,79666.11,3.63834,3.06255,79623.8,79623.9,5.3587,1.3771
1788591107225,1788591106973128,79646.8,79646.9,0.0002,0.11155,4364.32,3034052.15,7889718.74,638286.01,3416182.41,8245549.36,79666.1,79666.11,3.63841,3.10648,79623.8,79623.9,5.3587,1.3771
1788591107469,1788591107388685,79646.7,79646.9,0.0002,0.11155,4348.4,3034036.23,7921758.81,687052.22,3464948.61,8294315.56,79666.1,79666.11,3.63841,3.10648,79623.8,79623.9,5.3587,1.3771
1788591107730,1788591107585990,79646.7,79646.9,0.0002,0.11155,3551.96,3033239.79,7920962.37,687052.22,3464948.61,8294315.56,79666.1,79666.11,3.63841,3.10614,79623.8,79623.9,5.3587,1.3771
1788591107975,1788591107585990,79646.7,79646.9,0.0002,0.11155,3551.96,3033239.79,7920962.37,687052.22,3464948.61,8294315.56,79666.1,79666.11,3.63841,3.10614,79623.8,79623.9,5.3587,1.3771
1788591108221,1788591108110963,79646.7,79646.9,0.0002,0.11155,3348.87,3033036.7,7920759.29,687052.22,3462302.3,8291669.25,79666.1,79666.11,3.6357,3.10614,79623.8,79623.9,5.3587,1.3771
1788591108466,1788591108443943,79646.7,79646.9,0.0002,0.11155,4838.99,3034526.82,7922249.41,638285.76,3413535.85,8242902.8,79666.1,79666.11,3.63191,3.10614,79623.8,79623.9,4.8153,0.8144
1788591108729,1788591108674285,79646.7,79646.9,0.0002,0.11155,4935.4,3034623.23,7922345.82,638285.75,3416191.7,8245558.66,79666.1,79666.11,3.63045,3.10614,79623.8,79623.9,4.7774,0.8144
1788591108975,1788591108849278,79646.7,79646.9,0.0002,0.11155,4138.96,3033826.79,7921549.38,638285.75,3416191.71,8245558.66,79666.1,79666.11,3.63045,3.05839,79623.8,79623.9,4.7774,0.8144
1788591109222,1788591109099662,79646.7,79646.9,0.0002,0.11155,4138.96,3033826.79,7921549.38,638285.76,3417192.19,8246559.14,79666.1,79666.11,3.63045,3.05839,79623.8,79623.9,4.727,0.8245
1788591109482,1788591109406568,79646.7,79646.9,0.0002,0.11155,4193.13,3033880.96,7921603.55,638275.4,3416181.35,8245548.31,79666.1,79666.11,3.62725,3.06015,79623.8,79623.9,4.727,0.8144
1788591109725,1788591109406568,79646.7,79646.9,0.0002,0.11155,4193.13,3033880.96,7921603.55,638275.4,3416181.35,8245548.31,79666.1,79666.11,3.62725,3.03989,79623.8,79623.9,4.727,0.8144
1788591109972,1788591109787819,79646.7,79646.9,0.0002,0.11155,2648.84,3032336.68,7920059.26,693830.3,3471736.25,8301103.2,79666.1,79666.11,3.62725,3.03946,79623.8,79623.9,4.727,0.8144
1788591110231,1788591110183435,79646.7,79646.9,0.0002,0.11155,2648.84,3032336.68,7920059.26,693830.3,3469080.39,8298447.34,79666.1,79666.11,3.62718,3.03956,79623.8,79623.9,4.727,0.8144
1788591110474,1788591110384747,79646.7,79646.9,0.0002,0.11155,3445.28,3033133.11,7920855.7,693830.29,3469080.37,8298447.32,79666.1,79666.11,3.62404,3.20826,79623.8,79623.9,4.6886,0.8144
1788591110719,1788591110611932,79646.7,79646.9,0.0002,0.11155,2648.84,3032336.68,7920059.26,701695.12,3476945.21,8306312.16,79666.1,79666.11,3.62204,3.20781,79623.8,79623.9,4.6886,0.8144
1788591110979,1788591110870565,79646.7,79646.9,0.0002,0.11155,4010.72,3033698.55,7921421.13,701705.48,3476955.56,8306322.51,79666.1,79666.11,3.62204,3.20781,79623.8,79623.9,4.6559,0.8245
1788591111224,1788591111193529,79646.7,79646.9,0.00034,0.11154,4021.87,3033709.7,7921432.28,701704.68,3476954.76,8306321.72,79666.1,79666.11,3.6217,3.20781,79623.8,79623.9,4.6559,0.8245
1788591111481,1788591111362011,79646.7,79646.9,0.00034,0.11154,4021.87,3033709.7,7921432.28,701704.91,3476954.99,8306321.94,79666.1,79666.11,3.6217,3.18521,79623.8,79623.9,4.6559,0.6515
1788591111728,1788591111665357,79646.8,79646.9,0.0002,0.11098,4025.05,3033712.88,7889379.47,701660.3,3476910.38,8306277.34,79666.1,79666.11,3.62107,3.18183,79623.8,79623.9,4.6559,0.6515
1788591111975,1788591111941529,79646.7,79646.9,0.0002,0.11098,4185.95,3033873.78,7921596.37,612523.78,3387773.86,8217140.81,79666.1,79666.11,3.60036,3.00934,79623.8,79623.9,4.6559,0.6502
1788591112220,1788591112133758,79646.7,79646.9,0.0002,0.11098,4185.95,3033873.78,7921596.37,638231.04,3413481.12,8242848.07,79666.1,79666.11,3.69607,3.00926,79623.8,79623.9,4.6559,0.6502
1788591112479,1788591112402336,79646.7,79646.9,0.0002,0.11098,4185.95,3033873.78,7921596.37,637230.58,3412480.66,8241847.62,79666.1,79666.11,3.611,3.00926,79623.8,79623.9,4.6559,0.6494
1788591112724,1788591112472458,79646.7,79646.9,6e-05,0.11098,4174.8,3033862.63,7921585.22,637230.58,3412480.66,8241847.62,79666.1,79666.11,3.611,3.0072,79623.8,79623.9,4.6431,0.6595
1788591112969,1788591112903295,79646.7,79646.9,6e-05,0.11098,4174.8,3033862.63,7921585.22,638231.04,3413481.12,8242848.07,79666.1,79666.11,3.611,3.0072,79623.8,79623.9,4.6431,0.6494
1788591113230,1788591113147535,79646.7,79646.9,6e-05,0.11098,2652.83,3032340.66,7920063.24,695207.58,3470457.66,8299824.61,79666.1,79666.11,3.611,3.00449,79623.8,79623.9,4.6431,0.6478
1788591113474,1788591113288716,79646.7,79646.9,6e-05,0.11094,2652.83,3032340.66,7920063.24,695204.4,3470454.48,8299821.44,79666.1,79666.11,3.60721,3.00415,79623.8,79623.9,4.6431,0.6478
1788591113731,1788591113656877,79646.7,79646.9,6e-05,0.11094,2652.83,3032340.66,7920063.24,695204.4,3473201.17,8302568.12,79666.1,79666.11,3.60728,3.00577,79623.8,79623.9,4.6431,0.6478
1788591113976,1788591113835384,79646.7,79646.9,6e-05,0.11094,3449.27,3033137.1,7920859.68,695204.4,3473201.17,8302568.12,79666.1,79666.11,3.60728,3.00775,79623.8,79623.9,4.717,0.9663
1788591114224,1788591114181192,79646.7,79646.9,6e-05,0.11094,3449.27,3033137.1,7920859.68,695204.4,3473201.17,8302568.12,79666.1,79666.11,3.60735,3.00775,79623.8,79623.9,4.717,0.9562
1788591114468,1788591114418354,79646.7,79646.9,6e-05,0.11094,2652.83,3032340.66,7920063.24,703089.16,3470267.27,8299634.22,79666.1,79666.11,3.60728,3.0272,79623.8,79623.9,4.7298,0.9663
1788591114729,1788591114674465,79646.7,79646.9,6e-05,0.11094,4217.77,3033905.61,7921628.19,694992.83,3462170.94,8291537.89,79666.1,79666.11,3.60728,2.88183,79623.8,79623.9,4.7298,0.9562
1788591114974,1788591114897939,79646.7,79646.9,6e-05,0.11094,2764.33,3032452.16,7920174.74,646092.18,3421342.2,8250709.15,79666.1,79666.11,3.60338,3.01938,79623.8,79623.9,4.7298,0.9663
1788591115221,1788591115100260,79646.7,79646.9,6e-05,0.11094,2764.33,3032452.16,7920174.74,646092.19,3421342.21,8250709.16,79666.1,79666.11,3.60338,3.01559,79623.8,79623.9,4.7298,0.9562
1788591115481,1788591115425792,79646.7,79646.9,6e-05,0.11094,2764.33,3032452.16,7920174.74,646102.53,3421352.55,8250719.5,79666.1,79666.11,3.60304,3.01559,79623.8,79623.9,4.7298,0.9562
1788591115728,1788591115685427,79646.7,79646.8,6e-05,0.01,2764.33,3032452.16,7920174.74,646899.0,3422149.02,8201346.47,79666.1,79666.11,3.60304,3.01523,79623.8,79623.9,4.7298,0.9562
1788591115976,1788591115916981,79646.7,79646.8,6e-05,0.01,2652.83,3009376.28,7897098.86,708437.65,3475720.74,8254918.2,79666.1,79666.11,3.60304,3.01523,79623.8,79623.9,4.7298,0.9562
1788591116223,1788591116171980,79646.7,79646.9,6e-05,0.11094,4007.55,3025732.08,7913454.66,646112.88,3413395.97,8242762.92,79666.1,79666.11,3.71562,2.87768,79623.8,79623.9,4.6553,0.7692
1788591116468,1788591116411161,79646.7,79646.9,6e-05,0.11094,4007.55,2993881.28,7881603.86,613169.0,3380452.09,8209819.04,79666.1,79666.11,3.71486,2.87768,79623.8,79623.9,4.6553,0.7705
1788591116726,1788591116695234,79646.7,79646.9,6e-05,0.01194,4007.55,2986843.28,7874565.86,597398.63,3372648.85,8202015.8,79666.1,79666.11,3.71743,2.87497,79623.8,79623.9,4.6553,0.7705
1788591116966,1788591116843764,79646.7,79646.9,6e-05,0.01194,4007.55,3000252.11,7887974.69,597408.98,3372659.2,8202026.15,79666.1,79666.11,3.59717,2.87497,79623.8,79623.9,4.6553,0.7705
1788591117228,1788591117104937,79646.7,79646.9,6e-05,0.01194,4007.55,3001844.81,7889567.39,597408.97,3372659.19,8202026.14,79666.1,79666.11,3.59704,2.87497,79623.8,79623.9,4.6553,0.7705
1788591117471,1788591117422975,79646.7,79646.9,6e-05,0.01194,2952.29,3000789.55,7888512.13,598400.66,3373650.88,8203017.83,79666.1,79666.11,3.71905,2.87497,79623.8,79623.9,4.6602,0.5774
1788591117730,1788591117572461,79646.7,79646.9,6e-05,0.01194,3748.72,3001585.98,7889308.57,598400.66,3373650.88,8203017.83,79666.1,79666.11,3.71912,2.83826,79623.8,79623.9,4.6602,0.5774
1788591117975,1788591117911232,79646.7,79646.9,6e-05,0.01194,3748.72,3001585.98,7889308.57,598390.3,3373640.52,8203007.47,79666.1,79666.11,3.60471,2.83871,79623.8,79623.9,4.6602,0.5774
1788591118220,1788591118187875,79646.7,79646.9,6e-05,0.01194,2652.83,3000490.09,7888212.67,654328.31,3429578.53,8258945.48,79666.1,79666.11,3.72418,2.83871,79623.8,79623.9,4.7796,0.803
1788591118479,1788591118357867,79646.7,79646.9,6e-05,0.01194,2652.83,3000490.09,7888212.67,654328.31,3429578.53,8258945.48,79666.1,79666.11,3.72418,2.83871,79623.8,79623.9,4.7796,0.803
1788591118722,1788591118357867,79646.7,79646.9,6e-05,0.01194,2652.83,3000490.09,7888212.67,654328.31,3429578.53,8258945.48,79666.1,79666.11,3.60174,2.83871,79623.8,79623.9,4.7796,0.7936
1788591118968,1788591118916316,79646.7,79646.9,6e-05,0.01194,2652.83,3003169.78,7890892.36,654328.54,3432227.46,8261594.41,79666.1,79666.11,3.72817,2.83871,79623.8,79623.9,4.6553,0.5667
1788591119226,1788591119195826,79646.7,79646.9,0.01006,0.01194,5071.61,3005588.55,7893311.14,654328.54,3432227.46,8260865.26,79666.1,79666.11,3.60155,2.83871,79623.8,79623.9,4.6553,0.568
1788591119469,1788591119339536,79646.7,79646.9,0.01006,0.01194,5071.61,3037438.39,7925160.98,686188.74,3464087.66,8292725.47,79666.1,79666.11,3.72886,2.83871,79623.8,79623.9,4.6553,0.568
1788591119730,1788591119594326,79646.7,79646.9,6e-05,0.01194,4275.14,3036641.93,7924364.51,686126.82,3464025.75,8292663.55,79666.1,79666.11,3.60155,3.13863,79623.8,79623.9,4.7589,0.763
1788591119976,1788591119792580,79646.7,79646.9,6e-05,0.11094,4275.14,3036641.93,7924364.51,702693.54,3480592.46,8309230.26,79666.1,79666.11,3.60155,3.13863,79623.8,79623.9,4.6655,0.763
1788591120222,1788591120106138,79646.7,79646.9,6e-05,0.11094,4275.14,3036641.93,7924364.51,702537.19,3480436.11,8309073.91,79666.1,79666.11,3.60155,3.13829,79623.8,79623.9,4.756,0.9487
1788591120480,1788591120395857,79646.7,79646.9,6e-05,0.11094,4275.14,3036642.25,7924364.83,702693.31,3480592.23,8309230.04,79666.1,79666.11,3.60155,3.13829,79623.8,79623.9,4.756,0.9487
1788591120724,1788591120569998,79646.7,79646.9,6e-05,0.11134,4275.14,3036642.25,7924364.83,701928.7,3479827.62,8308465.42,79666.1,79666.11,3.60155,3.13829,79623.8,79623.9,4.756,0.9487
1788591120969,1788591120782791,79646.7,79647.0,6e-05,1.01375,2652.83,3035019.94,7922742.52,689786.07,3467685.0,8296322.8,79666.1,79666.11,3.60155,3.1811,79623.8,79623.9,4.714,1.0279
1788591121228,1788591121172826,79646.7,79646.9,0.0002,0.099,4033.81,3036400.92,7924123.5,693499.35,3471398.27,8300036.08,79666.1,79666.11,3.59884,3.1779,79623.8,79623.9,4.714,1.0178
1788591121474,1788591121388580,79646.7,79646.9,0.0002,0.09899,4033.81,3004550.76,7892273.34,693498.75,3471397.67,8300035.47,79666.1,79666.11,3.59884,3.17777,79623.8,79623.9,4.6553,1.0178
1788591121721,1788591121505104,79646.7,79646.9,0.0002,0.09899,4033.81,3036401.12,7924123.7,693498.75,3471397.67,8300035.47,79666.1,79666.11,3.5985,3.17777,79623.8,79623.9,4.6553,1.0247
1788591121967,1788591121894241,79646.7,79646.9,0.0002,0.09899,2663.98,3035031.29,7922753.87,690273.29,3471282.95,8299920.75,79666.1,79666.11,3.59083,3.49409,79623.8,79623.9,4.6135,1.0247
1788591122226,1788591122195317,79646.8,79646.9,0.00276,0.24557,2884.6,2836807.71,7647485.71,732955.0,3514055.47,8342693.27,79666.1,79666.11,0.33928,6.55253,79623.8,79623.9,3.392,1.0273
1788591122469,1788591122431224,79646.8,79646.9,0.00276,1.50551,1009.06,2129191.55,6984857.87,757829.6,3312909.8,8141547.6,79665.91,79665.92,0.14341,9.98105,79623.8,79623.9,0.5833,7.1414
1788591122731,1788591122696475,79639.2,79639.4,0.0001,2.00189,36633.02,3047905.86,7254660.62,669666.3,2971865.53,7841610.08,79665.91,79665.92,0.14046,9.9779,79623.8,79623.9,0.7088,7.1414
1788591122975,1788591122936040,79639.1,79639.4,1e-05,1.62509,36828.12,3035302.05,7242056.81,610631.69,2787216.29,7656960.85,79665.91,79665.92,0.14053,9.97403,79623.8,79623.9,0.7088,7.1387
1788591123219,1788591123193018,79642.5,79642.6,0.0002,0.04019,7689.61,3036346.91,7225573.7,719115.04,2904278.1,8052914.51,79665.91,79665.92,0.4888,9.96512,79623.8,79623.9,1.5474,4.836
1788591123479,1788591123442529,79642.4,79642.6,0.0002,0.04019,8708.92,3141150.41,7330377.21,731068.99,2996405.97,8145042.38,79665.91,79665.92,0.49771,11.12106,79623.8,79623.9,1.4775,4.836
1788591123722,1788591123692190,79642.4,79642.6,0.0002,0.04019,10144.0,3110735.93,7299962.72,787411.62,3084551.42,8233187.83,79665.91,79665.92,0.49709,11.12106,79623.8,79623.9,1.2459,4.836
1788591123969,1788591123857793,79638.3,79642.6,0.00062,0.04019,56220.78,3317464.02,7524272.88,727436.4,3024615.23,8173251.64,79665.91,79665.92,0.49809,11.09419,79623.8,79623.9,1.2459,4.836
1788591124230,1788591124115288,79638.3,79642.6,0.00062,0.04019,58017.3,3397594.67,7604403.53,727436.5,3010013.6,8158650.01,79665.91,79665.92,0.49822,11.0942,79623.8,79623.9,1.5327,4.836
1788591124476,1788591124407456,79638.3,79642.6,0.00062,0.04019,58017.3,3399187.21,7605996.08,727485.88,2988073.3,8136709.71,79665.91,79665.92,0.33342,11.0942,79623.8,79623.9,0.9767,4.8383
1788591124719,1788591124637530,79642.1,79642.4,0.0002,0.04007,10017.33,3133447.53,7323674.43,787222.04,3107722.04,8249131.63,79665.91,79665.92,0.48701,11.0942,79623.8,79623.9,0.7255,6.1336
1788591124977,1788591124934163,79642.1,79642.2,0.0002,1.51411,678.5,2755355.9,7139420.96,1027258.7,2956957.68,8258607.22,79660.3,79660.31,0.42512,6.93413,79623.0,79623.1,2.0102,6.5213
1788591125221,1788591125183246,79634.0,79635.6,0.00062,0.72915,61359.34,3183924.87,7943210.4,438400.57,2713389.87,7539964.36,79660.3,79660.31,0.42362,7.05114,79623.0,79623.1,2.0132,6.5213
1788591125480,1788591125444798,79635.3,79635.5,0.0002,0.70303,37689.44,3265555.73,8061547.11,435566.35,2695864.72,7522439.21,79660.3,79660.31,0.42511,7.05127,79623.0,79623.1,1.9881,6.9865
1788591125723,1788591125681113,79635.3,79635.4,0.0002,0.00033,39169.76,3267085.41,8063076.79,323196.7,2615980.19,7442553.05,79660.3,79660.31,0.42147,8.20734,79623.0,79623.1,1.9881,6.9865
1788591125968,1788591125942300,79635.3,79635.4,0.0002,0.71794,37656.79,3235124.01,8031115.38,433362.15,2727022.05,7553594.91,79660.3,79660.31,0.30308,8.21246,79623.0,79623.1,1.9751,7.1765
1788591126229,1788591126191357,79635.1,79635.2,0.0001,0.00033,39208.78,3267122.08,8063113.46,323196.38,2506906.89,7442860.77,79660.3,79660.31,0.32221,8.21237,79623.0,79623.1,1.8965,7.1765
1788591126477,1788591126260112,79635.1,79635.2,0.0001,0.00033,39208.78,3325996.05,8121987.42,381144.32,2564854.83,7500808.71,79660.3,79660.31,0.32354,8.21237,79623.0,79623.1,1.8965,7.1765
1788591126724,1788591126686728,79635.1,79635.2,0.0001,0.00033,38209.4,3323996.58,8119987.96,381940.68,2622156.05,7558109.94,79660.3,79660.31,0.32354,8.21237,79623.0,79623.1,1.8965,7.2286
1788591126970,1788591126860583,79635.1,79635.2,0.0001,0.00033,37723.67,3325103.33,8121094.7,438589.16,2678804.53,7614758.42,79660.3,79660.31,0.32354,8.20916,79623.0,79623.1,1.8965,7.1722
1788591127231,1788591127121619,79635.1,79635.2,0.0001,0.00017,37632.89,3339320.51,8135311.88,439722.14,2679937.51,7615891.4,79660.3,79660.31,0.3248,8.21083,79623.0,79623.1,1.8965,7.1771
1788591127477,1788591127370224,79635.1,79635.2,0.0001,0.00017,37632.88,3339322.5,8135313.88,439722.14,2679937.51,7615891.4,79660.3,79660.31,0.56197,8.2084,79623.0,79623.1,1.8965,7.1771
1788591127723,1788591127691647,79635.1,79635.2,0.0001,0.62454,37882.12,3247742.01,8043733.39,430870.68,2752094.1,7688047.99,79660.3,79660.31,0.56047,8.2084,79623.0,79623.1,1.8965,7.1771
1788591127969,1788591127943376,79635.1,79635.2,0.0001,0.05017,21709.69,2866058.18,7758997.69,430059.82,2815852.62,7703093.83,79660.3,79660.31,0.10878,9.13064,79619.1,79619.2,0.1506,6.3494
1788591128229,1788591128195718,79630.0,79635.1,0.00032,0.00017,288909.4,3310691.31,8031884.8,384433.38,2788254.67,7677012.96,79660.3,79660.31,0.29251,9.12464,79619.1,79619.2,0.4869,6.3506
1788591128475,1788591128444862,79630.9,79631.0,0.0002,0.00017,94928.7,3322283.71,8054957.4,321501.43,2803642.45,7306243.66,79660.3,79660.31,0.29251,9.12464,79619.1,79619.2,0.4869,6.3506
1788591128721,1788591128661764,79630.9,79631.0,0.0002,0.00117,94132.4,3410125.87,8142799.57,317068.91,2799130.29,7301731.5,79660.3,79660.31,0.29251,9.12414,79619.1,79619.2,0.4869,6.3506
1788591128967,1788591128839435,79630.9,79635.1,0.0002,0.03017,94381.62,3410148.16,8142821.86,472495.17,2856089.59,7717848.41,79660.3,79660.31,0.2898,9.12413,79619.1,79619.2,0.4352,6.3506
1788591129227,1788591129192180,79630.9,79634.3,0.0002,0.00879,95395.23,3496721.16,8229394.85,457694.45,2864918.73,7726124.25,79660.3,79660.31,0.2898,9.12413,79619.1,79619.2,0.1507,6.3506
1788591129468,1788591129437156,79634.1,79635.0,0.0002,0.00144,15850.69,3394077.53,8250311.19,467157.6,2884361.01,7746283.96,79660.3,79660.31,0.2863,9.12413,79619.1,79619.2,0.1507,6.3506
1788591129726,1788591129621895,79634.1,79635.0,0.0002,0.00144,15801.32,3414770.92,8271004.59,467157.35,2884360.76,7746283.71,79660.3,79660.31,0.28749,9.12403,79619.1,79619.2,0.1507,6.3506
1788591129970,1788591129933016,79634.1,79635.0,0.0002,0.00144,16065.69,3416627.7,8272861.37,467157.35,3049710.13,7911633.08,79660.3,79660.31,0.28749,9.12403,79619.1,79619.2,0.4245,6.3518
1788591130230,1788591130046831,79634.1,79635.0,0.0002,0.6966,16065.69,3416627.7,8272861.37,520113.82,3134525.05,7996448.0,79660.3,79660.31,0.28756,9.12403,79619.1,79619.2,0.1507,6.3518
1788591130475,1788591130417780,79634.1,79635.0,0.0002,0.00144,16065.69,3384779.26,8241012.93,395228.72,2969252.67,7726178.28,79660.3,79660.31,0.29093,9.12132,79619.1,79619.2,0.1108,6.343
1788591130720,1788591130671051,79634.1,79635.0,0.0002,0.00144,16065.69,3416626.86,8272860.53,447904.08,3052860.79,7809786.39,79660.3,79660.31,0.28743,9.12132,79619.1,79619.2,0.1108,6.343
1788591130978,1788591130909681,79634.1,79635.0,0.0002,0.00144,16065.69,3326639.12,8182872.79,447904.08,3052860.78,7809786.39,79660.3,79660.31,0.2903,9.12132,79619.1,79619.2,0.1108,6.3417
1788591131225,1788591131162724,79634.1,79635.0,0.0002,0.00144,16065.69,3416628.46,8272862.12,447904.08,3052860.66,7919294.17,79660.3,79660.31,0.30748,9.12226,79619.1,79619.2,0.1108,6.3422
1788591131469,1788591131315956,79634.1,79635.0,0.0002,0.00158,16861.99,3417425.55,8273659.22,447915.23,3052871.81,7919305.32,79660.3,79660.31,0.30748,9.12029,79619.1,79619.2,0.1108,6.3422
1788591131729,1788591131691481,79634.1,79635.0,0.0002,0.00014,16065.69,3416629.61,8272863.28,432796.36,3037782.4,7904215.91,79660.3,79660.31,0.30869,9.12029,79619.1,79619.2,0.1625,6.3422
1788591131976,1788591131940938,79634.9,79635.0,0.0002,0.00014,12464.19,3144838.06,8272942.92,450703.1,3049472.9,7915906.41,79660.3,79660.31,0.30862,9.12029,79619.1,79619.2,0.1108,6.3422
1788591132220,1788591132172814,79635.3,79635.5,0.0002,0.01,9306.18,3144902.57,8273007.43,400699.03,3104793.46,7861681.82,79660.3,79660.31,0.30441,9.11409,79619.1,79619.2,0.1108,6.3422
1788591132481,1788591132369612,79635.3,79635.6,0.0002,0.172,10102.48,3139732.27,8267837.13,455333.32,3165394.72,7922283.08,79660.3,79660.31,0.30441,9.11283,79619.1,79619.2,0.1108,6.3435
1788591132729,1788591132637170,79635.5,79635.6,0.0002,0.172,9108.73,3107866.81,8235971.66,455343.67,3157128.72,7914017.07,79660.3,79660.31,0.30441,9.11283,79619.1,79619.2,0.1108,6.3422
1788591132972,1788591132938247,79635.5,79635.6,0.0002,0.172,8312.43,3138918.63,8267023.48,455343.67,3170827.99,7927716.34,79660.3,79660.31,0.30448,9.11283,79619.1,79619.2,0.1108,6.3435
1788591133230,1788591133135907,79633.2,79635.6,0.00021,0.172,35357.41,3413269.23,8276714.45,459185.11,3180311.62,7937199.97,79660.3,79660.31,0.30448,9.11283,79619.1,79619.2,0.1108,6.3435
1788591133476,1788591133332096,79633.2,79635.6,0.00021,0.172,35357.39,3413269.13,8276714.35,459185.09,3194928.64,7951816.99,79660.3,79660.31,0.30448,9.11283,79619.1,79619.2,0.1108,6.3422
1788591133721,1788591133686842,79634.0,79635.4,0.0002,0.00774,16320.48,3413332.83,8269566.5,418131.16,3158404.02,7915292.37,79660.3,79660.31,0.23878,9.11632,79619.1,79619.2,0.4105,6.3422
1788591133981,1788591133879602,79634.0,79634.1,0.0002,0.01,16087.97,3323360.34,8179594.01,328841.12,3064076.08,7929792.16,79660.3,79660.31,0.23878,9.11254,79619.1,79619.2,0.1108,6.3454
1788591134225,1788591134183371,79629.9,79634.1,0.02234,0.01,291164.13,3770021.21,8491191.62,337328.91,3069821.75,7935537.83,79660.3,79660.31,0.23878,9.11254,79619.1,79619.2,0.1207,6.3454
1788591134469,1788591134441633,79629.9,79633.2,0.02234,0.32642,321246.41,3800761.93,8521932.34,298064.53,2836732.81,7348100.47,79660.3,79660.31,0.05872,9.11364,79617.1,79617.2,0.1505,6.1086
1788591134729,1788591134690543,79633.0,79635.4,0.0002,0.00774,81801.89,3443061.11,8306506.33,338784.69,2881631.68,7638520.04,79660.3,79660.31,0.23862,9.04946,79617.1,79617.2,0.776,5.4887
1788591134974,1788591134929876,79635.4,79635.6,0.0002,0.15974,7807.57,3147167.06,8275271.91,446817.08,3201399.7,7958288.05,79660.3,79660.31,0.23862,8.96829,79617.1,79617.2,0.776,5.4887
1788591135222,1788591135181957,79635.4,79635.6,0.0002,0.15974,6283.45,3145642.94,8273747.8,392540.18,3147073.42,7903961.77,79660.3,79660.31,0.25941,8.88141,79617.1,79617.2,0.8228,5.3539
1788591135468,1788591135335241,79635.4,79635.5,0.0002,0.049,7899.95,3147259.44,7965555.97,400111.13,3154644.37,7594248.12,79660.3,79660.31,0.25941,8.88067,79617.1,79617.2,0.8228,5.3539
1788591135717,1788591135594447,79633.0,79635.6,0.00019,0.15974,51268.89,3418245.89,7971882.78,397210.47,3146026.03,7585629.77,79660.3,79660.31,0.25941,8.88067,79617.1,79617.2,0.8302,5.3539
1788591135976,1788591135856854,79633.0,79635.6,0.00019,0.15974,51268.89,3418245.88,7971882.78,449442.19,3198257.75,7637861.5,79660.3,79660.31,0.24255,8.88067,79617.1,79617.2,0.7835,5.3539
1788591136222,1788591136122248,79633.0,79635.5,0.00019,0.049,52899.7,3524139.63,8284791.53,453344.33,3202159.89,7960836.5,79660.3,79660.31,0.22562,8.88067,79617.1,79617.2,0.7835,5.3539
1788591136468,1788591136440351,79633.0,79635.5,0.00019,0.049,51312.68,3522552.61,8283204.51,344908.56,3093568.0,7852244.61,79660.3,79660.31,0.24305,8.88067,79617.1,79617.2,1.8297,5.3539
1788591136725,1788591136694717,79633.0,79635.5,0.00019,0.049,35514.94,3431766.64,8192418.54,344908.55,3093724.11,7852400.72,79660.3,79660.31,0.23926,8.8744,79617.1,79617.2,1.8764,5.3539
1788591136968,1788591136871605,79633.0,79635.5,0.00017,0.049,35469.55,3431721.25,8192373.15,450109.78,3198925.33,7957601.95,79660.3,79660.31,0.23926,8.87169,79617.1,79617.2,1.8764,5.3539
1788591137230,1788591137175110,79635.4,79635.5,0.0002,0.049,22259.35,3248065.21,8273376.74,395591.95,3144158.23,7902834.84,79660.3,79660.31,0.23926,8.87169,79617.1,79617.2,1.8764,5.3539
1788591137474,1788591137429658,79635.3,79635.4,0.0002,0.00472,24095.59,3241935.41,8267246.94,340615.54,3099926.65,7858603.26,79660.3,79660.31,0.24002,8.8716,79617.1,79617.2,1.8764,5.3539
1788591137718,1788591137675924,79635.3,79635.4,0.0002,0.00472,23299.3,3243783.37,8269094.91,341411.9,3100723.0,7859399.61,79660.3,79660.31,0.24002,8.8716,79617.1,79617.2,1.8764,5.3539
1788591137980,1788591137930473,79635.3,79635.4,0.0002,0.00504,23299.3,3209517.13,8234828.66,341447.73,3100758.84,7859435.45,79660.3,79660.31,0.23933,8.87188,79617.1,79617.2,1.8297,5.3539
1788591138227,1788591137958099,79635.3,79635.4,0.0002,0.00504,23299.3,3224518.46,8249829.99,341447.73,3100758.84,7859435.45,79660.3,79660.31,0.21319,8.87188,79617.1,79617.2,1.8297,5.3539
1788591138470,1788591138416896,79635.3,79635.4,0.0002,0.00504,23191.8,3224410.96,8249722.49,447642.09,3206953.2,7965629.81,79660.3,79660.31,0.21319,8.87188,79617.1,79617.2,1.8297,5.3539
1788591138718,1788591138416896,79635.3,79635.4,0.0002,0.00504,23191.8,3224410.96,8249722.49,447642.09,3206953.2,7965629.81,79660.3,79660.31,0.21319,8.87188,79617.1,79617.2,1.8297,5.3539
1788591138977,1788591138887694,79635.3,79635.4,0.0002,0.00502,23191.8,3243675.06,8268986.59,447640.5,3206951.61,7965628.22,79660.3,79660.31,0.21319,8.87188,79617.1,79617.2,1.8297,5.3539
1788591139221,1788591139195100,79635.3,79635.4,0.0002,0.00502,23191.8,3243675.06,8268986.59,447639.98,3192880.55,7951557.16,79660.3,79660.31,0.21569,8.87188,79617.1,79617.2,1.8297,5.3539
1788591139481,1788591139256380,79635.3,79635.4,0.0002,0.00502,23191.8,3243675.06,8268986.59,447639.98,3192880.55,7951557.16,79660.3,79660.31,0.21302,8.87815,79617.1,79617.2,1.7431,5.3552
1788591139727,1788591139693904,79635.2,79635.3,0.0002,0.63888,23320.8,3243804.06,8269115.59,494348.0,3143791.77,8011849.41,79660.3,79660.31,0.21295,8.87514,79617.1,79617.2,1.8297,5.3552
1788591139975,1788591139693904,79635.2,79635.3,0.0002,0.63888,23320.8,3243804.06,8269115.59,494348.0,3143791.77,8011849.41,79660.3,79660.31,0.32103,8.87514,79617.1,79617.2,1.5423,5.3391
1788591140219,1788591140006899,79635.2,79635.3,0.0002,0.63888,23320.8,3242211.65,8267523.18,494348.0,3144792.09,8012849.73,79660.3,79660.31,0.32103,8.8674,79617.1,79617.2,1.8435,5.3391
1788591140479,1788591140442377,79635.1,79635.3,0.0002,1.01902,1372.79,3061211.23,8086522.76,460093.37,3080022.68,7954809.01,79660.3,79660.31,0.32096,8.87367,79617.1,79617.2,0.2026,8.3049
1788591140722,1788591140685181,79635.1,79635.2,0.0002,1.41321,1438.88,3080502.65,8105814.18,568354.23,3201773.05,8076559.38,79660.3,79660.31,0.32082,8.8724,79617.1,79617.2,0.1509,8.3061
1788591140966,1788591140943137,79632.4,79632.5,0.0002,0.00039,70021.92,3351843.77,8112495.67,513001.47,3237096.55,7963411.82,79660.3,79660.31,0.32089,8.8724,79617.1,79617.2,0.1509,8.3061
1788591141226,1788591141178122,79632.3,79632.4,0.0002,0.69288,64048.49,3354285.3,8114937.2,594049.47,3304524.93,7998725.79,79660.3,79660.31,0.31957,8.8724,79617.1,79617.2,0.1509,8.3061
1788591141473,1788591141446477,79632.3,79632.4,0.0002,0.00039,64048.49,3322436.82,8083088.72,487233.6,3197708.78,7891909.64,79660.3,79660.31,0.31957,8.8724,79617.1,79617.2,0.1509,8.3048
1788591141731,1788591141604630,79632.3,79632.4,0.0002,0.00039,49047.22,3339273.36,8099925.26,487233.6,3197708.78,7891909.64,79660.3,79660.31,0.31964,8.84198,79617.1,79617.2,0.1509,8.3061
1788591141976,1788591141770058,79632.3,79632.4,0.0002,0.00039,49171.48,3354398.84,8115050.74,542947.68,3253422.85,7947623.72,79660.3,79660.31,0.31964,8.84174,79617.1,79617.2,0.1509,8.3061
1788591142225,1788591142163825,79632.3,79632.4,0.0002,0.00039,50217.01,3325194.22,8085846.12,457403.18,3167878.35,7862079.21,79660.3,79660.31,0.33707,8.84174,79617.1,79617.2,0.5494,8.3048
1788591142469,1788591142439616,79632.3,79632.4,0.0002,0.00039,64520.0,3322649.31,8083301.21,244058.62,2922675.68,7616876.54,79660.3,79660.31,0.29611,8.84174,79617.1,79617.2,0.4628,8.3048
1788591142730,1788591142610448,79632.3,79632.4,0.0002,0.00053,65543.18,3352876.39,8113528.29,349185.29,3054267.51,7748468.37,79660.3,79660.31,0.2877,8.78277,79617.1,79617.2,0.1528,8.3048
1788591142974,1788591142784300,79632.3,79632.4,0.0002,0.00053,65543.18,3352876.39,8113528.29,335567.6,3040649.82,7734850.69,79660.3,79660.31,0.2842,8.78277,79617.1,79617.2,0.1528,8.3048
1788591143218,1788591143118324,79632.3,79632.4,0.0002,0.00053,65543.18,3356568.42,8117220.32,335567.86,3046112.09,7740312.96,79660.3,79660.31,0.28328,8.7827,79617.1,79617.2,0.1509,8.3048
1788591143480,1788591143267815,79632.3,79632.4,0.0002,0.00039,65543.18,3356568.42,8117220.32,349174.4,3059718.63,7753919.5,79660.3,79660.31,0.28328,8.7827,79617.1,79617.2,0.1509,8.3048
1788591143725,1788591143669533,79631.4,79634.7,0.00021,0.68106,76251.81,3556472.63,8116912.99,530044.2,3120803.6,7995036.63,79660.3,79660.31,0.28935,8.78244,79617.1,79617.2,0.2026,8.3048
1788591143968,1788591143945679,79634.5,79634.6,0.0002,0.119,14458.83,3083434.37,8108745.91,442673.62,3033183.73,7907416.76,79660.3,79660.31,0.30685,8.77995,79617.1,79617.2,0.7502,8.3048
1788591144229,1788591144189785,79634.8,79635.2,0.0002,0.15697,9396.91,3082053.6,8107365.13,494600.43,3098894.3,7973680.63,79660.3,79660.31,0.42846,8.77995,79617.1,79617.2,0.4595,8.3048
1788591144474,1788591144392251,79634.8,79635.2,0.0002,0.15697,15000.49,3085977.16,8111288.69,423844.14,3030090.15,7904876.48,79660.3,79660.31,0.43003,8.77097,79617.1,79617.2,0.7693,7.648
1788591144719,1788591144479506,79634.8,79635.2,0.0002,0.15697,15000.49,3085977.16,8111288.69,423854.49,3030100.5,7904886.83,79660.3,79660.31,0.43003,8.77097,79617.1,79617.2,0.816,7.648
1788591144967,1788591144912023,79634.8,79635.2,0.0002,0.15697,15000.49,3092540.0,8117851.53,415815.84,3028028.5,7902814.83,79660.3,79660.31,0.43003,8.77097,79617.1,79617.2,0.816,7.648
1788591145227,1788591145148776,79634.8,79635.2,0.0002,0.1616,14204.19,3091743.7,8117055.23,426206.49,3038369.77,7913156.1,79660.3,79660.31,0.30685,8.77724,79617.1,79617.2,0.4944,7.6493
1788591145473,1788591145442101,79629.0,79635.1,0.03342,0.049,105987.6,3614917.08,9611544.24,506190.09,3438061.94,8006826.84,79660.3,79660.31,0.30685,8.77724,79617.1,79617.2,0.5461,7.6493
1788591145730,1788591145694623,79629.2,79632.5,0.03951,0.01,94722.8,3615850.92,9612478.08,413430.73,3459087.93,7879381.77,79660.3,79660.31,0.28935,8.77724,79617.1,79617.2,0.4078,7.6493
1788591145977,1788591145940077,79634.3,79634.5,0.0002,0.64499,14682.6,3125246.58,8113852.27,559349.55,3508005.81,8076217.41,79660.3,79660.31,0.28935,8.77688,79617.1,79617.2,0.5461,7.6493
1788591146222,1788591146189594,79635.1,79635.2,0.0002,0.47971,14024.16,3091563.62,8116875.15,412043.54,3343915.35,7912680.25,79660.3,79660.31,0.28671,8.77688,79617.1,79617.2,0.5467,7.6493
1788591146469,1788591146389995,79635.1,79635.2,0.0002,0.46465,14024.16,3091563.62,8116875.15,470101.74,3401973.55,7970738.45,79660.3,79660.31,0.28671,8.77688,79617.1,79617.2,0.5462,7.648
1788591146727,1788591146586349,79635.0,79635.2,0.0002,0.1507,11878.99,3089418.44,8114729.97,461391.76,3393263.57,7962028.47,79660.3,79660.31,0.28671,8.77688,79617.1,79617.2,0.5462,7.6493
1788591146971,1788591146942770,79635.5,79635.6,0.0002,0.62202,11942.69,3089481.95,8114793.48,492857.31,3517343.73,7976727.61,79660.3,79660.31,0.28647,8.77688,79617.1,79617.2,0.5461,7.648
1788591147229,1788591147089295,79635.5,79635.6,0.0002,0.67202,8796.54,3089525.19,8114836.73,494844.84,3525314.25,7984698.13,79660.3,79660.31,0.28647,8.77659,79617.1,79617.2,0.4944,7.648
1788591147476,1788591147324746,79635.5,79635.6,0.0002,0.68202,8000.24,3088728.89,8114040.43,495651.55,3532683.31,7992067.19,79660.3,79660.31,0.28636,8.77659,79617.1,79617.2,0.4944,7.648
1788591147721,1788591147683850,79635.5,79635.6,0.0002,0.66678,8796.54,3089525.19,8114836.72,494437.9,3531469.66,7990853.54,79660.3,79660.31,0.30379,8.77636,79617.1,79617.2,0.6095,7.648
1788591147968,1788591147788697,79635.5,79635.6,0.0002,0.66678,8000.24,3088728.89,8114040.43,494437.9,3531469.66,7990853.54,79660.3,79660.31,0.30386,8.77635,79617.1,79617.2,0.6961,7.648
1788591148228,1788591148188666,79635.5,79635.6,0.0002,0.66678,8000.24,3086037.65,8111349.19,469436.15,3509225.99,7968609.87,79660.3,79660.31,0.30386,8.77635,79617.1,79617.2,0.6961,7.648
1788591148473,1788591148376396,79635.5,79635.6,0.0002,0.67624,11195.77,3089282.55,8114594.08,495191.41,3534981.26,7994365.14,79660.3,79660.31,0.30225,8.77635,79617.1,79617.2,0.4078,7.648
1788591148732,1788591148616641,79635.5,79635.6,0.0002,0.66624,11992.07,3092825.03,8118136.56,494395.05,3531426.82,7990810.69,79660.3,79660.31,0.30207,8.77572,79617.1,79617.2,0.4054,7.648
1788591148975,1788591148942641,79635.4,79635.5,0.0002,0.73513,11094.62,3091927.58,8117239.11,553733.85,3590765.62,8050149.5,79660.3,79660.31,0.27542,8.77572,79617.1,79617.2,0.4054,7.6493
1788591149221,1788591149119163,79635.4,79635.5,0.0002,0.00522,11094.62,3089181.4,8114492.93,445736.11,3485504.45,7944888.33,79660.3,79660.31,0.29642,8.81966,79617.1,79617.2,0.492,7.648
1788591149480,1788591149234669,79635.4,79635.5,0.0002,0.00522,8086.25,3086173.02,8111484.56,395092.52,3434860.86,7894244.74,79660.3,79660.31,0.29642,8.82366,79617.1,79617.2,0.4571,7.648
1788591149722,1788591149654373,79635.4,79635.5,0.0002,0.00522,8086.25,3088852.32,8114163.85,395092.52,3432124.28,7891508.16,79660.3,79660.31,0.29642,8.82366,79617.1,79617.2,0.4571,7.648
1788591149969,1788591149915727,79635.4,79635.6,0.0002,0.05,11811.34,3092577.41,8117888.94,394676.82,3431708.58,7891092.46,79660.3,79660.31,0.29642,8.82115,79617.1,79617.2,0.5456,7.6493
1788591150231,1788591150179221,79635.4,79635.6,0.0002,0.05,11015.04,2984838.88,7803135.41,394676.82,3434454.72,7574765.74,79660.3,79660.31,0.29515,8.82115,79617.1,79617.2,0.5456,7.6493
1788591150475,1788591150440087,79635.4,79635.5,0.0002,0.7105,10580.22,2971874.78,7790171.31,451257.84,3478506.75,7618817.76,79660.3,79660.31,0.27765,8.82115,79617.1,79617.2,0.1485,7.6493
1788591150718,1788591150620190,79635.4,79635.5,0.0002,0.7605,10580.22,2974528.6,7792825.13,455239.62,3479742.38,7620053.4,79660.3,79660.31,0.27165,8.82115,79617.1,79617.2,0.1485,7.6493
1788591150977,1788591150854662,79635.4,79635.5,0.0002,0.76049,10580.22,3083732.58,8122872.65,455238.82,3586399.59,7942672.04,79660.3,79660.31,0.27165,8.82115,79617.1,79617.2,0.1485,7.6493
1788591151221,1788591151196622,79635.3,79635.5,0.0002,0.05,11442.61,3081891.81,8121031.87,398658.6,3532638.78,7888911.22,79660.3,79660.31,0.27765,8.82115,79617.1,79617.2,0.1437,7.648
1788591151477,1788591151217133,79635.3,79635.5,0.0002,0.05,10646.32,3081095.51,8120235.58,453270.51,3587250.69,7943523.13,79660.3,79660.31,0.28885,8.81715,79617.1,79617.2,0.4938,7.648
1788591151723,1788591151661236,79635.0,79635.1,0.0002,0.01,14239.97,3084171.91,8123311.98,498665.37,3418007.7,7990319.17,79660.3,79660.31,0.26535,8.81715,79617.1,79617.2,0.2303,7.6493
1788591151981,1788591151922105,79635.3,79635.5,0.0002,0.05,13983.6,3083915.54,8123055.6,398709.56,3529870.32,7886142.77,79660.3,79660.31,0.28885,8.81715,79617.1,79617.2,0.5054,7.648
1788591152226,1788591152190246,79635.3,79635.4,0.0002,0.75871,10998.28,3081447.48,8120587.55,447183.28,3583122.64,7939395.09,79660.3,79660.31,0.25203,8.84474,79617.1,79617.2,0.517,7.6493
1788591152471,1788591152429165,79635.3,79635.4,0.0002,0.75871,10998.28,3100816.69,8139956.75,447183.28,3599828.78,7956101.23,79660.3,79660.31,0.25453,8.84474,79617.1,79617.2,0.517,7.6493
1788591152716,1788591152689445,79635.3,79635.4,0.0002,0.75885,10998.28,3098153.31,8137293.38,446398.08,3599043.58,7955316.02,79660.3,79660.31,0.25453,8.84474,79617.1,79617.2,0.517,7.648
1788591152979,1788591152927249,79635.3,79635.4,0.0002,0.75885,10998.28,3098153.31,8137293.38,446398.08,3601636.78,7957909.23,79660.3,79660.31,0.3849,8.84474,79617.1,79617.2,0.517,7.648
1788591153223,1788591153190324,79635.3,79635.4,0.0002,0.75885,10998.28,3098153.31,8137293.38,446398.33,3599224.24,7955496.68,79660.3,79660.31,0.40247,8.84474,79617.1,79617.2,0.7874,7.648
1788591153482,1788591153410264,79635.1,79635.4,0.0002,0.05,10762.62,3100576.25,8139716.32,449667.85,3602493.75,7958766.2,79660.3,79660.31,0.40247,8.8445,79617.1,79617.2,0.7874,7.648
1788591153726,1788591153690556,79635.1,79635.4,0.0002,0.05,10762.62,3097917.65,8137057.72,449667.85,3602493.75,7958766.2,79660.3,79660.31,0.40247,8.83787,79617.1,79617.2,0.7008,7.648
1788591153970,1788591153857791,79634.9,79635.3,0.0001,0.01,10763.41,3097918.45,8137058.52,390755.49,3329772.71,7902084.18,79660.3,79660.31,0.40247,8.83787,79617.1,79617.2,0.4821,7.648
1788591154230,1788591154192802,79634.9,79635.4,0.0001,0.05,10763.41,3097918.45,8137058.52,392522.55,3545348.45,7901620.9,79660.3,79660.31,0.64228,8.83864,79617.1,79617.2,0.7624,7.648
1788591154477,1788591154345523,79635.3,79635.4,0.0002,0.05,8896.08,3098771.82,8137911.89,339459.1,3492285.0,7848557.45,79660.3,79660.31,0.64228,8.83864,79617.1,79617.2,0.7624,7.648
1788591154722,1788591154690480,79635.3,79635.4,0.0002,0.05,8896.08,3080094.32,8119234.39,399184.26,3552010.17,7908282.62,79660.3,79660.31,0.51034,8.83864,79617.1,79617.2,0.4821,7.6493
1788591154967,1788591154739827,79635.3,79635.4,0.0002,0.05,9692.38,3080890.62,8120030.69,399184.26,3554702.15,7910974.6,79660.3,79660.31,0.64227,8.83864,79617.1,79617.2,0.6154,7.648
1788591155228,1788591155193480,79631.4,79635.6,0.00085,0.05,76819.57,3555593.81,8129862.7,396257.31,3544304.61,7900577.06,79660.3,79660.31,0.64227,8.83864,79617.1,79617.2,0.8189,7.648
1788591155472,1788591155356971,79635.5,79635.6,0.0002,0.04982,11644.9,3085594.91,8124734.97,395942.85,3543990.15,7900262.6,79660.3,79660.31,0.64377,8.83864,79617.1,79617.2,0.8189,7.648
1788591155718,1788591155691819,79635.5,79635.6,0.0002,0.05089,10780.91,3081979.17,8121119.23,446286.49,3594333.79,7950606.24,79660.3,79660.31,0.64227,8.83864,79617.1,79617.2,0.6856,7.648
1788591155979,1788591155708727,79635.5,79635.6,0.0002,0.06089,10780.91,3081979.17,8121119.23,447082.85,3597839.65,7954112.1,79660.3,79660.31,0.51027,8.83735,79617.1,79617.2,0.5687,7.648
1788591156227,1788591156191261,79635.5,79635.6,0.0002,0.06089,10780.91,3081979.17,8121119.23,445490.09,3593537.39,7949809.84,79660.3,79660.31,0.51027,8.83735,79617.1,79617.2,0.5687,7.648
1788591156471,1788591156426128,79635.5,79635.6,0.0002,0.05089,10780.91,3084629.8,8123769.87,446286.5,3594334.6,7950607.04,79660.3,79660.31,0.51027,8.83735,79617.1,79617.2,0.5687,7.648
1788591156717,1788591156638144,79635.5,79635.6,0.0002,0.06089,10780.91,3084629.8,8123769.87,447082.85,3595130.95,7951403.4,79660.3,79660.31,0.51007,8.86929,79617.1,79617.2,0.4821,7.648
1788591156974,1788591156750103,79635.5,79635.6,0.0002,0.06089,10780.91,3081979.17,8121119.23,447082.85,3597883.44,7954155.88,79660.3,79660.31,0.51014,8.86929,79617.1,79617.2,0.5687,7.6493
1788591157220,1788591157183974,79635.4,79635.5,0.0002,0.00107,8450.14,3079648.39,8118788.46,445921.91,3596722.5,7952994.94,79660.3,79660.31,0.51014,8.82535,79617.1,79617.2,0.5687,7.6493
1788591157478,1788591157419054,79635.4,79635.5,0.0002,0.95041,9710.66,3100622.85,8139762.92,447659.13,3598459.72,7954732.16,79660.3,79660.31,0.49007,8.83098,79617.1,79617.2,0.5151,7.6493
1788591157723,1788591157667951,79635.3,79635.4,0.0002,0.00562,8006.62,3098918.78,8138058.84,393439.63,3549018.81,7905291.26,79660.3,79660.31,0.5075,8.83168,79617.1,79617.2,0.5668,7.648
1788591157968,1788591157814797,79635.3,79635.4,0.0002,0.00562,8802.92,3099715.07,8138855.14,392633.18,3548212.36,7904484.81,79660.3,79660.31,0.50764,8.83146,79617.1,79617.2,0.4802,7.648
1788591158226,1788591158195093,79635.2,79635.3,0.0002,0.119,7889.55,3098302.44,8137442.5,457432.7,3396414.86,7968726.33,79660.3,79660.31,0.57996,8.82512,79617.1,79617.2,0.5668,7.648
1788591158469,1788591158304111,79635.2,79635.3,0.0002,0.00107,10352.51,3100765.4,8139905.47,392281.19,3331263.35,7903574.82,79660.3,79660.31,0.57996,8.82512,79617.1,79617.2,0.5668,7.648
1788591158730,1788591158304111,79635.2,79635.3,0.0002,0.00107,10352.51,3100765.4,8139905.47,392281.19,3331263.35,7903574.82,79660.3,79660.31,0.57996,8.82512,79617.1,79617.2,0.5668,7.648
1788591158976,1788591158785988,79635.2,79635.3,0.0002,0.01107,7889.55,3098302.44,8137442.5,452113.73,3391095.88,7963407.36,79660.3,79660.31,0.57996,8.82505,79617.1,79617.2,0.4253,7.6493
1788591159221,1788591158785988,79635.2,79635.3,0.0002,0.01107,7889.55,3098302.44,8137442.5,452113.73,3391095.88,7963407.36,79660.3,79660.31,0.57996,8.86877,79617.1,79617.2,0.4253,7.6493
1788591159480,1788591159401911,79635.2,79635.3,0.0002,0.00107,7889.55,3098302.44,8137442.5,451317.37,3390299.53,7962611.0,79660.3,79660.31,0.57996,8.86877,79617.1,79617.2,0.4253,7.6493
1788591159723,1788591159647598,79635.2,79635.3,0.0002,0.72818,10346.08,3100758.97,8139899.04,509221.0,3448203.15,8020514.63,79660.3,79660.31,0.56246,8.86877,79617.1,79617.2,0.4253,7.6493
1788591159982,1788591159860147,79635.2,79635.3,0.0002,0.73818,10346.08,3100758.97,8139899.04,510017.35,3448999.51,8021310.98,79660.3,79660.31,0.56215,8.86677,79617.1,79617.2,0.4253,7.6493
1788591160228,1788591160177927,79635.2,79635.3,0.0002,0.00107,9139.74,3099552.62,8138692.69,392281.19,3331263.34,7903574.82,79660.3,79660.31,0.71321,8.82283,79617.1,79617.2,0.5636,7.648
1788591160475,1788591160367915,79635.2,79635.3,0.0002,0.01107,8343.44,3098756.33,8137896.39,443112.8,3374139.42,7946450.9,79660.3,79660.31,0.71321,8.82276,79617.1,79617.2,0.477,7.6493
1788591160722,1788591160649379,79635.2,79635.3,0.0002,0.01079,8343.44,3098756.33,8137896.39,443080.15,3374106.77,7946418.24,79660.3,79660.31,0.71328,8.8229,79617.1,79617.2,0.5636,7.648
1788591160981,1788591160649379,79635.2,79635.3,0.0002,0.01079,8343.44,3098756.33,8137896.39,443080.15,3374106.77,7946418.24,79660.3,79660.31,0.71328,8.82425,79617.1,79617.2,0.801,7.648
1788591161224,1788591161153074,79635.2,79635.3,0.0002,0.00955,8343.44,3078062.93,8117203.0,442991.75,3343085.63,7915397.1,79660.3,79660.31,0.71328,8.82389,79617.1,79617.2,0.801,7.648
1788591161469,1788591161276837,79635.2,79635.3,0.0002,0.00955,8343.44,3078062.93,8117203.0,442991.75,3343085.63,7915397.1,79660.3,79660.31,0.72657,8.82389,79617.1,79617.2,0.477,7.648
1788591161724,1788591161687016,79635.2,79635.3,0.0002,0.00079,8343.44,3156112.33,8195252.4,442294.15,3398724.65,7971036.12,79660.3,79660.31,0.70787,8.82375,79617.1,79617.2,0.477,7.6493
1788591161971,1788591161732457,79635.2,79635.3,0.0002,0.00079,9139.75,3156908.64,8196048.71,442294.15,3398724.65,7971036.12,79660.3,79660.31,0.7253,8.82389,79617.1,79617.2,0.477,7.648
1788591162230,1788591162193645,79635.2,79635.3,0.0002,0.00079,9139.75,3152621.77,8191761.84,442294.15,3398724.65,7971036.12,79660.3,79660.31,0.72537,8.82389,79617.1,79617.2,0.477,7.6468
1788591162475,1788591162368204,79635.2,79635.3,0.0002,0.00079,9139.75,3152621.77,8191761.84,442294.15,3406680.14,7978991.62,79660.3,79660.31,0.72537,8.82389,79617.1,79617.2,0.477,7.6468
1788591162718,1788591162607733,79635.2,79635.3,0.0002,0.00093,9139.75,3154214.21,8193354.28,442305.65,3406691.65,7979003.12,79660.3,79660.31,0.72537,8.82189,79617.1,79617.2,0.477,7.6468
1788591162980,1788591162699541,79635.2,79635.3,0.0002,0.00093,9139.75,3156961.18,8196101.25,442305.65,3406691.65,7979003.12,79660.3,79660.31,0.72537,8.82196,79617.1,79617.2,0.477,7.6568
1788591163228,1788591162699541,79635.2,79635.3,0.0002,0.00093,9139.75,3156961.18,8196101.25,442305.65,3406691.65,7979003.12,79660.3,79660.31,0.72416,8.86577,79617.1,79617.2,0.477,7.6468
1788591163472,1788591163421106,79635.2,79635.3,0.0002,0.00079,11238.83,3159060.27,8198200.34,392259.25,3356645.24,7928956.71,79660.3,79660.31,0.72416,8.86577,79617.1,79617.2,0.477,7.6468
1788591163718,1788591163421106,79635.2,79635.3,0.0002,0.00079,11238.83,3159060.27,8198200.34,392259.25,3356645.24,7928956.71,79660.3,79660.31,0.72566,8.86577,79617.1,79617.2,0.477,7.6468
1788591163976,1788591163913921,79635.5,79635.6,0.0002,0.04691,8693.05,3157013.75,8196153.82,446909.3,3623113.72,7979386.17,79660.3,79660.31,0.72566,8.86766,79617.1,79617.2,0.5655,7.6468
1788591164220,1788591164081397,79635.5,79635.6,0.0002,0.04691,8693.05,3157013.75,8196153.82,446909.3,3623113.72,7979386.17,79660.3,79660.31,0.72366,8.8389,79617.1,79617.2,0.4789,7.6475
1788591164480,1788591164351058,79635.5,79635.6,0.0002,0.04691,8643.68,3157013.75,8196131.54,446909.3,3623113.72,7979386.17,79660.3,79660.31,0.72366,8.8389,79617.1,79617.2,0.4789,7.6491
1788591164725,1788591164609232,79635.5,79635.6,0.0002,0.04691,8643.68,3157013.75,8196131.54,446909.3,3623113.72,7979281.21,79660.3,79660.31,0.72366,8.8389,79617.1,79617.2,0.4789,7.6491
1788591164970,1788591164918780,79635.5,79635.6,0.0002,0.04691,8643.68,3157013.75,8196152.23,446909.3,3623113.72,7979281.21,79660.3,79660.31,0.72366,8.83853,79617.1,79617.2,0.4789,7.6491
1788591165231,1788591165158202,79635.5,79635.6,0.0002,0.04691,8643.68,3157013.78,8196152.26,446909.3,3623113.72,7979281.21,79660.3,79660.31,0.72366,8.82342,79617.1,79617.2,0.5256,7.6491
1788591165474,1788591165431400,79635.5,79635.6,0.0002,0.04691,8201.72,3156571.82,8195710.3,446909.3,3623113.72,7979281.21,79660.3,79660.31,0.72366,8.82142,79617.1,79617.2,0.5256,7.6491
1788591165720,1788591165603024,79635.5,79635.6,0.0002,0.04691,8201.72,3156571.82,8195710.3,446909.3,3623113.72,7979281.21,79660.3,79660.31,0.72353,8.82142,79617.1,79617.2,0.5256,7.6491
1788591165982,1788591165800074,79635.5,79635.6,0.0002,0.04691,8201.72,3156571.82,8195710.3,446812.13,3623016.55,7979184.03,79660.3,79660.31,0.72353,8.82403,79617.1,79617.2,0.5636,7.6491
1788591166227,1788591165800074,79635.5,79635.6,0.0002,0.04691,8201.72,3156571.82,8195710.3,446812.13,3623016.55,7979184.03,79660.3,79660.31,0.72353,8.86797,79617.1,79617.2,0.477,7.6491
1788591166472,1788591165800074,79635.5,79635.6,0.0002,0.04691,8201.72,3156571.82,8195710.3,446812.13,3623016.55,7979184.03,79660.3,79660.31,0.72353,8.86797,79617.1,79617.2,0.3785,7.6491
1788591166720,1788591166511717,79635.5,79635.6,0.0002,0.04691,7405.42,3155775.52,8194914.0,446812.13,3623016.55,7979184.03,79660.3,79660.31,0.72353,8.86797,79617.1,79617.2,0.4789,7.6491
1788591166979,1788591166943329,79635.5,79635.6,0.0002,0.04691,8201.72,3153824.84,8192963.32,446812.13,3623016.55,7979184.03,79660.3,79660.31,0.72353,8.86797,79617.1,79617.2,0.4789,7.6491
1788591167224,1788591167181101,79635.5,79635.6,0.0002,0.04691,8201.72,3156468.31,8195606.79,445219.37,3618671.31,7974838.79,79660.3,79660.31,0.72353,8.86797,79617.1,79617.2,0.4789,7.6504
1788591167473,1788591167285726,79635.5,79635.6,0.0002,0.04666,10972.15,3159238.74,8198377.21,396620.57,3570072.51,7926239.99,79660.3,79660.31,0.72353,8.86797,79617.1,79617.2,0.2801,7.6504
1788591167718,1788591167687749,79635.5,79635.6,0.0002,0.04714,7561.49,3153083.61,8192222.09,445974.07,3622144.25,7978311.74,79660.3,79660.31,0.57577,8.86797,79617.1,79617.2,0.2284,7.6504
1788591167979,1788591167937163,79635.5,79635.6,0.0002,0.05683,7561.49,3155848.11,8194986.58,397430.46,3573600.64,7929768.13,79660.3,79660.31,0.70943,8.86767,79617.1,79617.2,0.4134,7.6491
1788591168222,1788591167937163,79635.5,79635.6,0.0002,0.05683,7561.49,3155848.11,8194986.58,397430.46,3573600.64,7929768.13,79660.3,79660.31,0.70943,8.86767,79617.1,79617.2,0.2801,7.6491
1788591168467,1788591168198141,79635.5,79635.6,0.0002,0.05683,7561.49,3155848.11,8194986.58,397430.46,3565645.15,7921812.63,79660.3,79660.31,0.70943,8.86767,79617.1,79617.2,0.2801,7.6504
1788591168729,1788591168198141,79635.5,79635.6,0.0002,0.05683,7561.49,3155848.11,8194986.58,397430.46,3565645.15,7921812.63,79660.3,79660.31,0.70943,8.86767,79617.1,79617.2,0.2801,7.6491
1788591168977,1788591168198141,79635.5,79635.6,0.0002,0.05683,7561.49,3155848.11,8194986.58,397430.46,3565645.15,7921812.63,79660.3,79660.31,0.70943,8.86753,79617.1,79617.2,0.2801,7.6491
1788591169221,1788591168198141,79635.5,79635.6,0.0002,0.05683,7561.49,3155848.11,8194986.58,397430.46,3565645.15,7921812.63,79660.3,79660.31,0.7095,8.86753,79617.1,79617.2,0.2801,7.6491
1788591169467,1788591169376913,79635.5,79635.6,0.0002,0.05683,7561.49,3155848.11,8194986.58,397430.46,3565306.62,7921474.11,79660.3,79660.31,0.7095,8.86746,79617.1,79617.2,0.2801,7.6504
1788591169726,1788591169688747,79635.5,79635.6,0.0002,0.05788,7543.18,3155829.79,8194968.27,446211.8,3582568.6,7938736.09,79660.3,79660.31,0.76431,8.86746,79617.1,79617.2,0.1797,7.6504
1788591169971,1788591169864995,79635.5,79635.6,0.0002,0.05788,7543.18,3155829.79,8194968.27,446211.8,3614427.68,7970595.17,79660.3,79660.31,0.76431,8.86746,79617.1,79617.2,0.3667,7.6504
1788591170219,1788591170084691,79635.5,79635.6,0.0002,0.05788,7543.18,3155829.79,8194968.27,446211.8,3614427.68,7970595.17,79660.3,79660.31,0.76588,8.86684,79617.1,79617.2,0.3667,7.6491
1788591170479,1788591170360209,79635.5,79635.6,0.0002,0.05788,7543.18,3155829.79,8194968.27,446211.8,3614427.68,7970595.17,79660.3,79660.31,0.76438,8.86873,79617.1,79617.2,0.2801,7.6504
1788591170725,1788591170531290,79635.5,79635.6,0.0002,0.05788,7543.18,3155829.79,8194968.27,449254.71,3617470.59,7973638.08,79660.3,79660.31,0.76438,8.86873,79617.1,79617.2,0.2782,7.6504
1788591170970,1788591170939449,79635.5,79635.6,0.0002,0.04788,8339.48,3156626.09,8195764.57,448448.0,3616662.68,7972830.17,79660.3,79660.31,0.76438,8.86873,79617.1,79617.2,0.3667,7.6504
1788591171228,1788591171160931,79635.5,79635.6,0.0002,0.04787,7698.46,3314382.73,8353521.21,232038.44,3073023.49,7735248.68,79660.3,79660.31,0.89315,8.86896,79617.1,79617.2,0.54,4.5815
1788591171473,1788591171388010,79635.4,79635.6,0.0002,0.04787,8169.06,3315800.87,8354939.35,447455.86,3288440.91,7950666.1,79660.3,79660.31,0.89315,8.86896,79617.1,79617.2,0.856,4.5815
1788591171732,1788591171692435,79635.4,79635.6,0.0002,0.00153,7372.77,3315004.58,8354143.05,443765.54,3288732.89,7950958.09,79660.3,79660.31,0.76664,8.86853,79617.1,79617.2,0.856,4.5815
1788591171977,1788591171944923,79635.4,79635.5,0.0002,0.01153,7372.77,3315004.74,8354143.21,438229.08,3251338.55,7913563.75,79660.3,79660.31,0.89781,8.74223,79617.1,79617.2,1.092,4.5815
1788591172221,1788591172127956,79635.4,79635.5,0.0002,0.01153,7372.77,3312240.24,8351378.72,334211.77,3184638.3,7846863.5,79660.3,79660.31,0.89781,8.74223,79617.1,79617.2,1.092,4.5815
1788591172468,1788591172434058,79635.4,79635.5,0.0002,0.01153,7372.77,3312240.24,8351378.72,334222.13,3192604.1,7854829.29,79660.3,79660.31,0.89781,8.74223,79617.1,79617.2,1.092,4.5815
1788591172731,1788591172481617,79635.4,79635.5,0.0002,0.01153,7372.77,3314983.24,8354121.71,334222.13,3195384.58,7857609.77,79660.3,79660.31,0.89781,8.74223,79617.1,79617.2,1.092,4.5828
1788591172978,1788591172752150,79635.4,79635.5,0.0002,0.01153,7372.77,3314983.24,8354121.71,387193.21,3248355.66,7910580.86,79660.3,79660.31,0.89767,8.74223,79617.1,79617.2,1.092,4.5828
1788591173223,1788591172752150,79635.4,79635.5,0.0002,0.01153,7372.77,3314983.24,8354121.71,387193.21,3248355.66,7910580.86,79660.3,79660.31,0.89767,8.74223,79617.1,79617.2,1.0918,4.5828
1788591173472,1788591173234492,79635.4,79635.5,0.0002,0.01153,7372.77,3313390.8,8352529.28,387193.21,3248355.66,7910580.86,79660.3,79660.31,0.89767,8.74223,79617.1,79617.2,1.0918,4.5828
1788591173720,1788591173687491,79635.4,79635.5,0.0002,0.01153,7372.77,3314983.24,8354121.72,387193.21,3262769.11,7924994.3,79660.3,79660.31,0.89767,8.74145,79617.1,79617.2,1.0918,4.5815
1788591173967,1788591173687491,79635.4,79635.5,0.0002,0.01153,7372.77,3314983.24,8354121.72,387193.21,3262769.11,7924994.3,79660.3,79660.31,0.89844,8.74143,79617.1,79617.2,1.0918,4.5828
1788591174228,1788591174131283,79635.4,79635.5,0.0002,0.01153,7372.77,3314983.24,8354121.72,440434.66,3316010.56,7978235.75,79660.3,79660.31,0.89844,8.74143,79617.1,79617.2,1.0918,4.5828
1788591174475,1788591174427509,79635.4,79635.5,0.0002,0.01153,7323.4,3314983.24,8354121.72,439916.6,3301793.24,7964018.43,79660.3,79660.31,0.90141,8.74143,79617.1,79617.2,1.0833,4.5815
1788591174720,1788591174659473,79635.4,79635.5,0.0002,0.01053,7323.4,3314983.24,8354121.72,439826.05,3301702.68,7963927.88,79660.3,79660.31,0.90141,8.74143,79617.1,79617.2,1.0833,4.5815
1788591174979,1788591174761480,79635.4,79635.5,0.0002,0.01053,7323.4,3314983.24,8354121.72,439826.05,3301702.68,7963927.88,79660.3,79660.31,0.90217,8.74143,79617.1,79617.2,1.0833,4.5815
1788591175222,1788591175184900,79635.4,79635.5,0.0002,0.01053,7323.4,3314983.24,8354121.72,439826.5,3607713.66,7963881.14,79660.3,79660.31,0.90217,8.74543,79617.1,79617.2,1.065,4.5815
1788591175468,1788591175418063,79636.0,79636.1,0.0002,0.00627,4979.16,3205812.72,8353185.41,389536.95,3718397.12,7907037.76,79660.3,79660.31,0.90217,8.73917,79617.1,79617.2,1.065,4.5815
1788591175729,1788591175622299,79636.0,79636.1,0.0002,0.01,4979.16,3205812.72,8353185.41,340276.01,3669136.18,7857776.83,79660.3,79660.31,0.90217,8.73917,79617.1,79617.2,1.065,4.5815
1788591175972,1788591175775825,79636.0,79636.1,0.0002,0.01,4989.51,3205823.08,8353195.76,340276.01,3669136.18,7857776.83,79660.3,79660.31,0.90217,8.73917,79617.1,79617.2,1.065,4.5815
1788591176231,1788591176146830,79636.0,79636.1,0.0002,0.01,4989.51,3205823.08,8353195.76,390787.85,3719648.02,7908288.66,79660.3,79660.31,0.90155,8.73917,79617.1,79617.2,1.1329,4.5815
1788591176477,1788591176303852,79636.0,79636.1,0.0002,0.01,4989.51,3205823.08,8353195.76,390798.21,3719658.37,7908299.02,79660.3,79660.31,0.90225,8.73917,79617.1,79617.2,1.1329,4.5815
1788591176722,1788591176667499,79636.0,79636.1,0.0002,0.01,4989.51,3203080.08,8350452.77,390798.21,3716877.89,7905518.53,79660.3,79660.31,0.90225,8.73902,79617.1,79617.2,1.1329,4.5815
1788591176969,1788591176898131,79636.0,79636.1,0.0002,0.01,4989.51,3203080.08,8350452.77,340296.72,3666376.4,7855017.05,79660.3,79660.31,0.90099,8.73902,79617.1,79617.2,1.1329,4.5815
1788591177230,1788591176960630,79636.0,79636.1,0.0002,0.01,4989.51,3203080.08,8350452.77,340296.72,3666376.4,7855017.05,79660.3,79660.31,0.91079,8.73909,79617.1,79617.2,0.6954,4.7148
1788591177476,1788591177320224,79636.0,79636.1,0.0002,0.01,4989.51,3205789.64,8353162.32,340296.72,3669055.74,7857696.38,79660.3,79660.31,0.90879,8.73916,79617.1,79617.2,0.6954,4.7148
1788591177721,1788591177644702,79636.0,79636.1,0.0002,0.01,4989.51,3205789.64,8353162.32,399898.32,3728657.34,7917297.98,79660.3,79660.31,0.90864,8.71149,79617.1,79617.2,0.6954,4.7148
1788591177981,1788591177806606,79636.0,79636.1,0.0002,0.01,4989.51,3205789.64,8353162.32,399898.32,3728657.34,7917297.98,79660.3,79660.31,0.90856,8.71149,79617.1,79617.2,0.6954,4.7148
1788591178226,1788591177806606,79636.0,79636.1,0.0002,0.01,4989.51,3205789.64,8353162.32,399898.32,3728657.34,7917297.98,79660.3,79660.31,0.90856,8.70826,79617.1,79617.2,0.6954,4.7148
1788591178469,1788591178438558,79636.0,79636.1,0.0002,0.01,4989.51,3205789.64,8353162.32,399898.32,3715038.2,7903678.84,79660.3,79660.31,0.90856,8.70826,79617.1,79617.2,0.6954,4.7161
1788591178728,1788591178438558,79636.0,79636.1,0.0002,0.01,4989.51,3205789.64,8353162.32,399898.32,3715038.2,7903678.84,79660.3,79660.31,0.90856,8.70826,79617.1,79617.2,0.6954,4.7148
1788591178976,1788591178736257,79636.0,79636.1,0.0002,0.01,4989.51,3205789.64,8353162.32,453459.26,3768599.14,7957239.78,79660.3,79660.31,0.76904,8.70811,79617.1,79617.2,0.6954,4.7037
1788591179218,1788591179087033,79636.0,79636.1,0.0002,0.01,4989.51,3205789.64,8353162.32,453459.26,3768599.14,7957239.78,79660.3,79660.31,0.90782,8.70811,79617.1,79617.2,0.6954,4.7037
1788591179480,1788591179087033,79636.0,79636.1,0.0002,0.01,4989.51,3205789.64,8353162.32,453459.26,3768599.14,7957239.78,79660.3,79660.31,0.90782,8.70811,79617.1,79617.2,0.6954,4.7037
1788591179727,1788591179468802,79636.0,79636.1,0.0002,0.01,4989.51,3205789.64,8353162.32,453459.26,3768599.14,7957239.78,79660.3,79660.31,0.76904,8.70611,79615.1,79615.2,1.4787,6.0574
1788591179974,1788591179848212,79636.0,79636.1,0.0002,0.01,5238.75,3127740.32,8275113.0,453459.26,3712262.51,7900903.15,79660.3,79660.31,0.89679,8.70611,79615.1,79615.2,1.4787,6.0574
1788591180219,1788591180014871,79636.0,79636.1,0.0002,0.01,5238.75,3127740.32,8275272.65,452570.49,3711373.74,7900014.38,79660.3,79660.31,0.91237,8.70611,79615.1,79615.2,1.4787,6.0574
1788591180480,1788591180324012,79636.0,79636.1,0.0002,0.01,5238.75,3150164.91,8297697.24,452570.49,3816320.53,8004961.17,79660.3,79660.31,0.90588,8.70611,79615.1,79615.2,1.4787,6.0574
1788591180725,1788591180696046,79636.1,79636.2,0.0002,0.00062,403.73,3150180.9,8297713.23,407010.17,3757061.42,7945702.06,79660.3,79660.31,0.90588,8.70573,79615.1,79615.2,1.4787,5.1261
1788591180969,1788591180892467,79636.0,79636.2,0.0002,0.00062,18419.6,3020405.7,8167938.03,402936.43,3748998.99,7937639.63,79660.3,79660.31,0.89052,8.70573,79615.1,79615.2,1.4787,5.1261
1788591181230,1788591181099844,79635.4,79635.7,0.0002,0.31395,12281.95,3271122.35,8310420.47,389877.36,3743217.87,7939883.77,79660.3,79660.31,0.89052,8.70573,79615.1,79615.2,1.4787,5.1261
1788591181475,1788591181386718,79635.4,79635.5,0.0002,0.01,12531.19,3271122.51,8310420.63,446240.62,3643278.04,7999445.52,79660.3,79660.31,0.89052,8.70558,79615.1,79615.2,1.4787,4.8323
1788591181720,1788591181513640,79635.4,79635.5,0.0002,0.01,12531.19,3273769.96,8313068.08,446240.62,3646012.33,8002179.81,79660.3,79660.31,0.88852,8.70558,79615.1,79615.2,1.4787,4.8323
1788591181966,1788591181790388,79635.4,79635.5,0.0002,0.01,12531.19,3273769.96,8313068.08,446250.97,3646022.68,8002190.17,79660.3,79660.31,0.88852,8.70551,79615.1,79615.2,1.4787,4.8323
1788591182226,1788591182084515,79635.4,79635.5,0.0029,0.0095,12746.2,3273984.97,8313283.1,446211.16,3645982.86,8002150.35,79660.3,79660.31,0.88852,8.66551,79615.1,79615.2,1.6924,4.7324
1788591182470,1788591182427866,79635.2,79635.5,0.0002,0.0095,12546.32,3273785.07,8313083.19,388325.4,3566522.04,7922689.53,79660.3,79660.31,0.88852,8.66551,79615.1,79615.2,1.6924,4.6612
1788591182716,1788591182457087,79635.2,79635.5,0.0002,0.0095,12546.32,3273785.07,8313083.19,388325.4,3566522.04,7922689.53,79660.3,79660.31,0.88852,8.6636,79615.1,79615.2,1.6924,4.6612
1788591182972,1788591182912161,79635.2,79635.5,0.0002,0.0095,12546.32,3266976.22,8306274.35,388325.4,3566522.04,7922689.53,79660.3,79660.31,0.88852,8.6636,79615.1,79615.2,1.6924,4.6612
1788591183216,1788591183130299,79636.5,79636.6,0.0002,0.00627,8037.78,2998213.23,8216207.94,583969.54,3733285.75,7931847.06,79660.3,79660.31,0.88837,8.66124,79615.1,79615.2,1.6924,4.6612
1788591183476,1788591183443443,79636.5,79636.6,0.0002,0.01627,8287.02,3060488.55,8278483.26,585773.37,3735089.58,7933650.89,79660.3,79660.31,0.88837,8.66124,79615.1,79615.2,1.6924,4.6612
1788591183719,1788591183443443,79636.5,79636.6,0.0002,0.01627,8287.02,3060488.55,8278483.26,585773.37,3735089.58,7933650.89,79660.3,79660.31,0.88837,8.66124,79615.1,79615.2,1.4788,4.6612
1788591183981,1788591183899199,79636.5,79636.6,0.0002,0.01627,8287.02,3060488.55,8278483.26,635083.81,3784400.01,7982961.33,79660.3,79660.31,0.88837,8.66124,79615.1,79615.2,1.4788,4.6612
1788591184226,1788591184094042,79636.5,79636.6,0.0002,0.01627,8287.02,3060488.55,8278483.26,585763.02,3735079.23,7933640.54,79660.3,79660.31,0.88808,8.66088,79615.1,79615.2,1.4788,4.6612
1788591184469,1788591184369847,79636.5,79636.6,0.0002,0.01627,8287.02,3058896.11,8276890.82,585720.81,3735079.23,7933640.54,79660.3,79660.31,0.88808,8.66088,79615.1,79615.2,1.6924,4.6612
1788591184731,1788591184481843,79636.5,79636.6,0.0002,0.01627,8287.02,3060488.55,8278483.26,585720.81,3735079.23,7933640.54,79660.3,79660.31,0.8176,8.66073,79615.1,79615.2,1.6924,4.6612
1788591184974,1788591184790366,79636.5,79636.6,0.0002,0.01627,8287.02,3060488.55,8278483.26,637722.57,3787080.99,7985642.3,79660.3,79660.31,0.8176,8.65909,79615.1,79615.2,1.4788,4.6612
1788591185218,1788591185063104,79636.5,79636.6,0.0002,0.01627,8287.02,3060488.55,8278483.26,637722.57,3800287.58,7992896.53,79660.3,79660.31,0.8176,8.65897,79615.1,79615.2,1.4788,4.6612
1788591185479,1788591185285191,79636.5,79636.6,0.0002,0.01627,8287.02,3060488.55,8278483.26,637722.57,3800287.58,7992896.53,79660.3,79660.31,0.8156,8.65897,79615.1,79615.2,1.4788,4.6612
1788591185725,1788591185285191,79636.5,79636.6,0.0002,0.01627,8287.02,3060488.55,8278483.26,637722.57,3800287.58,7992896.53,79660.3,79660.31,0.81567,8.65892,79615.1,79615.2,1.2474,4.6612
1788591185971,1788591185939494,79636.4,79636.5,0.0002,0.78378,3507.68,3054443.47,8361319.04,643015.13,3802497.76,7994381.56,79660.3,79660.31,0.26204,8.65794,79615.1,79615.2,1.2199,4.6638
1788591186218,1788591186119435,79636.4,79636.5,0.0002,0.79378,3258.44,3057832.17,8364707.74,648454.18,3808275.33,8000159.14,79660.3,79660.31,0.26197,8.65794,79615.1,79615.2,1.2199,4.6638
1788591186477,1788591186403114,79636.4,79636.5,0.0002,0.79378,3258.44,3028702.36,8335577.93,648454.18,3779204.95,7971088.75,79660.3,79660.31,0.26204,8.66421,79615.1,79615.2,1.2199,4.6638
1788591186724,1788591186653935,79636.4,79636.5,0.0002,0.79378,3258.44,3028702.36,8335577.93,648464.53,3779215.3,7971099.1,79660.3,79660.31,0.26204,8.66421,79615.1,79615.2,1.2111,4.6638
1788591186970,1788591186653935,79636.4,79636.5,0.0002,0.79378,3258.44,3028702.36,8335577.93,648464.53,3779215.3,7971099.1,79660.3,79660.31,0.26189,8.66221,79615.1,79615.2,1.2111,4.6638
1788591187230,1788591187083325,79636.4,79636.5,0.0002,0.79378,3258.44,3028702.36,8335577.93,648464.54,3779215.31,7971099.11,79660.3,79660.31,0.26189,8.66204,79615.1,79615.2,1.2111,4.6638
1788591187475,1788591187083325,79636.4,79636.5,0.0002,0.79378,3258.44,3028702.36,8335577.93,648464.54,3779215.31,7971099.11,79660.3,79660.31,0.26182,8.66204,79615.1,79615.2,1.2111,4.6536
1788591187722,1788591187083325,79636.4,79636.5,0.0002,0.79378,3258.44,3028702.36,8335577.93,648464.54,3779215.31,7971099.11,79660.3,79660.31,0.25373,8.66183,79615.1,79615.2,1.2111,4.6523
1788591187969,1788591187889436,79636.3,79636.4,0.0002,0.73399,3259.23,3030275.05,8337150.62,682394.78,3832726.1,8014689.23,79660.3,79660.31,0.25966,8.66183,79615.1,79615.2,1.2111,4.651
1788591188229,1788591187952485,79636.3,79636.4,0.0002,0.73399,3259.23,3028879.2,8335754.76,687031.36,3837362.68,8019325.82,79660.3,79660.31,0.25973,8.66183,79615.1,79615.2,1.2111,4.651
1788591188475,1788591188309707,79636.3,79636.4,0.0002,0.78399,3259.23,3028691.28,8335566.84,691013.18,3841344.5,8023307.64,79660.3,79660.31,0.25005,8.66172,79615.1,79615.2,1.2111,4.651
1788591188719,1788591188309707,79636.3,79636.4,0.0002,0.78399,3259.23,3028691.28,8335566.84,691013.18,3841344.5,8023307.64,79660.3,79660.31,0.25005,8.66172,79615.1,79615.2,1.2111,4.651
1788591188968,1788591188309707,79636.3,79636.4,0.0002,0.78399,3259.23,3028691.28,8335566.84,691013.18,3841344.5,8023307.64,79660.3,79660.31,0.25005,8.66172,79615.1,79615.2,1.2111,4.651
1788591189226,1788591189120007,79636.3,79636.4,0.0002,0.77876,3482.19,3028914.24,8335789.8,690596.69,3840928.01,8022891.14,79660.3,79660.31,0.39783,8.66144,79615.1,79615.2,1.2111,4.65
1788591189473,1788591189120007,79636.3,79636.4,0.0002,0.77876,3482.19,3028914.24,8335789.8,690596.69,3840928.01,8022891.14,79660.3,79660.31,0.39783,8.66144,79615.1,79615.2,1.2111,4.65
1788591189719,1788591189120007,79636.3,79636.4,0.0002,0.77876,3482.19,3028914.24,8335789.8,690596.69,3840928.01,8022891.14,79660.3,79660.31,0.53351,8.65607,79615.1,79615.2,1.2111,4.65
1788591189978,1788591189120007,79636.3,79636.4,0.0002,0.77876,3482.19,3028914.24,8335789.8,690596.69,3840928.01,8022891.14,79660.3,79660.31,0.53545,8.656,79615.1,79615.2,1.2111,4.65
1788591190225,1788591190073136,79636.3,79636.4,0.0002,0.77876,3482.19,3028914.24,8335789.8,690596.69,3840928.01,8022891.14,79660.3,79660.31,0.39141,8.6771,79615.1,79615.2,1.2111,4.65
1788591190471,1788591190073136,79636.3,79636.4,0.0002,0.77876,3482.19,3028914.24,8335789.8,690596.69,3840928.01,8022891.14,79660.3,79660.31,0.25108,8.67684,79615.1,79615.2,1.2111,4.65
1788591190716,1788591190601776,79636.3,79636.4,0.0002,0.77876,3482.19,3028914.24,8335789.8,690596.69,3840928.01,8022891.14,79660.3,79660.31,0.25108,8.67567,79615.1,79615.2,1.2111,4.6513
1788591190976,1788591190601776,79636.3,79636.4,0.0002,0.77876,3482.19,3028914.24,8335789.8,690596.69,3840928.01,8022891.14,79660.3,79660.31,0.25108,8.67556,79615.1,79615.2,1.2111,4.6513
1788591191224,1788591191084935,79636.3,79636.4,0.0002,0.77876,3482.19,3028914.24,8335789.8,690596.69,3840928.01,8022891.14,79660.3,79660.31,0.25108,8.67556,79615.1,79615.2,1.2111,4.6513
1788591191469,1788591191323635,79636.3,79636.4,0.0002,0.77876,3482.19,3026195.92,8333071.49,690596.69,3832681.33,8014644.47,79660.3,79660.31,0.25108,8.67556,79615.1,79615.2,1.2111,4.65
1788591191728,1788591191695039,79635.5,79636.3,0.00021,0.60608,7786.09,3294758.26,8334056.38,738862.65,3873671.33,8055634.46,79660.3,79660.31,0.25108,8.67556,79615.1,79615.2,1.2111,4.65
1788591191975,1788591191909262,79635.5,79635.6,0.00021,0.68228,7802.81,3297490.11,8336788.23,621394.84,3764891.48,8114381.45,79660.3,79660.31,0.24958,8.67556,79615.1,79615.2,1.2111,4.65
1788591192223,1788591192195507,79635.5,79635.6,0.00021,0.68228,7802.81,3297490.11,8336788.23,595692.41,3739189.05,8088679.02,79660.3,79660.31,0.25094,8.44836,79615.1,79615.2,1.2111,4.65
1788591192482,1788591192386341,79635.5,79635.6,0.00021,0.68228,7802.81,3297490.11,8336788.23,618203.66,3772167.78,8121657.75,79660.3,79660.31,0.7427,8.44908,79615.1,79615.2,1.2111,4.65
1788591192727,1788591192690996,79636.2,79636.4,0.0002,0.05,4030.84,3188303.66,8335835.99,632303.76,3774388.35,7956351.48,79660.3,79660.31,0.7427,8.44795,79615.1,79615.2,1.2111,4.65
1788591192973,1788591192720790,79636.2,79636.4,0.0002,0.05,4047.56,3188320.39,8335852.72,578717.35,3720801.94,7902765.07,79660.3,79660.31,0.74277,8.45195,79615.1,79615.2,1.2111,4.65
1788591193218,1788591193187679,79636.2,79636.4,0.0002,0.05,4296.8,3188320.52,8335852.85,578727.7,3720812.29,7902775.42,79660.3,79660.31,0.74277,8.44802,79615.1,79615.2,1.2111,4.6493
1788591193479,1788591193438340,79636.2,79636.3,0.0002,0.04019,4296.8,3188320.52,8335852.85,581928.28,3720916.09,7902879.22,79660.3,79660.31,0.74268,8.44677,79615.1,79615.2,1.2084,4.6487
1788591193720,1788591193678941,79636.2,79636.3,0.0002,0.00607,4296.8,3188320.52,8335852.85,582060.53,3704483.31,7886446.45,79660.3,79660.31,0.86656,8.44665,79615.1,79615.2,1.2084,4.6355
1788591193977,1788591193802124,79636.2,79636.3,0.0002,0.00607,4296.8,3188320.52,8005805.33,582070.88,3597835.66,7563837.36,79660.3,79660.31,0.88472,8.44651,79615.1,79615.2,1.2084,4.6355
1788591194222,1788591193973433,79636.2,79636.3,0.0002,0.00607,4296.8,3188320.52,8005805.33,581174.13,3596938.91,7562940.62,79660.3,79660.31,0.88479,8.44651,79615.1,79615.2,1.243,4.6411
1788591194466,1788591194365005,79636.2,79636.3,0.0002,0.00607,4296.8,3188320.52,8005805.33,581174.13,3596938.91,7562940.61,79660.3,79660.31,0.88479,8.44651,79615.1,79615.2,1.2124,4.6536
1788591194726,1788591194672633,79636.2,79636.3,0.0002,0.00607,4165.4,3188189.11,8319192.99,631662.47,3772104.5,7955710.12,79660.3,79660.31,0.88479,8.44651,79615.1,79615.2,1.2124,4.6527
1788591194970,1788591194779414,79636.1,79636.3,0.0002,0.00607,5543.77,3188189.83,8319193.71,633917.67,3774359.7,7957965.32,79660.3,79660.31,0.88479,8.44644,79615.1,79615.2,1.2124,4.6527
1788591195232,1788591195098455,79636.1,79636.3,0.0002,0.00607,5494.4,3188189.83,8319193.71,633917.67,3774359.7,7957965.32,79660.3,79660.31,0.88479,8.44644,79615.1,79615.2,1.2124,4.652
1788591195479,1788591195410274,79636.1,79636.3,0.0002,0.00607,5494.4,3186597.39,8317601.28,633917.67,3774359.7,7957965.32,79660.3,79660.31,0.88478,8.45044,79615.1,79615.2,1.243,4.6514
1788591195723,1788591195671571,79636.1,79636.3,0.0002,0.00607,5494.4,3188189.83,8319193.72,633917.67,3774359.7,7957965.32,79660.3,79660.31,0.88409,8.44651,79615.1,79615.2,1.2124,4.6514
1788591195967,1788591195671571,79636.1,79636.3,0.0002,0.00607,5494.4,3188189.83,8319193.72,633917.67,3774359.7,7957965.32,79660.3,79660.31,0.88409,8.44451,79615.1,79615.2,1.2124,4.6507
1788591196228,1788591196071021,79636.1,79636.3,0.0002,0.00607,5494.4,3188189.83,8319193.72,625448.7,3765890.73,7949496.35,79660.3,79660.31,0.88409,8.44622,79615.1,79615.2,1.2124,4.6507
1788591196476,1788591196071021,79636.1,79636.3,0.0002,0.00607,5494.4,3188189.83,8319193.72,625448.7,3765890.73,7949496.35,79660.3,79660.31,0.89885,8.44622,79615.1,79615.2,1.2124,4.6507
1788591196721,1788591196553780,79636.1,79636.3,0.0002,0.00607,5494.4,3188189.83,8319193.72,625438.34,3765880.37,7949485.99,79660.3,79660.31,0.89885,8.44622,79615.1,79615.2,1.2124,4.6507
1788591196980,1788591196939921,79636.0,79636.3,0.0002,0.00607,5544.56,3185475.5,8316479.38,629254.85,3769696.88,7953302.5,79660.3,79660.31,0.89885,8.44622,79615.1,79615.2,1.2328,4.6507
1788591197225,1788591197178508,79636.0,79636.3,0.0002,0.00607,5544.56,3188118.97,8319122.85,626521.48,3766963.51,7950569.13,79660.3,79660.31,0.89885,8.44622,79615.1,79615.2,1.2124,4.6507
1788591197470,1788591197312411,79636.0,79636.4,0.0002,0.05,5544.56,3188118.97,8319122.85,576513.79,3716955.83,7900561.45,79660.3,79660.31,1.02431,8.44622,79615.1,79615.2,1.243,4.6507
1788591197716,1788591197585882,79636.3,79636.4,0.0002,0.05,3466.27,3028823.51,8319170.63,628671.42,3769113.45,7952719.07,79660.3,79660.31,1.02431,8.3917,79615.1,79615.2,1.2124,4.6507
1788591197976,1788591197936445,79636.3,79636.4,0.0002,0.05,3466.27,2948538.22,8238885.34,631273.52,3666768.76,7850374.38,79660.3,79660.31,1.02431,8.3917,79615.1,79615.2,1.2124,4.6507
1788591198220,1788591198177250,79636.3,79636.4,0.0002,0.05,3466.27,2951205.57,8241552.69,628558.47,3664053.71,7847659.33,79660.3,79660.31,1.02431,8.3917,79615.1,79615.2,1.2124,4.6507
1788591198479,1788591198423025,79636.3,79636.4,0.0002,0.05,3466.27,2951205.57,8241552.69,635581.19,3671076.43,7854682.05,79660.3,79660.31,1.14041,8.3917,79615.1,79615.2,1.2124,4.6499
1788591198725,1788591198537259,79636.3,79636.4,0.0002,0.05,3466.27,2971537.62,8261884.73,638277.92,3783942.32,7967547.94,79660.3,79660.31,1.14041,8.39184,79615.1,79615.2,1.2124,4.6499
1788591198968,1788591198923604,79635.1,79635.2,2e-05,0.64043,1543.19,3239687.68,8265263.91,488576.38,3461786.42,8008727.58,79657.53,79657.54,0.80864,8.40009,79615.1,79615.2,0.9848,4.6499
1788591199229,1788591199184278,79629.9,79635.1,0.00046,0.73596,254433.66,3789448.87,8513433.32,440258.41,3416165.96,7963836.95,79657.53,79657.54,0.95724,8.41195,79615.1,79615.2,1.0003,4.6499
1788591199470,1788591199390955,79635.1,79635.2,0.0002,0.00543,1434.9,3264224.25,8289800.48,380361.78,3358271.67,7905942.66,79657.53,79657.54,1.02488,8.41188,79615.1,79615.2,1.0003,4.6499
1788591199716,1788591199642937,79635.1,79635.2,0.0002,0.00543,1421.37,3291440.96,8317017.18,431443.16,3409353.05,7957024.04,79657.53,79657.54,1.02488,8.40853,79615.1,79615.2,1.0003,4.6499
1788591199975,1788591199895095,79635.1,79635.2,0.0002,0.00543,1421.37,3294127.42,8319703.65,431422.45,3406626.86,7954297.85,79657.53,79657.54,1.02488,8.40846,79615.1,79615.2,1.0003,4.6499
1788591200221,1788591199895095,79635.1,79635.2,0.0002,0.00543,1421.37,3294127.42,8319703.65,431422.45,3406626.86,7954297.85,79657.53,79657.54,0.98508,8.40869,79615.1,79615.2,1.0003,4.6499
1788591200468,1788591200358611,79635.1,79635.2,0.0002,0.00543,1607.7,3291627.3,8317203.52,382090.7,3359998.21,7907669.2,79657.53,79657.54,0.98501,8.40833,79615.1,79615.2,1.2323,4.6499
1788591200728,1788591200417365,79635.1,79635.2,0.0002,0.00543,1607.7,3291627.3,8317203.52,382101.06,3360008.56,7907679.55,79657.53,79657.54,1.04344,8.40833,79615.1,79615.2,1.2323,4.6499
1788591200975,1788591200942048,79635.1,79635.2,0.0002,0.00543,1607.7,3294403.73,8319979.96,382111.41,3357315.81,7904986.8,79657.53,79657.54,1.04344,8.40833,79615.1,79615.2,1.2323,4.6499
1788591201219,1788591200942048,79635.1,79635.2,0.0002,0.00543,1607.7,3294403.73,8319979.96,382111.41,3357315.81,7904986.8,79657.53,79657.54,1.04344,8.40833,79615.1,79615.2,1.2323,4.6499
1788591201479,1788591201355463,79635.1,79635.3,0.0002,0.05999,1453.22,3291472.81,8317049.04,433912.31,3411839.72,7959510.71,79657.53,79657.54,1.04337,8.40743,79615.1,79615.2,1.2323,4.6499
1788591201725,1788591201694923,79635.1,79635.3,0.0002,0.05999,1421.37,3291440.96,8317017.18,434026.4,3411953.81,7959624.8,79657.53,79657.54,1.04337,8.40743,79615.1,79615.2,1.2323,4.6499
1788591201968,1788591201858614,79635.1,79635.3,0.0002,0.05999,1421.36,3294175.19,8319751.42,434026.4,3409230.8,7956901.79,79657.53,79657.54,1.04344,8.4204,79615.1,79615.2,1.2323,4.6512
1788591202228,1788591202124024,79635.1,79635.3,0.0002,0.05999,1421.36,3294175.19,8319751.42,434016.05,3409220.45,7956891.44,79657.53,79657.54,1.0248,8.4204,79615.1,79615.2,1.2323,4.64
1788591202474,1788591202443458,79635.1,79635.3,0.0002,0.05999,1421.36,3291440.96,8317017.18,432423.29,3409946.08,7957617.07,79657.53,79657.54,1.0153,8.44255,79615.1,79615.2,1.1823,4.65
1788591202721,1788591202592117,79635.1,79635.2,0.0002,0.31395,1421.36,3291440.96,8317017.18,440264.11,3418125.42,7965796.41,79657.53,79657.54,1.0153,8.44255,79615.1,79615.2,0.9503,4.64
1788591202967,1788591202945607,79635.1,79635.2,0.0002,0.31395,6425.21,3292362.9,8317939.13,436322.78,3405544.22,7953215.21,79657.53,79657.54,1.01443,8.44255,79615.1,79615.2,0.9503,4.64
1788591203225,1788591203191641,79634.9,79635.2,0.0002,0.31395,6457.86,3294388.53,8319964.75,435325.68,3410530.05,7958201.04,79657.53,79657.54,1.01708,8.44219,79615.1,79615.2,0.9503,4.64
1788591203472,1788591203353891,79634.9,79635.2,0.0002,0.31395,6457.86,3291717.19,8317293.42,436325.94,3411530.31,7959201.31,79657.53,79657.54,1.01708,8.44219,79615.1,79615.2,1.1666,4.64
1788591203732,1788591203603130,79634.9,79635.0,0.0002,0.01,6457.86,3285731.59,8311307.81,434425.2,3412162.95,7959998.07,79657.53,79657.54,1.01683,8.43872,79615.1,79615.2,1.1666,4.64
1788591203979,1788591203858784,79634.9,79635.0,0.0002,0.01,6457.86,3288469.01,8314045.23,434425.2,3412162.95,7959998.07,79657.53,79657.54,1.01683,8.43872,79615.1,79615.2,1.1666,4.64
1788591204222,1788591204116030,79634.9,79635.0,0.0002,0.01,6457.86,3296382.82,8321959.04,431089.34,3408827.09,7956662.21,79657.53,79657.54,1.01683,8.43962,79615.1,79615.2,1.1767,4.6413
1788591204481,1788591204339431,79634.9,79635.0,0.0002,0.01,6457.86,3296382.82,8321959.04,431078.99,3408816.74,7956651.86,79657.53,79657.54,1.01683,8.43962,79615.1,79615.2,1.1666,4.64
1788591204726,1788591204600761,79635.2,79635.3,0.0002,0.04999,6469.8,3296394.76,8321970.99,431025.54,3398859.22,7946530.21,79657.53,79657.54,1.01683,8.43962,79615.1,79615.2,1.1666,4.64
1788591204969,1788591204866431,79635.2,79635.3,0.0002,0.05999,6469.8,3296394.76,8321970.99,431832.25,3399665.93,7947336.92,79657.53,79657.54,1.0169,8.43962,79615.1,79615.2,1.1972,4.64
1788591205231,1788591205119819,79635.2,79635.3,0.0002,0.05999,6469.8,3296394.76,8321970.99,431832.25,3407036.57,7954707.56,79657.53,79657.54,1.0169,8.43926,79615.1,79615.2,1.1666,4.64
1788591205474,1788591205403237,79635.2,79635.3,0.0002,0.05999,6469.8,3296394.76,8321970.99,431842.6,3407046.93,7954717.92,79657.53,79657.54,1.0169,8.43863,79615.1,79615.2,1.1626,4.64
1788591205718,1788591205403237,79635.2,79635.3,0.0002,0.05999,6469.8,3296394.76,8321970.99,431842.6,3407046.93,7954717.92,79657.53,79657.54,1.0169,8.43863,79615.1,79615.2,1.1626,4.64
1788591205979,1788591205403237,79635.2,79635.3,0.0002,0.05999,6469.8,3296394.76,8321970.99,431842.6,3407046.93,7954717.92,79657.53,79657.54,1.0169,8.43915,79615.1,79615.2,1.1626,4.6413
1788591206224,1788591206152730,79635.2,79635.3,0.0002,0.05484,6469.8,3296394.76,8321970.99,431432.48,3406636.8,7954307.79,79657.53,79657.54,1.0169,8.43915,79615.1,79615.2,1.1621,4.6413
1788591206470,1788591206152730,79635.2,79635.3,0.0002,0.05484,6469.8,3296394.76,8321970.99,431432.48,3406636.8,7954307.79,79657.53,79657.54,1.0169,8.43915,79615.1,79615.2,1.1661,4.64
1788591206731,1788591206544137,79635.2,79635.3,0.0002,0.01,6469.8,3296394.76,8321970.99,427861.63,3403065.96,7950736.95,79657.53,79657.54,1.01244,8.43788,79615.1,79615.2,1.1652,4.6413
1788591206977,1788591206544137,79635.2,79635.3,0.0002,0.01,6469.8,3296394.76,8321970.99,427861.63,3403065.96,7950736.95,79657.53,79657.54,1.03648,8.43788,79615.1,79615.2,1.1652,4.64
1788591207224,1788591207140542,79635.2,79635.3,0.0002,0.01,6469.8,3296394.76,8321970.99,377754.87,3352959.19,7900630.19,79657.53,79657.54,1.03648,8.43788,79615.1,79615.2,1.1652,4.64
1788591207471,1788591207140542,79635.2,79635.3,0.0002,0.01,6469.8,3296394.76,8321970.99,377754.87,3352959.19,7900630.19,79657.53,79657.54,1.03655,10.06982,79615.1,79615.2,1.1652,4.64
1788591207731,1788591207140542,79635.2,79635.3,0.0002,0.01,6469.8,3296394.76,8321970.99,377754.87,3352959.19,7900630.19,79657.53,79657.54,1.03655,10.06982,79615.1,79615.2,1.1652,4.64
1788591207975,1788591207939562,79626.6,79635.3,0.02392,0.01,598333.15,4046099.3,8616287.37,377754.87,3352959.19,7900630.19,79657.53,79657.54,1.03655,10.06845,79615.1,79615.2,1.1652,4.64
1788591208222,1788591208174850,79635.2,79635.3,0.0002,0.01,6049.34,3308627.94,8334204.17,380743.87,3352749.72,7900420.71,79657.53,79657.54,1.03655,10.06803,79615.1,79615.2,1.1652,4.6413
1788591208469,1788591208439282,79628.0,79635.3,0.14658,0.01,334132.68,3920726.72,8600985.6,440830.11,3412835.96,7960506.95,79657.53,79657.54,1.03655,10.06803,79615.1,79615.2,1.1958,4.64
1788591208728,1788591208608094,79628.1,79636.0,0.03951,0.00627,332142.08,3920730.56,8600989.44,461509.05,3682357.28,7962146.09,79657.53,79657.54,1.01181,10.06803,79615.1,79615.2,1.1652,4.64
1788591208972,1788591208933779,79635.8,79635.9,0.0002,0.119,17081.01,3211043.18,8343047.09,405303.53,3630862.77,7909651.15,79657.53,79657.54,1.01181,10.06803,79615.1,79615.2,1.1652,4.5373
1788591209218,1788591209155969,79635.8,79635.9,0.0002,0.04007,17081.01,3211043.18,8343047.09,451220.87,3673669.77,7952458.16,79657.53,79657.54,1.01181,10.06803,79615.1,79615.2,1.1652,4.5373
1788591209478,1788591209360976,79635.8,79635.9,0.0002,0.04007,17081.01,3213760.7,8345764.6,452017.23,3674466.13,7953254.52,79657.53,79657.54,1.01181,10.06803,79615.1,79615.2,1.1652,4.5373
1788591209722,1788591209487390,79635.8,79635.9,0.0002,0.04007,17081.01,3213760.7,8345764.6,452017.23,3674466.14,7953254.52,79657.53,79657.54,1.01181,10.06796,79615.1,79615.2,1.1652,4.5373
1788591209981,1788591209935446,79634.9,79635.9,0.00011,0.05192,17573.9,3320132.63,8345708.86,402071.18,3624520.09,7903308.47,79657.53,79657.54,1.01181,10.06803,79615.1,79615.2,1.1652,4.5373
1788591210224,1788591210188220,79635.5,79635.9,0.0002,0.05192,17589.83,3320148.56,8345724.78,458898.15,3681347.06,7960135.44,79657.53,79657.54,1.01181,10.06803,79615.1,79615.2,1.1641,4.5386
