{
  "pred_mean": -0.16105563088068886,
  "pred_std": 0.4783423695198181,
  "pred_history": [
    -0.002998828887939453,
    -0.015796542167663574,
    0.13470065593719482,
    0.0897679328918457,
    -0.08727848529815674,
    0.12149083614349365,
    -0.47553539276123047,
    -0.6527574062347412,
    -0.015220165252685547,
    -1.3516552448272705,
    -0.987758994102478,
    -0.5963692665100098,
    -0.3960397243499756,
    0.18503022193908691,
    -0.012247920036315918,
    0.41137683391571045,
    -0.14710092544555664,
    -0.08739626407623291,
    -0.04478919506072998,
    -0.04910123348236084,
    0.13879215717315674,
    0.04625284671783447,
    0.03179049491882324,
    0.03081655502319336,
    0.41269516944885254,
    0.18100333213806152,
    0.21026360988616943,
    0.1879061460494995,
    0.1599065065383911,
    -0.06536436080932617,
    -0.23720622062683105,
    -1.4274859428405762,
    -0.3883857727050781,
    -0.7238473892211914,
    -0.43584728240966797,
    0.047749996185302734,
    -0.07116317749023438,
    0.34576714038848877,
    0.27757811546325684,
    0.007581591606140137,
    0.1140449047088623,
    -0.11746227741241455,
    -0.1067880392074585,
    -0.11914515495300293,
    0.15284264087677002,
    0.056700825691223145,
    0.3986624479293823,
    0.3394092321395874,
    0.43461310863494873,
    0.34752988815307617,
    0.28180909156799316,
    0.38730454444885254,
    0.11141300201416016,
    -0.6505603790283203,
    -1.0782489776611328,
    -1.869064211845398,
    -1.7139379978179932,
    -1.1845283508300781,
    -0.3786814212799072,
    -0.4033389091491699,
    -0.1435842514038086,
    -0.26093971729278564,
    -0.28634440898895264,
    0.3494417667388916,
    -0.04076254367828369,
    -0.36101746559143066,
    -0.35459303855895996,
    -0.29542481899261475,
    -0.38133156299591064,
    -0.16235864162445068,
    -0.8053144216537476,
    -0.4856458902359009,
    -0.603779673576355,
    -0.6871066093444824,
    -0.31731951236724854,
    -0.10607743263244629,
    -0.21316862106323242,
    -0.5899548530578613,
    -1.3301202058792114,
    -1.5044525861740112,
    -1.4750912189483643,
    -1.1588460206985474,
    -0.12511205673217773,
    0.09422969818115234,
    0.07506442070007324,
    0.090789794921875,
    -0.03783416748046875,
    0.17835688591003418,
    0.19757592678070068,
    0.17348265647888184,
    0.029191970825195312,
    0.08333706855773926,
    0.22526144981384277,
    0.20732271671295166,
    0.16042912006378174,
    0.23934543132781982,
    0.25036299228668213,
    -0.7436944246292114,
    -0.8396698236465454,
    -0.9016852378845215,
    -0.8721990585327148,
    -1.0783947706222534,
    -0.5186282396316528,
    -1.2018160820007324,
    -0.8842494487762451,
    -0.4341278076171875,
    -0.47149062156677246,
    -0.3589818477630615,
    -0.42731785774230957,
    0.04816997051239014,
    -0.15610241889953613,
    -0.16304445266723633,
    -0.16944193840026855,
    -0.03954648971557617,
    0.09782648086547852,
    0.17775964736938477,
    0.20326685905456543,
    0.3226449489593506,
    0.5201549530029297,
    0.186029314994812,
    0.3553659915924072,
    0.18631136417388916,
    0.3545626401901245,
    0.21961426734924316,
    -0.7800915241241455,
    -0.891711950302124,
    -0.702669620513916,
    -1.697554349899292,
    -0.8435521125793457,
    -0.707268238067627,
    -0.5200656652450562,
    -0.5468358993530273,
    -0.8043277263641357,
    -1.2092442512512207,
    -0.7754900455474854,
    -0.5830678939819336,
    -1.1866099834442139,
    0.12571191787719727,
    0.39560163021087646,
    0.33452165126800537,
    0.5320899486541748,
    0.3734661340713501,
    0.33887970447540283,
    0.40123510360717773,
    0.2352755069732666,
    0.2637823820114136,
    0.27792298793792725,
    -0.05237877368927002,
    -0.41188764572143555,
    -0.7565386295318604,
    -0.8534958362579346,
    -0.6308480501174927,
    -0.9257234334945679,
    -0.13273561000823975,
    0.17370009422302246,
    0.3122420310974121,
    0.35120534896850586,
    0.2385309934616089,
    0.0869368314743042,
    0.031651973724365234,
    -0.43875205516815186,
    -0.7057845592498779,
    -0.4048253297805786,
    0.04465508460998535,
    0.06746792793273926,
    0.2980051040649414,
    0.379302978515625,
    0.33879876136779785,
    0.2129380702972412,
    0.235679030418396,
    0.36274731159210205,
    -0.22381997108459473,
    -0.27088356018066406,
    -0.6780786514282227,
    -1.018298625946045,
    -0.9164752960205078,
    -0.12636971473693848,
    -0.031877875328063965,
    -0.05505204200744629,
    0.19495046138763428,
    0.14130747318267822,
    0.23426198959350586,
    0.1918785572052002,
    0.12592065334320068,
    0.046111464500427246,
    0.128326416015625,
    0.25618207454681396,
    0.309584379196167,
    0.35554516315460205,
    0.3260507583618164,
    0.13688933849334717,
    0.18736112117767334,
    0.2906399965286255,
    0.20304501056671143,
    0.19349884986877441,
    -0.03682732582092285,
    -0.15378057956695557,
    -0.23799967765808105,
    -0.3929448127746582,
    -0.08981180191040039
  ]
}