{
  "pred_mean": -0.12277620345807407,
  "pred_std": 0.3696997187281672,
  "pred_history": [
    -0.054976701736450195,
    -0.07187816500663757,
    -0.04954884201288223,
    -0.35892459750175476,
    -0.39907899498939514,
    -0.08466324210166931,
    -0.23453441262245178,
    -0.3932117521762848,
    -0.13661745190620422,
    -0.8757594227790833,
    -0.5959572196006775,
    -0.46381446719169617,
    -0.21702224016189575,
    -0.1159101277589798,
    -0.048489831387996674,
    0.24205990135669708,
    -0.037603236734867096,
    -0.07062631100416183,
    0.09392767399549484,
    -0.0578155592083931,
    -0.0868336409330368,
    -0.08808226883411407,
    -0.07025600969791412,
    -0.05076388642191887,
    0.08046271651983261,
    -0.01373436488211155,
    -0.028247810900211334,
    0.1590241640806198,
    -0.06813518702983856,
    -0.11215640604496002,
    -0.15641722083091736,
    -1.3304412364959717,
    -0.4594540297985077,
    -0.6828168034553528,
    -0.5086026787757874,
    -0.15763407945632935,
    -0.0812893658876419,
    0.052867308259010315,
    -0.12433434277772903,
    0.022326506674289703,
    -0.16857151687145233,
    -0.29866188764572144,
    -0.3305813670158386,
    -0.18608255684375763,
    -0.1556975394487381,
    -0.10153631865978241,
    0.13574784994125366,
    0.10560915619134903,
    0.24326330423355103,
    0.1303022801876068,
    0.07575134932994843,
    0.10220317542552948,
    0.1886085718870163,
    -0.37839022278785706,
    -0.7325350642204285,
    -1.0877116918563843,
    -1.0447700023651123,
    -0.6386356353759766,
    -0.7202994227409363,
    -0.2782747149467468,
    -0.315395712852478,
    -0.31548264622688293,
    -0.058512650430202484,
    0.22333598136901855,
    0.0006261635571718216,
    -0.12035955488681793,
    -0.29444241523742676,
    -0.17351539433002472,
    -0.3756554126739502,
    -0.14291109144687653,
    -0.4178270399570465,
    -0.3170521557331085,
    -0.40185344219207764,
    -0.2731906771659851,
    -0.3265053927898407,
    -0.21976667642593384,
    -0.32603538036346436,
    -0.046994179487228394,
    -0.7063608169555664,
    -0.9604665040969849,
    -0.8647397756576538,
    -0.7081308960914612,
    -0.02597244828939438,
    0.1609622985124588,
    0.1578179895877838,
    0.10104028135538101,
    0.02968510240316391,
    0.054084233939647675,
    -0.0085955411195755,
    -0.03990885615348816,
    -0.076511450111866,
    0.04094752296805382,
    0.07181037962436676,
    0.0909871757030487,
    0.11531423777341843,
    0.07835344225168228,
    0.053917523473501205,
    -0.5434948801994324,
    -0.43872731924057007,
    -0.34972530603408813,
    -0.3621737062931061,
    -0.22678986191749573,
    -0.16082042455673218,
    -0.5245248675346375,
    -0.24246740341186523,
    -0.10314961522817612,
    -0.32722339034080505,
    -0.505947470664978,
    -0.1534271538257599,
    0.09841373562812805,
    -0.1684383749961853,
    -0.2127225399017334,
    -0.08694575726985931,
    -0.009166482836008072,
    -0.07597502321004868,
    0.013975974172353745,
    0.20247939229011536,
    0.2046569585800171,
    0.23708534240722656,
    0.0804331824183464,
    0.08593609929084778,
    -0.396645724773407,
    -0.5051636695861816,
    -0.40783190727233887,
    -0.8096204400062561,
    -0.4717971980571747,
    -0.757091224193573,
    -0.7112935781478882,
    -0.6647254228591919,
    -0.4626450538635254,
    -0.9009777307510376,
    -0.6189249157905579,
    -0.6667126417160034,
    -0.9830328226089478,
    0.0074696168303489685,
    0.3346697986125946,
    0.2358275055885315,
    0.367998331785202,
    0.2806170582771301,
    0.16586488485336304,
    0.13603726029396057,
    0.1446283459663391,
    0.01464948058128357,
    0.11876538395881653,
    -0.0118018239736557,
    -0.3955842852592468,
    -0.43974050879478455,
    -0.4865589737892151,
    -0.34016671776771545,
    -0.6089038848876953,
    -0.06943001598119736,
    -0.019843008369207382,
    0.13711756467819214,
    0.2690219581127167,
    0.25436121225357056,
    0.03963909298181534,
    0.12310008704662323,
    -0.11789978295564651,
    -0.25606411695480347,
    -0.05647604912519455,
    -0.08036923408508301,
    0.22738538682460785,
    0.294322669506073,
    0.26230281591415405,
    0.1795625537633896,
    0.07375288754701614,
    0.21810013055801392,
    0.07363452017307281,
    -0.31663820147514343,
    -0.2096225917339325,
    -0.41153866052627563,
    -0.656356155872345,
    -0.5440157651901245,
    -0.29874590039253235,
    -0.02413538284599781,
    -0.02805507741868496,
    -0.17944371700286865,
    -0.00538997258991003,
    0.03614340350031853,
    0.0677446573972702,
    0.003787904977798462,
    -0.010795745998620987,
    -0.01898011937737465,
    0.07544954866170883,
    0.15750592947006226,
    0.1367763727903366,
    0.10690928250551224,
    0.042605601251125336,
    0.09171274304389954,
    0.2836804986000061,
    -0.11394645273685455,
    0.01761174201965332,
    -0.0628553107380867,
    -0.22712022066116333,
    -0.40248313546180725,
    -0.0713309571146965,
    -0.07307867705821991,
    -0.1362614631652832,
    -0.16591958701610565,
    -0.2686159014701843
  ],
  "blend_weights": {
    "4h": 0.65,
    "1h": 0.35
  }
}