{
  "pred_mean": -0.12957763966330596,
  "pred_std": 0.3954687233845599,
  "pred_history": [
    -0.18856468796730042,
    -0.22677038609981537,
    -0.037118516862392426,
    -0.29015716910362244,
    -0.3512786626815796,
    0.047537412494421005,
    -0.1773833930492401,
    -0.49187493324279785,
    -0.4322635531425476,
    -0.6945924162864685,
    -0.45641961693763733,
    -0.40988099575042725,
    -0.33066654205322266,
    -0.15840061008930206,
    -0.14175862073898315,
    0.13891813158988953,
    -0.08899687230587006,
    -0.10452473163604736,
    0.02111692726612091,
    -0.042936455458402634,
    -0.049213655292987823,
    -0.16514986753463745,
    -0.14047399163246155,
    -0.1697673499584198,
    -0.06058045104146004,
    -0.14102739095687866,
    -0.11928971111774445,
    -0.0006667287088930607,
    -0.026007862761616707,
    -0.12765654921531677,
    -0.107218898832798,
    -1.0962538719177246,
    0.06275875866413116,
    -0.2475389838218689,
    -0.2885960042476654,
    -0.00014682859182357788,
    -0.02072085812687874,
    0.08924765884876251,
    -0.06520915776491165,
    -0.10667410492897034,
    -0.10483787953853607,
    -0.28091636300086975,
    -0.3030223548412323,
    -0.11858353763818741,
    -0.1308014690876007,
    -0.10509918630123138,
    0.08239245414733887,
    0.07822708785533905,
    -0.11288117617368698,
    0.04266568645834923,
    -0.05582060664892197,
    -0.050478268414735794,
    0.07373721897602081,
    -0.4178382158279419,
    -0.8545418381690979,
    -1.137033462524414,
    -1.0632765293121338,
    -0.47996363043785095,
    -0.4681786298751831,
    -0.06480896472930908,
    -0.11884560436010361,
    -0.23047670722007751,
    0.09651833772659302,
    0.1598936915397644,
    -0.07927582412958145,
    -0.1132393628358841,
    -0.2638694941997528,
    -0.04820757359266281,
    -0.3936569094657898,
    -0.4044497609138489,
    -0.4510143995285034,
    -0.4368070960044861,
    -0.3694087266921997,
    -0.46031442284584045,
    -0.33135274052619934,
    -0.16878186166286469,
    -0.18245434761047363,
    -0.3217703104019165,
    -0.88518887758255,
    -1.1011227369308472,
    -1.1263850927352905,
    -0.7005546689033508,
    -0.03628121688961983,
    0.16281606256961823,
    0.17251016199588776,
    0.030271347612142563,
    -0.015019964426755905,
    -0.0065614208579063416,
    -0.14815010130405426,
    -0.01777143031358719,
    -0.16225665807724,
    -0.031929075717926025,
    0.03442196175456047,
    0.008244099095463753,
    0.035320673137903214,
    -0.10789413750171661,
    -0.03247874975204468,
    -0.3935842216014862,
    -0.2904815375804901,
    -0.269938588142395,
    -0.25770804286003113,
    -0.2990589141845703,
    -0.30015742778778076,
    -0.3799979090690613,
    -0.447765976190567,
    0.1584317535161972,
    -0.0348232164978981,
    -0.5423767566680908,
    -0.11596162617206573,
    0.08275528252124786,
    -0.1468982845544815,
    -0.15013059973716736,
    -0.026786379516124725,
    -0.11277849227190018,
    0.07548998296260834,
    0.22024008631706238,
    0.242417111992836,
    0.2811506688594818,
    0.2928803563117981,
    0.3415542244911194,
    0.26633715629577637,
    -0.4566919803619385,
    -0.5303106307983398,
    -0.35130155086517334,
    -0.9908571839332581,
    -0.6422994136810303,
    -0.34544768929481506,
    -0.31966322660446167,
    -0.514892578125,
    -0.3383309841156006,
    -0.39347174763679504,
    -0.32977375388145447,
    -0.4299653172492981,
    -0.6404399275779724,
    0.4459206163883209,
    0.4578578770160675,
    0.41521960496902466,
    0.22366121411323547,
    0.2970465421676636,
    0.061085425317287445,
    0.07082255184650421,
    -0.06699667125940323,
    -0.02914547175168991,
    0.058447182178497314,
    -0.08663055300712585,
    -0.3320475220680237,
    -0.590086042881012,
    -0.6320639252662659,
    -0.31473931670188904,
    -0.5898163318634033,
    -0.07869674265384674,
    -0.05829800292849541,
    0.07150056213140488,
    0.30176258087158203,
    0.24829715490341187,
    -0.08901236206293106,
    0.07678478956222534,
    -0.13436219096183777,
    -0.07815739512443542,
    0.12811371684074402,
    -0.00764804519712925,
    0.1393052339553833,
    0.046353913843631744,
    0.047677181661129,
    0.034517765045166016,
    -0.06848173588514328,
    0.0025388412177562714,
    -0.01716458797454834,
    -0.31083065271377563,
    -0.31297558546066284,
    -0.43261268734931946,
    -0.6032106876373291,
    -0.31306201219558716,
    0.023169338703155518,
    -0.07691209018230438,
    0.03638044744729996,
    -0.05971582606434822,
    -0.024124329909682274,
    -0.08657381683588028,
    -0.004865676164627075,
    -0.01805264502763748,
    -0.06310444325208664,
    -0.07535690069198608,
    0.05216090753674507,
    0.06283401697874069,
    -0.0018682219088077545,
    0.04794539511203766,
    -0.02062017284333706,
    -0.07108321785926819,
    0.11816182732582092,
    -0.08884792029857635,
    -0.04228358343243599,
    -0.17401264607906342,
    -0.3922152519226074,
    -0.6872961521148682,
    0.10794320702552795,
    0.08623158931732178,
    -0.17183801531791687,
    -0.12512725591659546,
    -0.306037575006485
  ],
  "blend_weights": {
    "4h": 0.65,
    "1h": 0.35
  }
}