{
  "pred_mean": -0.169638456493024,
  "pred_std": 0.5026489202353378,
  "pred_history": [
    -0.07959210872650146,
    -0.06136369705200195,
    -0.06525266170501709,
    -0.4220014810562134,
    -0.5287938117980957,
    -0.06274211406707764,
    -0.40880513191223145,
    -0.5125982761383057,
    -0.3431971073150635,
    -1.3008649349212646,
    -0.7906943559646606,
    -0.6529115438461304,
    -0.40988969802856445,
    -0.17096304893493652,
    -0.04824018478393555,
    0.22416234016418457,
    -0.05105483531951904,
    -0.10711336135864258,
    0.0371929407119751,
    -0.04239153861999512,
    -0.07674145698547363,
    -0.0698843002319336,
    -0.04335582256317139,
    7.486343383789062e-05,
    0.15281784534454346,
    0.04423558712005615,
    0.025173306465148926,
    0.21253693103790283,
    -0.1891312599182129,
    -0.0429997444152832,
    -0.351651668548584,
    -2.1339821815490723,
    -0.8334331512451172,
    -1.047729730606079,
    -0.5562200546264648,
    -0.24047589302062988,
    -0.06624579429626465,
    -0.04966378211975098,
    -0.12822437286376953,
    0.09224927425384521,
    -0.20376598834991455,
    -0.2866872549057007,
    -0.3470942974090576,
    -0.22159147262573242,
    -0.16485798358917236,
    -0.09970808029174805,
    0.18311190605163574,
    0.15876495838165283,
    0.28171098232269287,
    0.18734097480773926,
    0.061623215675354004,
    0.10084855556488037,
    0.28867268562316895,
    -0.5960546731948853,
    -1.1317821741104126,
    -1.5612462759017944,
    -1.381929874420166,
    -0.8948183059692383,
    -1.027213215827942,
    -0.38517677783966064,
    -0.39794111251831055,
    -0.4111839532852173,
    -0.05580723285675049,
    0.2528707981109619,
    -0.028162002563476562,
    -0.17626500129699707,
    -0.32080841064453125,
    -0.32320213317871094,
    -0.5683265924453735,
    -0.21481871604919434,
    -0.6644941568374634,
    -0.5310748815536499,
    -0.6418529748916626,
    -0.46157312393188477,
    -0.48304319381713867,
    -0.35824429988861084,
    -0.5019608736038208,
    -0.13251113891601562,
    -1.068788766860962,
    -1.4007142782211304,
    -1.2650446891784668,
    -0.998171329498291,
    -0.023806095123291016,
    0.28210699558258057,
    0.2782939672470093,
    0.14271140098571777,
    0.04648447036743164,
    0.12077605724334717,
    0.10074877738952637,
    0.02617800235748291,
    -0.07897913455963135,
    0.15333187580108643,
    0.16413402557373047,
    0.14518380165100098,
    0.20379137992858887,
    0.18741285800933838,
    0.1510094404220581,
    -0.7604750394821167,
    -0.7093684673309326,
    -0.5395128726959229,
    -0.6300947666168213,
    -0.4135713577270508,
    -0.19855141639709473,
    -0.6566915512084961,
    -0.32527875900268555,
    -0.12860560417175293,
    -0.6014792919158936,
    -0.6419293880462646,
    -0.19734013080596924,
    0.10703134536743164,
    -0.09546756744384766,
    -0.2602757215499878,
    -0.08331990242004395,
    0.069618821144104,
    -0.11080217361450195,
    -0.004254937171936035,
    0.306476354598999,
    0.25123488903045654,
    0.20703721046447754,
    0.12741661071777344,
    0.037390828132629395,
    -0.5721213817596436,
    -0.7029871940612793,
    -0.4817843437194824,
    -1.0703315734863281,
    -0.5486481189727783,
    -1.0145411491394043,
    -0.9580904245376587,
    -0.926177978515625,
    -0.577481746673584,
    -1.078355073928833,
    -0.6751203536987305,
    -0.8797757625579834,
    -1.192154884338379,
    -0.07678556442260742,
    0.3680957555770874,
    0.18416047096252441,
    0.4747936725616455,
    0.32363009452819824,
    0.2744659185409546,
    0.24338006973266602,
    0.25859534740448,
    0.07463181018829346,
    0.16795635223388672,
    0.05553126335144043,
    -0.5477169752120972,
    -0.6049877405166626,
    -0.5652614831924438,
    -0.39463651180267334,
    -0.8888729810714722,
    0.0032247304916381836,
    0.07972300052642822,
    0.24298882484436035,
    0.4284660816192627,
    0.4138108491897583,
    0.14941096305847168,
    0.19212722778320312,
    -0.13518929481506348,
    -0.458532452583313,
    -0.16770482063293457,
    -0.1766911745071411,
    0.3089573383331299,
    0.3693103790283203,
    0.3793449401855469,
    0.29916703701019287,
    0.1906449794769287,
    0.33313262462615967,
    0.16007089614868164,
    -0.3506896495819092,
    -0.25542569160461426,
    -0.6304997205734253,
    -0.9570435285568237,
    -0.803298830986023,
    -0.5142514705657959,
    0.02187812328338623,
    -0.07324373722076416,
    -0.3165721893310547,
    -0.013573050498962402,
    0.15120446681976318,
    0.15116679668426514,
    0.07778680324554443,
    0.0787125825881958,
    0.04006314277648926,
    0.08594119548797607,
    0.26042044162750244,
    0.22840344905853271,
    0.2053687572479248,
    0.10255801677703857,
    0.13092350959777832,
    0.24203801155090332,
    -0.1409308910369873,
    0.04323601722717285,
    -0.037493228912353516,
    -0.2832622528076172,
    -0.6107678413391113,
    -0.04008078575134277,
    -0.059525251388549805,
    -0.1409369707107544,
    -0.11028683185577393,
    -0.3107912540435791
  ]
}