{
  "pred_mean": -0.24514518819488348,
  "pred_std": 0.11947582055573487,
  "pred_history": [
    -0.22975485026836395,
    -0.07190324366092682,
    -0.07190324366092682,
    -0.17248961329460144,
    -0.07190324366092682,
    -0.07190324366092682,
    -0.17248961329460144,
    -0.07190324366092682,
    -0.17248961329460144,
    -0.07190324366092682,
    -0.23823708295822144,
    -0.23823708295822144,
    -0.23823708295822144,
    -0.23823708295822144,
    -0.23823708295822144,
    -0.23823708295822144,
    -0.23823708295822144,
    -0.23823708295822144,
    -0.23823708295822144,
    -0.23823708295822144,
    -0.23823708295822144,
    -0.23823708295822144,
    -0.07190324366092682,
    -0.20314551889896393,
    -0.18896524608135223,
    -0.18896524608135223,
    -0.18896524608135223,
    -0.18896524608135223,
    -0.18896524608135223,
    -0.18896524608135223,
    -0.18896524608135223,
    -0.18896524608135223,
    -0.18896524608135223,
    -0.18896524608135223,
    -0.18896524608135223,
    -0.18896524608135223,
    -0.18896524608135223,
    -0.18896524608135223,
    -0.18896524608135223,
    -0.18896524608135223,
    -0.18896524608135223,
    -0.07190324366092682,
    -0.07190324366092682,
    -0.07190324366092682,
    -0.07190324366092682,
    -0.17248961329460144,
    -0.07190324366092682,
    -0.07190324366092682,
    -0.17248961329460144,
    -0.07190324366092682,
    -0.23823708295822144,
    -0.23823708295822144,
    -0.23823708295822144,
    -0.23823708295822144,
    -0.23823708295822144,
    -0.23823708295822144,
    -0.23823708295822144,
    -0.23823708295822144,
    -0.23823708295822144,
    -0.23823708295822144,
    -0.23823708295822144,
    -0.23823708295822144,
    -0.23823708295822144,
    -0.23823708295822144,
    -0.23823708295822144,
    -0.23823708295822144,
    -0.23823708295822144,
    -0.23823708295822144,
    -0.23823708295822144,
    -0.23823708295822144,
    -0.23823708295822144,
    -0.23823708295822144,
    -0.23823708295822144,
    -0.23823708295822144,
    -0.23823708295822144,
    -0.23823708295822144,
    -0.23823708295822144,
    -0.23823708295822144,
    -0.23823708295822144,
    -0.23823708295822144,
    -0.23823708295822144,
    -0.23823708295822144,
    -0.19109033048152924,
    -0.19109033048152924,
    -0.19109033048152924,
    -0.19109033048152924,
    -0.19109033048152924,
    -0.19109033048152924,
    -0.19109033048152924,
    -0.19109033048152924,
    -0.19109033048152924,
    -0.19109033048152924,
    -0.19109033048152924,
    -0.19109033048152924,
    -0.19109033048152924,
    -0.19109033048152924,
    -0.19109033048152924,
    -0.19109033048152924,
    -0.19109033048152924,
    -0.19109033048152924,
    -0.19109033048152924,
    -0.19109033048152924,
    -0.19109033048152924,
    -0.19109033048152924,
    -0.19109033048152924,
    -0.19109033048152924,
    -0.19109033048152924,
    -0.19109033048152924,
    -0.19109033048152924,
    -0.19109033048152924,
    -0.19109033048152924,
    -0.19109033048152924,
    -0.19109033048152924,
    -0.19109033048152924,
    -0.21070368587970734,
    -0.21070368587970734,
    -0.21070368587970734,
    -0.21070368587970734,
    -0.21070368587970734,
    -0.21070368587970734,
    -0.21070368587970734,
    -0.21070368587970734,
    -0.21070368587970734,
    -0.21070368587970734,
    -0.21070368587970734,
    -0.21070368587970734,
    -0.21070368587970734,
    -0.21070368587970734,
    -0.21070368587970734,
    -0.21070368587970734,
    -0.21070368587970734,
    -0.21070368587970734,
    -0.21070368587970734,
    -0.21070368587970734,
    -0.21070368587970734,
    -0.21070368587970734,
    -0.21070368587970734,
    -0.21070368587970734,
    -0.21070368587970734,
    -0.21070368587970734,
    -0.21070368587970734,
    -0.21070368587970734,
    -0.21070368587970734,
    -0.21070368587970734,
    -0.21070368587970734,
    -0.21070368587970734,
    -0.21070368587970734,
    -0.21070368587970734,
    -0.21070368587970734,
    -0.21070368587970734,
    -0.21070368587970734,
    -0.21070368587970734,
    -0.21070368587970734,
    -0.21070368587970734,
    -0.21070368587970734,
    -0.21070368587970734,
    -0.21070368587970734,
    -0.21070368587970734,
    -0.21070368587970734,
    -0.21070368587970734,
    -0.23823708295822144,
    -0.23823708295822144,
    -0.23823708295822144,
    -0.23823708295822144,
    -0.23823708295822144,
    -0.23823708295822144,
    -0.21070368587970734,
    -0.21070368587970734,
    -0.21070368587970734,
    -0.23823708295822144,
    -0.23823708295822144,
    -0.23823708295822144,
    -0.23823708295822144,
    -0.23823708295822144,
    -0.23823708295822144,
    -0.23823708295822144,
    -0.23823708295822144,
    -0.23823708295822144,
    -0.23823708295822144,
    -0.21070368587970734,
    -0.21070368587970734,
    -0.21070368587970734,
    -0.21070368587970734,
    -0.21070368587970734,
    -0.21070368587970734,
    -0.21070368587970734,
    -0.18896524608135223,
    -0.18896524608135223,
    -0.18896524608135223,
    -0.21070368587970734,
    -0.18896524608135223,
    -0.18896524608135223,
    -0.18896524608135223,
    -0.18896524608135223,
    -0.18896524608135223,
    -0.18896524608135223,
    -0.18896524608135223,
    -0.18896524608135223,
    -0.18896524608135223,
    -0.18896524608135223
  ]
}