{
  "pred_mean": 1.2966906453557312,
  "pred_std": 1.421070863882457,
  "pred_history": [
    1.817662465572357,
    1.7432037889957428,
    1.2010640025138857,
    0.04147864580154437,
    0.16516686677932757,
    0.3202068954706192,
    0.91955024600029,
    0.0937857687473298,
    0.15774052739143385,
    0.06313943266868605,
    0.02560409903526306,
    0.1274894952774046,
    0.0006901204586031717,
    0.6616187036037446,
    0.4381641745567324,
    0.25197739005088815,
    0.5233413457870486,
    2.094892305135727,
    3.195166897773742,
    2.200290948152542,
    1.2028484821319583,
    1.2709070086479184,
    1.046412944793701,
    0.6142517030239105,
    1.4844889581203462,
    1.0721087396144868,
    1.4481559872627257,
    0.8220104336738585,
    0.8079910159111026,
    1.2339821100234984,
    1.2340140998363496,
    2.561738586425781,
    1.6875799149274824,
    1.6985787838697433,
    1.3937850862741472,
    0.809690111875534,
    0.858449864387512,
    1.4100064933300018,
    1.2109847426414488,
    0.2361633658409117,
    1.1333977997303006,
    0.9763989567756652,
    2.0250568330287937,
    3.0062231004238136,
    3.3806445747613902,
    1.7996186792850497,
    0.22444437742233259,
    1.390573728084564,
    1.4965650737285614,
    0.923475480079651,
    0.35105907917022705,
    0.47405431866645786,
    0.5569073557853699,
    0.6444720745086672,
    0.5129153072834014,
    2.204036059975624,
    2.0912198573350906,
    2.2703146398067475,
    2.692572754621506,
    3.8131435155868525,
    6.984401398897171,
    7.108242529630661,
    5.05055779516697,
    4.925787568092346,
    0.6522289872169496,
    0.7484793961048126,
    0.9140887707471848,
    0.37394383549690247,
    0.19855554699897793,
    0.4661448568105697,
    0.39466099143028255,
    0.6866573065519332,
    0.23337620794773084,
    0.1914859950542449,
    0.607136821746826,
    0.1919268578290938,
    0.3356489822268486,
    0.12720071673393263,
    0.015698929131031103,
    0.24206744730472574,
    0.21641253829002394,
    1.408403396606445,
    0.7663975268602368,
    0.816469955444336,
    0.055327147245407104,
    0.004518902301788419,
    0.06797168254852304,
    2.5684379994869233,
    3.181460124254227,
    3.446831241250038,
    2.280752146244049,
    1.3836493849754337,
    1.5784742057323453,
    0.9166809707880019,
    0.7981267839670182,
    0.12918521165847796,
    0.7839265376329423,
    2.6438734024763106,
    2.5231671869754795,
    1.5091813057661059,
    1.9633960336446759,
    1.9753847301006315,
    1.583764207363129,
    1.1957128047943113,
    0.36154336929321285,
    0.08880885243415837,
    0.6820432364940643,
    0.013493967056274592,
    0.06029918491840358,
    0.001479661464691251,
    0.00013988018035870908,
    0.12690353393554688,
    0.9834913492202757,
    1.7388272106647493,
    1.9198623478412626,
    0.9378271877765654,
    1.211513578891754,
    1.024689292907715,
    1.1430853128433225,
    0.1995247364044186,
    4.984215021133423,
    7.056535971164704,
    7.1983955025672905,
    7.3938965678215025,
    5.149765661358833,
    4.664467200636864,
    4.64871034771204,
    2.756833890080452,
    1.5504920184612274,
    1.2115874081850055,
    0.27475149333477034,
    0.5988777667284011,
    1.1472606748342513,
    0.05852273106575012,
    0.14321489930152898,
    0.8224737614393234,
    0.40787772536277767,
    0.5309788703918457,
    0.8328013122081754,
    0.7940111637115477,
    2.263876473903656,
    1.2332562983036044,
    0.8802285492420197,
    0.35709931254386906,
    0.7659251183271412,
    1.2056761980056763,
    0.7072659134864807,
    2.2973285198211673,
    3.076040333509445,
    3.523376679420471,
    1.9753426551818847,
    0.5644409060478208,
    1.0225759714841842,
    0.955718803405762,
    0.8299458146095273,
    1.74784294962883,
    2.760130390524864,
    1.5978788554668428,
    0.6482624948024749,
    1.4469623863697052,
    1.207476007938385,
    1.1598738074302675,
    1.107306355237961,
    0.9021300554275515,
    3.522354139387608,
    2.4986440643668173,
    0.6416250050067902,
    1.1508582316339018,
    0.6338524863123893,
    0.6643186450004579,
    0.12660996466875085,
    0.35147424787282944,
    0.6236127719283105,
    0.7088161036372184,
    0.6955010503530502,
    0.8384401738643645,
    1.34210402071476,
    1.1246544241905212,
    1.0572340548038484,
    1.0334251150488853,
    0.36109274625778176,
    0.20155196487903604,
    0.02932026684284228,
    0.7118015497922897,
    0.8255162447690965,
    0.9297846347093581,
    0.22593906521797136,
    1.6348990410566329,
    0.0695098340511322,
    0.19638888239860552,
    0.06541457772254922,
    0.3855456948280336,
    0.8531404614448548,
    0.14032590985298143,
    0.060883080959319935,
    0.1072847127914427,
    0.012377738952636719,
    0.3500111520290372,
    1.3625537335872648,
    0.4868272542953491
  ]
}