{
  "pred_mean": -0.2411162427375241,
  "pred_std": 0.0945492272412376,
  "pred_history": [
    -0.1505296528339386,
    -0.2101041078567505,
    -0.2101041078567505,
    -0.2101041078567505,
    -0.2101041078567505,
    -0.2101041078567505,
    -0.18268543481826782,
    -0.18268543481826782,
    -0.1505296528339386,
    -0.2101041078567505,
    -0.2101041078567505,
    -0.2101041078567505,
    -0.2101041078567505,
    -0.2101041078567505,
    -0.2101041078567505,
    -0.2101041078567505,
    -0.2101041078567505,
    -0.2101041078567505,
    -0.2101041078567505,
    -0.2101041078567505,
    -0.2101041078567505,
    -0.2101041078567505,
    -0.2101041078567505,
    -0.2101041078567505,
    -0.2101041078567505,
    -0.1505296528339386,
    -0.1505296528339386,
    -0.1505296528339386,
    -0.1505296528339386,
    -0.1505296528339386,
    -0.1505296528339386,
    -0.1505296528339386,
    -0.1505296528339386,
    -0.1505296528339386,
    -0.1505296528339386,
    -0.1505296528339386,
    -0.1505296528339386,
    -0.1505296528339386,
    -0.1505296528339386,
    -0.1505296528339386,
    -0.1505296528339386,
    -0.1505296528339386,
    -0.1505296528339386,
    -0.1505296528339386,
    -0.1505296528339386,
    -0.1505296528339386,
    -0.1505296528339386,
    -0.1505296528339386,
    -0.19811028242111206,
    -0.19811028242111206,
    -0.19811028242111206,
    -0.19811028242111206,
    -0.19811028242111206,
    -0.19811028242111206,
    -0.19811028242111206,
    -0.2101041078567505,
    -0.2101041078567505,
    -0.2101041078567505,
    -0.2101041078567505,
    -0.2101041078567505,
    -0.2101041078567505,
    -0.2101041078567505,
    -0.2101041078567505,
    -0.19811028242111206,
    -0.19811028242111206,
    -0.2101041078567505,
    -0.2101041078567505,
    -0.2101041078567505,
    -0.2101041078567505,
    -0.2101041078567505,
    -0.2101041078567505,
    -0.2101041078567505,
    -0.2101041078567505,
    -0.2101041078567505,
    -0.2101041078567505,
    -0.2101041078567505,
    -0.2101041078567505,
    -0.19811028242111206,
    -0.19811028242111206,
    -0.19811028242111206,
    -0.19811028242111206,
    -0.19811028242111206,
    -0.19811028242111206,
    -0.19811028242111206,
    -0.19811028242111206,
    -0.19811028242111206,
    -0.19811028242111206,
    -0.19811028242111206,
    -0.19811028242111206,
    -0.19811028242111206,
    -0.19811028242111206,
    -0.19811028242111206,
    -0.19811028242111206,
    -0.19811028242111206,
    -0.19811028242111206,
    -0.19811028242111206,
    -0.19811028242111206,
    -0.2101041078567505,
    -0.2101041078567505,
    -0.2101041078567505,
    -0.18268543481826782,
    -0.18268543481826782,
    -0.2101041078567505,
    -0.2101041078567505,
    -0.2101041078567505,
    -0.2101041078567505,
    -0.2101041078567505,
    -0.2101041078567505,
    -0.2101041078567505,
    -0.2101041078567505,
    -0.2101041078567505,
    -0.2101041078567505,
    -0.2101041078567505,
    -0.2101041078567505,
    -0.2101041078567505,
    -0.2101041078567505,
    -0.2101041078567505,
    -0.2101041078567505,
    -0.2101041078567505,
    -0.2101041078567505,
    -0.2101041078567505,
    -0.16376033425331116,
    -0.2101041078567505,
    -0.2101041078567505,
    -0.2101041078567505,
    -0.2101041078567505,
    -0.2101041078567505,
    -0.2101041078567505,
    -0.2101041078567505,
    -0.2101041078567505,
    -0.2101041078567505,
    -0.2101041078567505,
    -0.2101041078567505,
    -0.2101041078567505,
    -0.2101041078567505,
    -0.2101041078567505,
    -0.19811028242111206,
    -0.19811028242111206,
    -0.19811028242111206,
    -0.19811028242111206,
    -0.19811028242111206,
    -0.19811028242111206,
    -0.19811028242111206,
    -0.19811028242111206,
    -0.19811028242111206,
    -0.19811028242111206,
    -0.19811028242111206,
    -0.19811028242111206,
    -0.19811028242111206,
    -0.19811028242111206,
    -0.19811028242111206,
    -0.19811028242111206,
    -0.19811028242111206,
    -0.19811028242111206,
    -0.19811028242111206,
    -0.19811028242111206,
    -0.2101041078567505,
    -0.2101041078567505,
    -0.2101041078567505,
    -0.2101041078567505,
    -0.2101041078567505,
    -0.2101041078567505,
    -0.2101041078567505,
    -0.2101041078567505,
    -0.2101041078567505,
    -0.2101041078567505,
    -0.2101041078567505,
    -0.2101041078567505,
    -0.2101041078567505,
    -0.2101041078567505,
    -0.19811028242111206,
    -0.19811028242111206,
    -0.19811028242111206,
    -0.19811028242111206,
    -0.19811028242111206,
    -0.19811028242111206,
    -0.19811028242111206,
    -0.19811028242111206,
    -0.19811028242111206,
    -0.19811028242111206,
    -0.19811028242111206,
    -0.19811028242111206,
    -0.19811028242111206,
    -0.19811028242111206,
    -0.19811028242111206,
    -0.19811028242111206,
    -0.19811028242111206,
    -0.19811028242111206,
    -0.19811028242111206,
    -0.19811028242111206,
    -0.19811028242111206,
    -0.2101041078567505,
    -0.2101041078567505,
    -0.2101041078567505,
    -0.2101041078567505,
    -0.1505296528339386,
    -0.1505296528339386,
    -0.1505296528339386,
    -0.1505296528339386,
    -0.1505296528339386
  ]
}