sym,side,t_sweep,day,utc_hour,atr,r,pierce_atr,poc_m5u,vwap_m5u,poc_m5c,vwap_m5c,poc_m1u,vwap_m1u,poc_m1c,vwap_m1c,trend_24h,er_24h,rv_24h,rv_1h
BTC,buyside,1757400600,2025-09-09,6,455.18894898073,0.2006858914403764,0.3161983618501703,1.9074067738528224,1.9735648827358128,2.0074067738528045,1.9735648827358128,1.8574067738527993,1.9495322443800511,2.0574067738528274,1.9495322443800511,2.3874481189261285,0.2026290274463018,0.002622831889824715,0.0028559073243303625
BTC,sellside,1757432400,2025-09-09,15,541.1715339710653,-0.10128027170575964,0.3898948609726422,3.359322760515412,2.1213771309685843,2.309322760515427,2.1213771309685843,3.4593227605154118,2.089034859565436,3.5093227605154254,2.089034859565436,-1.5970906556334397,0.14014281822780886,0.003211354530694057,0.00437012207666006
BTC,buyside,1757507700,2025-09-10,12,488.0110519529361,0.4508709364664524,0.1272512164458004,3.972807156926048,3.5277941569796196,2.3228071569260367,3.5277941569796196,4.0728071569260464,3.311285677282108,0.2728071569260336,3.311285677282108,-0.7618065175209251,0.06676675903659636,0.00337399511097848,0.002500121048292102
BTC,buyside,1757507700,2025-09-10,12,488.0110519529361,0.4508709364664524,0.3347874998858859,3.765270873485963,3.320257873539534,2.1152708734859513,3.320257873539534,3.8652708734859607,3.1037493938420226,0.0652708734859481,3.1037493938420226,-0.7618065175209251,0.06676675903659636,0.00337399511097848,0.002500121048292102
BTC,buyside,1757507700,2025-09-10,12,488.0110519529361,0.4508709364664524,0.5219349008197681,3.5781234725520803,3.133110472605652,1.928123472552069,3.133110472605652,3.678123472552078,2.9166019929081406,-0.12187652744793409,2.9166019929081406,-0.7618065175209251,0.06676675903659636,0.00337399511097848,0.002500121048292102
BTC,buyside,1757563200,2025-09-11,4,437.4275549748444,-0.5525943604853655,0.27684584252346767,0.9554276329229678,2.543529493757421,2.25542763292297,2.543529493757421,1.105427632922972,2.51021704477995,2.1554276329229674,2.51021704477995,5.196609070799674,0.5712038516820936,0.0027575454899537344,0.001790934591990895
BTC,buyside,1757635500,2025-09-12,0,493.94533477765293,0.6422573059482569,0.01933412328775571,3.39398967588546,2.909283551326863,3.8439896758854633,2.909283551326863,3.143989675885465,2.855208390852722,3.6939896758854425,2.855208390852722,3.2331310522831083,0.3341871166607041,0.0024168165841445023,0.0015655439460826887
BTC,buyside,1757702100,2025-09-12,18,449.07115561950525,0.12659463714960667,0.26563719024760013,2.774837746798193,2.2794441796698837,2.924837746798177,2.2794441796698837,3.074837746798194,2.2593844870334605,2.924837746798177,2.2593844870334605,3.3464852533822453,0.33044986883681265,0.0021680809801663584,0.0024508684296749928
BTC,sellside,1757895000,2025-09-15,0,331.59545829982744,0.597686111312175,0.18513522565948656,1.8830613941873702,1.577032044948073,0.5330613941873542,1.577032044948073,2.0330613941873814,1.5646194406028957,1.933061394187374,1.5646194406028957,-2.0132664163222,0.17412590148541757,0.001992697208699555,0.002270154562325164
BTC,buyside,1757910300,2025-09-15,4,358.0970737323332,1.1759660463318047,0.008573094351190275,1.0208091844950398,1.7380126064093844,2.4208091844950705,1.7380126064093844,1.0208091844950398,1.689643090760247,1.1208091844950447,1.689643090760247,-0.8532323283613039,0.0759392366806873,0.002040394792098362,0.0017978561001363547
BTC,buyside,1757916600,2025-09-15,6,397.2733952079817,-1.5014345465739658,0.23248473498117841,2.1408517969039464,2.5876049443052302,1.8408517969039462,2.5876049443052302,2.1408517969039464,2.5674408976699867,3.5408517969039726,2.5674408976699867,1.9779074296899128,0.1615736866239124,0.0024475223901959772,0.0015070684825837074
BTC,sellside,1757926800,2025-09-15,9,472.20859076606564,-0.2780974394958625,0.06736429752031141,1.5370657613295695,1.9532114821737732,2.5370657613295697,1.9532114821737732,1.1370657613295447,1.9195043764009307,2.7870657613295697,1.9195043764009307,-0.26848304431379194,0.023576274212264475,0.002620985302889418,0.004549911815800413
BTC,buyside,1758043800,2025-09-16,17,471.0832160729818,-0.5972193243165987,0.05884310681046783,2.825031621401396,2.728304607221667,1.925031621401384,2.728304607221667,2.825031621401396,2.703703878867453,2.7750316214014075,2.703703878867453,2.0124469895211186,0.23732611030308304,0.0019030334877793488,0.0022282162317544207
BTC,sellside,1758135000,2025-09-17,18,529.4052281459442,-0.9115134765291127,0.03078926903893249,3.746671868775419,2.9299773576151025,2.7466718687754184,2.9299773576151025,3.696671868775408,2.885639435462335,3.8966718687754245,2.885639435462335,-1.7271835474732642,0.20330579247414135,0.002303750331636884,0.010981927433047116
BTC,buyside,1758165300,2025-09-18,3,606.68491338761,0.36018696884980467,0.23430613958447782,2.933546469037984,2.0757102642397585,2.0335464690380043,2.0757102642397585,2.933546469037984,2.0482330832827422,2.383546469037987,2.0482330832827422,0.9534273677091581,0.10100387475750085,0.002717386280439162,0.0029214922061280056
BTC,buyside,1758165000,2025-09-18,3,606.68491338761,0.515770201458901,0.16189622954617394,2.6989601181011857,1.872969766341704,1.7989601181012058,1.872969766341704,2.6989601181011857,1.8575084867745257,2.1489601181011886,1.8575084867745257,0.9534273677091581,0.10100387475750085,0.002717386280439162,0.00285469501879205
BTC,buyside,1758219600,2025-09-18,18,446.6656961015424,-0.3004931902571904,0.008955243339507906,0.47184218865601224,2.5489704171692975,1.0218421886560267,2.5489704171692975,1.4218421886560049,2.4265275274622393,1.4218421886560049,2.4265275274622393,5.267921894465526,0.5239157637859067,0.0021067196706728956,0.0022248166931821667
BTC,sellside,1758502500,2025-09-22,0,284.55656601976017,0.7139880932703192,0.3297762596470189,4.602198599040745,3.7605955015359798,2.0521985990407416,3.7605955015359798,3.952198599040751,3.5397593309365973,3.952198599040751,3.5397593309365973,-1.5031106327390085,0.14099884621724254,0.0013591688876739027,0.0032117574333947
BTC,sellside,1758501600,2025-09-22,0,284.55656601976017,0.18400559415088177,0.07313132953169173,3.418567503434225,2.744209234336134,0.8685675034342221,2.744209234336134,2.768567503434231,2.6635181458379273,2.768567503434231,2.6635181458379273,-1.5031106327390085,0.14099884621724254,0.0013591688876739027,0.001961972020565288
BTC,sellside,1758501300,2025-09-22,0,284.55656601976017,0.9405159885904911,1.0472434502857555,2.086002926542084,1.5394470129133928,1.6860029265421035,1.5394470129133928,1.4360029265420902,1.4141234236826248,1.4360029265420902,1.4141234236826248,-1.5031106327390085,0.14099884621724254,0.0013591688876739027,0.0012024887596853546
BTC,sellside,1758521100,2025-09-22,6,471.3639217493973,-0.6605724062300022,3.458049979621895,1.9829084733057671,3.2371944419383287,2.332908473305779,3.2371944419383287,1.9829084733057671,2.2289994900624204,-2.91709152669422,2.2289994900624204,-4.234541312776123,0.4194628968433273,0.002470025223092693,0.005764195483534595
BTC,sellside,1758596100,2025-09-23,2,488.9165092295574,-1.3887442685663411,0.2065792381590007,1.8061007309279409,1.974131753912779,1.4061007309279336,1.974131753912779,1.90610073092795,1.9609637951839256,0.5561007309279594,1.9609637951839256,-4.154390292937159,0.298315544896034,0.0032181459681927217,0.0027455870038555785
BTC,sellside,1758660000,2025-09-23,20,492.8601384659818,-0.6158948072871074,0.03909831308326455,2.9891283915285896,2.1922780187380884,2.9891283915285896,2.1922780187380884,3.0391283915285974,2.178514711870702,2.9891283915285896,2.178514711870702,-2.2858208892821033,0.23836162483417814,0.002515094633968482,0.0023547070596722022
BTC,buyside,1758725100,2025-09-24,14,466.17436720573374,0.6985583569340207,0.20185580036080636,2.4467274258716087,2.0885432657707597,2.696727425871593,2.0885432657707597,2.3467274258715896,2.0635739488025298,2.396727425871599,2.0635739488025298,0.3661934503675821,0.03355762747514613,0.002684637687785426,0.0032984087083371932
BTC,sellside,1758803700,2025-09-25,12,498.92791474636687,-0.10470450431013019,0.045417382612321554,1.46246798282628,3.1208344251202775,1.3624679828262625,3.1208344251202775,1.46246798282628,3.066353558219625,1.7124679828262659,3.066353558219625,-3.452783356240435,0.30487660274845185,0.0029378800333671505,0.00381078895795412
BTC,sellside,1758807900,2025-09-25,13,541.0802065501977,-1.4196231736093423,0.25258732133517614,1.7610617352413678,3.0037968618173103,1.3610617352413825,3.0037968618173103,1.8110617352413725,2.9642874057381787,1.16106173524139,2.9642874057381787,-3.165186933965418,0.3036355706530385,0.0029365699727909827,0.006027538571074098
BTC,sellside,1758822600,2025-09-25,17,705.4707978259111,-0.5720718720657707,0.2788775957931858,3.401724937551389,3.4641316272788645,3.1017249375514,3.4641316272788645,3.1017249375514,3.432745224445941,2.9517249375513948,3.432745224445941,-3.974664874352396,0.5321217043774603,0.002551285257975712,0.0044553499887648096
BTC,sellside,1758821100,2025-09-25,17,705.4707978259111,0.4722094819893751,0.16053109547412717,2.4833594970588657,2.8234345176632205,2.1833594970588766,2.8234345176632205,2.1833594970588766,2.7145176641497097,2.0333594970588718,2.7145176641497097,-3.974664874352396,0.5321217043774603,0.002551285257975712,0.004716647839511688
BTC,sellside,1758820200,2025-09-25,17,705.4707978259111,2.4206104707134877,0.008859331979808344,1.5693882852283358,2.01583764813398,1.2693882852283465,2.01583764813398,1.2693882852283465,2.007930135302593,1.1193882852283414,2.007930135302593,-3.974664874352396,0.5321217043774603,0.002551285257975712,0.003020322504704575
BTC,sellside,1758885600,2025-09-26,11,590.3996706231828,-0.46910595276529815,0.01937670457693946,1.3784373235057852,2.213843786524772,4.878437323505796,2.213843786524772,1.3784373235057852,2.196500358974334,0.6784373235057929,2.196500358974334,-4.154812616021266,0.30417487141078714,0.00517112536281802,0.0022974597801731778
BTC,buyside,1759071300,2025-09-28,14,226.5864185115992,0.9387146917153965,0.41683875238604423,1.7542613792729982,1.4911526385575442,1.8542613792730533,1.4911526385575442,1.7542613792729982,1.4718388935844018,1.8542613792730533,1.4718388935844018,1.5495633070436077,0.21363683381097132,0.000994909580309037,0.0017719670561788514
BTC,buyside,1759075800,2025-09-28,16,244.48196290030805,0.3505780098589181,0.38297303772133073,3.7330269215068097,3.2440480002260976,3.7330269215068097,3.2440480002260976,3.7330269215068097,3.154686689942203,3.7330269215068097,3.154686689942203,2.654142630000873,0.3388689571615807,0.0010917078981454553,0.0023469369107043145
BTC,buyside,1759157100,2025-09-29,14,464.94774460293996,-0.2831931147713017,0.5161870399112426,3.934797197862427,4.3801769968441695,3.934797197862427,4.3801769968441695,3.934797197862427,4.309606352460156,3.934797197862427,4.309606352460156,7.263784025631003,0.6645755687878077,0.0032322172903009,0.00851721044038644
BTC,buyside,1759308600,2025-10-01,8,579.0500209852053,0.38832569182437826,0.1350315122465043,2.913478182642042,3.848181133072777,3.0634781826420427,3.848181133072777,3.0634781826420427,3.782653691235554,2.763478182642041,3.782653691235554,1.8774371135508185,0.1602342353230764,0.0030118524059697333,0.004293780311070004
BTC,buyside,1759308600,2025-10-01,8,579.0500209852053,0.38832569182437826,0.6578706263611989,2.390639068527347,3.3253420189580827,2.540639068527348,3.3253420189580827,2.540639068527348,3.2598145771208595,2.2406390685273463,3.2598145771208595,1.8774371135508185,0.1602342353230764,0.0030118524059697333,0.004293780311070004
BTC,buyside,1759307100,2025-10-01,8,579.0500209852053,2.6029530185243104,0.3246697058746906,0.6169408338695869,1.7698188684425817,0.7669408338695877,1.7698188684425817,0.7669408338695877,1.7418678312662077,0.46694083386958607,1.7418678312662077,1.8774371135508185,0.1602342353230764,0.0030118524059697333,0.0020544381907036673
BTC,buyside,1759307100,2025-10-01,8,579.0500209852053,2.6029530185243104,0.38879197278495004,0.5528185669593274,1.7056966015323223,0.7028185669593282,1.7056966015323223,0.7028185669593282,1.6777455643559482,0.40281856695932666,1.6777455643559482,1.8774371135508185,0.1602342353230764,0.0030118524059697333,0.0020544381907036673
BTC,buyside,1759336800,2025-10-01,16,585.0626986755053,-1.0890627644566233,0.5110563375120161,5.791863520624409,4.165853803036059,3.0918635206243956,4.165853803036059,5.791863520624409,4.03161832278058,5.791863520624409,4.03161832278058,7.832476776205464,0.5480523021834801,0.003775366064823046,0.003411733138266168
BTC,buyside,1759363200,2025-10-02,0,581.9849589629036,-0.28614141557327366,0.12732287812395,2.1173788602723813,3.798315027716816,4.267378860272398,3.798315027716816,6.917378860272401,3.7584643314668367,3.8173788602723966,3.7584643314668367,6.351469987449663,0.48390078126636327,0.003787211689724695,0.004500197750573534
BTC,buyside,1759363800,2025-10-02,0,616.1003190369813,-1.250754099924036,0.38970926094517944,3.0772857744114233,4.470236510055852,5.077285774411423,4.470236510055852,7.627285774411417,4.387942806838162,4.627285774411418,4.387942806838162,7.069400656711185,0.524888284718506,0.0039772980756874465,0.005512059850069326
BTC,buyside,1759412700,2025-10-02,13,511.1450778021081,-1.0606577731927016,0.18210094167440666,1.579529668283774,2.613509460753999,2.979529668283773,2.613509460753999,1.6295296682837699,2.532704570246808,1.6795296682837657,2.532704570246808,5.077736464098035,0.4328508055101563,0.002804308889506953,0.0029122299575566166
BTC,buyside,1759504800,2025-10-03,15,602.5128632019265,2.990724530633117,0.5542288312740629,1.1872178734142784,1.4092161816005366,1.4872178734142865,1.4092161816005366,1.2372178734142716,1.3753560027205507,1.587217873414273,1.3753560027205507,1.67144979220551,0.18648995487145792,0.002399123361365677,0.004753036506316636
BTC,buyside,1759631700,2025-10-05,2,479.8306028240203,-0.07481807077061453,0.6981838966258286,3.3306860709215025,3.6154568699056213,3.430686070921514,3.6154568699056213,3.3306860709215025,3.402637843387599,3.1306860709215094,3.402637843387599,1.0903639678686445,0.1342314767540619,0.0017451143138512057,0.003547029830638647
BTC,buyside,1759639800,2025-10-05,4,609.6811830472421,-0.25285346552684757,2.024697553941643,3.387443357473478,2.80791363235287,0.5374433574734769,2.80791363235287,3.5874433574734925,2.2337537195782793,-1.162556642526517,2.2337537195782793,2.101458984835889,0.2480033448570896,0.003271119627640061,0.0035279391325874158
BTC,buyside,1759750200,2025-10-06,11,576.2257570921207,0.028270169806708812,0.07208980072258837,0.8405175630563144,1.5946337408192126,2.4905175630563305,1.5946337408192126,0.7405175630563294,1.6021239760452883,0.8905175630563195,1.6021239760452883,0.890900820870335,0.08881015566342942,0.0026015167288185263,0.0020539545886568023
BTC,buyside,1759771500,2025-10-06,17,639.2289266794203,-0.8298279033702476,0.1733025452641259,2.881338212059724,2.525560751424094,2.881338212059724,2.525560751424094,2.781338212059712,2.4950797634291986,2.9313382120597185,2.4950797634291986,3.7516919211678896,0.353873486233522,0.002789751102969974,0.0030510450863622755
BTC,sellside,1759851600,2025-10-07,15,779.0031213785063,-0.3277650538141305,0.15913928532228042,4.793596761231647,3.6096400649446445,2.7935967612316523,3.6096400649446445,4.793596761231647,3.571460944576969,2.5935967612316584,3.571460944576969,-2.919936952209958,0.28066521396860467,0.0036481229276337382,0.008194922051938844
BTC,sellside,1759849800,2025-10-07,15,779.0031213785063,0.1782021100946993,0.7302666502713461,3.7773877393741295,2.836196868640786,1.777387739374135,2.836196868640786,3.7773877393741295,2.7748198559159984,1.5773877393741411,2.7748198559159984,-2.919936952209958,0.28066521396860467,0.0036481229276337382,0.005140215186437527
BTC,sellside,1760028900,2025-10-09,16,882.9036266016521,-0.4452128048368939,0.35861218649501336,1.6586337884350815,2.0556054265902595,0.5586337884350732,2.0556054265902595,1.6586337884350815,1.9937835803320882,1.6586337884350815,1.9937835803320882,-2.156396171265242,0.18000028363027828,0.004747372093448192,0.00532182907362346
BTC,sellside,1760110500,2025-10-10,15,786.9604599730654,-0.7811828309913252,0.9508736944999934,2.544769365437483,2.2090815264726373,2.794769365437488,2.2090815264726373,2.544769365437483,2.12956404079146,2.6447693654374813,2.12956404079146,-0.8310074435282098,0.07734173487598162,0.004413913379659925,0.009472337725492037
BTC,sellside,1760109900,2025-10-10,15,786.9604599730654,0.3048818996677666,0.37212797198226316,2.0324564596355867,1.799726623409079,2.2824564596355916,1.799726623409079,2.0324564596355867,1.7540700901799444,2.132456459635585,1.7540700901799444,-0.8310074435282098,0.07734173487598162,0.004413913379659925,0.008924097781621355
BTC,sellside,1760131200,2025-10-10,21,1945.466129631644,-4.748743686300636,0.6683179831283834,8.451859530368822,6.718767840632664,3.651859530368822,6.718767840632664,8.451859530368822,6.212995389199066,3.5018595303688196,6.212995389199066,-3.6979312517572085,0.6502373472066053,0.005682729849649369,0.025466662048013317
BTC,sellside,1760131200,2025-10-10,21,1945.466129631644,-4.748743686300636,1.770783848420059,7.349393665077146,5.6163019753409875,2.5493936650771465,5.6163019753409875,7.349393665077146,5.110529523907391,2.399393665077144,5.110529523907391,-3.6979312517572085,0.6502373472066053,0.005682729849649369,0.025466662048013317
BTC,sellside,1760131200,2025-10-10,21,1945.466129631644,-4.748743686300636,1.7759240047289706,7.344253508768235,5.611161819032076,2.5442535087682345,5.611161819032076,7.344253508768235,5.1053893675984785,2.394253508768232,5.1053893675984785,-3.6979312517572085,0.6502373472066053,0.005682729849649369,0.025466662048013317
BTC,sellside,1760131200,2025-10-10,21,1945.466129631644,-4.748743686300636,1.8810350610899074,7.239142452407298,5.50605076267114,2.4391424524072978,5.50605076267114,7.239142452407298,5.000278311237542,2.289142452407295,5.000278311237542,-3.6979312517572085,0.6502373472066053,0.005682729849649369,0.025466662048013317
BTC,sellside,1760131200,2025-10-10,21,1945.466129631644,-4.748743686300636,2.3610742587791624,6.759103254718043,5.026011564981885,1.9591032547180431,5.026011564981885,6.759103254718043,4.520239113548287,1.8091032547180406,4.520239113548287,-3.6979312517572085,0.6502373472066053,0.005682729849649369,0.025466662048013317
BTC,sellside,1760131200,2025-10-10,21,1945.466129631644,-4.748743686300636,2.4775913219895753,6.64258619150763,4.909494501771472,1.8425861915076303,4.909494501771472,6.64258619150763,4.4037220503378744,1.6925861915076277,4.4037220503378744,-3.6979312517572085,0.6502373472066053,0.005682729849649369,0.025466662048013317
BTC,sellside,1760131200,2025-10-10,21,1945.466129631644,-4.748743686300636,2.7059838872634394,6.414193626233765,4.681101936497607,1.6141936262337662,4.681101936497607,6.414193626233765,4.17532948506401,1.4641936262337636,4.17532948506401,-3.6979312517572085,0.6502373472066053,0.005682729849649369,0.025466662048013317
BTC,sellside,1760131200,2025-10-10,21,1945.466129631644,-4.748743686300636,2.7705391103470665,6.349638403150139,4.616546713413981,1.5496384031501391,4.616546713413981,6.349638403150139,4.110774261980383,1.3996384031501365,4.110774261980383,-3.6979312517572085,0.6502373472066053,0.005682729849649369,0.025466662048013317
BTC,sellside,1760130900,2025-10-10,21,1945.466129631644,-0.7601571558997067,1.4270461755742132,4.567916302104717,3.184369004443433,0.8179163021047122,3.184369004443433,4.567916302104717,2.940522278263592,-0.38208369789528585,2.940522278263592,-3.6979312517572085,0.6502373472066053,0.005682729849649369,0.01863956992085172
BTC,sellside,1760411100,2025-10-14,3,714.4742575959411,-0.0918157642526153,0.4709756809605055,1.3038753169412238,1.6495657220855862,1.6538753169412381,1.6495657220855862,1.3038753169412238,1.6123072600795878,1.2538753169412393,1.6123072600795878,-1.6432642429280746,0.1366187365963948,0.004296533510434255,0.002597103107784818
BTC,sellside,1760607300,2025-10-16,9,872.6487584569744,-1.7934707232808973,0.17758576804030587,1.0755485480022113,1.5356054829111676,1.3255485480022142,1.5356054829111676,1.0755485480022113,1.5211640414461405,1.0755485480022113,1.5211640414461405,-2.0013894285350156,0.23643181556664147,0.0036618386685073243,0.0035626766088953906
BTC,sellside,1760607300,2025-10-16,9,872.6487584569744,-1.7934707232808973,0.5190748231865325,0.7340594928559847,1.194116427764941,0.9840594928559874,1.194116427764941,0.7340594928559847,1.1796749862999139,0.7340594928559847,1.1796749862999139,-2.0013894285350156,0.23643181556664147,0.0036618386685073243,0.0035626766088953906
BTC,sellside,1760629500,2025-10-16,15,995.9707261189734,1.161379516150381,0.5638619542447395,1.2201704133597755,1.371236586726758,1.270170413359783,1.371236586726758,1.270170413359783,1.3127321571030197,1.8701704133597845,1.3127321571030197,-0.269756924530234,0.03610151476672465,0.003841969630145958,0.008784308553110779
BTC,sellside,1760862600,2025-10-19,8,446.82041544246266,1.2371860839272402,0.4549254979737587,0.7600163514697181,1.0041664243049577,1.0100163514697167,1.0041664243049577,0.9100163514697108,0.9894612134735913,1.0100163514697167,0.9894612134735913,0.14950077859323951,0.018786102783606175,0.0017655899346700505,0.006010138408205342
BTC,buyside,1760867400,2025-10-19,9,565.5961000537148,-0.5873272463661863,0.9259611230527638,0.9881917189506706,1.1156492302750498,0.9881917189506706,1.1156492302750498,1.0881917189506614,1.0505798095716388,1.038191718950653,1.0505798095716388,-0.7787536016570408,0.11800163958142565,0.00185540367132116,0.006254930527407516
BTC,buyside,1761058800,2025-10-21,15,945.4062122739939,1.3243936667057998,0.325637800982397,4.424031269476882,2.806778214328299,3.8740312694768813,2.806778214328299,4.424031269476882,2.7155228409852366,4.424031269476882,2.7155228409852366,-2.944638996293364,0.3303853712723226,0.004098154274886909,0.011723378194309743
BTC,buyside,1761058800,2025-10-21,15,945.4062122739939,1.3243936667057998,0.6185171965323728,4.131151873926907,2.5138988187783236,3.5811518739269057,2.5138988187783236,4.131151873926907,2.4226434454352606,4.131151873926907,2.4226434454352606,-2.944638996293364,0.3303853712723226,0.004098154274886909,0.011723378194309743
BTC,buyside,1761063600,2025-10-21,16,1046.8788769097187,-1.7484639726452913,0.1466549792782179,5.54982794893356,3.4944276105571,5.0498279489335545,3.4944276105571,5.54982794893356,3.4691418285746893,5.54982794893356,3.4691418285746893,2.6167497123320427,0.21245497947901756,0.008708015575774516,0.007091215547499523
BTC,sellside,1761131100,2025-10-22,11,846.017643795839,-0.3777226188406939,0.8207157440413491,0.92431429312083,3.5659672252081105,5.424314293120837,3.5659672252081105,0.7743142931208309,3.519111576275162,5.424314293120837,3.519111576275162,-1.08984724699489,0.06718029014820681,0.00924008700874271,0.001742094404933906
BTC,sellside,1761131100,2025-10-22,11,846.017643795839,-0.3777226188406939,0.9048747453602141,0.8401552918019649,3.4818082238892454,5.340155291801971,3.4818082238892454,0.6901552918019659,3.434952574956297,5.340155291801971,3.434952574956297,-1.08984724699489,0.06718029014820681,0.00924008700874271,0.001742094404933906
BTC,buyside,1761200400,2025-10-23,6,792.0628805906337,-0.132325352656145,1.1616754459114038,1.1972394648737346,1.454114304806342,1.4972394648737317,1.454114304806342,1.1972394648737346,1.412143599103548,1.5472394648737342,1.412143599103548,1.2127319983531073,0.14666157721963538,0.0031054155654447533,0.0024819339131603455
BTC,buyside,1761280500,2025-10-24,4,711.0348420121239,-0.07183895497364498,0.2485250926662653,1.8484267353980424,2.089556932637416,1.9984267353980292,2.089556932637416,1.7984267353980399,2.0694887219229328,1.8984267353980242,2.0694887219229328,2.5274992079352367,0.21976159497559183,0.004529175456475457,0.00368827745166762
BTC,buyside,1761470700,2025-10-26,9,327.38093791441395,-0.015578182506579219,0.8706065839255304,1.5047722224352875,1.6029015250228846,1.4547722224352861,1.6029015250228846,1.4547722224352861,1.5755230341749364,1.5547722224352887,1.5755230341749364,0.7803447617551508,0.09136491246893205,0.0014245979388242435,0.001277166634572022
BTC,buyside,1761470700,2025-10-26,9,327.38093791441395,-0.015578182506579219,1.3648015148542512,1.0105772915065667,1.108706594094164,0.9605772915065655,1.108706594094164,0.9605772915065655,1.0813281032462156,1.060577291506568,1.0813281032462156,0.7803447617551508,0.09136491246893205,0.0014245979388242435,0.001277166634572022
BTC,buyside,1761516300,2025-10-26,22,512.7931223127193,0.05858112890537979,2.8604127789091067,0.8868740084793607,2.0936879663911436,3.2368740084793655,2.0936879663911436,0.8868740084793607,1.8019923710985526,-2.8131259915206406,1.8019923710985526,3.657166834730534,0.4467006647976459,0.002339312131538999,0.0036109173730445527
BTC,buyside,1761547800,2025-10-27,6,538.344138149211,-0.43875280375867104,0.05195561355262462,4.483326723265496,3.489493649490953,2.2333267232654963,3.489493649490953,4.483326723265496,3.420191601043027,0.9333267232654876,3.420191601043027,7.282739278036581,0.6147504225740812,0.003219354971590314,0.0035484253524986093
BTC,buyside,1761547800,2025-10-27,6,538.344138149211,-0.43875280375867104,0.18664640864380738,4.348635928174313,3.3548028543997703,2.0986359281743137,3.3548028543997703,4.348635928174313,3.2855008059518442,0.7986359281743048,3.2855008059518442,7.282739278036581,0.6147504225740812,0.003219354971590314,0.0035484253524986093
BTC,buyside,1761660900,2025-10-28,14,609.1718861867151,-0.7359663342418032,0.05369584634767694,2.652714723212959,2.0252407964730876,1.2027147232129627,2.0252407964730876,2.652714723212959,2.0137491945009756,3.1027147232129604,2.0137491945009756,1.170195171780298,0.11087710893596124,0.0032650203825005577,0.003794406738745126
BTC,sellside,1761681900,2025-10-28,20,750.67456585811,0.6919110139375222,0.5267528939760818,0.5499034116732865,1.3693099072258075,0.599903411673293,1.3693099072258075,0.599903411673293,1.360532066366795,0.599903411673293,1.360532066366795,-1.0193231991619451,0.10181195962541965,0.004126716815637456,0.007697942226815606
BTC,sellside,1761751800,2025-10-29,15,626.7047660132445,1.3867135645520707,0.15956476705314643,1.5028961334228377,1.820940717090283,1.2528961334228348,1.820940717090283,1.5028961334228377,1.7995278236859116,1.5028961334228377,1.7995278236859116,-3.435333695794015,0.2878177379809699,0.0038349450650392975,0.003821231302902135
BTC,sellside,1761754500,2025-10-29,16,622.1772827265847,-0.09968219946603894,0.32850765477051086,3.0050403498481844,3.0149892446576563,2.8050403498481713,3.0149892446576563,3.0050403498481844,2.960112237039659,3.0550403498481877,2.960112237039659,-6.158775169687278,0.49387720381352085,0.0038624921106269173,0.004226850824101003
BTC,sellside,1761754200,2025-10-29,16,622.1772827265847,-0.029477128961740002,0.09010293618295477,2.85064705606055,2.894762815402766,2.650647056060537,2.894762815402766,2.85064705606055,2.864204443532972,2.9006470560605533,2.864204443532972,-6.158775169687278,0.49387720381352085,0.0038624921106269173,0.004479743603966974
BTC,sellside,1761763200,2025-10-29,18,799.6628101060859,-1.2587180337503205,0.5002233378177586,4.19216666872773,3.65473711847995,4.142166668727739,3.65473711847995,4.19216666872773,3.5136993781162826,4.19216666872773,3.5136993781162826,-3.925792171807423,0.36417008392833367,0.004269110299916641,0.007046186407631769
BTC,sellside,1761852300,2025-10-30,19,943.4325296892579,-0.123548845658724,0.007197123044129714,4.312659405137075,2.794089494149579,1.8126594051370666,2.794089494149579,1.4626594051370712,2.786523736410731,1.4626594051370712,2.786523736410731,-4.030929483905524,0.243000394253988,0.007574585464468817,0.005229734086018458
BTC,buyside,1762059000,2025-11-02,4,364.0910884200204,-0.32239185119684527,0.03515603761557082,1.447606983588987,1.177913110542539,1.447606983588987,1.177913110542539,1.447606983588987,1.1667880772655257,1.1976069835889922,1.1667880772655257,-0.6548910632081572,0.07436377245509068,0.0017441744344545995,0.0027650863355827317
BTC,buyside,1762059000,2025-11-02,4,364.0910884200204,-0.32239185119684527,0.12991254525137522,1.3528504759531828,1.0831566029067345,1.3528504759531828,1.0831566029067345,1.3528504759531828,1.0720315696297213,1.1028504759531879,1.0720315696297213,-0.6548910632081572,0.07436377245509068,0.0017441744344545995,0.0027650863355827317
BTC,buyside,1762084500,2025-11-02,11,428.833168374159,-0.6055968128226082,0.09276334699299797,2.6599812003958214,1.8766708420086875,1.9599812003958295,1.8766708420086875,1.9599812003958295,1.8535878373912968,1.2599812003958035,1.8535878373912968,0.8264519308142206,0.09225751198090439,0.002121310000818374,0.002066829460809599
BTC,sellside,1762122900,2025-11-02,22,397.9479214602472,-1.7265827083070542,0.5812820912625739,0.8541041766159951,1.8642677690110474,1.9541041766160057,1.8642677690110474,0.8541041766159951,1.8569776150738515,2.354104176615976,1.8569776150738515,-0.2560133990049799,0.024601089518217375,0.0023610357386599653,0.0010069547901600953
BTC,sellside,1762139700,2025-11-03,3,571.0116925848216,0.8751309412561221,0.7544153746659191,3.124955367397853,2.856906956634945,3.2249553673978615,2.856906956634945,3.0749553673978616,2.805520295875608,3.5249553673978617,2.805520295875608,-1.7852524094304185,0.1651850675550848,0.0032772397871103564,0.005494929993935876
BTC,sellside,1762183800,2025-11-03,15,804.1578240789021,-0.48169648842711965,0.46116569272304797,1.8315470819949569,2.8010114052083366,2.031547081994948,2.8010114052083366,1.9315470819949523,2.6873452494426537,1.9315470819949523,2.6873452494426537,-2.5585649214526756,0.3310677408921725,0.003685203915319758,0.006448553364315654
BTC,sellside,1762183800,2025-11-03,15,804.1578240789021,-0.48169648842711965,0.711091756963239,1.5816210177547658,2.5510853409681458,1.7816210177547567,2.5510853409681458,1.6816210177547612,2.437419185202463,1.6816210177547612,2.437419185202463,-2.5585649214526756,0.3310677408921725,0.003685203915319758,0.006448553364315654
BTC,sellside,1762234800,2025-11-04,5,1000.4912026963777,0.7847045510086957,0.08192975588299786,1.2701414703166367,1.5382526602259283,1.5701414703166379,1.5382526602259283,1.870141470316639,1.5231702655659665,0.6701414703166342,1.5231702655659665,-0.8561894374397201,0.08425520195537471,0.006193216525210731,0.005424501798882138
BTC,sellside,1762266900,2025-11-04,14,946.42480462475,-0.9449139494548509,0.24114963902545572,3.236246140100764,2.293214895043552,1.136246140100765,2.293214895043552,3.1862461401007667,2.260759068996451,3.1362461401007544,2.260759068996451,-4.3698558826760605,0.3032298650336985,0.008013050948005387,0.004839890150197401
BTC,sellside,1762275900,2025-11-04,17,1052.534495539569,1.089284963921553,0.24512260747115888,2.41606216256509,2.899463936543373,1.7660621625650872,2.899463936543373,1.8660621625650886,2.851345911885084,2.41606216256509,2.851345911885084,-4.962773212788857,0.42100236393662877,0.006898000053424596,0.005237115627650263
BTC,sellside,1762287600,2025-11-04,20,1128.6032276605076,-0.02115889748916077,0.011811059611829775,4.362510970538839,3.7310151675987524,4.412510970538845,3.7310151675987524,3.8625109705388443,3.622610029475857,4.362510970538839,3.622610029475857,-5.418122020327426,0.4516104970151929,0.00725995974204682,0.0054513079591716794
BTC,sellside,1762514100,2025-11-07,11,768.2365987266987,-0.24747584313882812,0.25718639326410314,2.165026462886346,1.8370023019483366,1.9650264628863388,1.8370023019483366,2.215026462886343,1.8233663844509294,1.2150264628863454,1.8233663844509294,-3.1978820119633236,0.2599287947479509,0.005206806198245293,0.004525998445939963
BTC,buyside,1762536900,2025-11-07,17,957.0593444168956,0.03431344168109536,0.21925495135084339,1.2521082593799886,1.558435392177871,1.8021082593799802,1.558435392177871,1.3021082593799824,1.5526775502768946,1.2521082593799886,1.5526775502768946,-0.6632922019969058,0.08696682626773204,0.003874030133474593,0.008312260551399477
BTC,sellside,1762659000,2025-11-09,3,500.6509758868593,-1.1295493811796598,0.10785957203887146,0.9808329327469514,1.2456693426149619,0.680832932746946,1.2456693426149619,0.9808329327469514,1.2417093892249953,0.680832932746946,1.2417093892249953,-1.916524777166981,0.2317349144437319,0.0023085765965330713,0.0030809999072529503
BTC,buyside,1762695000,2025-11-09,13,474.8480234528416,2.876962591244035,0.05926106587825795,1.2960520806301337,1.2198491964048472,1.4460520806301194,1.2198491964048472,1.1960520806301127,1.21404164577946,1.4460520806301194,1.21404164577946,0.594442823932324,0.06911623192025156,0.0021621452920149607,0.0024511315049547434
BTC,buyside,1762703700,2025-11-09,15,579.142836548623,0.017076961633400233,0.12370005373274569,3.8171178864229818,3.054857502542177,3.9671178864229915,3.054857502542177,3.9171178864229965,2.9951993019653798,3.9671178864229915,2.9951993019653798,2.290367619678971,0.27088706861165246,0.0027068624599956054,0.004361733584143169
BTC,buyside,1762714800,2025-11-09,19,618.3420087089378,0.47371842099425326,0.09150275931945413,4.281506799954405,3.083373759983936,4.431506799954387,3.083373759983936,4.331506799954399,3.04705850028607,4.281506799954405,3.04705850028607,2.422672208747112,0.2732044309730428,0.0030702715758165883,0.004963316238421073
BTC,buyside,1762824000,2025-11-11,1,730.8540401068161,-1.8295308319080674,0.9521600234956537,0.8776856886634856,1.1661196026583323,1.1776856886634939,1.1661196026583323,1.0276856886634897,1.1497752829382362,0.9276856886634935,1.1497752829382362,0.6018164720492108,0.05494950302582022,0.004626628181183539,0.004357386597866274
BTC,sellside,1762865400,2025-11-11,12,695.8871422009339,-0.0872124175308852,0.3819153766218953,0.6169903492369344,1.4636343502141143,0.46699034923693,1.4636343502141143,0.6169903492369344,1.4365182685939497,0.9169903492369431,1.4365182685939497,-0.9085812363198389,0.07286625877450294,0.004884652987483204,0.003915987456208443
BTC,sellside,1762962900,2025-11-12,15,778.2416228679929,0.8673013369711415,0.6606174546477599,1.098555321607086,1.5057546366725656,1.098555321607086,1.5057546366725656,1.098555321607086,1.4546375293260552,1.098555321607086,1.4546375293260552,0.6866890491292018,0.09409339087289828,0.003615925585887818,0.008170133343157096
BTC,sellside,1762964100,2025-11-12,16,793.0229355202786,-0.031335789782281555,0.12609975767522158,2.459845717325321,2.7078183358222367,1.8598457173253233,2.7078183358222367,2.459845717325321,2.664199521647282,2.459845717325321,2.664199521647282,-1.5458821492920742,0.16477640828505716,0.005169625669171928,0.007473870358489256
BTC,sellside,1763051100,2025-11-13,16,918.7442279712437,0.4874697291856275,0.014791929664696482,1.0952330738828628,1.6407131403538084,1.0952330738828628,1.6407131403538084,1.0952330738828628,1.6339122588288317,1.7452330738828674,1.6339122588288317,-0.06527387946961687,0.007331555764202006,0.005028088253902882,0.006171352488660151
BTC,sellside,1763060100,2025-11-13,18,999.2949210568388,-0.4013830067061625,0.05263711332023671,4.205712394549948,3.428933109143279,4.205712394549948,3.428933109143279,4.105712394549946,3.400003504832798,3.6557123945499423,3.400003504832798,-1.8835080218454714,0.20042167584201914,0.005545473792938269,0.005719205206370207
BTC,sellside,1763058600,2025-11-13,18,999.2949210568388,-0.07064981369598111,0.194497135834983,3.46082719167833,2.9056051649783967,3.46082719167833,2.9056051649783967,3.360827191678328,2.8541821550947257,2.9108271916783246,2.8541821550947257,-1.8835080218454714,0.20042167584201914,0.005545473792938269,0.0038554977716624625
BTC,sellside,1763057700,2025-11-13,18,999.2949210568388,0.6808200318685493,0.033973954319803906,3.144103876738158,2.6773524238478,3.144103876738158,2.6773524238478,3.0441038767381556,2.648531638020953,2.5941038767381523,2.648531638020953,-1.8835080218454714,0.20042167584201914,0.005545473792938269,0.00432436050535681
BTC,sellside,1763120700,2025-11-14,11,1038.6395159105682,1.2718272121987537,0.07087155733283187,2.9537735468293977,3.1814991830858594,1.053773546829391,3.1814991830858594,3.003773546829393,3.166863750386455,1.5037735468293916,3.166863750386455,-5.954231381788193,0.4726280328805966,0.006491222091827295,0.0053211899554474204
BTC,sellside,1763308500,2025-11-16,15,589.3027098125698,0.6322726737817188,0.2815021842556289,1.8862864648717244,1.568221956114946,1.8362864648717325,1.568221956114946,1.8862864648717244,1.5303404593594947,1.6862864648717324,1.5303404593594947,-1.2368346316137178,0.14162908324961537,0.0034604694215935334,0.0033535409015954345
BTC,sellside,1763315100,2025-11-16,17,624.3295303996144,-0.24173131759985617,0.17526001041463124,3.093543537696412,2.151177615788893,0.3435435376964075,2.151177615788893,2.693543537696404,2.10874042402496,0.4435435376963979,2.10874042402496,-3.225908597837554,0.3206967327317564,0.0040409512467856805,0.004706343813670236
BTC,sellside,1763329500,2025-11-16,21,719.7957209949866,-0.10287641040383272,0.011114264459562855,1.0479159449248983,2.1387809827157516,1.3479159449249145,2.1387809827157516,1.0979159449249112,2.1190771063340335,1.1479159449249037,2.1190771063340335,-1.6532329455294075,0.2031535153535845,0.003828985706588185,0.0030190093601983477
BTC,sellside,1763401500,2025-11-17,17,978.8366896410663,0.1552761575127911,0.04720910085311247,1.3685721432456563,1.7539457694018827,1.3685721432456563,1.7539457694018827,1.418572143245662,1.7507336259822603,1.418572143245662,1.7507336259822603,-0.05278715085653904,0.005926253866630967,0.005612748907838414,0.008639145238429612
BTC,sellside,1763401500,2025-11-17,17,978.8366896410663,0.1552761575127911,0.15957718141651875,1.2562040626822502,1.6415776888384765,1.2562040626822502,1.6415776888384765,1.3062040626822558,1.6383655454188542,1.3062040626822558,1.6383655454188542,-0.05278715085653904,0.005926253866630967,0.005612748907838414,0.008639145238429612
BTC,sellside,1763401500,2025-11-17,17,978.8366896410663,0.1552761575127911,0.25719305647637225,1.1585881876223967,1.543961813778623,1.1585881876223967,1.543961813778623,1.2085881876224023,1.5407496703590007,1.2085881876224023,1.5407496703590007,-0.05278715085653904,0.005926253866630967,0.005612748907838414,0.008639145238429612
BTC,sellside,1763409000,2025-11-17,19,973.9311252517364,0.016161307090295833,0.0739374665548162,2.611558480910834,2.572874664674758,3.561558480910836,2.572874664674758,3.411558480910828,2.551449841969223,4.211558480910837,2.551449841969223,-1.5103634762877014,0.14509451921701688,0.006549946213575905,0.005375834189351774
BTC,sellside,1763573700,2025-11-19,17,915.6019109961688,0.11206835499978542,0.16795508850859345,2.394010797069584,2.3992457109764804,2.4440107970695855,2.3992457109764804,2.3440107970695827,2.3726087682049,2.3440107970695827,2.3726087682049,-3.6600404168597476,0.3497072850031829,0.006062905095757656,0.00700197368711277
BTC,sellside,1763655300,2025-11-20,16,950.2780329018689,1.7576645383451537,0.2069078661111168,3.380710505674533,2.3103422226869172,0.4807105056745218,2.3103422226869172,3.380710505674533,2.2834785334654493,0.3807105056745246,2.2834785334654493,-0.03777841721792323,0.0037033598448502985,0.0060178053597153515,0.009725661631414457
BTC,sellside,1763664900,2025-11-20,18,1039.910956940897,-0.16787975819926276,0.06827507636698096,5.25079117145514,3.4413842849084038,2.250791171455132,3.4413842849084038,5.25079117145514,3.42430747867781,2.250791171455132,3.42430747867781,-1.9271073033937673,0.17184158490553167,0.007662065077657155,0.00969185538121719
BTC,sellside,1763710500,2025-11-21,7,1182.6822218868874,-0.5415571386353752,0.8744783517164515,3.266597046648214,4.188754843255026,3.41659704664822,4.188754843255026,3.366597046648218,4.032328622660095,3.1165970466482205,4.032328622660095,-5.697963388042288,0.48563464404414836,0.008460451875577578,0.003263963074605001
BTC,sellside,1763710500,2025-11-21,7,1182.6822218868874,-0.5415571386353752,0.93993126761173,3.2011441307529354,4.123301927359748,3.3511441307529415,4.123301927359748,3.3011441307529394,3.966875706764816,3.0511441307529417,3.966875706764816,-5.697963388042288,0.48563464404414836,0.008460451875577578,0.003263963074605001
BTC,sellside,1763710500,2025-11-21,7,1182.6822218868874,-0.5415571386353752,1.468069755229695,2.6730056431349705,3.5951634397417824,2.8230056431349766,3.5951634397417824,2.7730056431349746,3.438737219146851,2.5230056431349768,3.438737219146851,-5.697963388042288,0.48563464404414836,0.008460451875577578,0.003263963074605001
BTC,sellside,1763710500,2025-11-21,7,1182.6822218868874,-0.5415571386353752,1.6483886913339072,2.4926867070307583,3.41484450363757,2.6426867070307645,3.41484450363757,2.5926867070307624,3.2584182830426385,2.3426867070307646,3.2584182830426385,-5.697963388042288,0.48563464404414836,0.008460451875577578,0.003263963074605001
BTC,buyside,1763862000,2025-11-23,1,734.1484043489714,0.7856585897118169,0.14438497635093103,1.3999214638369453,1.6711382032041404,2.2999214638369336,1.6711382032041404,1.4499214638369349,1.6633775457553086,1.3999214638369453,1.6633775457553086,-0.275884274623742,0.03472550834962005,0.003874194757879011,0.003926635828890611
BTC,buyside,1764007200,2025-11-24,18,848.1153483654379,0.40725592416842743,0.4988000757388878,1.4849695222440007,1.4832121885747893,2.4349695222439993,1.4832121885747893,0.7349695222439909,1.4616525114409271,0.7349695222439909,1.4616525114409271,0.5046365459897231,0.05117153265908144,0.005589109550820267,0.005664224980607759
BTC,buyside,1764179100,2025-11-26,17,771.8894771067925,0.2811153752391026,0.3692238441547891,2.121860232433417,2.423759706789616,2.07186023243342,2.423759706789616,2.9218602324334215,2.3997763988443994,2.07186023243342,2.3997763988443994,0.2514867811485121,0.023928977335762075,0.004703819970931204,0.009459823544447634
BTC,buyside,1764178200,2025-11-26,17,771.8894771067925,2.184405993355338,0.77990440063573,0.8211558832004053,1.2245333905346405,0.7711558832004085,1.2245333905346405,1.62115588320041,1.1814335610889002,0.7711558832004085,1.1814335610889002,0.2514867811485121,0.023928977335762075,0.004703819970931204,0.00521126924412232
BTC,buyside,1764327900,2025-11-28,11,510.93504845342244,-0.4545391839979872,0.15657567481846552,0.9391662444737973,1.3995944771865316,0.9391662444737973,1.3995944771865316,0.9391662444737973,1.3754168952003296,0.8891662444738001,1.3754168952003296,0.9367335465608234,0.09146118904705342,0.0032363259451317684,0.0033270115810474033
BTC,sellside,1764351000,2025-11-28,17,704.2096417389342,-0.4429078807126541,0.0737848460462496,1.4995643915402668,1.6513553452545284,1.4995643915402668,1.6513553452545284,1.4995643915402668,1.623805229196124,1.64956439154027,1.623805229196124,-0.7711766039712004,0.07781409270862796,0.004893619660000945,0.006745878207111662
BTC,sellside,1764350400,2025-11-28,17,704.2096417389342,-0.031808709611949475,0.005992533685821941,1.1955072084104328,1.4248032641322597,1.1955072084104328,1.4248032641322597,1.2455072084104477,1.3928343247960324,1.345507208410436,1.3928343247960324,-0.7711766039712004,0.07781409270862796,0.004893619660000945,0.00896623948207298
BTC,sellside,1764440100,2025-11-29,18,401.87427445661325,-0.8802255393886761,0.06260664491157866,1.1748934693293305,1.4568376743282883,1.1748934693293305,1.4568376743282883,1.1748934693293305,1.4303058473737218,1.124893469329327,1.4303058473737218,-1.0186270334260858,0.1121817005930254,0.002408124748365261,0.0038381343283801716
BTC,sellside,1764440100,2025-11-29,18,401.87427445661325,-0.8802255393886761,0.38930085836307393,0.8481992558778353,1.1301434608767928,0.8481992558778353,1.1301434608767928,0.8481992558778353,1.1036116339222266,0.7981992558778319,1.1036116339222266,-1.0186270334260858,0.1121817005930254,0.002408124748365261,0.0038381343283801716
BTC,buyside,1764491100,2025-11-30,8,325.40723229014895,0.33637851018137954,0.8399936229944877,1.5336472384002304,1.3661620931416025,0.6836472384002162,1.3661620931416025,1.6836472384002144,1.3184246039225205,0.6836472384002162,1.3184246039225205,1.0402042929955257,0.10217116363867063,0.0022532973191701565,0.0021052616873154894
BTC,sellside,1764547500,2025-12-01,0,631.4047662597567,3.7801425132386246,1.0222760968745335,1.9894608060964287,1.7420588245751114,1.8394608060964293,1.7420588245751114,1.9894608060964287,1.7214862558669395,1.9894608060964287,1.7214862558669395,-0.8456382158197744,0.12176344223340138,0.0029630451750050795,0.004089386388842277
BTC,sellside,1764560100,2025-12-01,3,668.96594076993,0.5415522344576409,0.08963087108888819,7.659806938500732,4.7413780364735825,1.6598069385007175,4.7413780364735825,7.659806938500732,4.671935652609269,7.659806938500732,4.671935652609269,-6.25900325385926,0.5163103391297695,0.00828661972872699,0.008115594225964893
BTC,sellside,1764562500,2025-12-01,4,667.937659286363,0.4140206741680864,0.2303508386761535,7.946800185652171,4.67539542732215,1.9468001856521724,4.67539542732215,7.946800185652171,4.562252387604285,7.946800185652171,4.562252387604285,-6.754926806822902,0.5349373220825676,0.008293957497009596,0.004838338017524085
BTC,sellside,1764593400,2025-12-01,12,639.7560189701184,-1.5154370904719514,0.8062448569539676,1.586687781740306,4.11180950865002,1.886687781740308,4.11180950865002,1.886687781740308,4.025043925930018,2.136687781740325,4.025043925930018,-8.316232817261705,0.5733307183175388,0.00837631130423815,0.00435570611285329
BTC,buyside,1764699900,2025-12-02,18,871.9561847593449,-0.059785114104549016,0.2719632065749367,6.33490016246229,4.431191793790946,5.734900162462284,4.431191793790946,6.384900162462289,4.372604472828178,6.384900162462289,4.372604472828178,7.178021223311153,0.7000496606522069,0.005939769430807262,0.0061764348143599395
BTC,buyside,1764736200,2025-12-03,4,812.9997502299884,0.6494589941148528,0.16974174956506613,1.6129810831997233,3.7682700801120657,1.9629810831997194,3.7682700801120657,1.5629810831997086,3.7339514035223247,1.9629810831997194,3.7339514035223247,6.960186640154862,0.5177794146578024,0.006600723788933169,0.0029160042504496847
BTC,buyside,1764736200,2025-12-03,4,812.9997502299884,0.6494589941148528,0.2533826116695915,1.529340221095198,3.6846292180075406,1.8793402210951942,3.6846292180075406,1.4793402210951834,3.650310541417799,1.8793402210951942,3.650310541417799,6.960186640154862,0.5177794146578024,0.006600723788933169,0.0029160042504496847
BTC,buyside,1764741900,2025-12-03,6,795.1080499432045,-0.586247366044528,0.04542778808815983,2.491677112881454,4.370858333990011,4.091677112881465,4.370858333990011,2.4416771128814525,4.352664475505733,2.491677112881454,4.352664475505733,8.24096800487436,0.554237351215649,0.00664841272159838,0.00519719999917731
BTC,buyside,1764802200,2025-12-03,22,797.5504239908007,-0.2196224774397761,0.24000990312583192,1.1839524795785967,1.569473644121719,1.1839524795785967,1.569473644121719,1.1839524795785967,1.5556640426902772,1.1839524795785967,1.5556640426902772,2.154208622199684,0.20366048091227376,0.004782169866298917,0.005366914108237821
BTC,sellside,1764875700,2025-12-04,19,770.2450253129051,-0.9287434212371473,0.5357515938935978,1.7258701951707849,1.7259420886090038,1.6758701951707942,1.7259420886090038,1.7258701951707849,1.6881362845675665,1.6758701951707942,1.6881362845675665,-1.165174678843803,0.11596613029730968,0.004662119729501964,0.006504471336342033
BTC,sellside,1764941400,2025-12-05,13,609.1576931127322,0.621316950075772,0.4744255933520928,2.570613307341338,1.9781323992746669,1.77061330734133,1.9781323992746669,1.920613307341321,1.9568051562346822,2.570613307341338,1.9568051562346822,-2.091379645047419,0.18672118893725712,0.004468551990195319,0.003214260210295167
BTC,buyside,1765030800,2025-12-06,14,445.2993337458911,-1.2015737717346964,1.0858763158984177,0.4515424833260785,0.5501087484333048,3.201542483326065,0.5501087484333048,0.4515424833260785,0.5327435612874402,0.5515424833260554,0.5327435612874402,-1.3787130441797284,0.10604663053128674,0.004815300795779648,0.001695716941631696
BTC,sellside,1765113900,2025-12-07,13,382.89792295191234,1.4339069686438632,0.6686116185387266,2.0273183970997013,1.6949481656418153,3.077318397099683,1.6949481656418153,2.0273183970997013,1.6317029282569726,1.1273183970997014,1.6317029282569726,-0.5166651165795093,0.05453302496616318,0.0021337978469417,0.0028330965903697707
BTC,sellside,1765117800,2025-12-07,14,454.59949988391867,-1.7914669950317808,0.4765073433985496,3.1748309006389914,3.0003941988318585,2.9248309006389768,3.0003941988318585,3.1748309006389914,2.737200685336224,2.8248309006389776,2.737200685336224,-2.0919952622975413,0.25573028148562,0.002175781575049096,0.004976063820674865
BTC,buyside,1765126800,2025-12-07,17,550.6110993897042,1.9102230252274148,0.19652709529454002,0.6164453041975162,1.3292452156544883,3.4164453041974987,1.3292452156544883,0.6164453041975162,1.3174027666960886,0.8164453041974942,1.3174027666960886,-0.2783816021324197,0.027424907140351826,0.004355251910472974,0.005514722154847107
BTC,buyside,1765128000,2025-12-07,17,628.9795922904399,1.8384698234629457,0.1431365995073911,1.3249197536879362,1.9110397578464102,3.7749197536879353,1.9110397578464102,1.3249197536879362,1.8782696000404686,3.4749197536879235,1.8782696000404686,0.2870204410648615,0.030480052812055857,0.004428717856035921,0.006264867797591965
BTC,buyside,1765179600,2025-12-08,7,662.2404584778872,-0.06707533408951559,0.16423037675766886,0.5849427297206676,2.587154681561195,5.784942729720656,2.587154681561195,0.6349427297206576,2.5603575901238584,5.534942729720663,2.5603575901238584,3.1481314276566605,0.2148953364201217,0.0063831162123740475,0.002978566196784051
BTC,sellside,1765257600,2025-12-09,5,653.4659877819919,-0.2608858045980981,0.1713937712047612,0.6916194178476677,1.8660379466332968,0.6916194178476677,1.8660379466332968,0.39161941784768006,1.8372658285001453,0.341619417847671,1.8372658285001453,-2.167672115281645,0.1996324451697833,0.004167912384643334,0.004621511834360057
BTC,buyside,1765295700,2025-12-09,15,696.7146466858331,2.1871077452561583,0.7568808873308912,2.9854706374354287,2.6313992945465485,3.185470637435418,2.6313992945465485,3.035470637435431,2.52623437755639,2.8854706374354238,2.52623437755639,0.5686976754181359,0.06855444283727052,0.003465649922375244,0.010507990703922207
BTC,buyside,1765298700,2025-12-09,16,775.1736004939878,-0.556030287570851,0.14610920692838172,5.031664597455196,4.02459937509903,5.281664597455197,4.02459937509903,5.1316645974552,3.9396445972219634,5.581664597455189,3.9396445972219634,3.5205404289579714,0.33640022434652966,0.006401053918129907,0.011576385634557427
BTC,sellside,1765422900,2025-12-11,3,781.150846397983,-0.5379114699005558,0.14129153224237015,3.950458587544977,3.593008889835057,3.200458587544971,3.593008889835057,3.950458587544977,3.5490973344123398,4.10045858754496,3.5490973344123398,-2.9912532397225715,0.3603626111954202,0.003739701726720005,0.003416058877976237
BTC,sellside,1765465200,2025-12-11,15,599.8456118150362,-0.5455903878495054,0.2150553366718259,1.4039381812406995,3.6640203923124917,4.3539381812407125,3.6640203923124917,1.4039381812406995,3.6295336600405914,1.3539381812406937,3.6295336600405914,-2.8802577962890052,0.29705695750925654,0.0036344544464954115,0.007814192979538299
BTC,sellside,1765712400,2025-12-14,11,304.061796935889,-0.414192119066364,0.5212098382534579,2.864181444354595,2.892581959882463,2.91418144435459,2.892581959882463,2.91418144435459,2.81901704707033,2.91418144435459,2.81901704707033,-1.5676747450798743,0.30755482717904487,0.0009065567347961653,0.003155375234565935
BTC,sellside,1765712100,2025-12-14,11,304.061796935889,0.08080594223807581,0.2598156058936172,2.1427162612548285,2.2236235390634813,2.192716261254823,2.2236235390634813,2.192716261254823,2.18811780262902,2.192716261254823,2.18811780262902,-1.5676747450798743,0.30755482717904487,0.0009065567347961653,0.0031435657820514
BTC,sellside,1765710300,2025-12-14,11,304.061796935889,1.527978867065472,0.8761048006835511,1.2008353578133995,1.423030906793709,1.2508353578133942,1.423030906793709,1.2508353578133942,1.3752530690102553,1.2508353578133942,1.3752530690102553,-1.5676747450798743,0.30755482717904487,0.0009065567347961653,0.004113887925711415
BTC,sellside,1765755300,2025-12-14,23,455.69170398450194,-1.1226888607509198,0.3114386300190906,2.8280130393084435,3.245950323360243,2.3780130393084447,3.245950323360243,2.8280130393084435,3.1501173589563334,2.5280130393084232,3.1501173589563334,-4.004286196226341,0.6385498320268683,0.0017727241927397391,0.004533678433809112
BTC,sellside,1765811100,2025-12-15,15,606.6020112480395,0.7783851540955871,0.29976821149318966,3.351327680951866,2.39216875521633,0.8013276809518582,2.39216875521633,3.4013276809518773,2.3201435336326544,3.4013276809518773,2.3201435336326544,-1.6038522490196458,0.1936404565050395,0.004234703681235345,0.009991508870514644
BTC,buyside,1765983300,2025-12-17,14,737.8565547691962,-2.219103414365116,1.6235405001921024,0.6278754980454115,1.1794740464264224,0.7278754980454176,1.1794740464264224,0.5778754980454183,1.1002783440597987,0.9278754980454101,1.1002783440597987,0.4518222381371571,0.05338692630432568,0.004080664049280655,0.004636221578197342
BTC,buyside,1765984200,2025-12-17,15,915.7868008571112,-2.3806523504810446,0.34201191773769196,2.608629525689986,2.74409713925772,0.8586295256899892,2.74409713925772,2.608629525689986,2.6768053526835662,2.608629525689986,2.6768053526835662,1.8546019645734277,0.22319321281953103,0.006157643145511979,0.02186699284252514
BTC,sellside,1765989300,2025-12-17,16,964.8427436530312,-0.31478704897554005,0.0439968070229511,1.4745741745436165,1.6473035596443841,1.4745741745436165,1.6473035596443841,1.4745741745436165,1.6353868152355635,1.324574174543608,1.6353868152355635,-0.3677490475355535,0.03671990131306534,0.00845451872334592,0.013006780986085585
BTC,sellside,1766087100,2025-12-18,19,959.5061180300081,-0.3344428909519186,0.4988399667348762,0.5849300827625525,2.0052907004207094,3.0849300827625674,2.0052907004207094,0.8849300827625549,1.943742004769266,0.5849300827625525,1.943742004769266,-0.05057810376408781,0.006285137779596541,0.006219561563423602,0.009390052448906356
BTC,sellside,1766085600,2025-12-18,19,959.5061180300081,0.5033005948846854,0.08243824454440009,0.7105070156709009,1.9537816866408215,2.9105070156709134,1.9537816866408215,0.7105070156709009,1.9093133169630967,2.760507015670912,1.9093133169630967,-0.05057810376408781,0.006285137779596541,0.006219561563423602,0.01005498589360637
BTC,buyside,1766306700,2025-12-21,8,265.7462080716174,0.8584882608692453,0.7305090123719581,1.4244688531170666,1.5061969743955632,1.7244688531170491,1.5061969743955632,1.4244688531170666,1.4802295325020882,1.5244688531170791,1.4802295325020882,-0.31014553546442697,0.04937576382066799,0.0011957619481804975,0.0015437133606676099
BTC,buyside,1766306700,2025-12-21,8,265.7462080716174,0.8584882608692453,1.2183052482643248,0.9366726172246999,1.0184007385031963,1.2366726172246825,1.0184007385031963,0.9366726172246999,0.9924332966097215,1.0366726172247123,0.9924332966097215,-0.31014553546442697,0.04937576382066799,0.0011957619481804975,0.0015437133606676099
BTC,sellside,1766324100,2025-12-21,13,355.5761239058416,0.08330143113842318,0.18083328906812465,1.163708444190249,1.5153104942971205,0.9137084441902544,1.5153104942971205,0.9137084441902544,1.4674410961855249,1.163708444190249,1.4674410961855249,1.033871442103191,0.1487027643618151,0.0017640542511681003,0.004197557125269742
BTC,sellside,1766324100,2025-12-21,13,355.5761239058416,0.08330143113842318,0.3877931917512926,0.956748541507081,1.3083505916139524,0.7067485415070864,1.3083505916139524,0.7067485415070864,1.2604811935023568,0.956748541507081,1.2604811935023568,1.033871442103191,0.1487027643618151,0.0017640542511681003,0.004197557125269742
BTC,buyside,1766362500,2025-12-22,0,414.5663166790253,-1.229405235048573,0.009913974760237738,3.4092499139343824,2.862223145762676,3.50924991393437,2.862223145762676,3.4092499139343824,2.7900720001652313,3.0592499139343725,2.7900720001652313,0.6535504431967045,0.06026191937794267,0.003309616016701572,0.004209252039046267
BTC,buyside,1766362500,2025-12-22,0,414.5663166790253,-1.229405235048573,0.1971940235156497,3.2219698651789703,2.674943097007264,3.321969865178958,2.674943097007264,3.2219698651789703,2.6027919514098192,2.8719698651789605,2.6027919514098192,0.6535504431967045,0.06026191937794267,0.003309616016701572,0.004209252039046267
BTC,buyside,1766362500,2025-12-22,0,414.5663166790253,-1.229405235048573,0.9647431156585141,2.454420773036106,1.9073940048643994,2.5544207730360937,1.9073940048643994,2.454420773036106,1.835242859266955,2.104420773036096,1.835242859266955,0.6535504431967045,0.06026191937794267,0.003309616016701572,0.004209252039046267
BTC,buyside,1766406900,2025-12-22,12,463.5432737303633,-0.6608228775166934,0.2498795831246997,4.550736823713548,3.43507927179402,4.600736823713543,3.43507927179402,4.65073682371357,3.3662237035255442,2.4007368237135607,3.3662237035255442,2.8204917946032078,0.28340602266519954,0.0032739687596999743,0.002798565146673821
BTC,buyside,1766406900,2025-12-22,12,463.5432737303633,-0.6608228775166934,0.47973946037526904,4.320876946462978,3.205219394543451,4.370876946462974,3.205219394543451,4.420876946463,3.136363826274975,2.1708769464629913,3.136363826274975,2.8204917946032078,0.28340602266519954,0.0032739687596999743,0.002798565146673821
BTC,sellside,1766459400,2025-12-23,3,551.0304619293705,-0.375550925579369,0.18147817028093396,3.4056883230590453,2.5567468232139543,3.10568832305904,2.5567468232139543,3.4056883230590453,2.54014471704503,3.4056883230590453,2.54014471704503,-1.0295619556377809,0.09816311840757223,0.0037758862411103517,0.004931321361556623
BTC,sellside,1766470500,2025-12-23,6,547.396149729894,0.17382292521959608,0.3464766788980419,3.9945722316914885,2.9554116937794164,3.744572231691485,2.9554116937794164,3.9945722316914885,2.9322178064625812,3.9945722316914885,2.9322178064625812,-2.0903508374412505,0.19267652402625998,0.0037881607737663883,0.0054005853488339325
BTC,sellside,1766502000,2025-12-23,15,513.1569799748474,-1.1096994140621625,0.475994694668251,1.4860275431568883,2.9007165211719212,2.7860275431568935,2.9007165211719212,1.4860275431568883,2.7943546145196456,1.4860275431568883,2.7943546145196456,-4.890823077419723,0.4748926185925896,0.003390120420536101,0.005869139980006897
BTC,sellside,1766587200,2025-12-24,14,481.30214452563206,-0.5681670092484463,0.37793307607069465,1.542496093635308,1.7259360071145808,3.0924960936353103,1.7259360071145808,1.592496093635314,1.6852549432031227,1.592496093635314,1.6852549432031227,0.8578810726200804,0.071025805985501,0.003993985862179532,0.0029145447245761
BTC,buyside,1766677500,2025-12-25,15,325.9795010993504,-0.53411333968186,0.5112284650966548,2.7228748724028273,2.4264184995970144,2.7228748724028273,2.4264184995970144,2.7228748724028273,2.34152063476527,2.222874872402865,2.34152063476527,2.049883498031198,0.24731119121816197,0.0016947829645700034,0.003430835076468583
BTC,buyside,1766676600,2025-12-25,15,325.9795010993504,1.0579806363188888,0.5195418712797646,1.7336715669418232,1.5735828076899472,1.7336715669418232,1.5735828076899472,1.7336715669418232,1.5002440524868073,1.2336715669418612,1.5002440524868073,2.049883498031198,0.24731119121816197,0.0016947829645700034,0.0019626989814938425
BTC,sellside,1766705700,2025-12-25,23,367.7542409587428,-0.0627321113683503,0.27627145708811557,0.7198162867318559,1.568471199506012,0.6698162867318355,1.568471199506012,0.7198162867318559,1.5511875474349075,0.6698162867318355,1.5511875474349075,-0.05288858110593244,0.006309833932955843,0.002229086171765456,0.004925576193145435
BTC,buyside,1766715600,2025-12-26,2,490.6026411757871,0.41999366229700635,0.26883263344019,2.2544191969228797,1.7634235251654131,2.2544191969228797,1.7634235251654131,2.2544191969228797,1.6783221305642355,2.2544191969228797,1.6783221305642355,-0.9384376710582027,0.13156616314890354,0.0025001568599767737,0.006687211306377172
BTC,sellside,1766762100,2025-12-26,15,547.752463834918,-0.43181914389578063,0.22011767716362093,3.3918477332719483,2.7851892161566827,3.891847733271944,2.7851892161566827,3.5418477332719336,2.7394744954713803,3.5418477332719336,2.7394744954713803,-1.8089192936951006,0.12974850130031426,0.006413823063676498,0.005977178133340368
BTC,buyside,1766873700,2025-12-27,22,209.8756401791356,-1.2076199018793672,1.024416172436642,1.2010332792482832,0.9661186347268943,0.5010332792483004,0.9661186347268943,0.9510332792482695,0.9315196330687778,1.2010332792482832,0.9315196330687778,0.5632859530486559,0.09170312451518883,0.0008025977110069248,0.0005891965699075975
BTC,buyside,1766918400,2025-12-28,10,189.99715005809108,-0.1962134694578344,0.13684415788368706,2.555630278397019,1.721170439763403,0.6056302783970511,1.721170439763403,2.555630278397019,1.685343269068468,2.555630278397019,1.685343269068468,1.5631287096106516,0.2184119373129358,0.000997888628581614,0.001586064405280756
BTC,buyside,1766979300,2025-12-29,3,377.41108948812143,1.5831278323335964,0.5358878041297341,4.546457939881339,3.433013978769216,1.3964579398813484,3.433013978769216,4.496457939881354,3.3542267224559668,4.346457939881358,3.3542267224559668,3.7710603626680133,0.5796178343949075,0.002074151295867109,0.004073427135748219
BTC,sellside,1767010200,2025-12-29,12,499.1360788045468,-0.676108208423356,0.5169932829100317,1.3066686922197766,3.249624011890621,4.356668692219796,3.249624011890621,1.356668692219795,3.176161071781171,1.356668692219795,3.176161071781171,-0.5668594437766475,0.05000406479638949,0.004833665268485936,0.001808329846395567
BTC,sellside,1767010200,2025-12-29,12,499.1360788045468,-0.676108208423356,0.7713327414080989,1.0523292337217092,2.9952845533925534,4.102329233721729,2.9952845533925534,1.1023292337217279,2.9218216132831034,1.1023292337217279,2.9218216132831034,-0.5668594437766475,0.05000406479638949,0.004833665268485936,0.001808329846395567
BTC,buyside,1767282300,2026-01-01,15,224.8175927152167,-0.35486546687233056,0.11275807953385074,1.8953150212709593,1.5051087873152416,2.795315021270948,1.5051087873152416,1.8953150212709593,1.5094163307282424,1.845315021270949,1.5094163307282424,0.058180500209209965,0.005486577181208752,0.0014579188103974897,0.001322734885674137
BTC,buyside,1767347400,2026-01-02,9,309.5886184592086,0.8505480637838824,0.2715216096068255,4.595305720329154,2.7329693307067493,1.3953057203291777,2.7329693307067493,4.595305720329154,2.6963401852208464,1.745305720329164,2.6963401852208464,4.199572989700544,0.392168336721709,0.0019519393381299342,0.002527969601342319
BTC,buyside,1767345300,2026-01-02,9,309.5886184592086,1.8866649649685239,0.4091235673661957,3.9492871392993356,2.231291087148824,0.7492871392993584,2.231291087148824,3.9492871392993356,2.1758282434504865,1.0992871392993449,2.1758282434504865,4.199572989700544,0.392168336721709,0.0019519393381299342,0.002475190692662055
BTC,buyside,1767371700,2026-01-02,16,544.446903304288,-0.5388036890643123,0.3038863826681151,2.045870621051032,2.725137353604172,1.595870621051027,2.725137353604172,2.0958706210510236,2.6337308838948967,1.0958706210510303,2.6337308838948967,2.6253248780095477,0.3499731891669597,0.0022058443957073837,0.006979590716637721
BTC,buyside,1767371700,2026-01-02,16,544.446903304288,-0.5388036890643123,0.3889635494568093,1.9607934542623375,2.640060186815478,1.5107934542623327,2.640060186815478,2.010793454262329,2.5486537171062027,1.010793454262336,2.5486537171062027,2.6253248780095477,0.3499731891669597,0.0022058443957073837,0.006979590716637721
BTC,buyside,1767371700,2026-01-02,16,544.446903304288,-0.5388036890643123,0.7235232629835325,1.6262337407356142,2.3055004732887543,1.1762337407356094,2.3055004732887543,1.676233740735606,2.214094003579479,0.6762337407356128,2.214094003579479,2.6253248780095477,0.3499731891669597,0.0022058443957073837,0.006979590716637721
BTC,buyside,1767485400,2026-01-04,0,353.25433880087905,0.40245790181259755,1.835391469502843,2.6216532860420925,2.536370714270832,2.821653286042067,2.536370714270832,2.3216532860420687,2.158301932418211,-0.8283467139579347,2.158301932418211,1.335638230521341,0.18793716042891398,0.0015587914876564759,0.0035267363719205464
BTC,buyside,1767571500,2026-01-05,0,340.5242477934507,1.900011538656848,0.7635285935869868,1.438692989312548,1.4484092326639888,1.6386929893125401,1.4484092326639888,1.3886929893125608,1.3225754132258423,1.6386929893125401,1.3225754132258423,0.5528534347257006,0.06413348595099795,0.001728400273945895,0.003524341959993826
BTC,buyside,1767625200,2026-01-05,15,460.7801624416906,1.1496371657862563,0.24089578729215907,1.3110845055670128,2.419085063468517,1.3610845055670096,2.419085063468517,1.2110845055670192,2.3778272653518973,3.611084505567021,2.3778272653518973,3.052106220345309,0.3304556850784491,0.0029529309428113952,0.0065122980842092035
BTC,buyside,1767624600,2026-01-05,14,460.7801624416906,1.3885580416691072,0.24089578729215907,0.9486557084698005,2.1127471830847058,0.9986557084697972,2.1127471830847058,0.848655708469807,2.0846192825503063,3.248655708469809,2.0846192825503063,3.052106220345309,0.3304556850784491,0.0029529309428113952,0.005835975590458406
BTC,buyside,1767636000,2026-01-05,18,540.1589310803197,0.24396523396630393,0.0031287087980241715,2.8290783442156355,3.1227560009068194,2.879078344215613,3.1227560009068194,2.7290783442156266,3.0529425701238235,4.779078344215622,3.0529425701238235,4.3794147682957565,0.4152267477374397,0.003487028226779333,0.0038802237536475
BTC,buyside,1767645000,2026-01-05,20,546.296928419629,-1.6572123197159419,0.36626601686894467,3.0207474484334433,2.8153073772190793,3.0707474484334423,2.8153073772190793,2.920747448433446,2.777186007863741,4.920747448433448,2.777186007863741,5.472225532455653,0.48076898335177387,0.003643228053715929,0.004069022408988816
BTC,sellside,1767799200,2026-01-07,15,575.9187090512964,-0.7245119726833356,0.41488494165019424,2.2600316534493707,2.260667896516173,1.010031653449349,2.260667896516173,2.210031653449368,2.223561261840151,1.5100316534493525,2.223561261840151,-2.9343550981072393,0.19716632112927207,0.005516252750029371,0.005377577724225592
BTC,sellside,1767812400,2026-01-07,19,595.6968089598031,-0.47789411613117677,0.21878579512215626,2.141918349513347,2.4408868998326323,4.791918349513348,2.4408868998326323,2.0919183495133504,2.4166656612205113,0.6919183495133425,2.4166656612205113,-1.3126644095432147,0.11544270383509729,0.0045503070316969384,0.00425172252391777
BTC,sellside,1767883800,2026-01-08,14,577.214104047983,-0.8032028267304002,0.005214702792058845,3.0921038811355213,2.4257740976449313,0.9921038811355097,2.4257740976449313,1.1921038811355276,2.387042717323594,1.1921038811355276,2.387042717323594,-3.4595481745782055,0.3415255686676901,0.0037060087021750883,0.004222449945236978
BTC,buyside,1767972600,2026-01-09,15,614.1023126601955,-0.4904394492431208,0.2700201523125455,0.8880840593386196,1.4231418569779666,1.5880840593386367,1.4231418569779666,0.8880840593386196,1.3631826465170096,0.8880840593386196,1.3631826465170096,-1.0284442624294057,0.13416564168254788,0.0029822630466373114,0.008805024349335545
BTC,buyside,1768110600,2026-01-11,5,175.8732526626719,-0.7474132536351085,0.1023464326012343,0.6878425575174759,1.0710579051443607,1.0378425575174761,1.0710579051443607,0.6878425575174759,1.0494329903996027,0.6878425575174759,1.0494329903996027,1.0346087153399868,0.11442441926273622,0.0009055781522618093,0.0006246825659999102
BTC,sellside,1768162200,2026-01-11,20,226.06594985223884,-0.3585236965274018,0.14663862479803647,1.3739973983705698,1.8002791021877333,1.4239973983705934,1.8002791021877333,1.3739973983705698,1.7620476476807447,1.3239973983705462,1.7620476476807447,0.5217061661744736,0.05710218744855765,0.0013154882940430333,0.0013712651033044448
BTC,buyside,1768186200,2026-01-12,2,373.2157698057805,-0.6935666200136598,0.28490221636490687,3.652382521695893,2.9425496493811303,3.652382521695893,2.9425496493811303,3.652382521695893,2.8708917614491187,3.652382521695893,2.8708917614491187,1.911601967867737,0.2540396954828054,0.0018641076750196865,0.0030735804272462868
BTC,sellside,1768227900,2026-01-12,14,466.838696476431,-2.1623528803828833,0.23040078042336834,0.9833969664976463,2.1391127248964485,1.1833969664976358,2.1391127248964485,0.8833969664976359,2.1138891988086903,1.3333969664976204,2.1138891988086903,-1.0520764531883768,0.08537863682745939,0.003519969819841579,0.0025242616935920842
BTC,buyside,1768296300,2026-01-13,9,488.16904388323434,-0.5912910775822385,0.31169530699779235,1.1994099544540866,2.1453250146538974,0.9994099544540822,2.1453250146538974,1.0994099544540843,2.0931675534042644,0.949409954454096,2.0931675534042644,3.032269289803758,0.23427321587966704,0.003505660159222638,0.003152410610908165
BTC,buyside,1768295100,2026-01-13,9,488.16904388323434,-0.21449537063443447,0.14906721536691706,0.8143998798600223,1.8308946916568276,0.614399879860018,1.8308946916568276,0.7143998798600201,1.8083778909752226,0.5643998798600318,1.8083778909752226,3.032269289803758,0.23427321587966704,0.003505660159222638,0.0021132091916500183
BTC,buyside,1768335900,2026-01-13,20,569.0069837769237,-0.1322479374515048,0.09764379275488767,4.206161378902295,3.3261764635098388,3.806161378902294,3.3261764635098388,4.306161378902296,3.303533174083665,3.806161378902294,3.303533174083665,4.818886372535236,0.4699371698675853,0.0034073400943267916,0.0023622776322906273
BTC,buyside,1768342500,2026-01-13,22,692.1879094811236,0.17931546954213332,0.6530018710364751,5.727784734416331,4.642774683241949,5.427784734416343,4.642774683241949,5.627784734416328,4.2922527609257894,0.27778473441634294,4.2922527609257894,4.106168225519259,0.4970167523519721,0.003312112528207765,0.006872303238939452
BTC,buyside,1768342500,2026-01-13,22,692.1879094811236,0.17931546954213332,2.464533079288811,3.916253526163995,2.8312434749896136,3.616253526164007,2.8312434749896136,3.816253526163992,2.480721552673454,-1.5337464738359927,2.480721552673454,4.106168225519259,0.4970167523519721,0.003312112528207765,0.006872303238939452
BTC,buyside,1768402200,2026-01-14,14,612.0427690163987,0.1184394353951569,0.0014541467444010793,2.6644725858787552,3.244754868474376,1.6644725858787652,3.244754868474376,2.6644725858787552,3.169370219975287,1.26447258587876,3.169370219975287,4.143762704811976,0.3411449155665783,0.00510712455811125,0.005565796340134459
BTC,buyside,1768402200,2026-01-14,14,612.0427690163987,0.1184394353951569,0.23037605725919807,2.435550675363958,3.015832957959579,1.4355506753639684,3.015832957959579,2.435550675363958,2.94044830946049,1.035550675363963,2.94044830946049,4.143762704811976,0.3411449155665783,0.00510712455811125,0.005565796340134459
BTC,sellside,1768488600,2026-01-15,14,608.3821238706929,0.8869096885474653,0.30295104469435624,1.7459825419579813,1.7815567833222465,1.8959825419579681,1.7815567833222465,1.2959825419579731,1.788388344202466,1.8959825419579681,1.788388344202466,0.5812136585314279,0.05546475258893117,0.0033724559244944254,0.006809806542393353
BTC,sellside,1768575900,2026-01-16,15,492.2013619630981,1.3674078375477017,0.14431085626561954,1.0942873652949634,1.6488015039564663,1.1442873652949772,1.6488015039564663,1.0942873652949634,1.6301654145734685,1.1442873652949772,1.6301654145734685,-3.1383090730167513,0.4216382058784953,0.002465595696427684,0.005510301079684741
BTC,sellside,1768698600,2026-01-18,1,213.90195510775106,-0.6171051589196848,0.6155156456315747,1.294979044213364,1.4529601798425615,2.0949790442133223,1.4529601798425615,1.294979044213364,1.4295193263128378,1.294979044213364,1.4295193263128378,-1.3438867347200572,0.1363623426278171,0.001205340291354244,0.0015255036445147637
BTC,sellside,1768780200,2026-01-18,23,310.7992565870753,3.178675556848455,1.9012271988316638,2.634763371225429,2.6969630031027254,2.784763371225418,2.6969630031027254,2.634763371225429,2.3607716364392877,-0.41523662877457396,2.3607716364392877,1.1288315289187416,0.1579961811434898,0.0011692810061754298,0.006114950453015248
BTC,sellside,1768778700,2026-01-18,23,310.7992565870753,7.54094467836467,0.4468800907864694,0.7593727850298181,0.9938317643516519,0.9093727850298067,0.9938317643516519,0.9093727850298067,0.9597400589083784,0.9093727850298067,0.9597400589083784,1.1288315289187416,0.1579961811434898,0.0011692810061754298,0.005178000981804646
BTC,sellside,1768885500,2026-01-20,5,403.26099125804916,0.21390613491002522,0.764269311143904,2.8075916901392,2.3355203175375614,2.757591690139189,2.3355203175375614,2.757591690139189,2.220442209543128,2.757591690139189,2.220442209543128,-1.1138196099721018,0.12329737297208285,0.0021991027464019503,0.0023668981511025255
BTC,sellside,1768921800,2026-01-20,15,490.9683143916072,-1.1554717145096605,0.4168293431595575,1.902175933574474,3.117097412008845,1.6021759335744785,3.117097412008845,1.8521759335744548,3.0261253798007623,1.7521759335744762,3.0261253798007623,-5.168296864827939,0.5582144844897035,0.0026536319513319364,0.010342581173494379
BTC,sellside,1768931100,2026-01-20,17,563.1340057764359,0.3114001253719678,0.01182666990749536,2.4473519092384977,2.8131361993825843,1.3473519092384902,2.8131361993825843,2.2973519092384884,2.785021021414539,2.2973519092384884,2.785021021414539,-5.464915931966946,0.6246382047649409,0.0027656677123186106,0.005734763693856725
BTC,sellside,1768937700,2026-01-20,19,558.8230457970284,-0.4850551566165188,0.019684227561358198,3.1051774788670934,3.1515704223645886,2.055177478867094,3.1515704223645886,3.0551774788671056,3.117223774373449,3.005177478867092,3.117223774373449,-6.450789793142019,0.6707733473261949,0.0028108598739095382,0.004312504359472201
BTC,sellside,1768948500,2026-01-20,22,626.6857914052736,-0.24674246986398715,0.8935259226866434,4.119797164399829,3.845845849662556,3.919797164399836,3.845845849662556,4.119797164399829,3.642342986423002,-0.3802028356001705,3.642342986423002,-4.930333577647479,0.5882038268457943,0.002872325852069227,0.002742855384428794
BTC,sellside,1769014800,2026-01-21,17,775.0710913280742,-0.42574159156754776,0.39477669006555666,2.171234870028005,1.6795957920451614,0.42123487002800525,1.6795957920451614,2.1212348700280104,1.630231650335441,0.42123487002800525,1.630231650335441,0.15808872420985962,0.017777577879371176,0.00477523626760544,0.011464906608885427
BTC,buyside,1769186700,2026-01-23,16,552.2100032711045,1.0171311578436752,0.14849423138708073,1.4221812623033576,1.6314712001695753,1.2721812623033384,1.6314712001695753,1.4221812623033576,1.6115586492148168,1.2721812623033384,1.6115586492148168,1.281306017291822,0.12840428794645808,0.003378057255116972,0.008915171458806307
BTC,buyside,1769186400,2026-01-23,16,552.2100032711045,1.3891454255735427,0.3242425869494785,0.9675353875223802,1.2117310997504915,0.817535387522361,1.2117310997504915,0.9675353875223802,1.1777327183793724,0.817535387522361,1.1777327183793724,1.281306017291822,0.12840428794645808,0.003378057255116972,0.008397755108467304
BTC,buyside,1769189400,2026-01-23,17,601.8085744660265,-0.18303162280089275,0.6779398255699616,1.6280068412777653,1.7778911822831134,1.5280068412777736,1.7778911822831134,1.6280068412777653,1.7380570335844754,1.6280068412777653,1.7380570335844754,0.9551874539342612,0.10689487170904845,0.0032847635087339664,0.006639840192554832
BTC,sellside,1769330400,2026-01-25,8,250.94882875084141,-0.10476239371531815,0.44279943665456445,4.052214081425738,2.6845475297188957,3.4022140814257056,2.6845475297188957,1.7522140814257248,2.597509677276646,1.7522140814257248,2.597509677276646,-3.988422679564483,0.5133427362482404,0.001102475480307353,0.0012825829409900055
BTC,sellside,1769330400,2026-01-25,8,250.94882875084141,-0.10476239371531815,0.6938067847005913,3.8012067333797117,2.433540181672869,3.151206733379679,2.433540181672869,1.501206733379698,2.346502329230619,1.501206733379698,2.346502329230619,-3.988422679564483,0.5133427362482404,0.001102475480307353,0.0012825829409900055
BTC,sellside,1769366700,2026-01-25,18,379.40994803433733,0.9838698271722969,0.04891806368323784,4.878366029452907,4.272894518492915,2.2283660294529235,4.272894518492915,4.878366029452907,4.240364138625891,4.9283660294529215,4.240364138625891,-3.9615724568823585,0.442871033324494,0.0019172795900398987,0.0035664757639216884
BTC,sellside,1769366700,2026-01-25,18,379.40994803433733,0.9838698271722969,1.114625492006659,3.812658601129486,3.207187090169494,1.1626586011295024,3.207187090169494,3.812658601129486,3.1746567103024694,3.8626586011295,3.1746567103024694,-3.9615724568823585,0.442871033324494,0.0019172795900398987,0.0035664757639216884
BTC,sellside,1769366700,2026-01-25,18,379.40994803433733,0.9838698271722969,1.1502861278705725,3.7769979652655725,3.1715264543055803,1.1269979652655888,3.1715264543055803,3.7769979652655725,3.138996074438556,3.8269979652655866,3.138996074438556,-3.9615724568823585,0.442871033324494,0.0019172795900398987,0.0035664757639216884
BTC,sellside,1769369700,2026-01-25,19,446.11638031759816,0.3753504856306475,0.29588691611374335,5.108732647350738,3.9165223530527333,1.4587326473507567,3.9165223530527333,5.108732647350738,3.855403425925039,1.4587326473507567,3.855403425925039,-4.284420129651554,0.5026971298120306,0.0021471723634649102,0.007303219133395574
BTC,sellside,1769369100,2026-01-25,19,446.11638031759816,0.8660744528702269,0.07314234903630927,4.581784948562714,3.6666288647146694,0.9317849485627315,3.6666288647146694,4.581784948562714,3.544130251946415,0.9317849485627315,3.544130251946415,-4.284420129651554,0.5026971298120306,0.0021471723634649102,0.00609433603614375
BTC,sellside,1769369100,2026-01-25,19,446.11638031759816,0.8660744528702269,0.41256050689951007,4.242366790699513,3.327210706851469,0.5923667906995308,3.327210706851469,4.242366790699513,3.2047120940832143,0.5923667906995308,3.2047120940832143,-4.284420129651554,0.5026971298120306,0.0021471723634649102,0.00609433603614375
BTC,buyside,1769483100,2026-01-27,3,522.5333201446634,-0.12471931930000268,0.07272263516033713,1.8311410617778137,1.7655830050463854,1.781141061777822,1.7655830050463854,1.781141061777822,1.7579325713114085,1.781141061777822,1.7579325713114085,2.965456824018437,0.3031195165893642,0.0032597550258604293,0.003368637778569197
BTC,buyside,1769545500,2026-01-27,20,606.8393049511038,0.3178271387934173,0.3130977154080507,1.6530402551083931,1.349193927397798,1.6030402551083907,1.349193927397798,1.6030402551083907,1.3243222399917083,2.0030402551083877,1.3243222399917083,1.2846069686649833,0.14033682277649262,0.004059139033492636,0.0035582430405253157
BTC,buyside,1769594400,2026-01-28,10,468.14560337100505,-0.3492075944381734,0.09420146143088318,0.6043084787404839,2.076262790262732,3.6043084787404718,2.076262790262732,0.8043084787404561,2.0672370378759473,0.8043084787404561,2.0672370378759473,2.218647345016001,0.16426148359599096,0.004591028376292731,0.003113411304974878
BTC,sellside,1769650200,2026-01-29,1,585.1480259504909,0.3767422775491842,0.376930264169872,1.0110212111248422,1.2657839249947191,1.2110212111248368,1.2657839249947191,0.5110212111248557,1.24054701188768,1.0110212111248422,1.24054701188768,-0.44545993225662495,0.0431306362207336,0.0037722732527844197,0.0037541776052194076
BTC,sellside,1769698800,2026-01-29,15,489.016064218973,4.254216072272897,0.056255820642481504,1.9941188626740394,3.4681230281437907,2.5441188626740305,3.4681230281437907,1.9941188626740394,3.4031663707967668,1.9941188626740394,3.4031663707967668,-3.199056461465226,0.2943144127313786,0.003325702239908834,0.005061751641609009
BTC,sellside,1769698800,2026-01-29,15,489.016064218973,4.254216072272897,0.6059719131584812,1.4444027701580398,2.9184069356277913,1.994402770158031,2.9184069356277913,1.4444027701580398,2.853450278280767,1.4444027701580398,2.853450278280767,-3.199056461465226,0.2943144127313786,0.003325702239908834,0.005061751641609009
BTC,sellside,1769697300,2026-01-29,14,489.016064218973,4.912169917846241,0.14418749231195316,0.6271085558292588,2.292517961419826,1.17710855582925,2.292517961419826,0.6271085558292588,2.247418100942518,0.6271085558292588,2.247418100942518,-3.199056461465226,0.2943144127313786,0.003325702239908834,0.002868259669847929
BTC,sellside,1769701500,2026-01-29,15,645.011345346189,-0.0024650729192106325,0.038774511767031714,5.547054919167072,5.07849487753657,1.6970549191670719,5.07849487753657,5.547054919167072,4.8775617333229535,5.4970549191670655,4.8775617333229535,-3.822041298633066,0.3965837869837699,0.004044599294389224,0.011163252598697307
BTC,sellside,1769699700,2026-01-29,15,645.011345346189,0.8824650978728092,1.2010951521855715,3.0281689930164313,3.800306447520704,2.978168993016424,3.800306447520704,3.0281689930164313,3.4969703809547217,2.978168993016424,3.4969703809547217,-3.822041298633066,0.3965837869837699,0.004044599294389224,0.008261964779887996
BTC,sellside,1769712900,2026-01-29,18,780.300085905823,-0.6822247102305796,0.10893244988090252,5.814887469936922,3.6778313695878304,2.364887469936919,3.6778313695878304,5.814887469936922,3.6632346461419334,5.764887469936926,3.6632346461419334,-6.772497011666118,0.6346258232177404,0.006307850318186921,0.0065058464850950605
BTC,sellside,1769711400,2026-01-29,18,780.300085905823,0.10198640425320486,0.15090348204089732,5.401251734365633,3.403493097037613,1.9512517343656306,3.403493097037613,5.401251734365633,3.3804685456734016,5.351251734365637,3.3804685456734016,-6.772497011666118,0.6346258232177404,0.006307850318186921,0.006697114730428562
BTC,sellside,1769870400,2026-01-31,14,658.4437039827925,-0.34027206676101523,0.44383445119499926,4.3784389131012045,3.361571970952342,4.5784389131012215,3.361571970952342,4.3784389131012045,3.2322633202598854,3.0784389131012166,3.2322633202598854,-0.501196986171834,0.06970515612425647,0.003590001429220542,0.0071032826480820635
BTC,sellside,1769869800,2026-01-31,14,658.4437039827925,0.4141887884269728,0.8677886910358124,3.234271240993456,2.4085100152440817,3.434271240993473,2.4085100152440817,3.234271240993456,2.276076814943093,1.934271240993468,2.276076814943093,-0.501196986171834,0.06970515612425647,0.003590001429220542,0.006596611010605313
BTC,sellside,1769876400,2026-01-31,16,764.4218672096528,3.09024388407785,0.1308178170844682,4.485839429918639,3.1164172175611253,4.6358394299186285,3.1164172175611253,4.435839429918642,3.018595278055398,4.385839429918626,3.018595278055398,-2.4160088548245087,0.32281435880225745,0.004732898334692095,0.00899395002289317
BTC,sellside,1769879700,2026-01-31,17,880.5945909803926,0.25415781824281164,0.34574366356377667,6.42115947715139,4.522192509966557,1.1711594771513854,4.522192509966557,6.271159477151384,4.216674399045836,1.1711594771513854,4.216674399045836,-2.927783143806988,0.3995688446058315,0.0052157937759752275,0.0171440166247352
BTC,sellside,1769987700,2026-02-01,23,957.6835164296571,-0.9411355469082044,0.02077930721224422,3.1593183828707994,2.3746263226887945,0.3093183828707947,2.3746263226887945,3.2093183828708005,2.308231111836699,3.2093183828708005,2.308231111836699,-1.5576962267884786,0.1945213053104849,0.005268917817360783,0.018477627471845958
BTC,sellside,1770003600,2026-02-02,3,1100.5828197299925,-1.542482736934315,0.01143030744663815,2.324559485848941,2.35524685380374,0.22455948584893634,2.35524685380374,2.4245594858489325,2.3210585268219766,1.8745594858489334,2.3210585268219766,-2.15986471657188,0.26694134412279036,0.006086225483622785,0.008134292892179321
BTC,sellside,1770130500,2026-02-03,14,714.8155723948395,-0.5407408776854304,0.2421463754910862,1.5538493165170173,1.2622235455093178,1.5538493165170173,1.2622235455093178,1.6038493165170196,1.2566788104311353,1.7538493165170266,1.2566788104311353,0.6475236660685572,0.0573368811194354,0.006121162448353457,0.008244926929500344
BTC,sellside,1770143100,2026-02-03,18,967.1742438871564,-0.4183527451824945,0.10707481165315272,4.083331556767162,3.315572041547926,4.483331556767166,3.315572041547926,4.1333315567671605,3.2549653161442946,4.0333315567671635,3.2549653161442946,-3.7780679366667806,0.3224122885576966,0.008839815998731739,0.007781572141834842
BTC,sellside,1770142800,2026-02-03,18,967.1742438871564,-0.28003227103263967,0.05376487259524978,3.988209089867874,3.310624594511143,4.388209089867878,3.310624594511143,4.038209089867872,3.237223181163962,3.9382090898678754,3.237223181163962,-3.7780679366667806,0.3224122885576966,0.008839815998731739,0.00819271004774765
BTC,sellside,1770142800,2026-02-03,18,967.1742438871564,-0.28003227103263967,0.15302309892494168,3.888950863538182,3.211366368181451,4.2889508635381866,3.211366368181451,3.9389508635381807,3.1379649548342696,3.8389508635381837,3.1379649548342696,-3.7780679366667806,0.3224122885576966,0.008839815998731739,0.00819271004774765
BTC,sellside,1770225300,2026-02-04,17,963.8258319217674,0.7781281380523172,0.12547910213078714,3.641720320149187,2.2217980281746943,1.1917203201491895,2.2217980281746943,3.641720320149187,2.1847525524302687,1.2917203201491838,2.1847525524302687,-1.3278125130224534,0.1029035033409187,0.010262388682336778,0.013640807772698483
BTC,sellside,1770305700,2026-02-05,15,1181.6537312604767,-1.0656252053271151,0.020183577785147677,3.5914479793891965,3.794699860131335,0.7414479793891899,3.794699860131335,3.541447979389185,3.7259545456636194,3.4914479793891866,3.7259545456636194,-4.004218727387068,0.4322856615571299,0.007075640467323624,0.01917749871944044
BTC,sellside,1770305400,2026-02-05,15,1181.6537312604767,-1.1198627525073972,0.014386617289200284,3.5144372633117125,3.805172865982886,0.664437263311706,3.805172865982886,3.4644372633117015,3.7397656323118387,3.4144372633117026,3.7397656323118387,-4.004218727387068,0.4322856615571299,0.007075640467323624,0.018308517836957125
BTC,sellside,1770315900,2026-02-05,18,1282.564496202356,0.05401677670412313,0.07507614649018125,4.13036735639486,3.3997299187975316,1.580367356394863,3.3997299187975316,4.13036735639486,3.3577017334563446,1.2303673563948638,3.3577017334563446,-5.648269557944354,0.5418054972809805,0.010230440729370502,0.020026040471767356
BTC,sellside,1770321300,2026-02-05,19,1293.6284607593311,2.1300242562556218,0.04638116879770977,4.427748737691005,3.2870098254702276,1.8277487376910129,3.2870098254702276,4.377748737691004,3.2568162248574355,1.4777487376910063,3.2568162248574355,-5.856619755840003,0.5810666644169376,0.010054470573302386,0.013355310995978177
BTC,sellside,1770322800,2026-02-05,20,1440.8692849908075,0.9095134538927718,0.5219141027111281,4.252141826808105,3.1773498939492595,1.9521418268081074,3.1773498939492595,4.252141826808105,3.074337233788988,4.202141826808106,3.074337233788988,-5.7261613429788945,0.601668495837879,0.010344317052676166,0.01376606549152682
BTC,sellside,1770336300,2026-02-06,0,1718.8301381877977,-1.1520742835518265,0.04799776206331922,5.174865017830825,3.303746356485535,3.2248650178308202,3.303746356485535,5.124865017830822,3.2608119185834514,0.9248650178308219,3.2608119185834514,-5.79356841537531,0.6397954332266834,0.011293355169702002,0.01924996249081867
BTC,buyside,1770592200,2026-02-08,23,770.0717413038911,-1.7903267008156953,0.6753656472569666,3.1998643035649064,1.79941879177985,0.8998643035649184,1.79941879177985,3.1498643035649097,1.701034212242308,3.1498643035649097,1.701034212242308,2.30720062132348,0.23235263731248074,0.005789916878046732,0.006204146768710026
BTC,sellside,1770734700,2026-02-10,14,732.5522552789128,-1.4425592063704067,0.693465887708698,0.9284097291225407,1.8647552866236763,0.9784097291225372,1.8647552866236763,0.8784097291225442,1.8154709168457277,0.9784097291225372,1.8154709168457277,-0.33315029506950744,0.03293784525353615,0.005433005622679152,0.011291478620073424
BTC,sellside,1770783900,2026-02-11,4,684.528523411855,0.23524220612077135,0.1673852821046922,1.7287255481064852,1.735497433121748,1.7787255481064752,1.735497433121748,1.7787255481064752,1.7114794574637477,1.7787255481064752,1.7114794574637477,-2.401112508515704,0.22067568275160165,0.00592674790264308,0.005289099287404939
BTC,sellside,1770790200,2026-02-11,6,684.2706145745068,0.5043472460301351,0.2760457573024015,2.47209901820278,2.2481615184207215,2.5220990182027787,2.2481615184207215,2.5220990182027787,2.229110218928186,2.5220990182027787,2.229110218928186,-2.2170614486249005,0.20720442634885086,0.005930019562578774,0.005041001516758709
BTC,sellside,1770915300,2026-02-12,16,746.0614741546482,0.034434159770964326,0.26807442406353604,2.43749085639062,2.182153120359483,3.287490856390624,2.182153120359483,2.3874908563906163,2.146652330822297,2.937490856390618,2.146652330822297,1.4685787136260782,0.14906417385128964,0.00577704552182452,0.01044401081820824
BTC,sellside,1770912600,2026-02-12,16,746.0614741546482,0.9915268722837883,0.07975214115890197,0.7117875709661232,1.0233808388467804,2.0617875709661253,1.0233808388467804,1.1617875709661174,1.0135316421413503,1.7117875709661192,1.0135316421413503,1.4685787136260782,0.14906417385128964,0.00577704552182452,0.0105231421770111
BTC,buyside,1770996600,2026-02-13,15,663.6887253111828,0.2765001016311565,0.09882644905447718,3.589794865206933,3.523786957780638,4.83979486520693,3.523786957780638,3.939794865206921,3.5041499603034825,4.83979486520693,3.5041499603034825,0.9021849809475746,0.08616970295291224,0.006049602905825603,0.011474791800916947
BTC,buyside,1770995700,2026-02-13,15,663.6887253111828,1.0104736971169088,0.28248182144738476,2.95121237339004,2.959229229740872,4.201212373390037,2.959229229740872,3.301212373390028,2.9204307746973424,4.201212373390037,2.9204307746973424,0.9021849809475746,0.08616970295291224,0.006049602905825603,0.011620874714734008
BTC,buyside,1771056600,2026-02-14,8,427.62774544692195,0.5738636059349281,0.6945994575014469,1.3597095161751656,2.6567430147915356,1.3597095161751656,2.6567430147915356,1.3597095161751656,2.600895389846602,1.3597095161751656,2.600895389846602,5.891338966715127,0.5583901483248047,0.003747228533837598,0.004171876461698107
BTC,buyside,1771067700,2026-02-14,11,434.95317665702925,0.8979817161054631,0.3937205409469503,2.497264180154759,3.1191289988335718,2.547264180154772,3.1191289988335718,2.497264180154759,3.0771308444069763,2.547264180154772,3.0771308444069763,5.748756726454852,0.538709135330084,0.003962800774341079,0.0018480351713446187
BTC,buyside,1771140000,2026-02-15,7,484.8712638829917,0.08140305054152683,0.6559060593798054,1.64818368990294,1.6558102555184908,2.3981836899029214,1.6558102555184908,1.64818368990294,1.6200658444801392,2.448183689902948,1.6200658444801392,2.4457213457099622,0.25569671565583424,0.004510523186210481,0.003207430337831558
BTC,sellside,1771256100,2026-02-16,15,635.399838874958,-0.36052889217852474,0.915958683638466,0.7057723583922985,1.0309123907567652,0.6557723583922823,1.0309123907567652,0.8057723583922851,0.983107785014262,0.8057723583922851,0.983107785014262,-1.0581526133064054,0.10448962718797272,0.0061132201120378295,0.00645899081278346
BTC,sellside,1771339500,2026-02-17,14,559.540042246181,0.17669870346204014,0.7005039325274163,1.4081648868972472,1.5912330962999852,0.2581648868972321,1.5912330962999852,1.3081648868972389,1.5507713607987241,0.7581648868972465,1.5507713607987241,-0.5206061729391649,0.057464235269982476,0.004504632655483866,0.00824749976601289
BTC,sellside,1771440300,2026-02-18,18,575.180047491345,0.3113807594355067,0.5449771795234406,0.9485552361932804,1.616204710145393,2.5985552361933,1.616204710145393,0.9485552361932804,1.567949752057705,0.9485552361932804,1.567949752057705,-1.584251755557824,0.20545826371837492,0.0036327627773586465,0.004588662404413255
BTC,sellside,1771509000,2026-02-19,13,439.51451672935207,-1.0208536531144874,0.19530640452737488,2.9550924252247497,2.200299815613967,2.905092425224745,2.200299815613967,2.905092425224745,2.1835609437004693,2.9550924252247497,2.1835609437004693,-1.6386489469322885,0.1672157638487435,0.004205277892193122,0.003906312515542325
BTC,buyside,1771547400,2026-02-20,0,490.58376710417093,-0.365646016089878,0.33963618687084507,0.8492713968667163,1.393845866339768,0.9992713968667118,1.393845866339768,0.899271396866695,1.3755176688450002,0.8492713968667163,1.3755176688450002,1.1358712565833144,0.12835786515559675,0.004114199677284583,0.003432901122049412
BTC,buyside,1771683900,2026-02-21,14,335.87398166489567,0.08524030309842368,0.49953259007538836,2.2497379614516135,2.9611078923487377,2.8497379614516096,2.9611078923487377,2.2497379614516135,2.856654673194684,3.5997379614515936,2.856654673194684,3.544007767733624,0.3292780082987569,0.0028369296312052215,0.00201959153153106
BTC,buyside,1771683900,2026-02-21,14,335.87398166489567,0.08524030309842368,0.9694409742189094,1.7798295773080925,2.491199508205217,2.3798295773080884,2.491199508205217,1.7798295773080925,2.386746289051163,3.1298295773080724,2.386746289051163,3.544007767733624,0.3292780082987569,0.0028369296312052215,0.00201959153153106
BTC,sellside,1771767600,2026-02-22,13,256.3881163834677,0.17044471723735058,0.681310828535954,0.7440210977638659,1.5769370488721397,2.6940210977638595,1.5769370488721397,0.7440210977638659,1.5204337476551248,0.8440210977638627,1.5204337476551248,-1.2940147331313563,0.10236497431388276,0.0026646420630510557,0.0029020693350501514
BTC,sellside,1771809600,2026-02-23,1,458.85602404950856,0.8960980753205405,0.02179332835547789,5.461204414799089,4.654436936911369,0.9612044147990717,4.654436936911369,5.461204414799089,4.471225157585906,5.461204414799089,4.471225157585906,-3.0921246003886176,0.4124175217277567,0.0034781968742504054,0.013473223799692654
BTC,sellside,1771809000,2026-02-23,1,458.85602404950856,1.7848735923136392,0.5834074000761527,5.19139782390956,4.239183577310982,1.791397823909543,4.239183577310982,4.341397823909564,3.9749080542107613,4.341397823909564,3.9749080542107613,-3.0921246003886176,0.4124175217277567,0.0034781968742504054,0.007048445369191971
BTC,sellside,1771808700,2026-02-23,1,458.85602404950856,4.080539214622964,0.5240641669641793,3.778383793325451,3.0235319595332313,2.9283837933254544,3.0235319595332313,3.828383793325445,2.844765150404896,2.9283837933254544,2.844765150404896,-3.0921246003886176,0.4124175217277567,0.0034781968742504054,0.006366516810256809
BTC,sellside,1771869300,2026-02-23,17,564.07382032081,-0.4423711773364859,0.24583661748586633,0.8992973810848947,2.321484277932273,0.6492973810848853,2.321484277932273,0.8492973810848851,2.313259774003471,0.7492973810848916,2.313259774003471,-3.580807914203933,0.2673896466999918,0.008860616255389628,0.006710103342355551
BTC,buyside,1772027100,2026-02-25,13,567.6036105509321,-0.10005221768211027,0.18796568241778094,0.2994859042345344,2.490436120710243,1.24948590423453,2.490436120710243,1.549485904234535,2.4554136918202993,1.699485904234531,2.4554136918202993,5.583015930649454,0.4713664381931574,0.0070754079760247685,0.003655749577276102
BTC,buyside,1772038800,2026-02-25,17,627.6817610715732,0.6003838622881698,0.13860527005193574,3.350478789590282,3.8892998159707433,4.200478789590281,3.8892998159707433,3.350478789590282,3.8573028878547424,3.200478789590268,3.8573028878547424,5.013384481058995,0.46962056486214454,0.0071082973442931395,0.005408166391716599
BTC,buyside,1772041500,2026-02-25,17,644.5209209950327,1.0993436782565877,0.11062480313273247,3.963782089401647,4.099403700274794,4.8137820894016485,4.099403700274794,3.963782089401647,4.065393575712944,3.813782089401636,4.065393575712944,6.326621630380611,0.5408039299943256,0.007437229454670437,0.009001419284023513
BTC,buyside,1772044200,2026-02-25,18,682.5315694953873,-0.5501430509325955,0.378737060017774,5.523054704915664,4.347140814522959,5.323054704915658,4.347140814522959,4.52305470491566,4.309055717751173,5.723054704915658,4.309055717751173,6.210906849530933,0.5504332944662456,0.0074594486214029365,0.0073639367698044465
BTC,sellside,1772191200,2026-02-27,11,573.4916238207772,0.815914270696007,0.2423749436372572,2.568642072822995,1.6581640091891918,1.5186420728229924,1.6581640091891918,2.4686420728229765,1.638876055824238,2.4686420728229765,1.638876055824238,-2.522094377531852,0.2562612504074945,0.0047484110703450225,0.004559453675696022
BTC,buyside,1772464500,2026-03-02,15,886.2088339470076,1.3992412990030503,0.2669461090185189,2.5009873597458863,2.265474586174685,2.5009873597458863,2.265474586174685,2.5009873597458863,2.22806145556547,2.2009873597458816,2.22806145556547,0.37760851300655146,0.036474217140615016,0.008278689218538905,0.011897816086037299
BTC,buyside,1772464500,2026-03-02,15,886.2088339470076,1.3992412990030503,0.28591455004063004,2.4820189187237753,2.246506145152574,2.4820189187237753,2.246506145152574,2.4820189187237753,2.209093014543359,2.1820189187237706,2.209093014543359,0.37760851300655146,0.036474217140615016,0.008278689218538905,0.011897816086037299
BTC,buyside,1772470200,2026-03-02,16,905.9303458079355,-0.9605374232429986,0.11829827811366764,4.431303780818691,3.526587681116972,4.381303780818696,3.526587681116972,4.381303780818696,3.46353837014386,4.281303780818703,3.46353837014386,3.3057177230653347,0.2873800364077097,0.009892858901081032,0.015245917065558388
BTC,buyside,1772610600,2026-03-04,7,766.6736364691112,1.5312773834336613,0.6821807547846553,0.9228774772698446,1.6137577449389624,0.9728774772698411,1.6137577449389624,0.9728774772698411,1.5854700565567366,0.9728774772698411,1.5854700565567366,0.43723950329614203,0.041438287583347416,0.006850166868334961,0.005553581833745529
BTC,buyside,1772614800,2026-03-04,9,859.3462338641745,0.5927296588123623,0.04305598668143823,3.292570505512858,3.5215048557670676,3.3425705055128594,3.5215048557670676,3.3425705055128594,3.4648241809154885,3.292570505512858,3.4648241809154885,2.897353711325552,0.314959843040618,0.006348655806526136,0.01327502183329481
BTC,buyside,1772614800,2026-03-04,9,859.3462338641745,0.5927296588123623,0.20946155682861842,3.1261649353656775,3.355099285619888,3.176164935365679,3.355099285619888,3.176164935365679,3.2984186107683082,3.1261649353656775,3.2984186107683082,2.897353711325552,0.314959843040618,0.006348655806526136,0.01327502183329481
BTC,buyside,1772614200,2026-03-04,8,859.3462338641745,1.4232098213783608,0.6540204376910455,2.129674852259838,2.541072148032415,2.179674852259839,2.541072148032415,2.179674852259839,2.4227510227219735,2.129674852259838,2.4227510227219735,2.897353711325552,0.314959843040618,0.006348655806526136,0.01127230611941741
BTC,buyside,1772614200,2026-03-04,8,859.3462338641745,1.4232098213783608,0.6897103596240085,2.0939849303268745,2.5053822260994516,2.143984930326876,2.5053822260994516,2.143984930326876,2.3870611007890106,2.0939849303268745,2.3870611007890106,2.897353711325552,0.314959843040618,0.006348655806526136,0.01127230611941741
BTC,buyside,1772634900,2026-03-04,14,847.4560000897407,0.48108692363594574,0.42667701917469014,4.705427529390183,3.3603331133032506,1.9554275293901826,3.3603331133032506,4.705427529390183,3.2564164418764485,4.705427529390183,3.2564164418764485,5.791710719471276,0.5596665868481954,0.0071619193791038266,0.005242519166646655
BTC,sellside,1772866500,2026-03-07,6,470.8171698231102,-0.2694676577909455,0.2815742680960426,0.7873418131665559,2.768055155329477,3.0873418131665638,2.768055155329477,1.0373418131665515,2.7417450719177094,1.0373418131665515,2.7417450719177094,-5.477646452377557,0.5070853167697962,0.004178918069896351,0.0018147529722786937
BTC,sellside,1772911200,2026-03-07,19,381.58941682928406,0.2933257450640539,0.3390555248493352,1.4953634654168202,1.516620063741128,1.5453634654168131,1.516620063741128,1.5953634654168438,1.5115121593405267,1.5453634654168131,1.5115121593405267,-1.477137402508623,0.21163492730986236,0.0021320543840239697,0.0030782366197186486
BTC,sellside,1772911200,2026-03-07,19,381.58941682928406,0.2933257450640539,0.46067839475394384,1.3737405955122117,1.3949971938365193,1.4237405955122044,1.3949971938365193,1.4737405955122354,1.389889289435918,1.4237405955122044,1.389889289435918,-1.477137402508623,0.21163492730986236,0.0021320543840239697,0.0030782366197186486
BTC,sellside,1773007500,2026-03-08,22,522.8955061665407,-1.1770420528417693,0.796946990527926,2.152589270142113,2.0339302869635163,2.302589270142097,2.0339302869635163,2.152589270142113,1.9619707808868645,2.152589270142113,1.9619707808868645,-0.4563818146947189,0.04974050065656451,0.003869116196839486,0.0058627803680851255
BTC,sellside,1773007500,2026-03-08,22,522.8955061665407,-1.1770420528417693,1.541168341468454,1.4083679192015848,1.289708936022988,1.5583679192015687,1.289708936022988,1.4083679192015848,1.2177494299463365,1.4083679192015848,1.2177494299463365,-0.4563818146947189,0.04974050065656451,0.003869116196839486,0.0058627803680851255
BTC,buyside,1773048900,2026-03-09,9,655.5615194702378,-0.529973144672627,0.10677868959814375,1.5079518656200779,1.8046745864553768,1.607951865620074,1.8046745864553768,1.5079518656200779,1.8034576885679259,1.957951865620071,1.8034576885679259,0.2039320430339441,0.017950532312703906,0.005909604479188566,0.005319532354887808
BTC,sellside,1773230400,2026-03-11,12,573.0109052100335,-0.328318358847022,0.20205549134804063,0.5941243129815001,1.5801462626897693,0.5941243129815001,1.5801462626897693,0.5941243129815001,1.5704037833754252,1.3441243129814902,1.5704037833754252,-1.7033532715092865,0.1292100769139127,0.006898720250932791,0.0024318594301908285
BTC,buyside,1773362100,2026-03-13,0,645.4925265432743,-0.6976223294349925,0.3454726287757414,2.172259532001749,2.55555657397678,2.172259532001749,2.55555657397678,2.172259532001749,2.5161471982779227,2.072259532001754,2.5161471982779227,0.48954865781674567,0.05389787376299234,0.004799289720080155,0.007985367109604125
BTC,buyside,1773361200,2026-03-13,0,645.4925265432743,0.46696125455420806,0.5561644561905433,1.4658222283168245,1.9462805010081767,1.4658222283168245,1.9462805010081767,1.4658222283168245,1.8989214180275689,1.36582222831683,1.8989214180275689,0.48954865781674567,0.05389787376299234,0.004799289720080155,0.007503591219315213
BTC,buyside,1773360900,2026-03-13,0,645.4925265432743,0.733982161710181,0.49356109776530155,0.6586866247645319,1.165684096209423,0.6586866247645319,1.165684096209423,0.6586866247645319,1.1441511603288894,0.5586866247645373,1.1441511603288894,0.48954865781674567,0.05389787376299234,0.004799289720080155,0.003482918789280532
BTC,buyside,1773410400,2026-03-13,14,589.1903602369374,-1.6912360881112765,0.04602926631234062,3.3711532371630537,3.795786003757443,5.521153237163054,3.795786003757443,3.3711532371630537,3.7490505249348822,3.3711532371630537,3.7490505249348822,4.7736354662505835,0.38166693806654917,0.0053826598256173,0.00820168616868257
BTC,buyside,1773632700,2026-03-16,3,570.846074672349,-0.2403099646060374,0.4910956077974338,4.294732315760957,3.240716325015959,0.09473231576093895,3.240716325015959,4.294732315760957,3.120584690242951,4.294732315760957,3.120584690242951,2.017268841974543,0.2735682536816655,0.0033806275268776307,0.012010954219949358
BTC,buyside,1773632400,2026-03-16,3,570.846074672349,-0.5901065365008414,0.23869832174672395,4.056033994014233,3.249290848217233,4.056033994014233,3.249290848217233,4.056033994014233,3.0296697798910426,4.056033994014233,3.0296697798910426,2.017268841974543,0.2735682536816655,0.0033806275268776307,0.011892767717282544
BTC,sellside,1773833700,2026-03-18,11,523.4558398779019,1.558851650581114,0.6517837303708163,1.254594746482063,1.4429640435779445,1.6045947464820773,1.4429640435779445,1.254594746482063,1.394761188543605,1.254594746482063,1.394761188543605,-0.1657446405034508,0.016453694116039756,0.003907969500873427,0.005279847422388823
BTC,sellside,1773904200,2026-03-19,7,541.7033046255526,0.2774212354194119,0.1679886373646971,1.6677800706219128,2.76932715359319,1.9177800706219263,2.76932715359319,1.7177800706219262,2.7488850186992226,1.767780070621913,2.7488850186992226,-6.092966337507387,0.538441209289582,0.004811036954022199,0.003400545850441978
BTC,sellside,1773903900,2026-03-19,7,541.7033046255526,0.6080634863907415,0.26582817341226794,1.329956766910489,2.4658683234674794,1.5799567669105026,2.4658683234674794,1.3799567669105024,2.426675696335419,1.4299567669104891,2.426675696335419,-6.092966337507387,0.538441209289582,0.004811036954022199,0.002966359908979345
BTC,sellside,1773924900,2026-03-19,12,538.6198360138911,-1.4107167044260138,0.1864394760192389,3.8875114734631318,3.322272898865806,3.987511473463146,3.322272898865806,3.7875114734631445,3.27542310977495,3.6875114734631302,3.27542310977495,-4.471595435148233,0.4226273721891296,0.0043547393222681495,0.00449056275723072
BTC,sellside,1773935100,2026-03-19,15,645.1920552924627,-0.9609386769633524,0.12075474172521737,3.514337610128144,2.3635180303952827,3.664337610128158,2.3635180303952827,3.4643376101281462,2.3196063774858393,3.21433761012816,2.3196063774858393,-3.077486747879989,0.33328857190336786,0.004487136871077543,0.007527361313229588
BTC,buyside,1774102500,2026-03-21,14,322.8341685292749,-1.1792741819566204,0.5488576404635885,0.5659649406226588,1.9048969895694428,0.6159649406226736,1.9048969895694428,0.515964940622689,1.8691502331765795,0.515964940622689,1.8691502331765795,3.1253507167364543,0.29818101219061166,0.0026972854965300465,0.0018944983073657042
BTC,sellside,1774137600,2026-03-22,0,378.2101740908679,-0.09674514993671225,0.58679013734487,5.1331453840745525,4.455597282082918,5.1331453840745525,4.455597282082918,5.18314538407456,4.1861170404687185,4.783145384074536,4.1861170404687185,-0.6174080339358935,0.11046041334550455,0.001786217027259502,0.009952700359671393
BTC,sellside,1774137300,2026-03-21,23,378.2101740908679,0.6889555539492257,1.2268310896589483,3.5608714455709176,3.1275330198042632,3.5608714455709176,3.1275330198042632,3.610871445570926,2.9202551282788582,3.210871445570901,2.9202551282788582,-0.6174080339358935,0.11046041334550455,0.001786217027259502,0.008082972718797753
BTC,sellside,1774180500,2026-03-22,11,387.32560513999255,-0.8056012715379884,0.30452414824825735,5.722173812999209,3.2847589426776174,1.7721738129992324,3.2847589426776174,5.5721738129992175,3.229129580207119,2.6221738129992094,3.229129580207119,-5.175361435956424,0.5816240965393656,0.004383038717746689,0.00396464393114651
BTC,buyside,1774264500,2026-03-23,11,716.6844753923276,-1.353859380683322,0.1841814697154428,4.254385978651565,3.895937612812016,0.20438597865157493,3.895937612812016,3.8043859786515646,3.7464483051800967,1.0543859786515728,3.7464483051800967,0.4647372887736653,0.05276766038076746,0.005310590729374217,0.038748770389347764
BTC,buyside,1774264200,2026-03-23,11,716.6844753923276,-1.5988625948297914,0.18007924607177742,3.883148692041791,3.9282793429225453,3.883148692041791,3.9282793429225453,3.4331486920417893,3.579585881338822,0.6831486920417978,3.579585881338822,0.4647372887736653,0.05276766038076746,0.005310590729374217,0.004308887263645113
BTC,buyside,1774427700,2026-03-25,8,502.4678804941754,-0.46677610471208403,0.2068589934500444,0.37363510037366904,2.063558044880936,0.4236351003736883,2.063558044880936,0.37363510037366904,2.0473393230956844,0.4236351003736883,2.0473393230956844,-0.07417389538080446,0.007079266126839751,0.004410177253399898,0.006137101729083937
BTC,buyside,1774438200,2026-03-25,11,484.5038423635934,-1.0910130194660472,0.23613847816328587,1.203112391532343,2.916382925856478,3.603112391532338,2.916382925856478,1.2531123915323616,2.9113127808707153,1.2531123915323616,2.9113127808707153,0.7092203816665039,0.06450341270019956,0.004401742575501215,0.002712579053925606
BTC,sellside,1774501800,2026-03-26,5,477.83569091385596,0.9539680870807433,0.17512295877264925,1.4709776526713798,1.4465365191247381,2.020977652671384,1.4465365191247381,1.6709776526713784,1.442175311150021,1.4209776526713878,1.442175311150021,-0.7233658066415185,0.08346030051986321,0.0034333231279370644,0.002124003634362424
BTC,sellside,1774538100,2026-03-26,15,492.2277185435923,-0.14542049808124027,0.03774675683640168,4.0022678305679396,2.9474506418656308,2.1022678305679516,2.9474506418656308,4.0022678305679396,2.9274838271921073,4.052267830567953,2.9274838271921073,-2.748869982380274,0.30244649343392166,0.003933698022818037,0.0059978340521999775
BTC,sellside,1774600800,2026-03-27,8,486.8832148236073,-0.23477909387656953,1.1167154328723097,1.6468739832895893,1.7275379811724687,1.5968739832895888,1.7275379811724687,1.5968739832895888,1.6615775157878299,0.8968739832895841,1.6615775157878299,-3.0485544681135717,0.37567736530522805,0.003169364046493252,0.0029706239808741128
BTC,sellside,1774608000,2026-03-27,10,550.873741353009,0.4771510788559309,0.9051075819576863,2.8953287371176617,2.6333869915385852,2.2453287371176853,2.6333869915385852,2.845328737117663,2.528218363478381,2.2453287371176853,2.528218363478381,-3.3072369641821626,0.42482190950320925,0.0034320948896666642,0.0033909869024696285
BTC,sellside,1774633500,2026-03-27,17,565.7484599888927,-0.29744667798707336,0.03268236912278692,5.289726259637924,3.3759873230362296,5.289726259637924,3.3759873230362296,5.289726259637924,3.3677296436116615,5.2397262596379175,3.3677296436116615,-4.432305480865539,0.5372623631170863,0.0047085482636260705,0.005259834236631935
BTC,sellside,1774805100,2026-03-29,17,295.41484422324123,-0.6466838201794189,0.4168375503396982,1.3578048636852555,1.3585741558543076,1.807804863685224,1.3585741558543076,1.3578048636852555,1.3367538458905317,1.807804863685224,1.3367538458905317,-1.174145466224043,0.13389899863344573,0.0023250238740161713,0.0022176081180228825
BTC,sellside,1774824600,2026-03-29,22,390.35848289808376,-2.5293161113595732,0.14345787898407394,4.167932585930092,3.8577303611999434,4.517932585930119,3.8577303611999434,4.167932585930092,3.5978078634974784,4.167932585930092,3.5978078634974784,-0.11722558111272428,0.016262242881718042,0.002430677850599208,0.009759568905384722
BTC,sellside,1774824600,2026-03-29,22,390.35848289808376,-2.5293161113595732,0.6640306573475301,3.6473598075666365,3.337157582836487,3.997359807566663,3.337157582836487,3.6473598075666365,3.077235085134022,3.6473598075666365,3.077235085134022,-0.11722558111272428,0.016262242881718042,0.002430677850599208,0.009759568905384722
BTC,sellside,1774824600,2026-03-29,22,390.35848289808376,-2.5293161113595732,1.404478252732474,2.906912212181693,2.5967099874515434,3.256912212181719,2.5967099874515434,2.906912212181693,2.3367874897490784,2.906912212181693,2.3367874897490784,-0.11722558111272428,0.016262242881718042,0.002430677850599208,0.009759568905384722
BTC,buyside,1774839000,2026-03-30,2,496.60086943076203,-0.2737006887559401,0.32432484498993264,1.2240378432707935,1.7999637746001609,4.524037843270801,1.7999637746001609,1.2240378432707935,1.7280397783887695,1.2240378432707935,1.7280397783887695,-0.33076865167046693,0.04515987133312988,0.0036631580821370026,0.0067333742401837855
BTC,buyside,1774839000,2026-03-30,2,496.60086943076203,-0.2737006887559401,0.6433738232601823,0.9049888650005437,1.4809147963299112,4.2049888650005505,1.4809147963299112,0.9049888650005437,1.4089908001185198,0.9049888650005437,1.4089908001185198,-0.33076865167046693,0.04515987133312988,0.0036631580821370026,0.0067333742401837855
BTC,buyside,1774920900,2026-03-31,1,525.5144401840904,-0.7707685441680675,0.4542596392144359,1.3448417157096746,1.5917553247238074,1.594841715709684,1.5917553247238074,1.044841715709669,1.5778637601874397,0.9448417157096765,1.5778637601874397,1.0561270206115971,0.11512604519082538,0.003904531986727015,0.008124481263343374
BTC,sellside,1774951200,2026-03-31,10,536.4542314718655,-0.44438087354802025,0.4382107292825606,2.1103573253087013,2.0660110762584316,2.7103573253087077,2.0660110762584316,2.160357325308702,2.0265282212895293,2.7103573253087077,2.0265282212895293,-1.3367962408133505,0.1381745384901453,0.00441108273217168,0.004279077472902984
BTC,buyside,1774977300,2026-03-31,17,694.9995923770266,-0.9763171193802601,0.1206043872821956,2.3043670821169493,1.8555409453705243,2.604367082116954,1.8555409453705243,2.3543670821169465,1.834030285890335,2.3543670821169465,1.834030285890335,1.2054827214135957,0.1223232079893123,0.006085941907699537,0.00919857931388847
BTC,buyside,1775021400,2026-04-01,5,561.782312065503,0.48737739533543417,0.2955237223286443,0.6676478582376157,1.9738266741487163,1.467647858237608,1.9738266741487163,0.9176478582376053,1.9636090301966784,2.2676478582376003,1.9636090301966784,1.1074574379398883,0.08796511652567937,0.0061110822632200286,0.0037486983970333914
BTC,sellside,1775132700,2026-04-02,12,465.4031356601045,0.21695169684834711,0.0781902767981691,0.9166516174914145,3.2335498172648185,1.016651617491427,3.2335498172648185,1.016651617491427,3.172491215887133,0.9666516174914208,3.172491215887133,-4.6697579656773875,0.3308700616579138,0.005645310343914974,0.0022595015195898873
BTC,buyside,1775315700,2026-04-04,15,197.1460611469076,-0.1637871931711918,0.669249992784131,2.910694792564837,2.397332327818963,2.910694792564837,2.397332327818963,2.910694792564837,2.3376728831274862,2.910694792564837,2.3376728831274862,1.9685404706656426,0.2431961598957158,0.0012886051519956708,0.0025222089643445736
BTC,buyside,1775315700,2026-04-04,15,197.1460611469076,-0.1637871931711918,0.9764841299900068,2.6034606553589614,2.0900981906130873,2.6034606553589614,2.0900981906130873,2.6034606553589614,2.0304387459216104,2.6034606553589614,2.0304387459216104,1.9685404706656426,0.2431961598957158,0.0012886051519956708,0.0025222089643445736
BTC,buyside,1775403300,2026-04-05,15,246.89228190100908,-0.46335996864364176,1.1876839475993843,3.078471383480489,1.9760956616829284,0.2784713834804992,1.9760956616829284,3.078471383480489,1.838675366908046,0.6784713834805146,1.838675366908046,-1.8859641800657745,0.2812743516790239,0.0013444763532193841,0.007701105520054871
BTC,buyside,1775433900,2026-04-06,0,363.0231746253172,-1.1748836708296047,0.7657913307791682,6.89945013059044,5.075721208023035,5.0494501305904675,5.075721208023035,6.89945013059044,4.754259945459358,4.94945013059044,4.754259945459358,4.983648776327518,0.4695144421664508,0.003738039436630997,0.0063098370230439595
BTC,buyside,1775592300,2026-04-07,20,484.29180386363424,0.043548124977012784,0.42668490020158306,1.2129660311134507,1.348199557071654,1.262966031113447,1.348199557071654,1.2129660311134507,1.3239327705176154,0.9629660311134393,1.3239327705176154,-1.682291530643802,0.13335515762595376,0.005100866640844343,0.007207416177341155
BTC,buyside,1775599800,2026-04-07,22,591.9044635354803,2.0870259916969838,0.4093903914030328,2.8311065746768898,2.763037311876577,2.8811065746768882,2.763037311876577,2.8811065746768882,2.7062643559031123,2.8311065746768898,2.7062643559031123,1.8865206613416001,0.18577413097222611,0.004966006762036177,0.009023722167210873
BTC,buyside,1775604300,2026-04-07,23,661.4898589972321,-0.1595035790268265,0.23834076646164154,5.109647315963419,4.447584180148613,4.959647315963419,4.447584180148613,5.109647315963419,4.315551933558262,4.9096473159634195,4.315551933558262,4.02187571557484,0.35216353631529607,0.006756379264406985,0.00929771246111142
BTC,buyside,1775654100,2026-04-08,13,541.4773872555741,-2.0656079576451085,0.041589917751033934,1.899955838473916,4.0330794075869365,2.2999558384739216,4.0330794075869365,1.899955838473916,3.9879564989073697,2.2999558384739216,3.9879564989073697,7.091635016306884,0.530422242604397,0.006015540028244533,0.007005600504067262
BTC,buyside,1775773200,2026-04-09,22,581.1818043948883,-1.658689230650798,0.49554201081683596,3.235084312785491,2.326125813168473,3.1350843127854935,2.326125813168473,3.235084312785491,2.245539215715586,3.1350843127854935,2.245539215715586,2.0649476479215045,0.22109168753028108,0.004431039705589856,0.005061559136160737
BTC,buyside,1775832000,2026-04-10,14,479.6688270954225,-0.7087806853297187,0.022056884672009388,2.6156265911021186,2.1951387274791205,2.665626591102136,2.1951387274791205,2.6156265911021186,2.1541485409223724,2.515626591102144,2.1541485409223724,2.4969102271091015,0.22344837622177324,0.0042826425177856925,0.006698885924781449
BTC,buyside,1775932800,2026-04-11,18,317.4216697651212,0.24358765441949998,0.9203215401650703,1.770264027935185,1.6034475255417502,1.82026402793517,1.6034475255417502,1.870264027935155,1.519453198167122,1.82026402793517,1.519453198167122,-0.03496925716577371,0.004264801936452874,0.0019359347067410039,0.0021488890750863917
BTC,sellside,1775958600,2026-04-12,1,439.813561286277,-0.942649423513688,0.1731188092002454,2.9240276627501807,3.4270409601500598,1.874027662750184,3.4270409601500598,3.2240276627501845,3.345954088427363,1.874027662750184,3.345954088427363,0.285507340048282,0.04100044079473894,0.0025251418204714706,0.009410671438374946
BTC,sellside,1775958000,2026-04-12,1,439.813561286277,0.9061794248326613,1.1892766527486294,0.4526623032529838,1.2027758143212726,2.4526623032529757,1.2027758143212726,0.7526623032529876,1.112401211744403,0.7526623032529876,1.112401211744403,0.285507340048282,0.04100044079473894,0.0025251418204714706,0.005719085763695167
BTC,sellside,1775998500,2026-04-12,12,343.372231806988,0.6949600983871645,0.6485381733639369,0.9994997863314101,2.971602070260303,1.2494997863314026,2.971602070260303,0.9994997863314101,2.9256317889491945,0.9994997863314101,2.9256317889491945,-4.28671821321705,0.31785182146019225,0.004849172519373859,0.0026633631257204395
BTC,sellside,1776033300,2026-04-12,22,351.67400805629626,0.47885256272063353,0.04802743339876188,3.2405038915737303,3.0528547416823355,3.2405038915737303,3.0528547416823355,3.1905038915737314,3.0118416476797023,3.2405038915737303,3.0118416476797023,-5.721179142923493,0.4809242779526623,0.004608140376285832,0.010069321344880637
BTC,buyside,1776118500,2026-04-13,22,564.7545173282048,1.5937189918517218,0.19477489178908852,4.833538773789468,3.5025700895027114,2.633538773789474,3.5025700895027114,4.8835387737894855,3.492476598284047,4.733538773789484,3.492476598284047,4.014098038073,0.4109036334569498,0.0045707482273338994,0.0026513552442428757
BTC,buyside,1776122100,2026-04-13,23,559.7263375190473,-0.563328860667169,0.010826719405161904,6.879566588670466,4.824002173929971,1.2795665886704732,4.824002173929971,6.879566588670466,4.788317635225236,0.8295665886704731,4.788317635225236,6.942785678488385,0.5720986243934596,0.005886247543232873,0.009002762507283851
BTC,buyside,1776177300,2026-04-14,14,498.08843659090587,-1.1031976645772184,0.07629167274005695,3.3083454801139087,4.231527772423991,3.4083454801139106,4.231527772423991,3.208345480113907,4.123463044991392,3.1583454801139057,4.123463044991392,6.275572308793243,0.4496278022713056,0.006215973728445362,0.006385217741220339
BTC,sellside,1776237600,2026-04-15,7,470.21068481346214,-0.4794233888781656,0.43195530548306577,1.183713076085263,1.9901451601909288,3.4337130760852625,1.9901451601909288,1.633713076085269,1.993916264289141,1.583713076085265,1.993916264289141,-1.3916740328000088,0.10811837870346526,0.00497613445649927,0.002223495623238101
BTC,sellside,1776347700,2026-04-16,13,500.3387325107271,-1.1489616186923333,0.22684631955325704,2.246538893056022,2.2186195516503093,1.8465388930560298,2.2186195516503093,3.0465388930560366,2.183086699141936,1.8465388930560298,2.183086699141936,1.1194016445408688,0.14811210484839324,0.0029275090273499513,0.004607051303655891
BTC,buyside,1776369900,2026-04-16,20,592.2804771190212,-0.25258303418623157,0.18531760583075582,1.321760384342438,1.42452643655161,1.1217603843424504,1.42452643655161,1.321760384342438,1.4057284566576276,1.6717603843424467,1.4057284566576276,0.8464064229138384,0.09113782753424018,0.004578969892807578,0.0035122678511968356
BTC,buyside,1776415800,2026-04-17,8,459.8077294055741,0.44770887228479245,0.34727558887806687,1.2496634504146158,2.0374078409030925,1.8996634504146295,2.0374078409030925,1.2496634504146158,1.981915012061329,2.399663450414608,1.981915012061329,0.8630998885404765,0.06425654692706527,0.004714266103739127,0.0038030439451708716
BTC,buyside,1776418200,2026-04-17,9,487.7836058766046,-2.1735867856703157,0.6811422032171573,2.2096978125695026,2.7773806120751834,3.2596978125694878,2.7773806120751834,2.2096978125695026,2.676281629989398,3.2596978125694878,2.676281629989398,2.432144060823799,0.17451860133276514,0.005072752678860448,0.005801505833969909
BTC,buyside,1776432600,2026-04-17,13,575.7329968617694,1.5080949063763218,0.044447686930371544,3.5180841545642436,3.2947328836346985,2.118084154564241,3.2947328836346985,3.5180841545642436,3.2442311716389907,3.5180841545642436,3.2442311716389907,4.246794978449083,0.35820270151484274,0.0048197728938031,0.00853871818554195
BTC,buyside,1776708300,2026-04-20,18,542.2935205368085,0.6354492298910215,0.02843478562077271,2.7642881119628395,2.5868652484276295,4.3642881119628285,2.5868652484276295,3.214288111962847,2.545421183477016,2.0642881119628376,2.545421183477016,2.080109677289484,0.18434423081636978,0.004290076526353636,0.004424399519579038
BTC,buyside,1776761400,2026-04-21,8,457.9385063482581,-0.7916565105889961,0.8056758601545259,0.7060056125261819,1.683396536275937,0.6560056125261783,1.683396536275937,0.7060056125261819,1.6417134012353065,0.7060056125261819,1.6417134012353065,2.9598515547613737,0.27420702435116373,0.0037240064067488744,0.0030050878194631753
BTC,buyside,1776824400,2026-04-22,2,595.8019268152306,0.6877453421312434,0.4022645601049297,1.9410141277231743,1.6453587517722377,1.8410141277231822,1.6453587517722377,1.9410141277231743,1.607977458043582,1.9410141277231743,1.607977458043582,1.202849416467653,0.13356916275585032,0.0041140247436190535,0.006218612144086232
BTC,buyside,1776835500,2026-04-22,5,591.5322460688993,-0.46366026843456004,0.19779141505393488,4.348888165981868,3.517909311881691,1.248888165981873,3.517909311881691,3.6988881659818826,3.46521152762144,3.748888165981876,3.46521152762144,2.9093933786993325,0.26425535573899317,0.005408250373524111,0.005767913532024779
BTC,buyside,1776873300,2026-04-22,15,492.3846127372634,-1.4096703715848606,0.08123730710761266,2.7998173015035133,3.8895464327949534,3.5498173015035115,3.8895464327949534,2.749817301503517,3.8596647326123117,2.749817301503517,3.8596647326123117,6.521527921331388,0.5613104644170673,0.0050953783554229205,0.003104815811843601
BTC,sellside,1777135200,2026-04-25,16,246.71352932173383,-0.2618421461425504,0.5019992229064004,1.4017410692278207,1.2354883612647731,1.7017410692278558,1.2354883612647731,1.4017410692278207,1.2138889956535244,1.3517410692278247,1.2138889956535244,-1.8118990118983498,0.2041429576114073,0.0015449445598335369,0.0032536327447793088
BTC,buyside,1777180500,2026-04-26,5,232.7797395394517,-0.5310599635714608,1.136911659595448,1.5131826059863063,1.5658725726275362,2.3631826059863394,1.5658725726275362,1.613182605986347,1.4837430340900348,2.4631826059863178,1.4837430340900348,1.1341622794248816,0.11370380419568202,0.001770913335832643,0.003190005853063695
BTC,buyside,1777231200,2026-04-26,19,236.3558967546734,-0.912099096997626,0.08728362728947546,1.9639762962333966,2.5629349616921604,1.81397629623342,2.5629349616921604,1.9639762962333966,2.548196304514699,1.863976296233392,2.548196304514699,4.036074466930555,0.36678957709329496,0.0018163504789255453,0.0024607222246193676
BTC,buyside,1777240800,2026-04-26,22,298.1741660792854,-0.3484205267212008,1.001092763752806,2.188934769531358,2.386432196319915,1.7389347695313455,2.386432196319915,2.1389347695313132,2.260730614247402,2.0889347695313174,2.260730614247402,2.2415758172097324,0.2679178424833265,0.0018166728590382423,0.0082031188935597
BTC,buyside,1777240800,2026-04-26,22,298.1741660792854,-0.3484205267212008,1.2713039663510324,1.9187235669331317,2.1162209937216887,1.4687235669331191,2.1162209937216887,1.8687235669330868,1.9905194116491756,1.818723566933091,1.9905194116491756,2.2415758172097324,0.2679178424833265,0.0018166728590382423,0.0082031188935597
BTC,buyside,1777251900,2026-04-27,1,445.731546162809,-0.36771011926566144,0.028806576762476974,3.272499210369034,2.790712575478894,2.972499210369032,2.790712575478894,3.2224992103690284,2.7356803195602195,3.2224992103690284,2.7356803195602195,4.144736929445872,0.5198374734093442,0.0025718138655917515,0.006143308673073579
BTC,sellside,1777303200,2026-04-27,15,456.3009763527249,0.3324121749911785,0.13149215782878237,1.8143922249484812,2.808133436082178,1.7143922249484658,2.808133436082178,1.864392224948473,2.7503618010249635,1.864392224948473,2.7503618010249635,-0.512271531541298,0.05458961454477501,0.003985696478431274,0.007871849031790834
BTC,sellside,1777303200,2026-04-27,15,456.3009763527249,0.3324121749911785,0.5264726845867976,1.4194116981904659,2.413152909324163,1.3194116981904505,2.413152909324163,1.4694116981904577,2.355381274266948,1.4694116981904577,2.355381274266948,-0.512271531541298,0.05458961454477501,0.003985696478431274,0.007871849031790834
BTC,sellside,1777360800,2026-04-28,7,384.32415665745054,-1.0186192910817298,0.09039244449827577,0.7792957669227702,1.9358929900341795,1.379295766922744,1.9358929900341795,0.7792957669227702,1.9177398596687736,1.4792957669227649,1.9177398596687736,-2.306906772946452,0.23428375128821938,0.0034006807898302317,0.0035809125161224043
BTC,sellside,1777486200,2026-04-29,18,503.1921316415548,-0.7507271601557739,1.324742495128786,2.7518219593295314,2.257857196669431,3.2518219593295306,2.257857196669431,2.7518219593295314,2.2307285734051505,2.7518219593295314,2.2307285734051505,-0.11560196660911864,0.012453409433933551,0.0036819946173701802,0.005759837885816834
BTC,buyside,1777600200,2026-05-01,1,339.38639742154635,-0.2897582246876693,0.20156965782878014,0.9801646809830674,1.4098529298219875,0.9301646809830777,1.4098529298219875,0.9801646809830674,1.415978275754599,0.9301646809830777,1.415978275754599,0.6636977843287591,0.06114261361939779,0.0028058319541365813,0.0018969167889642236
BTC,buyside,1777638900,2026-05-01,12,370.59769723546225,1.3177901634119047,0.6154112713093867,4.239285143014446,2.924017367194572,2.389285143014443,2.924017367194572,4.239285143014446,2.8402469807490847,2.389285143014443,2.8402469807490847,3.1179362651728613,0.35237467903560704,0.0022818525400663883,0.0024574134577860962
BTC,buyside,1777758000,2026-05-02,21,249.4068777361552,-0.9461246704256137,1.1441544940147153,2.432152506365028,2.472551888892219,2.432152506365028,2.472551888892219,2.432152506365028,2.263298350678781,-0.767847493634974,2.263298350678781,1.0079513535546607,0.1563886106739171,0.0011401281491002218,0.0015227066217489405
BTC,buyside,1777840800,2026-05-03,20,236.0113655415887,-0.6757301693248039,0.2903250012674912,2.1498559746538,2.6312992482679483,1.2498559746538072,2.6312992482679483,2.1498559746538,2.4938033063549634,0.39985597465379347,2.4938033063549634,1.3090047561525697,0.1353658215978903,0.001636375658764819,0.002106888725601956
BTC,buyside,1777860000,2026-05-04,2,390.6132835203211,1.033938212137118,0.9297686876567758,2.014393099108162,2.0118270231777178,2.014393099108162,2.0118270231777178,2.014393099108162,1.837917337045528,2.014393099108162,1.837917337045528,0.784177120755962,0.1213382823053105,0.002205925412950115,0.006481814660732329
BTC,buyside,1777917300,2026-05-04,17,643.4712093147011,-0.6172614939882025,0.21986997701216054,2.5883144618499108,1.7711070520808208,1.438314461849922,1.7711070520808208,2.638314461849925,1.7476311381110095,1.2883144618499243,1.7476311381110095,2.0191579377478766,0.1967032185101813,0.006151545888395364,0.004501755353954013
BTC,buyside,1778056500,2026-05-06,8,428.88937940161753,0.49819373074266526,0.21669923403016264,1.230305209736624,1.1941324856366795,1.0803052097366255,1.1941324856366795,0.4803052097366308,1.181721040539515,0.7803052097366281,1.181721040539515,1.2697446618048567,0.14033830866284644,0.0024750962756744798,0.002823006413934731
BTC,sellside,1778127000,2026-05-07,4,401.76014307615475,-0.6603442491051547,0.01505873617447442,1.6813738307480974,2.375143536300326,2.3313738307480976,2.375143536300326,2.031373830748103,2.364213825851785,1.5313738307481002,2.364213825851785,-1.235040380563455,0.1121016661959911,0.003050290696961832,0.002316679585178435
BTC,buyside,1778297100,2026-05-09,3,306.78694858183223,0.11607403823602354,0.16516347984889115,0.9720816624471126,1.701673136171089,0.7720816624471377,1.701673136171089,0.9720816624471126,1.699985805779167,0.9720816624471126,1.699985805779167,2.734862105048741,0.2602435498979481,0.0024442064213845856,0.0010286050975296052
BTC,buyside,1778343900,2026-05-09,16,244.54296663652445,0.1811951519581329,0.4512090513893207,1.942021364382965,1.6682101699764453,1.7420213643829776,1.6682101699764453,1.992021364382932,1.647826415040067,1.992021364382932,1.647826415040067,2.9670859480430893,0.4031985596479122,0.0012547685865188457,0.0017601061697549384
BTC,buyside,1778425500,2026-05-10,15,206.20911484033854,1.8166995202421203,0.14548338478261783,1.468094605821803,1.5325175908940316,1.6180946058217838,1.5325175908940316,1.468094605821803,1.5143685113916134,1.468094605821803,1.5143685113916134,2.2413655204226157,0.35863433559651814,0.0009063912504549748,0.002410863382921555
BTC,buyside,1778452200,2026-05-10,22,392.2933412896886,1.8551933550729591,0.024675412455815376,2.3587290364880005,1.946902556491131,2.458729036487984,1.946902556491131,2.3587290364880005,1.9064357956307623,2.308729036488009,1.9064357956307623,-0.15781557697734694,0.02610110753690252,0.002363303363850316,0.004751423987038964
BTC,sellside,1778594400,2026-05-12,14,353.48578183487723,-0.20676927830194547,0.1864289976754365,2.247824778603339,2.2527720810090512,1.1478247786033176,2.2527720810090512,1.1978247786033411,2.232239558351552,0.6478247786033303,2.232239558351552,-0.5395973750624715,0.05794539025190712,0.002347865921191781,0.0024050945122522046
BTC,sellside,1778599500,2026-05-12,15,372.1663629086438,-0.1636902366024744,0.13679366292568584,2.615634509313785,2.536146253207672,1.0156345093138104,2.536146253207672,2.615634509313785,2.524081189580711,1.4656345093138095,2.524081189580711,-2.434126482898635,0.2859514775790574,0.0021745529727168564,0.005604602459040056
BTC,sellside,1778679900,2026-05-13,13,377.51376891350367,0.37879413090430697,0.16844418730212277,3.2265155081831245,2.117484562347815,1.3765155081831133,2.117484562347815,2.176515508183115,2.075552186771751,1.02651550818311,2.075552186771751,-0.6996565999703243,0.060982395382396457,0.002914455334711212,0.0048535472209792945
BTC,sellside,1778687400,2026-05-13,15,428.0489129917457,-0.05747006768001218,0.13194753750276447,4.392682333124176,2.962988435204929,2.7426823331241583,2.962988435204929,4.342682333124187,2.9208709151677206,2.5926823331241566,2.9208709151677206,-1.3549853355454835,0.12337957940326823,0.003204496479916982,0.0030804541462556186
BTC,buyside,1778774400,2026-05-14,16,463.30331595995534,1.2673554878047735,0.01638235630640842,3.7071777300405278,3.3500020457713053,5.207177730040537,3.3500020457713053,3.6571777300405306,3.2700804187199073,3.757177730040525,3.2700804187199073,4.613910426198551,0.3906962802666956,0.004397127238706277,0.004391226673300677
BTC,sellside,1778853300,2026-05-15,13,503.70430933056167,-0.2253306114272577,0.11109692524640973,5.37404460581781,4.348531118513552,5.37404460581781,4.348531118513552,5.37404460581781,4.260528303975988,5.324044605817816,4.260528303975988,1.3567086628824705,0.10736595359593863,0.0047369673680383055,0.0063158414380594784
BTC,sellside,1778853300,2026-05-15,13,503.70430933056167,-0.2253306114272577,0.4433354963684616,5.0418060346957585,4.0162925473915,5.0418060346957585,4.0162925473915,5.0418060346957585,3.9282897328539366,4.991806034695765,3.9282897328539366,1.3567086628824705,0.10736595359593863,0.0047369673680383055,0.0063158414380594784
BTC,sellside,1778914200,2026-05-16,6,323.41470183713216,0.5541182852295146,0.18242831777546004,1.4109483406794643,2.6979599408148554,1.4109483406794643,2.6979599408148554,1.4109483406794643,2.666009139521962,1.4109483406794643,2.666009139521962,-4.800740322503616,0.3636263568977839,0.004655749365602662,0.0017602875033262645
BTC,sellside,1778916000,2026-05-16,7,342.14436599162303,-0.32804865769075175,0.05284319076130692,3.005313337347823,3.994144769494317,3.005313337347823,3.994144769494317,3.005313337347823,3.916427390269747,3.005313337347823,3.916427390269747,-6.333233030799221,0.49087292777629415,0.004651227483605099,0.003723514361961408
BTC,sellside,1778915700,2026-05-16,7,342.14436599162303,-0.46959709400543526,0.23381942814735315,2.6606635002586296,3.7396447609211445,2.6606635002586296,3.7396447609211445,2.6606635002586296,3.643794403616264,2.6606635002586296,3.643794403616264,-6.333233030799221,0.49087292777629415,0.004651227483605099,0.0031765906030634073
BTC,sellside,1779061500,2026-05-17,23,331.7400219900543,0.6938565887202296,2.7275575451282874,1.3863105037785255,1.5049966127453274,1.236310503778519,1.5049966127453274,1.5863105037785197,1.0364456186212776,-1.163689496221455,1.0364456186212776,-0.45460297221695795,0.05134883910969438,0.002027048981443792,0.0036469670802310363
BTC,sellside,1779060000,2026-05-17,23,331.7400219900543,2.17082640701579,0.12331945887804273,1.1415706634874543,1.2923103269958094,0.9915706634874477,1.2923103269958094,1.3415706634874485,1.270981283497741,1.3415706634874485,1.270981283497741,-0.45460297221695795,0.05134883910969438,0.002027048981443792,0.0033834047634840126
BTC,buyside,1779260100,2026-05-20,6,336.5148449839186,-0.2747575668003899,0.02193068184066986,1.8231573218545383,1.7425475338708976,1.773157321854519,1.7425475338708976,1.773157321854519,1.7384569279742679,1.773157321854519,1.7384569279742679,0.4980166625576945,0.04294679763317528,0.002856615190851398,0.0015269872078514342
BTC,buyside,1779290400,2026-05-20,15,378.3183000008733,-0.6851637893260993,0.14019940351780805,2.6219380408518806,1.9209265630524768,0.9219380408518513,1.9209265630524768,2.571938040851867,1.8669160918441994,1.421938040851869,1.8669160918441994,2.4446345841527384,0.26901988161205986,0.002526875601005838,0.005732572004189284
BTC,sellside,1779462300,2026-05-22,15,313.0088844251819,-0.09025302924509339,0.13887784712510848,2.4218293954667356,2.3114676397616294,3.1218293954667207,2.3114676397616294,2.37182939546673,2.2820860051090377,2.4218293954667356,2.2820860051090377,-1.5502115886937207,0.12802463240047535,0.0031501876549565088,0.0026888801000393976
BTC,sellside,1779475800,2026-05-22,18,345.1010091407162,1.758296799858349,0.1266585690631333,3.830296034640907,3.326792564171077,1.9802960346409408,3.326792564171077,3.830296034640907,3.1798907893858397,3.8802960346409163,3.1798907893858397,-1.847980687126778,0.21453657355078914,0.002297705805082507,0.003128259659091629
BTC,sellside,1779478500,2026-05-22,19,386.30236563066495,-0.2219246052506975,0.8957491094704566,3.6558975396991054,2.993056091289991,3.7058975396991087,2.993056091289991,3.6558975396991054,2.761771449156432,-0.8441024603008904,2.761771449156432,-2.9849415965069186,0.4000520408694355,0.0021509965796414838,0.005684427020598194
BTC,sellside,1779522900,2026-05-23,7,349.7249627512926,-0.4486382635247397,1.5211096051450934,1.8809640599362376,4.162331151345376,2.9809640599362166,4.162331151345376,1.8809640599362376,3.7708174016988187,-1.419035940063782,3.7708174016988187,-5.74660151276996,0.5418683217890021,0.0027278050352160864,0.003604478426710088
BTC,sellside,1779522900,2026-05-23,7,349.7249627512926,-0.4486382635247397,1.8526558553407224,1.5494178097406086,3.8307849011497472,2.6494178097405876,3.8307849011497472,1.5494178097406086,3.4392711515031897,-1.750582190259411,3.4392711515031897,-5.74660151276996,0.5418683217890021,0.0027278050352160864,0.003604478426710088
BTC,buyside,1779618600,2026-05-24,10,339.50762968459446,0.1369041398073329,0.40932806172605163,1.7145154989864515,4.054718843214338,1.6645154989864621,4.054718843214338,1.7145154989864515,3.8903078953761963,0.41451549898642953,3.8903078953761963,6.820259097420421,0.49955233959194695,0.004323245170408913,0.0014893358380528015
BTC,buyside,1779689400,2026-05-25,6,357.1869310098159,-0.46617047138108597,0.2991430837010928,2.3690291146011178,1.856648068307296,0.8690291146011351,1.856648068307296,2.4190291146011336,1.8476615851350076,0.7690291146011036,1.8476615851350076,1.1742310918662142,0.0917599390921581,0.003368369598971136,0.0012929382556038861
BTC,buyside,1779805800,2026-05-26,14,439.6113565048232,-2.9899136602163123,0.39689602513278477,2.789530169093249,1.8109894796657933,2.839530169093258,1.8109894796657933,2.839530169093258,1.760939947979083,2.839530169093258,1.760939947979083,-1.0974238787543906,0.13591850073813877,0.0030394182045373887,0.0074885207469337755
BTC,sellside,1779809700,2026-05-26,15,461.0226881830498,-0.36837666421431287,0.25692878688210313,0.8925131718566571,1.328779737513861,0.3925131718566457,1.328779737513861,0.8925131718566571,1.308594958927839,0.8425131718566308,1.308594958927839,-1.563502227712085,0.19029528624418057,0.0031444261187555727,0.009958718399789408
BTC,sellside,1779816600,2026-05-26,17,487.8426750149764,-0.06340158740529103,0.10433691558130208,1.1656881913035786,1.6250474399728163,0.5156881913036022,1.6250474399728163,1.6156881913035828,1.6054599660362987,1.5656881913035823,1.6054599660362987,-2.0621607159913,0.25539017696891164,0.0032553850264261963,0.0035471427723319975
BTC,sellside,1779920400,2026-05-27,22,435.81918842266094,-0.018493908056615944,0.06583005237524911,1.615318614990932,2.50961905477881,1.615318614990932,2.50961905477881,3.715318614990957,2.4855508537851856,1.615318614990932,2.4855508537851856,-2.9278426326711537,0.30075778110379386,0.0035177241433931796,0.005586799322917375
BTC,sellside,1779940500,2026-05-28,3,469.5971659074621,0.19748841503499587,0.25947771589408897,3.5627929377318557,3.5139426821213333,3.612792937731872,3.5139426821213333,3.5627929377318557,3.4366930937631155,3.612792937731872,3.4366930937631155,-2.971866317172391,0.3495784258224827,0.003430695927666928,0.007635776937905886
BTC,sellside,1779938400,2026-05-28,3,469.5971659074621,1.5667471045704495,0.4776647226278187,2.680206691285759,2.9386976383201064,2.730206691285775,2.9386976383201064,2.680206691285759,2.8469687903928658,2.730206691285775,2.8469687903928658,-2.971866317172391,0.3495784258224827,0.003430695927666928,0.002412576423617507
BTC,sellside,1780065000,2026-05-29,14,382.4119596772634,-2.4773283785358733,0.18391161212467508,2.772306430331611,2.255096525018437,2.6723064303316106,2.255096525018437,2.82230643033163,2.234816357800122,2.6723064303316106,2.234816357800122,0.26840164749717155,0.024437513392538017,0.002929171032633033,0.006723049677758066
BTC,buyside,1780068900,2026-05-29,15,440.1696768431734,0.05247976227184782,0.33800601864950175,0.7266227613678146,1.1249103030929546,0.626622761367805,1.1249103030929546,0.626622761367805,1.1104455816111876,0.626622761367805,1.1104455816111876,0.3819436204823096,0.04066153600572955,0.0029143100236481757,0.00656820527425065
BTC,sellside,1780315200,2026-06-01,12,356.165387915154,0.725112570628374,0.62468169998879,3.2828137281717105,2.295325511953003,0.9828137281717036,2.295325511953003,3.1328137281716932,2.213931983750466,0.9828137281717036,2.213931983750466,-3.338084048423066,0.29658465276512896,0.00305705584287722,0.0019887799674238186
BTC,sellside,1780366200,2026-06-02,2,475.7261499374749,-1.5867532194713545,0.7462276354719158,2.351967433340773,3.0952769855601625,5.051967433340776,3.0952769855601625,2.301967433340766,3.013813988562102,5.051967433340776,3.013813988562102,-6.595243924287885,0.5948386509662364,0.003543299019064885,0.005139932622603337
BTC,sellside,1780366200,2026-06-02,2,475.7261499374749,-1.5867532194713545,0.8300573766060665,2.2681376922066225,3.011447244426012,4.968137692206626,3.011447244426012,2.218137692206615,2.929984247427951,4.968137692206626,2.929984247427951,-6.595243924287885,0.5948386509662364,0.003543299019064885,0.005139932622603337
BTC,sellside,1780410600,2026-06-02,14,511.64836320358876,0.8487860633049569,0.22312198808806472,7.445000627171116,5.163309604134802,0.5450006271711252,5.163309604134802,6.69500062717112,5.039380449072102,7.445000627171116,5.039380449072102,-5.386511905840627,0.47494476785264766,0.004038634299205114,0.006688646512568409
BTC,sellside,1780428900,2026-06-02,19,599.9017305641815,-0.9934960504939498,0.29948238327474247,4.8373806596546585,4.381451353544744,2.337380659654672,4.381451353544744,4.787380659654673,4.268546071029417,2.337380659654672,4.268546071029417,-7.089911202623141,0.6594012250839887,0.004439661322441482,0.005536853065157153
BTC,sellside,1780441200,2026-06-02,23,656.5954344203736,-0.572087438182694,0.0578438380911432,1.5269937767887005,3.7750824605730875,2.6269937767886975,3.7750824605730875,1.5269937767887005,3.7543970487558216,1.5269937767887005,3.7543970487558216,-5.851380924376393,0.6574033356205041,0.00434871016115491,0.007934684795794343
BTC,sellside,1780458600,2026-06-03,3,665.9970107549005,-1.127347402278822,0.08420458214434876,2.407710299230934,3.5538888859409488,3.457710299230917,3.5538888859409488,2.3577102992309307,3.5246212412034303,1.3077102992309257,3.5246212412034303,-6.507056233011958,0.6338328511713746,0.005433525055046155,0.006162556611849832
BTC,sellside,1780516500,2026-06-03,19,599.8836486824173,0.5229680800419463,0.1117550047367353,2.709950229594984,2.1720857426150006,2.659950229594982,2.1720857426150006,3.0099502295949976,2.142307928764115,3.0099502295949976,2.142307928764115,-2.131363311549231,0.18100032418306422,0.006659204409756101,0.004014817989884096
BTC,sellside,1780520400,2026-06-03,21,617.6591023479593,-1.2330588136802905,0.3788497556507727,3.338956763674241,2.6253804472407802,3.338956763674241,2.6253804472407802,3.5889567636742457,2.5343833110199157,3.5889567636742457,2.5343833110199157,-3.4416557481613017,0.28859805725069043,0.006765927203297576,0.007212003513821657
BTC,sellside,1780534500,2026-06-04,0,736.96843794669,1.2629170424084422,0.040707306385582426,5.648949283891311,4.086407294383156,5.548949283891319,4.086407294383156,5.698949283891308,4.06090813216447,5.698949283891308,4.06090813216447,-3.7929168415787644,0.3306849451196843,0.007148559749424975,0.018798386132507706
BTC,sellside,1780537800,2026-06-04,1,784.3271209504976,-1.311429851811685,0.013106776146591587,5.975754200306046,4.085398134797193,5.875754200306049,4.085398134797193,6.025754200306054,4.05769462925228,6.025754200306054,4.05769462925228,-4.558085401493639,0.38721350502723306,0.007470931611742836,0.009660935237356774
BTC,sellside,1780640700,2026-06-05,6,860.091752492864,-0.43595348858214994,0.2994447967365348,2.806381684468273,2.1746269487632115,1.206381684468267,2.1746269487632115,2.506381684468267,2.1123893061411114,2.506381684468267,2.1123893061411114,-1.9749520851429077,0.18580129158718198,0.008609525874826714,0.010787955980126012
BTC,sellside,1780676100,2026-06-05,16,991.3501357704821,-0.16485598186051764,0.21586722216331586,1.951479767294617,2.1334595729247687,0.35147976729461894,2.1334595729247687,1.951479767294617,2.038846000780659,1.951479767294617,2.038846000780659,-3.1527710414553445,0.30290607634144107,0.009338030526759104,0.011257593129513287
BTC,buyside,1780870500,2026-06-07,22,662.4706961066632,-0.8668458897501806,1.1743764736647841,1.7631660200452313,1.5332244066101486,1.8131660200452384,1.5332244066101486,1.7131660200452352,1.5316270368575726,1.1131660200452382,1.5316270368575726,1.8640522626244267,0.19228002429036348,0.005687552422697174,0.005199920442777397
BTC,sellside,1781009400,2026-06-09,12,446.4172308631672,0.2485791146220674,0.0040993041340795944,2.093771085958619,2.020004075722112,3.243771085958616,2.020004075722112,2.0437710859586047,2.0037644841386655,3.393771085958611,2.0037644841386655,-2.600437258560529,0.2889515029022591,0.0034068692170445836,0.003451289792779764
BTC,sellside,1781016600,2026-06-09,14,513.6513878360985,-0.2302729103843888,0.06995016630124483,4.3091921799240644,3.655650934707569,3.009192179924063,3.655650934707569,4.20919217992407,3.6083585177178823,3.059192179924067,3.6083585177178823,-3.2910842646051894,0.4088208193973879,0.0034480606076753165,0.0038263583323740846
BTC,sellside,1781083500,2026-06-10,9,463.29863729708944,-0.6305867889109736,0.05396087531327832,1.985319938357754,2.0434809089861456,1.3853199383577606,2.0434809089861456,2.0353199383577576,2.008494317808486,2.0353199383577576,2.008494317808486,-3.137975989918011,0.2722285055163989,0.004637658259776131,0.0029545296736303794
BTC,buyside,1781158800,2026-06-11,6,498.87368513625177,-0.1663547356227842,0.05035342762796133,2.3248109197367284,2.0333395738445503,2.3748109197367238,2.0333395738445503,2.3248109197367284,2.0324821648168134,2.074810919736723,2.0324821648168134,2.2793545418003647,0.1984502482569658,0.005079675019837731,0.003464985762570469
BTC,buyside,1781256900,2026-06-12,9,427.54368930827667,-0.38230011128090857,0.04869677771103207,1.0106418508650896,1.655945986741023,2.860641850865093,1.655945986741023,0.7106418508650937,1.6510167360459544,2.0606418508650926,1.6510167360459544,1.2707941049931941,0.11430374687059451,0.004788968652489408,0.00315495461665371
BTC,buyside,1781277300,2026-06-12,15,464.3244766060474,-1.0997912574685764,0.3129707937479578,1.665068715566387,1.732195354811307,1.315068715566391,1.732195354811307,1.765068715566388,1.703572621553292,1.665068715566387,1.703572621553292,2.6932674519784476,0.22043464695731102,0.005438166603773627,0.008699283252719651
BTC,buyside,1781277300,2026-06-12,15,464.3244766060474,-1.0997912574685764,0.38765994271010534,1.5903795666042393,1.6575062058491594,1.2403795666042434,1.6575062058491594,1.6903795666042405,1.6288834725911443,1.5903795666042393,1.6288834725911443,2.6932674519784476,0.22043464695731102,0.005438166603773627,0.008699283252719651
BTC,buyside,1781387100,2026-06-13,21,255.04352687682663,-0.17659730694418166,1.4441848593862945,3.3091182544472977,2.1227476091920083,3.3091182544472977,2.1227476091920083,3.259118254447296,2.034724726742902,3.1591182544473217,2.034724726742902,3.1614603588406514,0.3344061181915846,0.0019287201913031804,0.001446389511200877
BTC,buyside,1781472000,2026-06-14,21,330.09254611186697,1.3794313302842158,0.5641751145052838,0.9207964905156273,1.3598893271371626,0.9207964905156273,1.3598893271371626,0.9207964905156273,1.3171567696863133,0.9207964905156273,1.3171567696863133,-1.400819271584812,0.21434995039912463,0.0020286958371044266,0.0018788934249426696
BTC,sellside,1781619900,2026-06-16,14,438.34747546882056,-0.2463798836402378,0.30569355933140613,1.7079688797999106,1.8848059901529977,0.9079688797998826,1.8848059901529977,1.7079688797999106,1.854832058228906,0.9079688797998826,1.854832058228906,-1.2308728353526945,0.09809910818992551,0.004701873532489807,0.007095084184218293
BTC,sellside,1781682900,2026-06-17,7,343.7138707907903,1.1457204188296826,0.3198008848089337,1.464155313625704,1.8168459178797782,1.414155313625679,1.8168459178797782,1.414155313625679,1.7912608617900008,1.464155313625704,1.7912608617900008,-2.176228728503332,0.2057952832161311,0.003249434313490835,0.002877107004718931
BTC,sellside,1781794500,2026-06-18,14,450.88817596063825,2.386378834857559,0.2029993352675304,0.6952375110429793,2.2473388125578926,1.095237511042985,2.2473388125578926,0.5952375110429778,2.22372531557835,1.1452375110429778,2.22372531557835,-2.478330680593293,0.1747279672638167,0.005951635987985608,0.008077209431735394
BTC,sellside,1781798400,2026-06-18,16,528.1268776777353,-0.6031883879888121,0.10270259343455605,3.0700351132385446,3.9516473134573444,3.4700351132385427,3.9516473134573444,3.020035113238533,3.875800135571946,3.4700351132385427,3.875800135571946,-3.6646307578781867,0.32735474551817295,0.005480588000315791,0.007812707678906409
BTC,sellside,1781797500,2026-06-18,15,528.1268776777353,0.12879480835949822,0.24579320895538317,2.157735398218171,3.236979501293358,2.5577353982181688,3.236979501293358,2.1077353982181593,3.189098947546065,2.5577353982181688,3.189098947546065,-3.6646307578781867,0.32735474551817295,0.005480588000315791,0.009302722788303085
BTC,buyside,1782012300,2026-06-21,3,245.42139319933403,0.3275590564947439,0.34630232879074285,0.5819166511223272,2.163323644281715,1.7819166511223263,2.163323644281715,0.5819166511223272,2.147583366701851,0.6819166511223074,2.147583366701851,3.1148873781312783,0.2571393973642229,0.0028834751816131424,0.0010200878477428683
BTC,sellside,1782075000,2026-06-21,20,250.55568767188547,-0.6216981200761444,0.7989042350622283,1.3911965619383881,1.255293025723274,1.341196561938361,1.255293025723274,1.4411965619383864,1.230949524933296,1.4911965619383847,1.230949524933296,1.1220260159017332,0.14261364501058005,0.0018072201508922126,0.002217672708716877
BTC,buyside,1782091800,2026-06-22,1,367.99463254290816,-0.2989174033324358,0.6400093348441303,0.9384295130487967,1.4903722652559306,0.9384295130487967,1.4903722652559306,0.9884295130488061,1.435990716053146,0.9884295130488061,1.435990716053146,-0.9565085163543953,0.11623007604700811,0.0032203559684675074,0.006488562680927503
BTC,buyside,1782129900,2026-06-22,12,388.0467670805016,0.9248885197529464,0.22453479165806128,1.5257925828232524,1.8127322265233503,1.4757925828232494,1.8127322265233503,1.5257925828232524,1.7771903420395274,1.4757925828232494,1.7771903420395274,1.1782600417983882,0.1027502236045504,0.004538119039357835,0.005261920276336619
BTC,sellside,1782195000,2026-06-23,6,408.40148004561973,0.3446118755110391,0.17806007948815003,2.613978891697151,3.1627320561819783,2.5139788916971617,3.1627320561819783,2.0139788916971604,3.110608346605598,2.1639788916971625,3.110608346605598,-1.4445344319861373,0.1268226932973893,0.004236855180809323,0.0020384508931737774
BTC,sellside,1782195000,2026-06-23,6,408.40148004561973,0.3446118755110391,0.3881229812935447,2.4039159898917566,2.9526691543765837,2.3039159898917667,2.9526691543765837,1.8039159898917658,2.9005454448002035,1.953915989891768,2.9005454448002035,-1.4445344319861373,0.1268226932973893,0.004236855180809323,0.0020384508931737774
BTC,sellside,1782203100,2026-06-23,8,438.8671945291314,-0.584436483741262,0.22118308501994066,4.332257101290435,4.30644638592185,1.7322571012904318,4.30644638592185,1.5322571012904367,4.281881239216168,6.382257101290439,4.281881239216168,-2.916508720532852,0.26125364848039523,0.0043847100973480185,0.004701596726667547
BTC,sellside,1782203100,2026-06-23,8,438.8671945291314,-0.584436483741262,0.322284285002792,4.2311559013075835,4.205345185938999,1.6311559013075805,4.205345185938999,1.4311559013075854,4.180780039233317,6.281155901307588,4.180780039233317,-2.916508720532852,0.26125364848039523,0.0043847100973480185,0.004701596726667547
BTC,sellside,1782307500,2026-06-24,13,425.73436372749194,1.3717238958276898,0.5684295669280331,1.6899152215350455,1.5658992717947895,1.6899152215350455,1.5658992717947895,1.5899152215350356,1.5298495002300228,1.839915221535043,1.5298495002300228,0.33429295853387403,0.04246634202234298,0.0029771308913514646,0.006091018677510486
BTC,sellside,1782315300,2026-06-24,15,469.06860954054133,0.5518169298379049,0.15019124828882444,4.002369910746534,3.133941400394404,4.052369910746536,3.133941400394404,4.002369910746534,3.085293239800479,4.002369910746534,3.085293239800479,-2.9306800157583104,0.2844329404170001,0.005247204692075153,0.005864740821333806
BTC,sellside,1782323400,2026-06-24,17,542.676607205875,-0.12442032529768095,0.051983077260790024,6.513402586666985,4.202800547282185,1.4134025866669924,4.202800547282185,6.513402586666985,4.10582740111629,0.9634025866669921,4.10582740111629,-4.621573818914458,0.43048746996223713,0.005980881330985806,0.007579536903057559
BTC,sellside,1782395700,2026-06-25,13,652.0575693555392,-1.3937419680569234,0.35673230544643564,2.9750065481039534,2.534886067844859,0.8750065481039516,2.534886067844859,2.9750065481039534,2.4189878751347718,1.0750065481039486,2.4189878751347718,-0.14415905039321122,0.014669300898572702,0.006222915827041553,0.013056653776210705
BTC,sellside,1782395700,2026-06-25,13,652.0575693555392,-1.3937419680569234,0.5970485096657524,2.7346903438846364,2.2945698636255423,0.6346903438846349,2.2945698636255423,2.7346903438846364,2.178671670915455,0.8346903438846318,2.178671670915455,-0.14415905039321122,0.014669300898572702,0.006222915827041553,0.013056653776210705
BTC,buyside,1782573300,2026-06-27,15,358.39483277204954,-0.35589240786049153,0.41529616609922143,0.9086663479332873,1.5474637458108618,0.9086663479332873,1.5474637458108618,0.9086663479332873,1.511182962731628,0.9086663479332873,1.511182962731628,0.7901341596074621,0.11357547366563536,0.0025180491541888102,0.002748121339888913
BTC,sellside,1782664200,2026-06-28,16,293.71499871318923,0.5889382590533273,0.27986313385470696,1.3346572807339696,1.5362151373197375,1.284657280733958,1.5362151373197375,1.3846572807339566,1.513686090425998,1.3346572807339696,1.513686090425998,-3.125444747533677,0.31652972067154395,0.0025306352307915337,0.0036097303743592166
BTC,buyside,1782735000,2026-06-29,12,470.10816205402523,-0.823023361920569,0.42919909988035737,0.9645316164328217,1.6254709586720264,0.9645316164328217,1.6254709586720264,1.0645316164328207,1.5607068168417029,1.0645316164328207,1.5607068168417029,-0.7178348032196428,0.08016819499216017,0.003732027919750827,0.007644267218791672
BTC,sellside,1782822300,2026-06-30,12,378.7115653212898,1.070603691904743,0.12566291700024942,1.747639883520186,2.299076390776627,1.4976398835201912,2.299076390776627,1.6976398835201871,2.224767152693403,1.747639883520186,2.224767152693403,-1.996453420582922,0.19112621084349654,0.0036474247531640127,0.003431546847650332
BTC,sellside,1782821400,2026-06-30,12,378.7115653212898,1.1489218704764501,0.028887419877766593,1.4545672388919801,2.160655686416052,3.85456723889199,2.160655686416052,1.4045672388919812,2.071154020094665,3.85456723889199,2.071154020094665,-1.996453420582922,0.19112621084349654,0.0036474247531640127,0.0034232352549674635
BTC,sellside,1782824700,2026-06-30,13,392.6843106554835,-1.403315551569032,0.036594280978569454,3.0654614163940637,3.39215855940026,3.1654614163940575,3.39215855940026,3.0654614163940637,3.344980886719445,3.015461416394067,3.344980886719445,-2.974399456016794,0.2674090626030269,0.004363920864014253,0.005554337882071752
BTC,sellside,1782868500,2026-07-01,1,426.1864650208475,-1.473979235753706,0.7386907512058128,1.2144752771953362,1.8355693989413313,0.7144752771953398,1.8355693989413313,1.2144752771953362,1.687823627916393,0.7144752771953398,1.687823627916393,-3.2003362658015977,0.38506535670929676,0.003720127534845445,0.005065973247915372
BTC,buyside,1782942000,2026-07-01,21,473.4400573511751,-0.4139700410998852,0.1402078235022684,4.50570851050928,3.2759653347334896,5.505708510509278,3.2759653347334896,4.50570851050928,3.261324505494987,6.105708510509269,3.261324505494987,3.1387500422207646,0.3327436838463672,0.004915537890697592,0.005174673220116492
BTC,buyside,1782944700,2026-07-01,22,510.6943389689483,-1.4842537740487636,0.7692076649862511,4.4550284530966815,3.234638564232898,5.405028453096672,3.234638564232898,4.4550284530966815,3.118370534566637,6.005028453096682,3.118370534566637,4.3235255054085355,0.430920076816189,0.005352297523572964,0.004374527071354351
BTC,buyside,1782986100,2026-07-02,9,517.3181582049831,0.019001846047914463,0.12758106196969804,2.2864674977190784,2.5989371070865936,5.386467497719067,2.5989371070865936,0.9864674977190787,2.5596386743415898,1.6364674977190785,2.5596386743415898,3.02993423899671,0.221289187685826,0.006467230180862828,0.005373189824531683
BTC,buyside,1782999000,2026-07-02,13,487.89714719107957,-0.026317022089427922,0.01762666588544419,3.673897937259527,3.168138798011178,3.72389793725953,3.168138798011178,2.323897937259528,3.1287324603376385,3.0238979372595214,3.1287324603376385,4.190432372418226,0.30301458382736557,0.005807888708262198,0.003888395322547644
BTC,buyside,1783086300,2026-07-03,13,341.3283957820818,-0.26947655435828366,0.016113514339754574,1.3541985332244355,1.5474776535827746,2.3041985332244432,1.5474776535827746,1.3541985332244355,1.5434697478255595,1.2541985332244483,1.5434697478255595,0.13169135810398566,0.01623863385944718,0.0024999439820881995,0.0018947822307621134
BTC,buyside,1783178100,2026-07-04,15,251.02698193251464,-0.15830967529491133,0.3808355550627596,1.9638069129211244,1.8571438201603951,1.9138069129211237,1.8571438201603951,1.9138069129211237,1.8076511150088872,1.9138069129211237,1.8076511150088872,3.0724585622725717,0.2991633340961703,0.002662672922946164,0.0023101822965499973
BTC,buyside,1783187400,2026-07-04,17,274.01025482956646,-0.4890692871453145,0.17251179168241668,2.7158513837721023,2.2406133087825872,2.7158513837721023,2.2406133087825872,2.7158513837721023,2.2069062576973977,2.7158513837721023,2.2069062576973977,2.6761407176388525,0.28509278374564023,0.0027122106020994797,0.0033123773995734785
BTC,buyside,1783290300,2026-07-05,22,306.1454238260639,0.496398078079203,0.6141199095852553,2.3186097063983433,1.994488821004013,0.8186097063983474,1.994488821004013,2.3186097063983433,1.9057765029263194,2.368609706398348,1.9057765029263194,-0.303711872736737,0.03596348727469467,0.0023225688577077257,0.0041168546583404
BTC,sellside,1783339500,2026-07-06,12,363.9908638554408,0.8563676480731531,1.4192389186041783,0.7916012254727287,1.9517967668718916,3.291601225472718,1.9517967668718916,0.7916012254727287,1.838098625777559,0.6416012254727117,1.838098625777559,-0.7175180091985203,0.0733082020866623,0.0033591260234820722,0.007839435598623316
BTC,buyside,1783372200,2026-07-06,21,475.75346931718053,-0.18026142851481625,1.0026201189549044,0.6463521865721721,2.47543845955149,5.046352186572174,2.47543845955149,0.596352186572177,2.462623603135336,5.44635218657218,2.462623603135336,1.5469987030390315,0.12789572186473086,0.006572236481639355,0.0032074427718344796
BTC,sellside,1783478400,2026-07-08,2,475.20803183477494,-0.4681528616867986,0.30706551704650725,1.0429908554445362,1.6225635381579937,1.0429908554445362,1.6225635381579937,1.242990855444535,1.604891837304475,1.1429908554445356,1.604891837304475,-0.5976329964446896,0.05857940810045979,0.004247757276463946,0.007027122356739705
BTC,buyside,1783620600,2026-07-09,18,419.4123545514088,-0.23172898686771856,0.5167706617317384,1.1105409557163142,1.609706166218792,1.1105409557163142,1.609706166218792,1.1605409557163202,1.6017199946403025,1.2105409557163263,1.6017199946403025,2.2828845874702073,0.24386994893216066,0.003460203835403033,0.004170382342595504
BTC,buyside,1783671600,2026-07-10,8,363.51647352479455,0.1289625186595762,0.4078219580051253,3.9035795250709477,2.7982816593214754,3.9535795250709476,2.7982816593214754,4.0535795250709485,2.755060995111961,4.003579525070948,2.755060995111961,2.9141732965445457,0.3144526206116598,0.0033864084192414055,0.0016493820487907711
BTC,buyside,1783779900,2026-07-11,14,203.1903831344895,0.5486972280878271,0.271371110922621,0.626199554478506,1.2295175152507076,1.926199554478483,1.2295175152507076,0.626199554478506,1.227979965386478,0.6761995544785079,1.227979965386478,1.578765663272919,0.18195792375452835,0.0016435841302519635,0.0010985377321148136
BTC,sellside,1783837800,2026-07-12,6,225.5881259203142,-0.8730512707462575,0.06724644720598831,2.3470274657294192,1.9341213155963903,2.4470274657294264,1.9341213155963903,2.3470274657294192,1.924011145344135,2.3470274657294192,1.924011145344135,-1.1488636600117257,0.11414515553637113,0.0022059823358218144,0.0023276610197717957
BTC,sellside,1783903500,2026-07-13,0,245.9596807659213,0.3741670167785889,0.29610544205134876,1.480030898471968,1.3552586698201001,1.480030898471968,1.3552586698201001,1.480030898471968,1.3555713966957856,1.480030898471968,1.3555713966957856,-0.19706481911614548,0.020264987603530887,0.0021435321089020324,0.007796967349000893
BTC,buyside,1784043300,2026-07-14,15,418.67639507360167,0.0048008438585334795,0.6363626016058607,5.059625694926017,4.304863904967944,2.909625694926011,4.304863904967944,5.059625694926017,4.139623671270695,2.759625694926008,4.139623671270695,4.02938885461509,0.363818889571807,0.004877261672513677,0.005687471549720594
BTC,buyside,1784043300,2026-07-14,15,418.67639507360167,0.0048008438585334795,0.6534879998474734,5.042500296684404,4.287738506726332,2.8925002966843985,4.287738506726332,5.042500296684404,4.122498273029082,2.742500296684395,4.122498273029082,4.02938885461509,0.363818889571807,0.004877261672513677,0.005687471549720594
BTC,buyside,1784043000,2026-07-14,15,418.67639507360167,0.773365787538798,0.11928066780842295,4.591746439479665,3.891455337047214,2.441746439479659,3.891455337047214,4.591746439479665,3.8676914108465774,2.291746439479656,3.8676914108465774,4.02938885461509,0.363818889571807,0.004877261672513677,0.004915045294772471
BTC,buyside,1784043000,2026-07-14,15,418.67639507360167,0.773365787538798,0.3082332835537968,4.402793823734291,3.70250272130184,2.2527938237342853,3.70250272130184,4.402793823734291,3.6787387951012036,2.1027938237342823,3.6787387951012036,4.02938885461509,0.363818889571807,0.004877261672513677,0.004915045294772471
BTC,sellside,1784164800,2026-07-16,1,336.5189178734237,-0.7727648764691935,0.27632919001295103,0.9513004840784961,1.4287420666589452,0.7513004840784886,1.4287420666589452,0.9513004840784961,1.4171871526247277,1.6013004840784826,1.4171871526247277,-0.26827615092342666,0.026189674978822783,0.0029303398569014145,0.0030475965018908644
BTC,sellside,1784244300,2026-07-16,23,320.3970817573704,-0.14422728118039768,0.2609262217416417,0.8776171903671955,1.4747023556159427,0.8776171903671955,1.4747023556159427,0.8276171903671907,1.4696668682083989,0.8276171903671907,1.4696668682083989,-2.4603220343840264,0.1976729023521737,0.003424995724969114,0.002661278423422141
BTC,buyside,1784395500,2026-07-18,17,184.52725702914563,1.6246380335705624,0.33512664196941,2.209845922681596,1.838901531041822,2.0098459226815923,1.838901531041822,2.209845922681596,1.8146021755627075,2.209845922681596,1.8146021755627075,1.3743769028114015,0.1922700772537401,0.0012914828651006181,0.0020575773063310292
BTC,buyside,1784506500,2026-07-20,0,241.65021514032853,-0.8773011018297238,0.37173565083663024,1.0733019238071748,1.4104939111101038,1.0733019238071748,1.4104939111101038,1.1233019238071893,1.382866484174843,1.1233019238071893,1.382866484174843,-0.2877713142511309,0.044492501407585774,0.0014970090304475085,0.004363016424446367
BTC,sellside,1784524500,2026-07-20,5,289.10440755730133,0.1744352513546682,0.682452411109981,1.483180506087521,1.2310745219330452,1.483180506087521,1.2310745219330452,1.483180506087521,1.1857254444304086,1.483180506087521,1.1857254444304086,-0.6364482698643419,0.08543674894596999,0.0020046766375907883,0.0026037034744132432
BTC,buyside,1784562900,2026-07-20,15,472.0602429283578,-0.22874199134026793,0.09314489126904565,2.8886767140528864,2.473944775950053,3.4886767140528874,2.473944775950053,2.938676714052893,2.4378899371196945,2.9886767140528994,2.4378899371196945,-0.3586618499149758,0.03815703181517966,0.003967789310460561,0.0068338500885525965
BTC,buyside,1784562900,2026-07-20,15,472.0602429283578,-0.22874199134026793,0.14150736267392214,2.84031424264801,2.4255823045451765,3.440314242648011,2.4255823045451765,2.8903142426480164,2.389527465714818,2.940314242648023,2.389527465714818,-0.3586618499149758,0.03815703181517966,0.003967789310460561,0.0068338500885525965
BTC,buyside,1784562300,2026-07-20,15,472.0602429283578,0.28636175578233536,0.3832349847505783,1.7980532020912183,1.4521935197090907,2.3980532020912193,1.4521935197090907,1.8480532020912248,1.4151260490814517,1.8980532020912313,1.4151260490814517,-0.3586618499149758,0.03815703181517966,0.003967789310460561,0.0053128731558699386
BTC,buyside,1784613000,2026-07-21,5,370.3818434444847,0.28017032107985407,0.3624367726873362,0.7267968269748505,2.695840061078029,4.9267968269748605,2.695840061078029,0.7267968269748505,2.6646515836146434,4.326796826974862,2.6646515836146434,3.7637104104131,0.23755365794222863,0.00551541986741132,0.0023627674526918454
BTC,buyside,1784636100,2026-07-21,12,335.1546214632758,0.6452544173665563,0.012143648750052968,2.779554002265894,2.9141041323357113,2.729554002265891,2.9141041323357113,2.729554002265891,2.904109052859362,2.729554002265891,2.904109052859362,5.088964587608662,0.35535716145969054,0.004731660011255337,0.002325381551715804
BTC,sellside,1784790900,2026-07-23,7,286.75476831861204,-0.28627248460882315,0.7067014131560592,1.6696645617289723,1.275367851478234,1.6696645617289723,1.275367851478234,1.4696645617289512,1.2616404457175303,1.4696645617289512,1.2616404457175303,-0.1865008219865921,0.01826490256213919,0.0024746273009305032,0.0027149627241703847
BTC,sellside,1784898600,2026-07-24,13,327.11591918270017,0.6907337330587079,0.8777010935980907,1.1386386711837133,1.330701890431392,1.1386386711837133,1.330701890431392,1.1386386711837133,1.3051665812387427,1.1386386711837133,1.3051665812387427,-0.30567145814799596,0.0341779550651661,0.0025021160114033843,0.003301175302269587
BTC,sellside,1785193200,2026-07-27,23,353.70419253293977,0.10217577502034775,0.05088998202452377,4.120013723063214,3.6763103155784074,3.970013723063212,3.6763103155784074,4.120013723063214,3.6291290949361388,4.220013723063222,3.6291290949361388,-1.6721034482646726,0.19188628864541252,0.002787531738890111,0.004991980079367947
BTC,sellside,1785193500,2026-07-27,23,352.34746449487255,-0.1814685968910258,0.380845652436801,4.3747341462987706,3.832455563783939,4.224734146298754,3.832455563783939,4.324734146298758,3.7638430739557682,4.424734146298762,3.7638430739557682,-4.563648562946868,0.39231229033242,0.0042643651311568284,0.005345106260823186
BTC,sellside,1785201000,2026-07-28,1,361.17444642670097,-0.10349569403322534,0.11243874089592391,6.017180484297018,5.023795090606798,5.867180484297022,5.023795090606798,6.017180484297018,4.9334436107966,6.067180484297024,4.9334436107966,-4.757617868596167,0.42317457893842764,0.004242246270047068,0.0035390091956225313
BTC,sellside,1785246000,2026-07-28,13,321.7823527402944,-0.8281373970034805,0.5264117144942112,1.4059250554387501,2.876479153789649,0.45592505543874595,2.876479153789649,1.4059250554387501,2.816471852022286,1.4059250554387501,2.816471852022286,-5.192080876319571,0.40982569063890534,0.0042672704948315526,0.002714559071659055
BTC,buyside,1785412500,2026-07-30,11,341.7303019950271,0.14950386226135712,0.40789476141342546,2.1867176820982324,1.7554889039090966,0.43671768209823936,1.7554889039090966,1.236717682098226,1.7473626040802808,2.236717682098225,1.7473626040802808,0.1848826388270353,0.011877458020950134,0.00510525076024919,0.0019378165522687578
BTC,buyside,1785460200,2026-07-31,1,337.41283476810867,-2.1845345643314698,0.4896079312262683,1.1907402564234557,1.9173776986559317,0.7907402564234531,1.9173776986559317,2.540740256423453,1.908658397339075,1.240740256423445,1.908658397339075,1.3600845987835506,0.19100319233506724,0.0021627044667932318,0.004302890219579571
BTC,sellside,1785506100,2026-07-31,13,314.8470269130918,2.190238246049394,0.04989724741576044,2.32871627516151,3.4991046705663984,2.32871627516151,3.4991046705663984,2.32871627516151,3.4495637427110277,2.278716275161517,3.4495637427110277,-4.0273526240094055,0.46179619782941417,0.002117628805009418,0.003499238814234305
BTC,sellside,1785507300,2026-07-31,14,352.6436678478709,0.2297219754274509,0.20292438663854975,4.1357601331482,4.84522385962835,4.1357601331482,4.84522385962835,4.1357601331482,4.709376008618236,4.085760133148199,4.709376008618236,-4.007558135453786,0.48883446787315454,0.002381528380114985,0.006587775897065357
BTC,sellside,1785507000,2026-07-31,14,352.6436678478709,0.09545045911477136,0.530592258020408,3.5546919935994676,4.458761205437674,3.5546919935994676,4.458761205437674,3.5546919935994676,4.2892576428487725,3.5046919935994665,4.2892576428487725,-4.007558135453786,0.48883446787315454,0.002381528380114985,0.004806119749933788
BTC,sellside,1785609300,2026-08-01,18,185.8845525800938,-0.5758412870476666,1.0275194864172592,3.4277107929816455,2.8847691633808306,3.3277107929816414,2.8847691633808306,3.4277107929816455,2.7828390738712168,3.477710792981647,2.7828390738712168,-2.0953865966467142,0.26359243669044236,0.0012882983653306856,0.0030801115506952554
BTC,buyside,1785636600,2026-08-02,2,207.18208051772743,0.028911766814145066,1.919567556258651,0.22935297393689846,1.164399085413613,0.32935297393690516,1.164399085413613,0.22935297393689846,1.0829301035802288,0.22935297393689846,1.0829301035802288,-0.44984585427030926,0.054125627206837244,0.0015114586930152897,0.0019181804224367757
BTC,buyside,1785707100,2026-08-02,21,194.29405018962896,-0.9573118673395605,0.7601365036956017,0.7388890660515894,1.8456797014678057,0.7388890660515894,1.8456797014678057,0.7388890660515894,1.805963334936211,0.7388890660515894,1.805963334936211,3.508959740839189,0.31074151895387725,0.0022502595391689474,0.0018037863311133053
BTC,buyside,1785767700,2026-08-03,14,330.3686786340208,-0.11263174267564269,0.23207405834295972,3.481472029308057,2.3272314346314302,3.5814720293080633,2.3272314346314302,3.481472029308057,2.2793139413073327,2.9814720293080716,2.2793139413073327,0.852744276984201,0.08602978000903756,0.0031537972577810555,0.006625580912713983
BTC,buyside,1785867600,2026-08-04,18,322.4483992165916,0.022050039687799637,0.2227333122896279,1.362490885624835,1.337022344043876,1.362490885624835,1.337022344043876,1.3124908856248465,1.3257703475596372,1.3124908856248465,1.3257703475596372,0.3139106915894579,0.03349636973744114,0.0029476870358211794,0.0035802510853936557
BTC,buyside,1785932700,2026-08-05,12,274.0283390055565,-1.0773703226147333,0.11776154290138019,1.7815130024421542,1.4966793935748666,1.5315130024421681,1.4966793935748666,1.7315130024421463,1.4612326219687797,1.7315130024421463,1.4612326219687797,0.6162501316937558,0.056997721711246147,0.0027450261024087427,0.003978443697850657
BTC,sellside,1786078500,2026-08-07,4,208.19372592573922,-0.8550209628482719,0.02881931226947802,1.2928488405094218,1.940394978679893,1.1928488405094217,1.940394978679893,1.2428488405094045,1.9373954728515463,1.392848840509422,1.9373954728515463,-2.1357992322910326,0.19376007669179687,0.0020945018045036156,0.0012855743274902318
BTC,buyside,1786101900,2026-08-07,11,226.0370187167344,-0.09631165781423873,0.8322088172457128,2.650091315411737,2.218815562143216,2.650091315411737,2.218815562143216,2.7000913154117385,2.1772229665427476,2.650091315411737,2.1772229665427476,1.2028560699640727,0.11837104308795073,0.0021737120414327318,0.0020404072239000306
BTC,buyside,1786101600,2026-08-07,11,226.0370187167344,1.0139489597817568,0.07808455491142414,2.5340926168407756,2.1249364068244714,2.5340926168407756,2.1249364068244714,2.5840926168407776,2.1129599466706437,2.5340926168407756,2.1129599466706437,1.2028560699640727,0.11837104308795073,0.0021737120414327318,0.0019573772832004992
BTC,buyside,1786283100,2026-08-09,13,100.77425775702817,-0.5174932682286556,0.7289560016121865,2.19159805803292,2.2739400090336903,0.9415980580329498,2.2739400090336903,2.141598058032933,2.205593355621093,0.9415980580329498,2.205593355621093,-0.5473620072001896,0.06095835911943725,0.0008056364644311488,0.0010604819603695572
BTC,buyside,1786313700,2026-08-09,22,122.02541280988666,-3.1636852612124464,0.5318564265061283,3.6072779805456388,3.1561624971206808,1.55727798054565,3.1561624971206808,3.557277980545637,3.1406616865204176,3.557277980545637,3.1406616865204176,1.9863075601933915,0.25673671722735236,0.0010500198412246684,0.0018737371583741455
BTC,buyside,1786313700,2026-08-09,22,122.02541280988666,-3.1636852612124464,0.684037841609648,3.455096565442119,3.003981082017161,1.4050965654421304,3.003981082017161,3.4050965654421175,2.988480271416898,3.4050965654421175,2.988480271416898,1.9863075601933915,0.25673671722735236,0.0010500198412246684,0.0018737371583741455
BTC,sellside,1786368900,2026-08-10,13,220.45862714500535,-0.4927908760338152,0.27252278932356994,2.3094548146252825,1.7946695079481696,1.8094548146252725,1.7946695079481696,2.3094548146252825,1.7841982595300374,2.3094548146252825,1.7841982595300374,-1.5831995532224123,0.16134668990352258,0.0018990422206338117,0.002720215751700019
BTC,sellside,1786368900,2026-08-10,13,220.45862714500535,-0.4927908760338152,0.7111538433779583,1.8708237605708944,1.3560384538937813,1.3708237605708842,1.3560384538937813,1.8708237605708944,1.3455672054756491,1.8708237605708944,1.3455672054756491,-1.5831995532224123,0.16134668990352258,0.0018990422206338117,0.002720215751700019
BTC,sellside,1786380900,2026-08-10,16,268.81750504284844,-0.21404856053116492,0.15047383165597614,4.891665854525443,3.7717527024966016,2.991665854525444,3.7717527024966016,4.891665854525443,3.7399922582462506,4.241665854525445,3.7399922582462506,-3.467594120596501,0.33451759343991777,0.002336245308037297,0.004260392135085434
BTC,sellside,1786378800,2026-08-10,16,268.81750504284844,0.5677829647874905,0.3619183951003981,3.8277470447946085,2.976274359397231,1.9277470447946092,2.976274359397231,3.8277470447946085,2.9532485499748153,3.8277470447946085,2.9532485499748153,-3.467594120596501,0.33451759343991777,0.002336245308037297,0.0034101303191220564
BTC,sellside,1786460100,2026-08-11,14,216.3050256338931,1.2629387560433796,0.32486531366558363,0.6921635494255625,1.3768543350055744,0.5921635494255839,1.3768543350055744,0.64216354942559,1.3556706320388552,0.64216354942559,1.3556706320388552,-1.967083283215808,0.17053502362696918,0.0022431518644648206,0.004291333022332245
BTC,sellside,1786639200,2026-08-13,16,287.3732794662115,-0.3474922935962869,0.6249711188653341,0.8197460200093601,1.3120152280670545,0.6197460200093737,1.3120152280670545,0.6197460200093737,1.2992654939733457,0.6197460200093737,1.2992654939733457,-0.2509279921012248,0.028813457734801578,0.0022560784786496233,0.004951916063071483
BTC,sellside,1786639200,2026-08-13,16,287.3732794662115,-0.3474922935962869,0.876699463735693,0.5680176751390013,1.0602868831966956,0.3680176751390149,1.0602868831966956,0.3680176751390149,1.0475371491029868,0.3680176751390149,1.0475371491029868,-0.2509279921012248,0.028813457734801578,0.0022560784786496233,0.004951916063071483
BTC,sellside,1786695900,2026-08-14,8,232.06906506618884,-0.5959432807666581,0.15732385524792664,2.8561220289613325,2.6332148703390543,0.8561220289613307,2.6332148703390543,2.8561220289613325,2.6010318966308126,2.8561220289613325,2.6010318966308126,-3.645552670963315,0.31230896445816214,0.002590518441525139,0.0020859804977900022
BTC,buyside,1786897200,2026-08-16,16,74.89432728653446,-1.4679349422472063,1.2410819800061001,2.4588520015846047,2.254371247825689,2.5088520015845526,2.254371247825689,2.4588520015846047,2.211698957923057,2.5588520015845972,2.211698957923057,0.6644027899419904,0.08033840291905171,0.0005616016227933777,0.0010147093965976353
BTC,buyside,1786896900,2026-08-16,16,74.89432728653446,0.1602257532014381,0.49402940570443404,1.4968298750709315,1.3105770588018382,1.546829875070879,1.3105770588018382,1.4968298750709315,1.2944520774332386,1.5968298750709242,1.2944520774332386,0.6644027899419904,0.08033840291905171,0.0005616016227933777,0.0007570067204717037
BTC,sellside,1786916700,2026-08-16,21,102.1412902198476,1.4645399492998463,2.0995426975556866,0.9412071629649956,1.3096732806052085,0.8912071629650515,1.3096732806052085,0.8912071629650515,1.2166210840929852,0.9412071629649956,1.2166210840929852,-0.8933703481089251,0.12345595497409038,0.0007104297978662366,0.0009911709074188178
BTC,sellside,1786916700,2026-08-16,21,102.1412902198476,1.4645399492998463,2.0995426975556866,0.9412071629649956,1.3096732806052085,0.8912071629650515,1.3096732806052085,0.8912071629650515,1.2166210840929852,0.9412071629649956,1.2166210840929852,-0.8933703481089251,0.12345595497409038,0.0007104297978662366,0.0009911709074188178
BTC,buyside,1786980600,2026-08-17,15,217.21601138185017,0.24049792493502603,0.4878093439149338,2.3586174404980342,2.851940219554712,2.2586174404980457,2.851940219554712,2.3586174404980342,2.786100334375667,2.1586174404980576,2.786100334375667,3.4815113084393317,0.3069305323311195,0.0022153572481765425,0.003813464692567332
BTC,buyside,1786991100,2026-08-17,18,236.7710922033254,-0.7478953547586306,0.3994575483006257,4.305180750265994,3.884768095691648,4.355180750266014,3.884768095691648,4.305180750265994,3.8106679298339587,4.105180750266009,3.8106679298339587,5.0087617916700395,0.42022217103981213,0.0024053501877118813,0.00314322503055112
BTC,buyside,1786991100,2026-08-17,18,236.7710922033254,-0.7478953547586306,0.46462597682968737,4.240012321736932,3.8195996671625867,4.290012321736952,3.8195996671625867,4.240012321736932,3.745499501304897,4.040012321736947,3.745499501304897,5.0087617916700395,0.42022217103981213,0.0024053501877118813,0.00314322503055112
BTC,buyside,1787063100,2026-08-18,14,245.15322642694125,0.1584315269518646,0.5383979722548446,1.6744989875428269,1.5850234294152203,1.5744989875428064,1.5850234294152203,1.6244989875428018,1.5515516692318965,1.5744989875428064,1.5515516692318965,1.2945373170300813,0.12528819126425148,0.002071447735209195,0.005184950211055206
BTC,buyside,1787146500,2026-08-19,13,203.7321859947246,1.4892099572713446,0.7806817524852029,3.4099626243377164,2.446937622005511,0.3099626243377233,2.446937622005511,3.45996262433772,2.327850011662436,3.45996262433772,2.327850011662436,3.250149193496355,0.2672284372124567,0.002461300927922071,0.005116125237741127
BTC,buyside,1787151600,2026-08-19,15,257.6006012808156,10.212670261324881,0.6265901523422579,5.542532578702028,4.056259194812906,5.592532578702038,4.056259194812906,5.542532578702028,3.9235450612749667,5.642532578702019,3.9235450612749667,1.1566743187652226,0.1409674122856814,0.0019280108151715808,0.00534319545867479
BTC,buyside,1787151300,2026-08-19,14,257.6006012808156,9.596250892695792,0.08307434025227917,5.294124773433616,3.9309455086244807,5.3441247734336255,3.9309455086244807,5.294124773433616,3.8419266825081246,5.394124773433607,3.8419266825081246,1.1566743187652226,0.1409674122856814,0.0019280108151715808,0.004758487961887038
BTC,buyside,1787150400,2026-08-19,14,257.6006012808156,12.289024110425323,0.12041897358068876,4.245447096996356,2.9990890411307083,4.295447096996366,2.9990890411307083,4.245447096996356,2.9500187819054564,4.345447096996347,2.9500187819054564,1.1566743187652226,0.1409674122856814,0.0019280108151715808,0.006685435834796781
BTC,buyside,1787153400,2026-08-19,15,496.9148440464716,1.2089999065188317,4.44311540790584,5.844882916008863,4.345487652905412,0.1948829160088731,4.345487652905412,5.844882916008863,3.3477946235762603,-3.5551170839911226,3.3477946235762603,2.149563477117852,0.37038770818379646,0.003454723057472499,0.009450191280909816
BTC,buyside,1787153400,2026-08-19,15,496.9148440464716,1.2089999065188317,4.44311540790584,5.844882916008863,4.345487652905412,0.1948829160088731,4.345487652905412,5.844882916008863,3.3477946235762603,-3.5551170839911226,3.3477946235762603,2.149563477117852,0.37038770818379646,0.003454723057472499,0.009450191280909816
BTC,buyside,1787153100,2026-08-19,15,496.9148440464716,3.165351204225456,0.5226046335933487,5.24085588080135,3.9579415358746255,5.290855880801358,3.9579415358746255,5.24085588080135,3.8786579026046093,5.34085588080135,3.8786579026046093,2.149563477117852,0.37038770818379646,0.003454723057472499,0.007345076889526704
BTC,buyside,1787153100,2026-08-19,15,496.9148440464716,3.165351204225456,0.5947497917215956,5.168710722673103,3.8857963777463786,5.21871072267311,3.8857963777463786,5.168710722673103,3.8065127444763625,5.268710722673104,3.8065127444763625,2.149563477117852,0.37038770818379646,0.003454723057472499,0.007345076889526704
BTC,buyside,1787152200,2026-08-19,15,496.9148440464716,4.518661551173162,0.29985016906853657,4.0173061976223545,3.091962096279761,4.067306197622362,3.091962096279761,4.0173061976223545,2.944664654285814,4.117306197622356,2.944664654285814,2.149563477117852,0.37038770818379646,0.003454723057472499,0.005492854067083546
BTC,buyside,1787275200,2026-08-21,1,729.8310355142652,0.09548785487163648,0.4830707147875278,3.6227409483479818,4.024158165186548,3.6227409483479818,4.024158165186548,3.472740948347982,3.9574574331059753,3.572740948347975,3.9574574331059753,5.461675108391707,0.5760759603433862,0.006375280095804531,0.004257777006204929
BTC,buyside,1787275200,2026-08-21,1,729.8310355142652,0.09548785487163648,0.8097764704998605,3.296035192635649,3.697452409474215,3.296035192635649,3.697452409474215,3.146035192635649,3.6307516773936426,3.246035192635642,3.6307516773936426,5.461675108391707,0.5760759603433862,0.006375280095804531,0.004257777006204929
BTC,buyside,1787275200,2026-08-21,1,729.8310355142652,0.09548785487163648,0.9161846611919451,3.189627001943564,3.5910442187821308,3.189627001943564,3.5910442187821308,3.0396270019435643,3.524343486701558,3.1396270019435577,3.524343486701558,5.461675108391707,0.5760759603433862,0.006375280095804531,0.004257777006204929
BTC,buyside,1787296800,2026-08-21,7,744.2059375650206,0.9224059703770249,0.9981108218920991,5.781278222175207,4.605489436177844,5.781278222175207,4.605489436177844,5.731278222175199,4.496014374904253,5.731278222175199,4.496014374904253,7.833530620669992,0.658919056994895,0.007359981072176917,0.006620329832815146
BTC,buyside,1787302500,2026-08-21,8,924.208370596091,-0.6289382551524606,0.07893241645598405,7.270745635591906,5.375686150246351,7.270745635591906,5.375686150246351,7.1707456355918975,5.309137757993237,7.270745635591906,5.309137757993237,5.1033404912335225,0.6098264214371195,0.005747843919152374,0.00761603105566303
BTC,buyside,1787302500,2026-08-21,8,924.208370596091,-0.6289382551524606,0.5117244282206274,6.8379536238272625,4.942894138481708,6.8379536238272625,4.942894138481708,6.737953623827254,4.876345746228594,6.8379536238272625,4.876345746228594,5.1033404912335225,0.6098264214371195,0.005747843919152374,0.00761603105566303
BTC,buyside,1787302200,2026-08-21,8,924.208370596091,0.3441431717339425,0.009867904565842847,6.708112774276632,4.892406940445804,6.708112774276632,4.892406940445804,6.6081127742766235,4.826258648261206,6.708112774276632,4.826258648261206,5.1033404912335225,0.6098264214371195,0.005747843919152374,0.007908064115494471
BTC,sellside,1787461200,2026-08-23,5,449.6210996177456,1.2202051915856118,0.05106521918016372,1.7317392299026508,1.4603655076731585,1.8817392299026683,1.4603655076731585,1.7317392299026508,1.4220743416420687,1.281739229902663,1.4220743416420687,-3.4298434866848497,0.3642451054261352,0.0036372704802192664,0.004942977325460368
BTC,buyside,1787571300,2026-08-24,11,555.2422428776333,0.7219911761799297,0.1569765289259478,1.4994087400094223,1.2557672810040237,1.2494087400094092,1.2557672810040237,1.549408740009404,1.263423356604743,1.2494087400094092,1.263423356604743,0.5514710091456042,0.052912795841627815,0.004195879528156808,0.0044878443858871984
BTC,buyside,1787575500,2026-08-24,12,611.6163683863734,-0.7208113170076217,0.08804538724507684,2.609958079150469,2.2261601756473417,2.409958079150489,2.2261601756473417,2.659958079150488,2.2207585148847713,2.9099580791504867,2.2207585148847713,2.0235723959862035,0.19016515859004496,0.00471094767295717,0.008438715977809166
BTC,buyside,1787581500,2026-08-24,14,722.1545217209033,1.3348805151878091,0.20991352327027687,3.162242562091147,2.377060199370607,2.962242562091154,2.377060199370607,3.162242562091147,2.331715196823658,2.962242562091154,2.331715196823658,1.9552463600660082,0.19601743068194435,0.005179334083130611,0.008197726968106403
BTC,buyside,1787624400,2026-08-25,2,713.5718853479741,-0.14746937507029217,1.3138129728062746,1.437040346135433,1.9437618345620795,0.9870403461354167,1.9437618345620795,1.437040346135433,1.8515004965509276,1.3870403461354268,1.8515004965509276,3.2923242188197395,0.30079830991325474,0.005418027346923888,0.004470400901848811
BTC,sellside,1787756100,2026-08-26,14,577.8181214529315,-0.43228135416023933,0.1280679806544073,1.8422924064018336,1.5717495279214728,0.9422924064018474,1.5717495279214728,1.8422924064018336,1.5643660623594202,1.8422924064018336,1.5643660623594202,-1.3625913947112802,0.14755474760347678,0.003508778687219768,0.0052605371196989496
BTC,buyside,1787880900,2026-08-28,1,523.0511992993039,-2.0988576289867487,0.3943208624247475,1.9067678056667974,2.662349314861433,2.3067678056668206,2.662349314861433,1.9567678056668176,2.6128127557479255,1.7067678056667996,2.6128127557479255,3.206817998404375,0.3421844494811124,0.0033468023306345187,0.004013452723739652
BTC,sellside,1787934000,2026-08-28,16,650.1916416923766,-0.6574523149626228,0.10240057812293835,3.1254645062323045,3.2218937064185895,1.8254645062323092,3.2218937064185895,3.1254645062323045,3.1760638369152936,2.6754645062323137,3.1760638369152936,-3.1419505711925666,0.3928044716799334,0.004077422614563068,0.006323851483128429
BTC,buyside,1788091800,2026-08-30,12,236.51414315339792,0.3094529528938924,1.1790415417954014,0.7602684817958862,1.1621433460894242,0.7602684817958862,1.1621433460894242,0.7602684817958862,1.113757171477743,0.6602684817959165,1.113757171477743,2.461840092253399,0.3045356597418365,0.0013845699500120011,0.001941846355037585
BTC,buyside,1788091800,2026-08-30,12,236.51414315339792,0.3094529528938924,1.1790415417954014,0.7602684817958862,1.1621433460894242,0.7602684817958862,1.1621433460894242,0.7602684817958862,1.113757171477743,0.6602684817959165,1.113757171477743,2.461840092253399,0.3045356597418365,0.0013845699500120011,0.001941846355037585
BTC,sellside,1788132300,2026-08-30,23,425.32277899786925,0.0347030554882853,0.3533316516789516,0.42306121437345806,1.4106456190018644,1.9730612143734525,1.4106456190018644,0.42306121437345806,1.3835566339551775,2.023061214373427,1.3835566339551775,0.451445371565572,0.05914132500469627,0.0027277495974548068,0.0030573354295512834
BTC,sellside,1788288000,2026-09-01,18,488.73466338406257,-1.2717125396763227,0.11912394262538754,2.5504917154293225,3.2137512743728194,2.5504917154293225,3.2137512743728194,2.6004917154293254,3.1712907939038475,2.5504917154293225,3.1712907939038475,-3.5811046998003455,0.3987782899248747,0.0032492822594195826,0.002759464586679681
BTC,sellside,1788287400,2026-09-01,18,488.73466338406257,-0.6245515672787952,0.30896110162200546,2.1044623740877157,2.8716214559434925,2.1044623740877157,2.8716214559434925,2.154462374087719,2.792366402149518,2.1044623740877157,2.792366402149518,-3.5811046998003455,0.3987782899248747,0.0032492822594195826,0.003866089760139566
BTC,sellside,1788287400,2026-09-01,18,488.73466338406257,-0.6245515672787952,0.5381243028250824,1.8752991728846389,2.6424582547404154,1.8752991728846389,2.6424582547404154,1.925299172884642,2.563203200946441,1.8752991728846389,2.563203200946441,-3.5811046998003455,0.3987782899248747,0.0032492822594195826,0.003866089760139566
BTC,sellside,1788346200,2026-09-02,10,458.56098946457,-0.3751082275900507,0.02025902816295143,2.523231193346068,2.1631882791954804,0.573231193346066,2.1631882791954804,2.573231193346056,2.137869741658501,2.573231193346056,2.137869741658501,-2.785692698132798,0.31520829889033813,0.002801708546184791,0.0036037670697856823
BTC,buyside,1788402900,2026-09-03,2,441.21663920706845,-0.405787053547561,0.22211311018578195,0.8874802813505029,1.4394732351242394,0.9374802813505256,1.4394732351242394,0.9874802813505152,1.4374862859262718,0.9374802813505256,1.4374862859262718,0.06232765847050004,0.006605083272086257,0.003129532049666017,0.004057785140879809
BTC,buyside,1788445800,2026-09-03,14,549.1878817305964,1.966066688502917,0.507604062787304,3.752115849307109,3.0101869668269283,3.5021158493071014,3.0101869668269283,3.752115849307109,2.950196807341363,3.752115849307109,2.950196807341363,3.2304063126984457,0.40378268884994717,0.0030573190535550894,0.0056791378701202405
BTC,buyside,1788445500,2026-09-03,14,549.1878817305964,2.4982342940207727,0.24454290501967715,3.47898527780338,2.781980444361824,3.2289852778033725,2.781980444361824,3.47898527780338,2.7454448451621354,3.47898527780338,2.7454448451621354,3.2304063126984457,0.40378268884994717,0.0030573190535550894,0.004052789269168003
BTC,buyside,1788462600,2026-09-03,19,566.9971582737078,0.6606029581177998,0.2841813184577232,6.527430975266936,4.113116102874794,1.5774309752669224,4.113116102874794,6.527430975266936,4.0621547510479035,1.4274309752669283,4.0621547510479035,6.901004604525984,0.5610327527791052,0.00564108825580174,0.004485806062077141
BTC,buyside,1788471300,2026-09-03,21,586.8617334094722,-1.8096085322008997,0.27730552315029944,7.4851564116469635,4.52674705733492,2.6351564116469675,4.52674705733492,7.4851564116469635,4.436762705866776,2.4851564116469707,4.436762705866776,7.137967533959487,0.5532720846563077,0.005765887639406059,0.004899679747083534
BTC,buyside,1788471300,2026-09-03,21,586.8617334094722,-1.8096085322008997,0.4291811608446748,7.333280773952588,4.374871419640545,2.483280773952592,4.374871419640545,7.333280773952588,4.2848870681724005,2.333280773952595,4.2848870681724005,7.137967533959487,0.5532720846563077,0.005765887639406059,0.004899679747083534
ETH,buyside,1757286300,2025-09-07,23,19.2569299010595,-0.40556828321682736,0.2170647149611009,0.6183535185467436,1.0200510363056607,0.3183535185467755,1.0200510363056607,0.5683535185467489,1.0048223928637574,0.5683535185467489,1.0048223928637574,1.8860742697101167,0.19864362283963552,0.0021635464105874544,0.0030425604876900664
ETH,buyside,1757328600,2025-09-08,10,21.14294654392274,-1.1999273586250523,0.08276992028355737,1.6061598559488757,1.5190982017732464,0.5561598559488721,1.5190982017732464,1.6561598559488553,1.4985363271301952,0.10615985594883978,1.4985363271301952,0.6309432780472385,0.06976987447698728,0.002382082775503823,0.004285900729109097
ETH,buyside,1757507700,2025-09-10,12,24.44038253653192,-0.4455740405749273,0.3367377735474429,3.902716099450883,2.9702620023288624,3.7527160994509035,2.9702620023288624,3.952716099450901,2.8016976718507425,0.3027160994508909,2.8016976718507425,-0.5679125512561951,0.06180425683497681,0.003212209056764139,0.00232678543126358
ETH,buyside,1757507700,2025-09-10,12,24.44038253653192,-0.4455740405749273,0.4263435723407734,3.8131103006575526,2.8806562035355316,3.663110300657573,2.8806562035355316,3.8631103006575707,2.712091873057412,0.21311030065756031,2.712091873057412,-0.5679125512561951,0.06180425683497681,0.003212209056764139,0.00232678543126358
ETH,buyside,1757592900,2025-09-11,12,34.00589675684857,-1.7817498074888352,0.3361181762600735,0.6396392166699595,1.9163879741676995,2.239639216669952,1.9163879741676995,2.139639216669939,1.8699144942095836,2.239639216669952,1.8699144942095836,1.7294059445192087,0.18789737691300237,0.003943856885215139,0.0036104364020949093
ETH,buyside,1757637900,2025-09-12,0,33.74544109962533,0.16061428813447187,0.5636316900954867,2.0310067793852626,2.298170122911775,2.8810067793852636,2.298170122911775,1.9810067793852466,2.3044840729479215,3.2310067793852677,2.3044840729479215,2.933433280891351,0.4067469285450176,0.002731731077851879,0.003460436307775899
ETH,buyside,1757637900,2025-09-12,0,33.74544109962533,0.16061428813447187,0.7601026735514926,1.8345357959292568,2.1016991394557687,2.684535795929258,2.1016991394557687,1.7845357959292407,2.1080130894919153,3.0345357959292616,2.1080130894919153,2.933433280891351,0.4067469285450176,0.002731731077851879,0.003460436307775899
ETH,buyside,1757637900,2025-09-12,0,33.74544109962533,0.16061428813447187,0.7956630325480488,1.7989754369327005,2.066138780459213,2.6489754369327017,2.066138780459213,1.7489754369326846,2.0724527304953595,2.9989754369327053,2.0724527304953595,2.933433280891351,0.4067469285450176,0.002731731077851879,0.003460436307775899
ETH,buyside,1757637900,2025-09-12,0,33.74544109962533,0.16061428813447187,0.8146285573462246,1.7800099121345245,2.0471732556610367,2.630009912134526,2.0471732556610367,1.7300099121345087,2.0534872056971833,2.9800099121345296,2.0534872056971833,2.933433280891351,0.4067469285450176,0.002731731077851879,0.003460436307775899
ETH,buyside,1757637900,2025-09-12,0,33.74544109962533,0.16061428813447187,1.07866422289569,1.5159742465850594,1.7831375901115716,2.3659742465850604,1.7831375901115716,1.4659742465850434,1.7894515401477182,2.7159742465850645,1.7894515401477182,2.933433280891351,0.4067469285450176,0.002731731077851879,0.003460436307775899
ETH,buyside,1757705700,2025-09-12,19,34.04072804126597,0.4697314340814291,0.0011750629995772564,3.4051672038992993,3.1149817759801275,3.155167203899303,3.1149817759801275,3.3551672038993163,3.104701636614591,3.705167203899306,3.104701636614591,5.9011663838823525,0.5851782801211816,0.00407251218511078,0.004117655866597027
ETH,buyside,1757709900,2025-09-12,20,36.06067603831845,-0.4190159935976694,0.1109241544930982,3.9606229662488692,3.4557446177093114,3.8106229662488738,3.4557446177093114,4.010622966248876,3.439713184718084,4.310622966248893,3.439713184718084,6.65267616572358,0.6494315105576584,0.004135310189463065,0.004659702289332867
ETH,sellside,1757859900,2025-09-14,14,29.894289941784383,0.4853769742735733,0.16725602145884425,1.882204236404477,1.4848467528943035,1.132204236404486,1.4848467528943035,1.8322042364044757,1.4409298523358958,1.9322042364044787,1.4409298523358958,-2.5529959115477885,0.2738821502906759,0.003214252083724244,0.005151848741763272
ETH,sellside,1757923500,2025-09-15,8,35.88070479660323,1.2806325923773334,1.0281291911382031,1.2164688634185625,1.1609489369491703,0.4164688634185544,1.1609489369491703,1.2164688634185625,1.0941612090845751,1.2164688634185625,1.0941612090845751,-1.6343045749076723,0.17903156866337136,0.003726709278869088,0.004634802636470822
ETH,sellside,1758030300,2025-09-16,13,29.275771597559025,0.5161264477572449,0.4075042039539275,1.2756475391286135,1.3495500842444352,1.0756475391286167,1.3495500842444352,1.2756475391286135,1.299788952809146,1.4756475391286104,1.299788952809146,-0.525349091099019,0.08383298811730301,0.0021776806943310987,0.00552411189796928
ETH,buyside,1758076800,2025-09-17,2,29.565278494976017,-0.9913655981620499,0.147132048857228,0.9743151094848732,1.8292926432836882,3.1243151094848742,1.8292926432836882,1.2743151094848868,1.8085619254332286,2.6743151094848687,1.8085619254332286,-0.007441161091637913,0.0008677131813530719,0.0031637899604608447,0.0026835678884087
ETH,sellside,1758132000,2025-09-17,18,34.18250235901774,-0.655306032447044,0.9068967413329774,0.6318692480512761,1.2302838022355589,1.3318692480512657,1.2302838022355589,0.7818692480512739,1.2441459293516521,1.5318692480512628,1.2441459293516521,0.014919914131613433,0.0015763607702538164,0.003990956530820456,0.0049268728856658554
ETH,sellside,1758132300,2025-09-17,18,39.74660933337361,0.6347711269754766,0.30191254552936386,1.6699082148411952,2.011430937845362,2.169908214841191,2.011430937845362,1.619908214841189,1.9826311760386928,1.7199082148411788,1.9826311760386928,-1.0280122175274757,0.11197588380378079,0.0046769217864229785,0.019581099118458675
ETH,buyside,1758148200,2025-09-17,22,45.246344470285415,0.5474475405690885,0.2170341077266206,1.5551264523845587,1.343678106274172,1.2051264523845586,1.343678106274172,1.5051264523845558,1.3112356026210807,1.455126452384553,1.3112356026210807,0.1918387021453346,0.019433996059466913,0.005728388737196813,0.0042292891810907
ETH,sellside,1758496500,2025-09-21,23,17.782145168010913,-0.092789704752203,0.07535648749571175,1.8422748980185448,1.709443624972214,1.8422748980185448,1.709443624972214,1.4422748980185205,1.6916375632221599,2.0422748980185057,1.6916375632221599,-0.8502911126380819,0.10169491525423573,0.0017239425696323472,0.004006689421512718
ETH,sellside,1758502200,2025-09-22,0,26.06627765601015,-0.2900299037617777,0.5574251986320895,4.642330467896328,3.9413012861394208,0.9923304678963034,3.9413012861394208,4.642330467896328,3.861941725443337,1.192330467896332,3.861941725443337,-1.6101263308043618,0.2582928180195639,0.0019149687195256335,0.011767740436719491
ETH,sellside,1758501300,2025-09-22,0,26.06627765601015,1.1635723519965913,2.33443381533113,2.5141619845376457,2.270493271170964,2.2641619845376533,2.270493271170964,2.2641619845376533,1.8301769320830141,-1.1858380154623431,1.8301769320830141,-1.6101263308043618,0.2582928180195639,0.0019149687195256335,0.004361151520936563
ETH,sellside,1758500700,2025-09-22,0,26.06627765601015,3.7707723863417475,0.4488558034408157,1.604941254490858,1.4187701807592685,1.3549412544908657,1.4187701807592685,1.3549412544908657,1.3821717425502256,1.6549412544908564,1.3821717425502256,-1.6101263308043618,0.2582928180195639,0.0019149687195256335,0.004084167160893311
ETH,sellside,1758508500,2025-09-22,2,29.929290427886286,-0.38824842934375364,0.30772530415284155,6.6783326570041215,4.674930958449529,3.4783326570041186,4.674930958449529,6.6783326570041215,4.437511006839493,3.6783326570041135,4.437511006839493,-5.02350700101839,0.5550633145051076,0.005369614254215913,0.00443655325111623
ETH,sellside,1758508500,2025-09-22,2,29.929290427886286,-0.38824842934375364,0.5065272107445185,6.479530750412445,4.4761290518578525,3.279530750412442,4.4761290518578525,6.479530750412445,4.238709100247816,3.4795307504124366,4.238709100247816,-5.02350700101839,0.5550633145051076,0.005369614254215913,0.00443655325111623
ETH,sellside,1758508500,2025-09-22,2,29.929290427886286,-0.38824842934375364,0.5165508362869623,6.469507124870002,4.4661054263154085,3.2695071248699983,4.4661054263154085,6.469507124870002,4.228685474705373,3.4695071248699927,4.228685474705373,-5.02350700101839,0.5550633145051076,0.005369614254215913,0.00443655325111623
ETH,sellside,1758508200,2025-09-22,2,29.929290427886286,0.15503207505638217,0.454070237072437,5.683320761491472,3.92238400945735,2.483320761491469,3.92238400945735,5.683320761491472,3.689971860088351,2.6833207614914634,3.689971860088351,-5.02350700101839,0.5550633145051076,0.005369614254215913,0.0053421792917280695
ETH,sellside,1758520800,2025-09-22,6,32.65790855323112,0.8350197917772781,0.6561963380193262,1.816755116666903,4.400996467522661,1.6167551166669192,4.400996467522661,1.766755116666907,4.38734305943557,4.416755116666916,4.38734305943557,-5.723881542974857,0.5639084135268013,0.005714122958623549,0.004092344708463255
ETH,sellside,1758521100,2025-09-22,6,40.865915085143165,-1.6275176968735,0.7186918471985319,4.5910149615033635,6.571909110844012,6.591014961503361,6.571909110844012,4.5910149615033635,5.86802666945334,1.741014961503351,5.86802666945334,-6.48976046290512,0.6708572584929033,0.006427616781029236,0.015374768838675772
ETH,sellside,1758521100,2025-09-22,6,40.865915085143165,-1.6275176968735,3.112618418919083,2.1970883897828126,4.177982539123461,4.19708838978281,4.177982539123461,2.1970883897828126,3.4741000977327894,-0.6529116102172001,3.4741000977327894,-6.48976046290512,0.6708572584929033,0.006427616781029236,0.015374768838675772
ETH,sellside,1758521100,2025-09-22,6,40.865915085143165,-1.6275176968735,3.1906785820979624,2.119028226603933,4.0999223759445815,4.11902822660393,4.0999223759445815,2.119028226603933,3.39603993455391,-0.7309717733960797,3.39603993455391,-6.48976046290512,0.6708572584929033,0.006427616781029236,0.015374768838675772
ETH,sellside,1758521100,2025-09-22,6,40.865915085143165,-1.6275176968735,3.269472853394483,2.0402339553074125,4.021128104648061,4.04023395530741,4.021128104648061,2.0402339553074125,3.3172456632573892,-0.8097660446926003,3.3172456632573892,-6.48976046290512,0.6708572584929033,0.006427616781029236,0.015374768838675772
ETH,sellside,1758687300,2025-09-24,4,37.03021757897867,-1.3715825431399153,0.0880362096994768,3.125727931060467,2.763951909404647,2.525727931060476,2.763951909404647,3.125727931060467,2.639077160782259,2.525727931060476,2.639077160782259,-0.7969167325863207,0.11097739836786971,0.003703182486834028,0.007713899268713687
ETH,sellside,1758687000,2025-09-24,4,37.03021757897867,-0.9497648758068705,0.14177610457736878,2.1160120167465877,1.7941660429420168,1.516012016746597,1.7941660429420168,2.1160120167465877,1.7651376854479888,1.516012016746597,1.7651376854479888,-0.7969167325863207,0.11097739836786971,0.003703182486834028,0.007807843736784666
ETH,sellside,1758766800,2025-09-25,2,33.67816663065066,0.005641637268554122,0.11520817158937767,2.9641399663522607,2.390819181547102,0.7641399663522812,2.390819181547102,2.864139966352283,2.356780787310713,2.9141399663522853,2.356780787310713,-2.0045627999998983,0.21153062823124136,0.004366024160378631,0.0072662635021539836
ETH,sellside,1758770700,2025-09-25,3,37.066154728461306,0.58355122505845,0.3237454785345128,3.0911130958231543,2.3716404707569976,1.0911130958231579,2.3716404707569976,2.991113095823173,2.3225351426755427,0.591113095823165,2.3225351426755427,-1.2218693935690061,0.15247618085715342,0.004249746064231602,0.013807762493572873
ETH,sellside,1759063500,2025-09-28,12,18.889064059550808,-1.543220982686068,0.369525984876458,1.2427152729991062,1.771852453444508,2.642715272999102,1.771852453444508,1.1927152729991106,1.7626846482642913,0.8927152729991134,1.7626846482642913,-1.9339232417674856,0.2556512002239469,0.0018443061075633287,0.002193386617688149
ETH,buyside,1759075800,2025-09-28,16,21.120477629238586,0.0710211211285981,0.7627668409211281,2.0116789664126706,1.6372360304273,0.8116789664126642,1.6372360304273,2.061678966412669,1.561919513378007,1.0616789664126565,1.561919513378007,0.6751741248625496,0.08048312450615304,0.002708864822775216,0.0029772130320089496
ETH,buyside,1759097400,2025-09-28,22,26.023400477148616,1.2031479140281454,1.794154458830179,1.807374916660529,1.8934526958137172,1.157374916660535,1.8934526958137172,1.807374916660529,1.7330306230909158,1.157374916660535,1.7330306230909158,1.0467502132905142,0.1548079108888371,0.0027408312894652564,0.004067497801387061
ETH,buyside,1759153500,2025-09-29,13,29.941246244711582,1.484574143531212,0.10420407936596712,1.2588816030365204,1.7980388918462953,3.6088816030365063,1.7980388918462953,1.2588816030365204,1.7805061456985272,0.3588816030365019,1.7805061456985272,2.832881414045388,0.30014154281670063,0.004936568247226477,0.00474808788340119
ETH,buyside,1759178700,2025-09-29,20,33.12050049201925,-0.16273908666625095,0.13345208962241137,3.0111743384292087,2.729200658664371,3.0111743384292087,2.729200658664371,2.8611743384292194,2.713051106099513,2.8111743384292134,2.713051106099513,4.133693572444349,0.3294194076177177,0.006441079293918963,0.006691026522610537
ETH,buyside,1759178100,2025-09-29,20,33.12050049201925,0.12167690524398109,0.37801361132864736,2.3430081069034325,2.134533921705699,2.3430081069034325,2.134533921705699,2.1930081069034433,2.128530829434095,2.1430081069034377,2.128530829434095,4.133693572444349,0.3294194076177177,0.006441079293918963,0.003736394140093765
ETH,buyside,1759308300,2025-10-01,8,41.18190374988781,0.7500867416816417,0.7039499722029912,2.4542560193763485,2.450446300849444,1.9542560193763452,2.450446300849444,2.5042560193763554,2.3828658560335323,2.5042560193763554,2.3828658560335323,-0.5662681390746351,0.058841340331044927,0.005189581025545762,0.009313664104543214
ETH,buyside,1759308000,2025-10-01,8,41.18190374988781,1.9863093386065969,0.546113655565548,1.3984524736231239,1.4366613672746305,0.8984524736231206,1.4366613672746305,1.448452473623131,1.4048644294536314,1.448452473623131,1.4048644294536314,-0.5662681390746351,0.058841340331044927,0.005189581025545762,0.007786001099053154
ETH,buyside,1759432500,2025-10-02,19,39.02719682672025,-0.7640825481881197,0.20575395244636038,3.1523851724108365,2.9990160865279987,2.9523851724108203,2.9990160865279987,3.1523851724108365,2.9801975154917377,3.3523851724108296,2.9801975154917377,3.9144497279242296,0.3412405905872359,0.005774232535668299,0.004805291101377064
ETH,buyside,1759432200,2025-10-02,19,39.02719682672025,-0.3379694436821525,0.25213186700775597,2.882060863779553,2.769004170885584,2.6820608637795367,2.769004170885584,2.882060863779553,2.7337172988721403,3.082060863779546,2.7337172988721403,3.9144497279242296,0.3412405905872359,0.005774232535668299,0.004118487556975543
ETH,buyside,1759509600,2025-10-03,16,40.87324547544252,-1.6546275984037917,0.7728772117932269,2.089421835299105,1.80447260610592,2.289421835299097,1.80447260610592,2.039421835299096,1.7465693381161274,1.8394218352991043,1.7465693381161274,2.1126289090960784,0.2681593739324875,0.004061542697136367,0.005555029402316388
ETH,buyside,1759650900,2025-10-05,7,31.679457141845244,-0.424249694046896,0.21654411466976595,0.914036658396244,2.166839408947063,0.9640366583962292,2.166839408947063,0.9640366583962292,2.1405643043058906,1.0140366583962432,2.1405643043058906,1.9372175389627038,0.19566395663956798,0.004384316290905913,0.004567391882809029
ETH,buyside,1759759200,2025-10-06,14,32.332789338729825,0.019794147461125587,0.0550524726262195,3.1156599096448976,2.8083460716391526,3.8656599096448976,2.8083460716391526,3.1156599096448976,2.7796582290975462,3.2656599096449033,2.7796582290975462,1.3101251350825693,0.15439568450211197,0.0035397534508803783,0.008419299002511552
ETH,buyside,1759758000,2025-10-06,13,32.332789338729825,1.4279621691870066,0.42031634999462814,2.55740309453062,2.4423405859821576,3.30740309453062,2.4423405859821576,2.55740309453062,2.3613087396038077,2.7074030945306253,2.3613087396038077,1.3101251350825693,0.15439568450211197,0.0035397534508803783,0.004360276092558826
ETH,buyside,1759761300,2025-10-06,14,33.34759010024912,0.15443394813591532,0.18801958345870387,4.123500835000688,3.4601907392970217,4.773500835000698,3.4601907392970217,4.123500835000688,3.401145992221931,4.1735008350006995,3.401145992221931,3.063789607970407,0.311769552348112,0.0043146219186598715,0.010038378852140251
ETH,buyside,1759759500,2025-10-06,14,33.34759010024912,0.21440829692659358,0.12084831281315406,3.3495318638573526,2.938832135899717,3.9995318638573627,2.938832135899717,3.3495318638573526,2.885701770530977,3.399531863857364,2.885701770530977,3.063789607970407,0.311769552348112,0.0043146219186598715,0.008616986068407221
ETH,buyside,1759764300,2025-10-06,15,34.96704795023136,-0.6643397530458893,0.04118162911693498,4.568770279911574,3.6622806749495767,5.168770279911569,3.6622806749495767,4.518770279911575,3.584388854097974,5.01877027991157,3.584388854097974,3.046010636974446,0.328076389958416,0.004301162378678361,0.008215205169686513
ETH,buyside,1759842000,2025-10-07,13,31.979264040635634,-1.339305368177842,0.36054613343661457,1.8687770794886176,1.8157943576860107,1.9187770794886208,1.8157943576860107,1.8187770794886429,1.7815857621704088,1.4187770794886176,1.7815857621704088,3.9875839493354954,0.3693662379793782,0.0043312472964588105,0.003837825629056556
ETH,sellside,1759854300,2025-10-07,16,49.865887397558126,-0.7185272712454422,0.3868375959342613,4.454346593577586,3.574361434816242,4.604346593577576,3.574361434816242,4.354346593577575,3.549123140408809,4.354346593577575,3.549123140408809,-3.332739246672639,0.3180852489138146,0.0073985215986155095,0.007562846950761684
ETH,sellside,1759881300,2025-10-07,23,46.0877286575709,-0.49948219776760266,0.20764746449329807,5.136991394955957,3.4882480606611552,1.4869913949559572,3.4882480606611552,5.186991394955973,3.464307070369093,1.4869913949559572,3.464307070369093,-4.031875846619221,0.3489184317260036,0.00740770130430645,0.003251607792363955
ETH,sellside,1759896900,2025-10-08,4,44.86115879257055,-0.170526134542618,0.39945468379135585,5.5204609470917045,3.3707026669241533,1.8204609470916915,3.3707026669241533,1.8204609470916915,3.3262660315221053,1.8204609470916915,3.3262660315221053,-6.018569454445627,0.4421300844959715,0.007766687235720235,0.005212085226975769
ETH,sellside,1759978800,2025-10-09,3,40.739693165047065,-0.9322603350529333,0.29234388073934076,0.9247983567617638,1.731176722186948,0.7247983567617668,1.731176722186948,2.224798356761755,1.688338183250543,2.074798356761763,1.688338183250543,-0.04516479769609035,0.004618705758321555,0.004876898029605447,0.006080304589673461
ETH,sellside,1759999500,2025-10-09,8,41.764661588215745,0.03256341481726283,0.16138045284440974,3.911396941299155,3.179883389433732,3.611396941299152,3.179883389433732,3.911396941299155,3.119062587733329,3.6613969412991376,3.119062587733329,-1.1710857490534587,0.11706838363771213,0.005649016173521604,0.01012328387723075
ETH,sellside,1760110500,2025-10-10,15,51.62075970503167,-0.693713153479789,0.16853684544188907,4.793443987911946,4.494385395898849,4.843443987911952,4.494385395898849,4.793443987911946,4.212772339730169,4.843443987911952,4.212772339730169,-0.6671734433354843,0.0724808485562751,0.006457983310818418,0.01563051968627947
ETH,sellside,1760110500,2025-10-10,15,51.62075970503167,-0.693713153479789,0.35935154976403005,4.602629283589804,4.3035706915767085,4.65262928358981,4.3035706915767085,4.602629283589804,4.021957635408028,4.65262928358981,4.021957635408028,-0.6671734433354843,0.0724808485562751,0.006457983310818418,0.01563051968627947
ETH,sellside,1760108700,2025-10-10,15,51.62075970503167,3.0189404590419042,0.38802218554037,1.2520393080001695,1.3956109286427367,1.3020393080001755,1.3956109286427367,1.2520393080001695,1.3460263360843159,1.3020393080001755,1.3460263360843159,-0.6671734433354843,0.0724808485562751,0.006457983310818418,0.01241916087667176
ETH,sellside,1760124600,2025-10-10,19,54.75761812618209,-1.3285822592275054,0.26206399202631725,2.496721785618053,4.598067703335281,2.346721785618049,4.598067703335281,2.6467217856180483,4.555213017310026,2.596721785618061,4.555213017310026,-5.18941491109399,0.5047246891651862,0.010036981041596622,0.006924968950103107
ETH,sellside,1760130000,2025-10-10,21,63.34564540288335,-1.2422321929080513,0.3630873101650187,3.634254249168811,4.849859777696613,3.5342542491688045,4.849859777696613,3.684254249168807,4.773399356640349,3.734254249168803,4.773399356640349,-5.365798988047387,0.5493422115912984,0.010271794883009493,0.02349491393134244
ETH,sellside,1760131200,2025-10-10,21,126.32095644553453,-2.9894485493610223,0.5224786279104611,4.403648264083407,4.649641723940743,1.4536482640834079,4.649641723940743,4.4536482640834105,4.406464558662002,4.4536482640834105,4.406464558662002,-3.8516966122702265,0.6714646499496286,0.011650492059604611,0.0494608942160773
ETH,sellside,1760130900,2025-10-10,21,126.32095644553453,-1.2958261606464152,1.3853599982474347,2.274152038205922,2.7437319868816528,2.224152038205922,2.7437319868816528,2.3241520382059253,2.5938116731617806,2.3241520382059253,2.5938116731617806,-3.8516966122702265,0.6714646499496286,0.011650492059604611,0.02858404096280125
ETH,buyside,1760378400,2025-10-13,18,62.22276956340324,-0.10076697074067997,0.29105101118242727,1.310135427378128,1.3454384224713176,1.1101354273781234,1.3454384224713176,1.310135427378128,1.3248971134526306,1.2601354273781196,1.3248971134526306,0.5972090323323661,0.0645564782321666,0.008309589917742149,0.005340810580987638
ETH,sellside,1760423700,2025-10-14,6,58.192722621470466,0.26326315920382426,0.5404455846579723,1.9111595419050118,1.9647385495115084,1.8611595419050042,1.9647385495115084,1.9111595419050118,1.9497385319273668,1.0111595419050154,1.9497385319273668,-1.7185997749330444,0.14136688105166514,0.009197034595364929,0.009646463402972748
ETH,buyside,1760517000,2025-10-15,8,56.28238257482235,-0.36103659920555253,0.23044511278032356,0.8700906389492868,2.1189512549398404,0.8200906389492825,2.1189512549398404,0.8700906389492868,2.108581828739813,0.8200906389492825,2.108581828739813,2.2340916330761194,0.2847889110346058,0.007696075364545952,0.004081514845004893
ETH,sellside,1760629800,2025-10-16,15,57.660058555003495,0.25632995127642305,0.21713470838842133,1.173438912368154,1.3125470819135014,1.173438912368154,1.3125470819135014,1.023438912368157,1.2982767369908057,1.023438912368157,1.2982767369908057,0.5992016114073488,0.08305088819980347,0.005473114641085204,0.008055162326324118
ETH,sellside,1760630700,2025-10-16,16,61.43291151536039,-0.8046175703009062,0.28632860735570986,1.72440258280485,1.7857932324024912,2.5744025828048507,1.7857932324024912,1.8244025828048458,1.7560121544455465,1.624402582804847,1.7560121544455465,-1.1213858874778448,0.132621041486188,0.007910562580584993,0.009609855782766864
ETH,buyside,1760862000,2025-10-19,8,33.021241472861654,-1.9872057219268806,0.8440021863776598,1.2205582167613425,1.381060839617749,1.5705582167613379,1.381060839617749,1.2205582167613425,1.374826504100179,1.2205582167613425,1.374826504100179,0.3431124783516055,0.05537905078449802,0.0032213278853203088,0.0034667623695048143
ETH,sellside,1761019500,2025-10-21,4,35.8797051789356,1.2812256893066125,0.6321122173912093,3.5851416453457285,2.8164833608112985,3.6351416453457226,2.8164833608112985,3.5351416453457216,2.7542568586393292,3.5351416453457216,2.7542568586393292,-3.6717135590440324,0.41148175912044244,0.0045054857335388564,0.004055072941325407
ETH,buyside,1761062700,2025-10-21,16,50.21878626956412,-1.3094701183539972,0.20430601299136636,2.9987308995195883,2.927043253108481,3.84873089951958,2.927043253108481,3.048730899519585,2.9126080730048773,2.8987308995195855,2.9126080730048773,2.6336757581128163,0.23771523059779298,0.010495459681083825,0.012332526828113815
ETH,buyside,1761062700,2025-10-21,16,50.21878626956412,-1.3094701183539972,0.22800232443967428,2.97503458807128,2.9033469416601734,3.8250345880712717,2.9033469416601734,3.025034588071277,2.8889117615565696,2.8750345880712773,2.8889117615565696,2.6336757581128163,0.23771523059779298,0.010495459681083825,0.012332526828113815
ETH,sellside,1761093600,2025-10-22,0,54.00640755190455,-0.30959289384191163,0.09998813557095519,0.8122973415811275,2.30778869792991,3.6122973415811246,2.30778869792991,0.7122973415811252,2.2699091433933236,0.7122973415811252,2.2699091433933236,-1.8347822877269913,0.14887990744775126,0.011354603095558536,0.008885425087553654
ETH,sellside,1761093300,2025-10-22,0,54.00640755190455,-0.22682493717484825,0.04092107029847508,0.5678818990743557,2.0951868371002798,3.367881899074353,2.0951868371002798,0.46788189907435335,2.0866027640670346,0.46788189907435335,2.0866027640670346,-1.8347822877269913,0.14887990744775126,0.011354603095558536,0.008347244731254533
ETH,buyside,1761280500,2025-10-24,4,36.91411198061201,0.4870765957865505,0.681040356956274,2.370006323507467,1.877513318741205,2.420006323507469,1.877513318741205,2.370006323507467,1.8431643542112386,2.370006323507467,1.8431643542112386,1.4921122856464482,0.1582758620689653,0.00543839520547683,0.0046191845867715724
ETH,buyside,1761417600,2025-10-25,18,21.49894410202551,-0.2735018041860797,0.25257054366164206,1.3966055451233488,1.205532304920759,1.3466055451233558,1.205532304920759,1.446605545123363,1.1931014068876444,1.446605545123363,1.1931014068876444,1.0558658086776274,0.1298775603615975,0.0025869896313740603,0.003151310056812959
ETH,buyside,1761470700,2025-10-26,9,20.126929654701808,-0.2692909496374137,0.9107201304158358,0.8844138597418549,1.2211348093147996,1.7844138597418635,1.2211348093147996,0.8844138597418549,1.1910706189105205,0.7844138597418514,1.1910706189105205,0.8724629290835847,0.11378952825298362,0.002297019227209585,0.0021108078769483236
ETH,buyside,1761479100,2025-10-26,11,23.967709753288794,0.3045764520324472,0.864079222135868,3.9672713286156913,2.790724961802046,3.867271328615696,2.790724961802046,4.0172713286156885,2.6978125678579863,3.9672713286156913,2.6978125678579863,1.7890737346782253,0.23231119297865607,0.0027165930010537714,0.0041110202305764156
ETH,buyside,1761516300,2025-10-26,22,29.487277124072936,0.7976321415177087,2.238253458340467,1.3071471784745694,2.8987756289842803,1.3071471784745694,2.8987756289842803,1.3071471784745694,2.6315939266751744,1.3571471784745672,2.6315939266751744,4.0369953284977145,0.4198349439232586,0.004384647995460434,0.0047261775031737585
ETH,buyside,1761532200,2025-10-27,2,31.36943986725968,0.42939880523840657,0.003187815926028836,4.724324496925882,4.382687375624531,2.4243244969258875,4.382687375624531,4.674324496925885,4.348675985639719,4.674324496925885,4.348675985639719,8.328487888388393,0.7097142236227361,0.005538758884557979,0.006702910045628153
ETH,sellside,1761679500,2025-10-28,19,42.71061553169464,1.770988290811895,0.22430020922762894,1.2126049226619744,1.2867392879990156,0.962604922661977,1.2867392879990156,1.1626049226619835,1.2571077197527227,1.2626049226619867,1.2571077197527227,-1.8388871015384243,0.18064308385850317,0.006320586621257851,0.008830623759295036
ETH,sellside,1761754200,2025-10-29,16,34.26076303981862,-1.1794833627328998,0.15557154969973327,1.4777015983000552,2.3419052352924035,1.6777015983000483,2.3419052352924035,1.4777015983000552,2.2855807120569223,1.6777015983000483,2.2855807120569223,-5.349851659374202,0.45938494699115284,0.005952604655272929,0.004956470503065697
ETH,sellside,1761763200,2025-10-29,18,45.988770172088515,-0.9028291003354397,0.2485389358582354,2.5016493639220627,2.8039493908030297,2.6516493639220546,2.8039493908030297,2.5016493639220627,2.6863061221752815,2.6516493639220546,2.6863061221752815,-2.209669874183221,0.23564604396623676,0.006676073774257736,0.011307476085735305
ETH,sellside,1761763200,2025-10-29,18,45.988770172088515,-0.9028291003354397,1.3922964184604627,1.3578918813198355,1.660191908200802,1.5078918813198274,1.660191908200802,1.3578918813198355,1.542548639573054,1.5078918813198274,1.542548639573054,-2.209669874183221,0.23564604396623676,0.006676073774257736,0.011307476085735305
ETH,sellside,1761828600,2025-10-30,12,43.8748149057862,0.46427546289918364,0.05857574568733354,2.9823831382066963,2.643214355551943,1.2323831382066956,2.643214355551943,2.9823831382066963,2.635303041967038,2.782383138206693,2.635303041967038,-3.074884766800655,0.22853319329866348,0.008608712152880437,0.0102195352652113
ETH,sellside,1761853200,2025-10-30,19,47.43177859022295,-0.581255875690125,0.1054145585219662,3.957397576701082,2.8672333232919125,2.107397576701076,2.8672333232919125,4.257397576701081,2.847019976821427,3.8073975767010824,2.847019976821427,-3.8883214056412414,0.30770642507966606,0.008186380777126214,0.0054651917766853205
ETH,buyside,1762013400,2025-11-01,16,22.32824065198663,-0.8137676534036916,0.14779489577501098,1.9644437690486216,2.0660969697362797,1.814443769048622,2.0660969697362797,1.9644437690486216,2.0463907308368308,1.9644437690486216,2.0463907308368308,3.246113347204147,0.3442903287098614,0.003321794440833878,0.006504464693569774
ETH,buyside,1762059600,2025-11-02,5,19.019995361533383,-0.27392225397364944,0.22029448064293633,1.7160595896605284,1.679576323239706,1.666059589660532,1.679576323239706,1.7160595896605284,1.6457303328478732,1.7160595896605284,1.6457303328478732,0.7129339278086314,0.08032223670181218,0.002731911995914581,0.0026473083820679998
ETH,sellside,1762134000,2025-11-03,1,26.220645314555735,1.8348137287564417,0.4015919468676951,0.7590764426644997,1.3605075705420848,0.7590764426644997,1.3605075705420848,0.7590764426644997,1.319973265556156,2.1090764426645054,1.319973265556156,-0.266202449110787,0.023933616787820897,0.004799695054258894,0.0035673672392091053
ETH,sellside,1762137300,2025-11-03,2,28.25988493494461,1.5976710486945438,0.6132367502519661,1.9410477118479426,2.27823178605407,1.9410477118479426,2.27823178605407,1.9410477118479426,2.152169675422852,3.191047711847934,2.152169675422852,-1.5070832771628064,0.13680896855224844,0.004994487790480771,0.005659149645550142
ETH,sellside,1762167600,2025-11-03,11,36.734438898040864,-0.9715678548693849,0.3163244178644474,5.046250133999734,3.1782161453815525,3.3962501339997297,3.1782161453815525,4.996250133999725,3.167496787884473,1.0462501339997263,3.167496787884473,-4.357219132821347,0.4128023933563751,0.006036940178063426,0.004615518923662884
ETH,sellside,1762167600,2025-11-03,11,36.734438898040864,-0.9715678548693849,0.46604767933213054,4.896526872532051,3.0284928839138696,3.2465268725320464,3.0284928839138696,4.846526872532042,3.01777352641679,0.8965268725320432,3.01777352641679,-4.357219132821347,0.4128023933563751,0.006036940178063426,0.004615518923662884
ETH,sellside,1762183800,2025-11-03,15,45.68874581976682,0.5042817347380965,0.37230174947460565,1.5326053548892458,2.527991592409601,1.7326053548892528,2.527991592409601,1.5326053548892458,2.4224757461304387,1.4826053548892515,2.4224757461304387,-2.598232844216994,0.2885723314777459,0.006474771093213787,0.009083474775405442
ETH,sellside,1762275300,2025-11-04,16,56.858879543720285,1.341391188360544,0.12064958112171896,1.3122724266622539,1.9152050067667847,1.3622724266622575,1.9152050067667847,1.3122724266622539,1.8937876397206568,1.3622724266622575,1.8937876397206568,-1.9634576146397142,0.18480995894583438,0.010696195806441712,0.008006516103667368
ETH,sellside,1762279500,2025-11-04,18,61.94005430045269,0.5142068465988919,0.3023891440124735,2.5213503482029456,2.7101031420728123,2.271350348202948,2.7101031420728123,2.5213503482029456,2.682560125494938,2.121350348202943,2.682560125494938,-4.183399626081796,0.39480741101901456,0.01134233836431745,0.01232363395162419
ETH,sellside,1762514700,2025-11-07,11,41.79162801654145,0.14500511914974465,0.2959922976703312,1.417101659322165,1.8558803363345526,1.3671016593221723,1.8558803363345526,1.5171016593221724,1.8101366360230944,1.4671016593221688,1.8101366360230944,-2.843871024908581,0.24344032281190428,0.00824598676424096,0.006553661651162163
ETH,buyside,1762536300,2025-11-07,17,52.85565932547433,0.6597212189763365,0.16119371338338664,1.033357061602264,1.4097971126361342,1.7333570616022607,1.4097971126361342,1.1833570616022657,1.398556148062317,1.1833570616022657,1.398556148062317,-0.38690275101996857,0.05483602820904803,0.006380220642084797,0.013317568293384537
ETH,buyside,1762536300,2025-11-07,17,52.85565932547433,0.6597212189763365,0.16119371338338664,1.033357061602264,1.4097971126361342,1.7333570616022607,1.4097971126361342,1.1833570616022657,1.398556148062317,1.1833570616022657,1.398556148062317,-0.38690275101996857,0.05483602820904803,0.006380220642084797,0.013317568293384537
ETH,buyside,1762577100,2025-11-08,4,41.265507898789124,-0.8093926792787679,0.18271918568149295,4.418079177322549,3.547369534716366,4.918079177322549,3.547369534716366,0.9680791773225497,3.520823387915947,4.168079177322544,3.520823387915947,2.8054907329372063,0.22585302093290943,0.008388312421088985,0.006573035474332743
ETH,buyside,1762698000,2025-11-09,14,34.04943757744761,1.2675686610631876,0.060206574494434055,2.5142838227157775,2.3878315538278105,2.664283822715777,2.3878315538278105,2.5142838227157775,2.3277302605805548,2.6142838227157728,2.3277302605805548,1.7365925609051591,0.19023260303059533,0.00501804138635163,0.003925823150139493
ETH,sellside,1762872600,2025-11-11,14,38.53924319157519,0.36637979448144875,0.503901955299562,1.0690613891788034,1.367972292624982,0.8690613891788104,1.367972292624982,1.1190613891788106,1.3540212841728587,0.9190613891788058,1.3540212841728587,-0.2327497702902654,0.02116015191903902,0.006006455769178754,0.010741147780934471
ETH,sellside,1762964100,2025-11-12,16,45.54085640515391,-0.33157040055775117,0.7375794539559487,0.9017025963388483,1.4895080535061724,0.6017025963388514,1.4895080535061724,1.0517025963388467,1.4580839216931805,1.0517025963388467,1.4580839216931805,-1.2573325255587429,0.11849675096229521,0.008449783425529262,0.011892946695456834
ETH,sellside,1763049300,2025-11-13,15,49.11656267317046,0.8610130208297443,0.09406195687475356,1.2291132258072808,1.6532932364501711,1.0791132258072795,1.6532932364501711,0.979113225807288,1.6491972598445435,1.0791132258072795,1.6491972598445435,0.3210729566915362,0.041270838240297036,0.006713059258437242,0.018398072621341185
ETH,sellside,1763051400,2025-11-13,16,50.941093910801136,1.163108120601963,0.008244817057433063,1.203230424817984,1.8985175349205212,1.3532304248179883,1.8985175349205212,1.2532304248179884,1.8934629516881976,1.3532304248179883,1.8934629516881976,-0.2443999342024431,0.03034143250554482,0.007368710084179304,0.014256212281294938
ETH,sellside,1763051400,2025-11-13,16,50.941093910801136,1.163108120601963,0.0687068088119303,1.1427684330634866,1.838055543166024,1.292768433063491,1.838055543166024,1.1927684330634911,1.8330009599337003,1.292768433063491,1.8330009599337003,-0.2443999342024431,0.03034143250554482,0.007368710084179304,0.014256212281294938
ETH,sellside,1763060100,2025-11-13,18,54.71257587206834,0.05867024077802181,0.18496661578615814,4.193541092475034,4.005002536126658,4.193541092475034,4.005002536126658,4.14354109247503,3.9657111952007598,4.243541092475029,3.9657111952007598,-3.0773546541418737,0.3329115175481943,0.009000260533557774,0.013301955748248993
ETH,buyside,1763286900,2025-11-16,9,29.80627960439684,-0.07750044724331139,0.5908150978159116,0.6414262319920688,1.3146386495102804,1.09142623199208,1.3146386495102804,0.5914262319920794,1.2733439426209596,0.49142623199207014,1.2733439426209596,2.2283894830739697,0.2140923156266114,0.005695163802898178,0.004192035136210291
ETH,sellside,1763308500,2025-11-16,15,35.772832626209514,1.6484576610462356,0.32930017376844245,1.128675873980034,1.6447038489857932,1.2286758739800288,1.6447038489857932,1.2286758739800288,1.6351005541422743,1.2286758739800288,1.6351005541422743,-0.39135844081138504,0.03924426753377803,0.007175936092222217,0.004727515035062589
ETH,sellside,1763310900,2025-11-16,16,38.05905886719456,0.34814313318243895,0.026274953447731245,2.6608929154650833,2.8718350761494094,2.760892915465079,2.8718350761494094,2.760892915465079,2.8495218139155463,2.760892915465079,2.8495218139155463,-2.1256437339214598,0.1912258308514157,0.008386805524325329,0.01311821804647319
ETH,sellside,1763312700,2025-11-16,17,39.80198323382352,-0.8228233203256369,0.005778606524424777,2.869781977542837,2.929782692060222,2.969781977542839,2.929782692060222,2.969781977542839,2.9051153021182663,2.969781977542839,2.9051153021182663,-3.8538280642671556,0.3500057045065588,0.008508255014340962,0.007522558947181004
ETH,sellside,1763408100,2025-11-17,19,52.82351837101222,0.5631961088060693,0.33185975755867253,3.7063912318174084,2.2053442993487034,1.2563912318174058,2.2053442993487034,3.7063912318174084,2.1453768844468373,3.506391231817407,2.1453768844468373,-1.2515258740561115,0.13949317409744033,0.009113707034817679,0.00755039571634054
ETH,sellside,1763570400,2025-11-19,16,47.16817105436627,0.8242846633842633,0.1963188267216603,3.105755716523754,2.585582317875693,2.005755716523751,2.585582317875693,3.155755716523751,2.522034629954448,2.755755716523755,2.522034629954448,-3.795355978370682,0.3556217719507349,0.009101533971718135,0.009744834109582884
ETH,sellside,1763574000,2025-11-19,17,48.17187312191152,0.4249367664860274,0.07992215686229343,3.943972674136034,3.042024569086128,4.0439726741360404,3.042024569086128,3.993972674136042,2.9726680852741354,4.0439726741360404,2.9726680852741354,-3.84394436004967,0.3633990776175057,0.009148911167220658,0.012104224804970186
ETH,sellside,1763571900,2025-11-19,17,48.17187312191152,0.40293222459666933,0.08905611764655688,3.3500576331411565,2.661337524791177,3.4500576331411623,2.661337524791177,3.4000576331411643,2.637643746646899,3.4500576331411623,2.637643746646899,-3.84394436004967,0.3633990776175057,0.009148911167220658,0.009271310764332972
ETH,sellside,1763656800,2025-11-20,16,45.541295786057255,1.018416344978037,0.026130130455453142,3.5753461495756924,2.179355184320381,0.5753461495756986,2.179355184320381,3.2753461495756993,2.163142048730824,0.5753461495756986,2.163142048730824,0.12054992958018948,0.012016021361815244,0.008825839030320254,0.01201494413616752
ETH,sellside,1763709900,2025-11-21,7,52.95640055532466,0.3053455263279636,0.004154360902426064,1.17969195281041,2.183955903179147,1.1296919528104123,2.183955903179147,1.17969195281041,2.173179483515579,1.17969195281041,2.173179483515579,-4.7063243986838605,0.42649348871434106,0.011634395994582465,0.007039623834973732
ETH,buyside,1763862900,2025-11-23,1,31.30571783968133,0.4481609420952673,0.2839736831950686,1.884020578094235,1.8531643172714531,1.7840205780942326,1.8531643172714531,1.884020578094235,1.8334424167310126,1.7340205780942386,1.8334424167310126,-0.054622609478468455,0.006057171194786014,0.005994241097366375,0.004780159520225472
ETH,buyside,1763950500,2025-11-24,2,32.0717213535347,-0.581820969143078,0.07046706271508368,0.9427610485505047,1.2648182210382195,0.6927610485504992,1.2648182210382195,0.8927610485505093,1.2573203317783264,0.8427610485504997,1.2573203317783264,-0.4639601297346689,0.046462249422344656,0.006142335154155136,0.011820900940440105
ETH,buyside,1764005100,2025-11-24,17,38.508705442574424,1.299186753359089,0.20592746260518519,1.5126009095744575,1.5418939931062363,1.4626009095744592,1.5418939931062363,1.5126009095744575,1.5278923822070014,1.4126009095744612,1.5278923822070014,1.7151965832374276,0.1686110331095404,0.007499825348365604,0.007035051423334839
ETH,buyside,1764178500,2025-11-26,17,34.7171126299125,0.7244266039086061,0.5904868938420029,1.563261068588419,1.518352393030854,1.81326106858842,1.518352393030854,1.513261068588416,1.4862992675032898,1.563261068588419,1.4862992675032898,0.2834337090441656,0.03220316795392111,0.006020111177106609,0.010761925327086641
ETH,buyside,1764178500,2025-11-26,17,34.7171126299125,0.7244266039086061,0.6768996100140033,1.4768483524164184,1.4319396768588537,1.7268483524164198,1.4319396768588537,1.4268483524164157,1.3998865513312893,1.4768483524164184,1.3998865513312893,0.2834337090441656,0.03220316795392111,0.006020111177106609,0.010761925327086641
ETH,buyside,1764210300,2025-11-27,2,30.80316149184642,-0.28049068931729215,0.08992583442232704,4.282648229092841,3.0621226726735395,4.532648229092848,3.0621226726735395,4.282648229092841,3.0301712028382566,4.182648229092846,3.0301712028382566,3.110070374606124,0.28754952575339066,0.007663521316747042,0.006906557272884543
ETH,buyside,1764320100,2025-11-28,8,23.654733893509825,-0.2752091834685961,0.27055895148987774,2.5666635683521783,2.4072752915006435,2.5666635683521783,2.4072752915006435,2.5666635683521783,2.2550686267222164,0.46666356835217165,2.2550686267222164,-1.1105599461935909,0.12075384968972656,0.0042223294996656035,0.00412491060195556
ETH,buyside,1764320100,2025-11-28,8,23.654733893509825,-0.2752091834685961,1.4090202895558557,1.4282022302862005,1.2688139534346654,1.4282022302862005,1.2688139534346654,1.4282022302862005,1.1166072886562386,-0.6717977697138063,1.1166072886562386,-1.1105599461935909,0.12075384968972656,0.0042223294996656035,0.00412491060195556
ETH,sellside,1764437700,2025-11-29,17,20.897062812625613,-0.029669241345501363,0.580942886991064,0.7446331861505389,1.5085986094742159,0.6946331861505547,1.5085986094742159,0.7446331861505389,1.4750995761444423,0.594633186150543,1.4750995761444423,-1.5174381339774434,0.17152593714502112,0.0034360119643347987,0.0024947655622694497
ETH,sellside,1764550200,2025-12-01,0,29.84403022955227,0.2312020175199912,0.2563326715982508,5.733239318809764,4.45054675445375,2.683239318809765,4.45054675445375,5.733239318809764,4.216486509760634,5.733239318809764,4.216486509760634,-0.20272060956461815,0.027236303065771333,0.004488105938259274,0.01600108996228631
ETH,sellside,1764548700,2025-12-01,0,29.84403022955227,1.812757847511788,0.12364281806503898,4.6821078275630965,3.9580142532722147,1.6321078275630982,3.9580142532722147,4.6821078275630965,3.8456995787984027,4.6821078275630965,3.8456995787984027,-0.20272060956461815,0.027236303065771333,0.004488105938259274,0.016546035229700305
ETH,sellside,1764547800,2025-12-01,0,29.84403022955227,2.853502001739443,1.4032957237300034,2.2286858387495476,1.941813363144359,1.5786858387495555,1.941813363144359,2.2286858387495476,1.7942629001560668,2.2286858387495476,1.7942629001560668,-0.20272060956461815,0.027236303065771333,0.004488105938259274,0.004526257600237742
ETH,sellside,1764603300,2025-12-01,15,32.35755308829593,0.09951308713652278,1.009037979815907,2.3353541123631496,3.099151026459112,2.2853541123631365,3.099151026459112,2.3853541123631485,3.078245097667861,2.5353541123631462,3.078245097667861,-6.510381036080191,0.594815902416985,0.011413604172471765,0.00909811376209317
ETH,sellside,1764602400,2025-12-01,15,32.35755308829593,2.2928186132478405,0.15483247408506715,1.6542148451306076,2.521527532458361,1.6042148451305944,2.521527532458361,1.7042148451306067,2.4915484326205335,1.8542148451306042,2.4915484326205335,-6.510381036080191,0.594815902416985,0.011413604172471765,0.0070647836585702
ETH,buyside,1764736200,2025-12-03,4,30.507175226013572,0.3140244853555462,0.21077008776994055,1.300473306905159,3.7288269251413415,5.400473306905172,3.7288269251413415,1.7504733069051641,3.674307861586661,5.400473306905172,3.674307861586661,7.399898493633793,0.5624766413354922,0.00967548068400167,0.003299624880860762
ETH,buyside,1764773100,2025-12-03,14,32.54168657936146,-1.5423294019379894,1.4344677521909746,1.2566958877430565,2.656817330963508,6.506695887743051,2.656817330963508,1.2066958877430567,2.484602645662925,6.506695887743051,2.484602645662925,6.001225521109176,0.5132322409397909,0.009145093353829055,0.023293224435760335
ETH,buyside,1764799500,2025-12-03,22,36.886955039263114,1.0361386555035033,0.18678690048193167,3.011884641897116,2.476951929137595,1.0118846418971192,2.476951929137595,3.011884641897116,2.4192848089156325,1.4618846418971159,2.4192848089156325,3.9816243938722757,0.5136212624584734,0.00460202761543632,0.005087624154201007
ETH,buyside,1764810900,2025-12-04,1,37.21068885614467,-0.6406761264798085,0.3842981798934996,4.4001095877715155,3.287501577138853,2.4501095877715153,3.287501577138853,4.4001095877715155,3.206173906249509,4.550109587771506,3.206173906249509,4.9031610434664525,0.6509329622890614,0.004322258946957822,0.010084080843390955
ETH,sellside,1764951000,2025-12-05,16,39.93628778954966,1.1533370413073973,0.06835888238752105,1.843451946292481,1.7368301755223607,1.6934519462924875,1.7368301755223607,1.843451946292481,1.7183206981993895,1.8934519462924828,1.7183206981993895,-1.568999110037374,0.19333539031163263,0.005245555175401741,0.007936750402529422
ETH,sellside,1765117500,2025-12-07,14,24.288403155474104,0.604815388890201,0.9914196435994515,2.6558924240589534,2.420197815907432,2.6558924240589534,2.420197815907432,2.6558924240589534,2.393114678257208,2.6558924240589534,2.393114678257208,-0.9700102493024539,0.14721319670082322,0.0028351255393532604,0.006229427066460548
ETH,buyside,1765128000,2025-12-07,17,36.075510835487094,1.6301917460902489,0.34566385093938,0.9465604276643391,1.8108256738413369,3.596560427664341,1.8108256738413369,0.8965604276643482,1.7488890981666896,3.396560427664339,1.7488890981666896,-0.42660518572231415,0.04821881755804205,0.009160551787896393,0.009842321316739355
ETH,buyside,1765128000,2025-12-07,17,36.075510835487094,1.6301917460902489,0.6503026417833072,0.6419216368204119,1.5061868829974097,3.291921636820414,1.5061868829974097,0.591921636820421,1.4442503073227624,3.091921636820412,1.4442503073227624,-0.42660518572231415,0.04821881755804205,0.009160551787896393,0.009842321316739355
ETH,buyside,1765184700,2025-12-08,9,33.23897376724194,0.03820815915958293,0.4521800253295648,0.5932687816440635,2.856855886201044,6.293268781644064,2.856855886201044,0.5932687816440635,2.80934765973404,6.093268781644058,2.80934765973404,3.411657676139189,0.207601054481547,0.012000591843677577,0.004491358563222866
ETH,buyside,1765295700,2025-12-09,15,35.39949767212567,3.175186298999543,0.004802328032296754,4.273763094438035,3.6646376252461668,4.273763094438035,3.6646376252461668,4.223763094438037,3.4979491016616238,4.223763094438037,3.4979491016616238,0.4483114463089196,0.055468176575442514,0.004977805618907578,0.018966863674048543
ETH,buyside,1765295700,2025-12-09,15,35.39949767212567,3.175186298999543,0.22260202879107496,4.0559633936792565,3.4468379244873883,4.0559633936792565,3.4468379244873883,4.005963393679259,3.2801494009028453,4.005963393679259,3.2801494009028453,0.4483114463089196,0.055468176575442514,0.004977805618907578,0.018966863674048543
ETH,buyside,1765295700,2025-12-09,15,35.39949767212567,3.175186298999543,0.46695577866960186,3.81160964380073,3.2024841746088613,3.81160964380073,3.2024841746088613,3.7616096438007323,3.0357956510243183,3.7616096438007323,3.0357956510243183,0.4483114463089196,0.055468176575442514,0.004977805618907578,0.018966863674048543
ETH,buyside,1765295700,2025-12-09,15,35.39949767212567,3.175186298999543,0.9005777509973852,3.3779876714729467,2.768862202281078,3.3779876714729467,2.768862202281078,3.3279876714729486,2.602173678696535,3.3279876714729486,2.602173678696535,0.4483114463089196,0.055468176575442514,0.004977805618907578,0.018966863674048543
ETH,buyside,1765295100,2025-12-09,15,35.39949767212567,3.7201092857228764,0.659048899961382,2.4833422080448675,2.0757006998607688,2.4833422080448675,2.0757006998607688,2.43334220804487,2.019879731053965,2.43334220804487,2.019879731053965,0.4483114463089196,0.055468176575442514,0.004977805618907578,0.014242080375418905
ETH,buyside,1765295100,2025-12-09,15,35.39949767212567,3.7201092857228764,1.0212009315732447,2.121190176433005,1.7135486682489065,2.121190176433005,1.7135486682489065,2.0711901764330074,1.6577276994421026,2.0711901764330074,1.6577276994421026,0.4483114463089196,0.055468176575442514,0.004977805618907578,0.014242080375418905
ETH,buyside,1765392000,2025-12-10,18,34.89119968447066,-0.8592424528567726,0.9073921300015234,2.159155051346991,1.9014096017557551,2.409155051346992,1.9014096017557551,2.159155051346991,1.8253205277115256,2.1091550513470034,1.8253205277115256,-0.16021231859471252,0.01814287105254666,0.005134814272726901,0.005834761449191906
ETH,sellside,1765463700,2025-12-11,14,31.926185351036025,-0.15723770142921506,0.46576187654432083,0.8752376363693408,4.422566256132074,6.125237636369341,4.422566256132074,0.825237636369335,4.354597281940809,7.425237636369335,4.354597281940809,-3.9917077032149892,0.3670295489891139,0.005867628045261236,0.0037211658205679532
ETH,sellside,1765555200,2025-12-12,16,37.96038834594008,0.051369337484883065,0.4546844948662439,4.309495838833636,3.4692826046883884,4.159495838833637,3.4692826046883884,4.209495838833633,3.3888601384832073,4.10949583883363,3.3888601384832073,1.3745907845956102,0.1778459441036122,0.00579358961260614,0.014543164783107151
ETH,sellside,1765553700,2025-12-12,15,37.96038834594008,1.7960827844716132,0.48260833985802765,2.468102664375346,2.040695867016491,2.3181026643753473,2.040695867016491,2.3681026643753427,2.0135760999427954,2.2681026643753395,2.0135760999427954,1.3745907845956102,0.1778459441036122,0.00579358961260614,0.014579625313727142
ETH,sellside,1765712700,2025-12-14,11,17.793245357397353,-2.1446340582346712,0.9093338328678289,1.7818064647667862,1.628966441815119,1.7818064647667862,1.628966441815119,1.8318064647667869,1.6008806664504929,1.8818064647667876,1.6008806664504929,-0.6620489833858406,0.15586133897856067,0.0012895147222499847,0.004575545138687093
ETH,sellside,1765755300,2025-12-14,23,25.832860112557597,-0.7726593150364056,0.8078857667740316,1.8898728119482993,1.8275282516813705,1.989872811948289,1.8275282516813705,1.9398728119482853,1.7358393360025446,1.8898728119482993,1.7358393360025446,-1.5638996156047495,0.253069406163868,0.0030009757916200615,0.007069896041680588
ETH,sellside,1765755300,2025-12-14,23,25.832860112557597,-0.7726593150364056,0.9898245834409309,1.7079339952813999,1.645589435014471,1.8079339952813895,1.645589435014471,1.757933995281386,1.5539005193356454,1.7079339952813999,1.5539005193356454,-1.5638996156047495,0.253069406163868,0.0030009757916200615,0.007069896041680588
ETH,buyside,1765765200,2025-12-15,2,29.121856292743825,-0.6235866222760226,0.3615840932030118,1.3994548314148674,1.6219549655575716,1.3494548314148729,1.6219549655575716,1.3994548314148674,1.6103146374964998,1.4494548314148774,1.6103146374964998,-0.4841724324940491,0.06797801562047957,0.003978090379737017,0.008581567025751028
ETH,buyside,1765764600,2025-12-15,2,29.121856292743825,-0.11812433814039476,0.06489970903643241,1.1886166232224262,1.4263147075642588,1.1386166232224317,1.4263147075642588,1.1886166232224262,1.4324190536884962,1.2386166232224365,1.4324190536884962,-0.4841724324940491,0.06797801562047957,0.003978090379737017,0.00830079113101557
ETH,sellside,1765811100,2025-12-15,15,33.955958303953174,0.2235248356726988,0.31747005646267346,2.0555067191140775,2.338919609613983,2.105506719114073,2.338919609613983,2.0555067191140775,2.251288473811234,2.0555067191140775,2.251288473811234,-1.054012367421058,0.1067943783009589,0.007148955027272234,0.014272039563251552
ETH,sellside,1765824000,2025-12-15,18,37.88176763621904,-1.0860105683311783,0.3418531079214537,4.972509780401627,4.208165732104963,2.9725097804016225,4.208165732104963,4.972509780401627,4.1279872067596575,6.072509780401627,4.1279872067596575,-4.343514314856893,0.4074385895404118,0.008106834160523707,0.008103160149738959
ETH,buyside,1765983600,2025-12-17,15,32.03233144565835,-2.8480599407747853,0.4695256111942635,1.7143839263192744,1.3505470580941181,0.5643839263192769,1.3505470580941181,1.0143839263192833,1.3155880983846175,0.9643839263192778,1.3155880983846175,0.0989625124658147,0.01276116098385754,0.004777084261117989,0.02312610224214921
ETH,sellside,1765988400,2025-12-17,16,43.211755175082985,-0.11802344013419526,0.35869869060393317,1.1690365047153717,1.6866958179284848,1.4690365047153706,1.6866958179284848,1.7190365047153735,1.6289164005626713,1.7690365047153698,1.6289164005626713,-0.7852030046575198,0.09853919205413446,0.008537070536037212,0.01899907646805143
ETH,sellside,1766087700,2025-12-18,19,44.76852739686258,0.11190897470420981,0.15635984489609472,1.0288861612191775,2.2713124822846957,0.9788861612191763,2.2713124822846957,1.0288861612191775,2.2536035955196,0.928886161219175,2.2536035955196,0.16306098110592124,0.019536477011185892,0.01050858468275647,0.014769889651640902
ETH,sellside,1766087100,2025-12-18,19,44.76852739686258,-0.012508787591686358,0.06745810451231474,0.8316493854431053,2.121361501685071,0.7816493854431041,2.121361501685071,0.8316493854431053,2.1026933524370737,0.7316493854431029,2.1026933524370737,0.16306098110592124,0.019536477011185892,0.01050858468275647,0.013565825708165299
ETH,buyside,1766157600,2025-12-19,15,35.79926616196391,-0.08352126511399288,0.6312978567145048,1.252973261772747,2.9098651143418275,2.2029732617727507,2.9098651143418275,1.252973261772747,2.832328464517665,2.2029732617727507,2.832328464517665,0.32514632974145063,0.027519031632701068,0.010929280933977886,0.017948895297934683
ETH,sellside,1766324100,2025-12-21,13,16.128421328765885,-0.5450006433253661,0.8376517282509495,0.9100051016368115,1.3724272572140062,2.660005101636815,1.3724272572140062,0.9600051016368156,1.291200890191321,0.5600051016368107,1.291200890191321,0.6584649410825202,0.1164218373163753,0.0018655313867190148,0.0075238882638879135
ETH,buyside,1766362500,2025-12-22,0,20.656262667919595,-0.7542506720829317,0.7436001491138627,2.656286715636075,2.3590627022290693,1.306286715636071,2.3590627022290693,2.656286715636075,2.328245054249934,2.906286715636087,2.328245054249934,1.0776392785985853,0.11127774445110836,0.004234944682589455,0.005548412909643931
ETH,buyside,1766362500,2025-12-22,0,20.656262667919595,-0.7542506720829317,1.2722533801244986,2.127633484625439,1.8304094712184336,0.777633484625435,1.8304094712184336,2.127633484625439,1.7995918232392982,2.377633484625451,1.7995918232392982,1.0776392785985853,0.11127774445110836,0.004234944682589455,0.005548412909643931
ETH,buyside,1766362500,2025-12-22,0,20.656262667919595,-0.7542506720829317,1.5917690691968545,1.8081177955530832,1.5108937821460777,0.4581177955530792,1.5108937821460777,1.8081177955530832,1.4800761341669424,2.0581177955530956,1.4800761341669424,1.0776392785985853,0.11127774445110836,0.004234944682589455,0.005548412909643931
ETH,buyside,1766406900,2025-12-22,12,22.138100932146187,-0.20733485740572807,0.76067952041662,1.27308231657538,2.3628262910517277,0.6730823165753825,2.3628262910517277,1.4230823165753794,2.324775893399844,3.1230823165753856,2.324775893399844,2.6388894051508203,0.24433291509828517,0.004624907350429154,0.0030418144144098913
ETH,sellside,1766497200,2025-12-23,13,22.231322155301235,0.3279157195003629,0.26449169144885865,1.3955861222331325,2.823462053112008,1.4455861222331368,2.823462053112008,2.44558612223314,2.729475715894367,2.44558612223314,2.729475715894367,-4.559332966880246,0.3979583824106793,0.004541118092884273,0.003645873885423911
ETH,sellside,1766497200,2025-12-23,13,22.231322155301235,0.3279157195003629,0.6108498588223493,1.0492279548596417,2.4771038857385173,1.099227954859646,2.4771038857385173,2.0992279548596495,2.383117548520876,2.0992279548596495,2.383117548520876,-4.559332966880246,0.3979583824106793,0.004541118092884273,0.003645873885423911
ETH,sellside,1766587200,2025-12-24,14,23.71252490968372,-0.894885723086133,0.5157611872452069,1.4375428523928113,1.7994889447278075,1.1375428523928148,1.7994889447278075,1.4375428523928113,1.7506944349879676,1.087542852392825,1.7506944349879676,0.5794406142885544,0.04696151479937038,0.0059904661179711865,0.003953010791296825
ETH,buyside,1766677500,2025-12-25,15,16.025459592771494,-0.35318799858650396,0.32697970187159914,1.4157972247163781,1.5794196343986258,1.2657972247163785,1.5794196343986258,1.4157972247163781,1.5464183888945662,1.4157972247163781,1.5464183888945662,0.4549011501229094,0.057861735058337777,0.00231182985024065,0.005068056687972632
ETH,sellside,1766703300,2025-12-25,22,16.878191241701206,0.7317134770630533,0.3317891070083329,2.1446643556640623,1.9218919436199868,3.144664355664061,1.9218919436199868,2.1446643556640623,1.8968333227511764,3.2946643556640813,1.8968333227511764,-0.7631149461191846,0.08939478067740225,0.002969683063987807,0.006011912497539286
ETH,buyside,1766716200,2025-12-26,2,22.489831582003028,-0.8163689413615839,0.24811212923733916,2.154607795348317,2.1284080213856997,0.7046077953483192,2.1284080213856997,2.154607795348317,2.077338251380985,0.9546077953483167,2.077338251380985,-1.5295801515706968,0.20515267175572266,0.003610741727355821,0.00982430196375936
ETH,buyside,1766715600,2025-12-26,2,22.489831582003028,-0.45175971918483204,0.5042278755468637,1.399599918206726,1.574952161602033,0.29959991820672055,1.574952161602033,1.399599918206726,1.4627614097233672,0.19959991820672557,1.4627614097233672,-1.5295801515706968,0.20515267175572266,0.003610741727355821,0.007965653319950606
ETH,buyside,1766873700,2025-12-27,22,10.242021908792594,-1.1003686674722777,0.7791430316263364,1.0548290697253735,1.1113896917128538,1.3048290697253735,1.1113896917128538,1.3048290697253735,1.0975866985765907,1.1048290697254002,1.0975866985765907,0.3524694666881162,0.05492164917085085,0.0012937383103783185,0.0012647516511008884
ETH,buyside,1766935500,2025-12-28,15,10.271285975099142,-0.8246289725097932,0.03310198945140983,1.7436751374790787,1.984520042229191,1.6936751374790966,1.984520042229191,1.893675137479069,1.9508088620818478,1.443675137479098,1.9508088620818478,1.8683152281537783,0.1998750130194782,0.0018114352593004163,0.002687508500420125
ETH,buyside,1766974200,2025-12-29,2,16.45531699683828,0.1154641992229719,1.453633497585981,3.1953625627716273,2.7571624240773174,3.1953625627716273,2.7571624240773174,3.14536256277161,2.5136208498298833,3.0953625627716206,2.5136208498298833,2.044931738869882,0.272051095480635,0.0023738653358662677,0.0047553956096503674
ETH,sellside,1767010500,2025-12-29,12,22.52118109883394,-0.5958834903509972,0.170950181658068,5.54671339734761,3.2674297375913537,3.896713397347612,3.2674297375913537,5.596713397347616,3.2138520817515213,1.8467133973476046,3.2138520817515213,0.9089221346858961,0.08775238993440958,0.00500591026921823,0.006893527669455517
ETH,sellside,1767010500,2025-12-29,12,22.52118109883394,-0.5958834903509972,0.499973778044117,5.217689800961561,2.938406141205305,3.5676898009615625,2.938406141205305,5.267689800961567,2.884828485365472,1.5176898009615556,2.884828485365472,0.9089221346858961,0.08775238993440958,0.00500591026921823,0.006893527669455517
ETH,buyside,1767190200,2025-12-31,14,17.457240435176278,-1.7081737580879603,1.0471299898674484,1.8848382660333858,1.6958781533359888,0.5348382660333785,1.6958781533359888,1.8848382660333858,1.6331384403679132,1.8848382660333858,1.6331384403679132,0.05384585287064947,0.005895634721525713,0.002963718189479144,0.0035806996766335327
ETH,buyside,1767325500,2026-01-02,3,13.018702605498863,-0.6682693555289524,0.5315429816391375,3.0196057574887787,2.8530199231347058,1.719605757488801,2.8530199231347058,3.0196057574887787,2.714650843855404,3.0196057574887787,2.714650843855404,1.7121521764069696,0.24267827980402695,0.001582357578909559,0.004427001439588044
ETH,buyside,1767348600,2026-01-02,10,15.554140084832898,-0.8730794454681562,0.6287715004917814,4.464459997322008,3.225133334606747,3.364459997322014,3.225133334606747,4.41445999732201,3.106062712071543,4.41445999732201,3.106062712071543,4.060012296120356,0.41896105619319113,0.0026460363325878484,0.004654488121280186
ETH,buyside,1767365400,2026-01-02,14,20.54829120582343,0.5981032620618572,0.5596572427755392,1.2887915082622885,2.564451235591173,3.4887915082622927,2.564451235591173,1.238791508262289,2.4556338872044954,-0.21120849173769923,2.4556338872044954,3.169119969525483,0.41189120809614005,0.0027439378715850937,0.00971502458985512
ETH,buyside,1767485400,2026-01-04,0,15.827727249368081,0.8346112990118302,0.5679905812351363,2.9934661620172562,2.633220612887797,3.893466162017255,2.633220612887797,3.043466162017264,2.4625763172924366,0.49346616201726357,2.4625763172924366,-0.24577123036759305,0.037278390033539784,0.0017932758186958604,0.0030491852747126665
ETH,buyside,1767574200,2026-01-05,0,15.504437252655205,2.5689419971162684,0.5224310865338374,1.853294554521723,1.613198547064314,1.7532945545217393,1.613198547064314,1.7532945545217393,1.5983032462845796,1.7532945545217393,1.5983032462845796,-0.8416945283044898,0.12705676175640213,0.0016992068191981691,0.00448905640655317
ETH,buyside,1767575400,2026-01-05,1,18.51840602032271,-0.037260226352247905,1.1064667216775232,2.1110423684903723,1.8464311444532944,1.9610423684903864,1.8464311444532944,2.0110423684903815,1.740750821538476,1.9610423684903864,1.740750821538476,0.9730859114021065,0.15191367391670707,0.0022648121328533236,0.0055838777494768965
ETH,buyside,1767636000,2026-01-05,18,27.14483624511886,0.5496441336124458,0.3378174735406095,2.2781379639161536,1.9085623352270236,1.1281379639161584,1.9085623352270236,2.078137963916161,1.874354349516149,2.02813796391615,1.874354349516149,1.70934904823173,0.19344617693654587,0.004205081034407185,0.008421809286763353
ETH,buyside,1767708900,2026-01-06,14,23.832857258843124,0.25133369175773757,0.44476412898696,2.223198096785589,2.4443091595369273,1.4731980967855982,2.4443091595369273,2.2731980967856007,2.373101202987365,1.373198096785593,2.373101202987365,2.991668150638736,0.32370834468355497,0.004065830893565221,0.004040026967151844
ETH,buyside,1767708900,2026-01-06,14,23.832857258843124,0.25133369175773757,0.7695258609076397,1.898436364864909,2.1195474276162476,1.1484363648649183,2.1195474276162476,1.9484363648649212,2.048339471066685,1.0484363648649133,2.048339471066685,2.991668150638736,0.32370834468355497,0.004065830893565221,0.004040026967151844
ETH,sellside,1767796500,2026-01-07,14,26.935082925942915,1.1126752452332054,0.6359735385667257,2.4919593629137293,2.402964559300368,0.8919593629137315,2.402964559300368,2.4919593629137293,2.281739040584236,1.3919593629137308,2.281739040584236,-2.4521921904455386,0.17830629268687775,0.007060570120698237,0.005912342084918526
ETH,sellside,1767810600,2026-01-07,18,28.563393207201635,0.5282985775021672,0.04691319376096723,3.018432310080953,3.051227612196569,1.8684323100809577,3.051227612196569,3.118432310080965,2.9973785474569334,1.418432310080967,2.9973785474569334,-2.340408211134563,0.20489165415146937,0.006150194350782313,0.003465313502372227
ETH,sellside,1767853500,2026-01-08,6,27.34321394833446,-0.1642089334664069,0.17481485567249352,1.5156211028103894,2.194781377987309,2.5656211028103835,2.194781377987309,1.6156211028103873,2.169367257124574,1.5656211028103884,2.169367257124574,-3.925654102067911,0.4266974081729978,0.004840095571906774,0.004502418760844624
ETH,sellside,1767853200,2026-01-08,6,27.34321394833446,0.25637074022261236,0.2212614805059777,1.271684892070746,1.9790933128943944,2.32168489207074,1.9790933128943944,1.3716848920707438,1.941177409039108,1.321684892070745,1.941177409039108,-3.925654102067911,0.4266974081729978,0.004840095571906774,0.0037369874149151446
ETH,sellside,1767881400,2026-01-08,14,27.967911263350697,0.14838433806954593,0.03575526218543197,2.991813517611274,2.4558615059696325,4.041813517611273,2.4558615059696325,3.091813517611269,2.404181308099162,2.791813517611267,2.404181308099162,-3.376011855548489,0.3484904406879748,0.004690548390892011,0.004942559473110782
ETH,buyside,1768122000,2026-01-11,9,9.186497558825787,0.11320963112876459,0.4473957537877434,0.7752694033009239,1.0371375553049353,0.9752694033009279,1.0371375553049353,0.7752694033009239,1.0044823524866915,0.12526940330093514,1.0044823524866915,0.5475427351708927,0.06614069690992896,0.001261697074638171,0.0011434437700274707
ETH,buyside,1768149300,2026-01-11,16,11.986212658359586,-0.5014094252539932,0.1518411237874071,2.7473422071740075,3.428303129519422,2.797342207173999,3.428303129519422,3.3973422071740105,3.1261876510630042,0.34734220717399883,3.1261876510630042,1.9080255500097096,0.24152497623824637,0.001734129217788895,0.0031871992062291665
ETH,buyside,1768184400,2026-01-12,2,18.670937202201426,1.2409660934035878,0.2977890150765643,1.9012433376285964,1.6976634826585704,1.951243337628582,1.6976634826585704,1.8012433376285768,1.6550473126001468,1.8012433376285768,1.6550473126001468,1.7358528738546106,0.2432270168855533,0.00229736517865496,0.006361063904105105
ETH,sellside,1768227900,2026-01-12,14,20.7707729185178,-2.036996897803415,0.6335825850884585,1.8018206278336102,2.4130813928678223,2.8518206278336136,2.4130813928678223,1.7518206278336215,2.3365546633614187,1.9018206278336094,2.3365546633614187,-0.7857194368270412,0.08366656413411305,0.003641516986543961,0.005783181699584684
ETH,sellside,1768227600,2026-01-12,14,20.7707729185178,-0.7346861890919546,0.2792385253429495,1.1335739499439466,1.7814763032966927,2.18357394994395,1.7814763032966927,1.083573949943958,1.7498128346670387,1.233573949943946,1.7498128346670387,-0.7857194368270412,0.08366656413411305,0.003641516986543961,0.002880265001347802
ETH,buyside,1768320000,2026-01-13,16,22.37375744937909,-0.16179669455120296,0.1823564955162752,2.252009989480862,2.501505659247624,1.5020099894808685,2.501505659247624,2.252009989480862,2.4243318774784512,1.652009989480855,2.4243318774784512,0.6632770572209801,0.08171806167400945,0.003366939683298795,0.006356021332288163
ETH,buyside,1768320000,2026-01-13,16,22.37375744937909,-0.16179669455120296,0.7589248269280421,1.6754416580690952,1.924937327835857,0.9254416580691016,1.924937327835857,1.6754416580690952,1.8477635460666846,1.0754416580690882,1.8477635460666846,0.6632770572209801,0.08171806167400945,0.003366939683298795,0.006356021332288163
ETH,buyside,1768342500,2026-01-13,22,32.8196521722325,0.46313714478851115,1.7955705225254746,5.194471901640226,4.339368482943902,0.4944719016402234,4.339368482943902,5.244471901640221,3.800980665368614,-1.2055280983597783,3.800980665368614,3.4854117100235764,0.5678895894355358,0.003641715408643972,0.024259022643774955
ETH,buyside,1768407300,2026-01-14,16,30.261016098414125,0.2868376914962457,0.17084687385203218,1.2163720096958008,2.1339493834944627,1.5163720096958033,2.1339493834944627,1.2663720096957962,2.1028709198553748,1.2663720096957962,2.1028709198553748,5.453220720128036,0.4435544565100532,0.009050795950191752,0.008490919767670486
ETH,sellside,1768448700,2026-01-15,3,32.455176568491574,-0.6729280906517267,0.07641307989085705,1.497749870823838,1.8887900890427016,2.747749870823836,1.8887900890427016,1.497749870823838,1.8672376391071472,1.497749870823838,1.8672376391071472,-1.1609858267288145,0.11586003320828869,0.005499860680439902,0.008019271969307752
ETH,sellside,1768502700,2026-01-15,18,33.248845357221,0.10827443664049101,0.12872627467259304,2.6851101923504075,1.8010726048418682,1.5851101923504107,1.8010726048418682,1.4851101923504122,1.7644592446307075,1.4851101923504122,1.7644592446307075,-1.1413930195851996,0.11167348380072369,0.005383578922783826,0.0067936693212409935
ETH,sellside,1768577700,2026-01-16,15,24.10878184989963,0.06387713861230923,0.26338950012218665,1.2854764818870643,1.3142458249616662,0.8854764818870586,1.3142458249616662,1.2854764818870643,1.2719985478413625,1.2854764818870643,1.2719985478413625,-1.515215502277743,0.188386364808417,0.0032300508666686604,0.01004629049022693
ETH,buyside,1768743900,2026-01-18,13,10.525895790863064,0.2413096282223119,0.029451175097993932,1.3623238124598362,1.3140072932240734,1.2623238124598137,1.3140072932240734,1.3623238124598362,1.3069314613577154,1.412323812459826,1.3069314613577154,1.7870213019140704,0.14490409059394666,0.0022400775136687426,0.0016816819737837654
ETH,sellside,1768780200,2026-01-18,23,17.830451699263758,4.2006787749013,0.572615891745559,1.1036318710529378,1.7801373793171011,1.8036318710529282,1.7801373793171011,1.1036318710529378,1.6900116350482879,1.1036318710529378,1.6900116350482879,2.2551307548568924,0.29365369166727684,0.002260078370801399,0.008742400476476777
ETH,sellside,1768781100,2026-01-19,0,24.192562292173495,1.8456085577361416,1.5157551133747886,2.611772801764059,2.957746283633431,3.11177280176406,2.957746283633431,2.611772801764059,2.5012888613799955,-0.9882271982359471,2.5012888613799955,-0.8473678708530981,0.10372394252175704,0.004817720120247198,0.009483127107958862
ETH,sellside,1768864200,2026-01-19,23,18.02270084152834,-0.8838852811279843,0.6824726276129364,1.9595837956809945,2.4245801514744256,1.4595837956809872,2.4245801514744256,2.0095837956809977,2.334137553608137,2.2595837956809888,2.334137553608137,-5.272794618053571,0.45181381638378193,0.005107777181375841,0.006008204193819674
ETH,sellside,1768919700,2026-01-20,14,24.509612195962934,1.0673363491368812,0.23786586068302654,2.1943050882648207,3.5943707398283027,2.144305088264824,3.5943707398283027,2.1943050882648207,3.492080076078963,4.694305088264829,3.492080076078963,-5.467650770177158,0.5797032486914376,0.004743370879916796,0.00966601370248985
ETH,sellside,1768918800,2026-01-20,14,24.509612195962934,2.184857090836392,0.10485682023249138,2.0294717988721223,3.5889074325501666,1.9794717988721255,3.5889074325501666,2.0294717988721223,3.5190273589586805,4.529471798872131,3.5190273589586805,-5.467650770177158,0.5797032486914376,0.004743370879916796,0.005838521778390432
ETH,sellside,1768918800,2026-01-20,14,24.509612195962934,2.184857090836392,0.38474700964683317,1.7495816094577807,3.3090172431358247,1.6995816094577838,3.3090172431358247,1.7495816094577807,3.2391371695443385,4.249581609457789,3.2391371695443385,-5.467650770177158,0.5797032486914376,0.004743370879916796,0.005838521778390432
ETH,sellside,1768948500,2026-01-20,22,30.35540077774041,-0.38872818996523056,0.8156703375880547,5.415574179491964,4.537248245955169,3.8155741794919624,4.537248245955169,1.9155741794919716,4.368473438025939,-0.03442582050802483,4.368473438025939,-6.439381295974777,0.6696241992394881,0.005088573638666153,0.004217070871605284
ETH,sellside,1768948500,2026-01-20,22,30.35540077774041,-0.38872818996523056,1.28181473487685,4.949429782203168,4.0711038486663735,3.349429782203167,4.0711038486663735,1.449429782203176,3.9023290407371434,-0.5005702177968203,3.9023290407371434,-6.439381295974777,0.6696241992394881,0.005088573638666153,0.004217070871605284
ETH,sellside,1768998000,2026-01-21,12,26.970963246602395,-0.8572181789952509,0.19057532180083975,2.2219201807572664,3.2512598501288545,0.9719201807572694,3.2512598501288545,2.2219201807572664,3.1992779135263194,1.2219201807572655,3.1992779135263194,-6.240044097097696,0.5013106159895152,0.005446435747330589,0.0062355416280469025
ETH,sellside,1768997700,2026-01-21,12,26.970963246602395,-0.7348643731697992,0.24619068808513286,1.860420299909361,2.949390804141292,0.6104202999093641,2.949390804141292,1.860420299909361,2.894829771218492,0.8604202999093601,2.894829771218492,-6.240044097097696,0.5013106159895152,0.005446435747330589,0.004782949495301061
ETH,sellside,1769014200,2026-01-21,16,37.820764038062514,0.5489048285515206,0.07138935631449855,2.846320894183019,2.0581637652674916,1.2463208941830164,2.0581637652674916,2.1463208941830185,2.0178659339690044,1.4463208941830183,2.0178659339690044,-0.1753005305056167,0.02051551814834331,0.006343313127329328,0.015162837637556511
ETH,sellside,1769013900,2026-01-21,16,37.820764038062514,-0.24589667174996085,0.06345720561288226,2.7802196383362565,2.0691680682065954,1.180219638336254,2.0691680682065954,2.0802196383362563,2.031055725666922,1.380219638336256,2.031055725666922,-0.1753005305056167,0.02051551814834331,0.006343313127329328,0.010201495513353538
ETH,sellside,1769013900,2026-01-21,16,37.820764038062514,-0.24589667174996085,0.1504464583072206,2.693230385641918,1.9821788155122573,1.0932303856419157,1.9821788155122573,1.993230385641918,1.9440664729725838,1.2932303856419176,1.9440664729725838,-0.1753005305056167,0.02051551814834331,0.006343313127329328,0.010201495513353538
ETH,sellside,1769179200,2026-01-23,14,25.021888322673526,-1.77164886312079,0.5443234269277015,1.7358836181753445,1.5326922774923453,1.335883618175338,1.5326922774923453,1.7358836181753445,1.4657130434516388,1.6858836181753483,1.4657130434516388,-0.42123119822452276,0.04275515171182875,0.004433932418361391,0.009665646546639569
ETH,buyside,1769189400,2026-01-23,17,31.057412042607044,-0.081140051094497,0.46140354451751764,1.0779848818483613,1.3354544969799587,1.5279848818483592,1.3354544969799587,1.127984881848366,1.2879900359028513,1.177984881848356,1.2879900359028513,0.20027425309831695,0.021248975129816352,0.005278333822126303,0.00866428828199334
ETH,sellside,1769312100,2026-01-25,3,11.44958947616416,-0.5746930939050889,0.5537316436714874,1.5618514344109684,1.2898713722975215,1.061851434410977,1.2898713722975215,1.5118514344109852,1.2446867351695847,1.4618514344109623,1.2446867351695847,-0.8166231653514572,0.10050521337203032,0.0018756051944220098,0.0016472398265253696
ETH,sellside,1769358000,2026-01-25,16,15.159581419729449,0.19591569963369476,0.4624138230411196,3.278175211969658,3.1123489158908266,1.5281752119696388,3.1123489158908266,3.3281752119696595,2.811485938778248,0.1781752119696307,2.811485938778248,-2.116813064392173,0.2596908634781885,0.002119583026046776,0.005198473951745145
ETH,sellside,1769364900,2026-01-25,18,18.701475815991195,1.15445434426833,1.0876146995098583,4.069180609037479,3.080888390016626,1.319180609037476,3.080888390016626,4.069180609037479,2.8139883939201993,0.2691806090374845,2.8139883939201993,-4.246188952216203,0.49603348116684093,0.002950348613802072,0.004746708411517953
ETH,buyside,1769487300,2026-01-27,4,25.38083783513978,-0.6012409873590654,0.22970084903691754,2.0520913698541716,1.5974597895128861,1.9520913698541833,1.5974597895128861,2.0520913698541716,1.5822517285505358,1.102091369854174,1.5822517285505358,2.9628651539582114,0.2747132315335716,0.004879991747687314,0.003755746744632458
ETH,buyside,1769530200,2026-01-27,16,24.741133019685783,0.2445320509447131,0.17339545430627584,1.6569748609758759,1.7549857426839326,2.206974860975876,1.7549857426839326,1.5069748609758793,1.7083059426792657,1.1069748609758756,1.7083059426792657,1.453045823382279,0.1679828045418428,0.00414668885506143,0.006714218352378859
ETH,buyside,1769530200,2026-01-27,16,24.741133019685783,0.2445320509447131,0.6361875176644654,1.1941827976176864,1.2921936793257431,1.7441827976176867,1.2921936793257431,1.0441827976176896,1.2455138793210763,0.6441827976176862,1.2455138793210763,1.453045823382279,0.1679828045418428,0.00414668885506143,0.006714218352378859
ETH,buyside,1769547000,2026-01-27,20,31.969781605977822,-0.21676719864436111,0.2730703671234087,2.466058034486174,2.4087700795664486,2.516058034486172,2.4087700795664486,2.466058034486174,2.3732305908797056,2.466058034486174,2.3732305908797056,2.4604484625347496,0.24785732291404064,0.007476302953401671,0.007045180176323902
ETH,buyside,1769595600,2026-01-28,10,23.548716599595625,-0.16221690824822954,0.19958624836824357,0.7101554675433059,2.4510223633507042,0.8101554675432978,2.4510223633507042,0.7601554675432922,2.4189608497314636,0.7601554675432922,2.4189608497314636,4.849945835348039,0.3187641296156754,0.007829619932551631,0.005015923405842632
ETH,sellside,1769654100,2026-01-29,2,26.30155176149818,1.0474667141248128,0.6904535582034963,1.0841647574315914,1.1227745840276988,0.8341647574315877,1.1227745840276988,1.0341647574315906,1.0739331361368618,1.0841647574315914,1.0739331361368618,-0.6885525296842239,0.0882252642860629,0.003739724656896693,0.004061331118528899
ETH,sellside,1769698500,2026-01-29,14,22.935151135096866,3.2875301128763037,0.3039003300629596,4.89156239502244,3.5010729292567597,4.241562395022452,3.5010729292567597,4.89156239502244,3.4102457128031434,4.89156239502244,3.4102457128031434,-3.355111965329339,0.4252555954683623,0.0034400251019420236,0.0056649119512302976
ETH,sellside,1769711700,2026-01-29,18,32.24822447858965,-0.43072138775336993,0.062329012914639825,1.1678590295718736,3.648559276406106,1.1178590295718736,3.648559276406106,1.1178590295718736,3.5326487073428,1.1178590295718736,3.5326487073428,-5.9280783079056745,0.6707483947931671,0.0061787658931412755,0.007099548863327538
ETH,sellside,1769711700,2026-01-29,18,32.24822447858965,-0.43072138775336993,0.4285507256120592,0.8016373168744543,3.2823375637086865,0.7516373168744542,3.2823375637086865,0.7516373168744542,3.1664269946453802,0.7516373168744542,3.1664269946453802,-5.9280783079056745,0.6707483947931671,0.0061787658931412755,0.007099548863327538
ETH,sellside,1769711700,2026-01-29,18,32.24822447858965,-0.43072138775336993,0.4285507256120592,0.8016373168744543,3.2823375637086865,0.7516373168744542,3.2823375637086865,0.7516373168744542,3.1664269946453802,0.7516373168744542,3.1664269946453802,-5.9280783079056745,0.6707483947931671,0.0061787658931412755,0.007099548863327538
ETH,sellside,1769737500,2026-01-30,1,36.16997148842145,-0.3914849643863469,0.4238322389860686,2.9577306681539373,3.9749576735306498,2.9577306681539373,3.9749576735306498,2.9577306681539373,3.7151785821943286,3.00773066815393,3.7151785821943286,-5.1896640300114365,0.49660043916505764,0.00818006153891522,0.01112188842480854
ETH,sellside,1769737500,2026-01-30,1,36.16997148842145,-0.3914849643863469,0.7475814574157426,2.633981449724263,3.6512084551009756,2.633981449724263,3.6512084551009756,2.633981449724263,3.3914293637646544,2.683981449724256,3.3914293637646544,-5.1896640300114365,0.49660043916505764,0.00818006153891522,0.01112188842480854
ETH,sellside,1769797200,2026-01-30,18,41.40430715295223,-2.18141556303182,0.7170751557397594,1.1800658880360428,1.4950765580992782,0.8800658880360427,1.4950765580992782,1.1800658880360428,1.4051983466566915,1.2300658880360429,1.4051983466566915,-1.2426243436446758,0.1533669180552651,0.007030212639979456,0.00973054848833019
ETH,sellside,1769849100,2026-01-31,8,32.20957903187834,-0.5836772961668658,0.4259602395430673,3.521901919971984,2.723194999325762,3.5719019199719835,2.723194999325762,3.521901919971984,2.6053399174513197,3.5719019199719835,2.6053399174513197,-1.7811471532496552,0.20851960891214877,0.006606698296572152,0.0064034317953186376
ETH,sellside,1769848800,2026-01-31,8,32.20957903187834,-0.31481317995383146,0.20118238718943385,3.135681411231774,2.386333516139053,3.1856814112317737,2.386333516139053,3.135681411231774,2.327139907255988,3.1856814112317737,2.327139907255988,-1.7811471532496552,0.20851960891214877,0.006606698296572152,0.005840172246573289
ETH,sellside,1769870100,2026-01-31,14,35.1650899719825,-0.42883439263243156,0.05659021494286799,5.390517619849249,4.722008122611227,0.6405176198492463,4.722008122611227,5.390517619849249,4.583164523746168,3.7405176198492507,4.583164523746168,-3.0791901879469497,0.4321174874291629,0.006453056658063825,0.01920388175875298
ETH,sellside,1769878800,2026-01-31,17,38.15474594522982,2.0789025856406442,0.16197198662706525,5.827497056284714,4.221236556196701,1.5774970562847102,4.221236556196701,5.927497056284715,4.1522916404412635,1.777497056284713,4.1522916404412635,-5.052058275442389,0.575299946278277,0.009380609196594508,0.014002572110430125
ETH,sellside,1769878200,2026-01-31,16,38.15474594522982,2.76610412113607,0.15594390298236802,5.468170852942136,4.017423829601705,1.2181708529421325,4.017423829601705,5.568170852942138,3.9073263681719435,1.4181708529421355,3.9073263681719435,-5.052058275442389,0.575299946278277,0.009380609196594508,0.011316183057484736
ETH,sellside,1769878200,2026-01-31,16,38.15474594522982,2.76610412113607,0.5634947754825235,5.060619980441981,3.609872957101549,0.810619980441977,3.609872957101549,5.160619980441982,3.499775495671788,1.01061998044198,3.499775495671788,-5.052058275442389,0.575299946278277,0.009380609196594508,0.011316183057484736
ETH,sellside,1769879700,2026-01-31,17,44.388692663427676,0.1378729499065023,0.06758477936593371,7.315439521546433,5.7172469979230724,3.6154395215464357,5.7172469979230724,7.365439521546439,5.395545841482181,3.81543952154644,5.395545841482181,-5.177444664626299,0.6175964742556148,0.010037566146204099,0.016305253499676875
ETH,sellside,1769987400,2026-02-01,23,50.270603184169545,-0.911666005520141,0.4143574709793694,1.2672318913305622,2.357214287801873,1.0172318913305605,2.357214287801873,1.0672318913305627,2.2825832435972493,1.0172318913305605,2.2825832435972493,-2.638122314031883,0.32390582258694733,0.009764230626722383,0.020337640698877606
ETH,sellside,1770002700,2026-02-02,3,56.24911280568167,-1.0499721160763686,0.260626332910251,2.2766087034355422,2.5607222873849427,2.0266087034355458,2.5607222873849427,2.0266087034355458,2.4811368021251377,2.0266087034355458,2.4811368021251377,-3.2567624778874062,0.3739868934120006,0.010992417721155548,0.013938344692196476
ETH,sellside,1770144600,2026-02-03,18,45.30683862941721,-1.589605502804564,0.041715556793952016,5.061948551542188,3.5668359328133965,0.661948551542194,3.5668359328133965,5.061948551542188,3.5011893165152617,4.761948551542188,3.5011893165152617,-3.313186365259548,0.3034793684167957,0.01261399005248535,0.01753879035850413
ETH,sellside,1770142800,2026-02-03,18,45.30683862941721,-0.5021317021494562,0.05849006640422438,4.163203078036126,2.9025850846331234,2.0132030780361343,2.9025850846331234,4.063203078036127,2.886183305304202,4.213203078036131,2.886183305304202,-3.313186365259548,0.3034793684167957,0.01261399005248535,0.014335525302674158
ETH,sellside,1770223200,2026-02-04,16,44.08474783542596,0.15243367218719,0.09073432868284775,2.7626416197978156,2.4753379003793445,4.212641619797808,2.4753379003793445,2.7626416197978156,2.4278532985885404,2.812641619797812,2.4278532985885404,-2.0136215892940985,0.14401129118606154,0.017353940053570906,0.015053726727372591
ETH,sellside,1770273000,2026-02-05,6,48.9031204656958,-0.7371717726129209,0.005112148215068774,0.8098161789239163,1.6663686227402021,0.9598161789239172,1.6663686227402021,0.8098161789239163,1.6550889211498605,0.9598161789239172,1.6550889211498605,-3.6014061745516477,0.4727292248228477,0.0091114659268153,0.016940717497449614
ETH,sellside,1770337200,2026-02-06,0,67.69595906870641,-2.064672720836169,0.02954386092632423,5.0945778285399745,3.4804680941375157,3.1445778285399735,3.4804680941375157,5.0945778285399745,3.425221745124262,5.194577828539973,3.425221745124262,-4.770594943078209,0.6088226977094927,0.013817913176286382,0.02902507777977186
ETH,sellside,1770336900,2026-02-06,0,67.69595906870641,-1.8495934132925291,0.3989898418100086,4.577412543024669,3.0230313315121946,2.627412543024668,3.0230313315121946,4.577412543024669,2.9776032306330995,4.677412543024668,2.9776032306330995,-4.770594943078209,0.6088226977094927,0.013817913176286382,0.020687988806368365
ETH,buyside,1770480600,2026-02-07,16,43.45058566682029,-0.5815801930443631,0.05155281489589424,1.503629044313682,1.597291199015157,1.503629044313682,1.597291199015157,1.503629044313682,1.5518469152883565,1.503629044313682,1.5518469152883565,0.3767498124311899,0.046987571399867485,0.009146117439935653,0.008420270814984601
ETH,buyside,1770539700,2026-02-08,8,29.47966876581881,-0.49661344963871207,0.09667679859771328,2.746636345523529,2.050910925303375,2.246636345523525,2.050910925303375,2.746636345523529,2.0250115881885233,2.1466363455235333,2.0250115881885233,2.2181388983521586,0.2796715281638949,0.006708677558545691,0.009564721642177197
ETH,buyside,1770592200,2026-02-08,23,31.216715563336948,-1.386757037657181,0.2168709897190829,1.946515421678142,1.3951218250571917,1.8465154216781419,1.3951218250571917,1.946515421678142,1.352575544203471,1.8465154216781419,1.352575544203471,0.683928453545408,0.07341563219971796,0.00768503328676608,0.008356542657401198
ETH,sellside,1770601500,2026-02-09,1,31.602831276550695,-0.8068897301274713,0.23732050886102096,0.611231687995543,1.2182078048886038,0.5612316879955437,1.2182078048886038,0.611231687995543,1.1988144544553412,0.7612316879955406,1.1988144544553412,-0.37559925869070576,0.03950214649405949,0.00784776434328143,0.00995345233349508
ETH,sellside,1770706200,2026-02-10,6,31.353504433736266,-0.006378872270011582,0.219752149701845,1.3113479050612462,2.114662197464761,3.7613479050612457,2.114662197464761,1.3613479050612471,2.0086865033046433,0.26134790506124234,2.0086865033046433,-0.9045240878874263,0.08749845736146995,0.008642379085889017,0.007011588130715851
ETH,sellside,1770734700,2026-02-10,14,28.502278531884155,-0.7595883948639766,0.18209070528147492,0.5956824598683028,2.256745059519616,0.5956824598683028,2.256745059519616,0.6456824598682998,2.22117680384201,0.5956824598683028,2.22117680384201,-0.744151032566516,0.06932958519922863,0.009099257039697316,0.01158215042038663
ETH,sellside,1770783900,2026-02-11,4,24.91263376545546,0.3560442498175164,0.4961338137254216,0.870737350398934,1.1584627877744125,0.870737350398934,1.1584627877744125,0.9707373503989403,1.127374217856377,0.870737350398934,1.127374217856377,-2.4425358062452798,0.26478395196031546,0.006900547125899052,0.006652833629057677
ETH,sellside,1770914100,2026-02-12,16,25.078688343464915,-0.3345470020239872,0.23725323743059776,2.6362623620948176,2.2246344934936517,2.536262362094818,2.2246344934936517,2.6362623620948176,2.155241107092526,2.5862623620948177,2.155241107092526,1.3214407207478946,0.13217932354818138,0.006576213833053712,0.012756323592729376
ETH,buyside,1770994200,2026-02-13,14,20.639079690597523,1.4225440494507886,0.038276900513149394,2.047347120292394,2.8923580249473324,4.147347120292397,2.8923580249473324,2.047347120292394,2.84297906102344,4.047347120292398,2.84297906102344,-0.3832535228595301,0.03521032717560696,0.007195803166716363,0.00832977823949691
ETH,buyside,1770996900,2026-02-13,15,23.69200256984055,0.6782879561416529,0.14772917526420626,3.6729308615183975,4.142646890280143,5.822930861518391,4.142646890280143,3.7229308615183907,4.078388887985039,2.122930861518398,4.078388887985039,1.7892113541284813,0.1972637163199776,0.006721708674382764,0.016313009618299113
ETH,buyside,1770995400,2026-02-13,15,23.69200256984055,1.6406380121484805,0.02785750162125378,2.3589853683827524,3.039146829801693,4.5089853683827466,3.039146829801693,2.4089853683827456,3.0443555465398,0.8089853683827531,3.0443555465398,1.7892113541284813,0.1972637163199776,0.006721708674382764,0.01041974154299153
ETH,buyside,1771056600,2026-02-14,8,16.101378334596298,0.526662986471129,1.095558382234772,1.163974267151911,3.517490771144261,3.2639742671519216,3.517490771144261,1.163974267151911,3.409441641580346,1.1139742671519088,3.409441641580346,6.102583142765686,0.6032662082514756,0.005927037451687731,0.0041662402337286665
ETH,buyside,1771346400,2026-02-17,16,23.67640368778015,-1.4736190707040222,0.07982631251449583,1.4096744922526814,1.263114960401363,1.4596744922526759,1.263114960401363,0.8096744922526797,1.2444031100011288,1.4596744922526759,1.2444031100011288,-0.21836086544969704,0.023348236462990907,0.006791004082204433,0.01157436704536615
ETH,buyside,1771401000,2026-02-18,7,18.58355130483707,0.1339894597730571,0.0005381102802125893,1.5121533113966945,2.228850169048242,3.312153311396688,2.228850169048242,1.562153311396694,2.218409114186997,1.562153311396694,2.218409114186997,0.8690481025441148,0.07242477241131828,0.007280017763844183,0.005770342845175132
ETH,buyside,1771401000,2026-02-18,7,18.58355130483707,0.1339894597730571,0.4407123194945144,1.0719791021823928,1.7886759598339401,2.871979102182386,1.7886759598339401,1.1219791021823922,1.778234904972695,1.1219791021823922,1.778234904972695,0.8690481025441148,0.07242477241131828,0.007280017763844183,0.005770342845175132
ETH,sellside,1771443600,2026-02-18,19,22.276436293088977,-0.9476381106141761,0.22894146679926342,3.0366438274997343,2.5654026812331807,2.536643827499737,2.5654026812331807,2.436643827499727,2.5096618072962733,2.4866438274997322,2.5096618072962733,-2.043414817392596,0.24817359066623124,0.005000570541555552,0.011039280418221825
ETH,sellside,1771443300,2026-02-18,19,22.276436293088977,-0.37708006296347646,0.006284667716062534,2.6613593838837013,2.2249740865958643,2.161359383883704,2.2249740865958643,2.061359383883694,2.2153025955533776,2.1113593838836993,2.2153025955533776,-2.043414817392596,0.24817359066623124,0.005000570541555552,0.00991071645123971
ETH,sellside,1771443300,2026-02-18,19,22.276436293088977,-0.37708006296347646,0.20470060560875544,2.4629434459910087,2.026558148703171,1.9629434459910111,2.026558148703171,1.8629434459910015,2.016886657660685,1.9129434459910062,2.016886657660685,-2.043414817392596,0.24817359066623124,0.005000570541555552,0.00991071645123971
ETH,sellside,1771508700,2026-02-19,13,17.09698615919432,-0.9878934124841116,0.5129559045284541,2.653413909492426,2.288754288147467,2.6034139094924247,2.288754288147467,2.653413909492426,2.2416683696086386,2.653413909492426,2.2416683696086386,-1.3674924798033452,0.15512208067940644,0.004356343916019771,0.0063717034813070075
ETH,buyside,1771673100,2026-02-21,11,11.733841865841772,-0.8428611969614782,0.08948475801916125,1.8611245723729841,2.4269416140103535,1.9611245723730006,2.4269416140103535,1.8611245723729841,2.382360903567282,1.9611245723730006,2.382360903567282,2.5728998519986668,0.23419439919323629,0.0038241151486782016,0.003961976259798941
ETH,buyside,1771672500,2026-02-21,11,11.733841865841772,-0.37668821947115844,0.020453658975809946,1.3182503737233917,1.9251319794616544,1.4182503737234082,1.9251319794616544,1.3182503737233917,1.8778463119454312,1.4182503737234082,1.8778463119454312,2.5728998519986668,0.23419439919323629,0.0038241151486782016,0.0034515367479906914
ETH,sellside,1771808700,2026-02-23,1,16.713120166790482,3.0652564864456298,0.4146442992595842,3.156998509776885,3.6363799390372225,3.2069985097768883,3.6363799390372225,3.156998509776885,3.208850665676233,0.20699850977687936,3.208850665676233,-2.8690034847758734,0.3953986971221242,0.004280809936893093,0.006846412017813389
ETH,sellside,1771808700,2026-02-23,1,16.713120166790482,3.0652564864456298,0.9986166456915467,2.573026163344922,3.0524075926052596,2.623026163344926,3.0524075926052596,2.573026163344922,2.6248783192442704,-0.37697383665508316,2.6248783192442704,-2.8690034847758734,0.3953986971221242,0.004280809936893093,0.006846412017813389
ETH,sellside,1771808700,2026-02-23,1,16.713120166790482,3.0652564864456298,1.9541533641872912,1.6174894448491777,2.096870874109515,1.6674894448491813,2.096870874109515,1.6174894448491777,1.6693416007485258,-1.3325105551508276,1.6693416007485258,-2.8690034847758734,0.3953986971221242,0.004280809936893093,0.006846412017813389
ETH,sellside,1771868400,2026-02-23,17,20.44822326331041,-1.2763945142769593,0.24892138228620425,3.276808071029914,2.3188752619903163,3.0768080710299204,2.3188752619903163,3.276808071029914,2.2965108713117406,1.0768080710299204,2.2965108713117406,-2.716617443221658,0.22074309556924293,0.010144173712400999,0.009183612798208042
ETH,sellside,1771940100,2026-02-24,13,18.48703382960557,0.22231797907017672,0.63882611504108,0.7206356060470314,2.215639945231711,0.7706356060470324,2.215639945231711,0.7206356060470314,2.146647959174119,0.5206356060470274,2.146647959174119,-5.299930800315438,0.6031765574981548,0.004714262926045035,0.003783931400615076
ETH,buyside,1771985400,2026-02-25,2,21.544099892273888,-0.6075909444095288,0.4335293675160416,5.164910215701946,4.254645322762135,1.464910215701952,4.254645322762135,5.114910215701942,4.157284540509087,5.164910215701946,4.157284540509087,3.471948253768755,0.3899082568807357,0.008425734180785632,0.021957408563720002
ETH,buyside,1772031300,2026-02-25,14,22.330536448544446,1.3810684786307557,0.1262844717814192,6.189624293657538,4.307948152758317,4.089624293657531,4.307948152758317,6.189624293657538,4.226867886936225,6.189624293657538,4.226867886936225,5.814459509254789,0.529052236981502,0.008941937044510993,0.014653376615398672
ETH,buyside,1772030100,2026-02-25,14,22.330536448544446,1.6757322461207236,0.01656923920535766,5.632987419812527,4.128794947278466,3.5329874198125206,4.128794947278466,5.632987419812527,4.036594266781646,5.632987419812527,4.036594266781646,5.814459509254789,0.529052236981502,0.008941937044510993,0.008567860102114123
ETH,buyside,1772037000,2026-02-25,16,24.597350305122507,1.428202613867881,0.14838996699737866,7.372140330410255,4.654276203605779,5.472140330410257,4.654276203605779,7.372140330410255,4.594361156377453,5.372140330410254,4.594361156377453,6.308403062734982,0.5731117266851351,0.009396392861392261,0.009038093948973713
ETH,buyside,1772055600,2026-02-25,21,29.10392577653625,-0.769999214953569,0.022677353050836537,2.6701991937634686,5.93918407549389,8.37019919376347,5.93918407549389,2.8201991937634783,5.645205020932978,2.9201991937634744,5.645205020932978,7.587636173056568,0.6870236132283858,0.009756508936389867,0.013476987223568397
ETH,buyside,1772055600,2026-02-25,21,29.10392577653625,-0.769999214953569,1.3991239639852469,1.2937525828290584,4.56273746455948,6.993752582829061,4.56273746455948,1.443752582829068,4.268758409998568,1.5437525828290641,4.268758409998568,7.587636173056568,0.6870236132283858,0.009756508936389867,0.013476987223568397
ETH,buyside,1772055600,2026-02-25,21,29.10392577653625,-0.769999214953569,1.5485883363657902,1.144288210448515,4.413273092178937,6.844288210448518,4.413273092178937,1.2942882104485247,4.119294037618024,1.3942882104485208,4.119294037618024,7.587636173056568,0.6870236132283858,0.009756508936389867,0.013476987223568397
ETH,sellside,1772191200,2026-02-27,11,24.171948415950048,0.38515720122325336,0.3570254185345402,2.2042398027562387,2.057326331692971,2.054239802756241,2.057326331692971,2.2042398027562387,2.0243014180448524,2.054239802756241,2.0243014180448524,-3.1797188491964192,0.2784379075496295,0.008166302950080667,0.007614463047499998
ETH,buyside,1772466600,2026-03-02,15,32.799873982418774,0.6707342842778095,0.0597563271447514,3.487436831497517,3.0387396861407217,3.587436831497511,3.0387396861407217,3.487436831497517,3.0144772632899155,3.337436831497518,3.0144772632899155,-0.4155503770321189,0.04353937070755509,0.009689754850814646,0.015465254259824776
ETH,buyside,1772466300,2026-03-02,15,32.799873982418774,0.5240873793970718,0.23231796573621977,3.2215821515474095,2.8150944665201645,3.3215821515474038,2.8150944665201645,3.2215821515474095,2.7847300444849408,3.0715821515474104,2.7847300444849408,-0.4155503770321189,0.04353937070755509,0.009689754850814646,0.016172279263228284
ETH,buyside,1772470200,2026-03-02,16,33.78845441224601,-1.088241549950073,0.19740470868009435,3.983043738305322,3.263926904340291,3.8330437383053235,3.263926904340291,3.93304373830532,3.236413650075941,3.93304373830532,3.236413650075941,2.169380081896664,0.20288972542072645,0.011823083176278986,0.022488261856269978
ETH,buyside,1772611500,2026-03-04,8,28.84168953794123,1.8303366011396442,0.2004043484483325,1.6086343073947127,1.551936556990794,2.2086343073947106,1.551936556990794,1.7586343073947122,1.5340885766029444,1.8086343073947093,1.5340885766029444,1.8532201426579602,0.2563180357742294,0.0058970829238420945,0.00845364440415294
ETH,buyside,1772619000,2026-03-04,10,28.972528224041184,-0.7210278591657565,0.1000948200852452,4.2623013717779,3.484021258177951,3.7623013717778937,3.484021258177951,3.7123013717778965,3.4669588378206297,4.4123013717779,3.4669588378206297,4.044521040547817,0.4352574102964121,0.008195821227567119,0.007160314261486722
ETH,buyside,1772640000,2026-03-04,16,32.69400348792341,-0.23979932598025516,0.17250869879191116,2.3483856491427315,3.5994399276431004,4.448385649142735,3.5994399276431004,2.3483856491427315,3.525245006641098,2.3483856491427315,3.525245006641098,3.3883889454199196,0.43436323713927183,0.007878185134333873,0.020765890048999484
ETH,buyside,1772640000,2026-03-04,16,32.69400348792341,-0.23979932598025516,0.28384410013989475,2.237050247794748,3.488104526295117,4.3370502477947515,3.488104526295117,2.237050247794748,3.413909605293114,2.237050247794748,3.413909605293114,3.3883889454199196,0.43436323713927183,0.007878185134333873,0.020765890048999484
ETH,sellside,1772789700,2026-03-06,9,22.576733635575774,-0.6077052695692088,0.2768336687177559,1.1631630723505892,1.641047992392204,0.8631630723505742,1.641047992392204,1.1631630723505892,1.631848862781996,1.1631630723505892,1.631848862781996,-2.1920797223746686,0.2048342369935013,0.006709361125016504,0.0045455512155598045
ETH,sellside,1772913300,2026-03-07,19,14.151387716809051,-0.9476102463132752,0.3222298824152466,1.7588731337480017,1.6283723947746174,1.6088731337480147,1.6283723947746174,1.6088731337480147,1.5928850483571757,1.6088731337480147,1.5928850483571757,-0.8847188876839758,0.11663871809204364,0.0027432089575248177,0.0037396729859294647
ETH,sellside,1772911200,2026-03-07,19,14.151387716809051,0.10670331632610203,0.12648936173756284,1.1659984158831092,1.1097028895296157,1.0159984158831221,1.1097028895296157,1.265998415883122,1.09977781516913,1.0159984158831221,1.09977781516913,-0.8847188876839758,0.11663871809204364,0.0027432089575248177,0.0030856243585565234
ETH,sellside,1772938500,2026-03-08,2,14.278692151735921,-0.13586678523384235,0.6548218772867926,1.8024398852398864,2.1027346818971404,2.3524398852398924,2.1027346818971404,1.7524398852398946,1.9718613711324045,1.5524398852398953,1.9718613711324045,-1.0204015777613498,0.12327608088670701,0.0032798936117457342,0.010418757048977625
ETH,sellside,1772972400,2026-03-08,12,16.175134695596338,-0.11251838295327639,0.2120538755657874,2.233257686081567,1.845565225696154,0.9832576860815659,1.845565225696154,2.233257686081567,1.7422081968745828,0.5332576860815678,1.7422081968745828,-1.9245589347997818,0.19045579687977898,0.005038876835668852,0.008149065308330603
ETH,buyside,1773026100,2026-03-09,3,22.198487843629092,-1.0203397708686983,0.07883419863223906,2.192836478796839,2.200910346895682,2.742836478796833,2.200910346895682,2.192836478796839,2.1541737595565307,2.2928364787968314,2.1541737595565307,0.5401268809145984,0.06367160533163384,0.005840579489400109,0.009396142815956923
ETH,buyside,1773025800,2026-03-09,3,22.198487843629092,-0.11397172716546439,0.1914544823925806,1.46125511548966,1.4897981378213698,2.0112551154896536,1.4897981378213698,1.46125511548966,1.4952353830106937,1.5612551154896523,1.4952353830106937,0.5401268809145984,0.06367160533163384,0.005840579489400109,0.008203374831174746
ETH,sellside,1773214800,2026-03-11,7,20.67484014779662,-0.6757005084505504,0.06529675636423288,1.3206817251828546,1.9406300666092913,2.9206817251828574,1.9406300666092913,1.3706817251828602,1.9238134634466286,2.7206817251828572,1.9238134634466286,-1.2914247369813665,0.11053154495777541,0.00725883830069225,0.003408490009015854
ETH,buyside,1773325200,2026-03-12,14,21.67170977816855,-1.1849549603081673,0.3142345513901326,0.8305723740625964,1.450601064706307,0.8305723740625964,1.450601064706307,0.8305723740625964,1.4154763574604765,0.8305723740625964,1.4154763574604765,0.12320209283578322,0.01603892593260075,0.004545660127420615,0.01067400891351542
ETH,buyside,1773325200,2026-03-12,14,21.67170977816855,-1.1849549603081673,0.43466805787005813,0.7101388675826709,1.3301675582263814,0.7101388675826709,1.3301675582263814,0.7101388675826709,1.2950428509805512,0.7101388675826709,1.2950428509805512,0.12320209283578322,0.01603892593260075,0.004545660127420615,0.01067400891351542
ETH,buyside,1773406200,2026-03-13,12,22.139687677244495,1.8234222898046022,0.19738309156417969,3.7814730327505477,2.6316170357024418,1.8814730327505582,2.6316170357024418,3.8814730327505504,2.5807465475587064,1.8814730327505582,2.5807465475587064,2.513585593946657,0.2206144697720523,0.007327783978444114,0.005096492328935128
ETH,buyside,1773408000,2026-03-13,13,24.72899570029845,-0.16822357245788383,0.0404383587639158,5.448950921850839,4.264066445902564,3.6989509218508387,4.264066445902564,5.498950921850837,4.111301659011953,3.6989509218508387,4.111301659011953,3.286829800331084,0.292542470486612,0.00766394024693968,0.010207908399748002
ETH,buyside,1773408000,2026-03-13,13,24.72899570029845,-0.16822357245788383,1.469529957480706,4.019859323134049,2.8349748471857743,2.2698593231340487,2.8349748471857743,4.069859323134047,2.682210060295162,2.2698593231340487,2.682210060295162,3.286829800331084,0.292542470486612,0.00766394024693968,0.010207908399748002
ETH,buyside,1773606900,2026-03-15,20,14.456903774133364,0.7684909696831453,0.3659151421803718,1.9556898887512217,1.5275423214748018,0.4556898887512255,1.5275423214748018,1.9556898887512217,1.4980931594265123,2.255689888751221,1.4980931594265123,1.9008219484152225,0.19099249374478536,0.00397605449737288,0.0018378783876811988
ETH,buyside,1773631800,2026-03-16,3,24.465749534789865,1.9651962810961918,0.013079509358365441,4.665714243550909,2.65752376871761,4.015714243550904,2.65752376871761,4.665714243550909,2.6235202372334614,1.3157142435509088,2.6235202372334614,3.447268185267314,0.41077342684589724,0.005962468619270571,0.010282684155200617
ETH,buyside,1773685800,2026-03-16,18,28.364568770054056,-0.17416094142123775,0.08249728804162712,2.7569631016034464,3.4737263104231766,3.506963101603436,3.4737263104231766,2.706963101603441,3.4609496476139587,2.806963101603436,3.4609496476139587,7.601032180246646,0.5779541067981991,0.008370431646895844,0.008441013845140496
ETH,sellside,1773833400,2026-03-18,11,21.834137127839167,1.449106956448393,0.06182978480421007,1.603295697342149,1.5424672995967474,1.7532956973421396,1.5424672995967474,1.653295697342139,1.5383786624201354,1.5532956973421383,1.5383786624201354,-0.6407397699340531,0.060107411385607774,0.004992930845221659,0.006062561315264182
ETH,sellside,1773905100,2026-03-19,7,24.22516585098247,-0.8280645062822716,0.4156834286272499,1.5918107890301594,2.593719995465243,1.541810789030173,2.593719995465243,1.6418107890301643,2.533305501313016,1.541810789030173,2.533305501313016,-5.659403978629096,0.44933141059255294,0.00782029427773505,0.006567716221564789
ETH,buyside,1774102500,2026-03-21,14,11.974643503065268,-0.9344745834926643,0.022547644105719494,1.024231189641313,2.2022114328452966,1.2742311896413017,2.2022114328452966,1.024231189641313,2.161832688386819,1.1742311896413213,2.161832688386819,2.2180201016590697,0.2503770739064843,0.002839552340065339,0.0022330037738697802
ETH,sellside,1774137300,2026-03-21,23,14.631715164544874,0.4278377435318591,0.006834468746540443,4.534744753946844,4.499621139060739,4.534744753946844,4.499621139060739,4.534744753946844,3.967105435213512,1.1847447539468619,3.967105435213512,0.254242237370397,0.05021598272138578,0.0018451398504787117,0.01102218346372111
ETH,sellside,1774137300,2026-03-21,23,14.631715164544874,0.4278377435318591,0.8980491932921696,3.643530029401215,3.60840641451511,3.643530029401215,3.60840641451511,3.643530029401215,3.075890710667883,0.29353002940123274,3.075890710667883,0.254242237370397,0.05021598272138578,0.0018451398504787117,0.01102218346372111
ETH,sellside,1774137300,2026-03-21,23,14.631715164544874,0.4278377435318591,2.094081223932396,2.447497998760989,2.4123743838748837,2.447497998760989,2.4123743838748837,2.447497998760989,1.8798586800276567,-0.9025020012389937,1.8798586800276567,0.254242237370397,0.05021598272138578,0.0018451398504787117,0.01102218346372111
ETH,sellside,1774137900,2026-03-22,0,16.823021224220234,-1.7987256626909682,0.6823982355483315,5.4286409053625535,4.397420315086186,1.6786409053625644,4.397420315086186,5.57864090536256,3.904393408109189,2.5286409053625536,3.904393408109189,-4.067640353534185,0.5181343227076584,0.006523480976070568,0.017925522132160834
ETH,sellside,1774213800,2026-03-22,21,16.979928916776892,-0.22143791169144286,1.2202642367676557,1.8871565114801994,2.2997608403277607,2.037156511480204,2.2997608403277607,1.9371565114802098,2.173016271767113,3.1371565114801907,2.173016271767113,-5.601908021300212,0.47798994974874315,0.007059670628829743,0.004312368529040902
ETH,buyside,1774264500,2026-03-23,11,29.272500956790278,-1.7989580076445237,0.7423349317530505,4.239674313727998,3.752491787573052,0.6396743137279975,3.752491787573052,4.08967431372799,3.428286707422341,1.68967431372799,3.428286707422341,-0.7153471454629041,0.10730757404940053,0.005346387848019685,0.05313641597057786
ETH,buyside,1774264500,2026-03-23,11,29.272500956790278,-1.7989580076445237,1.035101170368962,3.9469080751120864,3.4597255489571404,0.34690807511208593,3.4597255489571404,3.7969080751120785,3.1355204688064298,1.3969080751120784,3.1355204688064298,-0.7153471454629041,0.10730757404940053,0.005346387848019685,0.05313641597057786
ETH,buyside,1774415400,2026-03-25,5,18.49117268286549,-0.5624305271691645,0.24714495280414917,0.7573447574297187,1.6894505148704095,0.7073447574297299,1.6894505148704095,0.7573447574297187,1.6673768496024466,2.0573447574297234,1.6673768496024466,1.7673297719123364,0.1632367632367641,0.005548076577207861,0.003398358754891789
ETH,buyside,1774438500,2026-03-25,11,17.59794195103249,-1.4035732171824273,0.022161682376557162,2.158359032418435,2.7739781809085384,3.5083590324184435,2.7739781809085384,3.5083590324184435,2.73504274067844,3.5083590324184435,2.73504274067844,1.1006968913693589,0.1129248527954283,0.005099633276472333,0.0024920492259599223
ETH,sellside,1774492500,2026-03-26,2,16.99306407808559,-0.13652629033465816,0.21302809095319516,1.3399060504247302,1.541797021850316,0.9399060504247359,1.541797021850316,1.439906050424742,1.5331540080176442,1.439906050424742,1.5331540080176442,0.5496360136748436,0.07080048514251168,0.0032945916702250373,0.0031529017762046718
ETH,sellside,1774517700,2026-03-26,9,18.58239032084394,-0.08825559961251478,1.5100317836142392,3.4022615261431315,3.20134439013388,3.9022615261431532,3.20134439013388,3.2522615261431325,2.9676556588457608,-0.49773847385684833,2.9676556588457608,-3.6055641305115547,0.4460719041278301,0.004144132322517501,0.0019716344914862895
ETH,sellside,1774601100,2026-03-27,8,17.215820028505753,-0.06563730325532378,0.012198082905857568,2.046487641527822,1.9263625258100419,2.546487641527821,1.9263625258100419,2.096487641527819,1.929787437573029,2.646487641527816,1.929787437573029,-3.1023790857225624,0.30497344829555245,0.004963279723480081,0.009937306604458816
ETH,sellside,1774608900,2026-03-27,10,20.010987677640156,0.06546403511426567,0.14092257940626005,3.9736095217779153,3.5382100861939287,4.123609521777909,3.5382100861939287,4.073609521777904,3.526609065175406,4.123609521777909,3.526609065175406,-1.877468549040189,0.23585912486659727,0.003912120385206556,0.015488721998624775
ETH,sellside,1774608000,2026-03-27,10,20.010987677640156,0.7525865410845095,0.12093356105076854,3.071605068486044,2.796174767112878,3.2216050684860376,2.796174767112878,3.1716050684860324,2.713954567193478,3.2216050684860376,2.713954567193478,-1.877468549040189,0.23585912486659727,0.003912120385206556,0.002596280730425624
ETH,sellside,1774608000,2026-03-27,10,20.010987677640156,0.7525865410845095,0.6416474892114924,2.5508911403253203,2.2754608389521542,2.700891140325314,2.2754608389521542,2.6508911403253084,2.1932406390327546,2.700891140325314,2.1932406390327546,-1.877468549040189,0.23585912486659727,0.003912120385206556,0.002596280730425624
ETH,sellside,1774608000,2026-03-27,10,20.010987677640156,0.7525865410845095,0.9139978643051594,2.278540765231653,2.003110463858487,2.428540765231647,2.003110463858487,2.3785407652316413,1.9208902639390875,2.428540765231647,1.9208902639390875,-1.877468549040189,0.23585912486659727,0.003912120385206556,0.002596280730425624
ETH,sellside,1774789800,2026-03-29,13,11.154546446182438,-0.027791358572543366,0.5450692261970893,1.204681708758344,2.216715012648905,3.454681708758335,2.216715012648905,1.2546817087583437,2.1928841435487842,3.6046817087583345,2.1928841435487842,-2.21613672230127,0.24216300940438862,0.003018818233163435,0.0029098067339622864
ETH,sellside,1774824300,2026-03-29,22,15.078393451273522,-1.252122784898233,0.45959803492292844,2.1627987055354847,1.851352961464902,1.6127987055354815,1.851352961464902,1.6127987055354815,1.6846824990448237,1.7127987055354863,1.6846824990448237,-0.3568019376457983,0.050869894099849856,0.003130324291852736,0.006416654718952396
ETH,buyside,1774844100,2026-03-30,4,18.510118721279493,0.48892176956142086,0.04862205443151539,2.3874726064680836,2.8183929402114085,5.687472606468089,2.8183929402114085,2.3874726064680836,2.7799903788605107,5.037472606468085,2.7799903788605107,1.6223558828651536,0.18604795241930627,0.005162064333891056,0.005429114557722802
ETH,buyside,1774920900,2026-03-31,1,22.39106374693907,-0.5948801785632472,0.3278093476467167,1.8425054282548863,1.6075028779330813,2.0925054282548845,1.6075028779330813,1.3425054282548896,1.5624951001738248,0.7425054282548853,1.5624951001738248,1.171002874018631,0.1302145411203816,0.00529105400637226,0.00863353382733184
ETH,sellside,1774951200,2026-03-31,10,20.86074512388683,-0.3897272102083622,0.03307647909516592,2.5121483236419135,1.9536942993120716,3.5621483236418996,1.9536942993120716,2.912148323641912,1.9260243505901025,2.662148323641902,1.9260243505901025,-0.7219301089468432,0.07284511947373462,0.006025410083342917,0.0051839137147181675
ETH,buyside,1774975500,2026-03-31,16,26.488302637571753,0.18309968994089235,0.6108356666481781,2.0160938661719356,1.543503771411366,0.16609386617193356,1.543503771411366,2.066093866171936,1.4655424465653568,0.416093866171935,1.4655424465653568,-0.42773597670728575,0.0421424586200481,0.00756371513274067,0.011376633654638492
ETH,buyside,1775021100,2026-04-01,5,22.33868988622303,0.7986144259517286,0.02685922957236395,0.9580156476614222,2.060366242862602,1.3080156476614213,2.060366242862602,1.0080156476614133,2.0518769649809774,0.9580156476614222,2.0518769649809774,2.1017347140378098,0.16814095906600446,0.0074764286449272846,0.004213278176607711
ETH,buyside,1775219700,2026-04-03,12,15.556193924002988,-0.8697500215090128,0.2648462741032846,1.1820905164810769,1.5337231634273234,1.0820905164810748,1.5337231634273234,1.1820905164810769,1.5063492513883798,1.1820905164810769,1.5063492513883798,2.2923344986704604,0.2873489121676069,0.0038149529028459602,0.0038438217507892674
ETH,buyside,1775330400,2026-04-04,19,8.546008844163829,-1.205240971290847,0.26211065783409576,3.6694120771251755,3.1209951067202586,3.6694120771251755,3.1209951067202586,3.6694120771251755,3.023672356424508,3.6694120771251755,3.023672356424508,0.2890238057367618,0.04998988059097787,0.001349156309254864,0.007412077893155305
ETH,sellside,1775369400,2026-04-05,6,8.243104341190769,-0.13708427713977547,0.2802342302592373,1.6653531078907144,2.211310937589676,4.66535310789069,2.211310937589676,1.215353107890718,2.1855368593389874,1.6653531078907144,2.1855368593389874,-0.9535242639989076,0.11538461538461513,0.00181501922146669,0.0019147727222240975
ETH,sellside,1775369400,2026-04-05,6,8.243104341190769,-0.13708427713977547,0.4003346146560455,1.5452527234939062,2.0912105531928677,4.545252723493881,2.0912105531928677,1.09525272349391,2.065436474942179,1.5452527234939062,2.065436474942179,-0.9535242639989076,0.11538461538461513,0.00181501922146669,0.0019147727222240975
ETH,sellside,1775369400,2026-04-05,6,8.243104341190769,-0.13708427713977547,0.761848903042396,1.1837384351075557,1.729696264806517,4.183738435107531,1.729696264806517,0.7337384351075593,1.7039221865558285,1.1837384351075557,1.7039221865558285,-0.9535242639989076,0.11538461538461513,0.00181501922146669,0.0019147727222240975
ETH,buyside,1775430000,2026-04-05,23,13.054566749598417,1.8675457001091273,0.30640618541577014,1.8626226016162333,2.468798347769978,1.8126226016162383,2.468798347769978,1.7626226016162432,2.4117003077817953,2.0126226016162185,2.4117003077817953,-0.6993721182114688,0.07956427015250275,0.00326940129679764,0.008570908075834716
ETH,buyside,1775467500,2026-04-06,9,17.022021766205324,-0.583361961134039,0.4077071510846253,1.9806120286452369,3.9556343298697008,2.0306120286452396,3.9556343298697008,1.9806120286452369,3.806787925787079,1.830612028645255,3.806787925787079,5.525783088043161,0.5254748603351992,0.004871379202991006,0.005701492821267644
ETH,sellside,1775559600,2026-04-07,11,17.757166303673507,-0.01464197583969105,0.09629914879190385,3.166828594681292,2.3703634925871095,1.0668285946812925,2.3703634925871095,3.166828594681292,2.3582731138976087,3.266828594681286,2.3582731138976087,-1.4084454451961645,0.13275651573862615,0.005344441524256666,0.00742587150650386
ETH,buyside,1775596200,2026-04-07,21,20.723999394397314,0.7570932473700906,0.5447790161127002,1.3891991099882022,1.7038528623314093,1.6891991099882113,1.7038528623314093,0.9391991099882101,1.6542680565975016,1.0391991099881985,1.6542680565975016,-1.158560157384043,0.10196628020554584,0.006981596583177585,0.003791225161636535
ETH,buyside,1775602800,2026-04-07,23,24.589428009083232,0.8231179673038211,0.84833205523506,3.804489746068561,3.501940287467032,3.754489746068557,3.501940287467032,4.0044897460685585,3.38115131933007,4.654489746068554,3.38115131933007,1.6116682334115684,0.1716699155295662,0.006747105861120377,0.009255232661768413
ETH,buyside,1775601300,2026-04-07,22,24.589428009083232,3.1224801150981443,0.2525475581500346,2.8191069225620704,2.8821820466811867,2.7691069225620666,2.8821820466811867,3.0191069225620675,2.759976664312871,3.6691069225620634,2.759976664312871,1.6116682334115684,0.1716699155295662,0.006747105861120377,0.005306104512379325
ETH,buyside,1775603100,2026-04-07,23,26.98589743700585,0.7314931825439576,0.04743218204946306,4.698604443367231,4.32818291638934,4.998604443367229,4.32818291638934,5.34860444336723,4.193139902451892,5.748604443367234,4.193139902451892,4.172920328585318,0.3706348945133814,0.009787778993284455,0.0130689382069828
ETH,sellside,1775742900,2026-04-09,13,16.70968861863791,-0.9329916526757496,0.007181462368248049,1.1389863319466542,2.2200042880668343,2.5889863319466504,2.2200042880668343,1.1389863319466542,2.1851030682369137,1.1889863319466305,2.1851030682369137,-3.155055800453167,0.2586596016092607,0.00614556468387267,0.003706201810437089
ETH,buyside,1775830800,2026-04-10,14,18.90451768260621,0.22269809104273527,0.02644870439937451,1.4325801619902974,2.146557115318516,1.5325801619902852,2.146557115318516,1.4325801619902974,2.1030965085684095,1.2825801619902915,2.1030965085684095,2.4041872299031333,0.2244998765127185,0.005559315347171153,0.007269892371947499
ETH,buyside,1775925900,2026-04-11,16,13.066256046439866,-0.11020754490666883,0.04209315951297611,2.151132039526075,2.3695949574593707,2.501132039526062,2.3695949574593707,2.2511320395260466,2.2858809098717874,2.0511320395260686,2.2858809098717874,0.31990801229850013,0.039109281437124346,0.002616488609669632,0.0027435703526994173
ETH,buyside,1775925900,2026-04-11,16,13.066256046439866,-0.11020754490666883,0.2961827769366529,1.8970424221023983,2.115505340035694,2.2470424221023855,2.115505340035694,1.9970424221023697,2.0317912924481103,1.797042422102392,2.0317912924481103,0.31990801229850013,0.039109281437124346,0.002616488609669632,0.0027435703526994173
ETH,buyside,1775925900,2026-04-11,16,13.066256046439866,-0.11020754490666883,1.2574374741781473,0.9357877248609038,1.1542506427941994,1.2857877248608909,1.1542506427941994,1.0357877248608753,1.070536595206616,0.8357877248608975,1.070536595206616,0.31990801229850013,0.039109281437124346,0.002616488609669632,0.0027435703526994173
ETH,sellside,1775958300,2026-04-12,1,21.670240133055245,0.051683783526305774,0.44992579409065214,0.21504153558321928,2.068360590563167,3.315041535583204,2.068360590563167,0.21504153558321928,2.0064244750671327,3.615041535583216,2.0064244750671327,1.915991689296807,0.24495575221238994,0.005270643644354792,0.010094300730569685
ETH,buyside,1776089100,2026-04-13,14,16.384722526736045,0.9936085260787931,0.010375519006969596,1.8029410289389782,1.471208559121722,1.3029410289389685,1.471208559121722,1.7529410289389773,1.4643773468208328,1.4529410289389713,1.4643773468208328,2.112333604888592,0.22466731580655525,0.004103574109812916,0.01435208370081385
ETH,buyside,1776121200,2026-04-13,23,25.925130698183843,0.6449340678221366,0.23953591873058797,6.268803811379373,4.543896326763955,1.1688038113793686,4.543896326763955,6.518803811379375,4.463491958975644,6.368803811379371,4.463491958975644,2.3413575309092867,0.2850300525920391,0.00556503681239961,0.014372385005354026
ETH,buyside,1776120600,2026-04-13,22,25.925130698183843,1.0480178602109589,0.038186885594722775,5.970637522846774,4.41621094933064,0.8706375228467699,4.41621094933064,5.870637522846776,4.372752551104212,6.070637522846772,4.372752551104212,2.3413575309092867,0.2850300525920391,0.00556503681239961,0.014844304143035225
ETH,buyside,1776119100,2026-04-13,22,25.925130698183843,1.507417665699083,0.2804228871451465,5.196485205789944,4.173339786416584,0.4464852057899409,4.173339786416584,5.096485205789946,4.004941847713079,5.296485205789942,4.004941847713079,2.3413575309092867,0.2850300525920391,0.00556503681239961,0.014170513111847057
ETH,buyside,1776123000,2026-04-13,23,27.871907076884984,-0.7688745495916347,0.31178347344616886,6.881628689530853,4.765558757655283,0.7316286895308503,4.765558757655283,6.881628689530853,4.558648491149017,0.38162868953085116,4.558648491149017,5.77965474539044,0.5407337786579857,0.009902622832768581,0.008265082429662214
ETH,buyside,1776177300,2026-04-14,14,22.73235619516166,-1.5181004425465077,0.8305342322595893,1.0026987138752956,2.732117772688324,0.40269871387528045,2.732117772688324,1.0026987138752956,2.6298111515529063,0.9026987138752798,2.6298111515529063,6.920532066688452,0.526259450056868,0.00982130978543613,0.006484321963273512
ETH,sellside,1776347700,2026-04-16,13,18.515706929307402,-0.651878972057763,0.31864837905061755,1.9495165905668181,2.540312802144738,3.099516590566815,2.540312802144738,1.9495165905668181,2.4652616753534566,1.9495165905668181,2.4652616753534566,0.729110697827673,0.10067114093959705,0.003191334430069516,0.005257836073176102
ETH,sellside,1776347700,2026-04-16,13,18.515706929307402,-0.651878972057763,0.6210942981494992,1.6470706714679366,2.2378668830458563,2.7970706714679334,2.2378668830458563,1.6470706714679366,2.1628157562545747,1.6470706714679366,2.1628157562545747,0.729110697827673,0.10067114093959705,0.003191334430069516,0.005257836073176102
ETH,buyside,1776418200,2026-04-17,9,18.740639606430623,-1.5661151708999737,0.6573948519757408,1.3542580008095693,1.8348615396751662,3.5042580008095787,1.8348615396751662,1.3542580008095693,1.7868581453804238,1.4542580008095696,1.7868581453804238,0.8953803259864136,0.07032101248847436,0.0058688845146135996,0.005823042101349043
ETH,buyside,1776432000,2026-04-17,13,23.664348651584337,0.7513411952206581,0.020706253411584014,3.098377787149934,3.2584581524194984,4.898377787149929,3.2584581524194984,3.148377787149929,3.2144206929608505,3.148377787149929,3.2144206929608505,2.6909677903066407,0.26526701657918894,0.005412973450726001,0.012099915650663994
ETH,buyside,1776431400,2026-04-17,13,23.664348651584337,1.4988792010392191,0.4179282576339887,1.8352963290427515,2.117819425695798,3.635296329042747,2.117819425695798,1.8852963290427471,2.0613715330176223,1.8852963290427471,2.0613715330176223,2.6909677903066407,0.26526701657918894,0.005412973450726001,0.007033240813621484
ETH,sellside,1776583200,2026-04-19,7,15.21256353866684,-0.1643378509904379,0.23138769419453536,2.588413591691817,2.6037457713257997,2.2884135916918242,2.6037457713257997,2.5384135916918034,2.577854263772767,2.588413591691817,2.577854263772767,-5.029395591711376,0.5928709802402178,0.0031081641640781027,0.003792107770549528
ETH,sellside,1776631500,2026-04-19,20,16.94427153002354,-0.3216426265563216,0.3582331638892992,2.615263129575483,2.185533533521813,1.165263129575474,2.185533533521813,2.6652631295754703,2.1643578224015374,2.6652631295754703,2.1643578224015374,-3.1261302621444838,0.39603738317756726,0.003191794424605336,0.004649384374167509
ETH,buyside,1776709200,2026-04-20,18,22.087703627418193,-0.15981742871711843,0.04844324326551914,1.1439470554159232,1.729194298827567,1.0939470554159159,1.729194298827567,1.0939470554159159,1.7344703063447278,0.9939470554159218,1.7344703063447278,0.9634319782154348,0.08559247043681022,0.005439183695343038,0.006758974844164229
ETH,buyside,1776824400,2026-04-22,2,21.660678818381406,0.8273055590849273,0.14034647877335463,1.5276014053432707,1.6948122003354962,1.6276014053432846,1.6948122003354962,1.3776014053432812,1.6605726072103555,1.6276014053432846,1.6605726072103555,0.6477174661808746,0.10037919439078338,0.0035007216339469883,0.007117947527260553
ETH,buyside,1776824400,2026-04-22,2,21.660678818381406,0.8273055590849273,0.30008293158772353,1.3678649525289017,1.5350757475211274,1.4678649525289158,1.5350757475211274,1.2178649525289122,1.5008361543959867,1.4678649525289158,1.5008361543959867,0.6477174661808746,0.10037919439078338,0.0035007216339469883,0.007117947527260553
ETH,buyside,1776824100,2026-04-22,2,21.660678818381406,1.6698460977735359,0.1408081448219402,0.9971471155059048,1.1870651313765117,1.097147115505919,1.1870651313765117,0.8471471155059153,1.1581807927794268,1.097147115505919,1.1581807927794268,0.6477174661808746,0.10037919439078338,0.0035007216339469883,0.005040044330889771
ETH,buyside,1777180500,2026-04-26,5,8.035644368623682,0.24889105443855689,1.0664981682692367,0.888093291099866,1.1733334272805394,1.7380932910998885,1.1733334272805394,0.8380932910998913,1.1076876450291202,2.0380932910999063,1.1076876450291202,0.21529076208929737,0.030019087280922438,0.0015110782610729806,0.002367093277063713
ETH,sellside,1777297800,2026-04-27,13,14.392927850693749,-1.5584042546922898,0.22372098529241177,0.9074002503900305,3.194646950527496,0.9074002503900305,3.194646950527496,0.8574002503900267,3.142245975950598,3.457400250390033,3.142245975950598,-1.4666925464357246,0.11529848708285298,0.006168689199012749,0.002707693113538881
ETH,sellside,1777303200,2026-04-27,15,17.316708197792046,0.18941244274234603,0.24138536910455094,2.0682903696301764,3.6357353921944418,0.7182903696301793,3.6357353921944418,2.0682903696301764,3.5672082839875605,0.7182903696301793,3.5672082839875605,-1.9229982754023698,0.19076535288726,0.0060718855694787376,0.010373220243597322
ETH,sellside,1777303200,2026-04-27,15,17.316708197792046,0.18941244274234603,0.31241503513292745,1.9972607036018,3.564705726166065,0.6472607036018029,3.564705726166065,1.9972607036018,3.4961786179591843,0.6472607036018029,3.4961786179591843,-1.9229982754023698,0.19076535288726,0.0060718855694787376,0.010373220243597322
ETH,sellside,1777302300,2026-04-27,15,17.316708197792046,1.286618665944867,0.3672753462930443,1.1425948034229896,2.8665208490405054,5.592594803422979,2.8665208490405054,1.1425948034229896,2.8546249739452145,0.8925948034229939,2.8546249739452145,-1.9229982754023698,0.19076535288726,0.0060718855694787376,0.006796645467480309
ETH,sellside,1777302300,2026-04-27,15,17.316708197792046,1.286618665944867,0.38633208595921587,1.123538063756818,2.847464109374334,5.573538063756808,2.847464109374334,1.123538063756818,2.8355682342790427,0.8735380637568224,2.8355682342790427,-1.9229982754023698,0.19076535288726,0.0060718855694787376,0.006796645467480309
ETH,sellside,1777381800,2026-04-28,13,14.227837389492178,-0.5756321059761826,0.17852326607807975,1.6034299106765326,1.6511475074081072,2.153429910676531,1.6511475074081072,1.6034299106765326,1.6237517056426358,1.5534299106765417,1.6237517056426358,-2.3931957519522578,0.23352307797819433,0.004434307299946371,0.0029765338207567737
ETH,sellside,1777486200,2026-04-29,18,20.818428600373448,0.26466935164842,1.0514722518301503,1.7670250734203043,2.4847857985018793,3.567025073420301,2.4847857985018793,1.6670250734203045,2.393805116923506,1.0170250734202948,2.393805116923506,-0.6647956128519652,0.07676946971377949,0.004717542681912931,0.007985674137914388
ETH,sellside,1777486200,2026-04-29,18,20.818428600373448,0.26466935164842,1.3166219471294853,1.5018753781209693,2.2196361032025442,3.301875378120966,2.2196361032025442,1.4018753781209694,2.128655421624171,0.7518753781209598,2.128655421624171,-0.6647956128519652,0.07676946971377949,0.004717542681912931,0.007985674137914388
ETH,buyside,1777605600,2026-05-01,3,13.744838203356819,-0.1396888032869796,0.8737825663940252,1.1511390741113925,1.2061685338730692,1.1011390741113944,1.2061685338730692,0.7011390741113774,1.2082146402387108,1.0011390741113655,1.2082146402387108,0.9967378151206178,0.13324255981326835,0.0025850594618038215,0.0017729821998367392
ETH,buyside,1777758000,2026-05-02,21,8.840422678670553,-1.2917934373831823,2.0722991044535353,2.303147467455966,2.4586595940065776,2.2531474674559298,2.4586595940065776,2.2031474674559446,1.996094676098326,-1.0468525325440545,1.996094676098326,2.137906827192829,0.3524804177545686,0.0011901694813379006,0.0012087099951085855
ETH,buyside,1777840800,2026-05-03,20,9.697575057270184,-1.0528405235023877,0.07733892190272164,1.843663161624541,2.367906388668747,1.0936631616245698,2.367906388668747,1.843663161624541,2.2732003795858398,0.9436631616245568,2.2732003795858398,2.475876686512484,0.2511243593766374,0.0024194986280721433,0.0017876941987243916
ETH,buyside,1777846500,2026-05-03,22,11.966684615707434,-0.7654584619015463,0.4169910180009572,1.798661261983994,2.092670663977446,1.798661261983994,2.092670663977446,1.3986612619839862,2.0759266816709747,1.448661261983992,2.0759266816709747,-0.2281333625536206,0.029832805157906515,0.0022157469007403345,0.009027800733084634
ETH,buyside,1777987500,2026-05-05,13,15.418647583458688,-0.8509176909961407,0.03696822285578838,1.1612786937034159,2.0873207077865152,1.0612786937034049,2.0873207077865152,1.361278693703408,2.0579921705703557,1.2112786937034066,2.0579921705703557,3.371891063634873,0.2721277152577845,0.004769971335401894,0.0025681129265745996
ETH,buyside,1778060100,2026-05-06,9,16.56483720289589,0.7449514805881939,0.038032368944137376,1.9740268542853088,1.6878258110088262,2.074026854285306,1.6878258110088262,2.0240268542853075,1.645143476442286,0.6740268542853173,1.645143476442286,1.492921403156119,0.15851547977693867,0.0036398212634950133,0.0060703419139050896
ETH,buyside,1778060100,2026-05-06,9,16.56483720289589,0.7449514805881939,0.33202861776622117,1.680030605463225,1.3938295621867425,1.7800306054632222,1.3938295621867425,1.7300306054632235,1.3511472276202021,0.38003060546323353,1.3511472276202021,1.492921403156119,0.15851547977693867,0.0036398212634950133,0.0060703419139050896
ETH,sellside,1778076600,2026-05-06,14,18.171194423407684,-0.08474951971325416,0.4215463123399795,0.9105946482418616,1.6747740297397968,3.1105946482418694,1.6747740297397968,0.9105946482418616,1.6278818279167948,0.6105946482418639,1.6278818279167948,-0.5651802386072333,0.05400431193142979,0.004989966782416467,0.004685610121658187
ETH,sellside,1778161800,2026-05-07,13,14.293232612744761,0.7618990255772967,0.26865860956993737,1.4632271970489457,2.283391823745423,2.8132271970489455,2.283391823745423,1.4632271970489457,2.2078739682226223,3.9132271970489456,2.2078739682226223,-2.4836928749306106,0.29697172494562496,0.0028744488327352123,0.003544804276411299
ETH,sellside,1778161800,2026-05-07,13,14.293232612744761,0.7618990255772967,0.593987394596066,1.137898412022817,1.9580630387192945,2.487898412022817,1.9580630387192945,1.137898412022817,1.8825451831964934,3.587898412022817,1.8825451831964934,-2.4836928749306106,0.29697172494562496,0.0028744488327352123,0.003544804276411299
ETH,sellside,1778164500,2026-05-07,14,15.360858854691548,0.22524782193043036,0.16861036381498304,2.100681159210384,2.5646942963865946,1.1006811592103711,2.5646942963865946,2.100681159210384,2.48862571307041,2.100681159210384,2.48862571307041,-2.9236646482356905,0.348274525009693,0.003194679167063855,0.005809069597797296
ETH,buyside,1778346600,2026-05-09,17,9.838892180811687,0.06911347207630367,0.8019195510026379,1.065632386944737,1.2178448064775702,0.9656323869447538,1.2178448064775702,0.9656323869447538,1.1799041239526975,0.9656323869447538,1.1799041239526975,1.5377747536970634,0.17735318251083698,0.002015785947899051,0.002914087485657179
ETH,buyside,1778427600,2026-05-10,15,8.152150450295823,0.9653894451511634,0.5201081635884648,1.065878889219445,1.3261357383475738,1.065878889219445,1.3261357383475738,1.1658788892194494,1.2974468668499466,1.2158788892194516,1.2974468668499466,1.6277913516081446,0.24326306141154586,0.0013348577450743942,0.0031385722000676344
ETH,sellside,1778510100,2026-05-11,14,14.54112044272982,-1.3499647484052437,0.5384729485487979,2.639314604906899,2.3508186875514587,2.4893146049069244,2.3508186875514587,2.4893146049069244,2.3456740099504607,2.4893146049069244,2.3456740099504607,-0.5900508171837406,0.038337801608578734,0.006279161489905823,0.006720282183437073
ETH,sellside,1778550300,2026-05-12,1,14.680997898303378,-0.09263675462805541,0.3398951511720096,2.6599002613915386,2.153363440354113,2.609900261391537,2.153363440354113,2.609900261391537,2.0972800806927756,2.609900261391537,2.0972800806927756,-1.702881518897918,0.2049516314149868,0.002960998217658985,0.005716677622202525
ETH,sellside,1778550000,2026-05-12,1,14.680997898303378,-0.3576051189685628,0.12601323239843976,2.3874392183678714,1.941794612083103,2.3374392183678703,1.941794612083103,2.3374392183678703,1.9153340445027855,2.3374392183678703,1.9153340445027855,-1.702881518897918,0.2049516314149868,0.002960998217658985,0.004143082697847415
ETH,sellside,1778596500,2026-05-12,14,14.021245886427907,-0.040652592830705894,0.23107789609027876,1.4409283453523625,3.0931356999953468,3.0909283453523675,3.0931356999953468,1.4409283453523625,3.040517398304624,1.3409283453523877,3.040517398304624,-3.17304185094315,0.32634049732267595,0.0034799132545857087,0.004658086724136957
ETH,sellside,1778681100,2026-05-13,14,15.12246069444169,-0.5078538575949548,0.34518191883404453,1.925075094306617,1.996100461220577,2.0250750943066222,1.996100461220577,1.925075094306617,1.9228348386650818,0.32507509430662657,1.9228348386650818,-0.42188901190826994,0.03857315598548761,0.004026754540794146,0.005290586802332337
ETH,sellside,1778823600,2026-05-15,5,16.45094183494299,-0.6674389898259626,0.04194288733879325,1.7452531708569743,2.634213977194926,3.645253170856986,2.634213977194926,1.7452531708569743,2.5723903444303726,3.5952531708569766,2.5723903444303726,-0.3106205134800317,0.027219943535929936,0.005217664395594302,0.005848646750905263
ETH,sellside,1778853300,2026-05-15,13,16.60667234451088,0.7009230843196183,0.6051784362038117,2.1221151632367055,3.370634292340971,4.672115163236711,3.370634292340971,4.722115163236695,3.2635681404934513,2.02211516323671,3.2635681404934513,0.2932556203295964,0.023498190591072953,0.005473779312963933,0.0072284132052316576
ETH,sellside,1778852400,2026-05-15,13,16.60667234451088,0.8574866598549244,0.44439968748100656,1.2929303804977674,2.664981823013003,3.8429303804977732,2.664981823013003,3.8929303804977575,2.620889793313172,1.1929303804977722,2.620889793313172,0.2932556203295964,0.023498190591072953,0.005473779312963933,0.0042547625767692925
ETH,sellside,1778915700,2026-05-16,7,12.531333675295675,-0.18752991987059678,1.815449224279252,1.507297188992479,2.094466168139829,1.957297188992454,2.094466168139829,1.457297188992474,1.8632501241458364,-0.7927028110075447,1.8632501241458364,-3.9628663067124488,0.4017149328587621,0.004282670133867364,0.003802577069623643
ETH,sellside,1778923200,2026-05-16,9,13.359568322066147,-0.07260713644449425,0.9281737030019804,3.670338384734444,3.4753519569980673,1.2703383847344525,3.4753519569980673,3.620338384734443,3.268725457600095,1.5203383847344587,3.268725457600095,-4.583980449341989,0.4529585798816558,0.0046045174856607475,0.0031266674926145703
ETH,sellside,1778923200,2026-05-16,9,13.359568322066147,-0.07260713644449425,0.9790735512311087,3.619438536505316,3.4244521087689392,1.2194385365053242,3.4244521087689392,3.5694385365053147,3.217825609370967,1.4694385365053304,3.217825609370967,-4.583980449341989,0.4529585798816558,0.0046045174856607475,0.0031266674926145703
ETH,sellside,1779061500,2026-05-17,23,14.459600999920736,0.8070762118584077,4.552684406738526,1.829320256705159,1.8537238976055683,1.829320256705159,1.8537238976055683,1.829320256705159,0.5412639124395787,-4.270679743294848,0.5412639124395787,-0.07469085765270062,0.012413793103447309,0.0021830056623791485,0.0044627334923342515
ETH,sellside,1779061500,2026-05-17,23,14.459600999920736,0.8070762118584077,4.915073382757225,1.4669312806864596,1.491334921586869,1.4669312806864596,1.491334921586869,1.4669312806864596,0.1788749364208794,-4.633068719313547,0.1788749364208794,-0.07469085765270062,0.012413793103447309,0.0021830056623791485,0.0044627334923342515
ETH,sellside,1779060000,2026-05-17,23,14.459600999920736,3.6605436069978685,0.0677750374996786,1.0914022463770343,1.1564794584908118,1.0914022463770343,1.1564794584908118,1.0914022463770343,1.1272048871138376,1.0914022463770343,1.1272048871138376,-0.07469085765270062,0.012413793103447309,0.0021830056623791485,0.0038359573201529164
ETH,sellside,1779122100,2026-05-18,16,16.82672714070794,-0.587755415375671,0.05467492236053256,1.7298841102200115,2.1222998967555817,1.7798841102200051,2.1222998967555817,1.7298841102200115,2.073023155902842,0.22988411022001592,2.073023155902842,-4.458977635554831,0.3756571371351334,0.006398624909507489,0.007551432065316059
ETH,buyside,1779290400,2026-05-20,15,13.550147953391743,-0.5047915361166239,0.1512898609706358,1.219764395550089,1.8337877016179425,0.9697643955500789,1.8337877016179425,1.0697643955500828,1.7698384974576968,1.269764395550091,1.7698384974576968,1.8494263004506284,0.20387243735763116,0.003239197453486301,0.006835491318031363
ETH,buyside,1779326400,2026-05-21,1,13.254145060722093,0.09053771439067804,0.019616504784658914,1.884649160084893,2.041168989950998,1.9346491600848799,2.041168989950998,1.884649160084893,1.9934706950496306,2.0846491600848753,1.9934706950496306,2.0853853547981336,0.22062579821200373,0.0032735348393979633,0.003089725985656336
ETH,sellside,1779475800,2026-05-22,18,12.543887036403403,2.5247357464309625,0.7940122524297958,2.8536302864755,2.677172907347647,2.803630286475479,2.677172907347647,2.9036302864754853,2.4746509698481147,2.9036302864754853,2.4746509698481147,-0.5795651681892413,0.06899497010534268,0.002784496541547748,0.0033407040534222717
ETH,sellside,1779475800,2026-05-22,18,12.543887036403403,2.5247357464309625,1.645422980938913,2.002219557966383,1.8257621788385296,1.952219557966362,1.8257621788385296,2.0522195579663682,1.6232402413389977,2.0522195579663682,1.6232402413389977,-0.5795651681892413,0.06899497010534268,0.002784496541547748,0.0033407040534222717
ETH,sellside,1779479100,2026-05-22,19,14.869323676660297,-0.4505921147251979,0.15064572193796602,4.718597247542278,3.8999865095223383,0.6185972475422608,3.8999865095223383,4.718597247542278,3.7877445312228355,0.16859724754228164,3.7877445312228355,-2.8810994320638907,0.39295542102366515,0.002882464322863557,0.010198271188753192
ETH,sellside,1779478500,2026-05-22,19,14.869323676660297,-0.15737097738165035,0.9953378056616704,3.575976347664453,3.1161882646244266,1.2259763476644532,3.1161882646244266,3.575976347664453,2.8041537854288183,-0.9740236523355432,2.8041537854288183,-2.8810994320638907,0.39295542102366515,0.002882464322863557,0.007817776407745966
ETH,sellside,1779522900,2026-05-23,7,14.51867677384108,-0.5179535378560867,0.2300485128243895,3.7007967512397864,5.198253599289092,1.6007967512397818,5.198253599289092,3.5007967512397813,4.765216916806995,-0.04920324876022731,4.765216916806995,-4.615434384539405,0.4639617807934658,0.004463413839720607,0.010742820382095532
ETH,sellside,1779522900,2026-05-23,7,14.51867677384108,-0.5179535378560867,0.533106433910389,3.3977388301537865,4.895195678203092,1.2977388301537822,4.895195678203092,3.197738830153782,4.462158995720996,-0.3522611698462268,4.462158995720996,-4.615434384539405,0.4639617807934658,0.004463413839720607,0.010742820382095532
ETH,sellside,1779522900,2026-05-23,7,14.51867677384108,-0.5179535378560867,0.8402969630112096,3.090548301052966,4.588005149102272,0.9905483010529617,4.588005149102272,2.890548301052961,4.154968466620176,-0.6594516989470474,4.154968466620176,-4.615434384539405,0.4639617807934658,0.004463413839720607,0.010742820382095532
ETH,buyside,1779722100,2026-05-25,15,11.501513526159394,-0.446028254310381,0.5338427839114672,3.054080340217421,2.5243388413166254,1.9540803402174378,2.5243388413166254,3.154080340217419,2.473098901714385,1.3540803402174078,2.473098901714385,2.8257150614204822,0.24286354804961943,0.004095478870125332,0.003479247658760584
ETH,sellside,1779810900,2026-05-26,15,16.70835426584119,0.06643383198244891,0.3453362257105271,1.6158545549202297,1.6281173101395892,1.6658545549202213,1.6281173101395892,0.6658545549202278,1.5978339756824345,1.6658545549202213,1.5978339756824345,-1.067130832654886,0.11097280139416145,0.004675233596020463,0.006935274192557376
ETH,sellside,1779816900,2026-05-26,17,17.556131994526332,-0.7814933269058033,0.45226363087698335,1.81620018901633,2.4529210598819486,2.766200189016337,2.4529210598819486,1.8662001890163507,2.4012095147025923,2.8162001890163317,2.4012095147025923,-2.790477994541986,0.28273792347203924,0.005001389039340042,0.004127364467758298
ETH,sellside,1779889500,2026-05-27,13,13.641943210523063,-0.4903993439028211,0.22724035367693396,1.4822383137633552,2.213690081724062,2.182238313763357,2.213690081724062,1.4822383137633552,2.1634716683768613,1.5822383137633553,2.1634716683768613,-3.4115374387499386,0.3556472566101158,0.0035142539434865564,0.0034271944859615654
ETH,sellside,1779938400,2026-05-28,3,17.542756112900154,0.639010194741105,2.1262337434293586,2.8376954243266703,2.6538775544949407,2.737695424326682,2.6538775544949407,2.737695424326682,2.343796033891472,-1.1623045756733226,2.343796033891472,-2.9784373483695474,0.3749013417521683,0.0051662593397271825,0.0027540158599127316
ETH,buyside,1780068900,2026-05-29,15,16.033901264326957,0.025570819804911948,0.7608878088293601,0.9817419609504358,1.336137592011552,1.2317419609504385,1.336137592011552,1.2817419609504392,1.2876905866409287,0.4317419609504294,1.2876905866409287,0.697896277114785,0.07814791535721632,0.004019550656122093,0.007659750258355768
ETH,sellside,1780245300,2026-05-31,16,7.805427873799995,-0.668765387932375,0.5483363717146613,3.186818651224536,2.6611706564168647,3.136818651224536,2.6611706564168647,3.186818651224536,2.572069327061594,3.186818651224536,2.572069327061594,-2.1228817007738225,0.2607395751376842,0.0019545155254137047,0.003335696941848652
ETH,sellside,1780300200,2026-06-01,7,13.039896433875318,-0.47316326715383383,0.3665673285243576,2.703244041458901,2.3585795071915197,2.553244041458891,2.3585795071915197,2.703244041458901,2.338189838029097,2.6532440414589034,2.338189838029097,-2.756156859239646,0.2634124890061551,0.003884879693111946,0.004352709370344172
ETH,sellside,1780322400,2026-06-01,14,14.72254109364738,0.17592071800142406,0.7444367062917665,3.02034659891425,2.084954176934029,2.920346598914252,2.084954176934029,3.0703465989142495,1.9938343267896361,3.02034659891425,1.9938343267896361,-2.1022186185885157,0.19565079967128132,0.004228624629431518,0.006663028848862889
ETH,sellside,1780410300,2026-06-02,14,16.372049801444412,1.3022193469090837,0.09711673365784909,2.252443049987002,2.834664612175009,2.2024430499870045,2.834664612175009,2.2024430499870045,2.7379218711461295,2.1024430499870093,2.7379218711461295,0.3481543282073904,0.03633813591737736,0.004341777098339077,0.006391976471427811
ETH,sellside,1780410300,2026-06-02,14,16.372049801444412,1.3022193469090837,1.1489092830844216,1.2006505005604295,1.7828720627484365,1.150650500560432,1.7828720627484365,1.150650500560432,1.686129321719557,1.050650500560437,1.686129321719557,0.3481543282073904,0.03633813591737736,0.004341777098339077,0.006391976471427811
ETH,sellside,1780414200,2026-06-02,15,18.887617672769807,-0.9815954728228642,0.020119001061100122,3.587674173836953,3.622042428631021,1.537674173836948,3.622042428631021,3.587674173836953,3.5431405854033073,3.487674173836943,3.5431405854033073,-1.4342729966974965,0.14284207751120556,0.005584332160151829,0.009377952204849431
ETH,sellside,1780413900,2026-06-02,15,18.887617672769807,-0.5421541338568585,0.06035700318328833,3.1254665968281268,3.2691647020984993,1.0754665968281216,3.2691647020984993,3.1254665968281268,3.171578580855448,3.0254665968281165,3.171578580855448,-1.4342729966974965,0.14284207751120556,0.005584332160151829,0.012551896297969439
ETH,sellside,1780457700,2026-06-03,3,23.517134137341735,-0.14032322053902146,0.03784474735748877,5.9814769549994,3.357762254632166,4.531476954999398,3.357762254632166,5.9314769549994,3.3259401437054463,3.181476954999397,3.3259401437054463,-6.371949878112932,0.7491376293555957,0.005648020040639167,0.0067579337275789015
ETH,sellside,1780504200,2026-06-03,16,20.562457695939084,-0.5086940556753375,0.28060848004270955,2.7639671474520813,2.597225257633972,2.713967147452086,2.597225257633972,2.7639671474520813,2.5521180348477155,2.5139671474520826,2.5521180348477155,-4.054962749733304,0.3635967207395768,0.006896900396207401,0.010089498847937974
ETH,sellside,1780516800,2026-06-03,20,21.37073963483169,1.028041161672833,0.22320238239323573,3.44768588934468,2.7843384451889315,3.3976858893446815,2.7843384451889315,3.44768588934468,2.7091786413759777,3.1976858893446782,2.7091786413759777,-3.7448399712643012,0.3524463821728975,0.006852984729146503,0.010107692453594781
ETH,sellside,1780538700,2026-06-04,2,30.683767241517852,-2.1007850663389194,0.18315873522843573,4.924789159241049,3.613464098422983,2.6247891592410495,3.613464098422983,5.024789159241053,3.5022261281802893,2.524789159241053,3.5022261281802893,-3.07393806169852,0.259363141395809,0.012045203573778519,0.013556414534127075
ETH,sellside,1780538700,2026-06-04,2,30.683767241517852,-2.1007850663389194,0.46995533131565853,4.637992563153826,3.3266675023357606,2.3379925631538265,3.3266675023357606,4.73799256315383,3.215429532093067,2.23799256315383,3.215429532093067,-3.07393806169852,0.259363141395809,0.012045203573778519,0.013556414534127075
ETH,sellside,1780538700,2026-06-04,2,30.683767241517852,-2.1007850663389194,0.9946627400661455,4.113285154403339,2.8019600935852735,1.8132851544033397,2.8019600935852735,4.213285154403343,2.6907221233425798,1.7132851544033432,2.6907221233425798,-3.07393806169852,0.259363141395809,0.012045203573778519,0.013556414534127075
ETH,sellside,1780638000,2026-06-05,5,26.608940125295785,2.276678428931853,0.34875496567328296,2.1372923004938515,1.6157934551658912,2.087292300493848,1.6157934551658912,2.1372923004938515,1.5670674385349854,2.287292300493853,1.5670674385349854,-1.4814569770302586,0.17871067186508213,0.0071308432113885425,0.010842786991442062
ETH,sellside,1780719600,2026-06-06,4,32.36779736717302,0.293810539287573,0.0540660824135913,1.8314995136472172,2.638946662823937,1.9314995136472195,2.638946662823937,1.8314995136472172,2.6135548933465267,1.8814995136472183,2.6135548933465267,-5.601246138048064,0.4054839864018609,0.013716931085723331,0.011984132649426972
ETH,buyside,1780870500,2026-06-07,22,22.645074721661256,-0.9189636270042438,2.593058345876471,0.8311187814464503,1.5630061243888733,1.631118781446457,1.5630061243888733,0.8311187814464503,1.510445568325971,0.8311187814464503,1.510445568325971,3.364970128674849,0.4193264362755901,0.006364469861339931,0.006002985154669862
ETH,sellside,1781014800,2026-06-09,14,18.063369707035584,-0.09245229583877791,0.5702147587661005,1.8235974468799758,1.5602813124563522,1.723597446879988,1.5602813124563522,1.773597446879982,1.5297723805638503,1.8235974468799758,1.5297723805638503,-1.358550502924256,0.17357476304993652,0.005303305062895637,0.007758118972694269
ETH,sellside,1781082900,2026-06-10,9,16.19470871142745,-0.4303874879257196,0.04137153757679517,1.7615834631467335,1.9936918721946002,1.711583463146733,1.9936918721946002,1.6615834631467323,1.9899933672805497,1.561583463146731,1.9899933672805497,-3.0423517259827997,0.2770000562208355,0.005551783140087678,0.003906187369233291
ETH,sellside,1781128800,2026-06-10,22,19.179197980057804,-0.2648703040284595,0.0291983012314813,1.342722901248984,1.6014133064502034,1.6927229012489942,1.6014133064502034,1.2427229012489913,1.583192687111274,1.642722901248986,1.583192687111274,-1.0261117289921486,0.11288287254789418,0.005815697844247227,0.00990511409270892
ETH,sellside,1781128800,2026-06-10,22,19.179197980057804,-0.2648703040284595,0.13399934672305785,1.2379218557574074,1.4966122609586268,1.5879218557574177,1.4966122609586268,1.1379218557574147,1.4783916416196976,1.5379218557574095,1.4783916416196976,-1.0261117289921486,0.11288287254789418,0.005815697844247227,0.00990511409270892
ETH,buyside,1781178900,2026-06-11,11,14.972461509846811,-1.215564988297389,0.3700126392949161,0.6268559275004403,1.8116729385187316,1.4268559275004318,1.8116729385187316,0.5768559275004408,1.7915578518133461,0.5268559275004414,1.7915578518133461,2.591424260765853,0.23166945306902317,0.005750499895183655,0.003829335761256001
ETH,buyside,1781387100,2026-06-13,21,8.38835199260023,-0.5448030797981956,0.4398957033819255,2.322822300971328,2.3352221364437877,2.372822300971344,2.3352221364437877,2.322822300971328,2.274670005652996,2.0228223009713364,2.274670005652996,1.4710875283828848,0.19096255029402365,0.0020614269493011883,0.0017943531776653879
ETH,buyside,1781387100,2026-06-13,21,8.38835199260023,-0.5448030797981956,0.7403122813012827,2.0224057230519703,2.0348055585244307,2.072405723051987,2.0348055585244307,2.0224057230519703,1.9742534277336385,1.7224057230519791,1.9742534277336385,1.4710875283828848,0.19096255029402365,0.0020614269493011883,0.0017943531776653879
ETH,buyside,1781473500,2026-06-14,21,11.187118008128904,0.8420399242374116,0.26816558096733295,4.045786278359863,3.924922570955701,1.8957862783598656,3.924922570955701,3.9957862783598634,3.7642294101677014,5.295786278359862,3.7642294101677014,-1.4266408907462145,0.297983569828231,0.0018818718157535244,0.009684751204581303
ETH,buyside,1781473500,2026-06-14,21,11.187118008128904,0.8420399242374116,0.9323223364964333,3.381629522830763,3.260765815426601,1.2316295228307654,3.260765815426601,3.331629522830763,3.100072654638601,4.631629522830762,3.100072654638601,-1.4266408907462145,0.297983569828231,0.0018818718157535244,0.009684751204581303
ETH,buyside,1781472600,2026-06-14,21,11.187118008128904,1.802966589370375,1.4051876442688271,1.8423590880782694,2.1025446299066295,0.8923590880782705,2.1025446299066295,1.7923590880782694,1.888467506856259,3.092359088078268,1.888467506856259,-1.4266408907462145,0.297983569828231,0.0018818718157535244,0.009722589732223992
ETH,sellside,1781699100,2026-06-17,12,15.112424814145243,-0.6325920636542574,0.9144793221445445,2.44687783428967,2.2272830965994124,1.4468778342896698,2.2272830965994124,2.3968778342896644,2.14056980143981,2.3468778342896743,2.14056980143981,-3.3720597870105817,0.396021137705938,0.004461267815941241,0.0024595390420069137
ETH,buyside,1782091800,2026-06-22,1,13.262912308941436,-0.8014830945412871,0.7758476992313952,1.1379584247125385,1.7830718342708978,1.2379584247125417,1.7830718342708978,1.18795842471254,1.6835182583405437,1.18795842471254,1.6835182583405437,-0.7585061082864742,0.10472621278367537,0.0036959940943979987,0.008266643967770142
ETH,sellside,1782195600,2026-06-23,6,13.890382284749425,0.6529697897485587,0.04463520062227541,2.344175065925609,3.0427583120586017,2.244175065925614,3.0427583120586017,2.2941750659256113,3.0237307501041153,2.344175065925609,3.0237307501041153,-1.5564726410544507,0.15527147371444883,0.004911680251877478,0.004842520530968473
ETH,sellside,1782202800,2026-06-23,8,16.424819418993124,0.12541994815588833,0.0590569658792322,5.040028083074255,5.108356513087485,2.0900280830742552,5.108356513087485,4.990028083074266,4.916405199786624,4.740028083074266,4.916405199786624,-3.9440311852129404,0.41276921116350107,0.005290890560291955,0.005042096692552786
ETH,sellside,1782202800,2026-06-23,8,16.424819418993124,0.12541994815588833,0.2301395165190755,4.868945532434412,4.937273962447642,1.918945532434412,4.937273962447642,4.818945532434423,4.745322649146781,4.568945532434423,4.745322649146781,-3.9440311852129404,0.41276921116350107,0.005290890560291955,0.005042096692552786
ETH,sellside,1782202800,2026-06-23,8,16.424819418993124,0.12541994815588833,1.258461324457422,3.8406237244960653,3.9089521545092953,0.8906237244960655,3.9089521545092953,3.7906237244960765,3.7170008412084337,3.540623724496076,3.7170008412084337,-3.9440311852129404,0.41276921116350107,0.005290890560291955,0.005042096692552786
ETH,sellside,1782202500,2026-06-23,8,16.424819418993124,1.508083551369642,0.3153763744890768,3.3949567242528036,3.5098150622032716,0.44495672425280397,3.5098150622032716,3.344956724252815,3.4796474416840857,3.0949567242528144,3.4796474416840857,-3.9440311852129404,0.41276921116350107,0.005290890560291955,0.004295359356249417
ETH,sellside,1782315600,2026-06-24,15,15.3774368213651,0.6678616286513401,0.03316547523000759,1.9993077200261506,1.8992425007215503,0.9993077200261502,1.8992425007215503,2.1993077200261597,1.8724669165083052,2.2493077200261546,1.8724669165083052,-0.8141799017249056,0.11539170506912426,0.004538352750855124,0.007277695375185058
ETH,sellside,1782315300,2026-06-24,15,15.3774368213651,0.4987827353218925,0.18403587235476135,1.8081185098766883,1.7261091493848542,0.8081185098766877,1.7261091493848542,2.0081185098766974,1.6992636675531478,2.0581185098766923,1.6992636675531478,-0.8141799017249056,0.11539170506912426,0.004538352750855124,0.007020353802738137
ETH,sellside,1782320100,2026-06-24,16,17.913334191267584,1.610532114901521,0.9311499367957559,3.4140255002529334,2.8846733870508547,3.3640255002529362,2.8846733870508547,3.4140255002529334,2.652530119889273,-0.8859744997470681,2.652530119889273,-2.3038703771918874,0.30069216757741335,0.005809325047918054,0.009729290106603531
ETH,sellside,1782396000,2026-06-25,14,22.62554571914837,-1.3356583914094995,0.8861664708061079,2.9379815043217676,2.7226951284048937,1.1379815043217694,2.7226951284048937,2.9379815043217676,2.557958408156427,1.5379815043217713,2.557958408156427,-0.42518311467106645,0.0414405100370471,0.008802095004476903,0.01802556124328775
ETH,sellside,1782440100,2026-06-26,2,21.927629443427286,-0.4523972837826901,0.542694322279651,1.2677624686999422,2.585268550974378,1.317762468699949,2.585268550974378,1.6677624686999455,2.527799615401358,1.317762468699949,2.527799615401358,-2.7759498653077346,0.22271413413340127,0.014312823515360977,0.0051219984879816
ETH,buyside,1782569700,2026-06-27,14,10.602864945638677,0.9723786969710297,0.3942330701589707,1.0777456895935378,1.566077324583235,1.3777456895935394,1.566077324583235,1.1277456895935452,1.5408845382519336,1.3277456895935533,1.5408845382519336,3.048232733860697,0.39646712463198813,0.003423871340493154,0.003106436584457687
ETH,sellside,1782676200,2026-06-28,19,10.463510076158721,-1.3551857738742399,0.5351932534341252,1.8551265896444458,1.2978353536451654,1.8551265896444458,1.2978353536451654,1.8551265896444458,1.2602721404909476,1.8551265896444458,1.2602721404909476,-0.6431876063592115,0.09307149771815942,0.002549877704952606,0.004066510170971789
ETH,buyside,1782703800,2026-06-29,3,14.954804829597359,-0.3116055376916156,0.062187371256058235,0.46643999897169786,1.0894835383367787,0.46643999897169786,1.0894835383367787,0.46643999897169786,1.088142642886292,0.46643999897169786,1.088142642886292,0.10163957452602249,0.014027316352897622,0.0038988900173359434,0.005982809876224327
ETH,buyside,1782753300,2026-06-29,17,18.73229826968961,0.6320633928383473,0.43134055862616855,2.027260737368348,1.9615598926774618,1.9772607373683528,1.9615598926774618,2.027260737368348,1.9008818550877726,1.9772607373683528,1.9008818550877726,0.6950561971921729,0.10564751703992253,0.004192793424635214,0.0061319516195725565
ETH,sellside,1782824400,2026-06-30,13,12.847737410712933,-1.1286033903455521,0.46856499378484157,2.1091041410589333,2.8627473872963343,5.5091041410589225,2.8627473872963343,2.1091041410589333,2.839025482282624,5.209104141058939,2.839025482282624,0.19225174994162375,0.01790763430725761,0.006828617172801309,0.005118239642779908
ETH,buyside,1782942900,2026-07-01,21,15.00053662352075,-0.7473065985134708,0.06999749584650114,1.0430945221842602,2.7684125832167537,0.6430945221842495,2.7684125832167537,4.243094522184256,2.742301534474059,0.9930945221842475,2.742301534474059,3.0665569608938044,0.30678938241963627,0.005681856624616733,0.00477792864184781
ETH,buyside,1782985200,2026-07-02,9,15.332958758983919,-0.18652629573689833,0.3710960219381115,1.8424054614814527,2.1233569197004454,2.1424054614814643,2.1233569197004454,1.592405461481463,2.0616423002487494,1.8924054614814596,2.0616423002487494,2.863765610422205,0.22549170646536348,0.006784369281692178,0.004152814366363578
ETH,buyside,1782995400,2026-07-02,12,15.21571807342844,1.21781961985477,0.3187493338529848,2.808199760045468,2.5462381284766753,2.1581997600454623,2.5462381284766753,2.558199760045468,2.533764689636657,2.958199760045459,2.533764689636657,5.262978691741502,0.3837822294642009,0.006895574352580687,0.006176461500589309
ETH,buyside,1782999300,2026-07-02,13,17.917452496754976,-0.3114282011357652,0.9303777980167071,4.201272655487162,3.6381936114912756,3.9512726554871644,3.6381936114912756,4.201272655487162,3.551707733412172,4.251272655487171,3.551707733412172,3.66123476604058,0.3378308785662793,0.006202072429317957,0.00976404328005791
ETH,buyside,1783068300,2026-07-03,8,14.425996801179565,-0.572577417965641,0.7022045089578707,1.700792492824651,2.4673900143896117,1.0007924928246614,2.4673900143896117,1.700792492824651,2.4111409981124883,1.0007924928246614,2.4111409981124883,6.436297004613773,0.5193243469992738,0.007194094296456842,0.002467577827191477
ETH,buyside,1783171500,2026-07-04,13,10.69033564868277,0.3002712080789844,0.26659593240660356,1.6357806487634343,2.2603174574479517,1.3357806487634343,2.2603174574479517,1.6357806487634343,2.1734099708705625,0.5857806487634338,2.1734099708705625,1.5032268890434728,0.14265423879271985,0.003866190234207376,0.0023416077163705556
ETH,buyside,1783177800,2026-07-04,15,11.931156758303,-0.12153054639827586,0.3218464125306085,3.161954327592035,3.3981221530664643,2.9119543275920416,3.3981221530664643,3.161954327592035,3.3625260401702435,2.211954327592034,3.3625260401702435,3.435542825424257,0.3938695109061195,0.0035596036258399096,0.0028636539599659785
ETH,buyside,1783177800,2026-07-04,15,11.931156758303,-0.12153054639827586,1.6779596819954512,1.8058410581271922,2.0420088836016212,1.555841058127199,2.0420088836016212,1.8058410581271922,2.0064127707054005,0.8558410581271914,2.0064127707054005,3.435542825424257,0.3938695109061195,0.0035596036258399096,0.0028636539599659785
ETH,buyside,1783290900,2026-07-05,22,11.692929135261782,-0.5875345621724821,0.029932619615766896,3.6184281384431167,3.5769994991055807,3.6684281384431126,3.5769994991055807,3.6684281384431126,3.53529233830945,3.9184281384431108,3.53529233830945,0.18387180621119506,0.022773011333546065,0.0028628797970979497,0.0035510220392601416
ETH,sellside,1783339500,2026-07-06,12,13.474715516528843,0.4957433046958209,0.7443570877393747,1.8419260750005522,2.1846483577082405,2.4419260750005494,2.1846483577082405,2.4419260750005494,2.109978213475678,2.4419260750005494,2.109978213475678,-0.40668762121751034,0.04861603974449798,0.0033770777414864144,0.008201522375862096
ETH,buyside,1783372200,2026-07-06,21,16.832962333210588,-0.6291227765125085,0.8786332261208734,1.0145978537031877,2.1852591116103737,4.164597853703189,2.1852591116103737,1.3145978537031937,2.1708115154695102,0.9645978537031891,2.1708115154695102,0.3659486594255893,0.038879070941680687,0.005944074010918135,0.00414213976949972
ETH,buyside,1783372200,2026-07-06,21,16.832962333210588,-0.6291227765125085,1.0099232484147995,0.8833078314092617,2.0539690893164475,4.033307831409263,2.0539690893164475,1.1833078314092675,2.039521493175584,0.8333078314092629,2.039521493175584,0.3659486594255893,0.038879070941680687,0.005944074010918135,0.00414213976949972
ETH,sellside,1783474800,2026-07-08,1,17.129714385243776,0.34910097538762414,0.44192213773984684,0.9714211852801762,1.3841525073035,1.2714211852801653,1.3841525073035,0.7714211852801746,1.3423353932301494,0.7714211852801746,1.3423353932301494,-0.7209694056918382,0.07010274166997833,0.005423262071752515,0.004909829040262713
ETH,sellside,1783500000,2026-07-08,8,16.483171027951162,-0.6139595338080888,0.11830247934049545,2.833168381669309,2.7320108511679426,3.03316838166932,2.7320108511679426,2.9831683816693135,2.6802611498202773,2.883168381669315,2.6802611498202773,-0.8542045687764761,0.08031028975587427,0.005763429716525509,0.010287022825216471
ETH,buyside,1783648200,2026-07-10,1,12.456416474195247,0.1364758478910665,1.1150879571805157,1.607103111349132,1.3977387724579888,1.707103111349127,1.3977387724579888,1.6571031113491388,1.310136241102616,1.6571031113491388,1.310136241102616,0.9071629889229436,0.132878645343367,0.0028026264676119694,0.005729008596486491
ETH,buyside,1783780800,2026-07-11,14,8.459929053566748,0.008274301067622308,0.527191182308964,1.5483103397673101,2.129961234815822,1.5483103397673101,2.129961234815822,1.5483103397673101,2.0299283665050076,1.5983103397673013,2.0299283665050076,2.0744854819557603,0.23028473953549264,0.0023483583924750516,0.0021174308701395854
ETH,buyside,1783780800,2026-07-11,14,8.459929053566748,0.008274301067622308,0.6643081714296967,1.4111933506465777,1.9928442456950894,1.4111933506465777,1.9928442456950894,1.4111933506465777,1.892811377384275,1.4611933506465686,1.892811377384275,2.0744854819557603,0.23028473953549264,0.0023483583924750516,0.0021174308701395854
ETH,buyside,1783901700,2026-07-13,0,11.599886849941361,-1.511221637484213,0.5370742043084249,1.5274091268873267,2.6048921125697304,1.627409126887335,2.6048921125697304,1.577409126887321,2.37368675283207,0.27740912688733094,2.37368675283207,1.5362218813444735,0.1661383553980975,0.0035387137853073393,0.005602309080706
ETH,buyside,1783901700,2026-07-13,0,11.599886849941361,-1.511221637484213,1.0862174918597247,0.9782658393360268,2.0557488250184304,1.0782658393360351,2.0557488250184304,1.0282658393360211,1.8245434652807706,-0.27173416066396894,1.8245434652807706,1.5362218813444735,0.1661383553980975,0.0035387137853073393,0.005602309080706
ETH,buyside,1783901700,2026-07-13,0,11.599886849941361,-1.511221637484213,1.379323799186962,0.6851595320087895,1.7626425176911933,0.7851595320087978,1.7626425176911933,0.7351595320087839,1.5314371579535333,-0.5648404679912062,1.5314371579535333,1.5362218813444735,0.1661383553980975,0.0035387137853073393,0.005602309080706
ETH,buyside,1783901700,2026-07-13,0,11.599886849941361,-1.511221637484213,1.379323799186962,0.6851595320087895,1.7626425176911933,0.7851595320087978,1.7626425176911933,0.7351595320087839,1.5314371579535333,-0.5648404679912062,1.5314371579535333,1.5362218813444735,0.1661383553980975,0.0035387137853073393,0.005602309080706
ETH,sellside,1783913700,2026-07-13,3,14.141866402813836,-0.42851486694812607,0.3153756281499464,2.995781330112332,2.472035931471294,4.295781330112324,2.472035931471294,2.945781330112328,2.4280059996682386,4.045781330112333,2.4280059996682386,-0.3210325900898506,0.03744021111660871,0.004291518600090711,0.008115038196583605
ETH,buyside,1784033400,2026-07-14,12,16.108346395259037,1.7506452436545437,0.2390065314918518,4.893737728681534,4.11186547107074,1.6937377286815312,4.11186547107074,3.1937377286815374,3.8491780963962205,3.1937377286815374,3.8491780963962205,1.5991709743454239,0.1848715372470217,0.004612822627207096,0.012478084128544798
ETH,buyside,1784033400,2026-07-14,12,16.108346395259037,1.7506452436545437,0.45876838122720676,4.6739758789461785,3.892103621335385,1.473975878946176,3.892103621335385,2.9739758789461823,3.6294162466608655,2.9739758789461823,3.6294162466608655,1.5991709743454239,0.1848715372470217,0.004612822627207096,0.012478084128544798
ETH,buyside,1784068500,2026-07-14,22,14.666747641507099,-0.5727241107106628,0.20931702617641154,1.0972419360776187,3.803800143447819,4.847241936077616,3.803800143447819,1.1972419360776139,3.708335280925501,4.847241936077616,3.708335280925501,8.042682868979869,0.7268917919645072,0.007767157539581423,0.004193061018724961
ETH,buyside,1784119500,2026-07-15,12,15.304919481463457,2.669076439733993,0.022215079302554248,1.2658837316334,1.5273479273312405,3.5158837316333926,1.5273479273312405,1.165883731633397,1.5081923852500885,1.2158837316333986,1.5081923852500885,1.5406810881010402,0.1831029662991139,0.003617663290523441,0.004301864295227017
ETH,buyside,1784399100,2026-07-18,18,8.363368765305038,-0.19489754018283212,0.312075202378656,1.3154706510391116,1.475481499539418,1.3154706510391116,1.475481499539418,1.3154706510391116,1.4485100205240922,1.3154706510391116,1.4485100205240922,0.6970875210220733,0.12754320717567103,0.0013825173036438134,0.002970392874873328
ETH,buyside,1784506500,2026-07-20,0,11.22282822351153,-0.7155059170537186,0.972125722921045,0.9354620663041202,1.0163508660424871,0.8854620663041145,1.0163508660424871,0.9354620663041202,0.9790083504676629,0.9354620663041202,0.9790083504676629,0.9605421900173216,0.13266059561899893,0.0025169906912958385,0.006810266641890348
ETH,sellside,1784524500,2026-07-20,5,12.70062648671734,0.16849562517551164,0.016534617423767252,1.4282550963868745,1.5248658096679073,1.3782550963868767,1.5248658096679073,1.4282550963868745,1.5028992270535382,1.4282550963868745,1.5028992270535382,0.029919783909677485,0.004473746173770954,0.002630108217492945,0.0034180044741097333
ETH,buyside,1784547600,2026-07-20,11,13.924323443267358,-1.1813859443170214,0.2276591758957467,1.4315109254678515,1.714762561651196,0.2815109254678432,1.714762561651196,1.581510925467854,1.7027327731263189,1.4315109254678515,1.7027327731263189,-0.18385094331013802,0.02344751786041537,0.003387851228681043,0.0078094270166196075
ETH,buyside,1784622300,2026-07-21,8,13.958462691721243,-0.378265151156763,0.46423450369239466,3.3258867480428234,3.3841549565952596,3.5758867480428234,3.3841549565952596,3.3258867480428234,3.3192410735401534,3.275886748042823,3.3192410735401534,5.234817158148634,0.36961910061207026,0.006030139533256848,0.004578206654320375
ETH,sellside,1784701500,2026-07-22,6,11.784283222040017,0.09334466757745528,0.08485878870678455,2.120419626507601,1.539095137584821,2.170419626507606,1.539095137584821,2.0704196265075954,1.5286718273889817,1.7204196265075968,1.5286718273889817,-1.330585806922387,0.13754385964912308,0.0033601945656841904,0.004372775381402008
ETH,buyside,1784729400,2026-07-22,14,13.708685222044991,-0.5288618042189229,0.21300365080266115,2.2894280882146814,1.924866251842412,2.189428088214678,1.924866251842412,2.0894280882146745,1.8641134564132826,2.0894280882146745,1.8641134564132826,0.5879484333799462,0.05968601895734737,0.00420904385912151,0.005212992071670194
ETH,buyside,1784729400,2026-07-22,14,13.708685222044991,-0.5288618042189229,0.819918162678717,1.6825135763386256,1.317951739966356,1.5825135763386222,1.317951739966356,1.4825135763386188,1.2571989445372267,1.4825135763386188,1.2571989445372267,0.5879484333799462,0.05968601895734737,0.00420904385912151,0.005212992071670194
ETH,sellside,1784810400,2026-07-23,12,12.46569020179078,0.3882657054404111,0.45565066258297465,1.3998929605584092,1.675501109793224,2.7498929605584,1.675501109793224,1.1998929605584063,1.6452828260054606,1.2498929605584161,1.6452828260054606,0.7115530593505088,0.06435463977363343,0.004156350801898187,0.003456116159696435
ETH,sellside,1784898600,2026-07-24,13,12.818310376644218,0.07255246383287638,0.2668058347402425,1.7958167569075274,2.052991271706955,2.295816756907525,2.052991271706955,1.5958167569075392,2.0023752192312267,1.5958167569075392,2.0023752192312267,-2.0338093893795195,0.21983303819883426,0.0033089232056081053,0.0038558148319147636
ETH,buyside,1785079200,2026-07-26,15,7.349808168650669,0.9007037800301482,0.020408695922145278,4.768516480596092,3.8262777514245414,4.8685164805960985,3.8262777514245414,4.8685164805960985,3.7505076169350353,4.8685164805960985,3.7505076169350353,4.17834034512465,0.5360446849362924,0.0018012066459739758,0.002018126230847564
ETH,buyside,1785107400,2026-07-26,23,10.193165962747909,-1.3097010338877282,1.0703249647726425,4.262422303342317,4.68418637021551,1.8124223033423252,4.68418637021551,4.262422303342317,4.487306387055652,1.8624223033423168,4.487306387055652,7.350022581188568,0.7172123300784988,0.003550192724231025,0.0034273047618504594
ETH,sellside,1785246000,2026-07-28,13,14.905139778731566,-1.0875443129443443,0.39852024792655455,0.9624875576092293,3.0382674909930545,1.1624875576092206,3.0382674909930545,1.0124875576092234,2.9804875064235055,0.9624875576092293,2.9804875064235055,-4.607806502962212,0.3686527106816975,0.006890651348296435,0.006661951574836482
ETH,buyside,1785348300,2026-07-29,18,16.986815365901315,-0.38971401392215205,0.353803810222382,0.573102907125606,1.2392642488474368,0.6231029071255992,1.2392642488474368,0.6231029071255992,1.1962261181466722,0.573102907125606,1.1962261181466722,0.29081378078179515,0.024687656171914325,0.00530308696205805,0.0067469878203627225
ETH,sellside,1785354900,2026-07-29,19,18.562042839765503,0.18478569571297226,0.043637438346208354,1.9000753854090633,1.3378380862752592,2.100075385409067,1.3378380862752592,1.9000753854090633,1.3232443868513102,1.9000753854090633,1.3232443868513102,-0.09050727953288612,0.008683068017366475,0.005183504814092876,0.006989648517221203
ETH,buyside,1785419400,2026-07-30,13,13.809186979605471,-0.9884723858225175,0.09486438281519831,2.1483500211684845,2.160136520912179,0.8483500211684948,2.160136520912179,2.1983500211684874,2.1535737204249017,2.1983500211684874,2.1535737204249017,1.1579247948206755,0.08521183053557166,0.0059276697830562535,0.007214082770126875
ETH,sellside,1785505800,2026-07-31,13,12.697908659044497,0.6898773833721348,0.3150125038228929,3.7491482108861036,2.7233477370974746,3.8491482108861073,2.7233477370974746,3.6491482108861,2.6610164812168624,1.349148210886104,2.6610164812168624,-3.696671732361635,0.47081243731193384,0.0027403624992132984,0.005317216181111181
ETH,sellside,1785507000,2026-07-31,14,13.333058040541314,-0.24450504828580472,0.06900142466961925,5.130633285997348,3.927408391471687,5.230633285997349,3.927408391471687,2.8306332859973424,3.7978431413833826,5.230633285997349,3.7978431413833826,-3.771077861291517,0.48796583850931674,0.0029360508108270604,0.0059540435720341674
ETH,sellside,1785507000,2026-07-31,14,13.333058040541314,-0.24450504828580472,0.4935101894848581,4.706124521182109,3.502899626656448,4.8061245211821095,3.502899626656448,2.4061245211821034,3.3733343765681436,4.8061245211821095,3.3733343765681436,-3.771077861291517,0.48796583850931674,0.0029360508108270604,0.0059540435720341674
ETH,sellside,1785609300,2026-08-01,18,9.077824141157972,0.2709900480277686,0.5684181495216366,3.4498404655041797,3.181079899356704,3.1998404655041766,3.181079899356704,3.1998404655041766,2.8575070293465767,3.1998404655041766,2.8575070293465767,-1.0751475076223498,0.19950940310711224,0.0015677246497056397,0.004659766192426347
ETH,sellside,1785609300,2026-08-01,18,9.077824141157972,0.2709900480277686,1.1808997214868473,2.837358893538969,2.5685983273914936,2.587358893538966,2.5685983273914936,2.587358893538966,2.245025457381366,2.587358893538966,2.245025457381366,-1.0751475076223498,0.19950940310711224,0.0015677246497056397,0.004659766192426347
ETH,sellside,1785609300,2026-08-01,18,9.077824141157972,0.2709900480277686,1.7261845742256219,2.2920740408001943,2.023313474652719,2.042074040800191,2.023313474652719,2.042074040800191,1.6997406046425914,2.042074040800191,1.6997406046425914,-1.0751475076223498,0.19950940310711224,0.0015677246497056397,0.004659766192426347
ETH,sellside,1785609300,2026-08-01,18,9.077824141157972,0.2709900480277686,1.7933812934520328,2.2248773215737834,1.956116755426308,1.9748773215737803,1.956116755426308,1.9748773215737803,1.6325438854161805,1.9748773215737803,1.6325438854161805,-1.0751475076223498,0.19950940310711224,0.0015677246497056397,0.004659766192426347
ETH,buyside,1785636600,2026-08-02,2,9.882762107281811,0.14570825285160255,0.7619327388698066,0.5948213961997513,2.2414057003192887,3.594821396199757,2.2414057003192887,0.6448213961997494,2.1324036590436344,3.9448213961997443,2.1324036590436344,-1.1292389595998853,0.13603120429059062,0.0035134626046011783,0.0030889053495818377
ETH,buyside,1785696300,2026-08-02,18,9.617939856233047,-0.281765122313983,0.26097064834246686,0.7306857468389257,2.665553659584833,1.18068574683892,2.665553659584833,0.8306857468389401,2.545129867789005,0.780685746838933,2.545129867789005,3.310480256264627,0.30020742975674297,0.0036050741118271454,0.0033578362716802992
ETH,buyside,1785824400,2026-08-04,6,12.38881900326299,-1.1066430138650885,0.4794645880640896,0.7922221384269131,1.599843635780201,0.7422221384269129,1.599843635780201,0.9422221384269139,1.582163665982505,0.8422221384269134,1.582163665982505,1.2220696739545955,0.11511557177615629,0.004121351912765327,0.001150406685920064
ETH,buyside,1785932700,2026-08-05,12,9.884229794810366,-0.9115530685790629,0.211447937106567,1.2738300128715854,1.1216354530562442,0.9738300128715803,1.1216354530562442,0.9238300128715756,1.0987161556180398,0.9738300128715803,1.0987161556180398,-0.62625011037783,0.06734849309106508,0.0028972314401206826,0.004015343708871011
ETH,sellside,1785936900,2026-08-05,13,10.893213380895341,-1.1640275056245948,0.43880532152093876,0.7534733975337256,0.9465538993225671,1.0534733975337163,0.9465538993225671,1.103473397533718,0.9189365504587091,1.0534733975337163,0.9189365504587091,1.3026459230925065,0.16463626870866657,0.002606865067977691,0.004912054628912534
ETH,buyside,1785951600,2026-08-05,17,12.970806106095152,1.0030217007011168,0.6838433885640894,1.8421559401284975,1.8262831110381936,1.992155940128502,1.8262831110381936,2.2421559401284923,1.7929349313183656,2.142155940128507,1.7929349313183656,2.0068143635088442,0.2598063679009871,0.00332794309814153,0.0037653154264984455
ETH,buyside,1786101900,2026-08-07,11,8.299009707179025,1.3399189050689755,0.059043189162212524,0.7893575875891042,1.525684458803975,0.7393575875891,1.525684458803975,1.0393575875890977,1.5117216045725614,0.8893575875891125,1.5117216045725614,0.6121212264163872,0.0629491945477068,0.002444205001447163,0.002152678548610016
ETH,buyside,1786104900,2026-08-07,12,9.612651870951956,-0.4941404373910402,0.07906246998256548,2.379228594120189,2.929147069302877,2.329228594120186,2.929147069302877,2.379228594120189,2.875145099503985,2.5792285941201767,2.875145099503985,1.7934697138150604,0.22834437086092796,0.0022438503595950086,0.0066018566019459945
ETH,buyside,1786104600,2026-08-07,12,9.612651870951956,0.003120886972993205,0.5211881244903382,1.4440027978790404,2.059577222273301,1.3940027978790375,2.059577222273301,1.4440027978790404,2.013218915578918,1.6440027978790281,2.013218915578918,1.7934697138150604,0.22834437086092796,0.0022438503595950086,0.0030680206111504513
ETH,buyside,1786288500,2026-08-09,15,4.595818526186796,-0.40906750109642376,0.11967400298033437,1.3082636768889258,1.5469272126105997,1.3082636768889258,1.5469272126105997,1.3082636768889258,1.5405792078962426,1.3082636768889258,1.5405792078962426,0.5330932860033616,0.057796650153340845,0.0013302401805003609,0.0016978187231047037
ETH,sellside,1786318500,2026-08-09,23,6.238335467966455,-0.9056903125861958,0.572268038218161,0.8252785526885734,1.3711146866521071,0.8252785526885734,1.3711146866521071,0.8252785526885734,1.3297205168720116,0.8252785526885734,1.3297205168720116,0.45044066873754335,0.0557429081531438,0.0014608845879252562,0.004781454607828358
ETH,sellside,1786366800,2026-08-10,13,8.972775195396283,0.9361652127771942,0.1303944403511159,1.4357090905375232,1.6389022809827658,1.185709090537505,1.6389022809827658,2.0857090905375095,1.610221166068425,2.0857090905375095,1.610221166068425,0.32542885967969587,0.03280161761402031,0.002675588570876881,0.003322453046833976
ETH,sellside,1786374000,2026-08-10,15,9.594178612357007,1.729173561416973,0.04586114328050429,2.817914699012318,2.5858647979795544,2.667914699012313,2.5858647979795544,2.917914699012305,2.577558856592534,2.917914699012305,2.577558856592534,-2.8631945588984045,0.26345065694830816,0.0031220405225595243,0.0037443475779923557
ETH,sellside,1786373700,2026-08-10,14,9.594178612357007,1.7646117175882587,0.19178296280934928,2.577143696789706,2.364346417382758,2.427143696789701,2.364346417382758,2.677143696789693,2.3560488011796097,2.677143696789693,2.3560488011796097,-2.8631945588984045,0.26345065694830816,0.0031220405225595243,0.0036820767697486587
ETH,sellside,1786463100,2026-08-11,15,9.701516466787533,-0.4040605418152608,0.19378413740121542,2.2662409851413137,2.3334933219834886,1.8662409851413175,2.3334933219834886,2.2662409851413137,2.303513793685466,2.36624098514133,2.303513793685466,-0.34118377382871024,0.04106190298970277,0.00262464555531608,0.007223319120498054
ETH,sellside,1786462800,2026-08-11,15,9.701516466787533,-0.4246758755813745,1.1431202573294588,0.9819056915141803,1.1062823068303507,0.5819056915141841,1.1062823068303507,0.9819056915141803,1.0499027163536883,1.081905691514197,1.0499027163536883,-0.34118377382871024,0.04106190298970277,0.00262464555531608,0.0048855301518097765
ETH,buyside,1786526700,2026-08-12,9,8.17113486302428,1.6852004318655271,0.2643451657828382,1.8315998253015175,2.1873074798677923,4.5815998253015024,2.1873074798677923,1.3815998253015145,2.1775169865441772,1.3815998253015145,2.1775169865441772,0.6779963974244714,0.06450861667442927,0.0031841825070915816,0.0026098252897924067
ETH,sellside,1786639200,2026-08-13,16,10.049344766970611,-0.8010472510066808,0.6129752877268457,0.5777727741428027,1.2969711823578525,0.6777727741427884,1.2969711823578525,0.5777727741428027,1.2934423071069046,0.6277727741428069,1.2934423071069046,-1.0637509457467413,0.11026302217638087,0.0028282089923563243,0.00530246266031102
ETH,buyside,1786897200,2026-08-16,16,3.152671157779252,-0.25692498819659276,0.18397097920243619,2.4154768026002893,1.8446505882773183,1.815476802600257,1.8446505882773183,1.815476802600257,1.8074424120746375,1.2154768026002964,1.8074424120746375,-0.2918160359763378,0.03387334315169596,0.0007723444508768194,0.0017841419993135739
ETH,buyside,1786897200,2026-08-16,16,3.152671157779252,-0.25692498819659276,0.7676030511551117,1.831844730647614,1.2610185163246428,1.2318447306475813,1.2610185163246428,1.2318447306475813,1.2238103401219618,0.6318447306476209,1.2238103401219618,-0.2918160359763378,0.03387334315169596,0.0007723444508768194,0.0017841419993135739
ETH,sellside,1786916700,2026-08-16,21,4.4184996433504855,0.3055335767722781,1.5480367889796283,1.0942256588147135,1.6994030083560643,1.4942256588147265,1.6994030083560643,1.1442256588147344,1.6118849738803624,1.1442256588147344,1.6118849738803624,-0.7174381024949698,0.09106578569376839,0.0011343643515315553,0.002109322333131196
ETH,sellside,1786916700,2026-08-16,21,4.4184996433504855,0.3055335767722781,1.7743579569591088,0.8679044908352329,1.4730818403765837,1.267904490835246,1.4730818403765837,0.9179044908352538,1.385563805900882,0.9179044908352538,1.385563805900882,-0.7174381024949698,0.09106578569376839,0.0011343643515315553,0.002109322333131196
ETH,buyside,1786935300,2026-08-17,2,6.91665338117772,-0.31518132828984824,1.2462674540634762,2.7743228214193465,2.323251466599749,1.274322821419331,2.323251466599749,2.7743228214193465,2.162822221621946,2.7743228214193465,2.162822221621946,1.1479540122116234,0.15995165189363567,0.0019340853079835442,0.0029762518266661367
ETH,buyside,1787063400,2026-08-18,14,8.864173855164378,-0.25044635137730603,0.11168553507366316,1.131720203218471,1.7469471372113303,2.481720203218452,1.7469471372113303,1.2317202032184582,1.7184523157546225,1.2317202032184582,1.7184523157546225,-1.32781691698687,0.14844242653550327,0.002313758015231151,0.005919216319085758
ETH,buyside,1787128800,2026-08-19,8,7.772142681399697,-0.7166620877058868,0.6356033596529911,1.454446828338934,1.7148637707594805,1.354446828338941,1.7148637707594805,1.30444682833893,1.6669077126908836,1.354446828338941,1.6669077126908836,2.0213216154146565,0.1884823035392928,0.002512787793432321,0.00223732190060554
ETH,buyside,1787128800,2026-08-19,8,7.772142681399697,-0.7166620877058868,0.858193200179241,1.2318569878126842,1.4922739302332306,1.1318569878126914,1.4922739302332306,1.0818569878126802,1.4443178721646337,1.1318569878126914,1.4443178721646337,2.0213216154146565,0.1884823035392928,0.002512787793432321,0.00223732190060554
ETH,buyside,1787143800,2026-08-19,12,8.225117584429842,-1.206061785521297,0.023099973714628082,3.555057510440875,3.3458032780111235,3.4550575104408523,3.3458032780111235,3.555057510440875,3.2659499953594286,3.4050575104408547,3.2659499953594286,2.866828316793537,0.28875826598089444,0.0024581250632184633,0.0034427239061218255
ETH,buyside,1787143800,2026-08-19,12,8.225117584429842,-1.206061785521297,0.6066782570313749,2.971479227124128,2.762224994694377,2.8714792271241056,2.762224994694377,2.971479227124128,2.682371712042682,2.821479227124108,2.682371712042682,2.866828316793537,0.28875826598089444,0.0024581250632184633,0.0034427239061218255
ETH,buyside,1787153400,2026-08-19,15,21.094152089282936,1.1993845447266904,0.8343544658968178,8.705400952954259,6.896365112280734,3.855400952954254,6.896365112280734,7.6054009529542554,6.10845629444251,-0.04459904704573435,6.10845629444251,2.507804048064874,0.45477991746904994,0.004695934836393544,0.018873877599516985
ETH,buyside,1787153400,2026-08-19,15,21.094152089282936,1.1993845447266904,3.243078921136459,6.296676497714617,4.487640657041093,1.4466764977146132,4.487640657041093,5.1966764977146145,3.699731839202869,-2.453323502285375,3.699731839202869,2.507804048064874,0.45477991746904994,0.004695934836393544,0.018873877599516985
ETH,buyside,1787153400,2026-08-19,15,21.094152089282936,1.1993845447266904,3.650300788298597,5.889454630552478,4.080418789878955,1.0394546305524748,4.080418789878955,4.789454630552476,3.2925099720407305,-2.8605453694475136,3.2925099720407305,2.507804048064874,0.45477991746904994,0.004695934836393544,0.018873877599516985
ETH,buyside,1787152200,2026-08-19,15,21.094152089282936,3.7498544461612924,0.5072495900622748,4.524147322721317,3.6044110352239644,1.8241473227213227,3.6044110352239644,4.524147322721317,3.2495473475621894,1.8241473227213227,3.2495473475621894,2.507804048064874,0.45477991746904994,0.004695934836393544,0.012327514003719042
ETH,buyside,1787151900,2026-08-19,15,21.094152089282936,5.538975897465036,0.3299492660591996,3.1986614780352274,2.4113399697907125,0.49866147803523303,2.4113399697907125,3.1986614780352274,2.355448416164716,0.49866147803523303,2.355448416164716,2.507804048064874,0.45477991746904994,0.004695934836393544,0.010595288356220825
ETH,buyside,1787172900,2026-08-19,20,29.29455072976688,2.9770041808964804,1.4821869227671751,3.7107983051919042,5.988760583617582,4.2107983051919105,5.988760583617582,8.910798305191912,5.584032140968736,3.410798305191913,5.584032140968736,6.451711847144073,0.8178985632681309,0.012682057701302036,0.006922682088279659
ETH,buyside,1787172900,2026-08-19,20,29.29455072976688,2.9770041808964804,2.8694756501107426,2.323509577848337,4.601471856274014,2.823509577848343,4.601471856274014,7.523509577848346,4.1967434136251685,2.0235095778483454,4.1967434136251685,6.451711847144073,0.8178985632681309,0.012682057701302036,0.006922682088279659
ETH,buyside,1787172900,2026-08-19,20,29.29455072976688,2.9770041808964804,2.997485805808046,2.1954994221510336,4.473461700576711,2.69549942215104,4.473461700576711,7.395499422151042,4.068733257927866,1.8954994221510424,4.068733257927866,6.451711847144073,0.8178985632681309,0.012682057701302036,0.006922682088279659
ETH,buyside,1787172900,2026-08-19,20,29.29455072976688,2.9770041808964804,3.127202763581319,2.0657824643777607,4.3437447428034375,2.565782464377767,4.3437447428034375,7.265782464377769,3.9390163001545924,1.765782464377769,3.9390163001545924,6.451711847144073,0.8178985632681309,0.012682057701302036,0.006922682088279659
ETH,buyside,1787172900,2026-08-19,20,29.29455072976688,2.9770041808964804,3.39926701448998,1.7937182134690992,4.071680491894776,2.2937182134691056,4.071680491894776,6.9937182134691085,3.666952049245931,1.4937182134691078,3.666952049245931,6.451711847144073,0.8178985632681309,0.012682057701302036,0.006922682088279659
ETH,buyside,1787172900,2026-08-19,20,29.29455072976688,2.9770041808964804,3.450129716353717,1.7428555116053628,4.02081779003104,2.2428555116053692,4.02081779003104,6.942855511605371,3.6160893473821947,1.4428555116053714,3.6160893473821947,6.451711847144073,0.8178985632681309,0.012682057701302036,0.006922682088279659
ETH,buyside,1787173800,2026-08-19,21,35.614225677640675,-0.7241488340483966,0.288929488265141,6.561852852837737,7.800844095755447,6.961852852837742,7.800844095755447,6.661852852837739,7.3949868745153315,6.31185285283774,7.3949868745153315,8.589264379038571,0.8831341301460811,0.01649935576776622,0.037505662657915044
ETH,buyside,1787173800,2026-08-19,21,35.614225677640675,-0.7241488340483966,0.40208651816879304,6.448695822934085,7.687687065851795,6.84869582293409,7.687687065851795,6.548695822934087,7.281829844611679,6.198695822934089,7.281829844611679,8.589264379038571,0.8831341301460811,0.01649935576776622,0.037505662657915044
ETH,buyside,1787241300,2026-08-20,15,31.478715787135652,0.2846367704638606,0.13469418602306943,2.609218682252865,3.1964525250795606,1.0592186822528642,3.1964525250795606,1.7592186822528608,3.1571868135228947,1.8592186822528562,3.1571868135228947,6.207686530841824,0.5243794445189844,0.013961653999389806,0.01299615425472408
ETH,buyside,1787244300,2026-08-20,16,32.48452180234025,-0.13329425091576955,0.4408253286637122,2.884159004181885,3.031634420446302,1.3841590041818888,3.031634420446302,2.084159004181881,2.9589332962110664,2.184159004181878,2.9589332962110664,7.291472580117705,0.5719874426467024,0.014332625027022762,0.011733572247404313
ETH,buyside,1787295000,2026-08-21,6,26.36222544350507,-0.03224310488587092,0.062210225897446896,3.951664333814436,2.6126425689380492,1.2516643338144393,2.6126425689380492,3.951664333814436,2.596406247800243,4.101664333814439,2.596406247800243,4.008007602637036,0.3690534404470827,0.006868949776475736,0.007747076115020039
ETH,buyside,1787302200,2026-08-21,8,30.674622958940628,-0.4150010259959591,0.20375148566180937,3.439826139649669,3.1148782313966095,2.439826139649665,3.1148782313966095,2.5398261396496657,3.0656262674403347,1.639826139649677,3.0656262674403347,2.9147872532835755,0.35796933178524254,0.0062593374329045085,0.00978177698328527
ETH,buyside,1787302200,2026-08-21,8,30.674622958940628,-0.4150010259959591,0.20407748803887538,3.439500137272603,3.1145522290195435,2.4395001372725993,3.1145522290195435,2.5395001372725994,3.065300265063269,1.639500137272611,3.065300265063269,2.9147872532835755,0.35796933178524254,0.0062593374329045085,0.00978177698328527
ETH,buyside,1787347500,2026-08-21,21,35.09236513966097,1.3829218921796673,0.4875704425137937,1.9156346847847023,2.218500360782132,2.215634684784702,2.218500360782132,1.8156346847847111,2.1943062404621636,1.9656346847847044,2.1943062404621636,3.483378778076319,0.360738948238212,0.00887530297512003,0.00927950381774234
ETH,buyside,1787346900,2026-08-21,21,35.09236513966097,2.6222228007082964,0.3396750248255063,1.4331935631155974,1.7672091566671648,1.733193563115597,1.7672091566671648,1.3331935631156062,1.7401123466756268,1.4831935631155995,1.7401123466756268,3.483378778076319,0.360738948238212,0.00887530297512003,0.007796720331306029
ETH,sellside,1787460600,2026-08-23,4,23.55954603817462,-0.025467383752967962,0.5445775559177111,1.6921495819370025,1.8336731276782927,2.542149581937005,1.8336731276782927,1.8421495819370006,1.734928208840871,1.9921495819369988,1.734928208840871,-4.263664496643358,0.42024013722126896,0.00713550971948209,0.006175688673914329
ETH,buyside,1787491200,2026-08-23,13,24.572822123165675,-0.3133543213476163,1.6013626681854853,1.213369213208307,1.3450957479902776,1.2633692132083032,1.3450957479902776,1.213369213208307,1.290324941256611,1.2633692132083032,1.290324941256611,-0.12371391388268942,0.013061785683595284,0.005615222705557493,0.0021362959017769507
ETH,buyside,1787566500,2026-08-24,10,24.209022064180193,-0.5861451140975746,0.25899435274079535,1.2569854396868636,1.4832808139739275,0.9569854396868659,1.4832808139739275,1.2069854396868671,1.4987131913297633,1.2069854396868671,1.4987131913297633,1.9798404030089813,0.18222256016423968,0.006029686088460354,0.0059925949245792755
ETH,sellside,1787692200,2026-08-25,21,23.525324372610473,-1.2756465978823899,0.4288995059191405,2.256070467066159,2.4362368443396725,2.306070467066164,2.4362368443396725,2.1560704670661677,2.3867011903629156,2.106070467066163,2.3867011903629156,-2.002947940427112,0.2217203086768285,0.0044964321276564235,0.00590416709271796
ETH,buyside,1787819700,2026-08-27,8,20.034979198389212,0.5021218090812272,0.00299476228079984,2.5916780250392217,3.4371901846145807,2.5916780250392217,3.4371901846145807,2.6416780250392233,3.3721080707717874,2.6916780250392254,3.3721080707717874,2.039932240273341,0.20495461611754637,0.004413410141180346,0.010018305082589971
ETH,buyside,1787819400,2026-08-27,8,20.034979198389212,1.0262052082216757,0.10232104459409667,1.9013853193142116,2.798749277232266,1.9013853193142116,2.798749277232266,1.9513853193142134,2.7799178556571493,2.001385319314215,2.7799178556571493,2.039932240273341,0.20495461611754637,0.004413410141180346,0.008493852788051662
ETH,buyside,1787819400,2026-08-27,8,20.034979198389212,1.0262052082216757,0.12478176170010682,1.8789246022082016,2.776288560126256,1.8789246022082016,2.776288560126256,1.9289246022082034,2.757457138551139,1.978924602208205,2.757457138551139,2.039932240273341,0.20495461611754637,0.004413410141180346,0.008493852788051662
ETH,sellside,1787934600,2026-08-28,16,25.709364385122665,-0.4784248966932014,0.3372312076691081,3.204358329166299,3.11163979493102,2.8043583291662997,3.11163979493102,3.154358329166286,2.9998576781065434,3.154358329166286,2.9998576781065434,-1.9611531131114546,0.2527318295739352,0.004814555507270758,0.011020080269568914
ETH,sellside,1787934300,2026-08-28,16,25.709364385122665,-0.9074514503945046,0.6736844886769271,2.5166711605861516,2.526947885536019,2.1166711605861526,2.526947885536019,2.4666711605861384,2.4964107556883035,2.4666711605861384,2.4964107556883035,-1.9611531131114546,0.2527318295739352,0.004814555507270758,0.008421672555909126
ETH,buyside,1788091800,2026-08-30,12,8.324537567194985,-0.7027417382382131,0.28590176700975206,1.4395159060273375,1.8613931199114917,1.6895159060273641,1.8613931199114917,1.4895159060273429,1.8174885714758047,1.6895159060273641,1.8174885714758047,3.1329067578209964,0.38913757087435696,0.0016319649450723776,0.0021227891515109587
ETH,buyside,1788108000,2026-08-30,16,12.519594113303205,-1.3450915299327206,0.025559934060492798,5.63984935803273,4.706287934361365,5.839849358032762,4.706287934361365,5.689849358032756,4.508871425609575,5.689849358032756,4.508871425609575,2.4066275413820524,0.47501182405800263,0.0013859581809477898,0.011103341944170462
ETH,sellside,1788133500,2026-08-30,23,22.047493602638465,-0.9184717485336584,0.11520583907533131,2.298309984220923,3.168468906914872,3.1483099842209326,3.168468906914872,2.298309984220923,3.1219310505344278,2.7483099842209198,3.1219310505344278,0.5878219190615431,0.0767681554318208,0.005121219665698603,0.010787214491930605
ETH,sellside,1788288600,2026-09-01,18,19.733106259536473,-0.9238281981677342,0.1996644597246802,3.2465808600182875,3.2740966005332233,3.2465808600182875,3.2740966005332233,3.2965808600182878,3.2117029959257035,3.196580860018287,3.2117029959257035,-3.021318550453131,0.35349223289458415,0.00377087128751671,0.007526330298601652
ETH,sellside,1788341100,2026-09-02,9,18.898627298631386,0.5778197446536705,0.28256020480317434,1.6631950345357218,2.0927893504045794,1.6631950345357218,2.0927893504045794,1.6631950345357218,2.061262993832738,1.6631950345357218,2.061262993832738,-3.1367357566913436,0.3783024888321618,0.0035939620712146566,0.00533666313049182
ETH,buyside,1788442500,2026-09-03,13,17.38416954184672,1.8798712196940928,0.2824408717471738,1.3998222961110762,1.749539580657109,1.4498222961110767,1.749539580657109,1.3498222961110757,1.733287803627682,1.4498222961110767,1.733287803627682,1.1665785904344013,0.12516973213183683,0.0036111407366337545,0.005185314175535909
ETH,buyside,1788447900,2026-09-03,15,21.95905434985765,0.1903542808994839,0.6138697862500351,4.365584144901526,3.6344606795996373,3.7655841449015335,3.6344606795996373,4.465584144901531,3.5059565370144976,3.7655841449015335,3.5059565370144976,4.484710426550696,0.4555041628122104,0.006053978298528222,0.010306807066022942
ETH,buyside,1788511800,2026-09-04,8,19.10276597877506,-0.03559693924719484,0.24237327752138157,1.2581776252133532,2.47923231522526,0.9581776252133573,2.47923231522526,1.1581776252133624,2.4273832228842678,1.1581776252133624,2.4273832228842678,5.27148791499026,0.4051009735296478,0.0065643316344495125,0.002685051431946192
ETH,buyside,1788513300,2026-09-04,9,19.678282694576833,-0.522911483675161,0.0686035474209321,1.499757695885644,2.521187105804554,1.1997576958856504,2.521187105804554,1.3997576958856461,2.4975185807192646,1.3997576958856461,2.4975185807192646,6.787685799270021,0.5113118707652267,0.006596071409820727,0.003723910816455278
ETH,buyside,1788513300,2026-09-04,9,19.678282694576833,-0.522911483675161,0.0721607683983223,1.4962004749082538,2.5176298848271634,1.1962004749082602,2.5176298848271634,1.396200474908256,2.4939613597418746,1.396200474908256,2.4939613597418746,6.787685799270021,0.5113118707652267,0.006596071409820727,0.003723910816455278
