[2026/08/08 ¶g¤» 23:03:46.44] ===== daily_collect start ===== 
[2026/08/08 ¶g¤» 23:03:46.48] step1 coinglass_backfill 
2026-08-08 23:03:47,544 [INFO] === OI History: BTC (BTCUSDT) Binance 1h ===
2026-08-08 23:03:47,896 [INFO] OI: 4000 rows fetched
2026-08-08 23:03:47,965 [INFO] Saved: C:\Users\rfo\Desktop\flowbot\flow_system\market_data\raw_data\coinglass\oi_BTC_Binance_1h.parquet (4000 rows)
2026-08-08 23:03:47,965 [INFO] === OI Aggregated: BTC 1h ===
2026-08-08 23:03:48,162 [INFO] OI Aggregated: 4000 rows
2026-08-08 23:03:48,180 [INFO] Saved: C:\Users\rfo\Desktop\flowbot\flow_system\market_data\raw_data\coinglass\oi_agg_BTC_Binance_1h.parquet (4000 rows)
2026-08-08 23:03:48,180 [INFO] === Liquidation: BTC (BTCUSDT) Binance 1h ===
2026-08-08 23:03:48,275 [INFO] Liquidation: 4000 rows
2026-08-08 23:03:48,290 [INFO] Saved: C:\Users\rfo\Desktop\flowbot\flow_system\market_data\raw_data\coinglass\liquidation_BTC_Binance_1h.parquet (4000 rows)
2026-08-08 23:03:48,290 [INFO] === Long/Short Ratio: BTC (BTCUSDT) Binance 1h ===
2026-08-08 23:03:48,398 [INFO] Long/Short: 4000 rows
2026-08-08 23:03:48,408 [INFO] Saved: C:\Users\rfo\Desktop\flowbot\flow_system\market_data\raw_data\coinglass\long_short_BTC_Binance_1h.parquet (4000 rows)
2026-08-08 23:03:48,408 [INFO] === Funding Rate: BTC (BTCUSDT) Binance 1h ===
2026-08-08 23:03:48,501 [INFO] Funding: 4000 rows
2026-08-08 23:03:48,518 [INFO] Saved: C:\Users\rfo\Desktop\flowbot\flow_system\market_data\raw_data\coinglass\funding_BTC_Binance_1h.parquet (4000 rows)
2026-08-08 23:03:48,518 [INFO] === Taker Buy/Sell: BTC (BTCUSDT) Binance 1h ===
2026-08-08 23:03:48,691 [INFO] Taker: 4000 rows
2026-08-08 23:03:48,702 [INFO] Saved: C:\Users\rfo\Desktop\flowbot\flow_system\market_data\raw_data\coinglass\taker_BTC_Binance_1h.parquet (4000 rows)
2026-08-08 23:03:48,702 [INFO] Done. Files saved to C:\Users\rfo\Desktop\flowbot\flow_system\market_data\raw_data\coinglass
[2026/08/08 ¶g¤» 23:03:48.78] step2 research backfill_all_parquet 
============================================================
[1/3] Binance klines 1h backfill
============================================================
  Existing: 7093 bars, ends at 2026-08-08 12:00:00+00:00
  Fetched 2 bars up to 2026-08-08 14:00:00+00:00
  Updated: 7095 bars, 2025-10-17 00:00:00+00:00 -> 2026-08-08 14:00:00+00:00

============================================================
[2/4 existing] Coinglass endpoints
============================================================
  oi: 7089 bars, 2025-10-17 -> 2026-08-08
  oi_agg: 7089 bars, 2025-10-17 -> 2026-08-08
  liquidation: 7089 bars, 2025-10-17 -> 2026-08-08
  long_short: 7089 bars, 2025-10-17 -> 2026-08-08
  global_ls: 7089 bars, 2025-10-17 -> 2026-08-08
  funding: 7089 bars, 2025-10-17 -> 2026-08-08
  taker: 7089 bars, 2025-10-17 -> 2026-08-08

============================================================
[3/4 new] Coinglass endpoints
============================================================
  coinbase_premium: 6964 bars, 2025-10-22 -> 2026-08-08
  bitfinex_margin: 6964 bars, 2025-10-22 -> 2026-08-08
  top_ls_position: 6964 bars, 2025-10-22 -> 2026-08-08
  futures_cvd_agg: 6964 bars, 2025-10-22 -> 2026-08-08
  spot_cvd_agg: 6964 bars, 2025-10-22 -> 2026-08-08
  liq_agg: 6964 bars, 2025-10-22 -> 2026-08-08
  oi_coin_margin: 3964 bars, 2026-02-24 -> 2026-08-08

============================================================
[4/4] Deribit DVOL 1h backfill
============================================================
  Existing: 8810 bars, ends at 2026-08-08 13:00:00+00:00
  iter 0: +3 rows, earliest=2026-08-08 13:00:00+00:00
  Updated: 8812 bars, 2025-08-06 12:00:00+00:00 -> 2026-08-08 15:00:00+00:00

============================================================
DONE - all parquet files updated
============================================================
[2026/08/08 ¶g¤» 23:04:05.20] step3 export_depth_deltas 
exported 493071 rows (2026-07-09 05:23:00 -> 2026-08-08 15:03:00 UTC) -> C:\Users\rfo\Desktop\flowbot\flow_system\market_data\raw_data\depth_deltas_1m.parquet
[2026/08/08 ¶g¤» 23:04:41.05] step4 backup data_collector --light 
2026-08-08 23:04:41,263 [INFO] Data Collector ¡X mode: light
2026-08-08 23:04:41,264 [INFO] Source: C:\Users\rfo\Desktop\flowbot\flow_system
2026-08-08 23:04:41,264 [INFO] Destination: D:\flowbot_data
2026-08-08 23:04:41,264 [INFO] === Coinglass data ===
2026-08-08 23:04:41,319 [INFO]   Coinglass: 6 copied, 6 skipped, 959.9 KB
2026-08-08 23:04:41,319 [INFO] === Binance metrics ===
2026-08-08 23:04:41,319 [INFO]   Metrics: 0 copied, 1 skipped, 0 B
2026-08-08 23:04:41,319 [INFO] === Funding rate ===
2026-08-08 23:04:41,320 [INFO]   Funding: 0 copied, 3 skipped, 0 B
2026-08-08 23:04:41,320 [INFO] === Klines ===
2026-08-08 23:04:41,336 [INFO]   Klines: 0 copied, 92 skipped, 0 B
2026-08-08 23:04:41,336 [INFO] === Processed ML data ===
2026-08-08 23:04:41,336 [INFO]   Processed: 0 copied, 0 skipped, 0 B
2026-08-08 23:04:41,345 [INFO] 
Manifest saved: D:\flowbot_data\manifest.json
2026-08-08 23:04:41,345 [INFO] Total copied: 6 files, 959.9 KB
2026-08-08 23:04:41,345 [INFO] Destination total: 49.1 MB
[2026/08/08 ¶g¤» 23:04:41.35] ===== done FAILED=0 ===== 
[2026/08/09 ¶g¤é  4:00:01.41] ===== daily_collect start ===== 
[2026/08/09 ¶g¤é  4:00:01.42] step1 coinglass_backfill 
2026-08-09 04:00:02,393 [INFO] === OI History: BTC (BTCUSDT) Binance 1h ===
2026-08-09 04:00:02,726 [INFO] OI: 4000 rows fetched
2026-08-09 04:00:02,783 [INFO] Saved: C:\Users\rfo\Desktop\flowbot\flow_system\market_data\raw_data\coinglass\oi_BTC_Binance_1h.parquet (4000 rows)
2026-08-09 04:00:02,783 [INFO] === OI Aggregated: BTC 1h ===
2026-08-09 04:00:02,893 [INFO] OI Aggregated: 4000 rows
2026-08-09 04:00:02,909 [INFO] Saved: C:\Users\rfo\Desktop\flowbot\flow_system\market_data\raw_data\coinglass\oi_agg_BTC_Binance_1h.parquet (4000 rows)
2026-08-09 04:00:02,909 [INFO] === Liquidation: BTC (BTCUSDT) Binance 1h ===
2026-08-09 04:00:03,014 [INFO] Liquidation: 4000 rows
2026-08-09 04:00:03,023 [INFO] Saved: C:\Users\rfo\Desktop\flowbot\flow_system\market_data\raw_data\coinglass\liquidation_BTC_Binance_1h.parquet (4000 rows)
2026-08-09 04:00:03,023 [INFO] === Long/Short Ratio: BTC (BTCUSDT) Binance 1h ===
2026-08-09 04:00:03,113 [INFO] Long/Short: 4000 rows
2026-08-09 04:00:03,121 [INFO] Saved: C:\Users\rfo\Desktop\flowbot\flow_system\market_data\raw_data\coinglass\long_short_BTC_Binance_1h.parquet (4000 rows)
2026-08-09 04:00:03,121 [INFO] === Funding Rate: BTC (BTCUSDT) Binance 1h ===
2026-08-09 04:00:03,264 [INFO] Funding: 4000 rows
2026-08-09 04:00:03,277 [INFO] Saved: C:\Users\rfo\Desktop\flowbot\flow_system\market_data\raw_data\coinglass\funding_BTC_Binance_1h.parquet (4000 rows)
2026-08-09 04:00:03,277 [INFO] === Taker Buy/Sell: BTC (BTCUSDT) Binance 1h ===
2026-08-09 04:00:03,496 [INFO] Taker: 4000 rows
2026-08-09 04:00:03,505 [INFO] Saved: C:\Users\rfo\Desktop\flowbot\flow_system\market_data\raw_data\coinglass\taker_BTC_Binance_1h.parquet (4000 rows)
2026-08-09 04:00:03,505 [INFO] Done. Files saved to C:\Users\rfo\Desktop\flowbot\flow_system\market_data\raw_data\coinglass
[2026/08/09 ¶g¤é  4:00:03.59] step2 research backfill_all_parquet 
============================================================
[1/3] Binance klines 1h backfill
============================================================
  Existing: 7095 bars, ends at 2026-08-08 14:00:00+00:00
  Fetched 5 bars up to 2026-08-08 19:00:00+00:00
  Updated: 7100 bars, 2025-10-17 00:00:00+00:00 -> 2026-08-08 19:00:00+00:00

============================================================
[2/4 existing] Coinglass endpoints
============================================================
  oi: 7094 bars, 2025-10-17 -> 2026-08-08
  oi_agg: 7094 bars, 2025-10-17 -> 2026-08-08
  liquidation: 7094 bars, 2025-10-17 -> 2026-08-08
  long_short: 7094 bars, 2025-10-17 -> 2026-08-08
  global_ls: 7094 bars, 2025-10-17 -> 2026-08-08
  funding: 7094 bars, 2025-10-17 -> 2026-08-08
  taker: 7094 bars, 2025-10-17 -> 2026-08-08

============================================================
[3/4 new] Coinglass endpoints
============================================================
  coinbase_premium: 6969 bars, 2025-10-22 -> 2026-08-08
  bitfinex_margin: 6969 bars, 2025-10-22 -> 2026-08-08
  top_ls_position: 6969 bars, 2025-10-22 -> 2026-08-08
  futures_cvd_agg: 6969 bars, 2025-10-22 -> 2026-08-08
  spot_cvd_agg: 6969 bars, 2025-10-22 -> 2026-08-08
  liq_agg: 6969 bars, 2025-10-22 -> 2026-08-08
  oi_coin_margin: 3969 bars, 2026-02-24 -> 2026-08-08

============================================================
[4/4] Deribit DVOL 1h backfill
============================================================
  Existing: 8812 bars, ends at 2026-08-08 15:00:00+00:00
  iter 0: +6 rows, earliest=2026-08-08 15:00:00+00:00
  Updated: 8817 bars, 2025-08-06 12:00:00+00:00 -> 2026-08-08 20:00:00+00:00

============================================================
DONE - all parquet files updated
============================================================
[2026/08/09 ¶g¤é  4:00:19.22] step3 export_depth_deltas 
exported 498991 rows (2026-07-09 05:23:00 -> 2026-08-08 19:59:00 UTC) -> C:\Users\rfo\Desktop\flowbot\flow_system\market_data\raw_data\depth_deltas_1m.parquet
[2026/08/09 ¶g¤é  4:00:31.22] step4 backup data_collector --light 
2026-08-09 04:00:31,340 [INFO] Data Collector ¡X mode: light
2026-08-09 04:00:31,340 [INFO] Source: C:\Users\rfo\Desktop\flowbot\flow_system
2026-08-09 04:00:31,340 [INFO] Destination: D:\flowbot_data
2026-08-09 04:00:31,341 [INFO] === Coinglass data ===
2026-08-09 04:00:31,392 [INFO]   Coinglass: 6 copied, 6 skipped, 962.2 KB
2026-08-09 04:00:31,392 [INFO] === Binance metrics ===
2026-08-09 04:00:31,393 [INFO]   Metrics: 0 copied, 1 skipped, 0 B
2026-08-09 04:00:31,393 [INFO] === Funding rate ===
2026-08-09 04:00:31,395 [INFO]   Funding: 0 copied, 3 skipped, 0 B
2026-08-09 04:00:31,395 [INFO] === Klines ===
2026-08-09 04:00:31,412 [INFO]   Klines: 0 copied, 92 skipped, 0 B
2026-08-09 04:00:31,412 [INFO] === Processed ML data ===
2026-08-09 04:00:31,412 [INFO]   Processed: 0 copied, 0 skipped, 0 B
2026-08-09 04:00:31,420 [INFO] 
Manifest saved: D:\flowbot_data\manifest.json
2026-08-09 04:00:31,420 [INFO] Total copied: 6 files, 962.2 KB
2026-08-09 04:00:31,420 [INFO] Destination total: 49.1 MB
[2026/08/09 ¶g¤é  4:00:31.42] ===== done FAILED=0 ===== 
[2026/08/10 ¶g¤@  4:00:01.48] ===== daily_collect start ===== 
[2026/08/10 ¶g¤@  4:00:01.50] step1 coinglass_backfill 
2026-08-10 04:00:02,419 [INFO] === OI History: BTC (BTCUSDT) Binance 1h ===
2026-08-10 04:00:02,838 [INFO] OI: 4000 rows fetched
2026-08-10 04:00:02,965 [INFO] Saved: C:\Users\rfo\Desktop\flowbot\flow_system\market_data\raw_data\coinglass\oi_BTC_Binance_1h.parquet (4000 rows)
2026-08-10 04:00:02,965 [INFO] === OI Aggregated: BTC 1h ===
2026-08-10 04:00:03,196 [INFO] OI Aggregated: 4000 rows
2026-08-10 04:00:03,210 [INFO] Saved: C:\Users\rfo\Desktop\flowbot\flow_system\market_data\raw_data\coinglass\oi_agg_BTC_Binance_1h.parquet (4000 rows)
2026-08-10 04:00:03,211 [INFO] === Liquidation: BTC (BTCUSDT) Binance 1h ===
2026-08-10 04:00:03,365 [INFO] Liquidation: 4000 rows
2026-08-10 04:00:03,374 [INFO] Saved: C:\Users\rfo\Desktop\flowbot\flow_system\market_data\raw_data\coinglass\liquidation_BTC_Binance_1h.parquet (4000 rows)
2026-08-10 04:00:03,374 [INFO] === Long/Short Ratio: BTC (BTCUSDT) Binance 1h ===
2026-08-10 04:00:03,557 [INFO] Long/Short: 4000 rows
2026-08-10 04:00:03,564 [INFO] Saved: C:\Users\rfo\Desktop\flowbot\flow_system\market_data\raw_data\coinglass\long_short_BTC_Binance_1h.parquet (4000 rows)
2026-08-10 04:00:03,564 [INFO] === Funding Rate: BTC (BTCUSDT) Binance 1h ===
2026-08-10 04:00:03,760 [INFO] Funding: 4000 rows
2026-08-10 04:00:03,774 [INFO] Saved: C:\Users\rfo\Desktop\flowbot\flow_system\market_data\raw_data\coinglass\funding_BTC_Binance_1h.parquet (4000 rows)
2026-08-10 04:00:03,774 [INFO] === Taker Buy/Sell: BTC (BTCUSDT) Binance 1h ===
2026-08-10 04:00:03,926 [INFO] Taker: 4000 rows
2026-08-10 04:00:03,936 [INFO] Saved: C:\Users\rfo\Desktop\flowbot\flow_system\market_data\raw_data\coinglass\taker_BTC_Binance_1h.parquet (4000 rows)
2026-08-10 04:00:03,937 [INFO] Done. Files saved to C:\Users\rfo\Desktop\flowbot\flow_system\market_data\raw_data\coinglass
[2026/08/10 ¶g¤@  4:00:04.01] step2 research backfill_all_parquet 
============================================================
[1/3] Binance klines 1h backfill
============================================================
  Existing: 7103 bars, ends at 2026-08-08 22:00:00+00:00
  Fetched 21 bars up to 2026-08-09 19:00:00+00:00
  Updated: 7124 bars, 2025-10-17 00:00:00+00:00 -> 2026-08-09 19:00:00+00:00

============================================================
[2/4 existing] Coinglass endpoints
============================================================
  oi: 7118 bars, 2025-10-17 -> 2026-08-09
  oi_agg: 7118 bars, 2025-10-17 -> 2026-08-09
  liquidation: 7118 bars, 2025-10-17 -> 2026-08-09
  long_short: 7118 bars, 2025-10-17 -> 2026-08-09
  global_ls: 7118 bars, 2025-10-17 -> 2026-08-09
  funding: 7118 bars, 2025-10-17 -> 2026-08-09
  taker: 7118 bars, 2025-10-17 -> 2026-08-09

============================================================
[3/4 new] Coinglass endpoints
============================================================
  coinbase_premium: 6993 bars, 2025-10-22 -> 2026-08-09
  bitfinex_margin: 6993 bars, 2025-10-22 -> 2026-08-09
  top_ls_position: 6993 bars, 2025-10-22 -> 2026-08-09
  futures_cvd_agg: 6993 bars, 2025-10-22 -> 2026-08-09
  spot_cvd_agg: 6993 bars, 2025-10-22 -> 2026-08-09
  liq_agg: 6993 bars, 2025-10-22 -> 2026-08-09
  oi_coin_margin: 3993 bars, 2026-02-24 -> 2026-08-09

============================================================
[4/4] Deribit DVOL 1h backfill
============================================================
  Existing: 8820 bars, ends at 2026-08-08 23:00:00+00:00
  iter 0: +22 rows, earliest=2026-08-08 23:00:00+00:00
  Updated: 8841 bars, 2025-08-06 12:00:00+00:00 -> 2026-08-09 20:00:00+00:00

============================================================
DONE - all parquet files updated
============================================================
[2026/08/10 ¶g¤@  4:00:19.54] step3 export_depth_deltas 
exported 527791 rows (2026-07-09 05:23:00 -> 2026-08-09 19:59:00 UTC) -> C:\Users\rfo\Desktop\flowbot\flow_system\market_data\raw_data\depth_deltas_1m.parquet
[2026/08/10 ¶g¤@  4:00:34.84] step4 backup data_collector --light 
2026-08-10 04:00:34,977 [INFO] Data Collector ¡X mode: light
2026-08-10 04:00:34,978 [INFO] Source: C:\Users\rfo\Desktop\flowbot\flow_system
2026-08-10 04:00:34,978 [INFO] Destination: D:\flowbot_data
2026-08-10 04:00:34,979 [INFO] === Coinglass data ===
2026-08-10 04:00:35,033 [INFO]   Coinglass: 6 copied, 6 skipped, 955.9 KB
2026-08-10 04:00:35,033 [INFO] === Binance metrics ===
2026-08-10 04:00:35,035 [INFO]   Metrics: 0 copied, 1 skipped, 0 B
2026-08-10 04:00:35,035 [INFO] === Funding rate ===
2026-08-10 04:00:35,036 [INFO]   Funding: 0 copied, 3 skipped, 0 B
2026-08-10 04:00:35,037 [INFO] === Klines ===
2026-08-10 04:00:35,074 [INFO]   Klines: 0 copied, 92 skipped, 0 B
2026-08-10 04:00:35,074 [INFO] === Processed ML data ===
2026-08-10 04:00:35,075 [INFO]   Processed: 0 copied, 0 skipped, 0 B
2026-08-10 04:00:35,083 [INFO] 
Manifest saved: D:\flowbot_data\manifest.json
2026-08-10 04:00:35,083 [INFO] Total copied: 6 files, 955.9 KB
2026-08-10 04:00:35,083 [INFO] Destination total: 49.1 MB
[2026/08/10 ¶g¤@  4:00:35.09] ===== done FAILED=0 ===== 
[2026/08/11 ¶g¤G  4:00:01.52] ===== daily_collect start ===== 
[2026/08/11 ¶g¤G  4:00:01.53] step1 coinglass_backfill 
2026-08-11 04:00:02,563 [INFO] === OI History: BTC (BTCUSDT) Binance 1h ===
2026-08-11 04:00:02,822 [INFO] OI: 4000 rows fetched
2026-08-11 04:00:02,942 [INFO] Saved: C:\Users\rfo\Desktop\flowbot\flow_system\market_data\raw_data\coinglass\oi_BTC_Binance_1h.parquet (4000 rows)
2026-08-11 04:00:02,943 [INFO] === OI Aggregated: BTC 1h ===
2026-08-11 04:00:03,156 [INFO] OI Aggregated: 4000 rows
2026-08-11 04:00:03,169 [INFO] Saved: C:\Users\rfo\Desktop\flowbot\flow_system\market_data\raw_data\coinglass\oi_agg_BTC_Binance_1h.parquet (4000 rows)
2026-08-11 04:00:03,169 [INFO] === Liquidation: BTC (BTCUSDT) Binance 1h ===
2026-08-11 04:00:03,435 [INFO] Liquidation: 4000 rows
2026-08-11 04:00:03,460 [INFO] Saved: C:\Users\rfo\Desktop\flowbot\flow_system\market_data\raw_data\coinglass\liquidation_BTC_Binance_1h.parquet (4000 rows)
2026-08-11 04:00:03,460 [INFO] === Long/Short Ratio: BTC (BTCUSDT) Binance 1h ===
2026-08-11 04:00:03,624 [INFO] Long/Short: 4000 rows
2026-08-11 04:00:03,633 [INFO] Saved: C:\Users\rfo\Desktop\flowbot\flow_system\market_data\raw_data\coinglass\long_short_BTC_Binance_1h.parquet (4000 rows)
2026-08-11 04:00:03,633 [INFO] === Funding Rate: BTC (BTCUSDT) Binance 1h ===
2026-08-11 04:00:03,742 [INFO] Funding: 4000 rows
2026-08-11 04:00:03,764 [INFO] Saved: C:\Users\rfo\Desktop\flowbot\flow_system\market_data\raw_data\coinglass\funding_BTC_Binance_1h.parquet (4000 rows)
2026-08-11 04:00:03,764 [INFO] === Taker Buy/Sell: BTC (BTCUSDT) Binance 1h ===
2026-08-11 04:00:03,914 [INFO] Taker: 4000 rows
2026-08-11 04:00:03,927 [INFO] Saved: C:\Users\rfo\Desktop\flowbot\flow_system\market_data\raw_data\coinglass\taker_BTC_Binance_1h.parquet (4000 rows)
2026-08-11 04:00:03,927 [INFO] Done. Files saved to C:\Users\rfo\Desktop\flowbot\flow_system\market_data\raw_data\coinglass
[2026/08/11 ¶g¤G  4:00:04.05] step2 research backfill_all_parquet 
============================================================
[1/3] Binance klines 1h backfill
============================================================
  Existing: 7124 bars, ends at 2026-08-09 19:00:00+00:00
  Fetched 24 bars up to 2026-08-10 19:00:00+00:00
  Updated: 7148 bars, 2025-10-17 00:00:00+00:00 -> 2026-08-10 19:00:00+00:00

============================================================
[2/4 existing] Coinglass endpoints
============================================================
  oi: 7142 bars, 2025-10-17 -> 2026-08-10
  oi_agg: 7142 bars, 2025-10-17 -> 2026-08-10
  liquidation: 7142 bars, 2025-10-17 -> 2026-08-10
  long_short: 7142 bars, 2025-10-17 -> 2026-08-10
  global_ls: 7142 bars, 2025-10-17 -> 2026-08-10
  funding: 7142 bars, 2025-10-17 -> 2026-08-10
  taker: 7142 bars, 2025-10-17 -> 2026-08-10

============================================================
[3/4 new] Coinglass endpoints
============================================================
  coinbase_premium: 7017 bars, 2025-10-22 -> 2026-08-10
  bitfinex_margin: 7017 bars, 2025-10-22 -> 2026-08-10
  top_ls_position: 7017 bars, 2025-10-22 -> 2026-08-10
  futures_cvd_agg: 7017 bars, 2025-10-22 -> 2026-08-10
  spot_cvd_agg: 7017 bars, 2025-10-22 -> 2026-08-10
  liq_agg: 7017 bars, 2025-10-22 -> 2026-08-10
  oi_coin_margin: 4017 bars, 2026-02-24 -> 2026-08-10

============================================================
[4/4] Deribit DVOL 1h backfill
============================================================
  Existing: 8841 bars, ends at 2026-08-09 20:00:00+00:00
  iter 0: +25 rows, earliest=2026-08-09 20:00:00+00:00
  Updated: 8865 bars, 2025-08-06 12:00:00+00:00 -> 2026-08-10 20:00:00+00:00

============================================================
DONE - all parquet files updated
============================================================
[2026/08/11 ¶g¤G  4:00:20.15] step3 export_depth_deltas 
exported 556591 rows (2026-07-09 05:23:00 -> 2026-08-10 19:59:00 UTC) -> C:\Users\rfo\Desktop\flowbot\flow_system\market_data\raw_data\depth_deltas_1m.parquet
[2026/08/11 ¶g¤G  4:00:33.38] step4 backup data_collector --light 
2026-08-11 04:00:33,495 [INFO] Data Collector ¡X mode: light
2026-08-11 04:00:33,497 [INFO] Source: C:\Users\rfo\Desktop\flowbot\flow_system
2026-08-11 04:00:33,497 [INFO] Destination: D:\flowbot_data
2026-08-11 04:00:33,498 [INFO] === Coinglass data ===
2026-08-11 04:00:33,556 [INFO]   Coinglass: 6 copied, 6 skipped, 958.8 KB
2026-08-11 04:00:33,557 [INFO] === Binance metrics ===
2026-08-11 04:00:33,557 [INFO]   Metrics: 0 copied, 1 skipped, 0 B
2026-08-11 04:00:33,557 [INFO] === Funding rate ===
2026-08-11 04:00:33,559 [INFO]   Funding: 0 copied, 3 skipped, 0 B
2026-08-11 04:00:33,559 [INFO] === Klines ===
2026-08-11 04:00:33,598 [INFO]   Klines: 0 copied, 92 skipped, 0 B
2026-08-11 04:00:33,598 [INFO] === Processed ML data ===
2026-08-11 04:00:33,598 [INFO]   Processed: 0 copied, 0 skipped, 0 B
2026-08-11 04:00:33,607 [INFO] 
Manifest saved: D:\flowbot_data\manifest.json
2026-08-11 04:00:33,607 [INFO] Total copied: 6 files, 958.8 KB
2026-08-11 04:00:33,607 [INFO] Destination total: 49.1 MB
[2026/08/11 ¶g¤G  4:00:33.61] ===== done FAILED=0 ===== 
[2026/08/12 ¶g¤T  4:00:01.89] ===== daily_collect start ===== 
[2026/08/12 ¶g¤T  4:00:01.90] step1 coinglass_backfill 
2026-08-12 04:00:02,820 [INFO] === OI History: BTC (BTCUSDT) Binance 1h ===
2026-08-12 04:00:03,117 [INFO] OI: 4000 rows fetched
2026-08-12 04:00:03,234 [INFO] Saved: C:\Users\rfo\Desktop\flowbot\flow_system\market_data\raw_data\coinglass\oi_BTC_Binance_1h.parquet (4000 rows)
2026-08-12 04:00:03,234 [INFO] === OI Aggregated: BTC 1h ===
2026-08-12 04:00:03,456 [INFO] OI Aggregated: 4000 rows
2026-08-12 04:00:03,476 [INFO] Saved: C:\Users\rfo\Desktop\flowbot\flow_system\market_data\raw_data\coinglass\oi_agg_BTC_Binance_1h.parquet (4000 rows)
2026-08-12 04:00:03,476 [INFO] === Liquidation: BTC (BTCUSDT) Binance 1h ===
2026-08-12 04:00:03,632 [INFO] Liquidation: 4000 rows
2026-08-12 04:00:03,644 [INFO] Saved: C:\Users\rfo\Desktop\flowbot\flow_system\market_data\raw_data\coinglass\liquidation_BTC_Binance_1h.parquet (4000 rows)
2026-08-12 04:00:03,644 [INFO] === Long/Short Ratio: BTC (BTCUSDT) Binance 1h ===
2026-08-12 04:00:03,820 [INFO] Long/Short: 4000 rows
2026-08-12 04:00:03,829 [INFO] Saved: C:\Users\rfo\Desktop\flowbot\flow_system\market_data\raw_data\coinglass\long_short_BTC_Binance_1h.parquet (4000 rows)
2026-08-12 04:00:03,830 [INFO] === Funding Rate: BTC (BTCUSDT) Binance 1h ===
2026-08-12 04:00:03,995 [INFO] Funding: 4000 rows
2026-08-12 04:00:04,008 [INFO] Saved: C:\Users\rfo\Desktop\flowbot\flow_system\market_data\raw_data\coinglass\funding_BTC_Binance_1h.parquet (4000 rows)
2026-08-12 04:00:04,009 [INFO] === Taker Buy/Sell: BTC (BTCUSDT) Binance 1h ===
2026-08-12 04:00:04,196 [INFO] Taker: 4000 rows
2026-08-12 04:00:04,206 [INFO] Saved: C:\Users\rfo\Desktop\flowbot\flow_system\market_data\raw_data\coinglass\taker_BTC_Binance_1h.parquet (4000 rows)
2026-08-12 04:00:04,206 [INFO] Done. Files saved to C:\Users\rfo\Desktop\flowbot\flow_system\market_data\raw_data\coinglass
[2026/08/12 ¶g¤T  4:00:04.29] step2 research backfill_all_parquet 
============================================================
[1/3] Binance klines 1h backfill
============================================================
  Existing: 7148 bars, ends at 2026-08-10 19:00:00+00:00
  Fetched 24 bars up to 2026-08-11 19:00:00+00:00
  Fetched 0 bars up to N/A
  Updated: 7172 bars, 2025-10-17 00:00:00+00:00 -> 2026-08-11 19:00:00+00:00

============================================================
[2/4 existing] Coinglass endpoints
============================================================
  oi: 7166 bars, 2025-10-17 -> 2026-08-11
  oi_agg: 7166 bars, 2025-10-17 -> 2026-08-11
  liquidation: 7166 bars, 2025-10-17 -> 2026-08-11
  long_short: 7166 bars, 2025-10-17 -> 2026-08-11
  global_ls: 7166 bars, 2025-10-17 -> 2026-08-11
  funding: 7166 bars, 2025-10-17 -> 2026-08-11
  taker: 7166 bars, 2025-10-17 -> 2026-08-11

============================================================
[3/4 new] Coinglass endpoints
============================================================
  coinbase_premium: 7041 bars, 2025-10-22 -> 2026-08-11
  bitfinex_margin: 7041 bars, 2025-10-22 -> 2026-08-11
  top_ls_position: 7041 bars, 2025-10-22 -> 2026-08-11
  futures_cvd_agg: 7041 bars, 2025-10-22 -> 2026-08-11
  spot_cvd_agg: 7041 bars, 2025-10-22 -> 2026-08-11
  liq_agg: 7041 bars, 2025-10-22 -> 2026-08-11
  oi_coin_margin: 4041 bars, 2026-02-24 -> 2026-08-11

============================================================
[4/4] Deribit DVOL 1h backfill
============================================================
  Existing: 8865 bars, ends at 2026-08-10 20:00:00+00:00
  iter 0: +25 rows, earliest=2026-08-10 20:00:00+00:00
  Updated: 8889 bars, 2025-08-06 12:00:00+00:00 -> 2026-08-11 20:00:00+00:00

============================================================
DONE - all parquet files updated
============================================================
[2026/08/12 ¶g¤T  4:00:20.35] step3 export_depth_deltas 
exported 585391 rows (2026-07-09 05:23:00 -> 2026-08-11 19:59:00 UTC) -> C:\Users\rfo\Desktop\flowbot\flow_system\market_data\raw_data\depth_deltas_1m.parquet
[2026/08/12 ¶g¤T  4:00:33.76] step4 backup data_collector --light 
2026-08-12 04:00:33,877 [INFO] Data Collector ¡X mode: light
2026-08-12 04:00:33,877 [INFO] Source: C:\Users\rfo\Desktop\flowbot\flow_system
2026-08-12 04:00:33,878 [INFO] Destination: D:\flowbot_data
2026-08-12 04:00:33,878 [INFO] === Coinglass data ===
2026-08-12 04:00:33,926 [INFO]   Coinglass: 6 copied, 6 skipped, 959.0 KB
2026-08-12 04:00:33,926 [INFO] === Binance metrics ===
2026-08-12 04:00:33,927 [INFO]   Metrics: 0 copied, 1 skipped, 0 B
2026-08-12 04:00:33,927 [INFO] === Funding rate ===
2026-08-12 04:00:33,929 [INFO]   Funding: 0 copied, 3 skipped, 0 B
2026-08-12 04:00:33,929 [INFO] === Klines ===
2026-08-12 04:00:33,971 [INFO]   Klines: 0 copied, 92 skipped, 0 B
2026-08-12 04:00:33,971 [INFO] === Processed ML data ===
2026-08-12 04:00:33,972 [INFO]   Processed: 0 copied, 0 skipped, 0 B
2026-08-12 04:00:33,981 [INFO] 
Manifest saved: D:\flowbot_data\manifest.json
2026-08-12 04:00:33,981 [INFO] Total copied: 6 files, 959.0 KB
2026-08-12 04:00:33,981 [INFO] Destination total: 49.1 MB
[2026/08/12 ¶g¤T  4:00:33.99] ===== done FAILED=0 ===== 
[2026/08/14 ¶g¤­  4:00:02.28] ===== daily_collect start ===== 
[2026/08/14 ¶g¤­  4:00:02.30] step1 coinglass_backfill 
2026-08-14 04:00:03,666 [INFO] === OI History: BTC (BTCUSDT) Binance 1h ===
2026-08-14 04:00:03,915 [INFO] OI: 4000 rows fetched
2026-08-14 04:00:03,990 [INFO] Saved: C:\Users\rfo\Desktop\flowbot\flow_system\market_data\raw_data\coinglass\oi_BTC_Binance_1h.parquet (4000 rows)
2026-08-14 04:00:03,990 [INFO] === OI Aggregated: BTC 1h ===
2026-08-14 04:00:04,251 [INFO] OI Aggregated: 4000 rows
2026-08-14 04:00:04,271 [INFO] Saved: C:\Users\rfo\Desktop\flowbot\flow_system\market_data\raw_data\coinglass\oi_agg_BTC_Binance_1h.parquet (4000 rows)
2026-08-14 04:00:04,271 [INFO] === Liquidation: BTC (BTCUSDT) Binance 1h ===
2026-08-14 04:00:04,500 [INFO] Liquidation: 4000 rows
2026-08-14 04:00:04,511 [INFO] Saved: C:\Users\rfo\Desktop\flowbot\flow_system\market_data\raw_data\coinglass\liquidation_BTC_Binance_1h.parquet (4000 rows)
2026-08-14 04:00:04,511 [INFO] === Long/Short Ratio: BTC (BTCUSDT) Binance 1h ===
2026-08-14 04:00:04,696 [INFO] Long/Short: 4000 rows
2026-08-14 04:00:04,706 [INFO] Saved: C:\Users\rfo\Desktop\flowbot\flow_system\market_data\raw_data\coinglass\long_short_BTC_Binance_1h.parquet (4000 rows)
2026-08-14 04:00:04,706 [INFO] === Funding Rate: BTC (BTCUSDT) Binance 1h ===
2026-08-14 04:00:04,860 [INFO] Funding: 4000 rows
2026-08-14 04:00:04,877 [INFO] Saved: C:\Users\rfo\Desktop\flowbot\flow_system\market_data\raw_data\coinglass\funding_BTC_Binance_1h.parquet (4000 rows)
2026-08-14 04:00:04,877 [INFO] === Taker Buy/Sell: BTC (BTCUSDT) Binance 1h ===
2026-08-14 04:00:05,032 [INFO] Taker: 4000 rows
2026-08-14 04:00:05,051 [INFO] Saved: C:\Users\rfo\Desktop\flowbot\flow_system\market_data\raw_data\coinglass\taker_BTC_Binance_1h.parquet (4000 rows)
2026-08-14 04:00:05,051 [INFO] Done. Files saved to C:\Users\rfo\Desktop\flowbot\flow_system\market_data\raw_data\coinglass
[2026/08/14 ¶g¤­  4:00:05.16] step2 research backfill_all_parquet 
============================================================
[1/3] Binance klines 1h backfill
============================================================
  Existing: 7172 bars, ends at 2026-08-11 19:00:00+00:00
  Fetched 48 bars up to 2026-08-13 19:00:00+00:00
  Updated: 7220 bars, 2025-10-17 00:00:00+00:00 -> 2026-08-13 19:00:00+00:00

============================================================
[2/4 existing] Coinglass endpoints
============================================================
  oi: 7214 bars, 2025-10-17 -> 2026-08-13
  oi_agg: 7214 bars, 2025-10-17 -> 2026-08-13
  liquidation: 7214 bars, 2025-10-17 -> 2026-08-13
  long_short: 7214 bars, 2025-10-17 -> 2026-08-13
  global_ls: 7214 bars, 2025-10-17 -> 2026-08-13
  funding: 7214 bars, 2025-10-17 -> 2026-08-13
  taker: 7214 bars, 2025-10-17 -> 2026-08-13

============================================================
[3/4 new] Coinglass endpoints
============================================================
  coinbase_premium: 7089 bars, 2025-10-22 -> 2026-08-13
  bitfinex_margin: 7089 bars, 2025-10-22 -> 2026-08-13
  top_ls_position: 7089 bars, 2025-10-22 -> 2026-08-13
  futures_cvd_agg: 7089 bars, 2025-10-22 -> 2026-08-13
  spot_cvd_agg: 7089 bars, 2025-10-22 -> 2026-08-13
  liq_agg: 7089 bars, 2025-10-22 -> 2026-08-13
  oi_coin_margin: 4089 bars, 2026-02-24 -> 2026-08-13

============================================================
[4/4] Deribit DVOL 1h backfill
============================================================
  Existing: 8889 bars, ends at 2026-08-11 20:00:00+00:00
  iter 0: +49 rows, earliest=2026-08-11 20:00:00+00:00
  Updated: 8937 bars, 2025-08-06 12:00:00+00:00 -> 2026-08-13 20:00:00+00:00

============================================================
DONE - all parquet files updated
============================================================
[2026/08/14 ¶g¤­  4:00:21.51] step3 export_depth_deltas 
exported 642991 rows (2026-07-09 05:23:00 -> 2026-08-13 19:59:00 UTC) -> C:\Users\rfo\Desktop\flowbot\flow_system\market_data\raw_data\depth_deltas_1m.parquet
[2026/08/14 ¶g¤­  4:00:39.25] step4 backup data_collector --light 
2026-08-14 04:00:39,400 [INFO] Data Collector ¡X mode: light
2026-08-14 04:00:39,400 [INFO] Source: C:\Users\rfo\Desktop\flowbot\flow_system
2026-08-14 04:00:39,400 [INFO] Destination: D:\flowbot_data
2026-08-14 04:00:39,402 [INFO] === Coinglass data ===
2026-08-14 04:00:39,467 [INFO]   Coinglass: 6 copied, 6 skipped, 956.6 KB
2026-08-14 04:00:39,467 [INFO] === Binance metrics ===
2026-08-14 04:00:39,470 [INFO]   Metrics: 0 copied, 1 skipped, 0 B
2026-08-14 04:00:39,470 [INFO] === Funding rate ===
2026-08-14 04:00:39,474 [INFO]   Funding: 0 copied, 3 skipped, 0 B
2026-08-14 04:00:39,474 [INFO] === Klines ===
2026-08-14 04:00:39,549 [INFO]   Klines: 0 copied, 92 skipped, 0 B
2026-08-14 04:00:39,549 [INFO] === Processed ML data ===
2026-08-14 04:00:39,549 [INFO]   Processed: 0 copied, 0 skipped, 0 B
2026-08-14 04:00:39,565 [INFO] 
Manifest saved: D:\flowbot_data\manifest.json
2026-08-14 04:00:39,565 [INFO] Total copied: 6 files, 956.6 KB
2026-08-14 04:00:39,565 [INFO] Destination total: 49.1 MB
[2026/08/14 ¶g¤­  4:00:39.57] ===== done FAILED=0 ===== 
[2026/08/15 ¶g¤»  4:00:02.21] ===== daily_collect start ===== 
[2026/08/15 ¶g¤»  4:00:02.23] step1 coinglass_backfill 
2026-08-15 04:00:03,175 [INFO] === OI History: BTC (BTCUSDT) Binance 1h ===
2026-08-15 04:00:03,448 [INFO] OI: 4000 rows fetched
2026-08-15 04:00:03,502 [INFO] Saved: C:\Users\rfo\Desktop\flowbot\flow_system\market_data\raw_data\coinglass\oi_BTC_Binance_1h.parquet (4000 rows)
2026-08-15 04:00:03,502 [INFO] === OI Aggregated: BTC 1h ===
2026-08-15 04:00:03,788 [INFO] OI Aggregated: 4000 rows
2026-08-15 04:00:03,803 [INFO] Saved: C:\Users\rfo\Desktop\flowbot\flow_system\market_data\raw_data\coinglass\oi_agg_BTC_Binance_1h.parquet (4000 rows)
2026-08-15 04:00:03,803 [INFO] === Liquidation: BTC (BTCUSDT) Binance 1h ===
2026-08-15 04:00:03,901 [INFO] Liquidation: 4000 rows
2026-08-15 04:00:03,911 [INFO] Saved: C:\Users\rfo\Desktop\flowbot\flow_system\market_data\raw_data\coinglass\liquidation_BTC_Binance_1h.parquet (4000 rows)
2026-08-15 04:00:03,911 [INFO] === Long/Short Ratio: BTC (BTCUSDT) Binance 1h ===
2026-08-15 04:00:04,216 [INFO] Long/Short: 4000 rows
2026-08-15 04:00:04,223 [INFO] Saved: C:\Users\rfo\Desktop\flowbot\flow_system\market_data\raw_data\coinglass\long_short_BTC_Binance_1h.parquet (4000 rows)
2026-08-15 04:00:04,223 [INFO] === Funding Rate: BTC (BTCUSDT) Binance 1h ===
2026-08-15 04:00:04,433 [INFO] Funding: 4000 rows
2026-08-15 04:00:04,444 [INFO] Saved: C:\Users\rfo\Desktop\flowbot\flow_system\market_data\raw_data\coinglass\funding_BTC_Binance_1h.parquet (4000 rows)
2026-08-15 04:00:04,444 [INFO] === Taker Buy/Sell: BTC (BTCUSDT) Binance 1h ===
2026-08-15 04:00:04,649 [INFO] Taker: 4000 rows
2026-08-15 04:00:04,658 [INFO] Saved: C:\Users\rfo\Desktop\flowbot\flow_system\market_data\raw_data\coinglass\taker_BTC_Binance_1h.parquet (4000 rows)
2026-08-15 04:00:04,658 [INFO] Done. Files saved to C:\Users\rfo\Desktop\flowbot\flow_system\market_data\raw_data\coinglass
[2026/08/15 ¶g¤»  4:00:04.72] step2 research backfill_all_parquet 
============================================================
[1/3] Binance klines 1h backfill
============================================================
  Existing: 7220 bars, ends at 2026-08-13 19:00:00+00:00
  Fetched 24 bars up to 2026-08-14 19:00:00+00:00
  Updated: 7244 bars, 2025-10-17 00:00:00+00:00 -> 2026-08-14 19:00:00+00:00

============================================================
[2/4 existing] Coinglass endpoints
============================================================
  oi: 7238 bars, 2025-10-17 -> 2026-08-14
  oi_agg: 7238 bars, 2025-10-17 -> 2026-08-14
  liquidation: 7238 bars, 2025-10-17 -> 2026-08-14
  long_short: 7238 bars, 2025-10-17 -> 2026-08-14
  global_ls: 7238 bars, 2025-10-17 -> 2026-08-14
  funding: 7238 bars, 2025-10-17 -> 2026-08-14
  taker: 7238 bars, 2025-10-17 -> 2026-08-14

============================================================
[3/4 new] Coinglass endpoints
============================================================
  coinbase_premium: 7113 bars, 2025-10-22 -> 2026-08-14
  bitfinex_margin: 7113 bars, 2025-10-22 -> 2026-08-14
  top_ls_position: 7113 bars, 2025-10-22 -> 2026-08-14
  futures_cvd_agg: 7113 bars, 2025-10-22 -> 2026-08-14
  spot_cvd_agg: 7113 bars, 2025-10-22 -> 2026-08-14
  liq_agg: 7113 bars, 2025-10-22 -> 2026-08-14
  oi_coin_margin: 4113 bars, 2026-02-24 -> 2026-08-14

============================================================
[4/4] Deribit DVOL 1h backfill
============================================================
  Existing: 8937 bars, ends at 2026-08-13 20:00:00+00:00
  iter 0: +25 rows, earliest=2026-08-13 20:00:00+00:00
  Updated: 8961 bars, 2025-08-06 12:00:00+00:00 -> 2026-08-14 20:00:00+00:00

============================================================
DONE - all parquet files updated
============================================================
[2026/08/15 ¶g¤»  4:00:20.15] step3 export_depth_deltas 
exported 671791 rows (2026-07-09 05:23:00 -> 2026-08-14 19:59:00 UTC) -> C:\Users\rfo\Desktop\flowbot\flow_system\market_data\raw_data\depth_deltas_1m.parquet
[2026/08/15 ¶g¤»  4:00:34.46] step4 backup data_collector --light 
2026-08-15 04:00:34,597 [INFO] Data Collector ¡X mode: light
2026-08-15 04:00:34,598 [INFO] Source: C:\Users\rfo\Desktop\flowbot\flow_system
2026-08-15 04:00:34,599 [INFO] Destination: D:\flowbot_data
2026-08-15 04:00:34,599 [INFO] === Coinglass data ===
2026-08-15 04:00:34,663 [INFO]   Coinglass: 6 copied, 6 skipped, 961.8 KB
2026-08-15 04:00:34,664 [INFO] === Binance metrics ===
2026-08-15 04:00:34,665 [INFO]   Metrics: 0 copied, 1 skipped, 0 B
2026-08-15 04:00:34,665 [INFO] === Funding rate ===
2026-08-15 04:00:34,667 [INFO]   Funding: 0 copied, 3 skipped, 0 B
2026-08-15 04:00:34,667 [INFO] === Klines ===
2026-08-15 04:00:34,699 [INFO]   Klines: 0 copied, 92 skipped, 0 B
2026-08-15 04:00:34,699 [INFO] === Processed ML data ===
2026-08-15 04:00:34,699 [INFO]   Processed: 0 copied, 0 skipped, 0 B
2026-08-15 04:00:34,711 [INFO] 
Manifest saved: D:\flowbot_data\manifest.json
2026-08-15 04:00:34,711 [INFO] Total copied: 6 files, 961.8 KB
2026-08-15 04:00:34,712 [INFO] Destination total: 49.1 MB
[2026/08/15 ¶g¤»  4:00:34.71] ===== done FAILED=0 ===== 
[2026/08/16 ¶g¤é  4:00:01.22] ===== daily_collect start ===== 
[2026/08/16 ¶g¤é  4:00:01.24] step1 coinglass_backfill 
2026-08-16 04:00:02,166 [INFO] === OI History: BTC (BTCUSDT) Binance 1h ===
2026-08-16 04:00:02,408 [INFO] OI: 4000 rows fetched
2026-08-16 04:00:02,475 [INFO] Saved: C:\Users\rfo\Desktop\flowbot\flow_system\market_data\raw_data\coinglass\oi_BTC_Binance_1h.parquet (4000 rows)
2026-08-16 04:00:02,476 [INFO] === OI Aggregated: BTC 1h ===
2026-08-16 04:00:02,715 [INFO] OI Aggregated: 4000 rows
2026-08-16 04:00:02,729 [INFO] Saved: C:\Users\rfo\Desktop\flowbot\flow_system\market_data\raw_data\coinglass\oi_agg_BTC_Binance_1h.parquet (4000 rows)
2026-08-16 04:00:02,729 [INFO] === Liquidation: BTC (BTCUSDT) Binance 1h ===
2026-08-16 04:00:02,884 [INFO] Liquidation: 4000 rows
2026-08-16 04:00:02,892 [INFO] Saved: C:\Users\rfo\Desktop\flowbot\flow_system\market_data\raw_data\coinglass\liquidation_BTC_Binance_1h.parquet (4000 rows)
2026-08-16 04:00:02,893 [INFO] === Long/Short Ratio: BTC (BTCUSDT) Binance 1h ===
2026-08-16 04:00:03,046 [INFO] Long/Short: 4000 rows
2026-08-16 04:00:03,054 [INFO] Saved: C:\Users\rfo\Desktop\flowbot\flow_system\market_data\raw_data\coinglass\long_short_BTC_Binance_1h.parquet (4000 rows)
2026-08-16 04:00:03,054 [INFO] === Funding Rate: BTC (BTCUSDT) Binance 1h ===
2026-08-16 04:00:03,203 [INFO] Funding: 4000 rows
2026-08-16 04:00:03,215 [INFO] Saved: C:\Users\rfo\Desktop\flowbot\flow_system\market_data\raw_data\coinglass\funding_BTC_Binance_1h.parquet (4000 rows)
2026-08-16 04:00:03,215 [INFO] === Taker Buy/Sell: BTC (BTCUSDT) Binance 1h ===
2026-08-16 04:00:03,310 [INFO] Taker: 4000 rows
2026-08-16 04:00:03,319 [INFO] Saved: C:\Users\rfo\Desktop\flowbot\flow_system\market_data\raw_data\coinglass\taker_BTC_Binance_1h.parquet (4000 rows)
2026-08-16 04:00:03,319 [INFO] Done. Files saved to C:\Users\rfo\Desktop\flowbot\flow_system\market_data\raw_data\coinglass
[2026/08/16 ¶g¤é  4:00:03.37] step2 research backfill_all_parquet 
============================================================
[1/3] Binance klines 1h backfill
============================================================
  Existing: 7244 bars, ends at 2026-08-14 19:00:00+00:00
  Fetched 24 bars up to 2026-08-15 19:00:00+00:00
  Updated: 7268 bars, 2025-10-17 00:00:00+00:00 -> 2026-08-15 19:00:00+00:00

============================================================
[2/4 existing] Coinglass endpoints
============================================================
  oi: 7262 bars, 2025-10-17 -> 2026-08-15
  oi_agg: 7262 bars, 2025-10-17 -> 2026-08-15
  liquidation: 7262 bars, 2025-10-17 -> 2026-08-15
  long_short: 7262 bars, 2025-10-17 -> 2026-08-15
  global_ls: 7262 bars, 2025-10-17 -> 2026-08-15
  funding: 7262 bars, 2025-10-17 -> 2026-08-15
  taker: 7262 bars, 2025-10-17 -> 2026-08-15

============================================================
[3/4 new] Coinglass endpoints
============================================================
  coinbase_premium: 7137 bars, 2025-10-22 -> 2026-08-15
  bitfinex_margin: 7137 bars, 2025-10-22 -> 2026-08-15
  top_ls_position: 7137 bars, 2025-10-22 -> 2026-08-15
  futures_cvd_agg: 7137 bars, 2025-10-22 -> 2026-08-15
  spot_cvd_agg: 7137 bars, 2025-10-22 -> 2026-08-15
  liq_agg: 7137 bars, 2025-10-22 -> 2026-08-15
  oi_coin_margin: 4137 bars, 2026-02-24 -> 2026-08-15

============================================================
[4/4] Deribit DVOL 1h backfill
============================================================
  Existing: 8961 bars, ends at 2026-08-14 20:00:00+00:00
  iter 0: +24 rows, earliest=2026-08-14 20:00:00+00:00
  Updated: 8984 bars, 2025-08-06 12:00:00+00:00 -> 2026-08-15 19:00:00+00:00

============================================================
DONE - all parquet files updated
============================================================
[2026/08/16 ¶g¤é  4:00:19.36] step3 export_depth_deltas 
exported 700591 rows (2026-07-09 05:23:00 -> 2026-08-15 19:59:00 UTC) -> C:\Users\rfo\Desktop\flowbot\flow_system\market_data\raw_data\depth_deltas_1m.parquet
[2026/08/16 ¶g¤é  4:00:35.76] step4 backup data_collector --light 
2026-08-16 04:00:35,870 [INFO] Data Collector ¡X mode: light
2026-08-16 04:00:35,870 [INFO] Source: C:\Users\rfo\Desktop\flowbot\flow_system
2026-08-16 04:00:35,870 [INFO] Destination: D:\flowbot_data
2026-08-16 04:00:35,872 [INFO] === Coinglass data ===
2026-08-16 04:00:35,922 [INFO]   Coinglass: 6 copied, 6 skipped, 957.5 KB
2026-08-16 04:00:35,922 [INFO] === Binance metrics ===
2026-08-16 04:00:35,922 [INFO]   Metrics: 0 copied, 1 skipped, 0 B
2026-08-16 04:00:35,922 [INFO] === Funding rate ===
2026-08-16 04:00:35,924 [INFO]   Funding: 0 copied, 3 skipped, 0 B
2026-08-16 04:00:35,924 [INFO] === Klines ===
2026-08-16 04:00:35,958 [INFO]   Klines: 0 copied, 92 skipped, 0 B
2026-08-16 04:00:35,958 [INFO] === Processed ML data ===
2026-08-16 04:00:35,959 [INFO]   Processed: 0 copied, 0 skipped, 0 B
2026-08-16 04:00:35,970 [INFO] 
Manifest saved: D:\flowbot_data\manifest.json
2026-08-16 04:00:35,970 [INFO] Total copied: 6 files, 957.5 KB
2026-08-16 04:00:35,970 [INFO] Destination total: 49.1 MB
[2026/08/16 ¶g¤é  4:00:35.97] ===== done FAILED=0 ===== 
[2026/08/17 ¶g¤@  4:00:01.22] ===== daily_collect start ===== 
[2026/08/17 ¶g¤@  4:00:01.23] step1 coinglass_backfill 
2026-08-17 04:00:02,172 [INFO] === OI History: BTC (BTCUSDT) Binance 1h ===
2026-08-17 04:00:02,471 [INFO] OI: 4000 rows fetched
2026-08-17 04:00:02,537 [INFO] Saved: C:\Users\rfo\Desktop\flowbot\flow_system\market_data\raw_data\coinglass\oi_BTC_Binance_1h.parquet (4000 rows)
2026-08-17 04:00:02,538 [INFO] === OI Aggregated: BTC 1h ===
2026-08-17 04:00:02,732 [INFO] OI Aggregated: 4000 rows
2026-08-17 04:00:02,744 [INFO] Saved: C:\Users\rfo\Desktop\flowbot\flow_system\market_data\raw_data\coinglass\oi_agg_BTC_Binance_1h.parquet (4000 rows)
2026-08-17 04:00:02,744 [INFO] === Liquidation: BTC (BTCUSDT) Binance 1h ===
2026-08-17 04:00:03,057 [INFO] Liquidation: 4000 rows
2026-08-17 04:00:03,065 [INFO] Saved: C:\Users\rfo\Desktop\flowbot\flow_system\market_data\raw_data\coinglass\liquidation_BTC_Binance_1h.parquet (4000 rows)
2026-08-17 04:00:03,065 [INFO] === Long/Short Ratio: BTC (BTCUSDT) Binance 1h ===
2026-08-17 04:00:03,224 [INFO] Long/Short: 4000 rows
2026-08-17 04:00:03,235 [INFO] Saved: C:\Users\rfo\Desktop\flowbot\flow_system\market_data\raw_data\coinglass\long_short_BTC_Binance_1h.parquet (4000 rows)
2026-08-17 04:00:03,235 [INFO] === Funding Rate: BTC (BTCUSDT) Binance 1h ===
2026-08-17 04:00:03,393 [INFO] Funding: 4000 rows
2026-08-17 04:00:03,405 [INFO] Saved: C:\Users\rfo\Desktop\flowbot\flow_system\market_data\raw_data\coinglass\funding_BTC_Binance_1h.parquet (4000 rows)
2026-08-17 04:00:03,405 [INFO] === Taker Buy/Sell: BTC (BTCUSDT) Binance 1h ===
2026-08-17 04:00:03,569 [INFO] Taker: 4000 rows
2026-08-17 04:00:03,578 [INFO] Saved: C:\Users\rfo\Desktop\flowbot\flow_system\market_data\raw_data\coinglass\taker_BTC_Binance_1h.parquet (4000 rows)
2026-08-17 04:00:03,578 [INFO] Done. Files saved to C:\Users\rfo\Desktop\flowbot\flow_system\market_data\raw_data\coinglass
[2026/08/17 ¶g¤@  4:00:03.63] step2 research backfill_all_parquet 
============================================================
[1/3] Binance klines 1h backfill
============================================================
  Existing: 7268 bars, ends at 2026-08-15 19:00:00+00:00
  Fetched 24 bars up to 2026-08-16 19:00:00+00:00
  Updated: 7292 bars, 2025-10-17 00:00:00+00:00 -> 2026-08-16 19:00:00+00:00

============================================================
[2/4 existing] Coinglass endpoints
============================================================
  oi: 7286 bars, 2025-10-17 -> 2026-08-16
  oi_agg: 7286 bars, 2025-10-17 -> 2026-08-16
  liquidation: 7286 bars, 2025-10-17 -> 2026-08-16
  long_short: 7286 bars, 2025-10-17 -> 2026-08-16
  global_ls: 7286 bars, 2025-10-17 -> 2026-08-16
  funding: 7286 bars, 2025-10-17 -> 2026-08-16
  taker: 7286 bars, 2025-10-17 -> 2026-08-16

============================================================
[3/4 new] Coinglass endpoints
============================================================
  coinbase_premium: 7161 bars, 2025-10-22 -> 2026-08-16
  bitfinex_margin: 7161 bars, 2025-10-22 -> 2026-08-16
  top_ls_position: 7161 bars, 2025-10-22 -> 2026-08-16
  futures_cvd_agg: 7161 bars, 2025-10-22 -> 2026-08-16
  spot_cvd_agg: 7161 bars, 2025-10-22 -> 2026-08-16
  liq_agg: 7161 bars, 2025-10-22 -> 2026-08-16
  oi_coin_margin: 4161 bars, 2026-02-24 -> 2026-08-16

============================================================
[4/4] Deribit DVOL 1h backfill
============================================================
  Existing: 8984 bars, ends at 2026-08-15 19:00:00+00:00
  iter 0: +25 rows, earliest=2026-08-15 19:00:00+00:00
  Updated: 9008 bars, 2025-08-06 12:00:00+00:00 -> 2026-08-16 19:00:00+00:00

============================================================
DONE - all parquet files updated
============================================================
[2026/08/17 ¶g¤@  4:00:19.26] step3 export_depth_deltas 
exported 729391 rows (2026-07-09 05:23:00 -> 2026-08-16 19:59:00 UTC) -> C:\Users\rfo\Desktop\flowbot\flow_system\market_data\raw_data\depth_deltas_1m.parquet
[2026/08/17 ¶g¤@  4:00:34.77] step4 backup data_collector --light 
2026-08-17 04:00:34,898 [INFO] Data Collector ¡X mode: light
2026-08-17 04:00:34,898 [INFO] Source: C:\Users\rfo\Desktop\flowbot\flow_system
2026-08-17 04:00:34,898 [INFO] Destination: D:\flowbot_data
2026-08-17 04:00:34,901 [INFO] === Coinglass data ===
2026-08-17 04:00:34,949 [INFO]   Coinglass: 6 copied, 6 skipped, 962.0 KB
2026-08-17 04:00:34,949 [INFO] === Binance metrics ===
2026-08-17 04:00:34,949 [INFO]   Metrics: 0 copied, 1 skipped, 0 B
2026-08-17 04:00:34,949 [INFO] === Funding rate ===
2026-08-17 04:00:34,951 [INFO]   Funding: 0 copied, 3 skipped, 0 B
2026-08-17 04:00:34,951 [INFO] === Klines ===
2026-08-17 04:00:34,986 [INFO]   Klines: 0 copied, 92 skipped, 0 B
2026-08-17 04:00:34,986 [INFO] === Processed ML data ===
2026-08-17 04:00:34,986 [INFO]   Processed: 0 copied, 0 skipped, 0 B
2026-08-17 04:00:34,998 [INFO] 
Manifest saved: D:\flowbot_data\manifest.json
2026-08-17 04:00:34,998 [INFO] Total copied: 6 files, 962.0 KB
2026-08-17 04:00:34,998 [INFO] Destination total: 49.1 MB
[2026/08/17 ¶g¤@  4:00:35.00] ===== done FAILED=0 ===== 
[2026/08/18 ¶g¤G  4:00:01.34] ===== daily_collect start ===== 
[2026/08/18 ¶g¤G  4:00:01.35] step1 coinglass_backfill 
2026-08-18 04:00:02,605 [INFO] === OI History: BTC (BTCUSDT) Binance 1h ===
2026-08-18 04:00:02,894 [INFO] OI: 4000 rows fetched
2026-08-18 04:00:03,036 [INFO] Saved: C:\Users\rfo\Desktop\flowbot\flow_system\market_data\raw_data\coinglass\oi_BTC_Binance_1h.parquet (4000 rows)
2026-08-18 04:00:03,036 [INFO] === OI Aggregated: BTC 1h ===
2026-08-18 04:00:03,199 [INFO] OI Aggregated: 4000 rows
2026-08-18 04:00:03,221 [INFO] Saved: C:\Users\rfo\Desktop\flowbot\flow_system\market_data\raw_data\coinglass\oi_agg_BTC_Binance_1h.parquet (4000 rows)
2026-08-18 04:00:03,221 [INFO] === Liquidation: BTC (BTCUSDT) Binance 1h ===
2026-08-18 04:00:03,386 [INFO] Liquidation: 4000 rows
2026-08-18 04:00:03,395 [INFO] Saved: C:\Users\rfo\Desktop\flowbot\flow_system\market_data\raw_data\coinglass\liquidation_BTC_Binance_1h.parquet (4000 rows)
2026-08-18 04:00:03,396 [INFO] === Long/Short Ratio: BTC (BTCUSDT) Binance 1h ===
2026-08-18 04:00:03,535 [INFO] Long/Short: 4000 rows
2026-08-18 04:00:03,547 [INFO] Saved: C:\Users\rfo\Desktop\flowbot\flow_system\market_data\raw_data\coinglass\long_short_BTC_Binance_1h.parquet (4000 rows)
2026-08-18 04:00:03,547 [INFO] === Funding Rate: BTC (BTCUSDT) Binance 1h ===
2026-08-18 04:00:03,639 [INFO] Funding: 4000 rows
2026-08-18 04:00:03,659 [INFO] Saved: C:\Users\rfo\Desktop\flowbot\flow_system\market_data\raw_data\coinglass\funding_BTC_Binance_1h.parquet (4000 rows)
2026-08-18 04:00:03,659 [INFO] === Taker Buy/Sell: BTC (BTCUSDT) Binance 1h ===
2026-08-18 04:00:03,780 [INFO] Taker: 4000 rows
2026-08-18 04:00:03,788 [INFO] Saved: C:\Users\rfo\Desktop\flowbot\flow_system\market_data\raw_data\coinglass\taker_BTC_Binance_1h.parquet (4000 rows)
2026-08-18 04:00:03,788 [INFO] Done. Files saved to C:\Users\rfo\Desktop\flowbot\flow_system\market_data\raw_data\coinglass
[2026/08/18 ¶g¤G  4:00:03.87] step2 research backfill_all_parquet 
============================================================
[1/3] Binance klines 1h backfill
============================================================
  Existing: 7292 bars, ends at 2026-08-16 19:00:00+00:00
  Fetched 24 bars up to 2026-08-17 19:00:00+00:00
  Updated: 7316 bars, 2025-10-17 00:00:00+00:00 -> 2026-08-17 19:00:00+00:00

============================================================
[2/4 existing] Coinglass endpoints
============================================================
  oi: 7310 bars, 2025-10-17 -> 2026-08-17
  oi_agg: 7310 bars, 2025-10-17 -> 2026-08-17
  liquidation: 7310 bars, 2025-10-17 -> 2026-08-17
  long_short: 7310 bars, 2025-10-17 -> 2026-08-17
  global_ls: 7310 bars, 2025-10-17 -> 2026-08-17
  funding: 7310 bars, 2025-10-17 -> 2026-08-17
  taker: 7310 bars, 2025-10-17 -> 2026-08-17

============================================================
[3/4 new] Coinglass endpoints
============================================================
  coinbase_premium: 7185 bars, 2025-10-22 -> 2026-08-17
  bitfinex_margin: 7185 bars, 2025-10-22 -> 2026-08-17
  top_ls_position: 7185 bars, 2025-10-22 -> 2026-08-17
  futures_cvd_agg: 7185 bars, 2025-10-22 -> 2026-08-17
  spot_cvd_agg: 7185 bars, 2025-10-22 -> 2026-08-17
  liq_agg: 7185 bars, 2025-10-22 -> 2026-08-17
  oi_coin_margin: 4185 bars, 2026-02-24 -> 2026-08-17

============================================================
[4/4] Deribit DVOL 1h backfill
============================================================
  Existing: 9008 bars, ends at 2026-08-16 19:00:00+00:00
  iter 0: +26 rows, earliest=2026-08-16 19:00:00+00:00
  Updated: 9033 bars, 2025-08-06 12:00:00+00:00 -> 2026-08-17 20:00:00+00:00

============================================================
DONE - all parquet files updated
============================================================
[2026/08/18 ¶g¤G  4:00:20.17] step3 export_depth_deltas 
exported 758191 rows (2026-07-09 05:23:00 -> 2026-08-17 19:59:00 UTC) -> C:\Users\rfo\Desktop\flowbot\flow_system\market_data\raw_data\depth_deltas_1m.parquet
[2026/08/18 ¶g¤G  4:00:39.79] step4 backup data_collector --light 
2026-08-18 04:00:39,942 [INFO] Data Collector ¡X mode: light
2026-08-18 04:00:39,944 [INFO] Source: C:\Users\rfo\Desktop\flowbot\flow_system
2026-08-18 04:00:39,944 [INFO] Destination: D:\flowbot_data
2026-08-18 04:00:39,944 [INFO] === Coinglass data ===
2026-08-18 04:00:40,003 [INFO]   Coinglass: 6 copied, 6 skipped, 958.9 KB
2026-08-18 04:00:40,003 [INFO] === Binance metrics ===
2026-08-18 04:00:40,004 [INFO]   Metrics: 0 copied, 1 skipped, 0 B
2026-08-18 04:00:40,004 [INFO] === Funding rate ===
2026-08-18 04:00:40,008 [INFO]   Funding: 0 copied, 3 skipped, 0 B
2026-08-18 04:00:40,008 [INFO] === Klines ===
2026-08-18 04:00:40,063 [INFO]   Klines: 0 copied, 92 skipped, 0 B
2026-08-18 04:00:40,063 [INFO] === Processed ML data ===
2026-08-18 04:00:40,063 [INFO]   Processed: 0 copied, 0 skipped, 0 B
2026-08-18 04:00:40,074 [INFO] 
Manifest saved: D:\flowbot_data\manifest.json
2026-08-18 04:00:40,075 [INFO] Total copied: 6 files, 958.9 KB
2026-08-18 04:00:40,075 [INFO] Destination total: 49.1 MB
[2026/08/18 ¶g¤G  4:00:40.08] ===== done FAILED=0 ===== 
[2026/08/19 ¶g¤T  4:00:01.24] ===== daily_collect start ===== 
[2026/08/19 ¶g¤T  4:00:01.26] step1 coinglass_backfill 
2026-08-19 04:00:03,256 [INFO] === OI History: BTC (BTCUSDT) Binance 1h ===
2026-08-19 04:00:03,558 [INFO] OI: 4000 rows fetched
2026-08-19 04:00:03,722 [INFO] Saved: C:\Users\rfo\Desktop\flowbot\flow_system\market_data\raw_data\coinglass\oi_BTC_Binance_1h.parquet (4000 rows)
2026-08-19 04:00:03,722 [INFO] === OI Aggregated: BTC 1h ===
2026-08-19 04:00:03,948 [INFO] OI Aggregated: 4000 rows
2026-08-19 04:00:03,967 [INFO] Saved: C:\Users\rfo\Desktop\flowbot\flow_system\market_data\raw_data\coinglass\oi_agg_BTC_Binance_1h.parquet (4000 rows)
2026-08-19 04:00:03,967 [INFO] === Liquidation: BTC (BTCUSDT) Binance 1h ===
2026-08-19 04:00:04,051 [INFO] Liquidation: 4000 rows
2026-08-19 04:00:04,061 [INFO] Saved: C:\Users\rfo\Desktop\flowbot\flow_system\market_data\raw_data\coinglass\liquidation_BTC_Binance_1h.parquet (4000 rows)
2026-08-19 04:00:04,061 [INFO] === Long/Short Ratio: BTC (BTCUSDT) Binance 1h ===
2026-08-19 04:00:04,147 [INFO] Long/Short: 4000 rows
2026-08-19 04:00:04,155 [INFO] Saved: C:\Users\rfo\Desktop\flowbot\flow_system\market_data\raw_data\coinglass\long_short_BTC_Binance_1h.parquet (4000 rows)
2026-08-19 04:00:04,155 [INFO] === Funding Rate: BTC (BTCUSDT) Binance 1h ===
2026-08-19 04:00:04,244 [INFO] Funding: 4000 rows
2026-08-19 04:00:04,256 [INFO] Saved: C:\Users\rfo\Desktop\flowbot\flow_system\market_data\raw_data\coinglass\funding_BTC_Binance_1h.parquet (4000 rows)
2026-08-19 04:00:04,256 [INFO] === Taker Buy/Sell: BTC (BTCUSDT) Binance 1h ===
2026-08-19 04:00:04,351 [INFO] Taker: 4000 rows
2026-08-19 04:00:04,360 [INFO] Saved: C:\Users\rfo\Desktop\flowbot\flow_system\market_data\raw_data\coinglass\taker_BTC_Binance_1h.parquet (4000 rows)
2026-08-19 04:00:04,360 [INFO] Done. Files saved to C:\Users\rfo\Desktop\flowbot\flow_system\market_data\raw_data\coinglass
[2026/08/19 ¶g¤T  4:00:04.42] step2 research backfill_all_parquet 
============================================================
[1/3] Binance klines 1h backfill
============================================================
  Existing: 7316 bars, ends at 2026-08-17 19:00:00+00:00
  Fetched 24 bars up to 2026-08-18 19:00:00+00:00
  Updated: 7340 bars, 2025-10-17 00:00:00+00:00 -> 2026-08-18 19:00:00+00:00

============================================================
[2/4 existing] Coinglass endpoints
============================================================
  oi: 7334 bars, 2025-10-17 -> 2026-08-18
  oi_agg: 7334 bars, 2025-10-17 -> 2026-08-18
  liquidation: 7334 bars, 2025-10-17 -> 2026-08-18
  long_short: 7334 bars, 2025-10-17 -> 2026-08-18
  global_ls: 7334 bars, 2025-10-17 -> 2026-08-18
  funding: 7334 bars, 2025-10-17 -> 2026-08-18
  taker: 7334 bars, 2025-10-17 -> 2026-08-18

============================================================
[3/4 new] Coinglass endpoints
============================================================
  coinbase_premium: 7209 bars, 2025-10-22 -> 2026-08-18
  bitfinex_margin: 7209 bars, 2025-10-22 -> 2026-08-18
  top_ls_position: 7209 bars, 2025-10-22 -> 2026-08-18
  futures_cvd_agg: 7209 bars, 2025-10-22 -> 2026-08-18
  spot_cvd_agg: 7209 bars, 2025-10-22 -> 2026-08-18
  liq_agg: 7209 bars, 2025-10-22 -> 2026-08-18
  oi_coin_margin: 4209 bars, 2026-02-24 -> 2026-08-18

============================================================
[4/4] Deribit DVOL 1h backfill
============================================================
  Existing: 9033 bars, ends at 2026-08-17 20:00:00+00:00
  iter 0: +25 rows, earliest=2026-08-17 20:00:00+00:00
  Updated: 9057 bars, 2025-08-06 12:00:00+00:00 -> 2026-08-18 20:00:00+00:00

============================================================
DONE - all parquet files updated
============================================================
[2026/08/19 ¶g¤T  4:00:19.93] step3 export_depth_deltas 
exported 786972 rows (2026-07-09 05:23:00 -> 2026-08-18 19:59:00 UTC) -> C:\Users\rfo\Desktop\flowbot\flow_system\market_data\raw_data\depth_deltas_1m.parquet
[2026/08/19 ¶g¤T  4:00:39.85] step4 backup data_collector --light 
2026-08-19 04:00:39,977 [INFO] Data Collector ¡X mode: light
2026-08-19 04:00:39,978 [INFO] Source: C:\Users\rfo\Desktop\flowbot\flow_system
2026-08-19 04:00:39,978 [INFO] Destination: D:\flowbot_data
2026-08-19 04:00:39,979 [INFO] === Coinglass data ===
2026-08-19 04:00:40,028 [INFO]   Coinglass: 6 copied, 6 skipped, 957.2 KB
2026-08-19 04:00:40,028 [INFO] === Binance metrics ===
2026-08-19 04:00:40,029 [INFO]   Metrics: 0 copied, 1 skipped, 0 B
2026-08-19 04:00:40,029 [INFO] === Funding rate ===
2026-08-19 04:00:40,031 [INFO]   Funding: 0 copied, 3 skipped, 0 B
2026-08-19 04:00:40,031 [INFO] === Klines ===
2026-08-19 04:00:40,069 [INFO]   Klines: 0 copied, 92 skipped, 0 B
2026-08-19 04:00:40,069 [INFO] === Processed ML data ===
2026-08-19 04:00:40,069 [INFO]   Processed: 0 copied, 0 skipped, 0 B
2026-08-19 04:00:40,081 [INFO] 
Manifest saved: D:\flowbot_data\manifest.json
2026-08-19 04:00:40,081 [INFO] Total copied: 6 files, 957.2 KB
2026-08-19 04:00:40,081 [INFO] Destination total: 49.1 MB
[2026/08/19 ¶g¤T  4:00:40.08] ===== done FAILED=0 ===== 
[2026/08/20 ¶g¥|  4:00:01.26] ===== daily_collect start ===== 
[2026/08/20 ¶g¥|  4:00:01.27] step1 coinglass_backfill 
2026-08-20 04:00:02,116 [INFO] === OI History: BTC (BTCUSDT) Binance 1h ===
2026-08-20 04:00:02,378 [INFO] OI: 4000 rows fetched
2026-08-20 04:00:02,488 [INFO] Saved: C:\Users\rfo\Desktop\flowbot\flow_system\market_data\raw_data\coinglass\oi_BTC_Binance_1h.parquet (4000 rows)
2026-08-20 04:00:02,488 [INFO] === OI Aggregated: BTC 1h ===
2026-08-20 04:00:02,730 [INFO] OI Aggregated: 4000 rows
2026-08-20 04:00:02,746 [INFO] Saved: C:\Users\rfo\Desktop\flowbot\flow_system\market_data\raw_data\coinglass\oi_agg_BTC_Binance_1h.parquet (4000 rows)
2026-08-20 04:00:02,746 [INFO] === Liquidation: BTC (BTCUSDT) Binance 1h ===
2026-08-20 04:00:02,899 [INFO] Liquidation: 4000 rows
2026-08-20 04:00:02,909 [INFO] Saved: C:\Users\rfo\Desktop\flowbot\flow_system\market_data\raw_data\coinglass\liquidation_BTC_Binance_1h.parquet (4000 rows)
2026-08-20 04:00:02,909 [INFO] === Long/Short Ratio: BTC (BTCUSDT) Binance 1h ===
2026-08-20 04:00:03,062 [INFO] Long/Short: 4000 rows
2026-08-20 04:00:03,070 [INFO] Saved: C:\Users\rfo\Desktop\flowbot\flow_system\market_data\raw_data\coinglass\long_short_BTC_Binance_1h.parquet (4000 rows)
2026-08-20 04:00:03,070 [INFO] === Funding Rate: BTC (BTCUSDT) Binance 1h ===
2026-08-20 04:00:03,170 [INFO] Funding: 4000 rows
2026-08-20 04:00:03,184 [INFO] Saved: C:\Users\rfo\Desktop\flowbot\flow_system\market_data\raw_data\coinglass\funding_BTC_Binance_1h.parquet (4000 rows)
2026-08-20 04:00:03,184 [INFO] === Taker Buy/Sell: BTC (BTCUSDT) Binance 1h ===
2026-08-20 04:00:03,353 [INFO] Taker: 4000 rows
2026-08-20 04:00:03,364 [INFO] Saved: C:\Users\rfo\Desktop\flowbot\flow_system\market_data\raw_data\coinglass\taker_BTC_Binance_1h.parquet (4000 rows)
2026-08-20 04:00:03,364 [INFO] Done. Files saved to C:\Users\rfo\Desktop\flowbot\flow_system\market_data\raw_data\coinglass
[2026/08/20 ¶g¥|  4:00:03.43] step2 research backfill_all_parquet 
============================================================
[1/3] Binance klines 1h backfill
============================================================
  Existing: 7340 bars, ends at 2026-08-18 19:00:00+00:00
  Fetched 24 bars up to 2026-08-19 19:00:00+00:00
  Fetched 0 bars up to N/A
  Updated: 7364 bars, 2025-10-17 00:00:00+00:00 -> 2026-08-19 19:00:00+00:00

============================================================
[2/4 existing] Coinglass endpoints
============================================================
  oi: 7358 bars, 2025-10-17 -> 2026-08-19
  oi_agg: 7358 bars, 2025-10-17 -> 2026-08-19
  liquidation: 7358 bars, 2025-10-17 -> 2026-08-19
  long_short: 7358 bars, 2025-10-17 -> 2026-08-19
  global_ls: 7358 bars, 2025-10-17 -> 2026-08-19
  funding: 7358 bars, 2025-10-17 -> 2026-08-19
  taker: 7358 bars, 2025-10-17 -> 2026-08-19

============================================================
[3/4 new] Coinglass endpoints
============================================================
  coinbase_premium: 7233 bars, 2025-10-22 -> 2026-08-19
  bitfinex_margin: 7233 bars, 2025-10-22 -> 2026-08-19
  top_ls_position: 7233 bars, 2025-10-22 -> 2026-08-19
  futures_cvd_agg: 7233 bars, 2025-10-22 -> 2026-08-19
  spot_cvd_agg: 7233 bars, 2025-10-22 -> 2026-08-19
  liq_agg: 7233 bars, 2025-10-22 -> 2026-08-19
  oi_coin_margin: 4233 bars, 2026-02-24 -> 2026-08-19

============================================================
[4/4] Deribit DVOL 1h backfill
============================================================
  Existing: 9057 bars, ends at 2026-08-18 20:00:00+00:00
  iter 0: +25 rows, earliest=2026-08-18 20:00:00+00:00
  Updated: 9081 bars, 2025-08-06 12:00:00+00:00 -> 2026-08-19 20:00:00+00:00

============================================================
DONE - all parquet files updated
============================================================
[2026/08/20 ¶g¥|  4:00:19.33] step3 export_depth_deltas 
exported 815772 rows (2026-07-09 05:23:00 -> 2026-08-19 19:59:00 UTC) -> C:\Users\rfo\Desktop\flowbot\flow_system\market_data\raw_data\depth_deltas_1m.parquet
[2026/08/20 ¶g¥|  4:00:40.20] step4 backup data_collector --light 
2026-08-20 04:00:40,318 [INFO] Data Collector ¡X mode: light
2026-08-20 04:00:40,318 [INFO] Source: C:\Users\rfo\Desktop\flowbot\flow_system
2026-08-20 04:00:40,318 [INFO] Destination: D:\flowbot_data
2026-08-20 04:00:40,319 [INFO] === Coinglass data ===
2026-08-20 04:00:40,370 [INFO]   Coinglass: 6 copied, 6 skipped, 957.1 KB
2026-08-20 04:00:40,370 [INFO] === Binance metrics ===
2026-08-20 04:00:40,371 [INFO]   Metrics: 0 copied, 1 skipped, 0 B
2026-08-20 04:00:40,371 [INFO] === Funding rate ===
2026-08-20 04:00:40,373 [INFO]   Funding: 0 copied, 3 skipped, 0 B
2026-08-20 04:00:40,373 [INFO] === Klines ===
2026-08-20 04:00:40,408 [INFO]   Klines: 0 copied, 92 skipped, 0 B
2026-08-20 04:00:40,408 [INFO] === Processed ML data ===
2026-08-20 04:00:40,408 [INFO]   Processed: 0 copied, 0 skipped, 0 B
2026-08-20 04:00:40,418 [INFO] 
Manifest saved: D:\flowbot_data\manifest.json
2026-08-20 04:00:40,418 [INFO] Total copied: 6 files, 957.1 KB
2026-08-20 04:00:40,418 [INFO] Destination total: 49.1 MB
[2026/08/20 ¶g¥|  4:00:40.42] ===== done FAILED=0 ===== 
[2026/08/21 ¶g¤­  4:00:01.40] ===== daily_collect start ===== 
[2026/08/21 ¶g¤­  4:00:01.42] step1 coinglass_backfill 
2026-08-21 04:00:03,464 [INFO] === OI History: BTC (BTCUSDT) Binance 1h ===
2026-08-21 04:00:03,763 [INFO] OI: 4000 rows fetched
2026-08-21 04:00:03,922 [INFO] Saved: C:\Users\rfo\Desktop\flowbot\flow_system\market_data\raw_data\coinglass\oi_BTC_Binance_1h.parquet (4000 rows)
2026-08-21 04:00:03,922 [INFO] === OI Aggregated: BTC 1h ===
2026-08-21 04:00:04,106 [INFO] OI Aggregated: 4000 rows
2026-08-21 04:00:04,123 [INFO] Saved: C:\Users\rfo\Desktop\flowbot\flow_system\market_data\raw_data\coinglass\oi_agg_BTC_Binance_1h.parquet (4000 rows)
2026-08-21 04:00:04,123 [INFO] === Liquidation: BTC (BTCUSDT) Binance 1h ===
2026-08-21 04:00:04,260 [INFO] Liquidation: 4000 rows
2026-08-21 04:00:04,268 [INFO] Saved: C:\Users\rfo\Desktop\flowbot\flow_system\market_data\raw_data\coinglass\liquidation_BTC_Binance_1h.parquet (4000 rows)
2026-08-21 04:00:04,268 [INFO] === Long/Short Ratio: BTC (BTCUSDT) Binance 1h ===
2026-08-21 04:00:04,434 [INFO] Long/Short: 4000 rows
2026-08-21 04:00:04,441 [INFO] Saved: C:\Users\rfo\Desktop\flowbot\flow_system\market_data\raw_data\coinglass\long_short_BTC_Binance_1h.parquet (4000 rows)
2026-08-21 04:00:04,441 [INFO] === Funding Rate: BTC (BTCUSDT) Binance 1h ===
2026-08-21 04:00:04,602 [INFO] Funding: 4000 rows
2026-08-21 04:00:04,613 [INFO] Saved: C:\Users\rfo\Desktop\flowbot\flow_system\market_data\raw_data\coinglass\funding_BTC_Binance_1h.parquet (4000 rows)
2026-08-21 04:00:04,613 [INFO] === Taker Buy/Sell: BTC (BTCUSDT) Binance 1h ===
2026-08-21 04:00:04,703 [INFO] Taker: 4000 rows
2026-08-21 04:00:04,712 [INFO] Saved: C:\Users\rfo\Desktop\flowbot\flow_system\market_data\raw_data\coinglass\taker_BTC_Binance_1h.parquet (4000 rows)
2026-08-21 04:00:04,712 [INFO] Done. Files saved to C:\Users\rfo\Desktop\flowbot\flow_system\market_data\raw_data\coinglass
[2026/08/21 ¶g¤­  4:00:04.78] step2 research backfill_all_parquet 
============================================================
[1/3] Binance klines 1h backfill
============================================================
  Existing: 7364 bars, ends at 2026-08-19 19:00:00+00:00
  Fetched 24 bars up to 2026-08-20 19:00:00+00:00
  Updated: 7388 bars, 2025-10-17 00:00:00+00:00 -> 2026-08-20 19:00:00+00:00

============================================================
[2/4 existing] Coinglass endpoints
============================================================
  oi: 7382 bars, 2025-10-17 -> 2026-08-20
  oi_agg: 7382 bars, 2025-10-17 -> 2026-08-20
  liquidation: 7382 bars, 2025-10-17 -> 2026-08-20
  long_short: 7382 bars, 2025-10-17 -> 2026-08-20
  global_ls: 7382 bars, 2025-10-17 -> 2026-08-20
  funding: 7382 bars, 2025-10-17 -> 2026-08-20
  taker: 7382 bars, 2025-10-17 -> 2026-08-20

============================================================
[3/4 new] Coinglass endpoints
============================================================
  coinbase_premium: 7257 bars, 2025-10-22 -> 2026-08-20
  bitfinex_margin: 7257 bars, 2025-10-22 -> 2026-08-20
  top_ls_position: 7257 bars, 2025-10-22 -> 2026-08-20
  futures_cvd_agg: 7257 bars, 2025-10-22 -> 2026-08-20
  spot_cvd_agg: 7257 bars, 2025-10-22 -> 2026-08-20
  liq_agg: 7257 bars, 2025-10-22 -> 2026-08-20
  oi_coin_margin: 4257 bars, 2026-02-24 -> 2026-08-20

============================================================
[4/4] Deribit DVOL 1h backfill
============================================================
  Existing: 9081 bars, ends at 2026-08-19 20:00:00+00:00
  iter 0: +24 rows, earliest=2026-08-19 20:00:00+00:00
  Updated: 9104 bars, 2025-08-06 12:00:00+00:00 -> 2026-08-20 19:00:00+00:00

============================================================
DONE - all parquet files updated
============================================================
[2026/08/21 ¶g¤­  4:00:20.31] step3 export_depth_deltas 
exported 844572 rows (2026-07-09 05:23:00 -> 2026-08-20 19:59:00 UTC) -> C:\Users\rfo\Desktop\flowbot\flow_system\market_data\raw_data\depth_deltas_1m.parquet
[2026/08/21 ¶g¤­  4:00:42.44] step4 backup data_collector --light 
2026-08-21 04:00:42,576 [INFO] Data Collector ¡X mode: light
2026-08-21 04:00:42,577 [INFO] Source: C:\Users\rfo\Desktop\flowbot\flow_system
2026-08-21 04:00:42,577 [INFO] Destination: D:\flowbot_data
2026-08-21 04:00:42,577 [INFO] === Coinglass data ===
2026-08-21 04:00:42,635 [INFO]   Coinglass: 6 copied, 6 skipped, 959.1 KB
2026-08-21 04:00:42,635 [INFO] === Binance metrics ===
2026-08-21 04:00:42,636 [INFO]   Metrics: 0 copied, 1 skipped, 0 B
2026-08-21 04:00:42,636 [INFO] === Funding rate ===
2026-08-21 04:00:42,637 [INFO]   Funding: 0 copied, 3 skipped, 0 B
2026-08-21 04:00:42,637 [INFO] === Klines ===
2026-08-21 04:00:42,657 [INFO]   Klines: 0 copied, 92 skipped, 0 B
2026-08-21 04:00:42,658 [INFO] === Processed ML data ===
2026-08-21 04:00:42,658 [INFO]   Processed: 0 copied, 0 skipped, 0 B
2026-08-21 04:00:42,670 [INFO] 
Manifest saved: D:\flowbot_data\manifest.json
2026-08-21 04:00:42,670 [INFO] Total copied: 6 files, 959.1 KB
2026-08-21 04:00:42,670 [INFO] Destination total: 49.1 MB
[2026/08/21 ¶g¤­  4:00:42.68] ===== done FAILED=0 ===== 
[2026/08/21 ¶g¤­ 23:10:30.99] ===== daily_collect start ===== 
[2026/08/21 ¶g¤­ 23:10:30.99] step1 coinglass_backfill 
2026-08-21 23:10:31,842 [INFO] === OI History: BTC (BTCUSDT) Binance 1h ===
2026-08-21 23:10:32,087 [INFO] OI: 4000 rows fetched
2026-08-21 23:10:32,143 [INFO] Saved: C:\Users\rfo\Desktop\flowbot\flow_system\market_data\raw_data\coinglass\oi_BTC_Binance_1h.parquet (4000 rows)
2026-08-21 23:10:32,143 [INFO] === OI Aggregated: BTC 1h ===
2026-08-21 23:10:32,298 [INFO] OI Aggregated: 4000 rows
2026-08-21 23:10:32,311 [INFO] Saved: C:\Users\rfo\Desktop\flowbot\flow_system\market_data\raw_data\coinglass\oi_agg_BTC_Binance_1h.parquet (4000 rows)
2026-08-21 23:10:32,311 [INFO] === Liquidation: BTC (BTCUSDT) Binance 1h ===
2026-08-21 23:10:32,454 [INFO] Liquidation: 4000 rows
2026-08-21 23:10:32,465 [INFO] Saved: C:\Users\rfo\Desktop\flowbot\flow_system\market_data\raw_data\coinglass\liquidation_BTC_Binance_1h.parquet (4000 rows)
2026-08-21 23:10:32,465 [INFO] === Long/Short Ratio: BTC (BTCUSDT) Binance 1h ===
2026-08-21 23:10:32,603 [INFO] Long/Short: 4000 rows
2026-08-21 23:10:32,613 [INFO] Saved: C:\Users\rfo\Desktop\flowbot\flow_system\market_data\raw_data\coinglass\long_short_BTC_Binance_1h.parquet (4000 rows)
2026-08-21 23:10:32,613 [INFO] === Funding Rate: BTC (BTCUSDT) Binance 1h ===
2026-08-21 23:10:32,785 [INFO] Funding: 4000 rows
2026-08-21 23:10:32,795 [INFO] Saved: C:\Users\rfo\Desktop\flowbot\flow_system\market_data\raw_data\coinglass\funding_BTC_Binance_1h.parquet (4000 rows)
2026-08-21 23:10:32,795 [INFO] === Taker Buy/Sell: BTC (BTCUSDT) Binance 1h ===
2026-08-21 23:10:32,910 [INFO] Taker: 4000 rows
2026-08-21 23:10:32,920 [INFO] Saved: C:\Users\rfo\Desktop\flowbot\flow_system\market_data\raw_data\coinglass\taker_BTC_Binance_1h.parquet (4000 rows)
2026-08-21 23:10:32,920 [INFO] Done. Files saved to C:\Users\rfo\Desktop\flowbot\flow_system\market_data\raw_data\coinglass
[2026/08/21 ¶g¤­ 23:10:32.98] step2 research backfill_all_parquet 
============================================================
[1/3] Binance klines 1h backfill
============================================================
  Existing: 7388 bars, ends at 2026-08-20 19:00:00+00:00
  Fetched 19 bars up to 2026-08-21 14:00:00+00:00
  Updated: 7407 bars, 2025-10-17 00:00:00+00:00 -> 2026-08-21 14:00:00+00:00

============================================================
[2/4 existing] Coinglass endpoints
============================================================
  oi: 7401 bars, 2025-10-17 -> 2026-08-21
  oi_agg: 7401 bars, 2025-10-17 -> 2026-08-21
  liquidation: 7401 bars, 2025-10-17 -> 2026-08-21
  long_short: 7401 bars, 2025-10-17 -> 2026-08-21
  global_ls: 7401 bars, 2025-10-17 -> 2026-08-21
  funding: 7401 bars, 2025-10-17 -> 2026-08-21
  taker: 7401 bars, 2025-10-17 -> 2026-08-21

============================================================
[3/4 new] Coinglass endpoints
============================================================
  coinbase_premium: 7276 bars, 2025-10-22 -> 2026-08-21
  bitfinex_margin: 7276 bars, 2025-10-22 -> 2026-08-21
  top_ls_position: 7276 bars, 2025-10-22 -> 2026-08-21
  futures_cvd_agg: 7276 bars, 2025-10-22 -> 2026-08-21
  spot_cvd_agg: 7276 bars, 2025-10-22 -> 2026-08-21
  liq_agg: 7276 bars, 2025-10-22 -> 2026-08-21
  oi_coin_margin: 4276 bars, 2026-02-24 -> 2026-08-21

============================================================
[4/4] Deribit DVOL 1h backfill
============================================================
  Existing: 9104 bars, ends at 2026-08-20 19:00:00+00:00
  iter 0: +21 rows, earliest=2026-08-20 19:00:00+00:00
  Updated: 9124 bars, 2025-08-06 12:00:00+00:00 -> 2026-08-21 15:00:00+00:00

============================================================
DONE - all parquet files updated
============================================================
[2026/08/21 ¶g¤­ 23:10:48.81] step1.6 refresh_fng (weakness-#2 revival) 

============================================================
[2/3] CG Fear & Greed index (daily)
============================================================
  saved 3102 days, 2018-02-01 â†’ 2026-08-21
refresh_fng: OK
[2026/08/21 ¶g¤­ 23:10:49.83] step3 export_depth_deltas 
exported 867572 rows (2026-07-09 05:23:00 -> 2026-08-21 15:09:00 UTC) -> C:\Users\rfo\Desktop\flowbot\flow_system\market_data\raw_data\depth_deltas_1m.parquet
[2026/08/21 ¶g¤­ 23:12:24.30] step4 backup data_collector --light 
2026-08-21 23:12:24,437 [INFO] Data Collector ¡X mode: light
2026-08-21 23:12:24,438 [INFO] Source: C:\Users\rfo\Desktop\flowbot\flow_system
2026-08-21 23:12:24,438 [INFO] Destination: D:\flowbot_data
2026-08-21 23:12:24,438 [INFO] === Coinglass data ===
2026-08-21 23:12:24,491 [INFO]   Coinglass: 6 copied, 6 skipped, 959.1 KB
2026-08-21 23:12:24,491 [INFO] === Binance metrics ===
2026-08-21 23:12:24,492 [INFO]   Metrics: 0 copied, 1 skipped, 0 B
2026-08-21 23:12:24,493 [INFO] === Funding rate ===
2026-08-21 23:12:24,495 [INFO]   Funding: 0 copied, 3 skipped, 0 B
2026-08-21 23:12:24,495 [INFO] === Klines ===
2026-08-21 23:12:24,531 [INFO]   Klines: 0 copied, 92 skipped, 0 B
2026-08-21 23:12:24,531 [INFO] === Processed ML data ===
2026-08-21 23:12:24,531 [INFO]   Processed: 0 copied, 0 skipped, 0 B
2026-08-21 23:12:24,543 [INFO] 
Manifest saved: D:\flowbot_data\manifest.json
2026-08-21 23:12:24,543 [INFO] Total copied: 6 files, 959.1 KB
2026-08-21 23:12:24,543 [INFO] Destination total: 49.1 MB
[2026/08/21 ¶g¤­ 23:12:24.55] ===== done FAILED=0 ===== 
[2026/08/22 ¶g¤»  4:00:01.28] ===== daily_collect start ===== 
[2026/08/22 ¶g¤»  4:00:01.30] step1 coinglass_backfill 
2026-08-22 04:00:02,401 [INFO] === OI History: BTC (BTCUSDT) Binance 1h ===
2026-08-22 04:00:02,642 [INFO] OI: 4000 rows fetched
2026-08-22 04:00:02,694 [INFO] Saved: C:\Users\rfo\Desktop\flowbot\flow_system\market_data\raw_data\coinglass\oi_BTC_Binance_1h.parquet (4000 rows)
2026-08-22 04:00:02,694 [INFO] === OI Aggregated: BTC 1h ===
2026-08-22 04:00:02,812 [INFO] OI Aggregated: 4000 rows
2026-08-22 04:00:02,826 [INFO] Saved: C:\Users\rfo\Desktop\flowbot\flow_system\market_data\raw_data\coinglass\oi_agg_BTC_Binance_1h.parquet (4000 rows)
2026-08-22 04:00:02,826 [INFO] === Liquidation: BTC (BTCUSDT) Binance 1h ===
2026-08-22 04:00:02,939 [INFO] Liquidation: 4000 rows
2026-08-22 04:00:02,952 [INFO] Saved: C:\Users\rfo\Desktop\flowbot\flow_system\market_data\raw_data\coinglass\liquidation_BTC_Binance_1h.parquet (4000 rows)
2026-08-22 04:00:02,952 [INFO] === Long/Short Ratio: BTC (BTCUSDT) Binance 1h ===
2026-08-22 04:00:03,062 [INFO] Long/Short: 4000 rows
2026-08-22 04:00:03,069 [INFO] Saved: C:\Users\rfo\Desktop\flowbot\flow_system\market_data\raw_data\coinglass\long_short_BTC_Binance_1h.parquet (4000 rows)
2026-08-22 04:00:03,069 [INFO] === Funding Rate: BTC (BTCUSDT) Binance 1h ===
2026-08-22 04:00:03,173 [INFO] Funding: 4000 rows
2026-08-22 04:00:03,184 [INFO] Saved: C:\Users\rfo\Desktop\flowbot\flow_system\market_data\raw_data\coinglass\funding_BTC_Binance_1h.parquet (4000 rows)
2026-08-22 04:00:03,185 [INFO] === Taker Buy/Sell: BTC (BTCUSDT) Binance 1h ===
2026-08-22 04:00:03,292 [INFO] Taker: 4000 rows
2026-08-22 04:00:03,303 [INFO] Saved: C:\Users\rfo\Desktop\flowbot\flow_system\market_data\raw_data\coinglass\taker_BTC_Binance_1h.parquet (4000 rows)
2026-08-22 04:00:03,303 [INFO] Done. Files saved to C:\Users\rfo\Desktop\flowbot\flow_system\market_data\raw_data\coinglass
[2026/08/22 ¶g¤»  4:00:03.37] step2 research backfill_all_parquet 
============================================================
[1/3] Binance klines 1h backfill
============================================================
  Existing: 7407 bars, ends at 2026-08-21 14:00:00+00:00
  Fetched 5 bars up to 2026-08-21 19:00:00+00:00
  Updated: 7412 bars, 2025-10-17 00:00:00+00:00 -> 2026-08-21 19:00:00+00:00

============================================================
[2/4 existing] Coinglass endpoints
============================================================
  oi: 7406 bars, 2025-10-17 -> 2026-08-21
  oi_agg: 7406 bars, 2025-10-17 -> 2026-08-21
  liquidation: 7406 bars, 2025-10-17 -> 2026-08-21
  long_short: 7406 bars, 2025-10-17 -> 2026-08-21
  global_ls: 7406 bars, 2025-10-17 -> 2026-08-21
  funding: 7406 bars, 2025-10-17 -> 2026-08-21
  taker: 7406 bars, 2025-10-17 -> 2026-08-21

============================================================
[3/4 new] Coinglass endpoints
============================================================
  coinbase_premium: 7281 bars, 2025-10-22 -> 2026-08-21
  bitfinex_margin: 7281 bars, 2025-10-22 -> 2026-08-21
  top_ls_position: 7281 bars, 2025-10-22 -> 2026-08-21
  futures_cvd_agg: 7281 bars, 2025-10-22 -> 2026-08-21
  spot_cvd_agg: 7281 bars, 2025-10-22 -> 2026-08-21
  liq_agg: 7281 bars, 2025-10-22 -> 2026-08-21
  oi_coin_margin: 4281 bars, 2026-02-24 -> 2026-08-21

============================================================
[4/4] Deribit DVOL 1h backfill
============================================================
  Existing: 9124 bars, ends at 2026-08-21 15:00:00+00:00
  iter 0: +6 rows, earliest=2026-08-21 15:00:00+00:00
  Updated: 9129 bars, 2025-08-06 12:00:00+00:00 -> 2026-08-21 20:00:00+00:00

============================================================
DONE - all parquet files updated
============================================================
[2026/08/22 ¶g¤»  4:00:18.67] step1.6 refresh_fng (weakness-#2 revival) 

============================================================
[2/3] CG Fear & Greed index (daily)
============================================================
  saved 3102 days, 2018-02-01 â†’ 2026-08-21
refresh_fng: OK
[2026/08/22 ¶g¤»  4:00:19.68] step3 export_depth_deltas 
exported 873372 rows (2026-07-09 05:23:00 -> 2026-08-21 19:59:00 UTC) -> C:\Users\rfo\Desktop\flowbot\flow_system\market_data\raw_data\depth_deltas_1m.parquet
[2026/08/22 ¶g¤»  4:00:42.47] step4 backup data_collector --light 
2026-08-22 04:00:42,584 [INFO] Data Collector ¡X mode: light
2026-08-22 04:00:42,584 [INFO] Source: C:\Users\rfo\Desktop\flowbot\flow_system
2026-08-22 04:00:42,584 [INFO] Destination: D:\flowbot_data
2026-08-22 04:00:42,585 [INFO] === Coinglass data ===
2026-08-22 04:00:42,679 [INFO]   Coinglass: 6 copied, 6 skipped, 958.4 KB
2026-08-22 04:00:42,679 [INFO] === Binance metrics ===
2026-08-22 04:00:42,680 [INFO]   Metrics: 0 copied, 1 skipped, 0 B
2026-08-22 04:00:42,680 [INFO] === Funding rate ===
2026-08-22 04:00:42,681 [INFO]   Funding: 0 copied, 3 skipped, 0 B
2026-08-22 04:00:42,681 [INFO] === Klines ===
2026-08-22 04:00:42,700 [INFO]   Klines: 0 copied, 92 skipped, 0 B
2026-08-22 04:00:42,700 [INFO] === Processed ML data ===
2026-08-22 04:00:42,701 [INFO]   Processed: 0 copied, 0 skipped, 0 B
2026-08-22 04:00:42,712 [INFO] 
Manifest saved: D:\flowbot_data\manifest.json
2026-08-22 04:00:42,712 [INFO] Total copied: 6 files, 958.4 KB
2026-08-22 04:00:42,712 [INFO] Destination total: 49.1 MB
[2026/08/22 ¶g¤»  4:00:42.72] ===== done FAILED=0 ===== 
[2026/08/23 ¶g¤é  4:00:01.25] ===== daily_collect start ===== 
[2026/08/23 ¶g¤é  4:00:01.26] step1 coinglass_backfill 
2026-08-23 04:00:02,172 [INFO] === OI History: BTC (BTCUSDT) Binance 1h ===
2026-08-23 04:00:02,426 [INFO] OI: 4000 rows fetched
2026-08-23 04:00:02,499 [INFO] Saved: C:\Users\rfo\Desktop\flowbot\flow_system\market_data\raw_data\coinglass\oi_BTC_Binance_1h.parquet (4000 rows)
2026-08-23 04:00:02,499 [INFO] === OI Aggregated: BTC 1h ===
2026-08-23 04:00:02,804 [INFO] OI Aggregated: 4000 rows
2026-08-23 04:00:02,815 [INFO] Saved: C:\Users\rfo\Desktop\flowbot\flow_system\market_data\raw_data\coinglass\oi_agg_BTC_Binance_1h.parquet (4000 rows)
2026-08-23 04:00:02,817 [INFO] === Liquidation: BTC (BTCUSDT) Binance 1h ===
2026-08-23 04:00:02,914 [INFO] Liquidation: 4000 rows
2026-08-23 04:00:02,923 [INFO] Saved: C:\Users\rfo\Desktop\flowbot\flow_system\market_data\raw_data\coinglass\liquidation_BTC_Binance_1h.parquet (4000 rows)
2026-08-23 04:00:02,923 [INFO] === Long/Short Ratio: BTC (BTCUSDT) Binance 1h ===
2026-08-23 04:00:03,069 [INFO] Long/Short: 4000 rows
2026-08-23 04:00:03,078 [INFO] Saved: C:\Users\rfo\Desktop\flowbot\flow_system\market_data\raw_data\coinglass\long_short_BTC_Binance_1h.parquet (4000 rows)
2026-08-23 04:00:03,078 [INFO] === Funding Rate: BTC (BTCUSDT) Binance 1h ===
2026-08-23 04:00:03,196 [INFO] Funding: 4000 rows
2026-08-23 04:00:03,208 [INFO] Saved: C:\Users\rfo\Desktop\flowbot\flow_system\market_data\raw_data\coinglass\funding_BTC_Binance_1h.parquet (4000 rows)
2026-08-23 04:00:03,208 [INFO] === Taker Buy/Sell: BTC (BTCUSDT) Binance 1h ===
2026-08-23 04:00:03,348 [INFO] Taker: 4000 rows
2026-08-23 04:00:03,357 [INFO] Saved: C:\Users\rfo\Desktop\flowbot\flow_system\market_data\raw_data\coinglass\taker_BTC_Binance_1h.parquet (4000 rows)
2026-08-23 04:00:03,357 [INFO] Done. Files saved to C:\Users\rfo\Desktop\flowbot\flow_system\market_data\raw_data\coinglass
[2026/08/23 ¶g¤é  4:00:03.43] step2 research backfill_all_parquet 
============================================================
[1/3] Binance klines 1h backfill
============================================================
  Existing: 7412 bars, ends at 2026-08-21 19:00:00+00:00
  Fetched 24 bars up to 2026-08-22 19:00:00+00:00
  Updated: 7436 bars, 2025-10-17 00:00:00+00:00 -> 2026-08-22 19:00:00+00:00

============================================================
[2/4 existing] Coinglass endpoints
============================================================
  oi: 7430 bars, 2025-10-17 -> 2026-08-22
  oi_agg: 7430 bars, 2025-10-17 -> 2026-08-22
  liquidation: 7430 bars, 2025-10-17 -> 2026-08-22
  long_short: 7430 bars, 2025-10-17 -> 2026-08-22
  global_ls: 7430 bars, 2025-10-17 -> 2026-08-22
  funding: 7430 bars, 2025-10-17 -> 2026-08-22
  taker: 7430 bars, 2025-10-17 -> 2026-08-22

============================================================
[3/4 new] Coinglass endpoints
============================================================
  coinbase_premium: 7305 bars, 2025-10-22 -> 2026-08-22
  bitfinex_margin: 7305 bars, 2025-10-22 -> 2026-08-22
  top_ls_position: 7305 bars, 2025-10-22 -> 2026-08-22
  futures_cvd_agg: 7305 bars, 2025-10-22 -> 2026-08-22
  spot_cvd_agg: 7305 bars, 2025-10-22 -> 2026-08-22
  liq_agg: 7305 bars, 2025-10-22 -> 2026-08-22
  oi_coin_margin: 4305 bars, 2026-02-24 -> 2026-08-22

============================================================
[4/4] Deribit DVOL 1h backfill
============================================================
  Existing: 9129 bars, ends at 2026-08-21 20:00:00+00:00
  iter 0: +25 rows, earliest=2026-08-21 20:00:00+00:00
  Updated: 9153 bars, 2025-08-06 12:00:00+00:00 -> 2026-08-22 20:00:00+00:00

============================================================
DONE - all parquet files updated
============================================================
[2026/08/23 ¶g¤é  4:00:18.93] step1.6 refresh_fng (weakness-#2 revival) 

============================================================
[2/3] CG Fear & Greed index (daily)
============================================================
  saved 3103 days, 2018-02-01 â†’ 2026-08-22
refresh_fng: OK
[2026/08/23 ¶g¤é  4:00:19.89] step3 export_depth_deltas 
exported 902172 rows (2026-07-09 05:23:00 -> 2026-08-22 19:59:00 UTC) -> C:\Users\rfo\Desktop\flowbot\flow_system\market_data\raw_data\depth_deltas_1m.parquet
[2026/08/23 ¶g¤é  4:00:43.14] step4 backup data_collector --light 
2026-08-23 04:00:43,262 [INFO] Data Collector ¡X mode: light
2026-08-23 04:00:43,262 [INFO] Source: C:\Users\rfo\Desktop\flowbot\flow_system
2026-08-23 04:00:43,262 [INFO] Destination: D:\flowbot_data
2026-08-23 04:00:43,262 [INFO] === Coinglass data ===
2026-08-23 04:00:43,316 [INFO]   Coinglass: 6 copied, 6 skipped, 957.5 KB
2026-08-23 04:00:43,316 [INFO] === Binance metrics ===
2026-08-23 04:00:43,317 [INFO]   Metrics: 0 copied, 1 skipped, 0 B
2026-08-23 04:00:43,317 [INFO] === Funding rate ===
2026-08-23 04:00:43,319 [INFO]   Funding: 0 copied, 3 skipped, 0 B
2026-08-23 04:00:43,319 [INFO] === Klines ===
2026-08-23 04:00:43,357 [INFO]   Klines: 0 copied, 92 skipped, 0 B
2026-08-23 04:00:43,357 [INFO] === Processed ML data ===
2026-08-23 04:00:43,357 [INFO]   Processed: 0 copied, 0 skipped, 0 B
2026-08-23 04:00:43,367 [INFO] 
Manifest saved: D:\flowbot_data\manifest.json
2026-08-23 04:00:43,367 [INFO] Total copied: 6 files, 957.5 KB
2026-08-23 04:00:43,367 [INFO] Destination total: 49.1 MB
[2026/08/23 ¶g¤é  4:00:43.37] ===== done FAILED=0 ===== 
[2026/08/24 ¶g¤@  4:00:01.25] ===== daily_collect start ===== 
[2026/08/24 ¶g¤@  4:00:01.27] step1 coinglass_backfill 
2026-08-24 04:00:02,175 [INFO] === OI History: BTC (BTCUSDT) Binance 1h ===
2026-08-24 04:00:02,512 [INFO] OI: 4000 rows fetched
2026-08-24 04:00:02,636 [INFO] Saved: C:\Users\rfo\Desktop\flowbot\flow_system\market_data\raw_data\coinglass\oi_BTC_Binance_1h.parquet (4000 rows)
2026-08-24 04:00:02,636 [INFO] === OI Aggregated: BTC 1h ===
2026-08-24 04:00:02,791 [INFO] OI Aggregated: 4000 rows
2026-08-24 04:00:02,804 [INFO] Saved: C:\Users\rfo\Desktop\flowbot\flow_system\market_data\raw_data\coinglass\oi_agg_BTC_Binance_1h.parquet (4000 rows)
2026-08-24 04:00:02,804 [INFO] === Liquidation: BTC (BTCUSDT) Binance 1h ===
2026-08-24 04:00:02,893 [INFO] Liquidation: 4000 rows
2026-08-24 04:00:02,901 [INFO] Saved: C:\Users\rfo\Desktop\flowbot\flow_system\market_data\raw_data\coinglass\liquidation_BTC_Binance_1h.parquet (4000 rows)
2026-08-24 04:00:02,901 [INFO] === Long/Short Ratio: BTC (BTCUSDT) Binance 1h ===
2026-08-24 04:00:02,993 [INFO] Long/Short: 4000 rows
2026-08-24 04:00:03,001 [INFO] Saved: C:\Users\rfo\Desktop\flowbot\flow_system\market_data\raw_data\coinglass\long_short_BTC_Binance_1h.parquet (4000 rows)
2026-08-24 04:00:03,001 [INFO] === Funding Rate: BTC (BTCUSDT) Binance 1h ===
2026-08-24 04:00:03,092 [INFO] Funding: 4000 rows
2026-08-24 04:00:03,103 [INFO] Saved: C:\Users\rfo\Desktop\flowbot\flow_system\market_data\raw_data\coinglass\funding_BTC_Binance_1h.parquet (4000 rows)
2026-08-24 04:00:03,103 [INFO] === Taker Buy/Sell: BTC (BTCUSDT) Binance 1h ===
2026-08-24 04:00:03,191 [INFO] Taker: 4000 rows
2026-08-24 04:00:03,200 [INFO] Saved: C:\Users\rfo\Desktop\flowbot\flow_system\market_data\raw_data\coinglass\taker_BTC_Binance_1h.parquet (4000 rows)
2026-08-24 04:00:03,200 [INFO] Done. Files saved to C:\Users\rfo\Desktop\flowbot\flow_system\market_data\raw_data\coinglass
[2026/08/24 ¶g¤@  4:00:03.25] step2 research backfill_all_parquet 
============================================================
[1/3] Binance klines 1h backfill
============================================================
  Existing: 7436 bars, ends at 2026-08-22 19:00:00+00:00
  Fetched 24 bars up to 2026-08-23 19:00:00+00:00
  Fetched 0 bars up to N/A
  Updated: 7460 bars, 2025-10-17 00:00:00+00:00 -> 2026-08-23 19:00:00+00:00

============================================================
[2/4 existing] Coinglass endpoints
============================================================
  oi: 7454 bars, 2025-10-17 -> 2026-08-23
  oi_agg: 7454 bars, 2025-10-17 -> 2026-08-23
  liquidation: 7454 bars, 2025-10-17 -> 2026-08-23
  long_short: 7454 bars, 2025-10-17 -> 2026-08-23
  global_ls: 7454 bars, 2025-10-17 -> 2026-08-23
  funding: 7454 bars, 2025-10-17 -> 2026-08-23
  taker: 7454 bars, 2025-10-17 -> 2026-08-23

============================================================
[3/4 new] Coinglass endpoints
============================================================
  coinbase_premium: 7329 bars, 2025-10-22 -> 2026-08-23
  bitfinex_margin: 7329 bars, 2025-10-22 -> 2026-08-23
  top_ls_position: 7329 bars, 2025-10-22 -> 2026-08-23
  futures_cvd_agg: 7329 bars, 2025-10-22 -> 2026-08-23
  spot_cvd_agg: 7329 bars, 2025-10-22 -> 2026-08-23
  liq_agg: 7329 bars, 2025-10-22 -> 2026-08-23
  oi_coin_margin: 4329 bars, 2026-02-24 -> 2026-08-23

============================================================
[4/4] Deribit DVOL 1h backfill
============================================================
  Existing: 9153 bars, ends at 2026-08-22 20:00:00+00:00
  iter 0: +24 rows, earliest=2026-08-22 20:00:00+00:00
  Updated: 9176 bars, 2025-08-06 12:00:00+00:00 -> 2026-08-23 19:00:00+00:00

============================================================
DONE - all parquet files updated
============================================================
[2026/08/24 ¶g¤@  4:00:19.01] step1.6 refresh_fng (weakness-#2 revival) 

============================================================
[2/3] CG Fear & Greed index (daily)
============================================================
  saved 3104 days, 2018-02-01 â†’ 2026-08-23
refresh_fng: OK
[2026/08/24 ¶g¤@  4:00:19.97] step3 export_depth_deltas 
exported 930971 rows (2026-07-09 05:23:00 -> 2026-08-23 19:59:00 UTC) -> C:\Users\rfo\Desktop\flowbot\flow_system\market_data\raw_data\depth_deltas_1m.parquet
[2026/08/24 ¶g¤@  4:00:44.07] step4 backup data_collector --light 
2026-08-24 04:00:44,186 [INFO] Data Collector ¡X mode: light
2026-08-24 04:00:44,186 [INFO] Source: C:\Users\rfo\Desktop\flowbot\flow_system
2026-08-24 04:00:44,186 [INFO] Destination: D:\flowbot_data
2026-08-24 04:00:44,187 [INFO] === Coinglass data ===
2026-08-24 04:00:44,266 [INFO]   Coinglass: 6 copied, 6 skipped, 956.3 KB
2026-08-24 04:00:44,266 [INFO] === Binance metrics ===
2026-08-24 04:00:44,267 [INFO]   Metrics: 0 copied, 1 skipped, 0 B
2026-08-24 04:00:44,267 [INFO] === Funding rate ===
2026-08-24 04:00:44,269 [INFO]   Funding: 0 copied, 3 skipped, 0 B
2026-08-24 04:00:44,269 [INFO] === Klines ===
2026-08-24 04:00:44,302 [INFO]   Klines: 0 copied, 92 skipped, 0 B
2026-08-24 04:00:44,302 [INFO] === Processed ML data ===
2026-08-24 04:00:44,302 [INFO]   Processed: 0 copied, 0 skipped, 0 B
2026-08-24 04:00:44,312 [INFO] 
Manifest saved: D:\flowbot_data\manifest.json
2026-08-24 04:00:44,312 [INFO] Total copied: 6 files, 956.3 KB
2026-08-24 04:00:44,312 [INFO] Destination total: 49.1 MB
[2026/08/24 ¶g¤@  4:00:44.31] ===== done FAILED=0 ===== 
[2026/08/25 ¶g¤G  4:00:01.69] ===== daily_collect start ===== 
[2026/08/25 ¶g¤G  4:00:01.70] step1 coinglass_backfill 
2026-08-25 04:00:02,535 [INFO] === OI History: BTC (BTCUSDT) Binance 1h ===
2026-08-25 04:00:02,844 [INFO] OI: 4000 rows fetched
2026-08-25 04:00:02,932 [INFO] Saved: C:\Users\rfo\Desktop\flowbot\flow_system\market_data\raw_data\coinglass\oi_BTC_Binance_1h.parquet (4000 rows)
2026-08-25 04:00:02,932 [INFO] === OI Aggregated: BTC 1h ===
2026-08-25 04:00:03,111 [INFO] OI Aggregated: 4000 rows
2026-08-25 04:00:03,124 [INFO] Saved: C:\Users\rfo\Desktop\flowbot\flow_system\market_data\raw_data\coinglass\oi_agg_BTC_Binance_1h.parquet (4000 rows)
2026-08-25 04:00:03,124 [INFO] === Liquidation: BTC (BTCUSDT) Binance 1h ===
2026-08-25 04:00:03,245 [INFO] Liquidation: 4000 rows
2026-08-25 04:00:03,254 [INFO] Saved: C:\Users\rfo\Desktop\flowbot\flow_system\market_data\raw_data\coinglass\liquidation_BTC_Binance_1h.parquet (4000 rows)
2026-08-25 04:00:03,254 [INFO] === Long/Short Ratio: BTC (BTCUSDT) Binance 1h ===
2026-08-25 04:00:03,380 [INFO] Long/Short: 4000 rows
2026-08-25 04:00:03,387 [INFO] Saved: C:\Users\rfo\Desktop\flowbot\flow_system\market_data\raw_data\coinglass\long_short_BTC_Binance_1h.parquet (4000 rows)
2026-08-25 04:00:03,387 [INFO] === Funding Rate: BTC (BTCUSDT) Binance 1h ===
2026-08-25 04:00:03,549 [INFO] Funding: 4000 rows
2026-08-25 04:00:03,560 [INFO] Saved: C:\Users\rfo\Desktop\flowbot\flow_system\market_data\raw_data\coinglass\funding_BTC_Binance_1h.parquet (4000 rows)
2026-08-25 04:00:03,560 [INFO] === Taker Buy/Sell: BTC (BTCUSDT) Binance 1h ===
2026-08-25 04:00:03,658 [INFO] Taker: 4000 rows
2026-08-25 04:00:03,666 [INFO] Saved: C:\Users\rfo\Desktop\flowbot\flow_system\market_data\raw_data\coinglass\taker_BTC_Binance_1h.parquet (4000 rows)
2026-08-25 04:00:03,667 [INFO] Done. Files saved to C:\Users\rfo\Desktop\flowbot\flow_system\market_data\raw_data\coinglass
[2026/08/25 ¶g¤G  4:00:03.72] step2 research backfill_all_parquet 
============================================================
[1/3] Binance klines 1h backfill
============================================================
  Existing: 7460 bars, ends at 2026-08-23 19:00:00+00:00
  Fetched 24 bars up to 2026-08-24 19:00:00+00:00
  Updated: 7484 bars, 2025-10-17 00:00:00+00:00 -> 2026-08-24 19:00:00+00:00

============================================================
[2/4 existing] Coinglass endpoints
============================================================
  oi: 7478 bars, 2025-10-17 -> 2026-08-24
  oi_agg: 7478 bars, 2025-10-17 -> 2026-08-24
  liquidation: 7478 bars, 2025-10-17 -> 2026-08-24
  long_short: 7478 bars, 2025-10-17 -> 2026-08-24
  global_ls: 7478 bars, 2025-10-17 -> 2026-08-24
  funding: 7478 bars, 2025-10-17 -> 2026-08-24
  taker: 7478 bars, 2025-10-17 -> 2026-08-24

============================================================
[3/4 new] Coinglass endpoints
============================================================
  coinbase_premium: 7353 bars, 2025-10-22 -> 2026-08-24
  bitfinex_margin: 7353 bars, 2025-10-22 -> 2026-08-24
  top_ls_position: 7353 bars, 2025-10-22 -> 2026-08-24
  futures_cvd_agg: 7353 bars, 2025-10-22 -> 2026-08-24
  spot_cvd_agg: 7353 bars, 2025-10-22 -> 2026-08-24
  liq_agg: 7353 bars, 2025-10-22 -> 2026-08-24
  oi_coin_margin: 4353 bars, 2026-02-24 -> 2026-08-24

============================================================
[4/4] Deribit DVOL 1h backfill
============================================================
  Existing: 9176 bars, ends at 2026-08-23 19:00:00+00:00
  iter 0: +26 rows, earliest=2026-08-23 19:00:00+00:00
  Updated: 9201 bars, 2025-08-06 12:00:00+00:00 -> 2026-08-24 20:00:00+00:00

============================================================
DONE - all parquet files updated
============================================================
[2026/08/25 ¶g¤G  4:00:19.91] step1.6 refresh_fng (weakness-#2 revival) 

============================================================
[2/3] CG Fear & Greed index (daily)
============================================================
  saved 3105 days, 2018-02-01 â†’ 2026-08-24
refresh_fng: OK
[2026/08/25 ¶g¤G  4:00:21.16] step3 export_depth_deltas 
exported 959771 rows (2026-07-09 05:23:00 -> 2026-08-24 19:59:00 UTC) -> C:\Users\rfo\Desktop\flowbot\flow_system\market_data\raw_data\depth_deltas_1m.parquet
[2026/08/25 ¶g¤G  4:00:45.55] step4 backup data_collector --light 
2026-08-25 04:00:45,676 [INFO] Data Collector ¡X mode: light
2026-08-25 04:00:45,676 [INFO] Source: C:\Users\rfo\Desktop\flowbot\flow_system
2026-08-25 04:00:45,676 [INFO] Destination: D:\flowbot_data
2026-08-25 04:00:45,677 [INFO] === Coinglass data ===
2026-08-25 04:00:45,727 [INFO]   Coinglass: 6 copied, 6 skipped, 957.1 KB
2026-08-25 04:00:45,727 [INFO] === Binance metrics ===
2026-08-25 04:00:45,728 [INFO]   Metrics: 0 copied, 1 skipped, 0 B
2026-08-25 04:00:45,728 [INFO] === Funding rate ===
2026-08-25 04:00:45,730 [INFO]   Funding: 0 copied, 3 skipped, 0 B
2026-08-25 04:00:45,730 [INFO] === Klines ===
2026-08-25 04:00:45,766 [INFO]   Klines: 0 copied, 92 skipped, 0 B
2026-08-25 04:00:45,766 [INFO] === Processed ML data ===
2026-08-25 04:00:45,766 [INFO]   Processed: 0 copied, 0 skipped, 0 B
2026-08-25 04:00:45,776 [INFO] 
Manifest saved: D:\flowbot_data\manifest.json
2026-08-25 04:00:45,776 [INFO] Total copied: 6 files, 957.1 KB
2026-08-25 04:00:45,776 [INFO] Destination total: 49.1 MB
[2026/08/25 ¶g¤G  4:00:45.78] ===== done FAILED=0 ===== 
[2026/08/26 ¶g¤T  4:00:01.49] ===== daily_collect start ===== 
[2026/08/26 ¶g¤T  4:00:01.50] step1 coinglass_backfill 
2026-08-26 04:00:02,426 [INFO] === OI History: BTC (BTCUSDT) Binance 1h ===
2026-08-26 04:00:02,687 [INFO] OI: 4000 rows fetched
2026-08-26 04:00:02,777 [INFO] Saved: C:\Users\rfo\Desktop\flowbot\flow_system\market_data\raw_data\coinglass\oi_BTC_Binance_1h.parquet (4000 rows)
2026-08-26 04:00:02,777 [INFO] === OI Aggregated: BTC 1h ===
2026-08-26 04:00:02,997 [INFO] OI Aggregated: 4000 rows
2026-08-26 04:00:03,016 [INFO] Saved: C:\Users\rfo\Desktop\flowbot\flow_system\market_data\raw_data\coinglass\oi_agg_BTC_Binance_1h.parquet (4000 rows)
2026-08-26 04:00:03,016 [INFO] === Liquidation: BTC (BTCUSDT) Binance 1h ===
2026-08-26 04:00:03,134 [INFO] Liquidation: 4000 rows
2026-08-26 04:00:03,143 [INFO] Saved: C:\Users\rfo\Desktop\flowbot\flow_system\market_data\raw_data\coinglass\liquidation_BTC_Binance_1h.parquet (4000 rows)
2026-08-26 04:00:03,143 [INFO] === Long/Short Ratio: BTC (BTCUSDT) Binance 1h ===
2026-08-26 04:00:03,233 [INFO] Long/Short: 4000 rows
2026-08-26 04:00:03,240 [INFO] Saved: C:\Users\rfo\Desktop\flowbot\flow_system\market_data\raw_data\coinglass\long_short_BTC_Binance_1h.parquet (4000 rows)
2026-08-26 04:00:03,240 [INFO] === Funding Rate: BTC (BTCUSDT) Binance 1h ===
2026-08-26 04:00:03,422 [INFO] Funding: 4000 rows
2026-08-26 04:00:03,433 [INFO] Saved: C:\Users\rfo\Desktop\flowbot\flow_system\market_data\raw_data\coinglass\funding_BTC_Binance_1h.parquet (4000 rows)
2026-08-26 04:00:03,434 [INFO] === Taker Buy/Sell: BTC (BTCUSDT) Binance 1h ===
2026-08-26 04:00:03,535 [INFO] Taker: 4000 rows
2026-08-26 04:00:03,544 [INFO] Saved: C:\Users\rfo\Desktop\flowbot\flow_system\market_data\raw_data\coinglass\taker_BTC_Binance_1h.parquet (4000 rows)
2026-08-26 04:00:03,544 [INFO] Done. Files saved to C:\Users\rfo\Desktop\flowbot\flow_system\market_data\raw_data\coinglass
[2026/08/26 ¶g¤T  4:00:03.60] step2 research backfill_all_parquet 
============================================================
[1/3] Binance klines 1h backfill
============================================================
  Existing: 7484 bars, ends at 2026-08-24 19:00:00+00:00
  Fetched 24 bars up to 2026-08-25 19:00:00+00:00
  Updated: 7508 bars, 2025-10-17 00:00:00+00:00 -> 2026-08-25 19:00:00+00:00

============================================================
[2/4 existing] Coinglass endpoints
============================================================
  oi: 7502 bars, 2025-10-17 -> 2026-08-25
  oi_agg: 7502 bars, 2025-10-17 -> 2026-08-25
  liquidation: 7502 bars, 2025-10-17 -> 2026-08-25
  long_short: 7502 bars, 2025-10-17 -> 2026-08-25
  global_ls: 7502 bars, 2025-10-17 -> 2026-08-25
  funding: 7502 bars, 2025-10-17 -> 2026-08-25
  taker: 7502 bars, 2025-10-17 -> 2026-08-25

============================================================
[3/4 new] Coinglass endpoints
============================================================
  coinbase_premium: 7377 bars, 2025-10-22 -> 2026-08-25
  bitfinex_margin: 7377 bars, 2025-10-22 -> 2026-08-25
  top_ls_position: 7377 bars, 2025-10-22 -> 2026-08-25
  futures_cvd_agg: 7377 bars, 2025-10-22 -> 2026-08-25
  spot_cvd_agg: 7377 bars, 2025-10-22 -> 2026-08-25
  liq_agg: 7377 bars, 2025-10-22 -> 2026-08-25
  oi_coin_margin: 4377 bars, 2026-02-24 -> 2026-08-25

============================================================
[4/4] Deribit DVOL 1h backfill
============================================================
  Existing: 9201 bars, ends at 2026-08-24 20:00:00+00:00
  iter 0: +24 rows, earliest=2026-08-24 20:00:00+00:00
  Updated: 9224 bars, 2025-08-06 12:00:00+00:00 -> 2026-08-25 19:00:00+00:00

============================================================
DONE - all parquet files updated
============================================================
[2026/08/26 ¶g¤T  4:00:19.36] step1.6 refresh_fng (weakness-#2 revival) 

============================================================
[2/3] CG Fear & Greed index (daily)
============================================================
  saved 3106 days, 2018-02-01 â†’ 2026-08-25
refresh_fng: OK
[2026/08/26 ¶g¤T  4:00:20.42] step3 export_depth_deltas 
exported 988571 rows (2026-07-09 05:23:00 -> 2026-08-25 19:59:00 UTC) -> C:\Users\rfo\Desktop\flowbot\flow_system\market_data\raw_data\depth_deltas_1m.parquet
[2026/08/26 ¶g¤T  4:00:46.87] step4 backup data_collector --light 
2026-08-26 04:00:46,999 [INFO] Data Collector ¡X mode: light
2026-08-26 04:00:47,000 [INFO] Source: C:\Users\rfo\Desktop\flowbot\flow_system
2026-08-26 04:00:47,000 [INFO] Destination: D:\flowbot_data
2026-08-26 04:00:47,000 [INFO] === Coinglass data ===
2026-08-26 04:00:47,055 [INFO]   Coinglass: 6 copied, 6 skipped, 958.5 KB
2026-08-26 04:00:47,055 [INFO] === Binance metrics ===
2026-08-26 04:00:47,057 [INFO]   Metrics: 0 copied, 1 skipped, 0 B
2026-08-26 04:00:47,057 [INFO] === Funding rate ===
2026-08-26 04:00:47,059 [INFO]   Funding: 0 copied, 3 skipped, 0 B
2026-08-26 04:00:47,059 [INFO] === Klines ===
2026-08-26 04:00:47,100 [INFO]   Klines: 0 copied, 92 skipped, 0 B
2026-08-26 04:00:47,100 [INFO] === Processed ML data ===
2026-08-26 04:00:47,100 [INFO]   Processed: 0 copied, 0 skipped, 0 B
2026-08-26 04:00:47,111 [INFO] 
Manifest saved: D:\flowbot_data\manifest.json
2026-08-26 04:00:47,111 [INFO] Total copied: 6 files, 958.5 KB
2026-08-26 04:00:47,111 [INFO] Destination total: 49.1 MB
[2026/08/26 ¶g¤T  4:00:47.11] ===== done FAILED=0 ===== 
[2026/08/27 ¶g¥|  4:00:01.40] ===== daily_collect start ===== 
[2026/08/27 ¶g¥|  4:00:01.41] step1 coinglass_backfill 
2026-08-27 04:00:02,362 [INFO] === OI History: BTC (BTCUSDT) Binance 1h ===
2026-08-27 04:00:02,630 [INFO] OI: 4000 rows fetched
2026-08-27 04:00:02,756 [INFO] Saved: C:\Users\rfo\Desktop\flowbot\flow_system\market_data\raw_data\coinglass\oi_BTC_Binance_1h.parquet (4000 rows)
2026-08-27 04:00:02,756 [INFO] === OI Aggregated: BTC 1h ===
2026-08-27 04:00:02,975 [INFO] OI Aggregated: 4000 rows
2026-08-27 04:00:02,988 [INFO] Saved: C:\Users\rfo\Desktop\flowbot\flow_system\market_data\raw_data\coinglass\oi_agg_BTC_Binance_1h.parquet (4000 rows)
2026-08-27 04:00:02,988 [INFO] === Liquidation: BTC (BTCUSDT) Binance 1h ===
2026-08-27 04:00:03,101 [INFO] Liquidation: 4000 rows
2026-08-27 04:00:03,112 [INFO] Saved: C:\Users\rfo\Desktop\flowbot\flow_system\market_data\raw_data\coinglass\liquidation_BTC_Binance_1h.parquet (4000 rows)
2026-08-27 04:00:03,112 [INFO] === Long/Short Ratio: BTC (BTCUSDT) Binance 1h ===
2026-08-27 04:00:03,201 [INFO] Long/Short: 4000 rows
2026-08-27 04:00:03,208 [INFO] Saved: C:\Users\rfo\Desktop\flowbot\flow_system\market_data\raw_data\coinglass\long_short_BTC_Binance_1h.parquet (4000 rows)
2026-08-27 04:00:03,208 [INFO] === Funding Rate: BTC (BTCUSDT) Binance 1h ===
2026-08-27 04:00:03,315 [INFO] Funding: 4000 rows
2026-08-27 04:00:03,326 [INFO] Saved: C:\Users\rfo\Desktop\flowbot\flow_system\market_data\raw_data\coinglass\funding_BTC_Binance_1h.parquet (4000 rows)
2026-08-27 04:00:03,327 [INFO] === Taker Buy/Sell: BTC (BTCUSDT) Binance 1h ===
2026-08-27 04:00:03,517 [INFO] Taker: 4000 rows
2026-08-27 04:00:03,526 [INFO] Saved: C:\Users\rfo\Desktop\flowbot\flow_system\market_data\raw_data\coinglass\taker_BTC_Binance_1h.parquet (4000 rows)
2026-08-27 04:00:03,526 [INFO] Done. Files saved to C:\Users\rfo\Desktop\flowbot\flow_system\market_data\raw_data\coinglass
[2026/08/27 ¶g¥|  4:00:03.58] step2 research backfill_all_parquet 
============================================================
[1/3] Binance klines 1h backfill
============================================================
  Existing: 7508 bars, ends at 2026-08-25 19:00:00+00:00
  Fetched 24 bars up to 2026-08-26 19:00:00+00:00
  Updated: 7532 bars, 2025-10-17 00:00:00+00:00 -> 2026-08-26 19:00:00+00:00

============================================================
[2/4 existing] Coinglass endpoints
============================================================
  oi: 7526 bars, 2025-10-17 -> 2026-08-26
  oi_agg: 7526 bars, 2025-10-17 -> 2026-08-26
  liquidation: 7526 bars, 2025-10-17 -> 2026-08-26
  long_short: 7526 bars, 2025-10-17 -> 2026-08-26
  global_ls: 7526 bars, 2025-10-17 -> 2026-08-26
  funding: 7526 bars, 2025-10-17 -> 2026-08-26
  taker: 7526 bars, 2025-10-17 -> 2026-08-26

============================================================
[3/4 new] Coinglass endpoints
============================================================
  coinbase_premium: 7401 bars, 2025-10-22 -> 2026-08-26
  bitfinex_margin: 7401 bars, 2025-10-22 -> 2026-08-26
  top_ls_position: 7401 bars, 2025-10-22 -> 2026-08-26
  futures_cvd_agg: 7401 bars, 2025-10-22 -> 2026-08-26
  spot_cvd_agg: 7401 bars, 2025-10-22 -> 2026-08-26
  liq_agg: 7401 bars, 2025-10-22 -> 2026-08-26
  oi_coin_margin: 4401 bars, 2026-02-24 -> 2026-08-26

============================================================
[4/4] Deribit DVOL 1h backfill
============================================================
  Existing: 9224 bars, ends at 2026-08-25 19:00:00+00:00
  iter 0: +26 rows, earliest=2026-08-25 19:00:00+00:00
  Updated: 9249 bars, 2025-08-06 12:00:00+00:00 -> 2026-08-26 20:00:00+00:00

============================================================
DONE - all parquet files updated
============================================================
[2026/08/27 ¶g¥|  4:00:19.36] step1.6 refresh_fng (weakness-#2 revival) 

============================================================
[2/3] CG Fear & Greed index (daily)
============================================================
  saved 3107 days, 2018-02-01 â†’ 2026-08-26
refresh_fng: OK
[2026/08/27 ¶g¥|  4:00:20.41] step3 export_depth_deltas 
exported 1017371 rows (2026-07-09 05:23:00 -> 2026-08-26 19:59:00 UTC) -> C:\Users\rfo\Desktop\flowbot\flow_system\market_data\raw_data\depth_deltas_1m.parquet
[2026/08/27 ¶g¥|  4:00:47.06] step4 backup data_collector --light 
2026-08-27 04:00:47,251 [INFO] Data Collector ¡X mode: light
2026-08-27 04:00:47,251 [INFO] Source: C:\Users\rfo\Desktop\flowbot\flow_system
2026-08-27 04:00:47,251 [INFO] Destination: D:\flowbot_data
2026-08-27 04:00:47,252 [INFO] === Coinglass data ===
2026-08-27 04:00:47,360 [INFO]   Coinglass: 6 copied, 6 skipped, 954.3 KB
2026-08-27 04:00:47,360 [INFO] === Binance metrics ===
2026-08-27 04:00:47,361 [INFO]   Metrics: 0 copied, 1 skipped, 0 B
2026-08-27 04:00:47,361 [INFO] === Funding rate ===
2026-08-27 04:00:47,362 [INFO]   Funding: 0 copied, 3 skipped, 0 B
2026-08-27 04:00:47,363 [INFO] === Klines ===
2026-08-27 04:00:47,404 [INFO]   Klines: 0 copied, 92 skipped, 0 B
2026-08-27 04:00:47,404 [INFO] === Processed ML data ===
2026-08-27 04:00:47,404 [INFO]   Processed: 0 copied, 0 skipped, 0 B
2026-08-27 04:00:47,416 [INFO] 
Manifest saved: D:\flowbot_data\manifest.json
2026-08-27 04:00:47,416 [INFO] Total copied: 6 files, 954.3 KB
2026-08-27 04:00:47,416 [INFO] Destination total: 49.1 MB
[2026/08/27 ¶g¥|  4:00:47.42] ===== done FAILED=0 ===== 
[2026/08/28 ¶g¤­  4:00:01.37] ===== daily_collect start ===== 
[2026/08/28 ¶g¤­  4:00:01.38] step1 coinglass_backfill 
2026-08-28 04:00:02,319 [INFO] === OI History: BTC (BTCUSDT) Binance 1h ===
2026-08-28 04:00:02,619 [INFO] OI: 4000 rows fetched
2026-08-28 04:00:02,756 [INFO] Saved: C:\Users\rfo\Desktop\flowbot\flow_system\market_data\raw_data\coinglass\oi_BTC_Binance_1h.parquet (4000 rows)
2026-08-28 04:00:02,756 [INFO] === OI Aggregated: BTC 1h ===
2026-08-28 04:00:02,909 [INFO] OI Aggregated: 4000 rows
2026-08-28 04:00:02,927 [INFO] Saved: C:\Users\rfo\Desktop\flowbot\flow_system\market_data\raw_data\coinglass\oi_agg_BTC_Binance_1h.parquet (4000 rows)
2026-08-28 04:00:02,927 [INFO] === Liquidation: BTC (BTCUSDT) Binance 1h ===
2026-08-28 04:00:03,017 [INFO] Liquidation: 4000 rows
2026-08-28 04:00:03,028 [INFO] Saved: C:\Users\rfo\Desktop\flowbot\flow_system\market_data\raw_data\coinglass\liquidation_BTC_Binance_1h.parquet (4000 rows)
2026-08-28 04:00:03,028 [INFO] === Long/Short Ratio: BTC (BTCUSDT) Binance 1h ===
2026-08-28 04:00:03,123 [INFO] Long/Short: 4000 rows
2026-08-28 04:00:03,131 [INFO] Saved: C:\Users\rfo\Desktop\flowbot\flow_system\market_data\raw_data\coinglass\long_short_BTC_Binance_1h.parquet (4000 rows)
2026-08-28 04:00:03,131 [INFO] === Funding Rate: BTC (BTCUSDT) Binance 1h ===
2026-08-28 04:00:03,231 [INFO] Funding: 4000 rows
2026-08-28 04:00:03,246 [INFO] Saved: C:\Users\rfo\Desktop\flowbot\flow_system\market_data\raw_data\coinglass\funding_BTC_Binance_1h.parquet (4000 rows)
2026-08-28 04:00:03,246 [INFO] === Taker Buy/Sell: BTC (BTCUSDT) Binance 1h ===
2026-08-28 04:00:03,335 [INFO] Taker: 4000 rows
2026-08-28 04:00:03,346 [INFO] Saved: C:\Users\rfo\Desktop\flowbot\flow_system\market_data\raw_data\coinglass\taker_BTC_Binance_1h.parquet (4000 rows)
2026-08-28 04:00:03,346 [INFO] Done. Files saved to C:\Users\rfo\Desktop\flowbot\flow_system\market_data\raw_data\coinglass
[2026/08/28 ¶g¤­  4:00:03.42] step2 research backfill_all_parquet 
============================================================
[1/3] Binance klines 1h backfill
============================================================
  Existing: 7532 bars, ends at 2026-08-26 19:00:00+00:00
  Fetched 24 bars up to 2026-08-27 19:00:00+00:00
  Updated: 7556 bars, 2025-10-17 00:00:00+00:00 -> 2026-08-27 19:00:00+00:00

============================================================
[2/4 existing] Coinglass endpoints
============================================================
  oi: 7550 bars, 2025-10-17 -> 2026-08-27
  oi_agg: 7550 bars, 2025-10-17 -> 2026-08-27
  liquidation: 7550 bars, 2025-10-17 -> 2026-08-27
  long_short: 7550 bars, 2025-10-17 -> 2026-08-27
  global_ls: 7550 bars, 2025-10-17 -> 2026-08-27
  funding: 7550 bars, 2025-10-17 -> 2026-08-27
  taker: 7550 bars, 2025-10-17 -> 2026-08-27

============================================================
[3/4 new] Coinglass endpoints
============================================================
  coinbase_premium: 7425 bars, 2025-10-22 -> 2026-08-27
  bitfinex_margin: 7425 bars, 2025-10-22 -> 2026-08-27
  top_ls_position: 7425 bars, 2025-10-22 -> 2026-08-27
  futures_cvd_agg: 7425 bars, 2025-10-22 -> 2026-08-27
  spot_cvd_agg: 7425 bars, 2025-10-22 -> 2026-08-27
  liq_agg: 7425 bars, 2025-10-22 -> 2026-08-27
  oi_coin_margin: 4425 bars, 2026-02-24 -> 2026-08-27

============================================================
[4/4] Deribit DVOL 1h backfill
============================================================
  Existing: 9249 bars, ends at 2026-08-26 20:00:00+00:00
  iter 0: +24 rows, earliest=2026-08-26 20:00:00+00:00
  Updated: 9272 bars, 2025-08-06 12:00:00+00:00 -> 2026-08-27 19:00:00+00:00

============================================================
DONE - all parquet files updated
============================================================
[2026/08/28 ¶g¤­  4:00:19.28] step1.6 refresh_fng (weakness-#2 revival) 

============================================================
[2/3] CG Fear & Greed index (daily)
============================================================
  saved 3108 days, 2018-02-01 â†’ 2026-08-27
refresh_fng: OK
[2026/08/28 ¶g¤­  4:00:20.29] step3 export_depth_deltas 
exported 1046171 rows (2026-07-09 05:23:00 -> 2026-08-27 19:59:00 UTC) -> C:\Users\rfo\Desktop\flowbot\flow_system\market_data\raw_data\depth_deltas_1m.parquet
[2026/08/28 ¶g¤­  4:00:47.57] step4 backup data_collector --light 
2026-08-28 04:00:47,706 [INFO] Data Collector ¡X mode: light
2026-08-28 04:00:47,708 [INFO] Source: C:\Users\rfo\Desktop\flowbot\flow_system
2026-08-28 04:00:47,709 [INFO] Destination: D:\flowbot_data
2026-08-28 04:00:47,709 [INFO] === Coinglass data ===
2026-08-28 04:00:47,758 [INFO]   Coinglass: 6 copied, 6 skipped, 958.4 KB
2026-08-28 04:00:47,759 [INFO] === Binance metrics ===
2026-08-28 04:00:47,760 [INFO]   Metrics: 0 copied, 1 skipped, 0 B
2026-08-28 04:00:47,760 [INFO] === Funding rate ===
2026-08-28 04:00:47,762 [INFO]   Funding: 0 copied, 3 skipped, 0 B
2026-08-28 04:00:47,762 [INFO] === Klines ===
2026-08-28 04:00:47,801 [INFO]   Klines: 0 copied, 92 skipped, 0 B
2026-08-28 04:00:47,801 [INFO] === Processed ML data ===
2026-08-28 04:00:47,801 [INFO]   Processed: 0 copied, 0 skipped, 0 B
2026-08-28 04:00:47,811 [INFO] 
Manifest saved: D:\flowbot_data\manifest.json
2026-08-28 04:00:47,811 [INFO] Total copied: 6 files, 958.4 KB
2026-08-28 04:00:47,811 [INFO] Destination total: 49.1 MB
[2026/08/28 ¶g¤­  4:00:47.81] ===== done FAILED=0 ===== 
[2026/08/29 ¶g¤»  4:00:01.41] ===== daily_collect start ===== 
[2026/08/29 ¶g¤»  4:00:01.42] step1 coinglass_backfill 
2026-08-29 04:00:03,202 [INFO] === OI History: BTC (BTCUSDT) Binance 1h ===
2026-08-29 04:00:03,446 [INFO] OI: 4000 rows fetched
2026-08-29 04:00:03,636 [INFO] Saved: C:\Users\rfo\Desktop\flowbot\flow_system\market_data\raw_data\coinglass\oi_BTC_Binance_1h.parquet (4000 rows)
2026-08-29 04:00:03,636 [INFO] === OI Aggregated: BTC 1h ===
2026-08-29 04:00:03,842 [INFO] OI Aggregated: 4000 rows
2026-08-29 04:00:03,856 [INFO] Saved: C:\Users\rfo\Desktop\flowbot\flow_system\market_data\raw_data\coinglass\oi_agg_BTC_Binance_1h.parquet (4000 rows)
2026-08-29 04:00:03,857 [INFO] === Liquidation: BTC (BTCUSDT) Binance 1h ===
2026-08-29 04:00:03,972 [INFO] Liquidation: 4000 rows
2026-08-29 04:00:03,985 [INFO] Saved: C:\Users\rfo\Desktop\flowbot\flow_system\market_data\raw_data\coinglass\liquidation_BTC_Binance_1h.parquet (4000 rows)
2026-08-29 04:00:03,985 [INFO] === Long/Short Ratio: BTC (BTCUSDT) Binance 1h ===
2026-08-29 04:00:04,113 [INFO] Long/Short: 4000 rows
2026-08-29 04:00:04,119 [INFO] Saved: C:\Users\rfo\Desktop\flowbot\flow_system\market_data\raw_data\coinglass\long_short_BTC_Binance_1h.parquet (4000 rows)
2026-08-29 04:00:04,119 [INFO] === Funding Rate: BTC (BTCUSDT) Binance 1h ===
2026-08-29 04:00:04,250 [INFO] Funding: 4000 rows
2026-08-29 04:00:04,263 [INFO] Saved: C:\Users\rfo\Desktop\flowbot\flow_system\market_data\raw_data\coinglass\funding_BTC_Binance_1h.parquet (4000 rows)
2026-08-29 04:00:04,263 [INFO] === Taker Buy/Sell: BTC (BTCUSDT) Binance 1h ===
2026-08-29 04:00:04,379 [INFO] Taker: 4000 rows
2026-08-29 04:00:04,388 [INFO] Saved: C:\Users\rfo\Desktop\flowbot\flow_system\market_data\raw_data\coinglass\taker_BTC_Binance_1h.parquet (4000 rows)
2026-08-29 04:00:04,388 [INFO] Done. Files saved to C:\Users\rfo\Desktop\flowbot\flow_system\market_data\raw_data\coinglass
[2026/08/29 ¶g¤»  4:00:04.46] step2 research backfill_all_parquet 
============================================================
[1/3] Binance klines 1h backfill
============================================================
  Existing: 7556 bars, ends at 2026-08-27 19:00:00+00:00
  Fetched 24 bars up to 2026-08-28 19:00:00+00:00
  Fetched 0 bars up to N/A
  Updated: 7580 bars, 2025-10-17 00:00:00+00:00 -> 2026-08-28 19:00:00+00:00

============================================================
[2/4 existing] Coinglass endpoints
============================================================
  oi: 7574 bars, 2025-10-17 -> 2026-08-28
  oi_agg: 7574 bars, 2025-10-17 -> 2026-08-28
  liquidation: 7574 bars, 2025-10-17 -> 2026-08-28
  long_short: 7574 bars, 2025-10-17 -> 2026-08-28
  global_ls: 7574 bars, 2025-10-17 -> 2026-08-28
  funding: 7574 bars, 2025-10-17 -> 2026-08-28
  taker: 7574 bars, 2025-10-17 -> 2026-08-28

============================================================
[3/4 new] Coinglass endpoints
============================================================
  coinbase_premium: 7449 bars, 2025-10-22 -> 2026-08-28
  bitfinex_margin: 7449 bars, 2025-10-22 -> 2026-08-28
  top_ls_position: 7449 bars, 2025-10-22 -> 2026-08-28
  futures_cvd_agg: 7449 bars, 2025-10-22 -> 2026-08-28
  spot_cvd_agg: 7449 bars, 2025-10-22 -> 2026-08-28
  liq_agg: 7449 bars, 2025-10-22 -> 2026-08-28
  oi_coin_margin: 4449 bars, 2026-02-24 -> 2026-08-28

============================================================
[4/4] Deribit DVOL 1h backfill
============================================================
  Existing: 9272 bars, ends at 2026-08-27 19:00:00+00:00
  iter 0: +26 rows, earliest=2026-08-27 19:00:00+00:00
  Updated: 9297 bars, 2025-08-06 12:00:00+00:00 -> 2026-08-28 20:00:00+00:00

============================================================
DONE - all parquet files updated
============================================================
[2026/08/29 ¶g¤»  4:00:20.80] step1.6 refresh_fng (weakness-#2 revival) 

============================================================
[2/3] CG Fear & Greed index (daily)
============================================================
  saved 3109 days, 2018-02-01 â†’ 2026-08-28
refresh_fng: OK
[2026/08/29 ¶g¤»  4:00:21.91] step3 export_depth_deltas 
exported 1074971 rows (2026-07-09 05:23:00 -> 2026-08-28 19:59:00 UTC) -> C:\Users\rfo\Desktop\flowbot\flow_system\market_data\raw_data\depth_deltas_1m.parquet
[2026/08/29 ¶g¤»  4:00:48.86] step4 backup data_collector --light 
2026-08-29 04:00:48,998 [INFO] Data Collector ¡X mode: light
2026-08-29 04:00:48,998 [INFO] Source: C:\Users\rfo\Desktop\flowbot\flow_system
2026-08-29 04:00:48,998 [INFO] Destination: D:\flowbot_data
2026-08-29 04:00:48,999 [INFO] === Coinglass data ===
2026-08-29 04:00:49,048 [INFO]   Coinglass: 6 copied, 6 skipped, 958.4 KB
2026-08-29 04:00:49,048 [INFO] === Binance metrics ===
2026-08-29 04:00:49,049 [INFO]   Metrics: 0 copied, 1 skipped, 0 B
2026-08-29 04:00:49,049 [INFO] === Funding rate ===
2026-08-29 04:00:49,051 [INFO]   Funding: 0 copied, 3 skipped, 0 B
2026-08-29 04:00:49,051 [INFO] === Klines ===
2026-08-29 04:00:49,093 [INFO]   Klines: 0 copied, 92 skipped, 0 B
2026-08-29 04:00:49,093 [INFO] === Processed ML data ===
2026-08-29 04:00:49,093 [INFO]   Processed: 0 copied, 0 skipped, 0 B
2026-08-29 04:00:49,103 [INFO] 
Manifest saved: D:\flowbot_data\manifest.json
2026-08-29 04:00:49,103 [INFO] Total copied: 6 files, 958.4 KB
2026-08-29 04:00:49,103 [INFO] Destination total: 49.1 MB
[2026/08/29 ¶g¤»  4:00:49.11] ===== done FAILED=0 ===== 
[2026/08/30 ¶g¤é  4:00:01.55] ===== daily_collect start ===== 
[2026/08/30 ¶g¤é  4:00:01.57] step1 coinglass_backfill 
2026-08-30 04:00:02,474 [INFO] === OI History: BTC (BTCUSDT) Binance 1h ===
2026-08-30 04:00:02,802 [INFO] OI: 4000 rows fetched
2026-08-30 04:00:02,881 [INFO] Saved: C:\Users\rfo\Desktop\flowbot\flow_system\market_data\raw_data\coinglass\oi_BTC_Binance_1h.parquet (4000 rows)
2026-08-30 04:00:02,881 [INFO] === OI Aggregated: BTC 1h ===
2026-08-30 04:00:03,133 [INFO] OI Aggregated: 4000 rows
2026-08-30 04:00:03,145 [INFO] Saved: C:\Users\rfo\Desktop\flowbot\flow_system\market_data\raw_data\coinglass\oi_agg_BTC_Binance_1h.parquet (4000 rows)
2026-08-30 04:00:03,145 [INFO] === Liquidation: BTC (BTCUSDT) Binance 1h ===
2026-08-30 04:00:03,261 [INFO] Liquidation: 4000 rows
2026-08-30 04:00:03,270 [INFO] Saved: C:\Users\rfo\Desktop\flowbot\flow_system\market_data\raw_data\coinglass\liquidation_BTC_Binance_1h.parquet (4000 rows)
2026-08-30 04:00:03,270 [INFO] === Long/Short Ratio: BTC (BTCUSDT) Binance 1h ===
2026-08-30 04:00:03,448 [INFO] Long/Short: 4000 rows
2026-08-30 04:00:03,456 [INFO] Saved: C:\Users\rfo\Desktop\flowbot\flow_system\market_data\raw_data\coinglass\long_short_BTC_Binance_1h.parquet (4000 rows)
2026-08-30 04:00:03,456 [INFO] === Funding Rate: BTC (BTCUSDT) Binance 1h ===
2026-08-30 04:00:03,574 [INFO] Funding: 4000 rows
2026-08-30 04:00:03,587 [INFO] Saved: C:\Users\rfo\Desktop\flowbot\flow_system\market_data\raw_data\coinglass\funding_BTC_Binance_1h.parquet (4000 rows)
2026-08-30 04:00:03,587 [INFO] === Taker Buy/Sell: BTC (BTCUSDT) Binance 1h ===
2026-08-30 04:00:03,751 [INFO] Taker: 4000 rows
2026-08-30 04:00:03,760 [INFO] Saved: C:\Users\rfo\Desktop\flowbot\flow_system\market_data\raw_data\coinglass\taker_BTC_Binance_1h.parquet (4000 rows)
2026-08-30 04:00:03,760 [INFO] Done. Files saved to C:\Users\rfo\Desktop\flowbot\flow_system\market_data\raw_data\coinglass
[2026/08/30 ¶g¤é  4:00:03.82] step2 research backfill_all_parquet 
============================================================
[1/3] Binance klines 1h backfill
============================================================
  Existing: 7580 bars, ends at 2026-08-28 19:00:00+00:00
  Fetched 24 bars up to 2026-08-29 19:00:00+00:00
  Fetched 0 bars up to N/A
  Updated: 7604 bars, 2025-10-17 00:00:00+00:00 -> 2026-08-29 19:00:00+00:00

============================================================
[2/4 existing] Coinglass endpoints
============================================================
  oi: 7598 bars, 2025-10-17 -> 2026-08-29
  oi_agg: 7598 bars, 2025-10-17 -> 2026-08-29
  liquidation: 7598 bars, 2025-10-17 -> 2026-08-29
  long_short: 7598 bars, 2025-10-17 -> 2026-08-29
  global_ls: 7598 bars, 2025-10-17 -> 2026-08-29
  funding: 7598 bars, 2025-10-17 -> 2026-08-29
  taker: 7598 bars, 2025-10-17 -> 2026-08-29

============================================================
[3/4 new] Coinglass endpoints
============================================================
  coinbase_premium: 7473 bars, 2025-10-22 -> 2026-08-29
  bitfinex_margin: 7473 bars, 2025-10-22 -> 2026-08-29
  top_ls_position: 7473 bars, 2025-10-22 -> 2026-08-29
  futures_cvd_agg: 7473 bars, 2025-10-22 -> 2026-08-29
  spot_cvd_agg: 7473 bars, 2025-10-22 -> 2026-08-29
  liq_agg: 7473 bars, 2025-10-22 -> 2026-08-29
  oi_coin_margin: 4473 bars, 2026-02-24 -> 2026-08-29

============================================================
[4/4] Deribit DVOL 1h backfill
============================================================
  Existing: 9297 bars, ends at 2026-08-28 20:00:00+00:00
  iter 0: +25 rows, earliest=2026-08-28 20:00:00+00:00
  Updated: 9321 bars, 2025-08-06 12:00:00+00:00 -> 2026-08-29 20:00:00+00:00

============================================================
DONE - all parquet files updated
============================================================
[2026/08/30 ¶g¤é  4:00:19.56] step1.6 refresh_fng (weakness-#2 revival) 

============================================================
[2/3] CG Fear & Greed index (daily)
============================================================
  saved 3110 days, 2018-02-01 â†’ 2026-08-29
refresh_fng: OK
[2026/08/30 ¶g¤é  4:00:20.55] step3 export_depth_deltas 
exported 1103771 rows (2026-07-09 05:23:00 -> 2026-08-29 19:59:00 UTC) -> C:\Users\rfo\Desktop\flowbot\flow_system\market_data\raw_data\depth_deltas_1m.parquet
[2026/08/30 ¶g¤é  4:00:48.36] step4 backup data_collector --light 
2026-08-30 04:00:48,486 [INFO] Data Collector ¡X mode: light
2026-08-30 04:00:48,486 [INFO] Source: C:\Users\rfo\Desktop\flowbot\flow_system
2026-08-30 04:00:48,486 [INFO] Destination: D:\flowbot_data
2026-08-30 04:00:48,487 [INFO] === Coinglass data ===
2026-08-30 04:00:48,541 [INFO]   Coinglass: 6 copied, 6 skipped, 955.4 KB
2026-08-30 04:00:48,541 [INFO] === Binance metrics ===
2026-08-30 04:00:48,542 [INFO]   Metrics: 0 copied, 1 skipped, 0 B
2026-08-30 04:00:48,542 [INFO] === Funding rate ===
2026-08-30 04:00:48,543 [INFO]   Funding: 0 copied, 3 skipped, 0 B
2026-08-30 04:00:48,543 [INFO] === Klines ===
2026-08-30 04:00:48,581 [INFO]   Klines: 0 copied, 92 skipped, 0 B
2026-08-30 04:00:48,581 [INFO] === Processed ML data ===
2026-08-30 04:00:48,581 [INFO]   Processed: 0 copied, 0 skipped, 0 B
2026-08-30 04:00:48,590 [INFO] 
Manifest saved: D:\flowbot_data\manifest.json
2026-08-30 04:00:48,590 [INFO] Total copied: 6 files, 955.4 KB
2026-08-30 04:00:48,590 [INFO] Destination total: 49.1 MB
[2026/08/30 ¶g¤é  4:00:48.59] ===== done FAILED=0 ===== 
[2026/08/31 ¶g¤@  4:00:01.36] ===== daily_collect start ===== 
[2026/08/31 ¶g¤@  4:00:01.38] step1 coinglass_backfill 
2026-08-31 04:00:02,539 [INFO] === OI History: BTC (BTCUSDT) Binance 1h ===
2026-08-31 04:00:02,774 [INFO] OI: 4000 rows fetched
2026-08-31 04:00:02,851 [INFO] Saved: C:\Users\rfo\Desktop\flowbot\flow_system\market_data\raw_data\coinglass\oi_BTC_Binance_1h.parquet (4000 rows)
2026-08-31 04:00:02,851 [INFO] === OI Aggregated: BTC 1h ===
2026-08-31 04:00:03,070 [INFO] OI Aggregated: 4000 rows
2026-08-31 04:00:03,084 [INFO] Saved: C:\Users\rfo\Desktop\flowbot\flow_system\market_data\raw_data\coinglass\oi_agg_BTC_Binance_1h.parquet (4000 rows)
2026-08-31 04:00:03,084 [INFO] === Liquidation: BTC (BTCUSDT) Binance 1h ===
2026-08-31 04:00:03,216 [INFO] Liquidation: 4000 rows
2026-08-31 04:00:03,226 [INFO] Saved: C:\Users\rfo\Desktop\flowbot\flow_system\market_data\raw_data\coinglass\liquidation_BTC_Binance_1h.parquet (4000 rows)
2026-08-31 04:00:03,226 [INFO] === Long/Short Ratio: BTC (BTCUSDT) Binance 1h ===
2026-08-31 04:00:03,326 [INFO] Long/Short: 4000 rows
2026-08-31 04:00:03,334 [INFO] Saved: C:\Users\rfo\Desktop\flowbot\flow_system\market_data\raw_data\coinglass\long_short_BTC_Binance_1h.parquet (4000 rows)
2026-08-31 04:00:03,334 [INFO] === Funding Rate: BTC (BTCUSDT) Binance 1h ===
2026-08-31 04:00:03,444 [INFO] Funding: 4000 rows
2026-08-31 04:00:03,458 [INFO] Saved: C:\Users\rfo\Desktop\flowbot\flow_system\market_data\raw_data\coinglass\funding_BTC_Binance_1h.parquet (4000 rows)
2026-08-31 04:00:03,458 [INFO] === Taker Buy/Sell: BTC (BTCUSDT) Binance 1h ===
2026-08-31 04:00:03,545 [INFO] Taker: 4000 rows
2026-08-31 04:00:03,554 [INFO] Saved: C:\Users\rfo\Desktop\flowbot\flow_system\market_data\raw_data\coinglass\taker_BTC_Binance_1h.parquet (4000 rows)
2026-08-31 04:00:03,554 [INFO] Done. Files saved to C:\Users\rfo\Desktop\flowbot\flow_system\market_data\raw_data\coinglass
[2026/08/31 ¶g¤@  4:00:03.61] step2 research backfill_all_parquet 
============================================================
[1/3] Binance klines 1h backfill
============================================================
  Existing: 7604 bars, ends at 2026-08-29 19:00:00+00:00
  Fetched 24 bars up to 2026-08-30 19:00:00+00:00
  Fetched 0 bars up to N/A
  Updated: 7628 bars, 2025-10-17 00:00:00+00:00 -> 2026-08-30 19:00:00+00:00

============================================================
[2/4 existing] Coinglass endpoints
============================================================
  oi: 7622 bars, 2025-10-17 -> 2026-08-30
  oi_agg: 7622 bars, 2025-10-17 -> 2026-08-30
  liquidation: 7622 bars, 2025-10-17 -> 2026-08-30
  long_short: 7622 bars, 2025-10-17 -> 2026-08-30
  global_ls: 7622 bars, 2025-10-17 -> 2026-08-30
  funding: 7622 bars, 2025-10-17 -> 2026-08-30
  taker: 7622 bars, 2025-10-17 -> 2026-08-30

============================================================
[3/4 new] Coinglass endpoints
============================================================
  coinbase_premium: 7497 bars, 2025-10-22 -> 2026-08-30
  bitfinex_margin: 7497 bars, 2025-10-22 -> 2026-08-30
  top_ls_position: 7497 bars, 2025-10-22 -> 2026-08-30
  futures_cvd_agg: 7497 bars, 2025-10-22 -> 2026-08-30
  spot_cvd_agg: 7497 bars, 2025-10-22 -> 2026-08-30
  liq_agg: 7497 bars, 2025-10-22 -> 2026-08-30
  oi_coin_margin: 4497 bars, 2026-02-24 -> 2026-08-30

============================================================
[4/4] Deribit DVOL 1h backfill
============================================================
  Existing: 9321 bars, ends at 2026-08-29 20:00:00+00:00
  iter 0: +25 rows, earliest=2026-08-29 20:00:00+00:00
  Updated: 9345 bars, 2025-08-06 12:00:00+00:00 -> 2026-08-30 20:00:00+00:00

============================================================
DONE - all parquet files updated
============================================================
[2026/08/31 ¶g¤@  4:00:19.66] step1.6 refresh_fng (weakness-#2 revival) 

============================================================
[2/3] CG Fear & Greed index (daily)
============================================================
  saved 3111 days, 2018-02-01 â†’ 2026-08-30
refresh_fng: OK
[2026/08/31 ¶g¤@  4:00:20.74] step3 export_depth_deltas 
exported 1132571 rows (2026-07-09 05:23:00 -> 2026-08-30 19:59:00 UTC) -> C:\Users\rfo\Desktop\flowbot\flow_system\market_data\raw_data\depth_deltas_1m.parquet
[2026/08/31 ¶g¤@  4:00:49.16] step4 backup data_collector --light 
2026-08-31 04:00:49,283 [INFO] Data Collector ¡X mode: light
2026-08-31 04:00:49,283 [INFO] Source: C:\Users\rfo\Desktop\flowbot\flow_system
2026-08-31 04:00:49,283 [INFO] Destination: D:\flowbot_data
2026-08-31 04:00:49,284 [INFO] === Coinglass data ===
2026-08-31 04:00:49,341 [INFO]   Coinglass: 6 copied, 6 skipped, 957.0 KB
2026-08-31 04:00:49,341 [INFO] === Binance metrics ===
2026-08-31 04:00:49,342 [INFO]   Metrics: 0 copied, 1 skipped, 0 B
2026-08-31 04:00:49,342 [INFO] === Funding rate ===
2026-08-31 04:00:49,343 [INFO]   Funding: 0 copied, 3 skipped, 0 B
2026-08-31 04:00:49,343 [INFO] === Klines ===
2026-08-31 04:00:49,408 [INFO]   Klines: 0 copied, 92 skipped, 0 B
2026-08-31 04:00:49,408 [INFO] === Processed ML data ===
2026-08-31 04:00:49,408 [INFO]   Processed: 0 copied, 0 skipped, 0 B
2026-08-31 04:00:49,420 [INFO] 
Manifest saved: D:\flowbot_data\manifest.json
2026-08-31 04:00:49,420 [INFO] Total copied: 6 files, 957.0 KB
2026-08-31 04:00:49,420 [INFO] Destination total: 49.1 MB
[2026/08/31 ¶g¤@  4:00:49.42] ===== done FAILED=0 ===== 
[2026/09/01 ¶g¤G  4:00:01.37] ===== daily_collect start ===== 
[2026/09/01 ¶g¤G  4:00:01.39] step1 coinglass_backfill 
2026-09-01 04:00:02,251 [INFO] === OI History: BTC (BTCUSDT) Binance 1h ===
2026-09-01 04:00:02,545 [INFO] OI: 4000 rows fetched
2026-09-01 04:00:02,654 [INFO] Saved: C:\Users\rfo\Desktop\flowbot\flow_system\market_data\raw_data\coinglass\oi_BTC_Binance_1h.parquet (4000 rows)
2026-09-01 04:00:02,654 [INFO] === OI Aggregated: BTC 1h ===
2026-09-01 04:00:02,758 [INFO] OI Aggregated: 4000 rows
2026-09-01 04:00:02,771 [INFO] Saved: C:\Users\rfo\Desktop\flowbot\flow_system\market_data\raw_data\coinglass\oi_agg_BTC_Binance_1h.parquet (4000 rows)
2026-09-01 04:00:02,771 [INFO] === Liquidation: BTC (BTCUSDT) Binance 1h ===
2026-09-01 04:00:02,887 [INFO] Liquidation: 4000 rows
2026-09-01 04:00:02,897 [INFO] Saved: C:\Users\rfo\Desktop\flowbot\flow_system\market_data\raw_data\coinglass\liquidation_BTC_Binance_1h.parquet (4000 rows)
2026-09-01 04:00:02,897 [INFO] === Long/Short Ratio: BTC (BTCUSDT) Binance 1h ===
2026-09-01 04:00:03,045 [INFO] Long/Short: 4000 rows
2026-09-01 04:00:03,052 [INFO] Saved: C:\Users\rfo\Desktop\flowbot\flow_system\market_data\raw_data\coinglass\long_short_BTC_Binance_1h.parquet (4000 rows)
2026-09-01 04:00:03,052 [INFO] === Funding Rate: BTC (BTCUSDT) Binance 1h ===
2026-09-01 04:00:03,260 [INFO] Funding: 4000 rows
2026-09-01 04:00:03,271 [INFO] Saved: C:\Users\rfo\Desktop\flowbot\flow_system\market_data\raw_data\coinglass\funding_BTC_Binance_1h.parquet (4000 rows)
2026-09-01 04:00:03,271 [INFO] === Taker Buy/Sell: BTC (BTCUSDT) Binance 1h ===
2026-09-01 04:00:03,517 [INFO] Taker: 4000 rows
2026-09-01 04:00:03,524 [INFO] Saved: C:\Users\rfo\Desktop\flowbot\flow_system\market_data\raw_data\coinglass\taker_BTC_Binance_1h.parquet (4000 rows)
2026-09-01 04:00:03,524 [INFO] Done. Files saved to C:\Users\rfo\Desktop\flowbot\flow_system\market_data\raw_data\coinglass
[2026/09/01 ¶g¤G  4:00:03.58] step2 research backfill_all_parquet 
============================================================
[1/3] Binance klines 1h backfill
============================================================
  Existing: 7628 bars, ends at 2026-08-30 19:00:00+00:00
  Fetched 24 bars up to 2026-08-31 19:00:00+00:00
  Updated: 7652 bars, 2025-10-17 00:00:00+00:00 -> 2026-08-31 19:00:00+00:00

============================================================
[2/4 existing] Coinglass endpoints
============================================================
  oi: 7646 bars, 2025-10-17 -> 2026-08-31
  oi_agg: 7646 bars, 2025-10-17 -> 2026-08-31
  liquidation: 7646 bars, 2025-10-17 -> 2026-08-31
  long_short: 7646 bars, 2025-10-17 -> 2026-08-31
  global_ls: 7646 bars, 2025-10-17 -> 2026-08-31
  funding: 7646 bars, 2025-10-17 -> 2026-08-31
  taker: 7646 bars, 2025-10-17 -> 2026-08-31

============================================================
[3/4 new] Coinglass endpoints
============================================================
  coinbase_premium: 7521 bars, 2025-10-22 -> 2026-08-31
  bitfinex_margin: 7521 bars, 2025-10-22 -> 2026-08-31
  top_ls_position: 7521 bars, 2025-10-22 -> 2026-08-31
  futures_cvd_agg: 7521 bars, 2025-10-22 -> 2026-08-31
  spot_cvd_agg: 7521 bars, 2025-10-22 -> 2026-08-31
  liq_agg: 7521 bars, 2025-10-22 -> 2026-08-31
  oi_coin_margin: 4521 bars, 2026-02-24 -> 2026-08-31

============================================================
[4/4] Deribit DVOL 1h backfill
============================================================
  Existing: 9345 bars, ends at 2026-08-30 20:00:00+00:00
  iter 0: +25 rows, earliest=2026-08-30 20:00:00+00:00
  Updated: 9369 bars, 2025-08-06 12:00:00+00:00 -> 2026-08-31 20:00:00+00:00

============================================================
DONE - all parquet files updated
============================================================
[2026/09/01 ¶g¤G  4:00:19.11] step1.6 refresh_fng (weakness-#2 revival) 

============================================================
[2/3] CG Fear & Greed index (daily)
============================================================
  saved 3112 days, 2018-02-01 â†’ 2026-08-31
refresh_fng: OK
[2026/09/01 ¶g¤G  4:00:20.37] step3 export_depth_deltas 
exported 1161371 rows (2026-07-09 05:23:00 -> 2026-08-31 19:59:00 UTC) -> C:\Users\rfo\Desktop\flowbot\flow_system\market_data\raw_data\depth_deltas_1m.parquet
[2026/09/01 ¶g¤G  4:00:49.48] step4 backup data_collector --light 
2026-09-01 04:00:49,619 [INFO] Data Collector ¡X mode: light
2026-09-01 04:00:49,620 [INFO] Source: C:\Users\rfo\Desktop\flowbot\flow_system
2026-09-01 04:00:49,620 [INFO] Destination: D:\flowbot_data
2026-09-01 04:00:49,620 [INFO] === Coinglass data ===
2026-09-01 04:00:49,680 [INFO]   Coinglass: 6 copied, 6 skipped, 956.6 KB
2026-09-01 04:00:49,680 [INFO] === Binance metrics ===
2026-09-01 04:00:49,682 [INFO]   Metrics: 0 copied, 1 skipped, 0 B
2026-09-01 04:00:49,682 [INFO] === Funding rate ===
2026-09-01 04:00:49,683 [INFO]   Funding: 0 copied, 3 skipped, 0 B
2026-09-01 04:00:49,683 [INFO] === Klines ===
2026-09-01 04:00:49,727 [INFO]   Klines: 0 copied, 92 skipped, 0 B
2026-09-01 04:00:49,727 [INFO] === Processed ML data ===
2026-09-01 04:00:49,727 [INFO]   Processed: 0 copied, 0 skipped, 0 B
2026-09-01 04:00:49,743 [INFO] 
Manifest saved: D:\flowbot_data\manifest.json
2026-09-01 04:00:49,744 [INFO] Total copied: 6 files, 956.6 KB
2026-09-01 04:00:49,744 [INFO] Destination total: 49.1 MB
[2026/09/01 ¶g¤G  4:00:49.75] ===== done FAILED=0 ===== 
[2026/09/02 ¶g¤T  4:00:01.40] ===== daily_collect start ===== 
[2026/09/02 ¶g¤T  4:00:01.42] step1 coinglass_backfill 
2026-09-02 04:00:02,522 [INFO] === OI History: BTC (BTCUSDT) Binance 1h ===
2026-09-02 04:00:02,799 [INFO] OI: 4000 rows fetched
2026-09-02 04:00:02,916 [INFO] Saved: C:\Users\rfo\Desktop\flowbot\flow_system\market_data\raw_data\coinglass\oi_BTC_Binance_1h.parquet (4000 rows)
2026-09-02 04:00:02,916 [INFO] === OI Aggregated: BTC 1h ===
2026-09-02 04:00:03,027 [INFO] OI Aggregated: 4000 rows
2026-09-02 04:00:03,043 [INFO] Saved: C:\Users\rfo\Desktop\flowbot\flow_system\market_data\raw_data\coinglass\oi_agg_BTC_Binance_1h.parquet (4000 rows)
2026-09-02 04:00:03,043 [INFO] === Liquidation: BTC (BTCUSDT) Binance 1h ===
2026-09-02 04:00:03,157 [INFO] Liquidation: 4000 rows
2026-09-02 04:00:03,166 [INFO] Saved: C:\Users\rfo\Desktop\flowbot\flow_system\market_data\raw_data\coinglass\liquidation_BTC_Binance_1h.parquet (4000 rows)
2026-09-02 04:00:03,166 [INFO] === Long/Short Ratio: BTC (BTCUSDT) Binance 1h ===
2026-09-02 04:00:03,255 [INFO] Long/Short: 4000 rows
2026-09-02 04:00:03,263 [INFO] Saved: C:\Users\rfo\Desktop\flowbot\flow_system\market_data\raw_data\coinglass\long_short_BTC_Binance_1h.parquet (4000 rows)
2026-09-02 04:00:03,263 [INFO] === Funding Rate: BTC (BTCUSDT) Binance 1h ===
2026-09-02 04:00:03,363 [INFO] Funding: 4000 rows
2026-09-02 04:00:03,373 [INFO] Saved: C:\Users\rfo\Desktop\flowbot\flow_system\market_data\raw_data\coinglass\funding_BTC_Binance_1h.parquet (4000 rows)
2026-09-02 04:00:03,373 [INFO] === Taker Buy/Sell: BTC (BTCUSDT) Binance 1h ===
2026-09-02 04:00:03,468 [INFO] Taker: 4000 rows
2026-09-02 04:00:03,477 [INFO] Saved: C:\Users\rfo\Desktop\flowbot\flow_system\market_data\raw_data\coinglass\taker_BTC_Binance_1h.parquet (4000 rows)
2026-09-02 04:00:03,477 [INFO] Done. Files saved to C:\Users\rfo\Desktop\flowbot\flow_system\market_data\raw_data\coinglass
[2026/09/02 ¶g¤T  4:00:03.53] step2 research backfill_all_parquet 
============================================================
[1/3] Binance klines 1h backfill
============================================================
  Existing: 7652 bars, ends at 2026-08-31 19:00:00+00:00
  Fetched 24 bars up to 2026-09-01 19:00:00+00:00
  Updated: 7676 bars, 2025-10-17 00:00:00+00:00 -> 2026-09-01 19:00:00+00:00

============================================================
[2/4 existing] Coinglass endpoints
============================================================
  oi: 7670 bars, 2025-10-17 -> 2026-09-01
  oi_agg: 7670 bars, 2025-10-17 -> 2026-09-01
  liquidation: 7670 bars, 2025-10-17 -> 2026-09-01
  long_short: 7670 bars, 2025-10-17 -> 2026-09-01
  global_ls: 7670 bars, 2025-10-17 -> 2026-09-01
  funding: 7670 bars, 2025-10-17 -> 2026-09-01
  taker: 7670 bars, 2025-10-17 -> 2026-09-01

============================================================
[3/4 new] Coinglass endpoints
============================================================
  coinbase_premium: 7545 bars, 2025-10-22 -> 2026-09-01
  bitfinex_margin: 7545 bars, 2025-10-22 -> 2026-09-01
  top_ls_position: 7545 bars, 2025-10-22 -> 2026-09-01
  futures_cvd_agg: 7545 bars, 2025-10-22 -> 2026-09-01
  spot_cvd_agg: 7545 bars, 2025-10-22 -> 2026-09-01
  liq_agg: 7545 bars, 2025-10-22 -> 2026-09-01
  oi_coin_margin: 4545 bars, 2026-02-24 -> 2026-09-01

============================================================
[4/4] Deribit DVOL 1h backfill
============================================================
  Existing: 9369 bars, ends at 2026-08-31 20:00:00+00:00
  iter 0: +24 rows, earliest=2026-08-31 20:00:00+00:00
  Updated: 9392 bars, 2025-08-06 12:00:00+00:00 -> 2026-09-01 19:00:00+00:00

============================================================
DONE - all parquet files updated
============================================================
[2026/09/02 ¶g¤T  4:00:20.02] step1.6 refresh_fng (weakness-#2 revival) 

============================================================
[2/3] CG Fear & Greed index (daily)
============================================================
  saved 3113 days, 2018-02-01 â†’ 2026-09-01
refresh_fng: OK
[2026/09/02 ¶g¤T  4:00:21.12] step3 export_depth_deltas 
exported 1190171 rows (2026-07-09 05:23:00 -> 2026-09-01 19:59:00 UTC) -> C:\Users\rfo\Desktop\flowbot\flow_system\market_data\raw_data\depth_deltas_1m.parquet
[2026/09/02 ¶g¤T  4:00:50.85] step4 backup data_collector --light 
2026-09-02 04:00:51,004 [INFO] Data Collector ¡X mode: light
2026-09-02 04:00:51,004 [INFO] Source: C:\Users\rfo\Desktop\flowbot\flow_system
2026-09-02 04:00:51,004 [INFO] Destination: D:\flowbot_data
2026-09-02 04:00:51,006 [INFO] === Coinglass data ===
2026-09-02 04:00:51,064 [INFO]   Coinglass: 6 copied, 6 skipped, 950.2 KB
2026-09-02 04:00:51,064 [INFO] === Binance metrics ===
2026-09-02 04:00:51,065 [INFO]   Metrics: 0 copied, 1 skipped, 0 B
2026-09-02 04:00:51,065 [INFO] === Funding rate ===
2026-09-02 04:00:51,066 [INFO]   Funding: 0 copied, 3 skipped, 0 B
2026-09-02 04:00:51,066 [INFO] === Klines ===
2026-09-02 04:00:51,101 [INFO]   Klines: 0 copied, 92 skipped, 0 B
2026-09-02 04:00:51,101 [INFO] === Processed ML data ===
2026-09-02 04:00:51,101 [INFO]   Processed: 0 copied, 0 skipped, 0 B
2026-09-02 04:00:51,113 [INFO] 
Manifest saved: D:\flowbot_data\manifest.json
2026-09-02 04:00:51,113 [INFO] Total copied: 6 files, 950.2 KB
2026-09-02 04:00:51,113 [INFO] Destination total: 49.0 MB
[2026/09/02 ¶g¤T  4:00:51.11] ===== done FAILED=0 ===== 
[2026/09/03 ¶g¥|  4:00:01.39] ===== daily_collect start ===== 
[2026/09/03 ¶g¥|  4:00:01.40] step1 coinglass_backfill 
2026-09-03 04:00:02,289 [INFO] === OI History: BTC (BTCUSDT) Binance 1h ===
2026-09-03 04:00:02,925 [INFO] OI: 4000 rows fetched
2026-09-03 04:00:03,037 [INFO] Saved: C:\Users\rfo\Desktop\flowbot\flow_system\market_data\raw_data\coinglass\oi_BTC_Binance_1h.parquet (4000 rows)
2026-09-03 04:00:03,037 [INFO] === OI Aggregated: BTC 1h ===
2026-09-03 04:00:03,192 [INFO] OI Aggregated: 4000 rows
2026-09-03 04:00:03,206 [INFO] Saved: C:\Users\rfo\Desktop\flowbot\flow_system\market_data\raw_data\coinglass\oi_agg_BTC_Binance_1h.parquet (4000 rows)
2026-09-03 04:00:03,206 [INFO] === Liquidation: BTC (BTCUSDT) Binance 1h ===
2026-09-03 04:00:03,317 [INFO] Liquidation: 4000 rows
2026-09-03 04:00:03,328 [INFO] Saved: C:\Users\rfo\Desktop\flowbot\flow_system\market_data\raw_data\coinglass\liquidation_BTC_Binance_1h.parquet (4000 rows)
2026-09-03 04:00:03,328 [INFO] === Long/Short Ratio: BTC (BTCUSDT) Binance 1h ===
2026-09-03 04:00:03,424 [INFO] Long/Short: 4000 rows
2026-09-03 04:00:03,432 [INFO] Saved: C:\Users\rfo\Desktop\flowbot\flow_system\market_data\raw_data\coinglass\long_short_BTC_Binance_1h.parquet (4000 rows)
2026-09-03 04:00:03,432 [INFO] === Funding Rate: BTC (BTCUSDT) Binance 1h ===
2026-09-03 04:00:03,559 [INFO] Funding: 4000 rows
2026-09-03 04:00:03,573 [INFO] Saved: C:\Users\rfo\Desktop\flowbot\flow_system\market_data\raw_data\coinglass\funding_BTC_Binance_1h.parquet (4000 rows)
2026-09-03 04:00:03,573 [INFO] === Taker Buy/Sell: BTC (BTCUSDT) Binance 1h ===
2026-09-03 04:00:03,678 [INFO] Taker: 4000 rows
2026-09-03 04:00:03,688 [INFO] Saved: C:\Users\rfo\Desktop\flowbot\flow_system\market_data\raw_data\coinglass\taker_BTC_Binance_1h.parquet (4000 rows)
2026-09-03 04:00:03,689 [INFO] Done. Files saved to C:\Users\rfo\Desktop\flowbot\flow_system\market_data\raw_data\coinglass
[2026/09/03 ¶g¥|  4:00:03.76] step2 research backfill_all_parquet 
============================================================
[1/3] Binance klines 1h backfill
============================================================
  Existing: 7676 bars, ends at 2026-09-01 19:00:00+00:00
  Fetched 24 bars up to 2026-09-02 19:00:00+00:00
  Updated: 7700 bars, 2025-10-17 00:00:00+00:00 -> 2026-09-02 19:00:00+00:00

============================================================
[2/4 existing] Coinglass endpoints
============================================================
  oi: 7694 bars, 2025-10-17 -> 2026-09-02
  oi_agg: 7694 bars, 2025-10-17 -> 2026-09-02
  liquidation: 7694 bars, 2025-10-17 -> 2026-09-02
  long_short: 7694 bars, 2025-10-17 -> 2026-09-02
  global_ls: 7694 bars, 2025-10-17 -> 2026-09-02
  funding: 7694 bars, 2025-10-17 -> 2026-09-02
  taker: 7694 bars, 2025-10-17 -> 2026-09-02

============================================================
[3/4 new] Coinglass endpoints
============================================================
  coinbase_premium: 7569 bars, 2025-10-22 -> 2026-09-02
  bitfinex_margin: 7569 bars, 2025-10-22 -> 2026-09-02
  top_ls_position: 7569 bars, 2025-10-22 -> 2026-09-02
  futures_cvd_agg: 7569 bars, 2025-10-22 -> 2026-09-02
  spot_cvd_agg: 7569 bars, 2025-10-22 -> 2026-09-02
  liq_agg: 7569 bars, 2025-10-22 -> 2026-09-02
  oi_coin_margin: 4569 bars, 2026-02-24 -> 2026-09-02

============================================================
[4/4] Deribit DVOL 1h backfill
============================================================
  Existing: 9392 bars, ends at 2026-09-01 19:00:00+00:00
  iter 0: +26 rows, earliest=2026-09-01 19:00:00+00:00
  Updated: 9417 bars, 2025-08-06 12:00:00+00:00 -> 2026-09-02 20:00:00+00:00

============================================================
DONE - all parquet files updated
============================================================
[2026/09/03 ¶g¥|  4:00:19.22] step1.6 refresh_fng (weakness-#2 revival) 

============================================================
[2/3] CG Fear & Greed index (daily)
============================================================
  saved 3114 days, 2018-02-01 â†’ 2026-09-02
refresh_fng: OK
[2026/09/03 ¶g¥|  4:00:20.24] step3 export_depth_deltas 
exported 1218970 rows (2026-07-09 05:23:00 -> 2026-09-02 19:59:00 UTC) -> C:\Users\rfo\Desktop\flowbot\flow_system\market_data\raw_data\depth_deltas_1m.parquet
[2026/09/03 ¶g¥|  4:00:50.07] step4 backup data_collector --light 
2026-09-03 04:00:50,195 [INFO] Data Collector ¡X mode: light
2026-09-03 04:00:50,196 [INFO] Source: C:\Users\rfo\Desktop\flowbot\flow_system
2026-09-03 04:00:50,196 [INFO] Destination: D:\flowbot_data
2026-09-03 04:00:50,196 [INFO] === Coinglass data ===
2026-09-03 04:00:50,317 [INFO]   Coinglass: 6 copied, 6 skipped, 954.4 KB
2026-09-03 04:00:50,318 [INFO] === Binance metrics ===
2026-09-03 04:00:50,318 [INFO]   Metrics: 0 copied, 1 skipped, 0 B
2026-09-03 04:00:50,318 [INFO] === Funding rate ===
2026-09-03 04:00:50,319 [INFO]   Funding: 0 copied, 3 skipped, 0 B
2026-09-03 04:00:50,319 [INFO] === Klines ===
2026-09-03 04:00:50,337 [INFO]   Klines: 0 copied, 92 skipped, 0 B
2026-09-03 04:00:50,338 [INFO] === Processed ML data ===
2026-09-03 04:00:50,338 [INFO]   Processed: 0 copied, 0 skipped, 0 B
2026-09-03 04:00:50,350 [INFO] 
Manifest saved: D:\flowbot_data\manifest.json
2026-09-03 04:00:50,350 [INFO] Total copied: 6 files, 954.4 KB
2026-09-03 04:00:50,350 [INFO] Destination total: 49.1 MB
[2026/09/03 ¶g¥|  4:00:50.35] ===== done FAILED=0 ===== 
[2026/09/04 ¶g¤­  4:00:01.39] ===== daily_collect start ===== 
[2026/09/04 ¶g¤­  4:00:01.40] step1 coinglass_backfill 
2026-09-04 04:00:02,329 [INFO] === OI History: BTC (BTCUSDT) Binance 1h ===
2026-09-04 04:00:02,486 [INFO] OI: 4000 rows fetched
2026-09-04 04:00:02,561 [INFO] Saved: C:\Users\rfo\Desktop\flowbot\flow_system\market_data\raw_data\coinglass\oi_BTC_Binance_1h.parquet (4000 rows)
2026-09-04 04:00:02,561 [INFO] === OI Aggregated: BTC 1h ===
2026-09-04 04:00:02,670 [INFO] OI Aggregated: 4000 rows
2026-09-04 04:00:02,684 [INFO] Saved: C:\Users\rfo\Desktop\flowbot\flow_system\market_data\raw_data\coinglass\oi_agg_BTC_Binance_1h.parquet (4000 rows)
2026-09-04 04:00:02,684 [INFO] === Liquidation: BTC (BTCUSDT) Binance 1h ===
2026-09-04 04:00:02,865 [INFO] Liquidation: 4000 rows
2026-09-04 04:00:02,878 [INFO] Saved: C:\Users\rfo\Desktop\flowbot\flow_system\market_data\raw_data\coinglass\liquidation_BTC_Binance_1h.parquet (4000 rows)
2026-09-04 04:00:02,878 [INFO] === Long/Short Ratio: BTC (BTCUSDT) Binance 1h ===
2026-09-04 04:00:02,982 [INFO] Long/Short: 4000 rows
2026-09-04 04:00:02,990 [INFO] Saved: C:\Users\rfo\Desktop\flowbot\flow_system\market_data\raw_data\coinglass\long_short_BTC_Binance_1h.parquet (4000 rows)
2026-09-04 04:00:02,990 [INFO] === Funding Rate: BTC (BTCUSDT) Binance 1h ===
2026-09-04 04:00:03,163 [INFO] Funding: 4000 rows
2026-09-04 04:00:03,176 [INFO] Saved: C:\Users\rfo\Desktop\flowbot\flow_system\market_data\raw_data\coinglass\funding_BTC_Binance_1h.parquet (4000 rows)
2026-09-04 04:00:03,176 [INFO] === Taker Buy/Sell: BTC (BTCUSDT) Binance 1h ===
2026-09-04 04:00:03,292 [INFO] Taker: 4000 rows
2026-09-04 04:00:03,304 [INFO] Saved: C:\Users\rfo\Desktop\flowbot\flow_system\market_data\raw_data\coinglass\taker_BTC_Binance_1h.parquet (4000 rows)
2026-09-04 04:00:03,304 [INFO] Done. Files saved to C:\Users\rfo\Desktop\flowbot\flow_system\market_data\raw_data\coinglass
[2026/09/04 ¶g¤­  4:00:03.40] step2 research backfill_all_parquet 
============================================================
[1/3] Binance klines 1h backfill
============================================================
  Existing: 7700 bars, ends at 2026-09-02 19:00:00+00:00
  Fetched 24 bars up to 2026-09-03 19:00:00+00:00
  Updated: 7724 bars, 2025-10-17 00:00:00+00:00 -> 2026-09-03 19:00:00+00:00

============================================================
[2/4 existing] Coinglass endpoints
============================================================
  oi: 7718 bars, 2025-10-17 -> 2026-09-03
  oi_agg: 7718 bars, 2025-10-17 -> 2026-09-03
  liquidation: 7718 bars, 2025-10-17 -> 2026-09-03
  long_short: 7718 bars, 2025-10-17 -> 2026-09-03
  global_ls: 7718 bars, 2025-10-17 -> 2026-09-03
  funding: 7718 bars, 2025-10-17 -> 2026-09-03
  taker: 7718 bars, 2025-10-17 -> 2026-09-03

============================================================
[3/4 new] Coinglass endpoints
============================================================
  coinbase_premium: 7593 bars, 2025-10-22 -> 2026-09-03
  bitfinex_margin: 7593 bars, 2025-10-22 -> 2026-09-03
  top_ls_position: 7593 bars, 2025-10-22 -> 2026-09-03
  futures_cvd_agg: 7593 bars, 2025-10-22 -> 2026-09-03
  spot_cvd_agg: 7593 bars, 2025-10-22 -> 2026-09-03
  liq_agg: 7593 bars, 2025-10-22 -> 2026-09-03
  oi_coin_margin: 4593 bars, 2026-02-24 -> 2026-09-03

============================================================
[4/4] Deribit DVOL 1h backfill
============================================================
  Existing: 9417 bars, ends at 2026-09-02 20:00:00+00:00
  iter 0: +24 rows, earliest=2026-09-02 20:00:00+00:00
  Updated: 9440 bars, 2025-08-06 12:00:00+00:00 -> 2026-09-03 19:00:00+00:00

============================================================
DONE - all parquet files updated
============================================================
[2026/09/04 ¶g¤­  4:00:19.35] step1.6 refresh_fng (weakness-#2 revival) 

============================================================
[2/3] CG Fear & Greed index (daily)
============================================================
  saved 3115 days, 2018-02-01 â†’ 2026-09-03
refresh_fng: OK
[2026/09/04 ¶g¤­  4:00:20.56] step3 export_depth_deltas 
exported 1247770 rows (2026-07-09 05:23:00 -> 2026-09-03 19:59:00 UTC) -> C:\Users\rfo\Desktop\flowbot\flow_system\market_data\raw_data\depth_deltas_1m.parquet
[2026/09/04 ¶g¤­  4:00:52.20] step4 backup data_collector --light 
2026-09-04 04:00:52,325 [INFO] Data Collector ¡X mode: light
2026-09-04 04:00:52,327 [INFO] Source: C:\Users\rfo\Desktop\flowbot\flow_system
2026-09-04 04:00:52,327 [INFO] Destination: D:\flowbot_data
2026-09-04 04:00:52,328 [INFO] === Coinglass data ===
2026-09-04 04:00:52,478 [INFO]   Coinglass: 6 copied, 6 skipped, 953.6 KB
2026-09-04 04:00:52,478 [INFO] === Binance metrics ===
2026-09-04 04:00:52,479 [INFO]   Metrics: 0 copied, 1 skipped, 0 B
2026-09-04 04:00:52,479 [INFO] === Funding rate ===
2026-09-04 04:00:52,481 [INFO]   Funding: 0 copied, 3 skipped, 0 B
2026-09-04 04:00:52,481 [INFO] === Klines ===
2026-09-04 04:00:52,517 [INFO]   Klines: 0 copied, 92 skipped, 0 B
2026-09-04 04:00:52,517 [INFO] === Processed ML data ===
2026-09-04 04:00:52,517 [INFO]   Processed: 0 copied, 0 skipped, 0 B
2026-09-04 04:00:52,529 [INFO] 
Manifest saved: D:\flowbot_data\manifest.json
2026-09-04 04:00:52,529 [INFO] Total copied: 6 files, 953.6 KB
2026-09-04 04:00:52,529 [INFO] Destination total: 49.1 MB
[2026/09/04 ¶g¤­  4:00:52.53] ===== done FAILED=0 ===== 
[2026/09/05 ¶g¤»  4:00:01.47] ===== daily_collect start ===== 
[2026/09/05 ¶g¤»  4:00:01.48] step1 coinglass_backfill 
2026-09-05 04:00:02,528 [INFO] === OI History: BTC (BTCUSDT) Binance 1h ===
2026-09-05 04:00:02,818 [INFO] OI: 4000 rows fetched
2026-09-05 04:00:02,933 [INFO] Saved: C:\Users\rfo\Desktop\flowbot\flow_system\market_data\raw_data\coinglass\oi_BTC_Binance_1h.parquet (4000 rows)
2026-09-05 04:00:02,933 [INFO] === OI Aggregated: BTC 1h ===
2026-09-05 04:00:03,126 [INFO] OI Aggregated: 4000 rows
2026-09-05 04:00:03,144 [INFO] Saved: C:\Users\rfo\Desktop\flowbot\flow_system\market_data\raw_data\coinglass\oi_agg_BTC_Binance_1h.parquet (4000 rows)
2026-09-05 04:00:03,144 [INFO] === Liquidation: BTC (BTCUSDT) Binance 1h ===
2026-09-05 04:00:03,249 [INFO] Liquidation: 4000 rows
2026-09-05 04:00:03,261 [INFO] Saved: C:\Users\rfo\Desktop\flowbot\flow_system\market_data\raw_data\coinglass\liquidation_BTC_Binance_1h.parquet (4000 rows)
2026-09-05 04:00:03,261 [INFO] === Long/Short Ratio: BTC (BTCUSDT) Binance 1h ===
2026-09-05 04:00:03,399 [INFO] Long/Short: 4000 rows
2026-09-05 04:00:03,409 [INFO] Saved: C:\Users\rfo\Desktop\flowbot\flow_system\market_data\raw_data\coinglass\long_short_BTC_Binance_1h.parquet (4000 rows)
2026-09-05 04:00:03,409 [INFO] === Funding Rate: BTC (BTCUSDT) Binance 1h ===
2026-09-05 04:00:03,513 [INFO] Funding: 4000 rows
2026-09-05 04:00:03,526 [INFO] Saved: C:\Users\rfo\Desktop\flowbot\flow_system\market_data\raw_data\coinglass\funding_BTC_Binance_1h.parquet (4000 rows)
2026-09-05 04:00:03,526 [INFO] === Taker Buy/Sell: BTC (BTCUSDT) Binance 1h ===
2026-09-05 04:00:03,618 [INFO] Taker: 4000 rows
2026-09-05 04:00:03,629 [INFO] Saved: C:\Users\rfo\Desktop\flowbot\flow_system\market_data\raw_data\coinglass\taker_BTC_Binance_1h.parquet (4000 rows)
2026-09-05 04:00:03,629 [INFO] Done. Files saved to C:\Users\rfo\Desktop\flowbot\flow_system\market_data\raw_data\coinglass
[2026/09/05 ¶g¤»  4:00:03.70] step2 research backfill_all_parquet 
============================================================
[1/3] Binance klines 1h backfill
============================================================
  Existing: 7724 bars, ends at 2026-09-03 19:00:00+00:00
  Fetched 24 bars up to 2026-09-04 19:00:00+00:00
  Updated: 7748 bars, 2025-10-17 00:00:00+00:00 -> 2026-09-04 19:00:00+00:00

============================================================
[2/4 existing] Coinglass endpoints
============================================================
  oi: 7742 bars, 2025-10-17 -> 2026-09-04
  oi_agg: 7742 bars, 2025-10-17 -> 2026-09-04
  liquidation: 7742 bars, 2025-10-17 -> 2026-09-04
  long_short: 7742 bars, 2025-10-17 -> 2026-09-04
  global_ls: 7742 bars, 2025-10-17 -> 2026-09-04
  funding: 7742 bars, 2025-10-17 -> 2026-09-04
  taker: 7742 bars, 2025-10-17 -> 2026-09-04

============================================================
[3/4 new] Coinglass endpoints
============================================================
  coinbase_premium: 7617 bars, 2025-10-22 -> 2026-09-04
  bitfinex_margin: 7617 bars, 2025-10-22 -> 2026-09-04
  top_ls_position: 7617 bars, 2025-10-22 -> 2026-09-04
  futures_cvd_agg: 7617 bars, 2025-10-22 -> 2026-09-04
  spot_cvd_agg: 7617 bars, 2025-10-22 -> 2026-09-04
  liq_agg: 7617 bars, 2025-10-22 -> 2026-09-04
  oi_coin_margin: 4617 bars, 2026-02-24 -> 2026-09-04

============================================================
[4/4] Deribit DVOL 1h backfill
============================================================
  Existing: 9440 bars, ends at 2026-09-03 19:00:00+00:00
  iter 0: +25 rows, earliest=2026-09-03 19:00:00+00:00
  Updated: 9464 bars, 2025-08-06 12:00:00+00:00 -> 2026-09-04 19:00:00+00:00

============================================================
DONE - all parquet files updated
============================================================
[2026/09/05 ¶g¤»  4:00:18.86] step1.6 refresh_fng (weakness-#2 revival) 

============================================================
[2/3] CG Fear & Greed index (daily)
============================================================
  saved 3116 days, 2018-02-01 â†’ 2026-09-04
refresh_fng: OK
[2026/09/05 ¶g¤»  4:00:19.90] step3 export_depth_deltas 
exported 1276570 rows (2026-07-09 05:23:00 -> 2026-09-04 19:59:00 UTC) -> C:\Users\rfo\Desktop\flowbot\flow_system\market_data\raw_data\depth_deltas_1m.parquet
[2026/09/05 ¶g¤»  4:00:56.17] step4 backup data_collector --light 
2026-09-05 04:00:56,339 [INFO] Data Collector ¡X mode: light
2026-09-05 04:00:56,339 [INFO] Source: C:\Users\rfo\Desktop\flowbot\flow_system
2026-09-05 04:00:56,339 [INFO] Destination: D:\flowbot_data
2026-09-05 04:00:56,340 [INFO] === Coinglass data ===
2026-09-05 04:00:56,393 [INFO]   Coinglass: 6 copied, 6 skipped, 955.1 KB
2026-09-05 04:00:56,393 [INFO] === Binance metrics ===
2026-09-05 04:00:56,395 [INFO]   Metrics: 0 copied, 1 skipped, 0 B
2026-09-05 04:00:56,395 [INFO] === Funding rate ===
2026-09-05 04:00:56,396 [INFO]   Funding: 0 copied, 3 skipped, 0 B
2026-09-05 04:00:56,396 [INFO] === Klines ===
2026-09-05 04:00:56,433 [INFO]   Klines: 0 copied, 92 skipped, 0 B
2026-09-05 04:00:56,433 [INFO] === Processed ML data ===
2026-09-05 04:00:56,433 [INFO]   Processed: 0 copied, 0 skipped, 0 B
2026-09-05 04:00:56,453 [INFO] 
Manifest saved: D:\flowbot_data\manifest.json
2026-09-05 04:00:56,453 [INFO] Total copied: 6 files, 955.1 KB
2026-09-05 04:00:56,453 [INFO] Destination total: 49.1 MB
[2026/09/05 ¶g¤»  4:00:56.46] ===== done FAILED=0 ===== 
[2026/09/06 ¶g¤é  4:00:01.56] ===== daily_collect start ===== 
[2026/09/06 ¶g¤é  4:00:01.58] step1 coinglass_backfill 
2026-09-06 04:00:02,791 [INFO] === OI History: BTC (BTCUSDT) Binance 1h ===
2026-09-06 04:00:03,018 [INFO] OI: 4000 rows fetched
2026-09-06 04:00:03,233 [INFO] Saved: C:\Users\rfo\Desktop\flowbot\flow_system\market_data\raw_data\coinglass\oi_BTC_Binance_1h.parquet (4000 rows)
2026-09-06 04:00:03,233 [INFO] === OI Aggregated: BTC 1h ===
2026-09-06 04:00:03,424 [INFO] OI Aggregated: 4000 rows
2026-09-06 04:00:03,438 [INFO] Saved: C:\Users\rfo\Desktop\flowbot\flow_system\market_data\raw_data\coinglass\oi_agg_BTC_Binance_1h.parquet (4000 rows)
2026-09-06 04:00:03,438 [INFO] === Liquidation: BTC (BTCUSDT) Binance 1h ===
2026-09-06 04:00:03,578 [INFO] Liquidation: 4000 rows
2026-09-06 04:00:03,588 [INFO] Saved: C:\Users\rfo\Desktop\flowbot\flow_system\market_data\raw_data\coinglass\liquidation_BTC_Binance_1h.parquet (4000 rows)
2026-09-06 04:00:03,588 [INFO] === Long/Short Ratio: BTC (BTCUSDT) Binance 1h ===
2026-09-06 04:00:03,686 [INFO] Long/Short: 4000 rows
2026-09-06 04:00:03,694 [INFO] Saved: C:\Users\rfo\Desktop\flowbot\flow_system\market_data\raw_data\coinglass\long_short_BTC_Binance_1h.parquet (4000 rows)
2026-09-06 04:00:03,694 [INFO] === Funding Rate: BTC (BTCUSDT) Binance 1h ===
2026-09-06 04:00:03,849 [INFO] Funding: 4000 rows
2026-09-06 04:00:03,861 [INFO] Saved: C:\Users\rfo\Desktop\flowbot\flow_system\market_data\raw_data\coinglass\funding_BTC_Binance_1h.parquet (4000 rows)
2026-09-06 04:00:03,861 [INFO] === Taker Buy/Sell: BTC (BTCUSDT) Binance 1h ===
2026-09-06 04:00:03,977 [INFO] Taker: 4000 rows
2026-09-06 04:00:03,988 [INFO] Saved: C:\Users\rfo\Desktop\flowbot\flow_system\market_data\raw_data\coinglass\taker_BTC_Binance_1h.parquet (4000 rows)
2026-09-06 04:00:03,988 [INFO] Done. Files saved to C:\Users\rfo\Desktop\flowbot\flow_system\market_data\raw_data\coinglass
[2026/09/06 ¶g¤é  4:00:04.06] step2 research backfill_all_parquet 
============================================================
[1/3] Binance klines 1h backfill
============================================================
  Existing: 7753 bars, ends at 2026-09-05 00:00:00+00:00
  Fetched 19 bars up to 2026-09-05 19:00:00+00:00
  Updated: 7772 bars, 2025-10-17 00:00:00+00:00 -> 2026-09-05 19:00:00+00:00

============================================================
[2/4 existing] Coinglass endpoints
============================================================
  oi: 7766 bars, 2025-10-17 -> 2026-09-05
  oi_agg: 7766 bars, 2025-10-17 -> 2026-09-05
  liquidation: 7766 bars, 2025-10-17 -> 2026-09-05
  long_short: 7766 bars, 2025-10-17 -> 2026-09-05
  global_ls: 7766 bars, 2025-10-17 -> 2026-09-05
  funding: 7766 bars, 2025-10-17 -> 2026-09-05
  taker: 7766 bars, 2025-10-17 -> 2026-09-05

============================================================
[3/4 new] Coinglass endpoints
============================================================
  coinbase_premium: 7641 bars, 2025-10-22 -> 2026-09-05
  bitfinex_margin: 7641 bars, 2025-10-22 -> 2026-09-05
  top_ls_position: 7641 bars, 2025-10-22 -> 2026-09-05
  futures_cvd_agg: 7641 bars, 2025-10-22 -> 2026-09-05
  spot_cvd_agg: 7641 bars, 2025-10-22 -> 2026-09-05
  liq_agg: 7641 bars, 2025-10-22 -> 2026-09-05
  oi_coin_margin: 4641 bars, 2026-02-24 -> 2026-09-05

============================================================
[4/4] Deribit DVOL 1h backfill
============================================================
  Existing: 9469 bars, ends at 2026-09-05 00:00:00+00:00
  iter 0: +21 rows, earliest=2026-09-05 00:00:00+00:00
  Updated: 9489 bars, 2025-08-06 12:00:00+00:00 -> 2026-09-05 20:00:00+00:00

============================================================
DONE - all parquet files updated
============================================================
[2026/09/06 ¶g¤é  4:00:20.53] step1.6 refresh_fng (weakness-#2 revival) 

============================================================
[2/3] CG Fear & Greed index (daily)
============================================================
  saved 3117 days, 2018-02-01 â†’ 2026-09-05
refresh_fng: OK
[2026/09/06 ¶g¤é  4:00:21.57] step3 export_depth_deltas 
exported 1305370 rows (2026-07-09 05:23:00 -> 2026-09-05 19:59:00 UTC) -> C:\Users\rfo\Desktop\flowbot\flow_system\market_data\raw_data\depth_deltas_1m.parquet
[2026/09/06 ¶g¤é  4:00:59.08] step4 backup data_collector --light 
2026-09-06 04:00:59,219 [INFO] Data Collector ¡X mode: light
2026-09-06 04:00:59,219 [INFO] Source: C:\Users\rfo\Desktop\flowbot\flow_system
2026-09-06 04:00:59,219 [INFO] Destination: D:\flowbot_data
2026-09-06 04:00:59,220 [INFO] === Coinglass data ===
2026-09-06 04:00:59,270 [INFO]   Coinglass: 6 copied, 6 skipped, 953.4 KB
2026-09-06 04:00:59,270 [INFO] === Binance metrics ===
2026-09-06 04:00:59,271 [INFO]   Metrics: 0 copied, 1 skipped, 0 B
2026-09-06 04:00:59,271 [INFO] === Funding rate ===
2026-09-06 04:00:59,274 [INFO]   Funding: 0 copied, 3 skipped, 0 B
2026-09-06 04:00:59,274 [INFO] === Klines ===
2026-09-06 04:00:59,313 [INFO]   Klines: 0 copied, 92 skipped, 0 B
2026-09-06 04:00:59,313 [INFO] === Processed ML data ===
2026-09-06 04:00:59,313 [INFO]   Processed: 0 copied, 0 skipped, 0 B
2026-09-06 04:00:59,328 [INFO] 
Manifest saved: D:\flowbot_data\manifest.json
2026-09-06 04:00:59,328 [INFO] Total copied: 6 files, 953.4 KB
2026-09-06 04:00:59,328 [INFO] Destination total: 49.1 MB
[2026/09/06 ¶g¤é  4:00:59.33] ===== done FAILED=0 ===== 
[2026/09/07 ¶g¤@  4:00:01.35] ===== daily_collect start ===== 
[2026/09/07 ¶g¤@  4:00:01.36] step1 coinglass_backfill 
2026-09-07 04:00:02,124 [INFO] === OI History: BTC (BTCUSDT) Binance 1h ===
2026-09-07 04:00:02,350 [INFO] OI: 4000 rows fetched
2026-09-07 04:00:02,416 [INFO] Saved: C:\Users\rfo\Desktop\flowbot\flow_system\market_data\raw_data\coinglass\oi_BTC_Binance_1h.parquet (4000 rows)
2026-09-07 04:00:02,416 [INFO] === OI Aggregated: BTC 1h ===
2026-09-07 04:00:02,537 [INFO] OI Aggregated: 4000 rows
2026-09-07 04:00:02,551 [INFO] Saved: C:\Users\rfo\Desktop\flowbot\flow_system\market_data\raw_data\coinglass\oi_agg_BTC_Binance_1h.parquet (4000 rows)
2026-09-07 04:00:02,551 [INFO] === Liquidation: BTC (BTCUSDT) Binance 1h ===
2026-09-07 04:00:02,635 [INFO] Liquidation: 4000 rows
2026-09-07 04:00:02,645 [INFO] Saved: C:\Users\rfo\Desktop\flowbot\flow_system\market_data\raw_data\coinglass\liquidation_BTC_Binance_1h.parquet (4000 rows)
2026-09-07 04:00:02,645 [INFO] === Long/Short Ratio: BTC (BTCUSDT) Binance 1h ===
2026-09-07 04:00:02,753 [INFO] Long/Short: 4000 rows
2026-09-07 04:00:02,761 [INFO] Saved: C:\Users\rfo\Desktop\flowbot\flow_system\market_data\raw_data\coinglass\long_short_BTC_Binance_1h.parquet (4000 rows)
2026-09-07 04:00:02,761 [INFO] === Funding Rate: BTC (BTCUSDT) Binance 1h ===
2026-09-07 04:00:02,902 [INFO] Funding: 4000 rows
2026-09-07 04:00:02,915 [INFO] Saved: C:\Users\rfo\Desktop\flowbot\flow_system\market_data\raw_data\coinglass\funding_BTC_Binance_1h.parquet (4000 rows)
2026-09-07 04:00:02,915 [INFO] === Taker Buy/Sell: BTC (BTCUSDT) Binance 1h ===
2026-09-07 04:00:03,101 [INFO] Taker: 4000 rows
2026-09-07 04:00:03,111 [INFO] Saved: C:\Users\rfo\Desktop\flowbot\flow_system\market_data\raw_data\coinglass\taker_BTC_Binance_1h.parquet (4000 rows)
2026-09-07 04:00:03,111 [INFO] Done. Files saved to C:\Users\rfo\Desktop\flowbot\flow_system\market_data\raw_data\coinglass
[2026/09/07 ¶g¤@  4:00:03.17] step2 research backfill_all_parquet 
============================================================
[1/3] Binance klines 1h backfill
============================================================
  Existing: 7772 bars, ends at 2026-09-05 19:00:00+00:00
  Fetched 24 bars up to 2026-09-06 19:00:00+00:00
  Updated: 7796 bars, 2025-10-17 00:00:00+00:00 -> 2026-09-06 19:00:00+00:00

============================================================
[2/4 existing] Coinglass endpoints
============================================================
  oi: 7790 bars, 2025-10-17 -> 2026-09-06
  oi_agg: 7790 bars, 2025-10-17 -> 2026-09-06
  liquidation: 7790 bars, 2025-10-17 -> 2026-09-06
  long_short: 7790 bars, 2025-10-17 -> 2026-09-06
  global_ls: 7790 bars, 2025-10-17 -> 2026-09-06
  funding: 7790 bars, 2025-10-17 -> 2026-09-06
  taker: 7790 bars, 2025-10-17 -> 2026-09-06

============================================================
[3/4 new] Coinglass endpoints
============================================================
  coinbase_premium: 7665 bars, 2025-10-22 -> 2026-09-06
  bitfinex_margin: 7665 bars, 2025-10-22 -> 2026-09-06
  top_ls_position: 7665 bars, 2025-10-22 -> 2026-09-06
  futures_cvd_agg: 7665 bars, 2025-10-22 -> 2026-09-06
  spot_cvd_agg: 7665 bars, 2025-10-22 -> 2026-09-06
  liq_agg: 7665 bars, 2025-10-22 -> 2026-09-06
  oi_coin_margin: 4665 bars, 2026-02-24 -> 2026-09-06

============================================================
[4/4] Deribit DVOL 1h backfill
============================================================
  Existing: 9489 bars, ends at 2026-09-05 20:00:00+00:00
  iter 0: +25 rows, earliest=2026-09-05 20:00:00+00:00
  Updated: 9513 bars, 2025-08-06 12:00:00+00:00 -> 2026-09-06 20:00:00+00:00

============================================================
DONE - all parquet files updated
============================================================
[2026/09/07 ¶g¤@  4:00:18.48] step1.6 refresh_fng (weakness-#2 revival) 

============================================================
[2/3] CG Fear & Greed index (daily)
============================================================
  saved 3118 days, 2018-02-01 â†’ 2026-09-06
refresh_fng: OK
[2026/09/07 ¶g¤@  4:00:19.69] step3 export_depth_deltas 
exported 1334170 rows (2026-07-09 05:23:00 -> 2026-09-06 19:59:00 UTC) -> C:\Users\rfo\Desktop\flowbot\flow_system\market_data\raw_data\depth_deltas_1m.parquet
[2026/09/07 ¶g¤@  4:00:55.06] step4 backup data_collector --light 
2026-09-07 04:00:55,178 [INFO] Data Collector ¡X mode: light
2026-09-07 04:00:55,178 [INFO] Source: C:\Users\rfo\Desktop\flowbot\flow_system
2026-09-07 04:00:55,178 [INFO] Destination: D:\flowbot_data
2026-09-07 04:00:55,181 [INFO] === Coinglass data ===
2026-09-07 04:00:55,226 [INFO]   Coinglass: 6 copied, 6 skipped, 953.7 KB
2026-09-07 04:00:55,226 [INFO] === Binance metrics ===
2026-09-07 04:00:55,227 [INFO]   Metrics: 0 copied, 1 skipped, 0 B
2026-09-07 04:00:55,227 [INFO] === Funding rate ===
2026-09-07 04:00:55,228 [INFO]   Funding: 0 copied, 3 skipped, 0 B
2026-09-07 04:00:55,228 [INFO] === Klines ===
2026-09-07 04:00:55,266 [INFO]   Klines: 0 copied, 92 skipped, 0 B
2026-09-07 04:00:55,266 [INFO] === Processed ML data ===
2026-09-07 04:00:55,267 [INFO]   Processed: 0 copied, 0 skipped, 0 B
2026-09-07 04:00:55,279 [INFO] 
Manifest saved: D:\flowbot_data\manifest.json
2026-09-07 04:00:55,279 [INFO] Total copied: 6 files, 953.7 KB
2026-09-07 04:00:55,279 [INFO] Destination total: 49.1 MB
[2026/09/07 ¶g¤@  4:00:55.28] ===== done FAILED=0 ===== 
[2026/09/08 ¶g¤G  4:00:01.68] ===== daily_collect start ===== 
[2026/09/08 ¶g¤G  4:00:01.69] step1 coinglass_backfill 
2026-09-08 04:00:02,760 [INFO] === OI History: BTC (BTCUSDT) Binance 1h ===
2026-09-08 04:00:03,026 [INFO] OI: 4000 rows fetched
2026-09-08 04:00:03,097 [INFO] Saved: C:\Users\rfo\Desktop\flowbot\flow_system\market_data\raw_data\coinglass\oi_BTC_Binance_1h.parquet (4000 rows)
2026-09-08 04:00:03,097 [INFO] === OI Aggregated: BTC 1h ===
2026-09-08 04:00:03,224 [INFO] OI Aggregated: 4000 rows
2026-09-08 04:00:03,238 [INFO] Saved: C:\Users\rfo\Desktop\flowbot\flow_system\market_data\raw_data\coinglass\oi_agg_BTC_Binance_1h.parquet (4000 rows)
2026-09-08 04:00:03,239 [INFO] === Liquidation: BTC (BTCUSDT) Binance 1h ===
2026-09-08 04:00:03,347 [INFO] Liquidation: 4000 rows
2026-09-08 04:00:03,357 [INFO] Saved: C:\Users\rfo\Desktop\flowbot\flow_system\market_data\raw_data\coinglass\liquidation_BTC_Binance_1h.parquet (4000 rows)
2026-09-08 04:00:03,357 [INFO] === Long/Short Ratio: BTC (BTCUSDT) Binance 1h ===
2026-09-08 04:00:03,456 [INFO] Long/Short: 4000 rows
2026-09-08 04:00:03,463 [INFO] Saved: C:\Users\rfo\Desktop\flowbot\flow_system\market_data\raw_data\coinglass\long_short_BTC_Binance_1h.parquet (4000 rows)
2026-09-08 04:00:03,463 [INFO] === Funding Rate: BTC (BTCUSDT) Binance 1h ===
2026-09-08 04:00:03,585 [INFO] Funding: 4000 rows
2026-09-08 04:00:03,601 [INFO] Saved: C:\Users\rfo\Desktop\flowbot\flow_system\market_data\raw_data\coinglass\funding_BTC_Binance_1h.parquet (4000 rows)
2026-09-08 04:00:03,601 [INFO] === Taker Buy/Sell: BTC (BTCUSDT) Binance 1h ===
2026-09-08 04:00:03,695 [INFO] Taker: 4000 rows
2026-09-08 04:00:03,709 [INFO] Saved: C:\Users\rfo\Desktop\flowbot\flow_system\market_data\raw_data\coinglass\taker_BTC_Binance_1h.parquet (4000 rows)
2026-09-08 04:00:03,709 [INFO] Done. Files saved to C:\Users\rfo\Desktop\flowbot\flow_system\market_data\raw_data\coinglass
[2026/09/08 ¶g¤G  4:00:03.77] step2 research backfill_all_parquet 
============================================================
[1/3] Binance klines 1h backfill
============================================================
  Existing: 7796 bars, ends at 2026-09-06 19:00:00+00:00
  Fetched 24 bars up to 2026-09-07 19:00:00+00:00
  Updated: 7820 bars, 2025-10-17 00:00:00+00:00 -> 2026-09-07 19:00:00+00:00

============================================================
[2/4 existing] Coinglass endpoints
============================================================
  oi: 7814 bars, 2025-10-17 -> 2026-09-07
  oi_agg: 7814 bars, 2025-10-17 -> 2026-09-07
  liquidation: 7814 bars, 2025-10-17 -> 2026-09-07
  long_short: 7814 bars, 2025-10-17 -> 2026-09-07
  global_ls: 7814 bars, 2025-10-17 -> 2026-09-07
  funding: 7814 bars, 2025-10-17 -> 2026-09-07
  taker: 7814 bars, 2025-10-17 -> 2026-09-07

============================================================
[3/4 new] Coinglass endpoints
============================================================
  coinbase_premium: 7689 bars, 2025-10-22 -> 2026-09-07
  bitfinex_margin: 7689 bars, 2025-10-22 -> 2026-09-07
  top_ls_position: 7689 bars, 2025-10-22 -> 2026-09-07
  futures_cvd_agg: 7689 bars, 2025-10-22 -> 2026-09-07
  spot_cvd_agg: 7689 bars, 2025-10-22 -> 2026-09-07
  liq_agg: 7689 bars, 2025-10-22 -> 2026-09-07
  oi_coin_margin: 4689 bars, 2026-02-24 -> 2026-09-07

============================================================
[4/4] Deribit DVOL 1h backfill
============================================================
  Existing: 9513 bars, ends at 2026-09-06 20:00:00+00:00
  iter 0: +24 rows, earliest=2026-09-06 20:00:00+00:00
  Updated: 9536 bars, 2025-08-06 12:00:00+00:00 -> 2026-09-07 19:00:00+00:00

============================================================
DONE - all parquet files updated
============================================================
[2026/09/08 ¶g¤G  4:00:19.08] step1.6 refresh_fng (weakness-#2 revival) 

============================================================
[2/3] CG Fear & Greed index (daily)
============================================================
  saved 3119 days, 2018-02-01 â†’ 2026-09-07
refresh_fng: OK
[2026/09/08 ¶g¤G  4:00:20.25] step3 export_depth_deltas 
exported 1362970 rows (2026-07-09 05:23:00 -> 2026-09-07 19:59:00 UTC) -> C:\Users\rfo\Desktop\flowbot\flow_system\market_data\raw_data\depth_deltas_1m.parquet
[2026/09/08 ¶g¤G  4:00:56.65] step4 backup data_collector --light 
2026-09-08 04:00:56,783 [INFO] Data Collector ¡X mode: light
2026-09-08 04:00:56,783 [INFO] Source: C:\Users\rfo\Desktop\flowbot\flow_system
2026-09-08 04:00:56,784 [INFO] Destination: D:\flowbot_data
2026-09-08 04:00:56,785 [INFO] === Coinglass data ===
2026-09-08 04:00:56,840 [INFO]   Coinglass: 6 copied, 6 skipped, 954.7 KB
2026-09-08 04:00:56,840 [INFO] === Binance metrics ===
2026-09-08 04:00:56,841 [INFO]   Metrics: 0 copied, 1 skipped, 0 B
2026-09-08 04:00:56,841 [INFO] === Funding rate ===
2026-09-08 04:00:56,844 [INFO]   Funding: 0 copied, 3 skipped, 0 B
2026-09-08 04:00:56,844 [INFO] === Klines ===
2026-09-08 04:00:56,881 [INFO]   Klines: 0 copied, 92 skipped, 0 B
2026-09-08 04:00:56,881 [INFO] === Processed ML data ===
2026-09-08 04:00:56,881 [INFO]   Processed: 0 copied, 0 skipped, 0 B
2026-09-08 04:00:56,895 [INFO] 
Manifest saved: D:\flowbot_data\manifest.json
2026-09-08 04:00:56,895 [INFO] Total copied: 6 files, 954.7 KB
2026-09-08 04:00:56,895 [INFO] Destination total: 49.1 MB
[2026/09/08 ¶g¤G  4:00:56.90] ===== done FAILED=0 ===== 
[2026/09/09 ¶g¤T  4:00:01.72] ===== daily_collect start ===== 
[2026/09/09 ¶g¤T  4:00:01.75] step1 coinglass_backfill 
2026-09-09 04:00:02,867 [INFO] === OI History: BTC (BTCUSDT) Binance 1h ===
2026-09-09 04:00:03,156 [INFO] OI: 4000 rows fetched
2026-09-09 04:00:03,277 [INFO] Saved: C:\Users\rfo\Desktop\flowbot\flow_system\market_data\raw_data\coinglass\oi_BTC_Binance_1h.parquet (4000 rows)
2026-09-09 04:00:03,277 [INFO] === OI Aggregated: BTC 1h ===
2026-09-09 04:00:03,530 [INFO] OI Aggregated: 4000 rows
2026-09-09 04:00:03,548 [INFO] Saved: C:\Users\rfo\Desktop\flowbot\flow_system\market_data\raw_data\coinglass\oi_agg_BTC_Binance_1h.parquet (4000 rows)
2026-09-09 04:00:03,548 [INFO] === Liquidation: BTC (BTCUSDT) Binance 1h ===
2026-09-09 04:00:03,669 [INFO] Liquidation: 4000 rows
2026-09-09 04:00:03,681 [INFO] Saved: C:\Users\rfo\Desktop\flowbot\flow_system\market_data\raw_data\coinglass\liquidation_BTC_Binance_1h.parquet (4000 rows)
2026-09-09 04:00:03,681 [INFO] === Long/Short Ratio: BTC (BTCUSDT) Binance 1h ===
2026-09-09 04:00:03,846 [INFO] Long/Short: 4000 rows
2026-09-09 04:00:03,853 [INFO] Saved: C:\Users\rfo\Desktop\flowbot\flow_system\market_data\raw_data\coinglass\long_short_BTC_Binance_1h.parquet (4000 rows)
2026-09-09 04:00:03,855 [INFO] === Funding Rate: BTC (BTCUSDT) Binance 1h ===
2026-09-09 04:00:04,035 [INFO] Funding: 4000 rows
2026-09-09 04:00:04,050 [INFO] Saved: C:\Users\rfo\Desktop\flowbot\flow_system\market_data\raw_data\coinglass\funding_BTC_Binance_1h.parquet (4000 rows)
2026-09-09 04:00:04,050 [INFO] === Taker Buy/Sell: BTC (BTCUSDT) Binance 1h ===
2026-09-09 04:00:04,175 [INFO] Taker: 4000 rows
2026-09-09 04:00:04,190 [INFO] Saved: C:\Users\rfo\Desktop\flowbot\flow_system\market_data\raw_data\coinglass\taker_BTC_Binance_1h.parquet (4000 rows)
2026-09-09 04:00:04,190 [INFO] Done. Files saved to C:\Users\rfo\Desktop\flowbot\flow_system\market_data\raw_data\coinglass
[2026/09/09 ¶g¤T  4:00:04.26] step2 research backfill_all_parquet 
============================================================
[1/3] Binance klines 1h backfill
============================================================
  Existing: 7820 bars, ends at 2026-09-07 19:00:00+00:00
  Fetched 24 bars up to 2026-09-08 19:00:00+00:00
  Updated: 7844 bars, 2025-10-17 00:00:00+00:00 -> 2026-09-08 19:00:00+00:00

============================================================
[2/4 existing] Coinglass endpoints
============================================================
  oi: 7838 bars, 2025-10-17 -> 2026-09-08
  oi_agg: 7838 bars, 2025-10-17 -> 2026-09-08
  liquidation: 7838 bars, 2025-10-17 -> 2026-09-08
  long_short: 7838 bars, 2025-10-17 -> 2026-09-08
  global_ls: 7838 bars, 2025-10-17 -> 2026-09-08
  funding: 7838 bars, 2025-10-17 -> 2026-09-08
  taker: 7838 bars, 2025-10-17 -> 2026-09-08

============================================================
[3/4 new] Coinglass endpoints
============================================================
  coinbase_premium: 7713 bars, 2025-10-22 -> 2026-09-08
  bitfinex_margin: 7713 bars, 2025-10-22 -> 2026-09-08
  top_ls_position: 7713 bars, 2025-10-22 -> 2026-09-08
  futures_cvd_agg: 7713 bars, 2025-10-22 -> 2026-09-08
  spot_cvd_agg: 7713 bars, 2025-10-22 -> 2026-09-08
  liq_agg: 7713 bars, 2025-10-22 -> 2026-09-08
  oi_coin_margin: 4713 bars, 2026-02-24 -> 2026-09-08

============================================================
[4/4] Deribit DVOL 1h backfill
============================================================
  Existing: 9536 bars, ends at 2026-09-07 19:00:00+00:00
  iter 0: +25 rows, earliest=2026-09-07 19:00:00+00:00
  Updated: 9560 bars, 2025-08-06 12:00:00+00:00 -> 2026-09-08 19:00:00+00:00

============================================================
DONE - all parquet files updated
============================================================
[2026/09/09 ¶g¤T  4:00:20.14] step1.6 refresh_fng (weakness-#2 revival) 

============================================================
[2/3] CG Fear & Greed index (daily)
============================================================
  saved 3120 days, 2018-02-01 â†’ 2026-09-08
refresh_fng: OK
[2026/09/09 ¶g¤T  4:00:21.20] step3 export_depth_deltas 
exported 1391770 rows (2026-07-09 05:23:00 -> 2026-09-08 19:59:00 UTC) -> C:\Users\rfo\Desktop\flowbot\flow_system\market_data\raw_data\depth_deltas_1m.parquet
[2026/09/09 ¶g¤T  4:00:57.54] step4 backup data_collector --light 
2026-09-09 04:00:57,679 [INFO] Data Collector ¡X mode: light
2026-09-09 04:00:57,679 [INFO] Source: C:\Users\rfo\Desktop\flowbot\flow_system
2026-09-09 04:00:57,679 [INFO] Destination: D:\flowbot_data
2026-09-09 04:00:57,681 [INFO] === Coinglass data ===
2026-09-09 04:00:57,724 [INFO]   Coinglass: 6 copied, 6 skipped, 957.1 KB
2026-09-09 04:00:57,724 [INFO] === Binance metrics ===
2026-09-09 04:00:57,726 [INFO]   Metrics: 0 copied, 1 skipped, 0 B
2026-09-09 04:00:57,726 [INFO] === Funding rate ===
2026-09-09 04:00:57,727 [INFO]   Funding: 0 copied, 3 skipped, 0 B
2026-09-09 04:00:57,727 [INFO] === Klines ===
2026-09-09 04:00:57,764 [INFO]   Klines: 0 copied, 92 skipped, 0 B
2026-09-09 04:00:57,764 [INFO] === Processed ML data ===
2026-09-09 04:00:57,764 [INFO]   Processed: 0 copied, 0 skipped, 0 B
2026-09-09 04:00:57,777 [INFO] 
Manifest saved: D:\flowbot_data\manifest.json
2026-09-09 04:00:57,777 [INFO] Total copied: 6 files, 957.1 KB
2026-09-09 04:00:57,778 [INFO] Destination total: 49.1 MB
[2026/09/09 ¶g¤T  4:00:57.78] ===== done FAILED=0 ===== 
[2026/09/10 ¶g¥| 18:59:25.91] ===== daily_collect start ===== 
[2026/09/10 ¶g¥| 18:59:25.91] step1 coinglass_backfill 
2026-09-10 18:59:26,664 [INFO] === OI History: BTC (BTCUSDT) Binance 1h ===
2026-09-10 18:59:26,957 [INFO] OI: 4000 rows fetched
2026-09-10 18:59:27,097 [INFO] Saved: C:\Users\rfo\Desktop\flowbot\flow_system\market_data\raw_data\coinglass\oi_BTC_Binance_1h.parquet (4000 rows)
2026-09-10 18:59:27,097 [INFO] === OI Aggregated: BTC 1h ===
2026-09-10 18:59:27,211 [INFO] OI Aggregated: 4000 rows
2026-09-10 18:59:27,225 [INFO] Saved: C:\Users\rfo\Desktop\flowbot\flow_system\market_data\raw_data\coinglass\oi_agg_BTC_Binance_1h.parquet (4000 rows)
2026-09-10 18:59:27,225 [INFO] === Liquidation: BTC (BTCUSDT) Binance 1h ===
2026-09-10 18:59:27,347 [INFO] Liquidation: 4000 rows
2026-09-10 18:59:27,356 [INFO] Saved: C:\Users\rfo\Desktop\flowbot\flow_system\market_data\raw_data\coinglass\liquidation_BTC_Binance_1h.parquet (4000 rows)
2026-09-10 18:59:27,356 [INFO] === Long/Short Ratio: BTC (BTCUSDT) Binance 1h ===
2026-09-10 18:59:27,509 [INFO] Long/Short: 4000 rows
2026-09-10 18:59:27,515 [INFO] Saved: C:\Users\rfo\Desktop\flowbot\flow_system\market_data\raw_data\coinglass\long_short_BTC_Binance_1h.parquet (4000 rows)
2026-09-10 18:59:27,515 [INFO] === Funding Rate: BTC (BTCUSDT) Binance 1h ===
2026-09-10 18:59:27,678 [INFO] Funding: 4000 rows
2026-09-10 18:59:27,689 [INFO] Saved: C:\Users\rfo\Desktop\flowbot\flow_system\market_data\raw_data\coinglass\funding_BTC_Binance_1h.parquet (4000 rows)
2026-09-10 18:59:27,689 [INFO] === Taker Buy/Sell: BTC (BTCUSDT) Binance 1h ===
2026-09-10 18:59:27,778 [INFO] Taker: 3992 rows
2026-09-10 18:59:27,787 [INFO] Saved: C:\Users\rfo\Desktop\flowbot\flow_system\market_data\raw_data\coinglass\taker_BTC_Binance_1h.parquet (3992 rows)
2026-09-10 18:59:27,787 [INFO] Done. Files saved to C:\Users\rfo\Desktop\flowbot\flow_system\market_data\raw_data\coinglass
[2026/09/10 ¶g¥| 18:59:27.84] step2 research backfill_all_parquet 
============================================================
[1/3] Binance klines 1h backfill
============================================================
  Existing: 7844 bars, ends at 2026-09-08 19:00:00+00:00
  Fetched 38 bars up to 2026-09-10 09:00:00+00:00
  Updated: 7882 bars, 2025-10-17 00:00:00+00:00 -> 2026-09-10 09:00:00+00:00

============================================================
[2/4 existing] Coinglass endpoints
============================================================
  oi: 7876 bars, 2025-10-17 -> 2026-09-10
  oi_agg: 7876 bars, 2025-10-17 -> 2026-09-10
  liquidation: 7876 bars, 2025-10-17 -> 2026-09-10
  long_short: 7876 bars, 2025-10-17 -> 2026-09-10
  global_ls: 7876 bars, 2025-10-17 -> 2026-09-10
  funding: 7876 bars, 2025-10-17 -> 2026-09-10
  taker: 7869 bars, 2025-10-17 -> 2026-09-10

============================================================
[3/4 new] Coinglass endpoints
============================================================
  coinbase_premium: 7751 bars, 2025-10-22 -> 2026-09-10
  bitfinex_margin: 7751 bars, 2025-10-22 -> 2026-09-10
  top_ls_position: 7751 bars, 2025-10-22 -> 2026-09-10
  futures_cvd_agg: 7751 bars, 2025-10-22 -> 2026-09-10
  spot_cvd_agg: 7751 bars, 2025-10-22 -> 2026-09-10
  liq_agg: 7751 bars, 2025-10-22 -> 2026-09-10
  oi_coin_margin: 4751 bars, 2026-02-24 -> 2026-09-10

============================================================
[4/4] Deribit DVOL 1h backfill
============================================================
  Existing: 9560 bars, ends at 2026-09-08 19:00:00+00:00
  iter 0: +40 rows, earliest=2026-09-08 19:00:00+00:00
  Updated: 9599 bars, 2025-08-06 12:00:00+00:00 -> 2026-09-10 10:00:00+00:00

============================================================
DONE - all parquet files updated
============================================================
[2026/09/10 ¶g¥| 18:59:43.01] step1.6 refresh_fng (weakness-#2 revival) 

============================================================
[2/3] CG Fear & Greed index (daily)
============================================================
  saved 3122 days, 2018-02-01 â†’ 2026-09-10
refresh_fng: OK
[2026/09/10 ¶g¥| 18:59:43.95] step3 export_depth_deltas 
exported 1438550 rows (2026-07-09 05:23:00 -> 2026-09-10 10:58:00 UTC) -> C:\Users\rfo\Desktop\flowbot\flow_system\market_data\raw_data\depth_deltas_1m.parquet
[2026/09/10 ¶g¥| 19:00:18.75] step4 backup data_collector --light 
2026-09-10 19:00:18,872 [INFO] Data Collector ¡X mode: light
2026-09-10 19:00:18,872 [INFO] Source: C:\Users\rfo\Desktop\flowbot\flow_system
2026-09-10 19:00:18,872 [INFO] Destination: D:\flowbot_data
2026-09-10 19:00:18,874 [INFO] === Coinglass data ===
2026-09-10 19:00:18,921 [INFO]   Coinglass: 6 copied, 6 skipped, 951.9 KB
2026-09-10 19:00:18,921 [INFO] === Binance metrics ===
2026-09-10 19:00:18,922 [INFO]   Metrics: 0 copied, 1 skipped, 0 B
2026-09-10 19:00:18,922 [INFO] === Funding rate ===
2026-09-10 19:00:18,924 [INFO]   Funding: 0 copied, 3 skipped, 0 B
2026-09-10 19:00:18,924 [INFO] === Klines ===
2026-09-10 19:00:18,983 [INFO]   Klines: 0 copied, 92 skipped, 0 B
2026-09-10 19:00:18,983 [INFO] === Processed ML data ===
2026-09-10 19:00:18,983 [INFO]   Processed: 0 copied, 0 skipped, 0 B
2026-09-10 19:00:18,998 [INFO] 
Manifest saved: D:\flowbot_data\manifest.json
2026-09-10 19:00:18,999 [INFO] Total copied: 6 files, 951.9 KB
2026-09-10 19:00:18,999 [INFO] Destination total: 49.1 MB
[2026/09/10 ¶g¥| 19:00:19.00] step5 research guards (regression tests) 
guards: OK  19 passed in 63.62s (0:01:03)
written -> C:\Users\rfo\Desktop\flowbot\flow_system\research\results\guards_last.json
[2026/09/10 ¶g¥| 19:01:23.47] ===== done FAILED=0 ===== 
[2026/09/10 ¶g¥| 19:43:47.70] ===== daily_collect start ===== 
[2026/09/10 ¶g¥| 19:43:47.70] step1 coinglass_backfill 
2026-09-10 19:43:48,519 [INFO] === OI History: BTC (BTCUSDT) Binance 1h ===
2026-09-10 19:43:48,734 [INFO] OI: 4000 rows fetched
2026-09-10 19:43:48,784 [INFO] Saved: C:\Users\rfo\Desktop\flowbot\flow_system\market_data\raw_data\coinglass\oi_BTC_Binance_1h.parquet (4000 rows)
2026-09-10 19:43:48,784 [INFO] === OI Aggregated: BTC 1h ===
2026-09-10 19:43:48,985 [INFO] OI Aggregated: 4000 rows
2026-09-10 19:43:49,000 [INFO] Saved: C:\Users\rfo\Desktop\flowbot\flow_system\market_data\raw_data\coinglass\oi_agg_BTC_Binance_1h.parquet (4000 rows)
2026-09-10 19:43:49,000 [INFO] === Liquidation: BTC (BTCUSDT) Binance 1h ===
2026-09-10 19:43:49,116 [INFO] Liquidation: 4000 rows
2026-09-10 19:43:49,125 [INFO] Saved: C:\Users\rfo\Desktop\flowbot\flow_system\market_data\raw_data\coinglass\liquidation_BTC_Binance_1h.parquet (4000 rows)
2026-09-10 19:43:49,125 [INFO] === Long/Short Ratio: BTC (BTCUSDT) Binance 1h ===
2026-09-10 19:43:49,227 [INFO] Long/Short: 4000 rows
2026-09-10 19:43:49,234 [INFO] Saved: C:\Users\rfo\Desktop\flowbot\flow_system\market_data\raw_data\coinglass\long_short_BTC_Binance_1h.parquet (4000 rows)
2026-09-10 19:43:49,234 [INFO] === Funding Rate: BTC (BTCUSDT) Binance 1h ===
2026-09-10 19:43:49,399 [INFO] Funding: 4000 rows
2026-09-10 19:43:49,411 [INFO] Saved: C:\Users\rfo\Desktop\flowbot\flow_system\market_data\raw_data\coinglass\funding_BTC_Binance_1h.parquet (4000 rows)
2026-09-10 19:43:49,411 [INFO] === Taker Buy/Sell: BTC (BTCUSDT) Binance 1h ===
2026-09-10 19:43:49,541 [INFO] Taker: 3991 rows
2026-09-10 19:43:49,550 [INFO] Saved: C:\Users\rfo\Desktop\flowbot\flow_system\market_data\raw_data\coinglass\taker_BTC_Binance_1h.parquet (3991 rows)
2026-09-10 19:43:49,551 [INFO] Done. Files saved to C:\Users\rfo\Desktop\flowbot\flow_system\market_data\raw_data\coinglass
[2026/09/10 ¶g¥| 19:43:49.61] step2 research backfill_all_parquet 
============================================================
[1/3] Binance klines 1h backfill
============================================================
  Existing: 7882 bars, ends at 2026-09-10 09:00:00+00:00
  Fetched 1 bars up to 2026-09-10 10:00:00+00:00
  Updated: 7883 bars, 2025-10-17 00:00:00+00:00 -> 2026-09-10 10:00:00+00:00

============================================================
[2/4 existing] Coinglass endpoints
============================================================
  oi: 7877 bars, 2025-10-17 -> 2026-09-10
  oi_agg: 7877 bars, 2025-10-17 -> 2026-09-10
  liquidation: 7877 bars, 2025-10-17 -> 2026-09-10
  long_short: 7877 bars, 2025-10-17 -> 2026-09-10
  global_ls: 7877 bars, 2025-10-17 -> 2026-09-10
  funding: 7877 bars, 2025-10-17 -> 2026-09-10
  taker: 7870 bars, 2025-10-17 -> 2026-09-10

============================================================
[3/4 new] Coinglass endpoints
============================================================
  coinbase_premium: 7752 bars, 2025-10-22 -> 2026-09-10
  bitfinex_margin: 7752 bars, 2025-10-22 -> 2026-09-10
  top_ls_position: 7752 bars, 2025-10-22 -> 2026-09-10
  futures_cvd_agg: 7752 bars, 2025-10-22 -> 2026-09-10
  spot_cvd_agg: 7752 bars, 2025-10-22 -> 2026-09-10
  liq_agg: 7752 bars, 2025-10-22 -> 2026-09-10
  oi_coin_margin: 4752 bars, 2026-02-24 -> 2026-09-10

============================================================
[4/4] Deribit DVOL 1h backfill
============================================================
  Existing: 9599 bars, ends at 2026-09-10 10:00:00+00:00
  iter 0: +2 rows, earliest=2026-09-10 10:00:00+00:00
  Updated: 9600 bars, 2025-08-06 12:00:00+00:00 -> 2026-09-10 11:00:00+00:00

============================================================
DONE - all parquet files updated
============================================================
[2026/09/10 ¶g¥| 19:44:05.31] step1.6 refresh_fng (weakness-#2 revival) 

============================================================
[2/3] CG Fear & Greed index (daily)
============================================================
  saved 3122 days, 2018-02-01 â†’ 2026-09-10
refresh_fng: OK
[2026/09/10 ¶g¥| 19:44:06.39] step3 export_depth_deltas 
exported 1439450 rows (2026-07-09 05:23:00 -> 2026-09-10 11:43:00 UTC) -> C:\Users\rfo\Desktop\flowbot\flow_system\market_data\raw_data\depth_deltas_1m.parquet
[2026/09/10 ¶g¥| 19:44:40.83] step4 backup data_collector --light 
2026-09-10 19:44:40,962 [INFO] Data Collector ¡X mode: light
2026-09-10 19:44:40,962 [INFO] Source: C:\Users\rfo\Desktop\flowbot\flow_system
2026-09-10 19:44:40,962 [INFO] Destination: D:\flowbot_data
2026-09-10 19:44:40,963 [INFO] === Coinglass data ===
2026-09-10 19:44:41,027 [INFO]   Coinglass: 6 copied, 6 skipped, 953.6 KB
2026-09-10 19:44:41,027 [INFO] === Binance metrics ===
2026-09-10 19:44:41,027 [INFO]   Metrics: 0 copied, 1 skipped, 0 B
2026-09-10 19:44:41,027 [INFO] === Funding rate ===
2026-09-10 19:44:41,029 [INFO]   Funding: 0 copied, 3 skipped, 0 B
2026-09-10 19:44:41,029 [INFO] === Klines ===
2026-09-10 19:44:41,044 [INFO]   Klines: 0 copied, 92 skipped, 0 B
2026-09-10 19:44:41,044 [INFO] === Processed ML data ===
2026-09-10 19:44:41,044 [INFO]   Processed: 0 copied, 0 skipped, 0 B
2026-09-10 19:44:41,056 [INFO] 
Manifest saved: D:\flowbot_data\manifest.json
2026-09-10 19:44:41,056 [INFO] Total copied: 6 files, 953.6 KB
2026-09-10 19:44:41,056 [INFO] Destination total: 49.1 MB
[2026/09/10 ¶g¥| 19:44:41.06] step5 research guards (regression tests) 
guards: OK  19 passed in 63.15s (0:01:03)
written -> C:\Users\rfo\Desktop\flowbot\flow_system\research\results\guards_last.json
[2026/09/10 ¶g¥| 19:45:44.98] step6 scheduled task refs 
±Æµ{                           ¦s¦b        ¦b repo  ³Q°lÂÜ      ¸ô®|
EntropyArbWatchdog           yes       yes     yes      run_hidden.vbs
EntropyArbWatchdog           yes       -       -        arb_watchdog.ps1
Flowbot Monthly Revalidatio  yes       yes     yes      run_monthly_revalidation.cmd
FlowBot_ConjClock            yes       yes     yes      run_hidden.vbs
FlowBot_ConjClock            yes       yes     yes      conj_update.bat
FlowBot_ConjWatch            yes       yes     yes      run_hidden.vbs
FlowBot_ConjWatch            yes       yes     yes      conj_watch.bat
FlowBot_DailyCollect         yes       yes     yes      daily_collect.bat
FlowBot_ExitPathsWatchdog    yes       yes     yes      run_hidden.vbs
FlowBot_ExitPathsWatchdog    yes       yes     yes      exit_paths_watchdog.ps1
FlowBot_IndicatorUpdate      yes       -       -        run_indicator.bat
SweepShadow                  yes       yes     yes      run_hidden.vbs
SweepShadow                  yes       yes     yes      shadow_engine.bat

schedules: OK  13 refs ok
written -> C:\Users\rfo\Desktop\flowbot\flow_system\research\results\schedules_last.json
[2026/09/10 ¶g¥| 19:45:47.59] ===== done FAILED=0 ===== 
[2026/09/10 ¶g¥| 19:47:23.93] ===== daily_collect start ===== 
[2026/09/10 ¶g¥| 19:47:23.93] step1 coinglass_backfill 
2026-09-10 19:47:24,720 [INFO] === OI History: BTC (BTCUSDT) Binance 1h ===
2026-09-10 19:47:24,950 [INFO] OI: 4000 rows fetched
2026-09-10 19:47:25,007 [INFO] Saved: C:\Users\rfo\Desktop\flowbot\flow_system\market_data\raw_data\coinglass\oi_BTC_Binance_1h.parquet (4000 rows)
2026-09-10 19:47:25,007 [INFO] === OI Aggregated: BTC 1h ===
2026-09-10 19:47:25,219 [INFO] OI Aggregated: 4000 rows
2026-09-10 19:47:25,232 [INFO] Saved: C:\Users\rfo\Desktop\flowbot\flow_system\market_data\raw_data\coinglass\oi_agg_BTC_Binance_1h.parquet (4000 rows)
2026-09-10 19:47:25,233 [INFO] === Liquidation: BTC (BTCUSDT) Binance 1h ===
2026-09-10 19:47:25,315 [INFO] Liquidation: 4000 rows
2026-09-10 19:47:25,325 [INFO] Saved: C:\Users\rfo\Desktop\flowbot\flow_system\market_data\raw_data\coinglass\liquidation_BTC_Binance_1h.parquet (4000 rows)
2026-09-10 19:47:25,325 [INFO] === Long/Short Ratio: BTC (BTCUSDT) Binance 1h ===
2026-09-10 19:47:25,474 [INFO] Long/Short: 4000 rows
2026-09-10 19:47:25,482 [INFO] Saved: C:\Users\rfo\Desktop\flowbot\flow_system\market_data\raw_data\coinglass\long_short_BTC_Binance_1h.parquet (4000 rows)
2026-09-10 19:47:25,482 [INFO] === Funding Rate: BTC (BTCUSDT) Binance 1h ===
2026-09-10 19:47:25,609 [INFO] Funding: 4000 rows
2026-09-10 19:47:25,619 [INFO] Saved: C:\Users\rfo\Desktop\flowbot\flow_system\market_data\raw_data\coinglass\funding_BTC_Binance_1h.parquet (4000 rows)
2026-09-10 19:47:25,619 [INFO] === Taker Buy/Sell: BTC (BTCUSDT) Binance 1h ===
2026-09-10 19:47:25,777 [INFO] Taker: 3991 rows
2026-09-10 19:47:25,786 [INFO] Saved: C:\Users\rfo\Desktop\flowbot\flow_system\market_data\raw_data\coinglass\taker_BTC_Binance_1h.parquet (3991 rows)
2026-09-10 19:47:25,787 [INFO] Done. Files saved to C:\Users\rfo\Desktop\flowbot\flow_system\market_data\raw_data\coinglass
[2026/09/10 ¶g¥| 19:47:25.84] step2 research backfill_all_parquet 
============================================================
[1/3] Binance klines 1h backfill
============================================================
  Existing: 7883 bars, ends at 2026-09-10 10:00:00+00:00
  Fetched 0 bars up to N/A
  Updated: 7883 bars, 2025-10-17 00:00:00+00:00 -> 2026-09-10 10:00:00+00:00

============================================================
[2/4 existing] Coinglass endpoints
============================================================
  oi: 7877 bars, 2025-10-17 -> 2026-09-10
  oi_agg: 7877 bars, 2025-10-17 -> 2026-09-10
  liquidation: 7877 bars, 2025-10-17 -> 2026-09-10
  long_short: 7877 bars, 2025-10-17 -> 2026-09-10
  global_ls: 7877 bars, 2025-10-17 -> 2026-09-10
  funding: 7877 bars, 2025-10-17 -> 2026-09-10
  taker: 7870 bars, 2025-10-17 -> 2026-09-10

============================================================
[3/4 new] Coinglass endpoints
============================================================
  coinbase_premium: 7752 bars, 2025-10-22 -> 2026-09-10
  bitfinex_margin: 7752 bars, 2025-10-22 -> 2026-09-10
  top_ls_position: 7752 bars, 2025-10-22 -> 2026-09-10
  futures_cvd_agg: 7752 bars, 2025-10-22 -> 2026-09-10
  spot_cvd_agg: 7752 bars, 2025-10-22 -> 2026-09-10
  liq_agg: 7752 bars, 2025-10-22 -> 2026-09-10
  oi_coin_margin: 4752 bars, 2026-02-24 -> 2026-09-10

============================================================
[4/4] Deribit DVOL 1h backfill
============================================================
  Existing: 9600 bars, ends at 2026-09-10 11:00:00+00:00
  iter 0: +1 rows, earliest=2026-09-10 11:00:00+00:00
  Updated: 9600 bars, 2025-08-06 12:00:00+00:00 -> 2026-09-10 11:00:00+00:00

============================================================
DONE - all parquet files updated
============================================================
[2026/09/10 ¶g¥| 19:47:41.65] step1.6 refresh_fng (weakness-#2 revival) 

============================================================
[2/3] CG Fear & Greed index (daily)
============================================================
  saved 3122 days, 2018-02-01 â†’ 2026-09-10
refresh_fng: OK
[2026/09/10 ¶g¥| 19:47:42.84] step3 export_depth_deltas 
exported 1439510 rows (2026-07-09 05:23:00 -> 2026-09-10 11:46:00 UTC) -> C:\Users\rfo\Desktop\flowbot\flow_system\market_data\raw_data\depth_deltas_1m.parquet
[2026/09/10 ¶g¥| 19:48:18.50] step4 backup data_collector --light 
2026-09-10 19:48:18,618 [INFO] Data Collector ¡X mode: light
2026-09-10 19:48:18,618 [INFO] Source: C:\Users\rfo\Desktop\flowbot\flow_system
2026-09-10 19:48:18,618 [INFO] Destination: D:\flowbot_data
2026-09-10 19:48:18,619 [INFO] === Coinglass data ===
2026-09-10 19:48:18,653 [INFO]   Coinglass: 6 copied, 6 skipped, 953.6 KB
2026-09-10 19:48:18,655 [INFO] === Binance metrics ===
2026-09-10 19:48:18,655 [INFO]   Metrics: 0 copied, 1 skipped, 0 B
2026-09-10 19:48:18,655 [INFO] === Funding rate ===
2026-09-10 19:48:18,656 [INFO]   Funding: 0 copied, 3 skipped, 0 B
2026-09-10 19:48:18,656 [INFO] === Klines ===
2026-09-10 19:48:18,671 [INFO]   Klines: 0 copied, 92 skipped, 0 B
2026-09-10 19:48:18,671 [INFO] === Processed ML data ===
2026-09-10 19:48:18,671 [INFO]   Processed: 0 copied, 0 skipped, 0 B
2026-09-10 19:48:18,680 [INFO] 
Manifest saved: D:\flowbot_data\manifest.json
2026-09-10 19:48:18,680 [INFO] Total copied: 6 files, 953.6 KB
2026-09-10 19:48:18,680 [INFO] Destination total: 49.1 MB
[2026/09/10 ¶g¥| 19:48:18.68] step5 research guards (regression tests) 
guards: OK  19 passed in 65.03s (0:01:05)
written -> C:\Users\rfo\Desktop\flowbot\flow_system\research\results\guards_last.json
[2026/09/10 ¶g¥| 19:49:24.53] step6 scheduled task refs 
±Æµ{                           ¦s¦b        ¦b repo  ³Q°lÂÜ      ¸ô®|
EntropyArbWatchdog           yes       yes     yes      run_hidden.vbs
EntropyArbWatchdog           yes       -       -        arb_watchdog.ps1
Flowbot Monthly Revalidatio  yes       yes     yes      run_monthly_revalidation.cmd
FlowBot_ConjClock            yes       yes     yes      run_hidden.vbs
FlowBot_ConjClock            yes       yes     yes      conj_update.bat
FlowBot_ConjWatch            yes       yes     yes      run_hidden.vbs
FlowBot_ConjWatch            yes       yes     yes      conj_watch.bat
FlowBot_DailyCollect         yes       yes     yes      daily_collect.bat
FlowBot_ExitPathsWatchdog    yes       yes     yes      run_hidden.vbs
FlowBot_ExitPathsWatchdog    yes       yes     yes      exit_paths_watchdog.ps1
FlowBot_IndicatorUpdate      yes       -       -        run_indicator.bat
SweepShadow                  yes       yes     yes      run_hidden.vbs
SweepShadow                  yes       yes     yes      shadow_engine.bat

schedules: OK  13 refs ok
written -> C:\Users\rfo\Desktop\flowbot\flow_system\research\results\schedules_last.json
[2026/09/10 ¶g¥| 19:49:26.85] step7 research data manifest 
¸ê®Æ                         kind            ¦C¼Æ          first           last
sweep_failure/.cache 1h b  rolling    654,349     1707544800     1789034400
crowd_stops/frozen 1h ¤Á¤ù   frozen     201,591     1708394400     1789027200
tests/fixtures ¤T¥»±b         frozen       9,478  1708502400000  1789005600000
poc/data ¤ÀÄÁ bar            append   12,153,816  1707973200000  1788998580000
poc/data ¥¼¥­­Ü¶q              append   2,427,505  1707955200000  1788911700000
poc/data ²Mºâ                append      38,880  1773194400000  1788742800000
poc/data ±½³æ§Ö·Ó              derived      9,262  1708049460000  1788967380000
  note: sweep_failure/.cache 1h bars -> ­º¦¸µn°O
  note: crowd_stops/frozen 1h ¤Á¤ù -> ­º¦¸µn°O
  note: tests/fixtures ¤T¥»±b -> ­º¦¸µn°O
  note: poc/data ¤ÀÄÁ bar -> ­º¦¸µn°O
  note: poc/data ¥¼¥­­Ü¶q -> ­º¦¸µn°O
  note: poc/data ²Mºâ -> ­º¦¸µn°O
  note: poc/data ±½³æ§Ö·Ó -> ­º¦¸µn°O

manifest: OK  µLÅÜ°Ê
written -> C:\Users\rfo\Desktop\flowbot\flow_system\research\results\data_manifest.json
[2026/09/10 ¶g¥| 19:49:28.37] ===== done FAILED=0 ===== 
[2026/09/11 ¶g¤­  4:00:02.18] ===== daily_collect start ===== 
[2026/09/11 ¶g¤­  4:00:02.20] step1 coinglass_backfill 
2026-09-11 04:00:03,083 [INFO] === OI History: BTC (BTCUSDT) Binance 1h ===
2026-09-11 04:00:03,314 [INFO] OI: 4000 rows fetched
2026-09-11 04:00:03,365 [INFO] Saved: C:\Users\rfo\Desktop\flowbot\flow_system\market_data\raw_data\coinglass\oi_BTC_Binance_1h.parquet (4000 rows)
2026-09-11 04:00:03,365 [INFO] === OI Aggregated: BTC 1h ===
2026-09-11 04:00:03,703 [INFO] OI Aggregated: 4000 rows
2026-09-11 04:00:03,720 [INFO] Saved: C:\Users\rfo\Desktop\flowbot\flow_system\market_data\raw_data\coinglass\oi_agg_BTC_Binance_1h.parquet (4000 rows)
2026-09-11 04:00:03,720 [INFO] === Liquidation: BTC (BTCUSDT) Binance 1h ===
2026-09-11 04:00:03,853 [INFO] Liquidation: 4000 rows
2026-09-11 04:00:03,862 [INFO] Saved: C:\Users\rfo\Desktop\flowbot\flow_system\market_data\raw_data\coinglass\liquidation_BTC_Binance_1h.parquet (4000 rows)
2026-09-11 04:00:03,862 [INFO] === Long/Short Ratio: BTC (BTCUSDT) Binance 1h ===
2026-09-11 04:00:03,977 [INFO] Long/Short: 4000 rows
2026-09-11 04:00:03,986 [INFO] Saved: C:\Users\rfo\Desktop\flowbot\flow_system\market_data\raw_data\coinglass\long_short_BTC_Binance_1h.parquet (4000 rows)
2026-09-11 04:00:03,986 [INFO] === Funding Rate: BTC (BTCUSDT) Binance 1h ===
2026-09-11 04:00:04,083 [INFO] Funding: 4000 rows
2026-09-11 04:00:04,098 [INFO] Saved: C:\Users\rfo\Desktop\flowbot\flow_system\market_data\raw_data\coinglass\funding_BTC_Binance_1h.parquet (4000 rows)
2026-09-11 04:00:04,098 [INFO] === Taker Buy/Sell: BTC (BTCUSDT) Binance 1h ===
2026-09-11 04:00:04,195 [INFO] Taker: 3982 rows
2026-09-11 04:00:04,206 [INFO] Saved: C:\Users\rfo\Desktop\flowbot\flow_system\market_data\raw_data\coinglass\taker_BTC_Binance_1h.parquet (3982 rows)
2026-09-11 04:00:04,206 [INFO] Done. Files saved to C:\Users\rfo\Desktop\flowbot\flow_system\market_data\raw_data\coinglass
[2026/09/11 ¶g¤­  4:00:04.27] step2 research backfill_all_parquet 
============================================================
[1/3] Binance klines 1h backfill
============================================================
  Existing: 7883 bars, ends at 2026-09-10 10:00:00+00:00
  Fetched 9 bars up to 2026-09-10 19:00:00+00:00
  Updated: 7892 bars, 2025-10-17 00:00:00+00:00 -> 2026-09-10 19:00:00+00:00

============================================================
[2/4 existing] Coinglass endpoints
============================================================
  oi: 7886 bars, 2025-10-17 -> 2026-09-10
  oi_agg: 7886 bars, 2025-10-17 -> 2026-09-10
  liquidation: 7886 bars, 2025-10-17 -> 2026-09-10
  long_short: 7886 bars, 2025-10-17 -> 2026-09-10
  global_ls: 7886 bars, 2025-10-17 -> 2026-09-10
  funding: 7886 bars, 2025-10-17 -> 2026-09-10
  taker: 7871 bars, 2025-10-17 -> 2026-09-10

============================================================
[3/4 new] Coinglass endpoints
============================================================
  coinbase_premium: 7761 bars, 2025-10-22 -> 2026-09-10
  bitfinex_margin: 7761 bars, 2025-10-22 -> 2026-09-10
  top_ls_position: 7761 bars, 2025-10-22 -> 2026-09-10
  futures_cvd_agg: 7761 bars, 2025-10-22 -> 2026-09-10
  spot_cvd_agg: 7761 bars, 2025-10-22 -> 2026-09-10
  liq_agg: 7761 bars, 2025-10-22 -> 2026-09-10
  oi_coin_margin: 4761 bars, 2026-02-24 -> 2026-09-10

============================================================
[4/4] Deribit DVOL 1h backfill
============================================================
  Existing: 9600 bars, ends at 2026-09-10 11:00:00+00:00
  iter 0: +10 rows, earliest=2026-09-10 11:00:00+00:00
  Updated: 9609 bars, 2025-08-06 12:00:00+00:00 -> 2026-09-10 20:00:00+00:00

============================================================
DONE - all parquet files updated
============================================================
[2026/09/11 ¶g¤­  4:00:19.96] step1.6 refresh_fng (weakness-#2 revival) 

============================================================
[2/3] CG Fear & Greed index (daily)
============================================================
  saved 3122 days, 2018-02-01 â†’ 2026-09-10
refresh_fng: OK
[2026/09/11 ¶g¤­  4:00:20.98] step3 export_depth_deltas 
exported 1449370 rows (2026-07-09 05:23:00 -> 2026-09-10 19:59:00 UTC) -> C:\Users\rfo\Desktop\flowbot\flow_system\market_data\raw_data\depth_deltas_1m.parquet
[2026/09/11 ¶g¤­  4:00:55.29] step4 backup data_collector --light 
2026-09-11 04:00:55,419 [INFO] Data Collector ¡X mode: light
2026-09-11 04:00:55,421 [INFO] Source: C:\Users\rfo\Desktop\flowbot\flow_system
2026-09-11 04:00:55,421 [INFO] Destination: D:\flowbot_data
2026-09-11 04:00:55,421 [INFO] === Coinglass data ===
2026-09-11 04:00:55,459 [INFO]   Coinglass: 6 copied, 6 skipped, 954.0 KB
2026-09-11 04:00:55,459 [INFO] === Binance metrics ===
2026-09-11 04:00:55,460 [INFO]   Metrics: 0 copied, 1 skipped, 0 B
2026-09-11 04:00:55,461 [INFO] === Funding rate ===
2026-09-11 04:00:55,462 [INFO]   Funding: 0 copied, 3 skipped, 0 B
2026-09-11 04:00:55,462 [INFO] === Klines ===
2026-09-11 04:00:55,494 [INFO]   Klines: 0 copied, 92 skipped, 0 B
2026-09-11 04:00:55,494 [INFO] === Processed ML data ===
2026-09-11 04:00:55,496 [INFO]   Processed: 0 copied, 0 skipped, 0 B
2026-09-11 04:00:55,505 [INFO] 
Manifest saved: D:\flowbot_data\manifest.json
2026-09-11 04:00:55,505 [INFO] Total copied: 6 files, 954.0 KB
2026-09-11 04:00:55,505 [INFO] Destination total: 49.1 MB
[2026/09/11 ¶g¤­  4:00:55.51] step5 research guards (regression tests) 
guards: OK  19 passed in 63.68s (0:01:03)
written -> C:\Users\rfo\Desktop\flowbot\flow_system\research\results\guards_last.json
[2026/09/11 ¶g¤­  4:02:00.15] step6 scheduled task refs 
±Æµ{                           ¦s¦b        ¦b repo  ³Q°lÂÜ      ¸ô®|
EntropyArbWatchdog           yes       yes     yes      run_hidden.vbs
EntropyArbWatchdog           yes       -       -        arb_watchdog.ps1
Flowbot Monthly Revalidatio  yes       yes     yes      run_monthly_revalidation.cmd
FlowBot_ConjClock            yes       yes     yes      run_hidden.vbs
FlowBot_ConjClock            yes       yes     yes      conj_update.bat
FlowBot_ConjWatch            yes       yes     yes      run_hidden.vbs
FlowBot_ConjWatch            yes       yes     yes      conj_watch.bat
FlowBot_DailyCollect         yes       yes     yes      daily_collect.bat
FlowBot_ExitPathsWatchdog    yes       yes     yes      run_hidden.vbs
FlowBot_ExitPathsWatchdog    yes       yes     yes      exit_paths_watchdog.ps1
FlowBot_HLRecord             yes       yes     yes      run_hidden.vbs
FlowBot_HLRecord             yes       yes     **NO**   hl_record.bat
FlowBot_IndicatorUpdate      yes       -       -        run_indicator.bat
SweepShadow                  yes       yes     yes      run_hidden.vbs
SweepShadow                  yes       yes     yes      shadow_engine.bat

schedules: RED  FlowBot_HLRecord -> UNTRACKED research/ops/hl_record.bat
written -> C:\Users\rfo\Desktop\flowbot\flow_system\research\results\schedules_last.json
[2026/09/11 ¶g¤­  4:02:02.14] step7 research data manifest 
Traceback (most recent call last):
  File "C:\Users\rfo\Desktop\flowbot\flow_system\research\ops\data_manifest.py", line 191, in <module>
    raise SystemExit(main())
  File "C:\Users\rfo\Desktop\flowbot\flow_system\research\ops\data_manifest.py", line 143, in main
    cur = scan()
  File "C:\Users\rfo\Desktop\flowbot\flow_system\research\ops\data_manifest.py", line 122, in scan
    n, a, z = (_csv_span(p) if p.suffix == ".csv" else _pq_span(p))
  File "C:\Users\rfo\Desktop\flowbot\flow_system\research\ops\data_manifest.py", line 99, in _pq_span
    f = pq.ParquetFile(p)
  File "C:\Users\rfo\anaconda3\lib\site-packages\pyarrow\parquet\core.py", line 328, in __init__
    self.reader.open(
  File "pyarrow\\_parquet.pyx", line 1656, in pyarrow._parquet.ParquetReader.open
  File "pyarrow\\error.pxi", line 92, in pyarrow.lib.check_status
pyarrow.lib.ArrowInvalid: Parquet magic bytes not found in footer. Either the file is corrupted or this is not a parquet file.
[2026/09/11 ¶g¤­  4:02:03.71] step8 product live fills 
æ‹‰åˆ° 462 ç­†æˆäº¤ â†’ mill_fills.jsonl
ä¾†æº      live ç­†      æ­¸å±¬å¯é       æ²‰é»˜(æ™‚) æœ€å¾Œä¸€ç­† (UTC)
grid       301         0      260.3 2026-08-30 23:46
raid        73        55      258.9 2026-08-31 01:06
v7           0         0          â€” â€”

product fills: OK  å®£å‘Šåœç”¨ä¸­ï¼ˆsince 2026-08-31ï¼‰ï¼Œæ²‰é»˜ 260.3hï¼Œç¬¦åˆå®£å‘Š
written -> C:\Users\rfo\Desktop\flowbot\flow_system\research\results\product_fills_last.json
[2026/09/11 ¶g¤­  4:02:04.13] ===== done FAILED=1 ===== 
