signal_ts,entry_ts,exit_ts,direction,tier,entry_px,exit_px,exit_reason,hold_h,gross,net,regime
2025-12-01 08:00:00,2025-12-01 09:00:00,2025-12-01 15:00:00,UP,Strong,86811.0,84206.67,disaster_stop,6.0,-0.030000000000000027,-0.030800000000000025,BEAR
2025-12-01 09:00:00,2025-12-01 10:00:00,2025-12-01 15:00:00,UP,Strong,86659.2,84059.424,disaster_stop,5.0,-0.030000000000000027,-0.030800000000000025,BEAR
2025-12-01 10:00:00,2025-12-01 11:00:00,2025-12-01 15:00:00,UP,Moderate,86599.0,84001.03,disaster_stop,4.0,-0.030000000000000027,-0.030800000000000025,BEAR
2025-12-01 11:00:00,2025-12-01 12:00:00,2025-12-04 12:00:00,UP,Moderate,86100.0,92947.9,time_exit,72.0,0.07953426248548201,0.07873426248548202,BEAR
2025-12-01 12:00:00,2025-12-01 13:00:00,2025-12-04 13:00:00,UP,Strong,85396.3,92480.4,time_exit,72.0,0.0829555847267387,0.0821555847267387,BEAR
2025-12-01 13:00:00,2025-12-01 14:00:00,2025-12-04 14:00:00,UP,Strong,85943.7,91859.4,time_exit,72.0,0.06883227042819895,0.06803227042819895,BEAR
2025-12-01 14:00:00,2025-12-01 15:00:00,2025-12-04 15:00:00,UP,Strong,86017.4,92933.5,time_exit,72.0,0.08040349975702599,0.07960349975702599,BEAR
2025-12-01 15:00:00,2025-12-01 16:00:00,2025-12-04 16:00:00,UP,Strong,84650.0,92390.0,time_exit,72.0,0.09143532191376247,0.09063532191376247,BEAR
2025-12-01 16:00:00,2025-12-01 17:00:00,2025-12-04 17:00:00,UP,Strong,84540.4,92384.5,time_exit,72.0,0.09278522457901794,0.09198522457901795,BEAR
2025-12-01 17:00:00,2025-12-01 18:00:00,2025-12-04 18:00:00,UP,Moderate,84902.6,92093.4,time_exit,72.0,0.08469469721775291,0.08389469721775292,BEAR
2025-12-01 18:00:00,2025-12-01 19:00:00,2025-12-04 19:00:00,UP,Moderate,85159.1,91941.5,time_exit,72.0,0.07964386659793243,0.07884386659793244,BEAR
2025-12-01 19:00:00,2025-12-01 20:00:00,2025-12-04 20:00:00,UP,Moderate,84985.0,92431.7,time_exit,72.0,0.08762369829969985,0.08682369829969985,BEAR
2025-12-01 20:00:00,2025-12-01 21:00:00,2025-12-04 21:00:00,UP,Strong,85474.1,92111.2,time_exit,72.0,0.07765042275964285,0.07685042275964285,BEAR
2025-12-01 21:00:00,2025-12-01 22:00:00,2025-12-04 22:00:00,UP,Moderate,86380.1,92295.5,time_exit,72.0,0.06848105061235166,0.06768105061235166,BEAR
2025-12-01 22:00:00,2025-12-01 23:00:00,2025-12-04 23:00:00,UP,Moderate,86518.4,92034.7,time_exit,72.0,0.06375869179272842,0.06295869179272842,BEAR
2025-12-02 01:00:00,2025-12-02 02:00:00,2025-12-05 02:00:00,UP,Moderate,86409.9,92476.1,time_exit,72.0,0.07020260409976187,0.06940260409976187,CHOPPY
2025-12-02 03:00:00,2025-12-02 04:00:00,2025-12-05 04:00:00,UP,Moderate,86935.9,91985.5,time_exit,72.0,0.05808417466202109,0.05728417466202109,BULL
2025-12-02 11:00:00,2025-12-02 12:00:00,2025-12-05 12:00:00,UP,Moderate,87327.0,91194.6,time_exit,72.0,0.044288707959737605,0.0434887079597376,BULL
2025-12-02 20:00:00,2025-12-02 21:00:00,2025-12-05 21:00:00,UP,Moderate,90976.1,89145.1,time_exit,72.0,-0.02012616500377573,-0.02092616500377573,BULL
2025-12-09 04:00:00,2025-12-09 05:00:00,2025-12-09 09:00:00,UP,Moderate,89875.3,90459.0,opp_signal,4.0,0.006494554121098783,0.005694554121098783,CHOPPY
2025-12-09 05:00:00,2025-12-09 06:00:00,2025-12-09 09:00:00,UP,Moderate,89857.7,90459.0,opp_signal,3.0,0.006691691418765577,0.005891691418765577,CHOPPY
2025-12-09 08:00:00,2025-12-09 09:00:00,2025-12-09 12:00:00,DOWN,Moderate,90459.0,90342.0,opp_signal,3.0,0.0012934036414287142,0.0004934036414287142,CHOPPY
2025-12-09 09:00:00,2025-12-09 10:00:00,2025-12-09 12:00:00,DOWN,Moderate,90100.0,90342.0,opp_signal,2.0,-0.0026859045504994405,-0.0034859045504994405,CHOPPY
2025-12-09 11:00:00,2025-12-09 12:00:00,2025-12-09 19:00:00,UP,Moderate,90342.0,93887.2,opp_signal,7.0,0.0392419915432467,0.0384419915432467,CHOPPY
2025-12-09 12:00:00,2025-12-09 13:00:00,2025-12-09 19:00:00,UP,Moderate,90532.7,93887.2,opp_signal,6.0,0.03705291016395185,0.036252910163951844,CHOPPY
2025-12-09 13:00:00,2025-12-09 14:00:00,2025-12-09 19:00:00,UP,Moderate,90385.1,93887.2,opp_signal,5.0,0.0387464305510532,0.0379464305510532,CHOPPY
2025-12-09 14:00:00,2025-12-09 15:00:00,2025-12-09 19:00:00,UP,Moderate,90327.1,93887.2,opp_signal,4.0,0.039413420778481756,0.038613420778481754,BULL
2025-12-09 15:00:00,2025-12-09 16:00:00,2025-12-09 19:00:00,UP,Strong,92676.9,93887.2,opp_signal,3.0,0.013059349201365311,0.01225934920136531,BULL
2025-12-09 18:00:00,2025-12-09 19:00:00,2025-12-09 21:00:00,DOWN,Strong,93887.2,93075.2,opp_signal,2.0,0.008648676283881107,0.007848676283881107,BULL
2025-12-09 19:00:00,2025-12-09 20:00:00,2025-12-09 21:00:00,DOWN,Strong,93761.9,93075.2,opp_signal,1.0,0.0073238703567226615,0.006523870356722661,BULL
2025-12-09 20:00:00,2025-12-09 21:00:00,2025-12-11 02:00:00,UP,Moderate,93075.2,89874.39084708545,disaster_stop,29.0,-0.03438949529965607,-0.03518949529965607,BULL
2025-12-09 21:00:00,2025-12-09 22:00:00,2025-12-11 03:00:00,UP,Moderate,92591.2,89333.96292943649,disaster_stop,29.0,-0.03517868944957525,-0.03597868944957525,BULL
2025-12-09 22:00:00,2025-12-09 23:00:00,2025-12-11 03:00:00,UP,Moderate,92832.0,89651.8512916196,disaster_stop,28.0,-0.03425703107097111,-0.03505703107097111,BULL
2025-12-10 00:00:00,2025-12-10 01:00:00,2025-12-11 23:00:00,UP,Moderate,92084.5,92325.4,opp_signal,46.0,0.002616075452437583,0.001816075452437583,BULL
2025-12-10 01:00:00,2025-12-10 02:00:00,2025-12-11 14:00:00,UP,Moderate,92269.2,89286.20659172312,disaster_stop,36.0,-0.032329243217421144,-0.033129243217421146,BULL
2025-12-10 04:00:00,2025-12-10 05:00:00,2025-12-11 03:00:00,UP,Moderate,92507.4,89732.178,disaster_stop,22.0,-0.029999999999999916,-0.030799999999999914,BULL
2025-12-10 05:00:00,2025-12-10 06:00:00,2025-12-11 03:00:00,UP,Moderate,92508.5,89733.245,disaster_stop,21.0,-0.030000000000000027,-0.030800000000000025,BULL
2025-12-10 06:00:00,2025-12-10 07:00:00,2025-12-11 02:00:00,UP,Moderate,92648.0,89868.56,disaster_stop,19.0,-0.030000000000000027,-0.030800000000000025,BULL
2025-12-10 07:00:00,2025-12-10 08:00:00,2025-12-11 02:00:00,UP,Moderate,92744.7,89962.359,disaster_stop,18.0,-0.030000000000000027,-0.030800000000000025,BULL
2025-12-10 08:00:00,2025-12-10 09:00:00,2025-12-11 03:00:00,UP,Moderate,92565.1,89788.14700000001,disaster_stop,18.0,-0.029999999999999916,-0.030799999999999914,BULL
2025-12-10 09:00:00,2025-12-10 10:00:00,2025-12-11 02:00:00,UP,Moderate,92870.0,90083.9,disaster_stop,16.0,-0.030000000000000027,-0.030800000000000025,BULL
2025-12-10 10:00:00,2025-12-10 11:00:00,2025-12-11 03:00:00,UP,Moderate,92230.4,89463.488,disaster_stop,16.0,-0.029999999999999916,-0.030799999999999914,BULL
2025-12-10 11:00:00,2025-12-10 12:00:00,2025-12-11 03:00:00,UP,Moderate,92085.4,89322.83799999999,disaster_stop,15.0,-0.030000000000000027,-0.030800000000000025,BULL
2025-12-10 12:00:00,2025-12-10 13:00:00,2025-12-11 23:00:00,UP,Moderate,91952.2,92325.4,opp_signal,34.0,0.004058630462348889,0.003258630462348889,BULL
2025-12-10 13:00:00,2025-12-10 14:00:00,2025-12-11 14:00:00,UP,Moderate,92054.5,89292.865,disaster_stop,24.0,-0.029999999999999916,-0.030799999999999914,BULL
2025-12-10 14:00:00,2025-12-10 15:00:00,2025-12-11 23:00:00,UP,Moderate,91794.0,92325.4,opp_signal,32.0,0.005789049393206458,0.004989049393206458,CHOPPY
2025-12-10 15:00:00,2025-12-10 16:00:00,2025-12-11 14:00:00,UP,Moderate,92021.8,89261.14600000001,disaster_stop,22.0,-0.029999999999999916,-0.030799999999999914,CHOPPY
2025-12-10 16:00:00,2025-12-10 17:00:00,2025-12-11 03:00:00,UP,Moderate,92126.7,89362.89899999999,disaster_stop,10.0,-0.030000000000000027,-0.030800000000000025,CHOPPY
2025-12-10 17:00:00,2025-12-10 18:00:00,2025-12-11 03:00:00,UP,Moderate,92348.7,89578.239,disaster_stop,9.0,-0.029999999999999916,-0.030799999999999914,CHOPPY
2025-12-10 18:00:00,2025-12-10 19:00:00,2025-12-11 03:00:00,UP,Moderate,92448.8,89675.33600000001,disaster_stop,8.0,-0.029999999999999916,-0.030799999999999914,CHOPPY
2025-12-10 19:00:00,2025-12-10 20:00:00,2025-12-11 02:00:00,UP,Moderate,92913.9,90126.483,disaster_stop,6.0,-0.030000000000000027,-0.030800000000000025,CHOPPY
2025-12-10 21:00:00,2025-12-10 22:00:00,2025-12-11 23:00:00,UP,Moderate,92308.3,92325.4,opp_signal,25.0,0.00018524878044545723,-0.0006147512195545428,CHOPPY
2025-12-10 22:00:00,2025-12-10 23:00:00,2025-12-11 14:00:00,UP,Moderate,92472.2,89268.74021219151,disaster_stop,15.0,-0.034642409154410636,-0.03544240915441064,CHOPPY
2025-12-10 23:00:00,2025-12-11 00:00:00,2025-12-11 23:00:00,UP,Moderate,91977.5,92325.4,opp_signal,23.0,0.0037824467940528184,0.0029824467940528184,CHOPPY
2025-12-11 00:00:00,2025-12-11 01:00:00,2025-12-11 23:00:00,UP,Moderate,91350.1,92325.4,opp_signal,22.0,0.010676507195941598,0.009876507195941598,CHOPPY
2025-12-11 01:00:00,2025-12-11 02:00:00,2025-12-11 23:00:00,UP,Moderate,90637.0,92325.4,opp_signal,21.0,0.018628154065116753,0.017828154065116755,CHOPPY
2025-12-11 02:00:00,2025-12-11 03:00:00,2025-12-11 23:00:00,UP,Moderate,90034.4,92325.4,opp_signal,20.0,0.025445829594021863,0.024645829594021864,CHOPPY
2025-12-11 03:00:00,2025-12-11 04:00:00,2025-12-11 23:00:00,UP,Moderate,89833.1,92325.4,opp_signal,19.0,0.027743671319368834,0.026943671319368836,CHOPPY
2025-12-11 04:00:00,2025-12-11 05:00:00,2025-12-11 23:00:00,UP,Strong,90386.6,92325.4,opp_signal,18.0,0.02145008220245015,0.02065008220245015,CHOPPY
2025-12-11 06:00:00,2025-12-11 07:00:00,2025-12-11 23:00:00,UP,Moderate,90252.0,92325.4,opp_signal,16.0,0.022973452111864523,0.022173452111864524,CHOPPY
2025-12-11 08:00:00,2025-12-11 09:00:00,2025-12-11 23:00:00,UP,Moderate,90152.6,92325.4,opp_signal,14.0,0.024101357032409343,0.023301357032409344,CHOPPY
2025-12-11 13:00:00,2025-12-11 14:00:00,2025-12-11 23:00:00,UP,Strong,90062.8,92325.4,opp_signal,9.0,0.025122470098642102,0.024322470098642104,CHOPPY
2025-12-11 14:00:00,2025-12-11 15:00:00,2025-12-11 23:00:00,UP,Strong,89514.4,92325.4,opp_signal,8.0,0.031402768716541685,0.030602768716541686,CHOPPY
2025-12-11 15:00:00,2025-12-11 16:00:00,2025-12-11 23:00:00,UP,Strong,89830.1,92325.4,opp_signal,7.0,0.027777994235784975,0.026977994235784977,CHOPPY
2025-12-11 16:00:00,2025-12-11 17:00:00,2025-12-11 23:00:00,UP,Strong,89704.2,92325.4,opp_signal,6.0,0.02922048243003106,0.02842048243003106,CHOPPY
2025-12-11 17:00:00,2025-12-11 18:00:00,2025-12-11 23:00:00,UP,Strong,89935.3,92325.4,opp_signal,5.0,0.026575771693650774,0.025775771693650775,CHOPPY
2025-12-11 18:00:00,2025-12-11 19:00:00,2025-12-11 23:00:00,UP,Strong,90657.9,92325.4,opp_signal,4.0,0.018393322589647543,0.017593322589647544,CHOPPY
2025-12-11 19:00:00,2025-12-11 20:00:00,2025-12-11 23:00:00,UP,Strong,90793.5,92325.4,opp_signal,3.0,0.016872353197090018,0.01607235319709002,CHOPPY
2025-12-11 20:00:00,2025-12-11 21:00:00,2025-12-11 23:00:00,UP,Moderate,91740.9,92325.4,opp_signal,2.0,0.006371204119427709,0.005571204119427709,BULL
2025-12-11 22:00:00,2025-12-11 23:00:00,2025-12-12 09:00:00,DOWN,Strong,92325.4,92311.4,opp_signal,10.0,0.000151637577524677,-0.000648362422475323,BULL
2025-12-11 23:00:00,2025-12-12 00:00:00,2025-12-12 09:00:00,DOWN,Strong,92477.6,92311.4,opp_signal,9.0,0.0017971919686498028,0.0009971919686498029,CHOPPY
2025-12-12 04:00:00,2025-12-12 05:00:00,2025-12-12 09:00:00,DOWN,Strong,92355.7,92311.4,opp_signal,4.0,0.0004796671997505664,-0.00032033280024943366,CHOPPY
2025-12-12 05:00:00,2025-12-12 06:00:00,2025-12-12 09:00:00,DOWN,Strong,92404.9,92311.4,opp_signal,3.0,0.001011851103134176,0.00021185110313417588,CHOPPY
2025-12-12 06:00:00,2025-12-12 07:00:00,2025-12-12 09:00:00,DOWN,Moderate,92468.7,92311.4,opp_signal,2.0,0.0017011161614687298,0.0009011161614687298,CHOPPY
2025-12-12 08:00:00,2025-12-12 09:00:00,2025-12-12 10:00:00,UP,Moderate,92311.4,92481.7,opp_signal,1.0,0.0018448425654902234,0.0010448425654902235,BULL
2025-12-12 09:00:00,2025-12-12 10:00:00,2025-12-12 15:00:00,DOWN,Strong,92481.7,92393.0,opp_signal,5.0,0.0009591086669038518,0.00015910866690385173,BULL
2025-12-12 10:00:00,2025-12-12 11:00:00,2025-12-12 15:00:00,DOWN,Strong,92454.7,92393.0,opp_signal,4.0,0.0006673538500475695,-0.0001326461499524305,BULL
2025-12-12 11:00:00,2025-12-12 12:00:00,2025-12-12 15:00:00,DOWN,Strong,92381.4,92393.0,opp_signal,3.0,-0.00012556640189487212,-0.0009255664018948722,CHOPPY
2025-12-12 12:00:00,2025-12-12 13:00:00,2025-12-12 15:00:00,DOWN,Strong,92389.9,92393.0,opp_signal,2.0,-3.3553451189050065e-05,-0.0008335534511890501,CHOPPY
2025-12-12 13:00:00,2025-12-12 14:00:00,2025-12-12 15:00:00,DOWN,Strong,92261.7,92393.0,opp_signal,1.0,-0.0014231257390662222,-0.002223125739066222,CHOPPY
2025-12-12 14:00:00,2025-12-12 15:00:00,2025-12-12 16:00:00,UP,Moderate,92393.0,89621.21,disaster_stop,1.0,-0.029999999999999916,-0.030799999999999914,CHOPPY
2025-12-12 15:00:00,2025-12-12 16:00:00,2025-12-12 22:00:00,UP,Moderate,89895.0,90150.9,opp_signal,6.0,0.002846654430168405,0.002046654430168405,CHOPPY
2025-12-12 17:00:00,2025-12-12 18:00:00,2025-12-12 22:00:00,UP,Strong,90043.9,90150.9,opp_signal,4.0,0.0011883092580395882,0.00038830925803958816,CHOPPY
2025-12-12 18:00:00,2025-12-12 19:00:00,2025-12-12 22:00:00,UP,Moderate,90323.8,90150.9,opp_signal,3.0,-0.0019142241579739316,-0.0027142241579739316,BEAR
2025-12-12 21:00:00,2025-12-12 22:00:00,2025-12-15 16:00:00,DOWN,Strong,90150.9,86996.5,opp_signal,66.0,0.03499022195008583,0.03419022195008583,BEAR
2025-12-12 22:00:00,2025-12-12 23:00:00,2025-12-15 16:00:00,DOWN,Strong,90294.7,86996.5,opp_signal,65.0,0.03652706083524282,0.03572706083524282,BEAR
2025-12-12 23:00:00,2025-12-13 00:00:00,2025-12-15 16:00:00,DOWN,Strong,90229.7,86996.5,opp_signal,64.0,0.035832990689318445,0.03503299068931844,BEAR
2025-12-13 00:00:00,2025-12-13 01:00:00,2025-12-15 16:00:00,DOWN,Strong,90276.9,86996.5,opp_signal,63.0,0.03633709176987687,0.03553709176987687,BEAR
2025-12-13 01:00:00,2025-12-13 02:00:00,2025-12-15 16:00:00,DOWN,Strong,90192.1,86996.5,opp_signal,62.0,0.0354310410778772,0.0346310410778772,BEAR
2025-12-13 02:00:00,2025-12-13 03:00:00,2025-12-15 16:00:00,DOWN,Strong,90194.9,86996.5,opp_signal,61.0,0.03546098504460893,0.034660985044608926,BEAR
2025-12-13 13:00:00,2025-12-13 14:00:00,2025-12-15 16:00:00,DOWN,Moderate,90215.1,86996.5,opp_signal,50.0,0.0356769543014418,0.0348769543014418,BEAR
2025-12-13 21:00:00,2025-12-13 22:00:00,2025-12-15 16:00:00,DOWN,Strong,90137.9,86996.5,opp_signal,42.0,0.0348510448989825,0.034051044898982495,CHOPPY
2025-12-13 22:00:00,2025-12-13 23:00:00,2025-12-15 16:00:00,DOWN,Strong,90092.3,86996.5,opp_signal,41.0,0.03436253708696524,0.03356253708696524,CHOPPY
2025-12-13 23:00:00,2025-12-14 00:00:00,2025-12-15 16:00:00,DOWN,Strong,90191.3,86996.5,opp_signal,40.0,0.03542248531731995,0.03462248531731995,CHOPPY
2025-12-14 18:00:00,2025-12-14 19:00:00,2025-12-15 16:00:00,DOWN,Strong,88951.7,86996.5,opp_signal,21.0,0.021980468051762903,0.021180468051762904,CHOPPY
2025-12-14 20:00:00,2025-12-14 21:00:00,2025-12-15 16:00:00,DOWN,Moderate,88515.9,86996.5,opp_signal,19.0,0.017165277650681876,0.016365277650681877,CHOPPY
2025-12-14 21:00:00,2025-12-14 22:00:00,2025-12-15 16:00:00,DOWN,Moderate,88403.6,86996.5,opp_signal,18.0,0.01591677262011959,0.01511677262011959,CHOPPY
2025-12-15 12:00:00,2025-12-15 13:00:00,2025-12-15 16:00:00,DOWN,Strong,89657.9,86996.5,opp_signal,3.0,0.029683943076962427,0.028883943076962428,CHOPPY
2025-12-15 13:00:00,2025-12-15 14:00:00,2025-12-15 16:00:00,DOWN,Strong,89388.1,86996.5,opp_signal,2.0,0.026755239232067907,0.025955239232067908,CHOPPY
2025-12-15 15:00:00,2025-12-15 16:00:00,2025-12-18 16:00:00,UP,Moderate,86996.5,87984.6,time_exit,72.0,0.011357928192513578,0.010557928192513577,CHOPPY
2025-12-15 16:00:00,2025-12-15 17:00:00,2025-12-18 17:00:00,UP,Moderate,86360.6,86443.6,time_exit,72.0,0.0009610864213542847,0.00016108642135428464,BEAR
2025-12-15 17:00:00,2025-12-15 18:00:00,2025-12-18 18:00:00,UP,Moderate,85734.2,85946.7,time_exit,72.0,0.0024785908074023144,0.0016785908074023145,BEAR
2025-12-15 18:00:00,2025-12-15 19:00:00,2025-12-18 19:00:00,UP,Moderate,86142.7,84447.0,time_exit,72.0,-0.0196847788611223,-0.020484778861122297,BEAR
2025-12-15 21:00:00,2025-12-15 22:00:00,2025-12-18 22:00:00,UP,Moderate,86209.7,85544.0,time_exit,72.0,-0.007721868884823846,-0.008521868884823846,BEAR
2025-12-16 03:00:00,2025-12-16 04:00:00,2025-12-19 04:00:00,UP,Moderate,85837.6,87073.5,time_exit,72.0,0.014398119239121154,0.013598119239121154,CHOPPY
2025-12-16 07:00:00,2025-12-16 08:00:00,2025-12-19 07:00:00,UP,Moderate,85964.9,87450.0,opp_signal,71.0,0.017275655529175316,0.016475655529175317,BEAR
2025-12-16 10:00:00,2025-12-16 11:00:00,2025-12-19 07:00:00,UP,Moderate,86932.1,87450.0,opp_signal,68.0,0.0059575231703823395,0.005157523170382339,BEAR
2025-12-16 13:00:00,2025-12-16 14:00:00,2025-12-19 07:00:00,UP,Moderate,86410.4,87450.0,opp_signal,65.0,0.012030959236388306,0.011230959236388305,BEAR
2025-12-16 14:00:00,2025-12-16 15:00:00,2025-12-19 07:00:00,UP,Moderate,87257.2,87450.0,opp_signal,64.0,0.00220955978417825,0.00140955978417825,BULL
2025-12-16 15:00:00,2025-12-16 16:00:00,2025-12-18 19:00:00,UP,Moderate,87936.3,84804.61712084728,disaster_stop,51.0,-0.03561308446173794,-0.036413084461737945,CHOPPY
2025-12-16 16:00:00,2025-12-16 17:00:00,2025-12-18 19:00:00,UP,Moderate,87539.1,84438.96589792962,disaster_stop,50.0,-0.0354142789001759,-0.0362142789001759,CHOPPY
2025-12-16 17:00:00,2025-12-16 18:00:00,2025-12-19 07:00:00,UP,Moderate,87087.7,87450.0,opp_signal,61.0,0.004160174169256958,0.0033601741692569583,CHOPPY
2025-12-16 18:00:00,2025-12-16 19:00:00,2025-12-18 19:00:00,UP,Moderate,87741.3,84592.9374323985,disaster_stop,48.0,-0.03588233326382795,-0.03668233326382795,CHOPPY
2025-12-17 05:00:00,2025-12-17 06:00:00,2025-12-19 07:00:00,UP,Moderate,86595.0,87450.0,opp_signal,49.0,0.009873549281136373,0.009073549281136373,CHOPPY
2025-12-17 06:00:00,2025-12-17 07:00:00,2025-12-19 07:00:00,UP,Moderate,86735.5,87450.0,opp_signal,48.0,0.008237688143839517,0.007437688143839516,CHOPPY
2025-12-17 07:00:00,2025-12-17 08:00:00,2025-12-19 07:00:00,UP,Moderate,87010.4,87450.0,opp_signal,47.0,0.005052269613747384,0.004252269613747384,CHOPPY
2025-12-17 08:00:00,2025-12-17 09:00:00,2025-12-19 07:00:00,UP,Moderate,86366.1,87450.0,opp_signal,46.0,0.012550063045569937,0.011750063045569937,CHOPPY
2025-12-17 09:00:00,2025-12-17 10:00:00,2025-12-19 07:00:00,UP,Moderate,86386.1,87450.0,opp_signal,45.0,0.012315638742806945,0.011515638742806944,CHOPPY
2025-12-17 10:00:00,2025-12-17 11:00:00,2025-12-19 07:00:00,UP,Moderate,86587.0,87450.0,opp_signal,44.0,0.009966854146696402,0.009166854146696402,CHOPPY
2025-12-17 11:00:00,2025-12-17 12:00:00,2025-12-19 07:00:00,UP,Strong,86939.2,87450.0,opp_signal,43.0,0.005875370373778388,0.005075370373778388,CHOPPY
2025-12-17 12:00:00,2025-12-17 13:00:00,2025-12-19 07:00:00,UP,Moderate,86984.0,87450.0,opp_signal,42.0,0.0053573070909591625,0.004557307090959162,CHOPPY
2025-12-17 13:00:00,2025-12-17 14:00:00,2025-12-18 19:00:00,UP,Moderate,87579.0,84951.63,disaster_stop,29.0,-0.029999999999999916,-0.030799999999999914,BULL
2025-12-17 15:00:00,2025-12-17 16:00:00,2025-12-19 07:00:00,UP,Moderate,87191.0,87450.0,opp_signal,39.0,0.002970490073516796,0.002170490073516796,BEAR
2025-12-18 13:00:00,2025-12-18 14:00:00,2025-12-18 17:00:00,UP,Moderate,88804.0,86139.88,disaster_stop,3.0,-0.029999999999999916,-0.030799999999999914,BEAR
2025-12-18 14:00:00,2025-12-18 15:00:00,2025-12-18 19:00:00,UP,Moderate,88325.4,85357.06351649704,disaster_stop,4.0,-0.03360682752076927,-0.03440682752076927,CHOPPY
2025-12-19 03:00:00,2025-12-19 04:00:00,2025-12-19 07:00:00,UP,Moderate,86863.2,87450.0,opp_signal,3.0,0.006755449948885106,0.005955449948885106,CHOPPY
2025-12-19 04:00:00,2025-12-19 05:00:00,2025-12-19 07:00:00,UP,Moderate,87073.4,87450.0,opp_signal,2.0,0.004325086651032484,0.0035250866510324838,BULL
2025-12-19 06:00:00,2025-12-19 07:00:00,2025-12-22 04:00:00,DOWN,Strong,87450.0,88727.4,opp_signal,69.0,-0.014607204116638073,-0.015407204116638073,BULL
2025-12-19 08:00:00,2025-12-19 09:00:00,2025-12-22 04:00:00,DOWN,Strong,88063.2,88727.4,opp_signal,67.0,-0.00754231052244303,-0.00834231052244303,BULL
2025-12-19 09:00:00,2025-12-19 10:00:00,2025-12-22 04:00:00,DOWN,Strong,88068.4,88727.4,opp_signal,66.0,-0.007482820171593962,-0.008282820171593963,BULL
2025-12-19 10:00:00,2025-12-19 11:00:00,2025-12-22 04:00:00,DOWN,Strong,88237.2,88727.4,opp_signal,65.0,-0.005555480001631974,-0.006355480001631974,BULL
2025-12-19 11:00:00,2025-12-19 12:00:00,2025-12-22 04:00:00,DOWN,Strong,88170.0,88727.4,opp_signal,64.0,-0.006321878189860408,-0.0071218781898604085,BULL
2025-12-19 12:00:00,2025-12-19 13:00:00,2025-12-22 04:00:00,DOWN,Strong,87840.7,88727.4,opp_signal,63.0,-0.010094409539086024,-0.010894409539086025,BEAR
2025-12-19 13:00:00,2025-12-19 14:00:00,2025-12-22 04:00:00,DOWN,Strong,87968.0,88727.4,opp_signal,62.0,-0.008632684612586372,-0.009432684612586372,CHOPPY
2025-12-19 14:00:00,2025-12-19 15:00:00,2025-12-22 04:00:00,DOWN,Strong,88140.8,88727.4,opp_signal,61.0,-0.006655260673830821,-0.007455260673830821,BEAR
2025-12-19 15:00:00,2025-12-19 16:00:00,2025-12-22 04:00:00,DOWN,Strong,87925.6,88727.4,opp_signal,60.0,-0.009119073398418553,-0.009919073398418554,CHOPPY
2025-12-19 16:00:00,2025-12-19 17:00:00,2025-12-22 04:00:00,DOWN,Strong,87956.6,88727.4,opp_signal,59.0,-0.008763412864980946,-0.009563412864980947,BULL
2025-12-19 18:00:00,2025-12-19 19:00:00,2025-12-22 04:00:00,DOWN,Moderate,87126.2,88727.4,opp_signal,57.0,-0.018377939127380616,-0.019177939127380614,BULL
2025-12-19 19:00:00,2025-12-19 20:00:00,2025-12-22 04:00:00,DOWN,Moderate,87812.9,88727.4,opp_signal,56.0,-0.010414187437153277,-0.011214187437153278,BULL
2025-12-19 21:00:00,2025-12-19 22:00:00,2025-12-22 04:00:00,DOWN,Strong,87805.8,88727.4,opp_signal,54.0,-0.010495889793157076,-0.011295889793157076,CHOPPY
2025-12-20 05:00:00,2025-12-20 06:00:00,2025-12-22 04:00:00,DOWN,Moderate,88250.1,88727.4,opp_signal,46.0,-0.005408492454965996,-0.006208492454965997,CHOPPY
2025-12-20 07:00:00,2025-12-20 08:00:00,2025-12-22 04:00:00,DOWN,Moderate,88240.0,88727.4,opp_signal,44.0,-0.005523572076155947,-0.006323572076155947,CHOPPY
2025-12-20 08:00:00,2025-12-20 09:00:00,2025-12-22 04:00:00,DOWN,Moderate,88217.0,88727.4,opp_signal,43.0,-0.0057857329086230536,-0.006585732908623054,CHOPPY
2025-12-20 09:00:00,2025-12-20 10:00:00,2025-12-22 04:00:00,DOWN,Moderate,88190.0,88727.4,opp_signal,42.0,-0.006093661412858609,-0.006893661412858609,CHOPPY
2025-12-20 10:00:00,2025-12-20 11:00:00,2025-12-22 04:00:00,DOWN,Moderate,88133.6,88727.4,opp_signal,41.0,-0.006737498524966412,-0.0075374985249664125,CHOPPY
2025-12-20 11:00:00,2025-12-20 12:00:00,2025-12-22 04:00:00,DOWN,Strong,88243.6,88727.4,opp_signal,40.0,-0.0054825505759057425,-0.006282550575905743,CHOPPY
2025-12-20 12:00:00,2025-12-20 13:00:00,2025-12-22 04:00:00,DOWN,Strong,88213.9,88727.4,opp_signal,39.0,-0.005821078084066178,-0.006621078084066178,CHOPPY
2025-12-21 10:00:00,2025-12-21 11:00:00,2025-12-22 04:00:00,DOWN,Moderate,88633.2,88727.4,opp_signal,17.0,-0.0010628071648095538,-0.0018628071648095538,CHOPPY
2025-12-21 11:00:00,2025-12-21 12:00:00,2025-12-22 04:00:00,DOWN,Strong,88570.7,88727.4,opp_signal,16.0,-0.0017692081015505678,-0.0025692081015505678,CHOPPY
2025-12-21 12:00:00,2025-12-21 13:00:00,2025-12-22 04:00:00,DOWN,Moderate,88588.6,88727.4,opp_signal,15.0,-0.0015667930185145895,-0.0023667930185145894,CHOPPY
2025-12-22 03:00:00,2025-12-22 04:00:00,2025-12-22 07:00:00,UP,Moderate,88727.4,88867.3,opp_signal,3.0,0.0015767395415622332,0.0007767395415622331,CHOPPY
2025-12-22 06:00:00,2025-12-22 07:00:00,2025-12-23 00:00:00,DOWN,Moderate,88867.3,88581.5,opp_signal,17.0,0.003216031093551841,0.002416031093551841,CHOPPY
2025-12-22 07:00:00,2025-12-22 08:00:00,2025-12-23 00:00:00,DOWN,Strong,89127.8,88581.5,opp_signal,16.0,0.006129400703259846,0.005329400703259846,CHOPPY
2025-12-22 09:00:00,2025-12-22 10:00:00,2025-12-23 00:00:00,DOWN,Strong,89785.3,88581.5,opp_signal,14.0,0.013407539987058015,0.012607539987058014,CHOPPY
2025-12-22 10:00:00,2025-12-22 11:00:00,2025-12-23 00:00:00,DOWN,Strong,89742.0,88581.5,opp_signal,13.0,0.012931514786833409,0.012131514786833409,CHOPPY
2025-12-22 11:00:00,2025-12-22 12:00:00,2025-12-23 00:00:00,DOWN,Strong,89905.2,88581.5,opp_signal,12.0,0.014723286306020045,0.013923286306020044,CHOPPY
2025-12-22 12:00:00,2025-12-22 13:00:00,2025-12-23 00:00:00,DOWN,Strong,90171.2,88581.5,opp_signal,11.0,0.01762979754067817,0.016829797540678173,CHOPPY
2025-12-22 13:00:00,2025-12-22 14:00:00,2025-12-23 00:00:00,DOWN,Strong,89882.6,88581.5,opp_signal,10.0,0.014475549216422356,0.013675549216422356,CHOPPY
2025-12-22 14:00:00,2025-12-22 15:00:00,2025-12-23 00:00:00,DOWN,Strong,90088.4,88581.5,opp_signal,9.0,0.016726903796715153,0.015926903796715155,CHOPPY
2025-12-22 15:00:00,2025-12-22 16:00:00,2025-12-23 00:00:00,DOWN,Strong,89688.6,88581.5,opp_signal,8.0,0.012343820730839838,0.011543820730839838,CHOPPY
2025-12-22 16:00:00,2025-12-22 17:00:00,2025-12-23 00:00:00,DOWN,Strong,89508.5,88581.5,opp_signal,7.0,0.010356558315690712,0.009556558315690711,CHOPPY
2025-12-22 17:00:00,2025-12-22 18:00:00,2025-12-23 00:00:00,DOWN,Strong,89271.0,88581.5,opp_signal,6.0,0.0077236728612875005,0.0069236728612875,CHOPPY
2025-12-22 18:00:00,2025-12-22 19:00:00,2025-12-23 00:00:00,DOWN,Strong,89104.9,88581.5,opp_signal,5.0,0.005873975505275131,0.00507397550527513,CHOPPY
2025-12-22 20:00:00,2025-12-22 21:00:00,2025-12-23 00:00:00,DOWN,Moderate,88305.3,88581.5,opp_signal,3.0,-0.003127785081982637,-0.003927785081982637,CHOPPY
2025-12-22 23:00:00,2025-12-23 00:00:00,2025-12-23 17:00:00,UP,Moderate,88581.5,87959.8,opp_signal,17.0,-0.007018395488900042,-0.007818395488900043,CHOPPY
2025-12-23 02:00:00,2025-12-23 03:00:00,2025-12-23 17:00:00,UP,Moderate,88167.7,87959.8,opp_signal,14.0,-0.002358006390095202,-0.003158006390095202,CHOPPY
2025-12-23 03:00:00,2025-12-23 04:00:00,2025-12-23 17:00:00,UP,Strong,88128.2,87959.8,opp_signal,13.0,-0.001910852598827506,-0.002710852598827506,CHOPPY
2025-12-23 16:00:00,2025-12-23 17:00:00,2025-12-25 05:00:00,DOWN,Moderate,87959.8,87740.5,opp_signal,36.0,0.0024931843865039216,0.0016931843865039217,CHOPPY
2025-12-25 04:00:00,2025-12-25 05:00:00,2025-12-25 18:00:00,UP,Strong,87740.5,88096.1,opp_signal,13.0,0.004052860423635618,0.003252860423635618,CHOPPY
2025-12-25 05:00:00,2025-12-25 06:00:00,2025-12-25 18:00:00,UP,Strong,87706.1,88096.1,opp_signal,12.0,0.004446669045824692,0.0036466690458246916,CHOPPY
2025-12-25 06:00:00,2025-12-25 07:00:00,2025-12-25 18:00:00,UP,Moderate,87799.6,88096.1,opp_signal,11.0,0.00337700855129186,0.0025770085512918602,CHOPPY
2025-12-25 07:00:00,2025-12-25 08:00:00,2025-12-25 18:00:00,UP,Moderate,87795.9,88096.1,opp_signal,10.0,0.0034192940672630456,0.0026192940672630457,CHOPPY
2025-12-25 08:00:00,2025-12-25 09:00:00,2025-12-25 18:00:00,UP,Strong,87546.2,88096.1,opp_signal,9.0,0.006281254925970536,0.005481254925970536,CHOPPY
2025-12-25 09:00:00,2025-12-25 10:00:00,2025-12-25 18:00:00,UP,Moderate,87482.1,88096.1,opp_signal,8.0,0.007018578657805419,0.006218578657805418,CHOPPY
2025-12-25 10:00:00,2025-12-25 11:00:00,2025-12-25 18:00:00,UP,Strong,87386.1,88096.1,opp_signal,7.0,0.008124861963172636,0.007324861963172636,CHOPPY
2025-12-25 11:00:00,2025-12-25 12:00:00,2025-12-25 18:00:00,UP,Moderate,87485.2,88096.1,opp_signal,6.0,0.0069828953925921144,0.006182895392592114,CHOPPY
2025-12-25 12:00:00,2025-12-25 13:00:00,2025-12-25 18:00:00,UP,Strong,87533.8,88096.1,opp_signal,5.0,0.006423804290456969,0.005623804290456969,CHOPPY
2025-12-25 13:00:00,2025-12-25 14:00:00,2025-12-25 18:00:00,UP,Moderate,87597.1,88096.1,opp_signal,4.0,0.005696535615905107,0.004896535615905107,CHOPPY
2025-12-25 14:00:00,2025-12-25 15:00:00,2025-12-25 18:00:00,UP,Moderate,87675.0,88096.1,opp_signal,3.0,0.004802965497576306,0.0040029654975763055,CHOPPY
2025-12-25 15:00:00,2025-12-25 16:00:00,2025-12-25 18:00:00,UP,Strong,88339.0,88096.1,opp_signal,2.0,-0.0027496349290799804,-0.0035496349290799803,CHOPPY
2025-12-25 17:00:00,2025-12-25 18:00:00,2025-12-26 00:00:00,DOWN,Strong,88096.1,87182.8,opp_signal,6.0,0.010367087759844074,0.009567087759844073,CHOPPY
2025-12-25 18:00:00,2025-12-25 19:00:00,2025-12-26 00:00:00,DOWN,Moderate,88198.5,87182.8,opp_signal,5.0,0.011516068867384321,0.010716068867384321,CHOPPY
2025-12-25 19:00:00,2025-12-25 20:00:00,2025-12-26 00:00:00,DOWN,Moderate,88112.3,87182.8,opp_signal,4.0,0.010549037989020849,0.009749037989020848,CHOPPY
2025-12-25 23:00:00,2025-12-26 00:00:00,2025-12-26 03:00:00,UP,Strong,87182.8,89151.8,opp_signal,3.0,0.0225847300155535,0.0217847300155535,CHOPPY
2025-12-26 00:00:00,2025-12-26 01:00:00,2025-12-26 03:00:00,UP,Strong,87084.4,89151.8,opp_signal,2.0,0.02374018767999786,0.02294018767999786,CHOPPY
2025-12-26 02:00:00,2025-12-26 03:00:00,2025-12-26 17:00:00,DOWN,Strong,89151.8,86821.7,opp_signal,14.0,0.026136320298636773,0.025336320298636774,BULL
2025-12-26 03:00:00,2025-12-26 04:00:00,2025-12-26 17:00:00,DOWN,Strong,88796.2,86821.7,opp_signal,13.0,0.022236311914248574,0.021436311914248576,BULL
2025-12-26 04:00:00,2025-12-26 05:00:00,2025-12-26 17:00:00,DOWN,Strong,88926.0,86821.7,opp_signal,12.0,0.023663495490632735,0.022863495490632737,BULL
2025-12-26 05:00:00,2025-12-26 06:00:00,2025-12-26 17:00:00,DOWN,Strong,88954.7,86821.7,opp_signal,11.0,0.023978496920342596,0.023178496920342597,BULL
2025-12-26 06:00:00,2025-12-26 07:00:00,2025-12-26 17:00:00,DOWN,Strong,89085.0,86821.7,opp_signal,10.0,0.025406072851770767,0.024606072851770768,BULL
2025-12-26 16:00:00,2025-12-26 17:00:00,2025-12-26 20:00:00,UP,Moderate,86821.7,87453.7,opp_signal,3.0,0.007279286169241006,0.006479286169241006,BEAR
2025-12-26 17:00:00,2025-12-26 18:00:00,2025-12-26 20:00:00,UP,Moderate,87288.5,87453.7,opp_signal,2.0,0.0018925746232321128,0.0010925746232321129,BEAR
2025-12-26 19:00:00,2025-12-26 20:00:00,2025-12-29 03:00:00,DOWN,Moderate,87453.7,90077.311,disaster_stop,55.0,-0.030000000000000027,-0.030800000000000025,CHOPPY
2025-12-26 21:00:00,2025-12-26 22:00:00,2025-12-29 03:00:00,DOWN,Moderate,87429.2,90052.076,disaster_stop,53.0,-0.030000000000000027,-0.030800000000000025,CHOPPY
2025-12-29 03:00:00,2025-12-29 04:00:00,2025-12-29 14:00:00,DOWN,Moderate,90091.5,87354.3,opp_signal,10.0,0.030382444514743256,0.029582444514743258,CHOPPY
2025-12-29 04:00:00,2025-12-29 05:00:00,2025-12-29 14:00:00,DOWN,Strong,90100.1,87354.3,opp_signal,9.0,0.03047499392342523,0.029674993923425232,CHOPPY
2025-12-29 05:00:00,2025-12-29 06:00:00,2025-12-29 14:00:00,DOWN,Strong,89950.8,87354.3,opp_signal,8.0,0.02886577995971129,0.028065779959711292,CHOPPY
2025-12-29 06:00:00,2025-12-29 07:00:00,2025-12-29 14:00:00,DOWN,Strong,89740.7,87354.3,opp_signal,7.0,0.026592170553606076,0.025792170553606077,CHOPPY
2025-12-29 07:00:00,2025-12-29 08:00:00,2025-12-29 14:00:00,DOWN,Strong,89583.0,87354.3,opp_signal,6.0,0.02487860419945742,0.024078604199457423,CHOPPY
2025-12-29 08:00:00,2025-12-29 09:00:00,2025-12-29 14:00:00,DOWN,Strong,89519.0,87354.3,opp_signal,5.0,0.024181458684748414,0.023381458684748415,CHOPPY
2025-12-29 09:00:00,2025-12-29 10:00:00,2025-12-29 14:00:00,DOWN,Strong,88068.2,87354.3,opp_signal,4.0,0.008106217681296934,0.007306217681296934,CHOPPY
2025-12-29 10:00:00,2025-12-29 11:00:00,2025-12-29 14:00:00,DOWN,Moderate,87747.2,87354.3,opp_signal,3.0,0.004477635753619369,0.003677635753619369,CHOPPY
2025-12-29 11:00:00,2025-12-29 12:00:00,2025-12-29 14:00:00,DOWN,Moderate,87529.1,87354.3,opp_signal,2.0,0.0019970501239017224,0.0011970501239017225,CHOPPY
2025-12-29 12:00:00,2025-12-29 13:00:00,2025-12-29 14:00:00,DOWN,Moderate,87343.9,87354.3,opp_signal,1.0,-0.00011906956295759663,-0.0009190695629575967,CHOPPY
2025-12-29 13:00:00,2025-12-29 14:00:00,2025-12-29 20:00:00,UP,Strong,87354.3,87328.9,opp_signal,6.0,-0.0002907698876873921,-0.001090769887687392,CHOPPY
2025-12-29 14:00:00,2025-12-29 15:00:00,2025-12-29 20:00:00,UP,Strong,87400.0,87328.9,opp_signal,5.0,-0.0008135011441647855,-0.0016135011441647854,CHOPPY
2025-12-29 15:00:00,2025-12-29 16:00:00,2025-12-29 20:00:00,UP,Moderate,87636.4,87328.9,opp_signal,4.0,-0.0035088159714457,-0.0043088159714457005,CHOPPY
2025-12-29 19:00:00,2025-12-29 20:00:00,2025-12-30 03:00:00,DOWN,Moderate,87328.9,87072.8,opp_signal,7.0,0.002932591616291891,0.002132591616291891,CHOPPY
2025-12-29 22:00:00,2025-12-29 23:00:00,2025-12-30 03:00:00,DOWN,Moderate,87317.1,87072.8,opp_signal,4.0,0.0027978483023370915,0.0019978483023370915,BEAR
2025-12-30 00:00:00,2025-12-30 01:00:00,2025-12-30 03:00:00,DOWN,Moderate,87223.2,87072.8,opp_signal,2.0,0.001724311880325402,0.000924311880325402,CHOPPY
2025-12-30 02:00:00,2025-12-30 03:00:00,2025-12-30 05:00:00,UP,Moderate,87072.8,87262.1,opp_signal,2.0,0.0021740428698744374,0.0013740428698744375,CHOPPY
2025-12-30 04:00:00,2025-12-30 05:00:00,2025-12-30 09:00:00,DOWN,Moderate,87262.1,87827.0,opp_signal,4.0,-0.006473600795763534,-0.007273600795763535,CHOPPY
2025-12-30 08:00:00,2025-12-30 09:00:00,2025-12-30 13:00:00,UP,Moderate,87827.0,87993.3,opp_signal,4.0,0.0018934951666345068,0.0010934951666345069,CHOPPY
2025-12-30 10:00:00,2025-12-30 11:00:00,2025-12-30 13:00:00,UP,Moderate,87914.3,87993.3,opp_signal,2.0,0.0008986023889174799,9.860238891747986e-05,CHOPPY
2025-12-30 12:00:00,2025-12-30 13:00:00,2025-12-30 17:00:00,DOWN,Moderate,87993.3,88698.8,opp_signal,4.0,-0.008017655889709818,-0.008817655889709819,CHOPPY
2025-12-30 13:00:00,2025-12-30 14:00:00,2025-12-30 17:00:00,DOWN,Strong,88069.9,88698.8,opp_signal,3.0,-0.007140918747494895,-0.007940918747494896,CHOPPY
2025-12-30 14:00:00,2025-12-30 15:00:00,2025-12-30 17:00:00,DOWN,Moderate,88831.5,88698.8,opp_signal,2.0,0.0014938394601013982,0.0006938394601013982,CHOPPY
2025-12-30 15:00:00,2025-12-30 16:00:00,2025-12-30 17:00:00,DOWN,Moderate,88966.8,88698.8,opp_signal,1.0,0.0030123596667520625,0.0022123596667520625,CHOPPY
2025-12-30 16:00:00,2025-12-30 17:00:00,2025-12-30 18:00:00,UP,Moderate,88698.8,88330.2,opp_signal,1.0,-0.004155636829359599,-0.0049556368293595995,CHOPPY
2025-12-30 17:00:00,2025-12-30 18:00:00,2025-12-31 15:00:00,DOWN,Moderate,88330.2,88443.4,opp_signal,21.0,-0.0012815548928906129,-0.002081554892890613,CHOPPY
2025-12-30 18:00:00,2025-12-30 19:00:00,2025-12-31 15:00:00,DOWN,Strong,88259.7,88443.4,opp_signal,20.0,-0.0020813576298128744,-0.0028813576298128744,CHOPPY
2025-12-30 19:00:00,2025-12-30 20:00:00,2025-12-31 15:00:00,DOWN,Strong,88189.8,88443.4,opp_signal,19.0,-0.0028756160009433263,-0.003675616000943326,CHOPPY
2025-12-30 20:00:00,2025-12-30 21:00:00,2025-12-31 15:00:00,DOWN,Strong,87900.2,88443.4,opp_signal,18.0,-0.006179735654753937,-0.006979735654753938,CHOPPY
2025-12-30 21:00:00,2025-12-30 22:00:00,2025-12-31 15:00:00,DOWN,Strong,88245.5,88443.4,opp_signal,17.0,-0.002242607271758734,-0.003042607271758734,CHOPPY
2025-12-30 22:00:00,2025-12-30 23:00:00,2025-12-31 15:00:00,DOWN,Moderate,88387.8,88443.4,opp_signal,16.0,-0.0006290460900710837,-0.0014290460900710836,CHOPPY
2025-12-30 23:00:00,2025-12-31 00:00:00,2025-12-31 15:00:00,DOWN,Strong,88455.2,88443.4,opp_signal,15.0,0.0001334008628096628,-0.0006665991371903372,CHOPPY
2025-12-31 00:00:00,2025-12-31 01:00:00,2025-12-31 15:00:00,DOWN,Moderate,88226.2,88443.4,opp_signal,14.0,-0.0024618537350582503,-0.0032618537350582503,CHOPPY
2025-12-31 01:00:00,2025-12-31 02:00:00,2025-12-31 15:00:00,DOWN,Moderate,88604.7,88443.4,opp_signal,13.0,0.0018204451908307995,0.0010204451908307995,CHOPPY
2025-12-31 14:00:00,2025-12-31 15:00:00,2026-01-03 15:00:00,UP,Moderate,88443.4,89931.8,time_exit,72.0,0.01682884194863621,0.01602884194863621,CHOPPY
2025-12-31 15:00:00,2025-12-31 16:00:00,2026-01-03 16:00:00,UP,Moderate,87909.0,90065.0,time_exit,72.0,0.02452536145332096,0.02372536145332096,CHOPPY
2025-12-31 16:00:00,2025-12-31 17:00:00,2026-01-03 17:00:00,UP,Strong,87625.9,90054.5,time_exit,72.0,0.02771554985455227,0.02691554985455227,CHOPPY
2025-12-31 18:00:00,2025-12-31 19:00:00,2026-01-03 19:00:00,UP,Moderate,87655.9,90091.8,time_exit,72.0,0.02778934447082304,0.026989344470823042,CHOPPY
2025-12-31 19:00:00,2025-12-31 20:00:00,2026-01-03 20:00:00,UP,Moderate,87515.0,90333.0,time_exit,72.0,0.03220019425241394,0.031400194252413936,CHOPPY
2025-12-31 20:00:00,2025-12-31 21:00:00,2026-01-03 21:00:00,UP,Moderate,87629.0,90333.1,opp_signal,72.0,0.030858505745814835,0.030058505745814836,CHOPPY
2026-01-01 04:00:00,2026-01-01 05:00:00,2026-01-03 21:00:00,UP,Moderate,87566.9,90333.1,opp_signal,64.0,0.031589561809313826,0.030789561809313828,CHOPPY
2026-01-01 14:00:00,2026-01-01 15:00:00,2026-01-03 21:00:00,UP,Moderate,87917.6,90333.1,opp_signal,54.0,0.027474589843216934,0.026674589843216936,CHOPPY
2026-01-01 23:00:00,2026-01-02 00:00:00,2026-01-03 21:00:00,UP,Moderate,88800.0,90333.1,opp_signal,45.0,0.017264639639639645,0.016464639639639646,CHOPPY
2026-01-03 20:00:00,2026-01-03 21:00:00,2026-01-05 01:00:00,DOWN,Moderate,90333.1,93043.09300000001,disaster_stop,28.0,-0.030000000000000027,-0.030800000000000025,CHOPPY
2026-01-03 21:00:00,2026-01-03 22:00:00,2026-01-05 01:00:00,DOWN,Moderate,90530.3,93246.209,disaster_stop,27.0,-0.030000000000000027,-0.030800000000000025,CHOPPY
2026-01-03 22:00:00,2026-01-03 23:00:00,2026-01-05 01:00:00,DOWN,Moderate,90557.4,93274.12199999999,disaster_stop,26.0,-0.030000000000000027,-0.030800000000000025,CHOPPY
2026-01-03 23:00:00,2026-01-04 00:00:00,2026-01-05 01:00:00,DOWN,Moderate,90595.8,93313.674,disaster_stop,25.0,-0.030000000000000027,-0.030800000000000025,CHOPPY
2026-01-04 00:00:00,2026-01-04 01:00:00,2026-01-05 16:00:00,DOWN,Moderate,91301.4,94040.442,disaster_stop,39.0,-0.030000000000000027,-0.030800000000000025,CHOPPY
2026-01-04 01:00:00,2026-01-04 02:00:00,2026-01-05 15:00:00,DOWN,Moderate,91190.0,93925.7,disaster_stop,37.0,-0.030000000000000027,-0.030800000000000025,CHOPPY
2026-01-04 02:00:00,2026-01-04 03:00:00,2026-01-05 15:00:00,DOWN,Moderate,91099.2,93832.17599999999,disaster_stop,36.0,-0.030000000000000027,-0.030800000000000025,CHOPPY
2026-01-04 03:00:00,2026-01-04 04:00:00,2026-01-05 15:00:00,DOWN,Moderate,91192.7,93928.481,disaster_stop,35.0,-0.030000000000000027,-0.030800000000000025,CHOPPY
2026-01-04 04:00:00,2026-01-04 05:00:00,2026-01-05 17:00:00,DOWN,Moderate,91354.9,94095.54699999999,disaster_stop,36.0,-0.030000000000000027,-0.030800000000000025,CHOPPY
2026-01-04 09:00:00,2026-01-04 10:00:00,2026-01-05 17:00:00,DOWN,Moderate,91413.8,94156.214,disaster_stop,31.0,-0.030000000000000027,-0.030800000000000025,CHOPPY
2026-01-04 10:00:00,2026-01-04 11:00:00,2026-01-05 17:00:00,DOWN,Moderate,91553.4,94300.002,disaster_stop,30.0,-0.030000000000000027,-0.030800000000000025,CHOPPY
2026-01-05 02:00:00,2026-01-05 03:00:00,2026-01-07 19:00:00,DOWN,Moderate,92990.3,90857.4,opp_signal,64.0,0.02293680093515138,0.02213680093515138,CHOPPY
2026-01-05 15:00:00,2026-01-05 16:00:00,2026-01-07 19:00:00,DOWN,Moderate,93900.0,90857.4,opp_signal,51.0,0.032402555910543196,0.031602555910543194,CHOPPY
2026-01-05 16:00:00,2026-01-05 17:00:00,2026-01-07 19:00:00,DOWN,Moderate,93646.6,90857.4,opp_signal,50.0,0.029784316782456743,0.028984316782456745,CHOPPY
2026-01-05 17:00:00,2026-01-05 18:00:00,2026-01-07 19:00:00,DOWN,Moderate,94273.0,90857.4,opp_signal,49.0,0.036230946294273036,0.035430946294273034,CHOPPY
2026-01-05 18:00:00,2026-01-05 19:00:00,2026-01-07 19:00:00,DOWN,Moderate,94400.5,90857.4,opp_signal,48.0,0.03753264018728719,0.03673264018728719,CHOPPY
2026-01-05 19:00:00,2026-01-05 20:00:00,2026-01-07 19:00:00,DOWN,Moderate,94248.6,90857.4,opp_signal,47.0,0.03598143632902784,0.035181436329027836,CHOPPY
2026-01-05 20:00:00,2026-01-05 21:00:00,2026-01-07 19:00:00,DOWN,Moderate,94131.0,90857.4,opp_signal,46.0,0.03477706600376074,0.033977066003760735,CHOPPY
2026-01-06 04:00:00,2026-01-06 05:00:00,2026-01-07 19:00:00,DOWN,Moderate,93758.8,90857.4,opp_signal,38.0,0.030945361928693682,0.030145361928693683,CHOPPY
2026-01-06 05:00:00,2026-01-06 06:00:00,2026-01-07 19:00:00,DOWN,Moderate,93552.0,90857.4,opp_signal,37.0,0.02880323242688565,0.02800323242688565,CHOPPY
2026-01-06 06:00:00,2026-01-06 07:00:00,2026-01-07 19:00:00,DOWN,Moderate,93727.5,90857.4,opp_signal,36.0,0.030621749219812866,0.029821749219812867,CHOPPY
2026-01-06 08:00:00,2026-01-06 09:00:00,2026-01-07 19:00:00,DOWN,Moderate,93196.9,90857.4,opp_signal,34.0,0.02510276629372865,0.024302766293728652,CHOPPY
2026-01-06 09:00:00,2026-01-06 10:00:00,2026-01-07 19:00:00,DOWN,Moderate,93420.4,90857.4,opp_signal,33.0,0.02743512123690328,0.026635121236903283,CHOPPY
2026-01-06 10:00:00,2026-01-06 11:00:00,2026-01-07 19:00:00,DOWN,Strong,93536.4,90857.4,opp_signal,32.0,0.02864125623821312,0.02784125623821312,CHOPPY
2026-01-06 11:00:00,2026-01-06 12:00:00,2026-01-07 19:00:00,DOWN,Moderate,93800.0,90857.4,opp_signal,31.0,0.031371002132196235,0.030571002132196236,CHOPPY
2026-01-06 12:00:00,2026-01-06 13:00:00,2026-01-07 19:00:00,DOWN,Moderate,93819.4,90857.4,opp_signal,30.0,0.031571295488992734,0.030771295488992736,CHOPPY
2026-01-06 13:00:00,2026-01-06 14:00:00,2026-01-07 19:00:00,DOWN,Moderate,93678.0,90857.4,opp_signal,29.0,0.03010952411452006,0.02930952411452006,CHOPPY
2026-01-06 14:00:00,2026-01-06 15:00:00,2026-01-07 19:00:00,DOWN,Moderate,93796.2,90857.4,opp_signal,28.0,0.03133175970881552,0.030531759708815522,CHOPPY
2026-01-06 15:00:00,2026-01-06 16:00:00,2026-01-07 19:00:00,DOWN,Moderate,93608.2,90857.4,opp_signal,27.0,0.02938631444681128,0.02858631444681128,CHOPPY
2026-01-06 16:00:00,2026-01-06 17:00:00,2026-01-07 19:00:00,DOWN,Moderate,92651.3,90857.4,opp_signal,26.0,0.019361843816546598,0.0185618438165466,CHOPPY
2026-01-06 17:00:00,2026-01-06 18:00:00,2026-01-07 19:00:00,DOWN,Moderate,91547.5,90857.4,opp_signal,25.0,0.0075381632485869154,0.006738163248586915,CHOPPY
2026-01-06 19:00:00,2026-01-06 20:00:00,2026-01-07 19:00:00,DOWN,Moderate,92062.2,90857.4,opp_signal,23.0,0.013086804356185255,0.012286804356185255,CHOPPY
2026-01-07 01:00:00,2026-01-07 02:00:00,2026-01-07 19:00:00,DOWN,Moderate,92405.6,90857.4,opp_signal,17.0,0.01675439583748184,0.01595439583748184,BEAR
2026-01-07 03:00:00,2026-01-07 04:00:00,2026-01-07 19:00:00,DOWN,Moderate,92778.1,90857.4,opp_signal,15.0,0.020702083789170156,0.019902083789170157,BEAR
2026-01-07 04:00:00,2026-01-07 05:00:00,2026-01-07 19:00:00,DOWN,Moderate,92637.3,90857.4,opp_signal,14.0,0.019213642884669646,0.018413642884669647,BEAR
2026-01-07 05:00:00,2026-01-07 06:00:00,2026-01-07 19:00:00,DOWN,Moderate,92504.0,90857.4,opp_signal,13.0,0.017800311337888175,0.017000311337888176,BEAR
2026-01-07 06:00:00,2026-01-07 07:00:00,2026-01-07 19:00:00,DOWN,Moderate,92576.4,90857.4,opp_signal,12.0,0.01856844725005513,0.017768447250055133,CHOPPY
2026-01-07 07:00:00,2026-01-07 08:00:00,2026-01-07 19:00:00,DOWN,Moderate,92848.1,90857.4,opp_signal,11.0,0.021440395656992517,0.02064039565699252,BEAR
2026-01-07 08:00:00,2026-01-07 09:00:00,2026-01-07 19:00:00,DOWN,Moderate,92680.4,90857.4,opp_signal,10.0,0.019669746785728193,0.018869746785728194,BEAR
2026-01-07 11:00:00,2026-01-07 12:00:00,2026-01-07 19:00:00,DOWN,Moderate,92041.8,90857.4,opp_signal,7.0,0.012868066465453798,0.012068066465453798,BEAR
2026-01-07 12:00:00,2026-01-07 13:00:00,2026-01-07 19:00:00,DOWN,Moderate,91953.3,90857.4,opp_signal,6.0,0.011918006205323906,0.011118006205323905,BEAR
2026-01-07 17:00:00,2026-01-07 18:00:00,2026-01-07 19:00:00,DOWN,Moderate,91214.9,90857.4,opp_signal,1.0,0.003919315813534885,0.003119315813534885,BEAR
2026-01-07 18:00:00,2026-01-07 19:00:00,2026-01-10 19:00:00,UP,Moderate,90857.4,90591.4,time_exit,72.0,-0.0029276646701313913,-0.0037276646701313912,BEAR
2026-01-11 20:00:00,2026-01-11 21:00:00,2026-01-12 15:00:00,DOWN,Moderate,90654.2,90852.7,opp_signal,18.0,-0.002189639310699265,-0.002989639310699265,CHOPPY
2026-01-12 02:00:00,2026-01-12 03:00:00,2026-01-12 15:00:00,DOWN,Moderate,92168.8,90852.7,opp_signal,12.0,0.014279235489666808,0.013479235489666808,CHOPPY
2026-01-12 03:00:00,2026-01-12 04:00:00,2026-01-12 15:00:00,DOWN,Moderate,91766.2,90852.7,opp_signal,11.0,0.009954645610257384,0.009154645610257384,CHOPPY
2026-01-12 04:00:00,2026-01-12 05:00:00,2026-01-12 15:00:00,DOWN,Moderate,92126.6,90852.7,opp_signal,10.0,0.013827710997692422,0.013027710997692421,CHOPPY
2026-01-12 05:00:00,2026-01-12 06:00:00,2026-01-12 15:00:00,DOWN,Moderate,92066.7,90852.7,opp_signal,9.0,0.013186092257026716,0.012386092257026715,CHOPPY
2026-01-12 07:00:00,2026-01-12 08:00:00,2026-01-12 15:00:00,DOWN,Moderate,91369.2,90852.7,opp_signal,7.0,0.005652889595180843,0.004852889595180843,CHOPPY
2026-01-12 14:00:00,2026-01-12 15:00:00,2026-01-13 09:00:00,UP,Moderate,90852.7,92137.7,opp_signal,18.0,0.014143773382629288,0.013343773382629287,CHOPPY
2026-01-13 08:00:00,2026-01-13 09:00:00,2026-01-13 22:00:00,DOWN,Moderate,92137.7,94901.83099999999,disaster_stop,13.0,-0.030000000000000027,-0.030800000000000025,CHOPPY
2026-01-13 17:00:00,2026-01-13 18:00:00,2026-01-13 22:00:00,DOWN,Moderate,93190.5,95986.215,disaster_stop,4.0,-0.030000000000000027,-0.030800000000000025,CHOPPY
2026-01-14 03:00:00,2026-01-14 04:00:00,2026-01-17 04:00:00,DOWN,Moderate,95665.6,95267.4,time_exit,72.0,0.004162415748189652,0.003362415748189652,BULL
2026-01-16 04:00:00,2026-01-16 05:00:00,2026-01-19 05:00:00,DOWN,Strong,95233.4,92471.4,time_exit,72.0,0.029002429819790065,0.028202429819790067,CHOPPY
2026-01-16 05:00:00,2026-01-16 06:00:00,2026-01-19 06:00:00,DOWN,Moderate,95615.9,92542.8,time_exit,72.0,0.032140052020636634,0.03134005202063663,CHOPPY
2026-01-16 06:00:00,2026-01-16 07:00:00,2026-01-19 07:00:00,DOWN,Strong,95702.5,92787.9,time_exit,72.0,0.030454794806823338,0.02965479480682334,CHOPPY
2026-01-16 07:00:00,2026-01-16 08:00:00,2026-01-19 08:00:00,DOWN,Strong,95608.4,93200.3,time_exit,72.0,0.025187117449931073,0.024387117449931075,CHOPPY
2026-01-16 08:00:00,2026-01-16 09:00:00,2026-01-19 09:00:00,DOWN,Strong,95628.4,93000.0,time_exit,72.0,0.027485558683403633,0.026685558683403634,CHOPPY
2026-01-16 09:00:00,2026-01-16 10:00:00,2026-01-19 10:00:00,DOWN,Strong,95568.1,93021.2,time_exit,72.0,0.026650106050031375,0.025850106050031376,CHOPPY
2026-01-16 10:00:00,2026-01-16 11:00:00,2026-01-19 11:00:00,DOWN,Strong,95272.5,93136.7,time_exit,72.0,0.02241780156918316,0.02161780156918316,CHOPPY
2026-01-16 11:00:00,2026-01-16 12:00:00,2026-01-19 12:00:00,DOWN,Strong,95382.5,93025.9,time_exit,72.0,0.02470683825649367,0.02390683825649367,CHOPPY
2026-01-16 12:00:00,2026-01-16 13:00:00,2026-01-19 13:00:00,DOWN,Strong,95414.6,92993.0,time_exit,72.0,0.02537976368396455,0.024579763683964553,CHOPPY
2026-01-16 13:00:00,2026-01-16 14:00:00,2026-01-19 14:00:00,DOWN,Strong,95400.1,92779.7,time_exit,72.0,0.027467476449186234,0.026667476449186236,CHOPPY
2026-01-16 14:00:00,2026-01-16 15:00:00,2026-01-19 15:00:00,DOWN,Strong,95137.0,93013.5,time_exit,72.0,0.022320443150404157,0.021520443150404158,CHOPPY
2026-01-16 15:00:00,2026-01-16 16:00:00,2026-01-19 16:00:00,DOWN,Strong,94537.6,93264.9,time_exit,72.0,0.013462368412145098,0.012662368412145098,CHOPPY
2026-01-16 16:00:00,2026-01-16 17:00:00,2026-01-19 17:00:00,DOWN,Moderate,94826.5,93195.1,time_exit,72.0,0.01720405161004568,0.01640405161004568,CHOPPY
2026-01-16 17:00:00,2026-01-16 18:00:00,2026-01-19 18:00:00,DOWN,Moderate,95041.7,93022.9,time_exit,72.0,0.02124120254582995,0.020441202545829953,CHOPPY
2026-01-16 19:00:00,2026-01-16 20:00:00,2026-01-19 20:00:00,DOWN,Moderate,94961.0,93107.4,time_exit,72.0,0.019519592253662066,0.018719592253662067,CHOPPY
2026-01-16 20:00:00,2026-01-16 21:00:00,2026-01-19 21:00:00,DOWN,Moderate,95517.2,92968.5,time_exit,72.0,0.026683152353712214,0.025883152353712215,CHOPPY
2026-01-16 23:00:00,2026-01-17 00:00:00,2026-01-20 00:00:00,DOWN,Moderate,95503.8,92676.1,time_exit,72.0,0.0296082459546112,0.028808245954611202,CHOPPY
2026-01-17 00:00:00,2026-01-17 01:00:00,2026-01-20 01:00:00,DOWN,Moderate,95416.8,92688.7,time_exit,72.0,0.02859140109498548,0.02779140109498548,CHOPPY
2026-01-17 14:00:00,2026-01-17 15:00:00,2026-01-20 06:00:00,DOWN,Moderate,95419.9,91590.1,opp_signal,63.0,0.04013628184477225,0.039336281844772246,CHOPPY
2026-01-17 15:00:00,2026-01-17 16:00:00,2026-01-20 06:00:00,DOWN,Strong,95529.0,91590.1,opp_signal,62.0,0.04123250531252287,0.04043250531252287,CHOPPY
2026-01-17 17:00:00,2026-01-17 18:00:00,2026-01-20 06:00:00,DOWN,Moderate,95318.1,91590.1,opp_signal,60.0,0.039111144682909105,0.0383111446829091,CHOPPY
2026-01-17 19:00:00,2026-01-17 20:00:00,2026-01-20 06:00:00,DOWN,Strong,95258.3,91590.1,opp_signal,58.0,0.03850793054253532,0.037707930542535316,CHOPPY
2026-01-17 20:00:00,2026-01-17 21:00:00,2026-01-20 06:00:00,DOWN,Strong,95332.9,91590.1,opp_signal,57.0,0.03926031831613208,0.03846031831613208,CHOPPY
2026-01-17 21:00:00,2026-01-17 22:00:00,2026-01-20 06:00:00,DOWN,Strong,95272.7,91590.1,opp_signal,56.0,0.03865325533967223,0.03785325533967223,CHOPPY
2026-01-17 22:00:00,2026-01-17 23:00:00,2026-01-20 06:00:00,DOWN,Moderate,95120.8,91590.1,opp_signal,55.0,0.03711806460837164,0.036318064608371635,CHOPPY
2026-01-17 23:00:00,2026-01-18 00:00:00,2026-01-20 06:00:00,DOWN,Strong,95107.9,91590.1,opp_signal,54.0,0.03698746371226769,0.036187463712267685,CHOPPY
2026-01-18 00:00:00,2026-01-18 01:00:00,2026-01-20 06:00:00,DOWN,Moderate,95073.2,91590.1,opp_signal,53.0,0.0366359815384355,0.0358359815384355,CHOPPY
2026-01-18 01:00:00,2026-01-18 02:00:00,2026-01-20 06:00:00,DOWN,Strong,94928.8,91590.1,opp_signal,52.0,0.03517056994294665,0.03437056994294665,CHOPPY
2026-01-18 02:00:00,2026-01-18 03:00:00,2026-01-20 06:00:00,DOWN,Moderate,94989.1,91590.1,opp_signal,51.0,0.035783053002923504,0.0349830530029235,CHOPPY
2026-01-18 03:00:00,2026-01-18 04:00:00,2026-01-20 06:00:00,DOWN,Moderate,95155.0,91590.1,opp_signal,50.0,0.03746413745993371,0.03666413745993371,CHOPPY
2026-01-20 05:00:00,2026-01-20 06:00:00,2026-01-20 13:00:00,UP,Strong,91590.1,91240.0,opp_signal,7.0,-0.003822465528479646,-0.004622465528479646,CHOPPY
2026-01-20 06:00:00,2026-01-20 07:00:00,2026-01-20 13:00:00,UP,Strong,90894.5,91240.0,opp_signal,6.0,0.0038011100781676355,0.0030011100781676355,CHOPPY
2026-01-20 08:00:00,2026-01-20 09:00:00,2026-01-20 13:00:00,UP,Strong,91078.9,91240.0,opp_signal,4.0,0.0017687960658288038,0.0009687960658288037,CHOPPY
2026-01-20 12:00:00,2026-01-20 13:00:00,2026-01-20 14:00:00,DOWN,Moderate,91240.0,90919.0,opp_signal,1.0,0.0035181937746602276,0.0027181937746602277,CHOPPY
2026-01-20 13:00:00,2026-01-20 14:00:00,2026-01-20 22:00:00,UP,Moderate,90919.0,88191.43,disaster_stop,8.0,-0.030000000000000027,-0.030800000000000025,CHOPPY
2026-01-20 14:00:00,2026-01-20 15:00:00,2026-01-21 07:00:00,UP,Moderate,90496.6,89618.4,opp_signal,16.0,-0.009704231982196165,-0.010504231982196166,CHOPPY
2026-01-20 16:00:00,2026-01-20 17:00:00,2026-01-21 07:00:00,UP,Strong,90131.8,89618.4,opp_signal,14.0,-0.005696102818317228,-0.006496102818317228,CHOPPY
2026-01-20 17:00:00,2026-01-20 18:00:00,2026-01-21 07:00:00,UP,Strong,89739.6,89618.4,opp_signal,13.0,-0.0013505743283902527,-0.0021505743283902526,CHOPPY
2026-01-20 18:00:00,2026-01-20 19:00:00,2026-01-21 07:00:00,UP,Strong,89471.5,89618.4,opp_signal,12.0,0.0016418636101998008,0.0008418636101998007,CHOPPY
2026-01-20 19:00:00,2026-01-20 20:00:00,2026-01-21 07:00:00,UP,Strong,89694.1,89618.4,opp_signal,11.0,-0.0008439797043507946,-0.0016439797043507945,CHOPPY
2026-01-20 20:00:00,2026-01-20 21:00:00,2026-01-21 07:00:00,UP,Strong,89700.8,89618.4,opp_signal,10.0,-0.000918609421543759,-0.001718609421543759,CHOPPY
2026-01-20 21:00:00,2026-01-20 22:00:00,2026-01-21 07:00:00,UP,Moderate,89445.6,89618.4,opp_signal,9.0,0.0019319005071236628,0.0011319005071236629,CHOPPY
2026-01-20 22:00:00,2026-01-20 23:00:00,2026-01-21 07:00:00,UP,Strong,88468.9,89618.4,opp_signal,8.0,0.01299326656033939,0.012193266560339389,CHOPPY
2026-01-20 23:00:00,2026-01-21 00:00:00,2026-01-21 07:00:00,UP,Strong,88390.7,89618.4,opp_signal,7.0,0.0138894702723249,0.0130894702723249,CHOPPY
2026-01-21 00:00:00,2026-01-21 01:00:00,2026-01-21 07:00:00,UP,Strong,88895.5,89618.4,opp_signal,6.0,0.0081320201809989,0.0073320201809989,CHOPPY
2026-01-21 01:00:00,2026-01-21 02:00:00,2026-01-21 07:00:00,UP,Strong,88985.3,89618.4,opp_signal,5.0,0.007114658263780438,0.0063146582637804375,CHOPPY
2026-01-21 02:00:00,2026-01-21 03:00:00,2026-01-21 07:00:00,UP,Strong,89015.0,89618.4,opp_signal,4.0,0.006778632814694152,0.005978632814694152,CHOPPY
2026-01-21 03:00:00,2026-01-21 04:00:00,2026-01-21 07:00:00,UP,Strong,89395.9,89618.4,opp_signal,3.0,0.0024889284631621766,0.0016889284631621767,CHOPPY
2026-01-21 05:00:00,2026-01-21 06:00:00,2026-01-21 07:00:00,UP,Moderate,89919.9,89618.4,opp_signal,1.0,-0.003352984155898797,-0.0041529841558987975,CHOPPY
2026-01-21 06:00:00,2026-01-21 07:00:00,2026-01-21 12:00:00,DOWN,Moderate,89618.4,88757.0,opp_signal,5.0,0.00961186542049397,0.00881186542049397,CHOPPY
2026-01-21 10:00:00,2026-01-21 11:00:00,2026-01-21 12:00:00,DOWN,Moderate,89200.8,88757.0,opp_signal,1.0,0.004975291701419748,0.004175291701419748,CHOPPY
2026-01-21 11:00:00,2026-01-21 12:00:00,2026-01-22 02:00:00,UP,Strong,88757.0,90071.1,opp_signal,14.0,0.014805592798314615,0.014005592798314615,CHOPPY
2026-01-21 12:00:00,2026-01-21 13:00:00,2026-01-22 02:00:00,UP,Strong,88692.5,90071.1,opp_signal,13.0,0.015543591622741548,0.014743591622741548,CHOPPY
2026-01-21 13:00:00,2026-01-21 14:00:00,2026-01-22 02:00:00,UP,Strong,88631.1,90071.1,opp_signal,12.0,0.016247118675047467,0.015447118675047467,BEAR
2026-01-21 14:00:00,2026-01-21 15:00:00,2026-01-22 02:00:00,UP,Strong,89755.7,90071.1,opp_signal,11.0,0.0035139829559571734,0.0027139829559571734,CHOPPY
2026-01-21 15:00:00,2026-01-21 16:00:00,2026-01-21 17:00:00,UP,Strong,90237.2,87530.084,disaster_stop,1.0,-0.029999999999999916,-0.030799999999999914,BEAR
2026-01-21 16:00:00,2026-01-21 17:00:00,2026-01-22 02:00:00,UP,Moderate,87562.3,90071.1,opp_signal,9.0,0.028651600060756843,0.027851600060756845,BEAR
2026-01-21 17:00:00,2026-01-21 18:00:00,2026-01-22 02:00:00,UP,Strong,87897.0,90071.1,opp_signal,8.0,0.024734632581316918,0.02393463258131692,BEAR
2026-01-21 18:00:00,2026-01-21 19:00:00,2026-01-22 02:00:00,UP,Strong,88441.1,90071.1,opp_signal,7.0,0.018430345167574913,0.017630345167574914,BULL
2026-01-21 20:00:00,2026-01-21 21:00:00,2026-01-22 02:00:00,UP,Strong,90170.8,90071.1,opp_signal,5.0,-0.0011056794438997208,-0.0019056794438997208,BULL
2026-01-21 21:00:00,2026-01-21 22:00:00,2026-01-22 02:00:00,UP,Strong,90203.8,90071.1,opp_signal,4.0,-0.0014711131903533126,-0.0022711131903533125,BULL
2026-01-21 22:00:00,2026-01-21 23:00:00,2026-01-22 02:00:00,UP,Moderate,89728.4,90071.1,opp_signal,3.0,0.0038193035872702286,0.0030193035872702286,BULL
2026-01-21 23:00:00,2026-01-22 00:00:00,2026-01-22 02:00:00,UP,Strong,89411.4,90071.1,opp_signal,2.0,0.007378253779719568,0.006578253779719568,BULL
2026-01-22 01:00:00,2026-01-22 02:00:00,2026-01-22 16:00:00,DOWN,Strong,90071.1,88953.7,opp_signal,14.0,0.012405755009098463,0.011605755009098462,BULL
2026-01-22 02:00:00,2026-01-22 03:00:00,2026-01-22 16:00:00,DOWN,Moderate,89901.9,88953.7,opp_signal,13.0,0.010547051842063393,0.009747051842063393,BULL
2026-01-22 04:00:00,2026-01-22 05:00:00,2026-01-22 16:00:00,DOWN,Strong,89958.2,88953.7,opp_signal,11.0,0.011166297235827294,0.010366297235827293,CHOPPY
2026-01-22 05:00:00,2026-01-22 06:00:00,2026-01-22 16:00:00,DOWN,Strong,89981.8,88953.7,opp_signal,10.0,0.011425643852423506,0.010625643852423506,BULL
2026-01-22 06:00:00,2026-01-22 07:00:00,2026-01-22 16:00:00,DOWN,Strong,90122.9,88953.7,opp_signal,9.0,0.01297339521919505,0.01217339521919505,BULL
2026-01-22 07:00:00,2026-01-22 08:00:00,2026-01-22 16:00:00,DOWN,Strong,89772.6,88953.7,opp_signal,8.0,0.009121936982999346,0.008321936982999345,BULL
2026-01-22 08:00:00,2026-01-22 09:00:00,2026-01-22 16:00:00,DOWN,Moderate,89878.5,88953.7,opp_signal,7.0,0.010289446308071493,0.009489446308071492,BULL
2026-01-22 09:00:00,2026-01-22 10:00:00,2026-01-22 16:00:00,DOWN,Moderate,89994.9,88953.7,opp_signal,6.0,0.011569544496410344,0.010769544496410344,BULL
2026-01-22 10:00:00,2026-01-22 11:00:00,2026-01-22 16:00:00,DOWN,Moderate,90046.6,88953.7,opp_signal,5.0,0.012137049039053216,0.011337049039053216,BULL
2026-01-22 11:00:00,2026-01-22 12:00:00,2026-01-22 16:00:00,DOWN,Strong,89909.7,88953.7,opp_signal,4.0,0.010632890555746455,0.009832890555746454,BULL
2026-01-22 12:00:00,2026-01-22 13:00:00,2026-01-22 16:00:00,DOWN,Strong,89985.7,88953.7,opp_signal,3.0,0.011468488882122374,0.010668488882122374,BULL
2026-01-22 13:00:00,2026-01-22 14:00:00,2026-01-22 16:00:00,DOWN,Strong,89570.0,88953.7,opp_signal,2.0,0.0068806520040192165,0.006080652004019216,BEAR
2026-01-22 14:00:00,2026-01-22 15:00:00,2026-01-22 16:00:00,DOWN,Moderate,89055.1,88953.7,opp_signal,1.0,0.0011386209212050913,0.00033862092120509125,BEAR
2026-01-22 15:00:00,2026-01-22 16:00:00,2026-01-22 17:00:00,UP,Moderate,88953.7,89006.9,opp_signal,1.0,0.0005980639366320872,-0.0002019360633679128,BULL
2026-01-22 16:00:00,2026-01-22 17:00:00,2026-01-22 19:00:00,DOWN,Strong,89006.9,89295.4,opp_signal,2.0,-0.003241321740224734,-0.0040413217402247344,BULL
2026-01-22 17:00:00,2026-01-22 18:00:00,2026-01-22 19:00:00,DOWN,Strong,89500.0,89295.4,opp_signal,1.0,0.0022860335195531434,0.0014860335195531434,BULL
2026-01-22 18:00:00,2026-01-22 19:00:00,2026-01-23 02:00:00,UP,Moderate,89295.4,89893.7,opp_signal,7.0,0.006700233158706936,0.005900233158706936,CHOPPY
2026-01-22 19:00:00,2026-01-22 20:00:00,2026-01-23 02:00:00,UP,Strong,89732.8,89893.7,opp_signal,6.0,0.0017931012962928428,0.0009931012962928428,CHOPPY
2026-01-22 20:00:00,2026-01-22 21:00:00,2026-01-23 02:00:00,UP,Moderate,89370.8,89893.7,opp_signal,5.0,0.005850904322217021,0.005050904322217021,CHOPPY
2026-01-22 21:00:00,2026-01-22 22:00:00,2026-01-23 02:00:00,UP,Moderate,89222.2,89893.7,opp_signal,4.0,0.007526153804770619,0.0067261538047706185,CHOPPY
2026-01-22 22:00:00,2026-01-22 23:00:00,2026-01-23 02:00:00,UP,Strong,89304.7,89893.7,opp_signal,3.0,0.006595397554663984,0.005795397554663984,CHOPPY
2026-01-23 01:00:00,2026-01-23 02:00:00,2026-01-23 10:00:00,DOWN,Moderate,89893.7,88940.0,opp_signal,8.0,0.01060919730748644,0.00980919730748644,CHOPPY
2026-01-23 02:00:00,2026-01-23 03:00:00,2026-01-23 10:00:00,DOWN,Strong,89611.3,88940.0,opp_signal,7.0,0.007491242733896342,0.006691242733896341,CHOPPY
2026-01-23 03:00:00,2026-01-23 04:00:00,2026-01-23 10:00:00,DOWN,Strong,89886.2,88940.0,opp_signal,6.0,0.010526643689465098,0.009726643689465098,CHOPPY
2026-01-23 04:00:00,2026-01-23 05:00:00,2026-01-23 10:00:00,DOWN,Strong,89922.6,88940.0,opp_signal,5.0,0.010927175148405466,0.010127175148405465,CHOPPY
2026-01-23 05:00:00,2026-01-23 06:00:00,2026-01-23 10:00:00,DOWN,Moderate,89573.8,88940.0,opp_signal,4.0,0.007075729733471259,0.006275729733471258,CHOPPY
2026-01-23 06:00:00,2026-01-23 07:00:00,2026-01-23 10:00:00,DOWN,Moderate,89475.0,88940.0,opp_signal,3.0,0.005979323833472994,0.005179323833472993,CHOPPY
2026-01-23 09:00:00,2026-01-23 10:00:00,2026-01-23 16:00:00,UP,Strong,88940.0,89711.2,opp_signal,6.0,0.008671014166854007,0.007871014166854007,CHOPPY
2026-01-23 10:00:00,2026-01-23 11:00:00,2026-01-23 16:00:00,UP,Strong,89016.6,89711.2,opp_signal,5.0,0.007803038983740018,0.007003038983740018,CHOPPY
2026-01-23 11:00:00,2026-01-23 12:00:00,2026-01-23 16:00:00,UP,Moderate,89171.3,89711.2,opp_signal,4.0,0.006054638656159517,0.005254638656159516,CHOPPY
2026-01-23 14:00:00,2026-01-23 15:00:00,2026-01-23 16:00:00,UP,Moderate,88976.0,89711.2,opp_signal,1.0,0.008262902355691493,0.007462902355691492,CHOPPY
2026-01-23 15:00:00,2026-01-23 16:00:00,2026-01-23 21:00:00,DOWN,Strong,89711.2,89456.5,opp_signal,5.0,0.0028391103897841274,0.0020391103897841275,CHOPPY
2026-01-23 16:00:00,2026-01-23 17:00:00,2026-01-23 21:00:00,DOWN,Strong,90079.1,89456.5,opp_signal,4.0,0.006911703158668403,0.006111703158668403,CHOPPY
2026-01-23 17:00:00,2026-01-23 18:00:00,2026-01-23 21:00:00,DOWN,Strong,90576.0,89456.5,opp_signal,3.0,0.012359786256845084,0.011559786256845084,CHOPPY
2026-01-23 18:00:00,2026-01-23 19:00:00,2026-01-23 21:00:00,DOWN,Strong,90486.3,89456.5,opp_signal,2.0,0.01138072835335302,0.01058072835335302,CHOPPY
2026-01-23 20:00:00,2026-01-23 21:00:00,2026-01-25 01:00:00,UP,Strong,89456.5,89275.7,opp_signal,28.0,-0.0020210940512986886,-0.0028210940512986885,CHOPPY
2026-01-23 21:00:00,2026-01-23 22:00:00,2026-01-25 01:00:00,UP,Strong,89301.2,89275.7,opp_signal,27.0,-0.00028555047412581747,-0.0010855504741258174,CHOPPY
2026-01-23 22:00:00,2026-01-23 23:00:00,2026-01-25 01:00:00,UP,Strong,89585.4,89275.7,opp_signal,26.0,-0.003457036526041013,-0.004257036526041013,CHOPPY
2026-01-23 23:00:00,2026-01-24 00:00:00,2026-01-25 01:00:00,UP,Strong,89558.7,89275.7,opp_signal,25.0,-0.0031599386770910787,-0.003959938677091079,CHOPPY
2026-01-24 00:00:00,2026-01-24 01:00:00,2026-01-25 01:00:00,UP,Strong,89414.2,89275.7,opp_signal,24.0,-0.0015489709688170095,-0.0023489709688170094,CHOPPY
2026-01-24 01:00:00,2026-01-24 02:00:00,2026-01-25 01:00:00,UP,Strong,89512.8,89275.7,opp_signal,23.0,-0.0026487831907839876,-0.0034487831907839875,CHOPPY
2026-01-24 02:00:00,2026-01-24 03:00:00,2026-01-25 01:00:00,UP,Strong,89666.3,89275.7,opp_signal,22.0,-0.00435615164225589,-0.00515615164225589,CHOPPY
2026-01-24 03:00:00,2026-01-24 04:00:00,2026-01-25 01:00:00,UP,Strong,89738.4,89275.7,opp_signal,21.0,-0.0051560981697912345,-0.005956098169791235,CHOPPY
2026-01-24 05:00:00,2026-01-24 06:00:00,2026-01-25 01:00:00,UP,Moderate,89744.5,89275.7,opp_signal,19.0,-0.0052237184451414675,-0.006023718445141468,CHOPPY
2026-01-24 06:00:00,2026-01-24 07:00:00,2026-01-25 01:00:00,UP,Moderate,89612.4,89275.7,opp_signal,18.0,-0.003757292517553301,-0.0045572925175533015,CHOPPY
2026-01-24 07:00:00,2026-01-24 08:00:00,2026-01-25 01:00:00,UP,Moderate,89581.3,89275.7,opp_signal,17.0,-0.0034114262686520958,-0.004211426268652096,CHOPPY
2026-01-24 08:00:00,2026-01-24 09:00:00,2026-01-25 01:00:00,UP,Moderate,89635.3,89275.7,opp_signal,16.0,-0.00401181231055181,-0.00481181231055181,CHOPPY
2026-01-24 09:00:00,2026-01-24 10:00:00,2026-01-25 01:00:00,UP,Moderate,89567.5,89275.7,opp_signal,15.0,-0.0032578781366009446,-0.004057878136600945,CHOPPY
2026-01-24 10:00:00,2026-01-24 11:00:00,2026-01-25 01:00:00,UP,Moderate,89590.2,89275.7,opp_signal,14.0,-0.003510428595984827,-0.004310428595984827,CHOPPY
2026-01-24 11:00:00,2026-01-24 12:00:00,2026-01-25 01:00:00,UP,Moderate,89548.5,89275.7,opp_signal,13.0,-0.003046393853610052,-0.003846393853610052,CHOPPY
2026-01-24 12:00:00,2026-01-24 13:00:00,2026-01-25 01:00:00,UP,Moderate,89497.6,89275.7,opp_signal,12.0,-0.0024793960955378225,-0.0032793960955378224,CHOPPY
2026-01-24 13:00:00,2026-01-24 14:00:00,2026-01-25 01:00:00,UP,Moderate,89321.7,89275.7,opp_signal,11.0,-0.0005149924374480142,-0.001314992437448014,CHOPPY
2026-01-24 14:00:00,2026-01-24 15:00:00,2026-01-25 01:00:00,UP,Moderate,89407.7,89275.7,opp_signal,10.0,-0.0014763829066176681,-0.002276382906617668,CHOPPY
2026-01-24 15:00:00,2026-01-24 16:00:00,2026-01-25 01:00:00,UP,Moderate,89234.9,89275.7,opp_signal,9.0,0.00045722021316785266,-0.0003427797868321474,CHOPPY
2026-01-24 16:00:00,2026-01-24 17:00:00,2026-01-25 01:00:00,UP,Moderate,89248.6,89275.7,opp_signal,8.0,0.00030364621966039174,-0.0004963537803396083,CHOPPY
2026-01-24 17:00:00,2026-01-24 18:00:00,2026-01-25 01:00:00,UP,Moderate,89369.6,89275.7,opp_signal,7.0,-0.0010506928530508164,-0.0018506928530508163,CHOPPY
2026-01-25 00:00:00,2026-01-25 01:00:00,2026-01-25 04:00:00,DOWN,Moderate,89275.7,88920.0,opp_signal,3.0,0.0039842868776162055,0.0031842868776162056,CHOPPY
2026-01-25 03:00:00,2026-01-25 04:00:00,2026-01-25 19:00:00,UP,Moderate,88920.0,86252.4,disaster_stop,15.0,-0.030000000000000027,-0.030800000000000025,CHOPPY
2026-01-25 08:00:00,2026-01-25 09:00:00,2026-01-27 20:00:00,UP,Strong,88254.9,88378.1,opp_signal,59.0,0.0013959564851357964,0.0005959564851357964,CHOPPY
2026-01-25 09:00:00,2026-01-25 10:00:00,2026-01-27 20:00:00,UP,Moderate,88361.5,88378.1,opp_signal,58.0,0.00018786462429920547,-0.0006121353757007946,CHOPPY
2026-01-25 19:00:00,2026-01-25 20:00:00,2026-01-27 20:00:00,UP,Moderate,86459.4,88378.1,opp_signal,48.0,0.022191918981626202,0.021391918981626203,CHOPPY
2026-01-25 20:00:00,2026-01-25 21:00:00,2026-01-27 20:00:00,UP,Moderate,86618.4,88378.1,opp_signal,47.0,0.020315544965042287,0.01951554496504229,CHOPPY
2026-01-25 21:00:00,2026-01-25 22:00:00,2026-01-27 20:00:00,UP,Moderate,86525.0,88378.1,opp_signal,46.0,0.021416931522681315,0.020616931522681316,CHOPPY
2026-01-25 22:00:00,2026-01-25 23:00:00,2026-01-27 20:00:00,UP,Moderate,86489.0,88378.1,opp_signal,45.0,0.021842083964434877,0.02104208396443488,CHOPPY
2026-01-25 23:00:00,2026-01-26 00:00:00,2026-01-27 20:00:00,UP,Moderate,86628.9,88378.1,opp_signal,44.0,0.020191875921315106,0.019391875921315107,CHOPPY
2026-01-26 00:00:00,2026-01-26 01:00:00,2026-01-27 20:00:00,UP,Moderate,86808.5,88378.1,opp_signal,43.0,0.01808117868641901,0.01728117868641901,CHOPPY
2026-01-26 01:00:00,2026-01-26 02:00:00,2026-01-27 20:00:00,UP,Moderate,87661.7,88378.1,opp_signal,42.0,0.008172326112772188,0.007372326112772188,CHOPPY
2026-01-26 03:00:00,2026-01-26 04:00:00,2026-01-27 20:00:00,UP,Moderate,87233.1,88378.1,opp_signal,40.0,0.013125751578242584,0.012325751578242583,CHOPPY
2026-01-26 14:00:00,2026-01-26 15:00:00,2026-01-27 20:00:00,UP,Moderate,88137.0,88378.1,opp_signal,29.0,0.002735514029295283,0.001935514029295283,CHOPPY
2026-01-26 15:00:00,2026-01-26 16:00:00,2026-01-27 20:00:00,UP,Moderate,87609.4,88378.1,opp_signal,28.0,0.008774172634443467,0.007974172634443466,CHOPPY
2026-01-26 16:00:00,2026-01-26 17:00:00,2026-01-27 20:00:00,UP,Moderate,87579.5,88378.1,opp_signal,27.0,0.00911857226862467,0.00831857226862467,CHOPPY
2026-01-26 17:00:00,2026-01-26 18:00:00,2026-01-27 20:00:00,UP,Moderate,87657.4,88378.1,opp_signal,26.0,0.008221781617981039,0.007421781617981038,BULL
2026-01-27 14:00:00,2026-01-27 15:00:00,2026-01-27 20:00:00,UP,Moderate,87712.2,88378.1,opp_signal,5.0,0.0075918743344711714,0.006791874334471171,CHOPPY
2026-01-27 19:00:00,2026-01-27 20:00:00,2026-01-28 12:00:00,DOWN,Moderate,88378.1,90036.9,opp_signal,16.0,-0.018769355756686146,-0.019569355756686144,BULL
2026-01-27 23:00:00,2026-01-28 00:00:00,2026-01-28 12:00:00,DOWN,Moderate,89197.8,90036.9,opp_signal,12.0,-0.009407182688362159,-0.01020718268836216,BULL
2026-01-28 02:00:00,2026-01-28 03:00:00,2026-01-28 12:00:00,DOWN,Moderate,89245.1,90036.9,opp_signal,9.0,-0.008872195784418224,-0.009672195784418225,CHOPPY
2026-01-28 11:00:00,2026-01-28 12:00:00,2026-01-29 13:00:00,UP,Moderate,90036.9,88073.9,opp_signal,25.0,-0.021802172220500737,-0.022602172220500736,BULL
2026-01-28 12:00:00,2026-01-28 13:00:00,2026-01-29 13:00:00,UP,Moderate,89954.9,88073.9,opp_signal,24.0,-0.020910478473101568,-0.021710478473101567,BULL
2026-01-28 14:00:00,2026-01-28 15:00:00,2026-01-29 13:00:00,UP,Moderate,89578.1,88073.9,opp_signal,22.0,-0.016792050735615183,-0.01759205073561518,BULL
2026-01-28 15:00:00,2026-01-28 16:00:00,2026-01-29 13:00:00,UP,Strong,89444.5,88073.9,opp_signal,21.0,-0.01532346874318713,-0.01612346874318713,BULL
2026-01-28 16:00:00,2026-01-28 17:00:00,2026-01-29 13:00:00,UP,Moderate,89588.8,88073.9,opp_signal,20.0,-0.016909479756398227,-0.017709479756398225,BULL
2026-01-28 17:00:00,2026-01-28 18:00:00,2026-01-29 13:00:00,UP,Moderate,90142.9,88073.9,opp_signal,19.0,-0.022952445505968866,-0.023752445505968865,BULL
2026-01-28 18:00:00,2026-01-28 19:00:00,2026-01-29 13:00:00,UP,Moderate,89500.9,88073.9,opp_signal,18.0,-0.01594397374775003,-0.016743973747750027,BULL
2026-01-28 19:00:00,2026-01-28 20:00:00,2026-01-29 13:00:00,UP,Moderate,89363.5,88073.9,opp_signal,17.0,-0.014430947758312995,-0.015230947758312996,CHOPPY
2026-01-28 20:00:00,2026-01-28 21:00:00,2026-01-29 13:00:00,UP,Moderate,89100.0,88073.9,opp_signal,16.0,-0.011516273849607295,-0.012316273849607295,CHOPPY
2026-01-28 21:00:00,2026-01-28 22:00:00,2026-01-29 13:00:00,UP,Moderate,89369.4,88073.9,opp_signal,15.0,-0.014496013176769629,-0.015296013176769629,CHOPPY
2026-01-29 02:00:00,2026-01-29 03:00:00,2026-01-29 13:00:00,UP,Moderate,87857.9,88073.9,opp_signal,10.0,0.0024585153981599994,0.0016585153981599995,BEAR
2026-01-29 03:00:00,2026-01-29 04:00:00,2026-01-29 13:00:00,UP,Moderate,88003.2,88073.9,opp_signal,9.0,0.0008033798770954448,3.379877095444745e-06,BEAR
2026-01-29 12:00:00,2026-01-29 13:00:00,2026-01-29 16:00:00,DOWN,Moderate,88073.9,84897.9,opp_signal,3.0,0.036060626360363335,0.03526062636036333,CHOPPY
2026-01-29 13:00:00,2026-01-29 14:00:00,2026-01-29 16:00:00,DOWN,Moderate,88008.8,84897.9,opp_signal,2.0,0.035347601603476164,0.03454760160347616,CHOPPY
2026-01-29 15:00:00,2026-01-29 16:00:00,2026-01-30 01:00:00,UP,Moderate,84897.9,82286.05617333796,disaster_stop,9.0,-0.03076452805855079,-0.03156452805855079,BEAR
2026-01-29 16:00:00,2026-01-29 17:00:00,2026-01-30 01:00:00,UP,Moderate,85230.3,82477.81644667097,disaster_stop,8.0,-0.03229465991940694,-0.033094659919406945,BEAR
2026-01-29 17:00:00,2026-01-29 18:00:00,2026-01-30 01:00:00,UP,Moderate,84225.0,81195.66527190876,disaster_stop,7.0,-0.035967168039076736,-0.03676716803907674,BEAR
2026-01-29 18:00:00,2026-01-29 19:00:00,2026-01-31 16:00:00,UP,Strong,83440.8,80273.47489534384,disaster_stop,45.0,-0.03795894939473454,-0.038758949394734545,BEAR
2026-01-29 19:00:00,2026-01-29 20:00:00,2026-01-31 14:00:00,UP,Strong,83979.5,80762.15525996214,disaster_stop,42.0,-0.038311072821794134,-0.039111072821794136,BEAR
2026-01-29 20:00:00,2026-01-29 21:00:00,2026-01-30 01:00:00,UP,Moderate,84186.4,81030.12274139341,disaster_stop,4.0,-0.037491533770378394,-0.038291533770378396,BEAR
2026-01-30 00:00:00,2026-01-30 01:00:00,2026-01-30 01:00:00,UP,Moderate,84157.4,81380.75969431845,disaster_stop,0.0,-0.0329934183527717,-0.0337934183527717,BEAR
2026-01-30 01:00:00,2026-01-30 02:00:00,2026-01-31 17:00:00,UP,Moderate,82434.7,78954.24828758142,disaster_stop,39.0,-0.04222071181697251,-0.043020711816972514,BEAR
2026-01-30 02:00:00,2026-01-30 03:00:00,2026-01-31 17:00:00,UP,Strong,82128.0,78496.60912418274,disaster_stop,38.0,-0.044216234120120546,-0.04501623412012055,BEAR
2026-01-30 03:00:00,2026-01-30 04:00:00,2026-01-31 17:00:00,UP,Moderate,82640.9,79064.92275816969,disaster_stop,37.0,-0.04327127659343377,-0.044071276593433774,BEAR
2026-01-30 04:00:00,2026-01-30 05:00:00,2026-01-31 17:00:00,UP,Moderate,82906.5,79397.52113258615,disaster_stop,36.0,-0.0423245326652778,-0.043124532665277805,BEAR
2026-01-30 06:00:00,2026-01-30 07:00:00,2026-01-31 17:00:00,UP,Moderate,82560.8,79172.24985411765,disaster_stop,34.0,-0.04104308758978059,-0.04184308758978059,BEAR
2026-01-30 09:00:00,2026-01-30 10:00:00,2026-01-31 17:00:00,UP,Moderate,82320.5,79109.8857614783,disaster_stop,31.0,-0.03900139380253642,-0.039801393802536424,BEAR
2026-01-30 15:00:00,2026-01-30 16:00:00,2026-01-31 17:00:00,UP,Moderate,82850.1,79533.07284570728,disaster_stop,25.0,-0.04003648944651517,-0.04083648944651517,BEAR
2026-01-30 17:00:00,2026-01-30 18:00:00,2026-01-31 17:00:00,UP,Moderate,82908.0,79547.96128022719,disaster_stop,23.0,-0.04052731605843596,-0.04132731605843596,BULL
2026-01-31 08:00:00,2026-01-31 09:00:00,2026-01-31 16:00:00,UP,Moderate,83031.1,80503.88339180627,disaster_stop,7.0,-0.030436988167008905,-0.031236988167008903,CHOPPY
2026-01-31 21:00:00,2026-01-31 22:00:00,2026-02-03 05:00:00,UP,Moderate,78252.5,78767.5,opp_signal,55.0,0.006581259384684124,0.0057812593846841235,BEAR
2026-02-03 04:00:00,2026-02-03 05:00:00,2026-02-03 21:00:00,DOWN,Moderate,78767.5,76431.9,opp_signal,16.0,0.02965182340432293,0.02885182340432293,BULL
2026-02-03 05:00:00,2026-02-03 06:00:00,2026-02-03 21:00:00,DOWN,Strong,78202.8,76431.9,opp_signal,15.0,0.022644969233838297,0.021844969233838298,BULL
2026-02-03 06:00:00,2026-02-03 07:00:00,2026-02-03 21:00:00,DOWN,Moderate,78557.4,76431.9,opp_signal,14.0,0.027056649023516566,0.026256649023516567,BULL
2026-02-03 07:00:00,2026-02-03 08:00:00,2026-02-03 21:00:00,DOWN,Moderate,78750.0,76431.9,opp_signal,13.0,0.029436190476190505,0.028636190476190506,BULL
2026-02-03 08:00:00,2026-02-03 09:00:00,2026-02-03 21:00:00,DOWN,Moderate,78708.7,76431.9,opp_signal,12.0,0.028926916592447838,0.02812691659244784,BULL
2026-02-03 09:00:00,2026-02-03 10:00:00,2026-02-03 21:00:00,DOWN,Moderate,78351.4,76431.9,opp_signal,11.0,0.024498605002590934,0.023698605002590935,BULL
2026-02-03 10:00:00,2026-02-03 11:00:00,2026-02-03 21:00:00,DOWN,Strong,78077.3,76431.9,opp_signal,10.0,0.021073986933462185,0.020273986933462187,CHOPPY
2026-02-03 11:00:00,2026-02-03 12:00:00,2026-02-03 21:00:00,DOWN,Moderate,78040.1,76431.9,opp_signal,9.0,0.02060735442420003,0.019807354424200032,CHOPPY
2026-02-03 12:00:00,2026-02-03 13:00:00,2026-02-03 21:00:00,DOWN,Strong,78289.8,76431.9,opp_signal,8.0,0.02373106075120912,0.022931060751209122,CHOPPY
2026-02-03 13:00:00,2026-02-03 14:00:00,2026-02-03 21:00:00,DOWN,Strong,78260.4,76431.9,opp_signal,7.0,0.023364306852507788,0.02256430685250779,BEAR
2026-02-03 14:00:00,2026-02-03 15:00:00,2026-02-03 21:00:00,DOWN,Moderate,77164.5,76431.9,opp_signal,6.0,0.009494003071360613,0.008694003071360612,BEAR
2026-02-03 15:00:00,2026-02-03 16:00:00,2026-02-03 21:00:00,DOWN,Strong,78094.2,76431.9,opp_signal,5.0,0.02128583172629983,0.020485831726299832,BEAR
2026-02-03 16:00:00,2026-02-03 17:00:00,2026-02-03 21:00:00,DOWN,Moderate,76458.2,76431.9,opp_signal,4.0,0.0003439788014889533,-0.0004560211985110467,BEAR
2026-02-03 17:00:00,2026-02-03 18:00:00,2026-02-03 21:00:00,DOWN,Moderate,74882.4,76431.9,opp_signal,3.0,-0.020692445754943778,-0.021492445754943777,BEAR
2026-02-03 20:00:00,2026-02-03 21:00:00,2026-02-04 14:00:00,UP,Moderate,76431.9,74838.3,opp_signal,17.0,-0.020849933077680793,-0.021649933077680792,BEAR
2026-02-03 22:00:00,2026-02-03 23:00:00,2026-02-04 14:00:00,UP,Moderate,75672.5,74838.3,opp_signal,15.0,-0.011023819749578778,-0.011823819749578779,BEAR
2026-02-04 01:00:00,2026-02-04 02:00:00,2026-02-04 14:00:00,UP,Moderate,76392.1,74838.3,opp_signal,12.0,-0.02033979953424503,-0.021139799534245027,BEAR
2026-02-04 02:00:00,2026-02-04 03:00:00,2026-02-04 14:00:00,UP,Moderate,75926.9,74838.3,opp_signal,11.0,-0.014337474597276967,-0.015137474597276967,BEAR
2026-02-04 03:00:00,2026-02-04 04:00:00,2026-02-04 14:00:00,UP,Strong,76661.1,74838.3,opp_signal,10.0,-0.0237773786183606,-0.0245773786183606,BEAR
2026-02-04 08:00:00,2026-02-04 09:00:00,2026-02-04 14:00:00,UP,Moderate,76541.2,74838.3,opp_signal,5.0,-0.02224814870945313,-0.02304814870945313,BEAR
2026-02-04 09:00:00,2026-02-04 10:00:00,2026-02-04 14:00:00,UP,Moderate,76082.0,74838.3,opp_signal,4.0,-0.01634683630819378,-0.017146836308193778,BEAR
2026-02-04 11:00:00,2026-02-04 12:00:00,2026-02-04 14:00:00,UP,Moderate,75987.6,74838.3,opp_signal,2.0,-0.015124836157478394,-0.015924836157478393,BEAR
2026-02-04 13:00:00,2026-02-04 14:00:00,2026-02-05 17:00:00,DOWN,Moderate,74838.3,68262.7,opp_signal,27.0,0.08786410166986702,0.08706410166986703,BEAR
2026-02-04 15:00:00,2026-02-04 16:00:00,2026-02-05 17:00:00,DOWN,Moderate,74107.0,68262.7,opp_signal,25.0,0.07886299539854535,0.07806299539854536,BEAR
2026-02-04 17:00:00,2026-02-04 18:00:00,2026-02-05 17:00:00,DOWN,Moderate,72544.3,68262.7,opp_signal,23.0,0.05902048817067651,0.05822048817067651,CHOPPY
2026-02-04 20:00:00,2026-02-04 21:00:00,2026-02-05 17:00:00,DOWN,Moderate,73488.9,68262.7,opp_signal,20.0,0.07111550179686998,0.07031550179686999,BEAR
2026-02-04 21:00:00,2026-02-04 22:00:00,2026-02-05 17:00:00,DOWN,Strong,72772.9,68262.7,opp_signal,19.0,0.06197636757639169,0.06117636757639169,BEAR
2026-02-04 22:00:00,2026-02-04 23:00:00,2026-02-05 17:00:00,DOWN,Moderate,72511.0,68262.7,opp_signal,18.0,0.058588352112093345,0.05778835211209334,BEAR
2026-02-04 23:00:00,2026-02-05 00:00:00,2026-02-05 17:00:00,DOWN,Moderate,73137.5,68262.7,opp_signal,17.0,0.06665253802768767,0.06585253802768767,BEAR
2026-02-05 00:00:00,2026-02-05 01:00:00,2026-02-05 17:00:00,DOWN,Moderate,72838.9,68262.7,opp_signal,16.0,0.0628263194529296,0.0620263194529296,BEAR
2026-02-05 01:00:00,2026-02-05 02:00:00,2026-02-05 17:00:00,DOWN,Moderate,72389.1,68262.7,opp_signal,15.0,0.057003057090086906,0.056203057090086904,BEAR
2026-02-05 04:00:00,2026-02-05 05:00:00,2026-02-05 17:00:00,DOWN,Moderate,70863.9,68262.7,opp_signal,12.0,0.03670698338646328,0.035906983386463275,BEAR
2026-02-05 16:00:00,2026-02-05 17:00:00,2026-02-05 20:00:00,UP,Moderate,68262.7,63313.55960855232,disaster_stop,3.0,-0.07250138642989035,-0.07330138642989034,BEAR
2026-02-05 20:00:00,2026-02-05 21:00:00,2026-02-08 21:00:00,UP,Moderate,63750.9,70665.4,time_exit,72.0,0.10846121388090202,0.10766121388090202,BEAR
2026-02-05 22:00:00,2026-02-05 23:00:00,2026-02-08 23:00:00,UP,Moderate,63878.7,70288.1,time_exit,72.0,0.10033704505570729,0.09953704505570729,BEAR
2026-02-05 23:00:00,2026-02-06 00:00:00,2026-02-09 00:00:00,UP,Moderate,62868.1,70454.1,time_exit,72.0,0.12066532947552111,0.11986532947552112,BEAR
2026-02-06 02:00:00,2026-02-06 03:00:00,2026-02-09 03:00:00,UP,Moderate,64955.6,71269.9,time_exit,72.0,0.09720947847452721,0.09640947847452722,BEAR
2026-02-06 06:00:00,2026-02-06 07:00:00,2026-02-09 07:00:00,UP,Moderate,64947.6,70393.5,time_exit,72.0,0.08385067346599406,0.08305067346599407,BEAR
2026-02-07 04:00:00,2026-02-07 05:00:00,2026-02-09 08:00:00,UP,Moderate,70728.6,70393.5,opp_signal,51.0,-0.004737828827376833,-0.0055378288273768336,BULL
2026-02-07 05:00:00,2026-02-07 06:00:00,2026-02-09 08:00:00,UP,Moderate,70124.6,70393.5,opp_signal,50.0,0.0038346029781273216,0.0030346029781273217,BULL
2026-02-07 06:00:00,2026-02-07 07:00:00,2026-02-09 08:00:00,UP,Moderate,68733.6,70393.5,opp_signal,49.0,0.024149760815670884,0.023349760815670886,BULL
2026-02-07 07:00:00,2026-02-07 08:00:00,2026-02-09 08:00:00,UP,Moderate,68050.5,70393.5,opp_signal,48.0,0.03443031278241904,0.033630312782419035,BULL
2026-02-07 08:00:00,2026-02-07 09:00:00,2026-02-09 08:00:00,UP,Moderate,68458.6,70393.5,opp_signal,47.0,0.028263797389955325,0.027463797389955327,BULL
2026-02-07 09:00:00,2026-02-07 10:00:00,2026-02-09 08:00:00,UP,Moderate,68107.3,70393.5,opp_signal,46.0,0.03356762050470352,0.03276762050470352,BULL
2026-02-07 11:00:00,2026-02-07 12:00:00,2026-02-09 08:00:00,UP,Moderate,67935.0,70393.5,opp_signal,44.0,0.03618900419518667,0.03538900419518667,BULL
2026-02-07 12:00:00,2026-02-07 13:00:00,2026-02-09 08:00:00,UP,Moderate,68988.7,70393.5,opp_signal,43.0,0.020362755059886606,0.019562755059886607,BULL
2026-02-07 13:00:00,2026-02-07 14:00:00,2026-02-09 08:00:00,UP,Moderate,69062.9,70393.5,opp_signal,42.0,0.019266494746093876,0.018466494746093878,BULL
2026-02-07 15:00:00,2026-02-07 16:00:00,2026-02-09 08:00:00,UP,Moderate,69122.1,70393.5,opp_signal,40.0,0.018393538390760522,0.017593538390760523,BEAR
2026-02-07 16:00:00,2026-02-07 17:00:00,2026-02-09 08:00:00,UP,Moderate,68924.4,70393.5,opp_signal,39.0,0.021314657798979786,0.020514657798979787,BEAR
2026-02-07 17:00:00,2026-02-07 18:00:00,2026-02-09 08:00:00,UP,Moderate,69154.2,70393.5,opp_signal,38.0,0.017920820427392847,0.01712082042739285,CHOPPY
2026-02-07 19:00:00,2026-02-07 20:00:00,2026-02-09 08:00:00,UP,Moderate,69341.3,70393.5,opp_signal,36.0,0.015174217962455216,0.014374217962455216,CHOPPY
2026-02-07 20:00:00,2026-02-07 21:00:00,2026-02-09 08:00:00,UP,Moderate,69596.5,70393.5,opp_signal,35.0,0.011451725302278115,0.010651725302278115,BEAR
2026-02-07 21:00:00,2026-02-07 22:00:00,2026-02-09 08:00:00,UP,Moderate,69466.2,70393.5,opp_signal,34.0,0.013348938044689396,0.012548938044689395,BEAR
2026-02-07 22:00:00,2026-02-07 23:00:00,2026-02-09 08:00:00,UP,Moderate,69368.2,70393.5,opp_signal,33.0,0.01478054785910543,0.01398054785910543,BEAR
2026-02-07 23:00:00,2026-02-08 00:00:00,2026-02-09 08:00:00,UP,Moderate,69254.3,70393.5,opp_signal,32.0,0.016449520102000736,0.015649520102000738,BEAR
2026-02-08 00:00:00,2026-02-08 01:00:00,2026-02-09 08:00:00,UP,Moderate,69100.3,70393.5,opp_signal,31.0,0.018714824682381836,0.017914824682381838,BEAR
2026-02-08 01:00:00,2026-02-08 02:00:00,2026-02-09 08:00:00,UP,Moderate,69341.4,70393.5,opp_signal,30.0,0.015172753939205252,0.014372753939205252,BEAR
2026-02-08 02:00:00,2026-02-08 03:00:00,2026-02-09 08:00:00,UP,Moderate,69335.7,70393.5,opp_signal,29.0,0.015256210004370052,0.014456210004370052,BEAR
2026-02-08 03:00:00,2026-02-08 04:00:00,2026-02-09 08:00:00,UP,Moderate,69064.7,70393.5,opp_signal,28.0,0.019239930094534508,0.01843993009453451,BEAR
2026-02-08 04:00:00,2026-02-08 05:00:00,2026-02-09 08:00:00,UP,Moderate,69303.4,70393.5,opp_signal,27.0,0.015729387014201457,0.014929387014201457,BEAR
2026-02-08 05:00:00,2026-02-08 06:00:00,2026-02-09 08:00:00,UP,Moderate,69190.8,70393.5,opp_signal,26.0,0.017382368754227384,0.016582368754227386,BULL
2026-02-08 06:00:00,2026-02-08 07:00:00,2026-02-09 08:00:00,UP,Moderate,69321.7,70393.5,opp_signal,25.0,0.015461248065180122,0.014661248065180122,BULL
2026-02-08 09:00:00,2026-02-08 10:00:00,2026-02-09 08:00:00,UP,Moderate,70066.9,70393.5,opp_signal,22.0,0.004661259453465183,0.003861259453465183,BULL
2026-02-08 10:00:00,2026-02-08 11:00:00,2026-02-09 08:00:00,UP,Moderate,70231.1,70393.5,opp_signal,21.0,0.002312365889185708,0.001512365889185708,BULL
2026-02-08 16:00:00,2026-02-08 17:00:00,2026-02-09 08:00:00,UP,Moderate,70388.6,70393.5,opp_signal,15.0,6.961354537526887e-05,-0.0007303864546247312,BULL
2026-02-08 17:00:00,2026-02-08 18:00:00,2026-02-09 08:00:00,UP,Moderate,70754.4,70393.5,opp_signal,14.0,-0.0051007428513278885,-0.005900742851327889,BULL
2026-02-08 18:00:00,2026-02-08 19:00:00,2026-02-09 08:00:00,UP,Moderate,71103.0,70393.5,opp_signal,13.0,-0.009978481920594029,-0.01077848192059403,BULL
2026-02-08 19:00:00,2026-02-08 20:00:00,2026-02-09 08:00:00,UP,Moderate,71381.0,70393.5,opp_signal,12.0,-0.013834213586248478,-0.014634213586248479,BULL
2026-02-08 20:00:00,2026-02-08 21:00:00,2026-02-09 08:00:00,UP,Strong,70801.5,70393.5,opp_signal,11.0,-0.00576258977564037,-0.00656258977564037,BULL
2026-02-08 21:00:00,2026-02-08 22:00:00,2026-02-09 08:00:00,UP,Moderate,70665.5,70393.5,opp_signal,10.0,-0.0038491201505684858,-0.004649120150568486,BULL
2026-02-08 22:00:00,2026-02-08 23:00:00,2026-02-09 08:00:00,UP,Moderate,71036.2,70393.5,opp_signal,9.0,-0.009047499725492014,-0.009847499725492015,BULL
2026-02-08 23:00:00,2026-02-09 00:00:00,2026-02-09 08:00:00,UP,Strong,70288.2,70393.5,opp_signal,8.0,0.0014981177494943765,0.0006981177494943764,BULL
2026-02-09 00:00:00,2026-02-09 01:00:00,2026-02-09 08:00:00,UP,Strong,70453.8,70393.5,opp_signal,7.0,-0.0008558800235047848,-0.0016558800235047847,BULL
2026-02-09 01:00:00,2026-02-09 02:00:00,2026-02-09 08:00:00,UP,Strong,70327.9,70393.5,opp_signal,6.0,0.0009327734796575893,0.00013277347965758924,BULL
2026-02-09 02:00:00,2026-02-09 03:00:00,2026-02-09 08:00:00,UP,Strong,70593.1,70393.5,opp_signal,5.0,-0.002827471806734705,-0.003627471806734705,BULL
2026-02-09 03:00:00,2026-02-09 04:00:00,2026-02-09 08:00:00,UP,Moderate,71269.8,70393.5,opp_signal,4.0,-0.012295530505207042,-0.013095530505207042,BULL
2026-02-09 07:00:00,2026-02-09 08:00:00,2026-02-11 07:00:00,DOWN,Moderate,70393.5,66786.3,opp_signal,47.0,0.0512433676404781,0.0504433676404781,BEAR
2026-02-09 08:00:00,2026-02-09 09:00:00,2026-02-11 07:00:00,DOWN,Moderate,69832.1,66786.3,opp_signal,46.0,0.043616044770241835,0.04281604477024183,BEAR
2026-02-09 22:00:00,2026-02-09 23:00:00,2026-02-11 07:00:00,DOWN,Moderate,70334.2,66786.3,opp_signal,32.0,0.0504434542512745,0.0496434542512745,CHOPPY
2026-02-09 23:00:00,2026-02-10 00:00:00,2026-02-11 07:00:00,DOWN,Moderate,70110.6,66786.3,opp_signal,31.0,0.04741508416701612,0.04661508416701612,BEAR
2026-02-10 00:00:00,2026-02-10 01:00:00,2026-02-11 07:00:00,DOWN,Moderate,69793.3,66786.3,opp_signal,30.0,0.04308436483158129,0.04228436483158129,CHOPPY
2026-02-10 06:00:00,2026-02-10 07:00:00,2026-02-11 07:00:00,DOWN,Moderate,68872.4,66786.3,opp_signal,24.0,0.03028934667588168,0.02948934667588168,BEAR
2026-02-10 07:00:00,2026-02-10 08:00:00,2026-02-11 07:00:00,DOWN,Moderate,68882.2,66786.3,opp_signal,23.0,0.030427309232283428,0.02962730923228343,BEAR
2026-02-10 08:00:00,2026-02-10 09:00:00,2026-02-11 07:00:00,DOWN,Moderate,69091.8,66786.3,opp_signal,22.0,0.03336864866742506,0.03256864866742506,BEAR
2026-02-10 09:00:00,2026-02-10 10:00:00,2026-02-11 07:00:00,DOWN,Moderate,69115.0,66786.3,opp_signal,21.0,0.03369312016204873,0.032893120162048727,CHOPPY
2026-02-10 11:00:00,2026-02-10 12:00:00,2026-02-11 07:00:00,DOWN,Moderate,68489.9,66786.3,opp_signal,19.0,0.024873740507724396,0.024073740507724397,BEAR
2026-02-10 12:00:00,2026-02-10 13:00:00,2026-02-11 07:00:00,DOWN,Moderate,68564.7,66786.3,opp_signal,18.0,0.025937545121614947,0.025137545121614948,BULL
2026-02-10 13:00:00,2026-02-10 14:00:00,2026-02-11 07:00:00,DOWN,Moderate,68981.8,66786.3,opp_signal,17.0,0.03182723558967726,0.031027235589677262,BEAR
2026-02-10 16:00:00,2026-02-10 17:00:00,2026-02-11 07:00:00,DOWN,Moderate,69473.5,66786.3,opp_signal,14.0,0.03867949649866487,0.037879496498664865,BEAR
2026-02-10 23:00:00,2026-02-11 00:00:00,2026-02-11 07:00:00,DOWN,Moderate,68805.3,66786.3,opp_signal,7.0,0.02934366974637126,0.02854366974637126,BEAR
2026-02-11 00:00:00,2026-02-11 01:00:00,2026-02-11 07:00:00,DOWN,Moderate,69156.9,66786.3,opp_signal,6.0,0.03427857523978073,0.033478575239780727,BEAR
2026-02-11 01:00:00,2026-02-11 02:00:00,2026-02-11 07:00:00,DOWN,Moderate,68947.5,66786.3,opp_signal,5.0,0.0313455890351354,0.030545589035135403,BEAR
2026-02-11 02:00:00,2026-02-11 03:00:00,2026-02-11 07:00:00,DOWN,Moderate,68641.3,66786.3,opp_signal,4.0,0.027024546446527076,0.026224546446527077,BEAR
2026-02-11 06:00:00,2026-02-11 07:00:00,2026-02-11 21:00:00,UP,Moderate,66786.3,67523.3,opp_signal,14.0,0.011035197338376213,0.010235197338376212,BEAR
2026-02-11 10:00:00,2026-02-11 11:00:00,2026-02-11 21:00:00,UP,Moderate,66506.1,67523.3,opp_signal,10.0,0.015294837616399048,0.014494837616399048,BEAR
2026-02-11 20:00:00,2026-02-11 21:00:00,2026-02-12 16:00:00,DOWN,Moderate,67523.3,67107.0,opp_signal,19.0,0.006165279244349731,0.00536527924434973,BEAR
2026-02-11 22:00:00,2026-02-11 23:00:00,2026-02-12 16:00:00,DOWN,Moderate,67392.1,67107.0,opp_signal,17.0,0.004230466182238102,0.003430466182238102,BEAR
2026-02-12 00:00:00,2026-02-12 01:00:00,2026-02-12 16:00:00,DOWN,Moderate,67431.7,67107.0,opp_signal,15.0,0.0048152426825958106,0.00401524268259581,BEAR
2026-02-12 01:00:00,2026-02-12 02:00:00,2026-02-12 16:00:00,DOWN,Moderate,67668.3,67107.0,opp_signal,14.0,0.00829487367053705,0.00749487367053705,BEAR
2026-02-12 02:00:00,2026-02-12 03:00:00,2026-02-12 16:00:00,DOWN,Moderate,67408.3,67107.0,opp_signal,13.0,0.004469775977142376,0.0036697759771423762,BEAR
2026-02-12 03:00:00,2026-02-12 04:00:00,2026-02-12 16:00:00,DOWN,Moderate,67550.3,67107.0,opp_signal,12.0,0.006562517116874389,0.005762517116874389,BEAR
2026-02-12 04:00:00,2026-02-12 05:00:00,2026-02-12 16:00:00,DOWN,Moderate,66989.8,67107.0,opp_signal,11.0,-0.0017495200761905583,-0.002549520076190558,CHOPPY
2026-02-12 08:00:00,2026-02-12 09:00:00,2026-02-12 16:00:00,DOWN,Moderate,67107.4,67107.0,opp_signal,7.0,5.960594509635264e-06,-0.0007940394054903648,BULL
2026-02-12 09:00:00,2026-02-12 10:00:00,2026-02-12 16:00:00,DOWN,Moderate,67517.7,67107.0,opp_signal,6.0,0.006082849386160882,0.005282849386160882,BULL
2026-02-12 10:00:00,2026-02-12 11:00:00,2026-02-12 16:00:00,DOWN,Moderate,67979.4,67107.0,opp_signal,5.0,0.01283329949955414,0.01203329949955414,BULL
2026-02-12 15:00:00,2026-02-12 16:00:00,2026-02-15 08:00:00,UP,Moderate,67107.0,70784.0,opp_signal,64.0,0.054793091629785184,0.05399309162978518,CHOPPY
2026-02-12 17:00:00,2026-02-12 18:00:00,2026-02-15 08:00:00,UP,Moderate,65383.8,70784.0,opp_signal,62.0,0.08259232409251216,0.08179232409251216,BEAR
2026-02-12 18:00:00,2026-02-12 19:00:00,2026-02-15 08:00:00,UP,Moderate,65559.4,70784.0,opp_signal,61.0,0.0796926146364978,0.0788926146364978,BEAR
2026-02-12 19:00:00,2026-02-12 20:00:00,2026-02-15 08:00:00,UP,Moderate,65760.7,70784.0,opp_signal,60.0,0.07638756886711984,0.07558756886711984,BEAR
2026-02-15 04:00:00,2026-02-15 05:00:00,2026-02-15 08:00:00,UP,Moderate,70156.9,70784.0,opp_signal,3.0,0.008938536337837144,0.008138536337837144,CHOPPY
2026-02-15 07:00:00,2026-02-15 08:00:00,2026-02-15 09:00:00,DOWN,Moderate,70784.0,70405.1,opp_signal,1.0,0.0053529046112115175,0.004552904611211517,CHOPPY
2026-02-15 08:00:00,2026-02-15 09:00:00,2026-02-15 13:00:00,UP,Strong,70405.1,69285.0,opp_signal,4.0,-0.015909358839061416,-0.016709358839061415,CHOPPY
2026-02-15 10:00:00,2026-02-15 11:00:00,2026-02-15 13:00:00,UP,Strong,70389.6,69285.0,opp_signal,2.0,-0.015692659142828025,-0.016492659142828024,CHOPPY
2026-02-15 12:00:00,2026-02-15 13:00:00,2026-02-15 15:00:00,DOWN,Strong,69285.0,69139.9,opp_signal,2.0,0.0020942483943133805,0.0012942483943133806,CHOPPY
2026-02-15 14:00:00,2026-02-15 15:00:00,2026-02-15 22:00:00,UP,Moderate,69139.9,68809.0,opp_signal,7.0,-0.004785948489945624,-0.005585948489945624,CHOPPY
2026-02-15 15:00:00,2026-02-15 16:00:00,2026-02-15 22:00:00,UP,Moderate,69068.1,68809.0,opp_signal,6.0,-0.0037513700246568638,-0.004551370024656864,CHOPPY
2026-02-15 16:00:00,2026-02-15 17:00:00,2026-02-15 22:00:00,UP,Strong,68977.6,68809.0,opp_signal,5.0,-0.0024442717635870803,-0.0032442717635870802,CHOPPY
2026-02-15 17:00:00,2026-02-15 18:00:00,2026-02-15 22:00:00,UP,Strong,68607.8,68809.0,opp_signal,4.0,0.002932611160830101,0.002132611160830101,CHOPPY
2026-02-15 18:00:00,2026-02-15 19:00:00,2026-02-15 22:00:00,UP,Strong,68420.0,68809.0,opp_signal,3.0,0.005685472084185905,0.004885472084185905,CHOPPY
2026-02-15 19:00:00,2026-02-15 20:00:00,2026-02-15 22:00:00,UP,Strong,68263.7,68809.0,opp_signal,2.0,0.007988140109604469,0.007188140109604469,CHOPPY
2026-02-15 20:00:00,2026-02-15 21:00:00,2026-02-15 22:00:00,UP,Strong,68420.1,68809.0,opp_signal,1.0,0.005684002215722961,0.0048840022157229605,CHOPPY
2026-02-15 21:00:00,2026-02-15 22:00:00,2026-02-15 23:00:00,DOWN,Moderate,68809.0,68962.2,opp_signal,1.0,-0.002226452934935841,-0.0030264529349358408,CHOPPY
2026-02-15 22:00:00,2026-02-15 23:00:00,2026-02-16 05:00:00,UP,Strong,68962.2,68832.4,opp_signal,6.0,-0.0018821905333646916,-0.0026821905333646915,CHOPPY
2026-02-15 23:00:00,2026-02-16 00:00:00,2026-02-16 05:00:00,UP,Strong,68796.9,68832.4,opp_signal,5.0,0.0005160116226166078,-0.0002839883773833922,CHOPPY
2026-02-16 04:00:00,2026-02-16 05:00:00,2026-02-16 06:00:00,DOWN,Strong,68832.4,68350.1,opp_signal,1.0,0.007006874669486907,0.006206874669486906,CHOPPY
2026-02-16 05:00:00,2026-02-16 06:00:00,2026-02-16 10:00:00,UP,Strong,68350.1,68961.0,opp_signal,4.0,0.00893780696736357,0.00813780696736357,CHOPPY
2026-02-16 06:00:00,2026-02-16 07:00:00,2026-02-16 10:00:00,UP,Strong,68414.8,68961.0,opp_signal,3.0,0.007983652659950824,0.007183652659950824,CHOPPY
2026-02-16 07:00:00,2026-02-16 08:00:00,2026-02-16 10:00:00,UP,Strong,68552.5,68961.0,opp_signal,2.0,0.005958936581452079,0.005158936581452079,CHOPPY
2026-02-16 09:00:00,2026-02-16 10:00:00,2026-02-16 16:00:00,DOWN,Moderate,68961.0,67505.5,opp_signal,6.0,0.021106132451675585,0.020306132451675587,CHOPPY
2026-02-16 10:00:00,2026-02-16 11:00:00,2026-02-16 16:00:00,DOWN,Strong,68762.0,67505.5,opp_signal,5.0,0.0182731741368779,0.017473174136877902,CHOPPY
2026-02-16 12:00:00,2026-02-16 13:00:00,2026-02-16 16:00:00,DOWN,Strong,69739.3,67505.5,opp_signal,3.0,0.03203072012480768,0.031230720124807678,BEAR
2026-02-16 13:00:00,2026-02-16 14:00:00,2026-02-16 16:00:00,DOWN,Strong,68355.5,67505.5,opp_signal,2.0,0.01243499060061004,0.01163499060061004,BEAR
2026-02-16 14:00:00,2026-02-16 15:00:00,2026-02-16 16:00:00,DOWN,Strong,68386.6,67505.5,opp_signal,1.0,0.01288410302603149,0.01208410302603149,BEAR
2026-02-16 15:00:00,2026-02-16 16:00:00,2026-02-19 05:00:00,UP,Strong,67505.5,66776.5,opp_signal,61.0,-0.01079912007169781,-0.01159912007169781,BEAR
2026-02-16 16:00:00,2026-02-16 17:00:00,2026-02-19 05:00:00,UP,Strong,67854.1,66776.5,opp_signal,60.0,-0.01588113319607809,-0.01668113319607809,BEAR
2026-02-16 17:00:00,2026-02-16 18:00:00,2026-02-19 05:00:00,UP,Strong,67917.2,66776.5,opp_signal,59.0,-0.016795450931428202,-0.0175954509314282,BEAR
2026-02-16 18:00:00,2026-02-16 19:00:00,2026-02-19 05:00:00,UP,Strong,67833.0,66776.5,opp_signal,58.0,-0.015575015110639412,-0.01637501511063941,BEAR
2026-02-16 19:00:00,2026-02-16 20:00:00,2026-02-19 05:00:00,UP,Strong,67883.5,66776.5,opp_signal,57.0,-0.016307350092437778,-0.017107350092437777,CHOPPY
2026-02-16 20:00:00,2026-02-16 21:00:00,2026-02-18 19:00:00,UP,Strong,68508.9,66122.41007289539,disaster_stop,46.0,-0.03483474303491374,-0.03563474303491374,CHOPPY
2026-02-16 21:00:00,2026-02-16 22:00:00,2026-02-18 18:00:00,UP,Strong,68835.2,66468.14506768859,disaster_stop,44.0,-0.034387274712812776,-0.03518727471281278,BEAR
2026-02-16 22:00:00,2026-02-16 23:00:00,2026-02-18 18:00:00,UP,Strong,68561.1,66248.92041999655,disaster_stop,43.0,-0.0337243652742365,-0.0345243652742365,CHOPPY
2026-02-16 23:00:00,2026-02-17 00:00:00,2026-02-18 18:00:00,UP,Strong,68862.6,66585.83324713966,disaster_stop,42.0,-0.03306245702108768,-0.03386245702108768,CHOPPY
2026-02-17 00:00:00,2026-02-17 01:00:00,2026-02-17 15:00:00,UP,Moderate,68849.9,66631.21658662967,disaster_stop,14.0,-0.03222493298276863,-0.03302493298276863,CHOPPY
2026-02-17 01:00:00,2026-02-17 02:00:00,2026-02-18 18:00:00,UP,Strong,68582.7,66398.12254472755,disaster_stop,40.0,-0.0318531853553804,-0.0326531853553804,BULL
2026-02-17 02:00:00,2026-02-17 03:00:00,2026-02-18 18:00:00,UP,Strong,68806.3,66526.73522010415,disaster_stop,39.0,-0.03313017528766771,-0.03393017528766771,CHOPPY
2026-02-17 03:00:00,2026-02-17 04:00:00,2026-02-18 18:00:00,UP,Strong,68443.6,66213.43270438243,disaster_stop,38.0,-0.03258401509589759,-0.03338401509589759,BEAR
2026-02-19 04:00:00,2026-02-19 05:00:00,2026-02-19 13:00:00,DOWN,Moderate,66776.5,66489.5,opp_signal,8.0,0.0042979191781540305,0.0034979191781540305,CHOPPY
2026-02-19 05:00:00,2026-02-19 06:00:00,2026-02-19 13:00:00,DOWN,Moderate,66847.6,66489.5,opp_signal,7.0,0.005356961207283573,0.004556961207283572,CHOPPY
2026-02-19 06:00:00,2026-02-19 07:00:00,2026-02-19 13:00:00,DOWN,Moderate,67123.8,66489.5,opp_signal,6.0,0.009449703383896613,0.008649703383896612,CHOPPY
2026-02-19 10:00:00,2026-02-19 11:00:00,2026-02-19 13:00:00,DOWN,Moderate,66810.0,66489.5,opp_signal,2.0,0.0047971860499924635,0.003997186049992463,CHOPPY
2026-02-19 12:00:00,2026-02-19 13:00:00,2026-02-19 21:00:00,UP,Moderate,66489.5,67118.6,opp_signal,8.0,0.009461644319779916,0.008661644319779916,CHOPPY
2026-02-19 13:00:00,2026-02-19 14:00:00,2026-02-19 21:00:00,UP,Strong,65871.2,67118.6,opp_signal,7.0,0.018936955756081675,0.018136955756081676,BEAR
2026-02-19 14:00:00,2026-02-19 15:00:00,2026-02-19 21:00:00,UP,Strong,66382.0,67118.6,opp_signal,6.0,0.011096381549215328,0.010296381549215328,CHOPPY
2026-02-19 15:00:00,2026-02-19 16:00:00,2026-02-19 21:00:00,UP,Strong,66362.6,67118.6,opp_signal,5.0,0.011391958723738993,0.010591958723738993,CHOPPY
2026-02-19 16:00:00,2026-02-19 17:00:00,2026-02-19 21:00:00,UP,Strong,66267.6,67118.6,opp_signal,4.0,0.012841871442454522,0.012041871442454522,CHOPPY
2026-02-19 17:00:00,2026-02-19 18:00:00,2026-02-19 21:00:00,UP,Strong,66336.0,67118.6,opp_signal,3.0,0.011797515677761883,0.010997515677761882,CHOPPY
2026-02-19 20:00:00,2026-02-19 21:00:00,2026-02-20 12:00:00,DOWN,Moderate,67118.6,67290.4,opp_signal,15.0,-0.002559648145223248,-0.0033596481452232477,CHOPPY
2026-02-20 03:00:00,2026-02-20 04:00:00,2026-02-20 12:00:00,DOWN,Moderate,67327.2,67290.4,opp_signal,8.0,0.0005465844413551357,-0.0002534155586448643,CHOPPY
2026-02-20 04:00:00,2026-02-20 05:00:00,2026-02-20 12:00:00,DOWN,Moderate,67228.5,67290.4,opp_signal,7.0,-0.0009207404597750823,-0.0017207404597750823,CHOPPY
2026-02-20 05:00:00,2026-02-20 06:00:00,2026-02-20 12:00:00,DOWN,Moderate,67756.1,67290.4,opp_signal,6.0,0.00687318189801378,0.00607318189801378,CHOPPY
2026-02-20 07:00:00,2026-02-20 08:00:00,2026-02-20 12:00:00,DOWN,Strong,67794.8,67290.4,opp_signal,4.0,0.007440098650634108,0.006640098650634108,CHOPPY
2026-02-20 08:00:00,2026-02-20 09:00:00,2026-02-20 12:00:00,DOWN,Strong,67839.8,67290.4,opp_signal,3.0,0.00809849085640002,0.00729849085640002,CHOPPY
2026-02-20 09:00:00,2026-02-20 10:00:00,2026-02-20 12:00:00,DOWN,Moderate,68174.2,67290.4,opp_signal,2.0,0.012963848494005115,0.012163848494005114,CHOPPY
2026-02-20 11:00:00,2026-02-20 12:00:00,2026-02-20 16:00:00,UP,Moderate,67290.4,67547.6,opp_signal,4.0,0.003822239130693461,0.003022239130693461,CHOPPY
2026-02-20 14:00:00,2026-02-20 15:00:00,2026-02-20 16:00:00,UP,Strong,67043.2,67547.6,opp_signal,1.0,0.007523507231158577,0.006723507231158577,CHOPPY
2026-02-20 15:00:00,2026-02-20 16:00:00,2026-02-20 17:00:00,DOWN,Moderate,67547.6,67763.2,opp_signal,1.0,-0.0031918232476060293,-0.00399182324760603,CHOPPY
2026-02-20 16:00:00,2026-02-20 17:00:00,2026-02-20 23:00:00,UP,Moderate,67763.2,68049.8,opp_signal,6.0,0.004229434265206056,0.0034294342652060558,CHOPPY
2026-02-20 17:00:00,2026-02-20 18:00:00,2026-02-20 23:00:00,UP,Moderate,67581.9,68049.8,opp_signal,5.0,0.006923451397489622,0.006123451397489621,CHOPPY
2026-02-20 18:00:00,2026-02-20 19:00:00,2026-02-20 23:00:00,UP,Moderate,67901.0,68049.8,opp_signal,4.0,0.002191425752197995,0.0013914257521979953,CHOPPY
2026-02-20 19:00:00,2026-02-20 20:00:00,2026-02-20 23:00:00,UP,Moderate,67616.5,68049.8,opp_signal,3.0,0.0064081991821522966,0.005608199182152296,CHOPPY
2026-02-20 20:00:00,2026-02-20 21:00:00,2026-02-20 23:00:00,UP,Moderate,67719.4,68049.8,opp_signal,2.0,0.00487895639949576,0.004078956399495759,CHOPPY
2026-02-20 21:00:00,2026-02-20 22:00:00,2026-02-20 23:00:00,UP,Moderate,67792.3,68049.8,opp_signal,1.0,0.0037983664811489515,0.0029983664811489515,CHOPPY
2026-02-20 22:00:00,2026-02-20 23:00:00,2026-02-21 08:00:00,DOWN,Moderate,68049.8,67821.0,opp_signal,9.0,0.0033622435334123013,0.0025622435334123014,CHOPPY
2026-02-21 07:00:00,2026-02-21 08:00:00,2026-02-21 15:00:00,UP,Moderate,67821.0,68416.6,opp_signal,7.0,0.008781940696834356,0.007981940696834356,CHOPPY
2026-02-21 14:00:00,2026-02-21 15:00:00,2026-02-22 16:00:00,DOWN,Moderate,68416.6,67660.0,opp_signal,25.0,0.011058719667449202,0.010258719667449201,CHOPPY
2026-02-21 15:00:00,2026-02-21 16:00:00,2026-02-22 16:00:00,DOWN,Moderate,68571.5,67660.0,opp_signal,24.0,0.013292694486776613,0.012492694486776612,CHOPPY
2026-02-21 16:00:00,2026-02-21 17:00:00,2026-02-22 16:00:00,DOWN,Moderate,68292.3,67660.0,opp_signal,23.0,0.009258730486453093,0.008458730486453092,CHOPPY
2026-02-21 17:00:00,2026-02-21 18:00:00,2026-02-22 16:00:00,DOWN,Moderate,68408.8,67660.0,opp_signal,22.0,0.010945960168867175,0.010145960168867174,CHOPPY
2026-02-21 18:00:00,2026-02-21 19:00:00,2026-02-22 16:00:00,DOWN,Moderate,68547.3,67660.0,opp_signal,21.0,0.012944346458576783,0.012144346458576783,CHOPPY
2026-02-21 19:00:00,2026-02-21 20:00:00,2026-02-22 16:00:00,DOWN,Moderate,68516.3,67660.0,opp_signal,20.0,0.012497756008424288,0.011697756008424287,CHOPPY
2026-02-21 20:00:00,2026-02-21 21:00:00,2026-02-22 16:00:00,DOWN,Strong,68180.9,67660.0,opp_signal,19.0,0.007639969551589854,0.006839969551589853,CHOPPY
2026-02-21 21:00:00,2026-02-21 22:00:00,2026-02-22 16:00:00,DOWN,Moderate,68351.1,67660.0,opp_signal,18.0,0.010111029668871563,0.009311029668871562,CHOPPY
2026-02-21 22:00:00,2026-02-21 23:00:00,2026-02-22 16:00:00,DOWN,Moderate,67936.7,67660.0,opp_signal,17.0,0.004072909046215045,0.0032729090462150453,CHOPPY
2026-02-22 02:00:00,2026-02-22 03:00:00,2026-02-22 16:00:00,DOWN,Moderate,67871.5,67660.0,opp_signal,13.0,0.0031161827865893166,0.0023161827865893166,CHOPPY
2026-02-22 04:00:00,2026-02-22 05:00:00,2026-02-22 16:00:00,DOWN,Moderate,67950.2,67660.0,opp_signal,11.0,0.004270774773289854,0.003470774773289854,CHOPPY
2026-02-22 05:00:00,2026-02-22 06:00:00,2026-02-22 16:00:00,DOWN,Moderate,67944.5,67660.0,opp_signal,10.0,0.004187241057039159,0.0033872410570391595,CHOPPY
2026-02-22 08:00:00,2026-02-22 09:00:00,2026-02-22 16:00:00,DOWN,Moderate,67909.3,67660.0,opp_signal,7.0,0.0036710730341794617,0.002871073034179462,CHOPPY
2026-02-22 09:00:00,2026-02-22 10:00:00,2026-02-22 16:00:00,DOWN,Moderate,68022.4,67660.0,opp_signal,6.0,0.005327656771886846,0.004527656771886846,CHOPPY
2026-02-22 10:00:00,2026-02-22 11:00:00,2026-02-22 16:00:00,DOWN,Moderate,68096.6,67660.0,opp_signal,5.0,0.006411480162005212,0.005611480162005212,CHOPPY
2026-02-22 11:00:00,2026-02-22 12:00:00,2026-02-22 16:00:00,DOWN,Moderate,68183.4,67660.0,opp_signal,4.0,0.007676355241891586,0.0068763552418915855,CHOPPY
2026-02-22 12:00:00,2026-02-22 13:00:00,2026-02-22 16:00:00,DOWN,Moderate,67892.4,67660.0,opp_signal,3.0,0.00342306355350519,0.00262306355350519,CHOPPY
2026-02-22 15:00:00,2026-02-22 16:00:00,2026-02-23 01:00:00,UP,Moderate,67660.0,65630.2,disaster_stop,9.0,-0.030000000000000027,-0.030800000000000025,CHOPPY
2026-02-22 17:00:00,2026-02-22 18:00:00,2026-02-23 01:00:00,UP,Moderate,67364.9,65343.952999999994,disaster_stop,7.0,-0.030000000000000027,-0.030800000000000025,CHOPPY
2026-02-23 02:00:00,2026-02-23 03:00:00,2026-02-23 04:00:00,UP,Strong,64742.5,64894.1,opp_signal,1.0,0.0023415839672549232,0.0015415839672549233,BEAR
2026-02-23 03:00:00,2026-02-23 04:00:00,2026-02-25 14:00:00,DOWN,Moderate,64894.1,66840.923,disaster_stop,58.0,-0.030000000000000027,-0.030800000000000025,BEAR
2026-02-27 04:00:00,2026-02-27 05:00:00,2026-02-27 09:00:00,UP,Strong,67709.1,67897.5,opp_signal,4.0,0.0027824915705569886,0.0019824915705569887,CHOPPY
2026-02-27 05:00:00,2026-02-27 06:00:00,2026-02-27 09:00:00,UP,Moderate,67685.8,67897.5,opp_signal,3.0,0.0031276870480956287,0.0023276870480956288,CHOPPY
2026-02-27 08:00:00,2026-02-27 09:00:00,2026-02-27 10:00:00,DOWN,Moderate,67897.5,67318.3,opp_signal,1.0,0.00853050554144108,0.00773050554144108,CHOPPY
2026-02-27 09:00:00,2026-02-27 10:00:00,2026-02-27 17:00:00,UP,Strong,67318.3,65154.97221508889,disaster_stop,7.0,-0.03213580534432847,-0.032935805344328474,CHOPPY
2026-02-27 10:00:00,2026-02-27 11:00:00,2026-02-28 01:00:00,UP,Strong,66575.2,65906.3,opp_signal,14.0,-0.010047284874848184,-0.010847284874848184,BEAR
2026-02-27 11:00:00,2026-02-27 12:00:00,2026-02-28 01:00:00,UP,Strong,66094.0,65906.3,opp_signal,13.0,-0.0028398946954337756,-0.0036398946954337755,BEAR
2026-02-27 12:00:00,2026-02-27 13:00:00,2026-02-28 01:00:00,UP,Moderate,65902.5,65906.3,opp_signal,12.0,5.76609385076754e-05,-0.0007423390614923246,BEAR
2026-02-27 13:00:00,2026-02-27 14:00:00,2026-02-28 01:00:00,UP,Strong,66240.0,65906.3,opp_signal,11.0,-0.005037741545893648,-0.0058377415458936485,BEAR
2026-02-27 14:00:00,2026-02-27 15:00:00,2026-02-28 01:00:00,UP,Strong,65855.4,65906.3,opp_signal,10.0,0.0007729054868699237,-2.7094513130076375e-05,BEAR
2026-02-27 15:00:00,2026-02-27 16:00:00,2026-02-28 01:00:00,UP,Strong,66072.5,65906.3,opp_signal,9.0,-0.002515418668886382,-0.003315418668886382,BEAR
2026-02-27 16:00:00,2026-02-27 17:00:00,2026-02-28 01:00:00,UP,Strong,65449.3,65906.3,opp_signal,8.0,0.006982504014557911,0.0061825040145579106,BEAR
2026-02-27 17:00:00,2026-02-27 18:00:00,2026-02-28 01:00:00,UP,Moderate,65672.9,65906.3,opp_signal,7.0,0.0035539773635702154,0.0027539773635702155,CHOPPY
2026-02-27 18:00:00,2026-02-27 19:00:00,2026-02-28 01:00:00,UP,Moderate,65284.8,65906.3,opp_signal,6.0,0.00951982697350684,0.00871982697350684,CHOPPY
2026-02-27 19:00:00,2026-02-27 20:00:00,2026-02-28 01:00:00,UP,Moderate,65365.4,65906.3,opp_signal,5.0,0.00827502011767689,0.00747502011767689,CHOPPY
2026-02-27 20:00:00,2026-02-27 21:00:00,2026-02-28 01:00:00,UP,Moderate,65564.3,65906.3,opp_signal,4.0,0.005216253357391176,0.004416253357391176,CHOPPY
2026-02-27 22:00:00,2026-02-27 23:00:00,2026-02-28 01:00:00,UP,Moderate,65609.0,65906.3,opp_signal,2.0,0.004531390510448263,0.0037313905104482633,BEAR
2026-02-28 00:00:00,2026-02-28 01:00:00,2026-02-28 06:00:00,DOWN,Moderate,65906.3,65558.6,opp_signal,5.0,0.0052756716732694775,0.004475671673269477,BEAR
2026-02-28 01:00:00,2026-02-28 02:00:00,2026-02-28 06:00:00,DOWN,Moderate,65747.3,65558.6,opp_signal,4.0,0.002870079835977979,0.002070079835977979,BEAR
2026-02-28 02:00:00,2026-02-28 03:00:00,2026-02-28 06:00:00,DOWN,Strong,65927.0,65558.6,opp_signal,3.0,0.00558799884720973,0.004787998847209729,CHOPPY
2026-02-28 05:00:00,2026-02-28 06:00:00,2026-02-28 06:00:00,UP,Moderate,65558.6,63591.842000000004,disaster_stop,0.0,-0.030000000000000027,-0.030800000000000025,BEAR
2026-02-28 06:00:00,2026-02-28 07:00:00,2026-03-01 04:00:00,UP,Moderate,63173.8,67474.8,opp_signal,21.0,0.06808202134429142,0.06728202134429143,BEAR
2026-02-28 07:00:00,2026-02-28 08:00:00,2026-03-01 04:00:00,UP,Strong,63787.4,67474.8,opp_signal,20.0,0.057807654803299746,0.057007654803299744,BEAR
2026-02-28 08:00:00,2026-02-28 09:00:00,2026-03-01 04:00:00,UP,Strong,63439.6,67474.8,opp_signal,19.0,0.0636069584297505,0.06280695842975051,BEAR
2026-02-28 09:00:00,2026-02-28 10:00:00,2026-03-01 04:00:00,UP,Strong,63621.3,67474.8,opp_signal,18.0,0.060569337627492725,0.05976933762749272,BEAR
2026-02-28 10:00:00,2026-02-28 11:00:00,2026-03-01 04:00:00,UP,Strong,63964.5,67474.8,opp_signal,17.0,0.05487887812771142,0.054078878127711415,BEAR
2026-02-28 11:00:00,2026-02-28 12:00:00,2026-03-01 04:00:00,UP,Strong,63810.4,67474.8,opp_signal,16.0,0.05742637563782704,0.05662637563782704,BEAR
2026-02-28 12:00:00,2026-02-28 13:00:00,2026-03-01 04:00:00,UP,Strong,63979.9,67474.8,opp_signal,15.0,0.05462496815406093,0.053824968154060925,BEAR
2026-02-28 13:00:00,2026-02-28 14:00:00,2026-03-01 04:00:00,UP,Strong,65069.5,67474.8,opp_signal,14.0,0.03696509117174718,0.036165091171747175,BEAR
2026-02-28 14:00:00,2026-02-28 15:00:00,2026-03-01 04:00:00,UP,Strong,64402.5,67474.8,opp_signal,13.0,0.04770466984977295,0.04690466984977295,BEAR
2026-02-28 15:00:00,2026-02-28 16:00:00,2026-03-01 04:00:00,UP,Strong,64800.1,67474.8,opp_signal,12.0,0.04127617087010682,0.04047617087010682,BEAR
2026-02-28 16:00:00,2026-02-28 17:00:00,2026-03-01 04:00:00,UP,Strong,65053.7,67474.8,opp_signal,11.0,0.037216945385120326,0.036416945385120324,CHOPPY
2026-02-28 17:00:00,2026-02-28 18:00:00,2026-03-01 04:00:00,UP,Strong,65395.3,67474.8,opp_signal,10.0,0.031798921329208696,0.030998921329208697,BULL
2026-02-28 18:00:00,2026-02-28 19:00:00,2026-03-01 04:00:00,UP,Strong,65872.9,67474.8,opp_signal,9.0,0.02431804277631633,0.02351804277631633,BULL
2026-02-28 19:00:00,2026-02-28 20:00:00,2026-03-01 04:00:00,UP,Strong,66318.1,67474.8,opp_signal,8.0,0.017441693896538046,0.016641693896538048,BULL
2026-02-28 21:00:00,2026-02-28 22:00:00,2026-03-01 04:00:00,UP,Moderate,66684.8,67474.8,opp_signal,6.0,0.011846777676471909,0.011046777676471909,BULL
2026-02-28 22:00:00,2026-02-28 23:00:00,2026-03-01 04:00:00,UP,Moderate,67081.4,67474.8,opp_signal,5.0,0.005864516840733858,0.005064516840733857,BULL
2026-02-28 23:00:00,2026-03-01 00:00:00,2026-03-01 04:00:00,UP,Moderate,66937.0,67474.8,opp_signal,4.0,0.008034420425175881,0.007234420425175881,BULL
2026-03-01 00:00:00,2026-03-01 01:00:00,2026-03-01 04:00:00,UP,Moderate,66755.5,67474.8,opp_signal,3.0,0.010775142123121029,0.009975142123121028,BULL
2026-03-01 01:00:00,2026-03-01 02:00:00,2026-03-01 04:00:00,UP,Moderate,67311.7,67474.8,opp_signal,2.0,0.002423055724339207,0.001623055724339207,BULL
2026-03-01 03:00:00,2026-03-01 04:00:00,2026-03-04 04:00:00,DOWN,Strong,67474.8,67755.8,time_exit,72.0,-0.00416451771624371,-0.00496451771624371,BULL
2026-03-05 04:00:00,2026-03-05 05:00:00,2026-03-08 05:00:00,DOWN,Strong,72784.1,67115.4,time_exit,72.0,0.07788376857033352,0.07708376857033353,BULL
2026-03-05 05:00:00,2026-03-05 06:00:00,2026-03-08 06:00:00,DOWN,Strong,72375.0,67134.3,time_exit,72.0,0.07241036269430046,0.07161036269430046,BULL
2026-03-05 06:00:00,2026-03-05 07:00:00,2026-03-08 07:00:00,DOWN,Strong,72520.3,67277.2,time_exit,72.0,0.07229837714405496,0.07149837714405496,BULL
2026-03-05 07:00:00,2026-03-05 08:00:00,2026-03-08 08:00:00,DOWN,Moderate,72025.4,67490.9,time_exit,72.0,0.06295695685133296,0.062156956851332955,BULL
2026-03-05 08:00:00,2026-03-05 09:00:00,2026-03-08 09:00:00,DOWN,Moderate,72307.6,67662.9,time_exit,72.0,0.06423529476846157,0.06343529476846158,BULL
2026-03-05 10:00:00,2026-03-05 11:00:00,2026-03-08 11:00:00,DOWN,Moderate,73346.9,67490.0,time_exit,72.0,0.07985204555339076,0.07905204555339077,BULL
2026-03-05 20:00:00,2026-03-05 21:00:00,2026-03-08 21:00:00,DOWN,Moderate,71205.8,66977.1,time_exit,72.0,0.059387016226206235,0.05858701622620623,BEAR
2026-03-05 22:00:00,2026-03-05 23:00:00,2026-03-08 23:00:00,DOWN,Moderate,71170.9,65934.3,time_exit,72.0,0.07357782464462292,0.07277782464462293,BEAR
2026-03-06 03:00:00,2026-03-06 04:00:00,2026-03-09 04:00:00,DOWN,Moderate,71045.4,67100.3,time_exit,72.0,0.05552928127647938,0.05472928127647938,BEAR
2026-03-06 08:00:00,2026-03-06 09:00:00,2026-03-09 09:00:00,DOWN,Moderate,70750.2,67946.5,time_exit,72.0,0.039628156528179415,0.03882815652817941,BEAR
2026-03-06 10:00:00,2026-03-06 11:00:00,2026-03-09 11:00:00,DOWN,Moderate,70506.8,67723.3,time_exit,72.0,0.03947846165192581,0.03867846165192581,CHOPPY
2026-03-06 11:00:00,2026-03-06 12:00:00,2026-03-09 12:00:00,DOWN,Moderate,70185.6,68124.1,time_exit,72.0,0.02937212191674643,0.02857212191674643,CHOPPY
2026-03-06 12:00:00,2026-03-06 13:00:00,2026-03-09 13:00:00,DOWN,Strong,69895.2,68939.9,time_exit,72.0,0.013667605214664258,0.012867605214664258,CHOPPY
2026-03-07 00:00:00,2026-03-07 01:00:00,2026-03-10 01:00:00,DOWN,Moderate,68243.1,69229.0,time_exit,72.0,-0.01444688180929643,-0.01524688180929643,CHOPPY
2026-03-07 01:00:00,2026-03-07 02:00:00,2026-03-10 02:00:00,DOWN,Moderate,68222.2,70365.7340891895,disaster_stop,72.0,-0.031419891020657564,-0.032219891020657566,CHOPPY
2026-03-07 02:00:00,2026-03-07 03:00:00,2026-03-10 02:00:00,DOWN,Moderate,68320.0,70404.11022567596,disaster_stop,71.0,-0.030505126254039228,-0.03130512625403923,CHOPPY
2026-03-07 03:00:00,2026-03-07 04:00:00,2026-03-10 02:00:00,DOWN,Moderate,68063.3,70130.51663812768,disaster_stop,70.0,-0.030371971945639897,-0.031171971945639896,CHOPPY
2026-03-07 04:00:00,2026-03-07 05:00:00,2026-03-10 02:00:00,DOWN,Strong,68028.0,70068.84,disaster_stop,69.0,-0.030000000000000027,-0.030800000000000025,CHOPPY
2026-03-07 05:00:00,2026-03-07 06:00:00,2026-03-10 02:00:00,DOWN,Moderate,67990.0,70029.7,disaster_stop,68.0,-0.030000000000000027,-0.030800000000000025,CHOPPY
2026-03-07 06:00:00,2026-03-07 07:00:00,2026-03-10 02:00:00,DOWN,Strong,67665.9,69695.877,disaster_stop,67.0,-0.030000000000000027,-0.030800000000000025,CHOPPY
2026-03-07 07:00:00,2026-03-07 08:00:00,2026-03-10 02:00:00,DOWN,Strong,67809.5,69843.785,disaster_stop,66.0,-0.030000000000000027,-0.030800000000000025,CHOPPY
2026-03-07 08:00:00,2026-03-07 09:00:00,2026-03-10 02:00:00,DOWN,Strong,67767.6,69800.62800000001,disaster_stop,65.0,-0.030000000000000027,-0.030800000000000025,CHOPPY
2026-03-07 09:00:00,2026-03-07 10:00:00,2026-03-10 02:00:00,DOWN,Moderate,67970.5,70009.615,disaster_stop,64.0,-0.030000000000000027,-0.030800000000000025,CHOPPY
2026-03-07 10:00:00,2026-03-07 11:00:00,2026-03-10 02:00:00,DOWN,Strong,67851.7,69887.251,disaster_stop,63.0,-0.030000000000000027,-0.030800000000000025,CHOPPY
2026-03-07 11:00:00,2026-03-07 12:00:00,2026-03-10 02:00:00,DOWN,Strong,67976.0,70015.28,disaster_stop,62.0,-0.030000000000000027,-0.030800000000000025,CHOPPY
2026-03-07 12:00:00,2026-03-07 13:00:00,2026-03-10 02:00:00,DOWN,Moderate,67954.6,69993.23800000001,disaster_stop,61.0,-0.030000000000000027,-0.030800000000000025,CHOPPY
2026-03-07 13:00:00,2026-03-07 14:00:00,2026-03-10 02:00:00,DOWN,Strong,67891.2,69927.936,disaster_stop,60.0,-0.030000000000000027,-0.030800000000000025,CHOPPY
2026-03-07 14:00:00,2026-03-07 15:00:00,2026-03-10 02:00:00,DOWN,Strong,67980.1,70019.50300000001,disaster_stop,59.0,-0.030000000000000027,-0.030800000000000025,CHOPPY
2026-03-07 15:00:00,2026-03-07 16:00:00,2026-03-10 02:00:00,DOWN,Strong,67844.8,69880.144,disaster_stop,58.0,-0.030000000000000027,-0.030800000000000025,CHOPPY
2026-03-07 16:00:00,2026-03-07 17:00:00,2026-03-10 02:00:00,DOWN,Strong,67757.6,69790.32800000001,disaster_stop,57.0,-0.030000000000000027,-0.030800000000000025,CHOPPY
2026-03-07 17:00:00,2026-03-07 18:00:00,2026-03-10 02:00:00,DOWN,Strong,67749.7,69782.19099999999,disaster_stop,56.0,-0.030000000000000027,-0.030800000000000025,CHOPPY
2026-03-07 18:00:00,2026-03-07 19:00:00,2026-03-10 02:00:00,DOWN,Strong,67530.8,69556.724,disaster_stop,55.0,-0.030000000000000027,-0.030800000000000025,CHOPPY
2026-03-07 19:00:00,2026-03-07 20:00:00,2026-03-09 13:00:00,DOWN,Moderate,67042.6,69053.87800000001,disaster_stop,41.0,-0.030000000000000027,-0.030800000000000025,CHOPPY
2026-03-07 20:00:00,2026-03-07 21:00:00,2026-03-09 14:00:00,DOWN,Moderate,67354.4,69375.03199999999,disaster_stop,41.0,-0.030000000000000027,-0.030800000000000025,CHOPPY
2026-03-07 21:00:00,2026-03-07 22:00:00,2026-03-09 14:00:00,DOWN,Moderate,67416.3,69438.789,disaster_stop,40.0,-0.030000000000000027,-0.030800000000000025,CHOPPY
2026-03-07 22:00:00,2026-03-07 23:00:00,2026-03-09 13:00:00,DOWN,Moderate,67220.0,69236.6,disaster_stop,38.0,-0.030000000000000027,-0.030800000000000025,CHOPPY
2026-03-08 00:00:00,2026-03-08 01:00:00,2026-03-09 13:00:00,DOWN,Moderate,67161.0,69175.83,disaster_stop,36.0,-0.030000000000000027,-0.030800000000000025,CHOPPY
2026-03-08 01:00:00,2026-03-08 02:00:00,2026-03-09 14:00:00,DOWN,Moderate,67266.2,69284.186,disaster_stop,36.0,-0.030000000000000027,-0.030800000000000025,CHOPPY
2026-03-08 02:00:00,2026-03-08 03:00:00,2026-03-09 13:00:00,DOWN,Strong,66894.9,68901.74699999999,disaster_stop,34.0,-0.030000000000000027,-0.030800000000000025,CHOPPY
2026-03-08 03:00:00,2026-03-08 04:00:00,2026-03-09 13:00:00,DOWN,Strong,66974.9,68984.147,disaster_stop,33.0,-0.030000000000000027,-0.030800000000000025,CHOPPY
2026-03-08 05:00:00,2026-03-08 06:00:00,2026-03-09 13:00:00,DOWN,Moderate,67115.3,69128.759,disaster_stop,31.0,-0.030000000000000027,-0.030800000000000025,CHOPPY
2026-03-08 06:00:00,2026-03-08 07:00:00,2026-03-09 13:00:00,DOWN,Moderate,67134.4,69148.432,disaster_stop,30.0,-0.030000000000000027,-0.030800000000000025,CHOPPY
2026-03-08 07:00:00,2026-03-08 08:00:00,2026-03-09 14:00:00,DOWN,Moderate,67277.1,69295.413,disaster_stop,30.0,-0.030000000000000027,-0.030800000000000025,CHOPPY
2026-03-08 08:00:00,2026-03-08 09:00:00,2026-03-10 02:00:00,DOWN,Moderate,67491.0,69515.73,disaster_stop,41.0,-0.030000000000000027,-0.030800000000000025,CHOPPY
2026-03-08 09:00:00,2026-03-08 10:00:00,2026-03-10 02:00:00,DOWN,Moderate,67663.0,69692.89,disaster_stop,40.0,-0.030000000000000027,-0.030800000000000025,CHOPPY
2026-03-08 10:00:00,2026-03-08 11:00:00,2026-03-10 02:00:00,DOWN,Moderate,67869.0,69905.07,disaster_stop,39.0,-0.030000000000000027,-0.030800000000000025,CHOPPY
2026-03-08 14:00:00,2026-03-08 15:00:00,2026-03-09 14:00:00,DOWN,Moderate,67304.1,69323.22300000001,disaster_stop,23.0,-0.030000000000000027,-0.030800000000000025,CHOPPY
2026-03-08 15:00:00,2026-03-08 16:00:00,2026-03-09 13:00:00,DOWN,Strong,67174.6,69189.838,disaster_stop,21.0,-0.030000000000000027,-0.030800000000000025,CHOPPY
2026-03-08 16:00:00,2026-03-08 17:00:00,2026-03-09 13:00:00,DOWN,Strong,66830.0,68834.9,disaster_stop,20.0,-0.029999999999999805,-0.030799999999999803,CHOPPY
2026-03-08 17:00:00,2026-03-08 18:00:00,2026-03-09 13:00:00,DOWN,Moderate,67017.1,69027.61300000001,disaster_stop,19.0,-0.030000000000000027,-0.030800000000000025,CHOPPY
2026-03-08 18:00:00,2026-03-08 19:00:00,2026-03-09 13:00:00,DOWN,Strong,66777.6,68780.928,disaster_stop,18.0,-0.029999999999999805,-0.030799999999999803,CHOPPY
2026-03-08 19:00:00,2026-03-08 20:00:00,2026-03-09 14:00:00,DOWN,Strong,67299.0,69317.97,disaster_stop,18.0,-0.030000000000000027,-0.030800000000000025,CHOPPY
2026-03-08 20:00:00,2026-03-08 21:00:00,2026-03-09 13:00:00,DOWN,Moderate,67195.6,69211.46800000001,disaster_stop,16.0,-0.030000000000000027,-0.030800000000000025,CHOPPY
2026-03-08 21:00:00,2026-03-08 22:00:00,2026-03-09 13:00:00,DOWN,Moderate,66977.1,68986.413,disaster_stop,15.0,-0.030000000000000027,-0.030800000000000025,CHOPPY
2026-03-09 02:00:00,2026-03-09 03:00:00,2026-03-09 13:00:00,DOWN,Moderate,66500.1,68827.04086089584,disaster_stop,10.0,-0.03499153927431431,-0.03579153927431431,CHOPPY
2026-03-15 23:00:00,2026-03-16 00:00:00,2026-03-17 07:00:00,UP,Moderate,72778.8,74045.0,opp_signal,31.0,0.017397923571149887,0.01659792357114989,CHOPPY
2026-03-17 04:00:00,2026-03-17 05:00:00,2026-03-17 07:00:00,UP,Moderate,74203.3,74045.0,opp_signal,2.0,-0.0021333283021105487,-0.0029333283021105486,CHOPPY
2026-03-17 05:00:00,2026-03-17 06:00:00,2026-03-17 07:00:00,UP,Moderate,73996.0,74045.0,opp_signal,1.0,0.0006621979566463487,-0.0001378020433536513,CHOPPY
2026-03-17 06:00:00,2026-03-17 07:00:00,2026-03-18 16:00:00,DOWN,Moderate,74045.0,71436.3,opp_signal,33.0,0.035231278276723565,0.03443127827672356,CHOPPY
2026-03-17 07:00:00,2026-03-17 08:00:00,2026-03-18 16:00:00,DOWN,Strong,74212.8,71436.3,opp_signal,32.0,0.03741268352629201,0.03661268352629201,CHOPPY
2026-03-17 08:00:00,2026-03-17 09:00:00,2026-03-18 16:00:00,DOWN,Moderate,74150.1,71436.3,opp_signal,31.0,0.0365987368863967,0.0357987368863967,CHOPPY
2026-03-17 09:00:00,2026-03-17 10:00:00,2026-03-18 16:00:00,DOWN,Strong,73890.0,71436.3,opp_signal,30.0,0.03320747056435236,0.03240747056435236,CHOPPY
2026-03-17 11:00:00,2026-03-17 12:00:00,2026-03-18 16:00:00,DOWN,Strong,73997.1,71436.3,opp_signal,28.0,0.03460676161633369,0.03380676161633369,CHOPPY
2026-03-17 12:00:00,2026-03-17 13:00:00,2026-03-18 16:00:00,DOWN,Moderate,73711.0,71436.3,opp_signal,27.0,0.03085970886299194,0.030059708862991943,CHOPPY
2026-03-17 13:00:00,2026-03-17 14:00:00,2026-03-18 16:00:00,DOWN,Strong,73580.7,71436.3,opp_signal,26.0,0.029143511817636858,0.02834351181763686,CHOPPY
2026-03-17 14:00:00,2026-03-17 15:00:00,2026-03-18 16:00:00,DOWN,Strong,74340.2,71436.3,opp_signal,25.0,0.03906231083585998,0.03826231083585998,CHOPPY
2026-03-17 15:00:00,2026-03-17 16:00:00,2026-03-18 16:00:00,DOWN,Strong,73878.5,71436.3,opp_signal,24.0,0.033056978687980854,0.03225697868798085,CHOPPY
2026-03-17 16:00:00,2026-03-17 17:00:00,2026-03-18 16:00:00,DOWN,Strong,74120.0,71436.3,opp_signal,23.0,0.03620750134916351,0.035407501349163505,CHOPPY
2026-03-17 17:00:00,2026-03-17 18:00:00,2026-03-18 16:00:00,DOWN,Strong,74480.1,71436.3,opp_signal,22.0,0.04086729206861972,0.04006729206861972,CHOPPY
2026-03-17 18:00:00,2026-03-17 19:00:00,2026-03-18 16:00:00,DOWN,Strong,74637.1,71436.3,opp_signal,21.0,0.0428848387732107,0.042084838773210696,CHOPPY
2026-03-17 19:00:00,2026-03-17 20:00:00,2026-03-18 16:00:00,DOWN,Strong,74460.8,71436.3,opp_signal,20.0,0.04061868795393009,0.039818687953930086,CHOPPY
2026-03-17 20:00:00,2026-03-17 21:00:00,2026-03-18 16:00:00,DOWN,Strong,74470.0,71436.3,opp_signal,19.0,0.040737209614609915,0.03993720961460991,CHOPPY
2026-03-17 21:00:00,2026-03-17 22:00:00,2026-03-18 16:00:00,DOWN,Strong,74650.2,71436.3,opp_signal,18.0,0.0430527982510428,0.0422527982510428,CHOPPY
2026-03-17 22:00:00,2026-03-17 23:00:00,2026-03-18 16:00:00,DOWN,Strong,74265.8,71436.3,opp_signal,17.0,0.0380996367103027,0.037299636710302696,CHOPPY
2026-03-18 00:00:00,2026-03-18 01:00:00,2026-03-18 16:00:00,DOWN,Moderate,73821.3,71436.3,opp_signal,15.0,0.032307748576630324,0.03150774857663032,CHOPPY
2026-03-18 01:00:00,2026-03-18 02:00:00,2026-03-18 16:00:00,DOWN,Strong,74035.2,71436.3,opp_signal,14.0,0.035103572354771684,0.03430357235477168,CHOPPY
2026-03-18 02:00:00,2026-03-18 03:00:00,2026-03-18 16:00:00,DOWN,Strong,74299.9,71436.3,opp_signal,13.0,0.038541101670392486,0.037741101670392484,CHOPPY
2026-03-18 03:00:00,2026-03-18 04:00:00,2026-03-18 16:00:00,DOWN,Strong,74414.7,71436.3,opp_signal,12.0,0.040024350027615396,0.039224350027615394,CHOPPY
2026-03-18 06:00:00,2026-03-18 07:00:00,2026-03-18 16:00:00,DOWN,Moderate,73910.1,71436.3,opp_signal,9.0,0.03347039173265909,0.032670391732659086,CHOPPY
2026-03-18 07:00:00,2026-03-18 08:00:00,2026-03-18 16:00:00,DOWN,Moderate,73840.1,71436.3,opp_signal,8.0,0.032554127093544105,0.0317541270935441,CHOPPY
2026-03-18 08:00:00,2026-03-18 09:00:00,2026-03-18 16:00:00,DOWN,Strong,74005.9,71436.3,opp_signal,7.0,0.0347215559840498,0.0339215559840498,CHOPPY
2026-03-18 09:00:00,2026-03-18 10:00:00,2026-03-18 16:00:00,DOWN,Strong,74136.0,71436.3,opp_signal,6.0,0.03641550663645188,0.035615506636451875,CHOPPY
2026-03-18 10:00:00,2026-03-18 11:00:00,2026-03-18 16:00:00,DOWN,Strong,73895.0,71436.3,opp_signal,5.0,0.03327288720481758,0.03247288720481758,CHOPPY
2026-03-18 11:00:00,2026-03-18 12:00:00,2026-03-18 16:00:00,DOWN,Strong,72906.4,71436.3,opp_signal,4.0,0.02016421054941664,0.01936421054941664,CHOPPY
2026-03-18 12:00:00,2026-03-18 13:00:00,2026-03-18 16:00:00,DOWN,Strong,72325.1,71436.3,opp_signal,3.0,0.012288956392732309,0.011488956392732308,CHOPPY
2026-03-18 13:00:00,2026-03-18 14:00:00,2026-03-18 16:00:00,DOWN,Strong,72104.5,71436.3,opp_signal,2.0,0.009267105381772223,0.008467105381772222,CHOPPY
2026-03-18 15:00:00,2026-03-18 16:00:00,2026-03-19 00:00:00,UP,Moderate,71436.3,71202.9,opp_signal,8.0,-0.003267246483930508,-0.004067246483930509,CHOPPY
2026-03-18 16:00:00,2026-03-18 17:00:00,2026-03-19 00:00:00,UP,Moderate,71289.5,71202.9,opp_signal,7.0,-0.001214765147742769,-0.002014765147742769,CHOPPY
2026-03-18 18:00:00,2026-03-18 19:00:00,2026-03-19 00:00:00,UP,Moderate,71066.5,71202.9,opp_signal,5.0,0.0019193290791019724,0.0011193290791019724,CHOPPY
2026-03-18 19:00:00,2026-03-18 20:00:00,2026-03-19 00:00:00,UP,Moderate,71030.3,71202.9,opp_signal,4.0,0.0024299489091272886,0.0016299489091272886,CHOPPY
2026-03-18 20:00:00,2026-03-18 21:00:00,2026-03-19 00:00:00,UP,Moderate,71172.3,71202.9,opp_signal,3.0,0.0004299425478730967,-0.0003700574521269033,CHOPPY
2026-03-18 23:00:00,2026-03-19 00:00:00,2026-03-19 09:00:00,DOWN,Moderate,71202.9,69957.4,opp_signal,9.0,0.017492265062237666,0.016692265062237668,CHOPPY
2026-03-19 00:00:00,2026-03-19 01:00:00,2026-03-19 09:00:00,DOWN,Moderate,70970.0,69957.4,opp_signal,8.0,0.014268000563618544,0.013468000563618543,CHOPPY
2026-03-19 02:00:00,2026-03-19 03:00:00,2026-03-19 09:00:00,DOWN,Moderate,71020.7,69957.4,opp_signal,6.0,0.014971691351957972,0.014171691351957972,CHOPPY
2026-03-19 03:00:00,2026-03-19 04:00:00,2026-03-19 09:00:00,DOWN,Strong,71180.0,69957.4,opp_signal,5.0,0.01717617308232655,0.016376173082326553,CHOPPY
2026-03-19 08:00:00,2026-03-19 09:00:00,2026-03-20 22:00:00,UP,Moderate,69957.4,70498.3,opp_signal,37.0,0.007731848239071359,0.006931848239071359,BEAR
2026-03-19 16:00:00,2026-03-19 17:00:00,2026-03-20 22:00:00,UP,Moderate,69426.3,70498.3,opp_signal,29.0,0.015440834381207136,0.014640834381207135,CHOPPY
2026-03-19 17:00:00,2026-03-19 18:00:00,2026-03-20 22:00:00,UP,Moderate,69820.0,70498.3,opp_signal,28.0,0.009714981380693155,0.008914981380693155,CHOPPY
2026-03-19 19:00:00,2026-03-19 20:00:00,2026-03-20 22:00:00,UP,Moderate,70233.0,70498.3,opp_signal,26.0,0.003777426565859443,0.002977426565859443,CHOPPY
2026-03-19 22:00:00,2026-03-19 23:00:00,2026-03-20 22:00:00,UP,Moderate,70156.9,70498.3,opp_signal,23.0,0.004866235537773322,0.004066235537773322,CHOPPY
2026-03-19 23:00:00,2026-03-20 00:00:00,2026-03-20 22:00:00,UP,Moderate,69887.4,70498.3,opp_signal,22.0,0.008741203707678391,0.00794120370767839,CHOPPY
2026-03-20 00:00:00,2026-03-20 01:00:00,2026-03-20 22:00:00,UP,Moderate,70159.9,70498.3,opp_signal,21.0,0.004823267992115188,0.004023267992115187,CHOPPY
2026-03-20 01:00:00,2026-03-20 02:00:00,2026-03-20 22:00:00,UP,Moderate,70370.8,70498.3,opp_signal,20.0,0.0018118310435577545,0.0010118310435577546,CHOPPY
2026-03-20 08:00:00,2026-03-20 09:00:00,2026-03-20 22:00:00,UP,Moderate,71000.4,70498.3,opp_signal,13.0,-0.0070717911448384685,-0.007871791144838469,CHOPPY
2026-03-20 09:00:00,2026-03-20 10:00:00,2026-03-20 22:00:00,UP,Moderate,70545.0,70498.3,opp_signal,12.0,-0.0006619888014741671,-0.001461988801474167,CHOPPY
2026-03-20 10:00:00,2026-03-20 11:00:00,2026-03-20 22:00:00,UP,Moderate,70580.9,70498.3,opp_signal,11.0,-0.001170288279123577,-0.001970288279123577,CHOPPY
2026-03-20 11:00:00,2026-03-20 12:00:00,2026-03-20 22:00:00,UP,Moderate,70440.0,70498.3,opp_signal,10.0,0.000827654741624162,2.7654741624161933e-05,CHOPPY
2026-03-20 12:00:00,2026-03-20 13:00:00,2026-03-20 22:00:00,UP,Moderate,70304.7,70498.3,opp_signal,9.0,0.0027537277024154427,0.001953727702415443,CHOPPY
2026-03-20 13:00:00,2026-03-20 14:00:00,2026-03-20 22:00:00,UP,Moderate,69831.0,70498.3,opp_signal,8.0,0.009555927883031945,0.008755927883031945,CHOPPY
2026-03-20 15:00:00,2026-03-20 16:00:00,2026-03-20 22:00:00,UP,Moderate,69829.5,70498.3,opp_signal,6.0,0.009577614045639837,0.008777614045639837,CHOPPY
2026-03-20 16:00:00,2026-03-20 17:00:00,2026-03-20 22:00:00,UP,Moderate,69792.1,70498.3,opp_signal,5.0,0.010118623741082411,0.00931862374108241,CHOPPY
2026-03-20 17:00:00,2026-03-20 18:00:00,2026-03-20 22:00:00,UP,Strong,69970.9,70498.3,opp_signal,4.0,0.007537419127094491,0.006737419127094491,CHOPPY
2026-03-20 18:00:00,2026-03-20 19:00:00,2026-03-20 22:00:00,UP,Moderate,69733.6,70498.3,opp_signal,3.0,0.010966019250404413,0.010166019250404413,CHOPPY
2026-03-20 21:00:00,2026-03-20 22:00:00,2026-03-21 03:00:00,DOWN,Moderate,70498.3,70703.7,opp_signal,5.0,-0.002913545433010256,-0.003713545433010256,CHOPPY
2026-03-21 02:00:00,2026-03-21 03:00:00,2026-03-21 23:00:00,UP,Moderate,70703.7,68582.58899999999,disaster_stop,20.0,-0.030000000000000027,-0.030800000000000025,CHOPPY
2026-03-22 08:00:00,2026-03-22 09:00:00,2026-03-23 12:00:00,UP,Strong,68756.6,70097.2,opp_signal,27.0,0.01949776457823682,0.01869776457823682,CHOPPY
2026-03-22 11:00:00,2026-03-22 12:00:00,2026-03-23 12:00:00,UP,Strong,68177.0,70097.2,opp_signal,24.0,0.02816492365460488,0.02736492365460488,CHOPPY
2026-03-22 12:00:00,2026-03-22 13:00:00,2026-03-23 12:00:00,UP,Moderate,68614.4,70097.2,opp_signal,23.0,0.021610624008954415,0.020810624008954417,CHOPPY
2026-03-22 22:00:00,2026-03-22 23:00:00,2026-03-23 12:00:00,UP,Moderate,68301.5,70097.2,opp_signal,13.0,0.026290784243391485,0.025490784243391486,CHOPPY
2026-03-22 23:00:00,2026-03-23 00:00:00,2026-03-23 12:00:00,UP,Moderate,67830.7,70097.2,opp_signal,12.0,0.03341407356845805,0.032614073568458045,CHOPPY
2026-03-23 00:00:00,2026-03-23 01:00:00,2026-03-23 12:00:00,UP,Strong,67642.5,70097.2,opp_signal,11.0,0.03628931514949918,0.03548931514949918,CHOPPY
2026-03-23 04:00:00,2026-03-23 05:00:00,2026-03-23 12:00:00,UP,Moderate,68504.4,70097.2,opp_signal,7.0,0.023251061245701088,0.02245106124570109,CHOPPY
2026-03-23 06:00:00,2026-03-23 07:00:00,2026-03-23 12:00:00,UP,Strong,67845.2,70097.2,opp_signal,5.0,0.033193210426087694,0.03239321042608769,BEAR
2026-03-23 07:00:00,2026-03-23 08:00:00,2026-03-23 12:00:00,UP,Strong,68305.9,70097.2,opp_signal,4.0,0.026224674588871677,0.02542467458887168,BEAR
2026-03-23 08:00:00,2026-03-23 09:00:00,2026-03-23 12:00:00,UP,Moderate,68400.2,70097.2,opp_signal,3.0,0.024809868976991334,0.024009868976991335,BEAR
2026-03-23 09:00:00,2026-03-23 10:00:00,2026-03-23 12:00:00,UP,Moderate,68304.9,70097.2,opp_signal,2.0,0.026239698762460684,0.025439698762460685,CHOPPY
2026-03-23 10:00:00,2026-03-23 11:00:00,2026-03-23 12:00:00,UP,Strong,68512.2,70097.2,opp_signal,1.0,0.02313456581455564,0.022334565814555642,BULL
2026-03-23 11:00:00,2026-03-23 12:00:00,2026-03-23 13:00:00,DOWN,Moderate,70097.2,70710.0,opp_signal,1.0,-0.008742146619265867,-0.009542146619265867,BULL
2026-03-23 12:00:00,2026-03-23 13:00:00,2026-03-23 19:00:00,UP,Moderate,70710.0,71040.5,opp_signal,6.0,0.004674020647716048,0.0038740206477160485,BULL
2026-03-23 13:00:00,2026-03-23 14:00:00,2026-03-23 19:00:00,UP,Strong,71449.9,71040.5,opp_signal,5.0,-0.005729889055128057,-0.006529889055128057,BULL
2026-03-23 14:00:00,2026-03-23 15:00:00,2026-03-23 19:00:00,UP,Strong,71409.8,71040.5,opp_signal,4.0,-0.0051715590857277505,-0.005971559085727751,BULL
2026-03-23 15:00:00,2026-03-23 16:00:00,2026-03-23 19:00:00,UP,Moderate,70112.2,71040.5,opp_signal,3.0,0.013240206412008293,0.012440206412008293,BULL
2026-03-23 16:00:00,2026-03-23 17:00:00,2026-03-23 19:00:00,UP,Moderate,70539.6,71040.5,opp_signal,2.0,0.007100975905732332,0.0063009759057323315,BULL
2026-03-23 17:00:00,2026-03-23 18:00:00,2026-03-23 19:00:00,UP,Moderate,71052.6,71040.5,opp_signal,1.0,-0.0001702963719836248,-0.0009702963719836248,BULL
2026-03-23 18:00:00,2026-03-23 19:00:00,2026-03-24 14:00:00,DOWN,Moderate,71040.5,70067.0,opp_signal,19.0,0.013703450848459697,0.012903450848459697,BULL
2026-03-23 23:00:00,2026-03-24 00:00:00,2026-03-24 14:00:00,DOWN,Strong,70866.0,70067.0,opp_signal,14.0,0.011274800327378487,0.010474800327378487,BULL
2026-03-24 00:00:00,2026-03-24 01:00:00,2026-03-24 14:00:00,DOWN,Moderate,70650.1,70067.0,opp_signal,13.0,0.008253349959872702,0.007453349959872702,BULL
2026-03-24 02:00:00,2026-03-24 03:00:00,2026-03-24 14:00:00,DOWN,Strong,70416.0,70067.0,opp_signal,11.0,0.004956259940922525,0.004156259940922525,BULL
2026-03-24 03:00:00,2026-03-24 04:00:00,2026-03-24 14:00:00,DOWN,Strong,70512.1,70067.0,opp_signal,10.0,0.006312391773894199,0.005512391773894199,BULL
2026-03-24 04:00:00,2026-03-24 05:00:00,2026-03-24 14:00:00,DOWN,Moderate,70340.0,70067.0,opp_signal,9.0,0.0038811487062837546,0.0030811487062837547,BULL
2026-03-24 08:00:00,2026-03-24 09:00:00,2026-03-24 14:00:00,DOWN,Strong,70933.8,70067.0,opp_signal,5.0,0.012219844418316805,0.011419844418316805,BULL
2026-03-24 09:00:00,2026-03-24 10:00:00,2026-03-24 14:00:00,DOWN,Moderate,71288.5,70067.0,opp_signal,4.0,0.01713460095246777,0.016334600952467773,BULL
2026-03-24 11:00:00,2026-03-24 12:00:00,2026-03-24 14:00:00,DOWN,Moderate,71116.4,70067.0,opp_signal,2.0,0.014756090015805023,0.013956090015805023,CHOPPY
2026-03-24 13:00:00,2026-03-24 14:00:00,2026-03-24 22:00:00,UP,Moderate,70067.0,70296.2,opp_signal,8.0,0.003271154751880223,0.002471154751880223,BEAR
2026-03-24 15:00:00,2026-03-24 16:00:00,2026-03-24 22:00:00,UP,Moderate,69837.6,70296.2,opp_signal,6.0,0.006566663230122227,0.005766663230122227,CHOPPY
2026-03-24 16:00:00,2026-03-24 17:00:00,2026-03-24 22:00:00,UP,Strong,69448.4,70296.2,opp_signal,5.0,0.012207624653699733,0.011407624653699733,CHOPPY
2026-03-24 17:00:00,2026-03-24 18:00:00,2026-03-24 22:00:00,UP,Strong,69205.0,70296.2,opp_signal,4.0,0.015767646846326144,0.014967646846326144,CHOPPY
2026-03-24 18:00:00,2026-03-24 19:00:00,2026-03-24 22:00:00,UP,Strong,69399.5,70296.2,opp_signal,3.0,0.01292084236918134,0.01212084236918134,CHOPPY
2026-03-24 19:00:00,2026-03-24 20:00:00,2026-03-24 22:00:00,UP,Strong,69342.6,70296.2,opp_signal,2.0,0.013752008145065053,0.012952008145065053,CHOPPY
2026-03-24 20:00:00,2026-03-24 21:00:00,2026-03-24 22:00:00,UP,Strong,70066.6,70296.2,opp_signal,1.0,0.0032768822805728792,0.0024768822805728793,CHOPPY
2026-03-24 21:00:00,2026-03-24 22:00:00,2026-03-25 00:00:00,DOWN,Moderate,70296.2,70524.0,opp_signal,2.0,-0.003240573459162732,-0.004040573459162733,CHOPPY
2026-03-24 23:00:00,2026-03-25 00:00:00,2026-03-27 08:00:00,UP,Strong,70524.0,68112.03110962562,disaster_stop,56.0,-0.034200681900833474,-0.035000681900833476,CHOPPY
2026-03-28 01:00:00,2026-03-28 02:00:00,2026-03-31 02:00:00,UP,Moderate,66137.2,67911.8,time_exit,72.0,0.02683210054250873,0.02603210054250873,CHOPPY
2026-03-28 02:00:00,2026-03-28 03:00:00,2026-03-31 03:00:00,UP,Moderate,66020.0,67911.8,opp_signal,72.0,0.028654953044531917,0.027854953044531918,CHOPPY
2026-03-28 03:00:00,2026-03-28 04:00:00,2026-03-31 03:00:00,UP,Moderate,66191.8,67911.8,opp_signal,71.0,0.025985091808955252,0.025185091808955253,CHOPPY
2026-03-28 04:00:00,2026-03-28 05:00:00,2026-03-31 03:00:00,UP,Moderate,66243.6,67911.8,opp_signal,70.0,0.02518281011297696,0.024382810112976962,CHOPPY
2026-03-29 04:00:00,2026-03-29 05:00:00,2026-03-31 03:00:00,UP,Moderate,66701.9,67911.8,opp_signal,46.0,0.018138913584170968,0.01733891358417097,CHOPPY
2026-03-29 05:00:00,2026-03-29 06:00:00,2026-03-31 03:00:00,UP,Strong,66741.3,67911.8,opp_signal,45.0,0.01753786635861143,0.016737866358611433,CHOPPY
2026-03-29 06:00:00,2026-03-29 07:00:00,2026-03-31 03:00:00,UP,Moderate,66704.4,67911.8,opp_signal,44.0,0.018100754972685484,0.017300754972685486,CHOPPY
2026-03-29 07:00:00,2026-03-29 08:00:00,2026-03-31 03:00:00,UP,Moderate,66632.4,67911.8,opp_signal,43.0,0.019200869246793095,0.018400869246793097,CHOPPY
2026-03-29 11:00:00,2026-03-29 12:00:00,2026-03-31 03:00:00,UP,Moderate,66780.8,67911.8,opp_signal,39.0,0.016936005558483958,0.01613600555848396,CHOPPY
2026-03-29 12:00:00,2026-03-29 13:00:00,2026-03-31 03:00:00,UP,Moderate,66818.7,67911.8,opp_signal,38.0,0.016359192860681215,0.015559192860681215,CHOPPY
2026-03-29 22:00:00,2026-03-29 23:00:00,2026-03-31 03:00:00,UP,Strong,65820.2,67911.8,opp_signal,28.0,0.03177747864637315,0.03097747864637315,CHOPPY
2026-03-29 23:00:00,2026-03-30 00:00:00,2026-03-31 03:00:00,UP,Strong,65978.0,67911.8,opp_signal,27.0,0.029309769923307805,0.028509769923307806,CHOPPY
2026-03-30 00:00:00,2026-03-30 01:00:00,2026-03-31 03:00:00,UP,Strong,66251.2,67911.8,opp_signal,26.0,0.025065206366073456,0.024265206366073457,CHOPPY
2026-03-30 01:00:00,2026-03-30 02:00:00,2026-03-31 03:00:00,UP,Strong,66624.2,67911.8,opp_signal,25.0,0.019326310860017903,0.018526310860017905,CHOPPY
2026-03-30 02:00:00,2026-03-30 03:00:00,2026-03-31 03:00:00,UP,Strong,67087.1,67911.8,opp_signal,24.0,0.012292974357216213,0.011492974357216213,CHOPPY
2026-03-30 03:00:00,2026-03-30 04:00:00,2026-03-31 03:00:00,UP,Strong,67140.0,67911.8,opp_signal,23.0,0.011495382782246155,0.010695382782246155,CHOPPY
2026-03-30 04:00:00,2026-03-30 05:00:00,2026-03-31 03:00:00,UP,Strong,67579.2,67911.8,opp_signal,22.0,0.00492163269171586,0.00412163269171586,CHOPPY
2026-03-30 05:00:00,2026-03-30 06:00:00,2026-03-31 03:00:00,UP,Moderate,67459.0,67911.8,opp_signal,21.0,0.006712225203457045,0.005912225203457045,CHOPPY
2026-03-30 06:00:00,2026-03-30 07:00:00,2026-03-31 03:00:00,UP,Moderate,67273.5,67911.8,opp_signal,20.0,0.009488134257917391,0.00868813425791739,CHOPPY
2026-03-30 07:00:00,2026-03-30 08:00:00,2026-03-31 03:00:00,UP,Moderate,67595.9,67911.8,opp_signal,19.0,0.0046733603665312096,0.0038733603665312096,CHOPPY
2026-03-30 08:00:00,2026-03-30 09:00:00,2026-03-31 03:00:00,UP,Strong,67633.9,67911.8,opp_signal,18.0,0.004108886224216013,0.003308886224216013,CHOPPY
2026-03-30 09:00:00,2026-03-30 10:00:00,2026-03-31 03:00:00,UP,Strong,67466.2,67911.8,opp_signal,17.0,0.006604788768301839,0.005804788768301839,CHOPPY
2026-03-30 10:00:00,2026-03-30 11:00:00,2026-03-31 03:00:00,UP,Moderate,67463.1,67911.8,opp_signal,16.0,0.006651043311084015,0.005851043311084015,CHOPPY
2026-03-30 11:00:00,2026-03-30 12:00:00,2026-03-31 03:00:00,UP,Strong,67651.5,67911.8,opp_signal,15.0,0.0038476604362061018,0.003047660436206102,CHOPPY
2026-03-30 12:00:00,2026-03-30 13:00:00,2026-03-31 03:00:00,UP,Strong,67859.4,67911.8,opp_signal,14.0,0.0007721848410096044,-2.7815158990395655e-05,CHOPPY
2026-03-30 13:00:00,2026-03-30 14:00:00,2026-03-31 03:00:00,UP,Moderate,67490.8,67911.8,opp_signal,13.0,0.006237887237964257,0.0054378872379642566,CHOPPY
2026-03-30 14:00:00,2026-03-30 15:00:00,2026-03-31 03:00:00,UP,Strong,67762.8,67911.8,opp_signal,12.0,0.0021988465647817534,0.0013988465647817535,CHOPPY
2026-03-30 15:00:00,2026-03-30 16:00:00,2026-03-31 03:00:00,UP,Strong,67590.2,67911.8,opp_signal,11.0,0.004758086231436032,0.003958086231436031,CHOPPY
2026-03-30 16:00:00,2026-03-30 17:00:00,2026-03-31 03:00:00,UP,Strong,67332.9,67911.8,opp_signal,10.0,0.008597580083436362,0.007797580083436362,CHOPPY
2026-03-30 17:00:00,2026-03-30 18:00:00,2026-03-31 03:00:00,UP,Strong,66805.1,67911.8,opp_signal,9.0,0.01656610049232765,0.015766100492327653,CHOPPY
2026-03-30 18:00:00,2026-03-30 19:00:00,2026-03-31 03:00:00,UP,Strong,66620.6,67911.8,opp_signal,8.0,0.019381392542246578,0.01858139254224658,CHOPPY
2026-03-30 19:00:00,2026-03-30 20:00:00,2026-03-31 03:00:00,UP,Moderate,66515.9,67911.8,opp_signal,7.0,0.02098595974797024,0.02018595974797024,CHOPPY
2026-03-30 20:00:00,2026-03-30 21:00:00,2026-03-31 03:00:00,UP,Strong,66614.9,67911.8,opp_signal,6.0,0.019468617381396713,0.018668617381396715,CHOPPY
2026-03-30 21:00:00,2026-03-30 22:00:00,2026-03-31 03:00:00,UP,Strong,66770.6,67911.8,opp_signal,5.0,0.017091354578212536,0.016291354578212538,CHOPPY
2026-03-30 23:00:00,2026-03-31 00:00:00,2026-03-31 03:00:00,UP,Moderate,66764.4,67911.8,opp_signal,3.0,0.01718580560897731,0.016385805608977313,CHOPPY
2026-03-31 02:00:00,2026-03-31 03:00:00,2026-03-31 08:00:00,DOWN,Moderate,67911.8,67343.9,opp_signal,5.0,0.00836231700529233,0.00756231700529233,CHOPPY
2026-03-31 03:00:00,2026-03-31 04:00:00,2026-03-31 08:00:00,DOWN,Moderate,67670.8,67343.9,opp_signal,4.0,0.004830739403110518,0.004030739403110517,CHOPPY
2026-03-31 04:00:00,2026-03-31 05:00:00,2026-03-31 08:00:00,DOWN,Moderate,67510.1,67343.9,opp_signal,3.0,0.0024618538559417757,0.0016618538559417758,CHOPPY
2026-03-31 05:00:00,2026-03-31 06:00:00,2026-03-31 08:00:00,DOWN,Moderate,67649.0,67343.9,opp_signal,2.0,0.00451004449437542,0.0037100444943754204,CHOPPY
2026-03-31 06:00:00,2026-03-31 07:00:00,2026-03-31 08:00:00,DOWN,Strong,67465.4,67343.9,opp_signal,1.0,0.0018009231398613545,0.0010009231398613546,CHOPPY
2026-03-31 07:00:00,2026-03-31 08:00:00,2026-03-31 14:00:00,UP,Moderate,67343.9,67255.6,opp_signal,6.0,-0.0013111803741688854,-0.0021111803741688854,CHOPPY
2026-03-31 08:00:00,2026-03-31 09:00:00,2026-03-31 14:00:00,UP,Moderate,66745.1,67255.6,opp_signal,5.0,0.007648501537940611,0.00684850153794061,CHOPPY
2026-03-31 09:00:00,2026-03-31 10:00:00,2026-03-31 14:00:00,UP,Strong,66099.3,67255.6,opp_signal,4.0,0.017493377388262843,0.016693377388262844,CHOPPY
2026-03-31 10:00:00,2026-03-31 11:00:00,2026-03-31 14:00:00,UP,Strong,66329.4,67255.6,opp_signal,3.0,0.01396364206520806,0.01316364206520806,BEAR
2026-03-31 11:00:00,2026-03-31 12:00:00,2026-03-31 14:00:00,UP,Strong,66652.4,67255.6,opp_signal,2.0,0.009049936686451154,0.008249936686451154,CHOPPY
2026-03-31 12:00:00,2026-03-31 13:00:00,2026-03-31 14:00:00,UP,Strong,66623.8,67255.6,opp_signal,1.0,0.009483097631777238,0.008683097631777237,CHOPPY
2026-03-31 13:00:00,2026-03-31 14:00:00,2026-03-31 15:00:00,DOWN,Moderate,67255.6,66556.0,opp_signal,1.0,0.010402107779872716,0.009602107779872715,BEAR
2026-03-31 14:00:00,2026-03-31 15:00:00,2026-03-31 22:00:00,UP,Strong,66556.0,68234.7,opp_signal,7.0,0.025222369132760436,0.024422369132760437,BEAR
2026-03-31 15:00:00,2026-03-31 16:00:00,2026-03-31 22:00:00,UP,Strong,66700.0,68234.7,opp_signal,6.0,0.023008995502248775,0.022208995502248776,CHOPPY
2026-03-31 16:00:00,2026-03-31 17:00:00,2026-03-31 22:00:00,UP,Strong,67632.6,68234.7,opp_signal,5.0,0.008902511510721078,0.008102511510721078,BULL
2026-03-31 17:00:00,2026-03-31 18:00:00,2026-03-31 22:00:00,UP,Strong,67493.8,68234.7,opp_signal,4.0,0.010977304582050484,0.010177304582050484,BULL
2026-03-31 18:00:00,2026-03-31 19:00:00,2026-03-31 22:00:00,UP,Strong,67814.5,68234.7,opp_signal,3.0,0.0061963149473931445,0.005396314947393144,BULL
2026-03-31 19:00:00,2026-03-31 20:00:00,2026-03-31 22:00:00,UP,Strong,67803.0,68234.7,opp_signal,2.0,0.006366974912614509,0.005566974912614509,BULL
2026-03-31 20:00:00,2026-03-31 21:00:00,2026-03-31 22:00:00,UP,Strong,68227.3,68234.7,opp_signal,1.0,0.00010846098262717874,-0.0006915390173728213,BULL
2026-03-31 21:00:00,2026-03-31 22:00:00,2026-04-01 01:00:00,DOWN,Strong,68234.7,68288.0,opp_signal,3.0,-0.0007811274908515742,-0.0015811274908515741,BULL
2026-03-31 22:00:00,2026-03-31 23:00:00,2026-04-01 01:00:00,DOWN,Moderate,68141.7,68288.0,opp_signal,2.0,-0.0021469966261482565,-0.0029469966261482564,BULL
2026-03-31 23:00:00,2026-04-01 00:00:00,2026-04-01 01:00:00,DOWN,Moderate,68241.4,68288.0,opp_signal,1.0,-0.0006828699293977003,-0.0014828699293977002,BULL
2026-04-01 00:00:00,2026-04-01 01:00:00,2026-04-01 07:00:00,UP,Moderate,68288.0,69069.1,opp_signal,6.0,0.011438320056232465,0.010638320056232465,CHOPPY
2026-04-01 01:00:00,2026-04-01 02:00:00,2026-04-01 07:00:00,UP,Moderate,67746.4,69069.1,opp_signal,5.0,0.019524284685238147,0.018724284685238148,CHOPPY
2026-04-01 02:00:00,2026-04-01 03:00:00,2026-04-01 07:00:00,UP,Moderate,67623.9,69069.1,opp_signal,4.0,0.02137114245111582,0.020571142451115822,BULL
2026-04-01 04:00:00,2026-04-01 05:00:00,2026-04-01 07:00:00,UP,Strong,68272.3,69069.1,opp_signal,2.0,0.011670911921819016,0.010870911921819016,BULL
2026-04-01 05:00:00,2026-04-01 06:00:00,2026-04-01 07:00:00,UP,Moderate,68418.3,69069.1,opp_signal,1.0,0.00951207498578599,0.00871207498578599,BULL
2026-04-01 06:00:00,2026-04-01 07:00:00,2026-04-01 08:00:00,DOWN,Strong,69069.1,68651.9,opp_signal,1.0,0.0060403277297664815,0.005240327729766481,BULL
2026-04-01 07:00:00,2026-04-01 08:00:00,2026-04-01 09:00:00,UP,Moderate,68651.9,68630.9,opp_signal,1.0,-0.0003058910241376944,-0.0011058910241376944,BULL
2026-04-01 08:00:00,2026-04-01 09:00:00,2026-04-02 04:00:00,DOWN,Strong,68630.9,66538.4,opp_signal,19.0,0.030489181986539604,0.029689181986539605,BULL
2026-04-01 09:00:00,2026-04-01 10:00:00,2026-04-02 04:00:00,DOWN,Strong,68608.4,66538.4,opp_signal,18.0,0.030171232677048243,0.029371232677048244,BULL
2026-04-01 10:00:00,2026-04-01 11:00:00,2026-04-02 04:00:00,DOWN,Moderate,68545.2,66538.4,opp_signal,17.0,0.029277031797996123,0.028477031797996124,BULL
2026-04-01 11:00:00,2026-04-01 12:00:00,2026-04-02 04:00:00,DOWN,Strong,68670.0,66538.4,opp_signal,16.0,0.031041211591670392,0.030241211591670394,BULL
2026-04-01 12:00:00,2026-04-01 13:00:00,2026-04-02 04:00:00,DOWN,Strong,68364.1,66538.4,opp_signal,15.0,0.026705536970427657,0.025905536970427658,BULL
2026-04-01 13:00:00,2026-04-01 14:00:00,2026-04-02 04:00:00,DOWN,Moderate,68091.4,66538.4,opp_signal,14.0,0.02280757922439547,0.02200757922439547,BULL
2026-04-01 14:00:00,2026-04-01 15:00:00,2026-04-02 04:00:00,DOWN,Strong,68559.2,66538.4,opp_signal,13.0,0.029475256420728457,0.02867525642072846,BULL
2026-04-01 15:00:00,2026-04-01 16:00:00,2026-04-02 04:00:00,DOWN,Strong,68876.9,66538.4,opp_signal,12.0,0.033951876463661934,0.03315187646366193,CHOPPY
2026-04-01 16:00:00,2026-04-01 17:00:00,2026-04-02 04:00:00,DOWN,Moderate,68781.1,66538.4,opp_signal,11.0,0.032606340986114035,0.03180634098611403,CHOPPY
2026-04-01 17:00:00,2026-04-01 18:00:00,2026-04-02 04:00:00,DOWN,Moderate,68239.7,66538.4,opp_signal,10.0,0.024931235043530453,0.024131235043530454,CHOPPY
2026-04-01 18:00:00,2026-04-01 19:00:00,2026-04-02 04:00:00,DOWN,Moderate,68054.2,66538.4,opp_signal,9.0,0.02227342324206294,0.02147342324206294,CHOPPY
2026-04-01 19:00:00,2026-04-01 20:00:00,2026-04-02 04:00:00,DOWN,Moderate,68143.7,66538.4,opp_signal,8.0,0.023557570252275783,0.022757570252275785,CHOPPY
2026-04-01 20:00:00,2026-04-01 21:00:00,2026-04-02 04:00:00,DOWN,Moderate,68159.7,66538.4,opp_signal,7.0,0.023786783099104092,0.022986783099104093,CHOPPY
2026-04-01 21:00:00,2026-04-01 22:00:00,2026-04-02 04:00:00,DOWN,Moderate,68324.8,66538.4,opp_signal,6.0,0.026145704048895935,0.025345704048895936,CHOPPY
2026-04-01 22:00:00,2026-04-01 23:00:00,2026-04-02 04:00:00,DOWN,Strong,68088.5,66538.4,opp_signal,5.0,0.02276595900923073,0.02196595900923073,CHOPPY
2026-04-01 23:00:00,2026-04-02 00:00:00,2026-04-02 04:00:00,DOWN,Strong,68086.4,66538.4,opp_signal,4.0,0.022735818019457676,0.021935818019457678,CHOPPY
2026-04-02 00:00:00,2026-04-02 01:00:00,2026-04-02 04:00:00,DOWN,Strong,68565.2,66538.4,opp_signal,3.0,0.02956018505014213,0.02876018505014213,BEAR
2026-04-02 01:00:00,2026-04-02 02:00:00,2026-04-02 04:00:00,DOWN,Moderate,67316.4,66538.4,opp_signal,2.0,0.011557361950431111,0.01075736195043111,BEAR
2026-04-02 03:00:00,2026-04-02 04:00:00,2026-04-04 05:00:00,UP,Strong,66538.4,66833.5,opp_signal,49.0,0.0044350330034987895,0.0036350330034987896,BEAR
2026-04-02 04:00:00,2026-04-02 05:00:00,2026-04-04 05:00:00,UP,Moderate,66300.2,66833.5,opp_signal,48.0,0.008043716308548055,0.007243716308548054,BEAR
2026-04-02 05:00:00,2026-04-02 06:00:00,2026-04-04 05:00:00,UP,Moderate,66558.2,66833.5,opp_signal,47.0,0.004136229645633538,0.003336229645633538,BEAR
2026-04-02 06:00:00,2026-04-02 07:00:00,2026-04-04 05:00:00,UP,Moderate,66653.0,66833.5,opp_signal,46.0,0.0027080551513061213,0.0019080551513061214,BEAR
2026-04-02 08:00:00,2026-04-02 09:00:00,2026-04-04 05:00:00,UP,Moderate,66418.1,66833.5,opp_signal,44.0,0.00625431922924613,0.00545431922924613,BEAR
2026-04-02 09:00:00,2026-04-02 10:00:00,2026-04-04 05:00:00,UP,Moderate,66428.7,66833.5,opp_signal,43.0,0.006093751646502277,0.005293751646502276,BEAR
2026-04-02 13:00:00,2026-04-02 14:00:00,2026-04-04 05:00:00,UP,Moderate,66227.3,66833.5,opp_signal,39.0,0.009153324988335543,0.008353324988335542,BEAR
2026-04-02 14:00:00,2026-04-02 15:00:00,2026-04-04 05:00:00,UP,Moderate,66822.3,66833.5,opp_signal,38.0,0.0001676087174491414,-0.0006323912825508586,BEAR
2026-04-02 16:00:00,2026-04-02 17:00:00,2026-04-04 05:00:00,UP,Moderate,67050.0,66833.5,opp_signal,36.0,-0.003228933631618247,-0.0040289336316182475,BEAR
2026-04-02 17:00:00,2026-04-02 18:00:00,2026-04-04 05:00:00,UP,Moderate,66641.4,66833.5,opp_signal,35.0,0.002882592502558623,0.002082592502558623,BEAR
2026-04-04 04:00:00,2026-04-04 05:00:00,2026-04-05 23:00:00,DOWN,Moderate,66833.5,68313.0,opp_signal,42.0,-0.022137101902488965,-0.022937101902488963,CHOPPY
2026-04-04 06:00:00,2026-04-04 07:00:00,2026-04-05 23:00:00,DOWN,Moderate,66981.5,68313.0,opp_signal,40.0,-0.01987862320192879,-0.02067862320192879,CHOPPY
2026-04-04 15:00:00,2026-04-04 16:00:00,2026-04-05 23:00:00,DOWN,Moderate,67357.4,68313.0,opp_signal,31.0,-0.014187008405906587,-0.014987008405906587,CHOPPY
2026-04-04 18:00:00,2026-04-04 19:00:00,2026-04-05 23:00:00,DOWN,Moderate,67265.6,68313.0,opp_signal,28.0,-0.015571109155348317,-0.016371109155348316,CHOPPY
2026-04-04 19:00:00,2026-04-04 20:00:00,2026-04-05 23:00:00,DOWN,Moderate,67262.8,68313.0,opp_signal,27.0,-0.01561338511034327,-0.01641338511034327,CHOPPY
2026-04-04 23:00:00,2026-04-05 00:00:00,2026-04-05 23:00:00,DOWN,Moderate,67271.1,68313.0,opp_signal,23.0,-0.01548807734673563,-0.016288077346735628,CHOPPY
2026-04-05 01:00:00,2026-04-05 02:00:00,2026-04-05 23:00:00,DOWN,Moderate,67060.6,68313.0,opp_signal,21.0,-0.01867564561008983,-0.01947564561008983,CHOPPY
2026-04-05 03:00:00,2026-04-05 04:00:00,2026-04-05 23:00:00,DOWN,Moderate,67113.4,68313.0,opp_signal,19.0,-0.017874224819484752,-0.01867422481948475,CHOPPY
2026-04-05 22:00:00,2026-04-05 23:00:00,2026-04-06 05:00:00,UP,Moderate,68313.0,69107.6,opp_signal,6.0,0.011631753838947212,0.010831753838947212,CHOPPY
2026-04-06 04:00:00,2026-04-06 05:00:00,2026-04-06 18:00:00,DOWN,Moderate,69107.6,69540.6,opp_signal,13.0,-0.006265591628127787,-0.007065591628127787,CHOPPY
2026-04-06 05:00:00,2026-04-06 06:00:00,2026-04-06 18:00:00,DOWN,Strong,69167.0,69540.6,opp_signal,12.0,-0.005401419752194103,-0.0062014197521941036,CHOPPY
2026-04-06 06:00:00,2026-04-06 07:00:00,2026-04-06 18:00:00,DOWN,Moderate,68958.8,69540.6,opp_signal,11.0,-0.00843692175617905,-0.00923692175617905,CHOPPY
2026-04-06 08:00:00,2026-04-06 09:00:00,2026-04-06 18:00:00,DOWN,Moderate,69191.7,69540.6,opp_signal,9.0,-0.005042512324455295,-0.005842512324455295,CHOPPY
2026-04-06 09:00:00,2026-04-06 10:00:00,2026-04-06 18:00:00,DOWN,Strong,69699.4,69540.6,opp_signal,8.0,0.0022783553373485477,0.0014783553373485477,CHOPPY
2026-04-06 10:00:00,2026-04-06 11:00:00,2026-04-06 18:00:00,DOWN,Strong,69739.2,69540.6,opp_signal,7.0,0.0028477527703213434,0.0020477527703213435,CHOPPY
2026-04-06 11:00:00,2026-04-06 12:00:00,2026-04-06 18:00:00,DOWN,Moderate,69583.5,69540.6,opp_signal,6.0,0.0006165254693999422,-0.0001834745306000578,CHOPPY
2026-04-06 12:00:00,2026-04-06 13:00:00,2026-04-06 18:00:00,DOWN,Moderate,69337.4,69540.6,opp_signal,5.0,-0.002930597339963814,-0.003730597339963814,CHOPPY
2026-04-06 17:00:00,2026-04-06 18:00:00,2026-04-06 19:00:00,UP,Moderate,69540.6,69852.8,opp_signal,1.0,0.004489463708970076,0.0036894637089700763,CHOPPY
2026-04-06 18:00:00,2026-04-06 19:00:00,2026-04-06 23:00:00,DOWN,Strong,69852.8,68777.0,opp_signal,4.0,0.015400957441935037,0.014600957441935037,CHOPPY
2026-04-06 19:00:00,2026-04-06 20:00:00,2026-04-06 23:00:00,DOWN,Moderate,69704.8,68777.0,opp_signal,3.0,0.013310417646991368,0.012510417646991368,CHOPPY
2026-04-06 20:00:00,2026-04-06 21:00:00,2026-04-06 23:00:00,DOWN,Moderate,69779.5,68777.0,opp_signal,2.0,0.014366683624846832,0.013566683624846832,CHOPPY
2026-04-06 21:00:00,2026-04-06 22:00:00,2026-04-06 23:00:00,DOWN,Moderate,69476.5,68777.0,opp_signal,1.0,0.01006815254078719,0.00926815254078719,CHOPPY
2026-04-06 22:00:00,2026-04-06 23:00:00,2026-04-07 07:00:00,UP,Moderate,68777.0,68539.9,opp_signal,8.0,-0.003447373395175757,-0.004247373395175757,CHOPPY
2026-04-06 23:00:00,2026-04-07 00:00:00,2026-04-07 07:00:00,UP,Moderate,68817.9,68539.9,opp_signal,7.0,-0.004039646661696983,-0.004839646661696983,CHOPPY
2026-04-07 00:00:00,2026-04-07 01:00:00,2026-04-07 07:00:00,UP,Moderate,68738.6,68539.9,opp_signal,6.0,-0.0028906611423569206,-0.0036906611423569206,CHOPPY
2026-04-07 01:00:00,2026-04-07 02:00:00,2026-04-07 07:00:00,UP,Strong,68363.9,68539.9,opp_signal,5.0,0.0025744581570097402,0.0017744581570097403,CHOPPY
2026-04-07 02:00:00,2026-04-07 03:00:00,2026-04-07 07:00:00,UP,Moderate,68640.3,68539.9,opp_signal,4.0,-0.0014626975697951128,-0.0022626975697951127,CHOPPY
2026-04-07 06:00:00,2026-04-07 07:00:00,2026-04-07 17:00:00,DOWN,Moderate,68539.9,68207.2,opp_signal,10.0,0.004854106877891562,0.0040541068778915616,CHOPPY
2026-04-07 07:00:00,2026-04-07 08:00:00,2026-04-07 17:00:00,DOWN,Strong,68592.0,68207.2,opp_signal,9.0,0.005609983671565288,0.004809983671565288,CHOPPY
2026-04-07 08:00:00,2026-04-07 09:00:00,2026-04-07 17:00:00,DOWN,Strong,68907.1,68207.2,opp_signal,8.0,0.010157153616971337,0.009357153616971337,CHOPPY
2026-04-07 09:00:00,2026-04-07 10:00:00,2026-04-07 17:00:00,DOWN,Strong,69109.9,68207.2,opp_signal,7.0,0.013061804459274295,0.012261804459274295,CHOPPY
2026-04-07 10:00:00,2026-04-07 11:00:00,2026-04-07 17:00:00,DOWN,Moderate,68196.1,68207.2,opp_signal,6.0,-0.0001627659059681985,-0.0009627659059681985,CHOPPY
2026-04-07 11:00:00,2026-04-07 12:00:00,2026-04-07 17:00:00,DOWN,Moderate,68310.7,68207.2,opp_signal,5.0,0.0015151359889445937,0.0007151359889445936,CHOPPY
2026-04-07 12:00:00,2026-04-07 13:00:00,2026-04-07 17:00:00,DOWN,Moderate,68366.9,68207.2,opp_signal,4.0,0.0023359257184397686,0.0015359257184397687,CHOPPY
2026-04-07 16:00:00,2026-04-07 17:00:00,2026-04-10 17:00:00,UP,Strong,68207.2,73079.9,time_exit,72.0,0.07143967205808188,0.07063967205808189,CHOPPY
2026-04-07 17:00:00,2026-04-07 18:00:00,2026-04-10 18:00:00,UP,Strong,68670.1,73056.7,time_exit,72.0,0.06387933030532933,0.06307933030532933,CHOPPY
2026-04-07 18:00:00,2026-04-07 19:00:00,2026-04-10 19:00:00,UP,Strong,68413.7,73187.3,time_exit,72.0,0.06977549818238171,0.06897549818238172,BEAR
2026-04-07 21:00:00,2026-04-07 22:00:00,2026-04-10 22:00:00,UP,Moderate,69886.7,72834.2,time_exit,72.0,0.042175406765522006,0.041375406765522,BULL
2026-04-07 22:00:00,2026-04-07 23:00:00,2026-04-10 23:00:00,UP,Moderate,71479.9,72917.4,time_exit,72.0,0.020110548559804986,0.019310548559804987,BULL
2026-04-07 23:00:00,2026-04-08 00:00:00,2026-04-11 00:00:00,UP,Strong,71890.2,72792.5,time_exit,72.0,0.012551084848839045,0.011751084848839044,BULL
2026-04-08 01:00:00,2026-04-08 02:00:00,2026-04-11 02:00:00,UP,Moderate,71446.5,72928.3,time_exit,72.0,0.020739994261440353,0.019939994261440355,BULL
2026-04-08 02:00:00,2026-04-08 03:00:00,2026-04-11 03:00:00,UP,Moderate,71329.9,72835.1,time_exit,72.0,0.02110195023405348,0.02030195023405348,BULL
2026-04-08 03:00:00,2026-04-08 04:00:00,2026-04-11 04:00:00,UP,Strong,71259.7,72771.2,time_exit,72.0,0.02121114739467056,0.02041114739467056,BULL
2026-04-12 13:00:00,2026-04-12 14:00:00,2026-04-14 17:00:00,UP,Moderate,70861.4,74597.2,opp_signal,51.0,0.052719816430383926,0.051919816430383924,BEAR
2026-04-13 15:00:00,2026-04-13 16:00:00,2026-04-14 17:00:00,UP,Moderate,71823.6,74597.2,opp_signal,25.0,0.03861683346420941,0.03781683346420941,CHOPPY
2026-04-13 16:00:00,2026-04-13 17:00:00,2026-04-14 17:00:00,UP,Moderate,72157.4,74597.2,opp_signal,24.0,0.033812193898338894,0.03301219389833889,CHOPPY
2026-04-13 17:00:00,2026-04-13 18:00:00,2026-04-14 17:00:00,UP,Moderate,72100.9,74597.2,opp_signal,23.0,0.03462231400717619,0.03382231400717619,CHOPPY
2026-04-13 18:00:00,2026-04-13 19:00:00,2026-04-14 17:00:00,UP,Moderate,72380.1,74597.2,opp_signal,22.0,0.03063134756652719,0.02983134756652719,CHOPPY
2026-04-13 20:00:00,2026-04-13 21:00:00,2026-04-14 17:00:00,UP,Moderate,73098.8,74597.2,opp_signal,20.0,0.020498284513562393,0.019698284513562394,CHOPPY
2026-04-13 23:00:00,2026-04-14 00:00:00,2026-04-14 17:00:00,UP,Moderate,74384.9,74597.2,opp_signal,17.0,0.0028540738778972674,0.0020540738778972675,BULL
2026-04-14 00:00:00,2026-04-14 01:00:00,2026-04-14 17:00:00,UP,Moderate,74127.9,74597.2,opp_signal,16.0,0.006330949615461989,0.005530949615461989,BULL
2026-04-14 01:00:00,2026-04-14 02:00:00,2026-04-14 17:00:00,UP,Moderate,74345.5,74597.2,opp_signal,15.0,0.0033855445184980404,0.0025855445184980405,BULL
2026-04-14 02:00:00,2026-04-14 03:00:00,2026-04-14 17:00:00,UP,Moderate,74294.5,74597.2,opp_signal,14.0,0.004074325824926506,0.003274325824926506,BULL
2026-04-14 03:00:00,2026-04-14 04:00:00,2026-04-14 17:00:00,UP,Moderate,74408.8,74597.2,opp_signal,13.0,0.00253195858554367,0.00173195858554367,BULL
2026-04-14 16:00:00,2026-04-14 17:00:00,2026-04-16 14:00:00,DOWN,Moderate,74597.2,73756.0,opp_signal,45.0,0.011276562659188194,0.010476562659188194,BULL
2026-04-14 17:00:00,2026-04-14 18:00:00,2026-04-16 14:00:00,DOWN,Moderate,74699.9,73756.0,opp_signal,44.0,0.012635893756216432,0.011835893756216432,BULL
2026-04-14 18:00:00,2026-04-14 19:00:00,2026-04-16 14:00:00,DOWN,Moderate,74049.9,73756.0,opp_signal,43.0,0.003968945265287238,0.003168945265287238,BULL
2026-04-14 19:00:00,2026-04-14 20:00:00,2026-04-16 14:00:00,DOWN,Moderate,74176.5,73756.0,opp_signal,42.0,0.005668911312882163,0.004868911312882163,BULL
2026-04-15 03:00:00,2026-04-15 04:00:00,2026-04-16 14:00:00,DOWN,Moderate,74296.8,73756.0,opp_signal,34.0,0.007278913762100103,0.006478913762100103,CHOPPY
2026-04-15 11:00:00,2026-04-15 12:00:00,2026-04-16 14:00:00,DOWN,Moderate,74155.0,73756.0,opp_signal,26.0,0.005380621670824648,0.0045806216708246476,CHOPPY
2026-04-15 12:00:00,2026-04-15 13:00:00,2026-04-16 14:00:00,DOWN,Moderate,74228.8,73756.0,opp_signal,25.0,0.006369495398012681,0.005569495398012681,CHOPPY
2026-04-16 00:00:00,2026-04-16 01:00:00,2026-04-16 14:00:00,DOWN,Moderate,74772.1,73756.0,opp_signal,13.0,0.013589293332673669,0.012789293332673668,CHOPPY
2026-04-16 03:00:00,2026-04-16 04:00:00,2026-04-16 14:00:00,DOWN,Moderate,74851.9,73756.0,opp_signal,10.0,0.014640910918760852,0.013840910918760852,CHOPPY
2026-04-16 04:00:00,2026-04-16 05:00:00,2026-04-16 14:00:00,DOWN,Moderate,74900.0,73756.0,opp_signal,9.0,0.015273698264352431,0.01447369826435243,CHOPPY
2026-04-16 05:00:00,2026-04-16 06:00:00,2026-04-16 14:00:00,DOWN,Moderate,75006.0,73756.0,opp_signal,8.0,0.016665333439991437,0.015865333439991438,CHOPPY
2026-04-16 06:00:00,2026-04-16 07:00:00,2026-04-16 14:00:00,DOWN,Moderate,74985.9,73756.0,opp_signal,7.0,0.016401750195703335,0.015601750195703335,CHOPPY
2026-04-16 07:00:00,2026-04-16 08:00:00,2026-04-16 14:00:00,DOWN,Moderate,74667.7,73756.0,opp_signal,6.0,0.012210098878095876,0.011410098878095876,CHOPPY
2026-04-16 13:00:00,2026-04-16 14:00:00,2026-04-17 14:00:00,UP,Strong,73756.0,77294.2,opp_signal,24.0,0.04797169043874394,0.04717169043874394,CHOPPY
2026-04-16 14:00:00,2026-04-16 15:00:00,2026-04-17 14:00:00,UP,Strong,73936.8,77294.2,opp_signal,23.0,0.045409052055268795,0.04460905205526879,CHOPPY
2026-04-16 15:00:00,2026-04-16 16:00:00,2026-04-17 14:00:00,UP,Moderate,74659.5,77294.2,opp_signal,22.0,0.035289547880711813,0.03448954788071181,CHOPPY
2026-04-16 16:00:00,2026-04-16 17:00:00,2026-04-17 14:00:00,UP,Moderate,74140.6,77294.2,opp_signal,21.0,0.04253539895819558,0.04173539895819558,CHOPPY
2026-04-16 17:00:00,2026-04-16 18:00:00,2026-04-17 14:00:00,UP,Moderate,74301.6,77294.2,opp_signal,20.0,0.04027638704953862,0.03947638704953862,CHOPPY
2026-04-16 18:00:00,2026-04-16 19:00:00,2026-04-17 14:00:00,UP,Strong,75000.1,77294.2,opp_signal,19.0,0.030587959216054283,0.029787959216054285,CHOPPY
2026-04-16 19:00:00,2026-04-16 20:00:00,2026-04-17 14:00:00,UP,Moderate,75309.5,77294.2,opp_signal,18.0,0.026353912852960182,0.025553912852960183,CHOPPY
2026-04-17 08:00:00,2026-04-17 09:00:00,2026-04-17 14:00:00,UP,Moderate,75749.8,77294.2,opp_signal,5.0,0.020388172642039848,0.01958817264203985,BULL
2026-04-17 10:00:00,2026-04-17 11:00:00,2026-04-17 14:00:00,UP,Moderate,75229.6,77294.2,opp_signal,3.0,0.027443984814487843,0.026643984814487844,BULL
2026-04-17 13:00:00,2026-04-17 14:00:00,2026-04-20 14:00:00,DOWN,Strong,77294.2,75000.1,time_exit,72.0,0.02968010536366239,0.02888010536366239,BULL
2026-04-17 14:00:00,2026-04-17 15:00:00,2026-04-20 15:00:00,DOWN,Moderate,77825.1,75668.1,time_exit,72.0,0.027715993940258365,0.026915993940258367,BULL
2026-04-17 15:00:00,2026-04-17 16:00:00,2026-04-20 16:00:00,DOWN,Moderate,77736.2,75300.0,time_exit,72.0,0.03133932453605914,0.030539324536059145,BULL
2026-04-17 16:00:00,2026-04-17 17:00:00,2026-04-20 17:00:00,DOWN,Moderate,77805.1,75853.7,time_exit,72.0,0.025080618108581643,0.024280618108581644,BULL
2026-04-17 18:00:00,2026-04-17 19:00:00,2026-04-20 19:00:00,DOWN,Moderate,77112.0,76252.5,time_exit,72.0,0.011146125116713312,0.010346125116713312,BULL
2026-04-17 19:00:00,2026-04-17 20:00:00,2026-04-20 20:00:00,DOWN,Moderate,77349.2,76252.5,opp_signal,72.0,0.014178556468586567,0.013378556468586567,BULL
2026-04-17 23:00:00,2026-04-18 00:00:00,2026-04-20 20:00:00,DOWN,Moderate,77030.6,76252.5,opp_signal,68.0,0.010101180569799584,0.009301180569799583,BULL
2026-04-20 19:00:00,2026-04-20 20:00:00,2026-04-21 14:00:00,UP,Moderate,76252.5,75860.0,opp_signal,18.0,-0.005147372217304325,-0.005947372217304325,CHOPPY
2026-04-21 13:00:00,2026-04-21 14:00:00,2026-04-22 00:00:00,DOWN,Moderate,75860.0,76288.3,opp_signal,10.0,-0.005645926707092075,-0.006445926707092075,CHOPPY
2026-04-21 14:00:00,2026-04-21 15:00:00,2026-04-22 00:00:00,DOWN,Moderate,75628.9,76288.3,opp_signal,9.0,-0.008718889207697256,-0.009518889207697256,CHOPPY
2026-04-21 15:00:00,2026-04-21 16:00:00,2026-04-22 00:00:00,DOWN,Moderate,75800.0,76288.3,opp_signal,8.0,-0.0064419525065964045,-0.007241952506596405,CHOPPY
2026-04-21 23:00:00,2026-04-22 00:00:00,2026-04-22 05:00:00,UP,Moderate,76288.3,77475.4,opp_signal,5.0,0.015560708522800892,0.014760708522800892,CHOPPY
2026-04-22 00:00:00,2026-04-22 01:00:00,2026-04-22 05:00:00,UP,Moderate,76327.1,77475.4,opp_signal,4.0,0.015044459962450851,0.014244459962450851,CHOPPY
2026-04-22 04:00:00,2026-04-22 05:00:00,2026-04-22 08:00:00,DOWN,Moderate,77475.4,77979.7,opp_signal,3.0,-0.006509162908484578,-0.0073091629084845785,BULL
2026-04-22 05:00:00,2026-04-22 06:00:00,2026-04-22 08:00:00,DOWN,Strong,77954.4,77979.7,opp_signal,2.0,-0.00032454871052833845,-0.0011245487105283384,BULL
2026-04-22 07:00:00,2026-04-22 08:00:00,2026-04-22 10:00:00,UP,Strong,77979.7,77959.9,opp_signal,2.0,-0.00025391223613324687,-0.0010539122361332468,BULL
2026-04-22 09:00:00,2026-04-22 10:00:00,2026-04-23 04:00:00,DOWN,Moderate,77959.9,77704.3,opp_signal,18.0,0.0032786086180202068,0.002478608618020207,BULL
2026-04-22 10:00:00,2026-04-22 11:00:00,2026-04-23 04:00:00,DOWN,Strong,78117.8,77704.3,opp_signal,17.0,0.005293287829406412,0.004493287829406412,BULL
2026-04-22 11:00:00,2026-04-22 12:00:00,2026-04-23 04:00:00,DOWN,Strong,78263.2,77704.3,opp_signal,16.0,0.007141287348332193,0.006341287348332192,BULL
2026-04-22 12:00:00,2026-04-22 13:00:00,2026-04-23 04:00:00,DOWN,Moderate,78196.6,77704.3,opp_signal,15.0,0.006295670144226273,0.005495670144226273,BULL
2026-04-22 17:00:00,2026-04-22 18:00:00,2026-04-23 04:00:00,DOWN,Moderate,78869.8,77704.3,opp_signal,10.0,0.01477751940539973,0.01397751940539973,BULL
2026-04-22 18:00:00,2026-04-22 19:00:00,2026-04-23 04:00:00,DOWN,Strong,78989.5,77704.3,opp_signal,9.0,0.01627051696744497,0.01547051696744497,BULL
2026-04-22 19:00:00,2026-04-22 20:00:00,2026-04-23 04:00:00,DOWN,Strong,78791.3,77704.3,opp_signal,8.0,0.013795939399400714,0.012995939399400714,CHOPPY
2026-04-22 20:00:00,2026-04-22 21:00:00,2026-04-23 04:00:00,DOWN,Moderate,78395.8,77704.3,opp_signal,7.0,0.008820625594738507,0.008020625594738507,CHOPPY
2026-04-22 21:00:00,2026-04-22 22:00:00,2026-04-23 04:00:00,DOWN,Strong,78713.9,77704.3,opp_signal,6.0,0.012826197151964203,0.012026197151964202,BULL
2026-04-22 22:00:00,2026-04-22 23:00:00,2026-04-23 04:00:00,DOWN,Strong,78552.1,77704.3,opp_signal,5.0,0.010792836856048482,0.009992836856048482,CHOPPY
2026-04-23 03:00:00,2026-04-23 04:00:00,2026-04-23 05:00:00,UP,Moderate,77704.3,77871.5,opp_signal,1.0,0.0021517470719123466,0.0013517470719123467,CHOPPY
2026-04-23 04:00:00,2026-04-23 05:00:00,2026-04-23 12:00:00,DOWN,Strong,77871.5,77650.0,opp_signal,7.0,0.002844429605182941,0.002044429605182941,CHOPPY
2026-04-23 05:00:00,2026-04-23 06:00:00,2026-04-23 12:00:00,DOWN,Strong,77992.0,77650.0,opp_signal,6.0,0.0043850651348856795,0.0035850651348856796,CHOPPY
2026-04-23 06:00:00,2026-04-23 07:00:00,2026-04-23 12:00:00,DOWN,Strong,78167.0,77650.0,opp_signal,5.0,0.006614044289789844,0.005814044289789844,CHOPPY
2026-04-23 07:00:00,2026-04-23 08:00:00,2026-04-23 12:00:00,DOWN,Strong,78009.1,77650.0,opp_signal,4.0,0.004603309101117725,0.0038033091011177252,CHOPPY
2026-04-23 08:00:00,2026-04-23 09:00:00,2026-04-23 12:00:00,DOWN,Strong,77822.1,77650.0,opp_signal,3.0,0.002211454072814867,0.001411454072814867,CHOPPY
2026-04-23 09:00:00,2026-04-23 10:00:00,2026-04-23 12:00:00,DOWN,Moderate,77613.0,77650.0,opp_signal,2.0,-0.0004767242601111388,-0.0012767242601111387,CHOPPY
2026-04-23 11:00:00,2026-04-23 12:00:00,2026-04-23 20:00:00,UP,Moderate,77650.0,77670.4,opp_signal,8.0,0.0002627173213134437,-0.0005372826786865563,CHOPPY
2026-04-23 12:00:00,2026-04-23 13:00:00,2026-04-23 20:00:00,UP,Strong,77826.8,77670.4,opp_signal,7.0,-0.0020095905266567238,-0.0028095905266567237,CHOPPY
2026-04-23 13:00:00,2026-04-23 14:00:00,2026-04-23 20:00:00,UP,Strong,77486.6,77670.4,opp_signal,6.0,0.002372023033659909,0.0015720230336599091,CHOPPY
2026-04-23 16:00:00,2026-04-23 17:00:00,2026-04-23 20:00:00,UP,Strong,78049.1,77670.4,opp_signal,3.0,-0.004852073886822628,-0.005652073886822628,CHOPPY
2026-04-23 17:00:00,2026-04-23 18:00:00,2026-04-23 20:00:00,UP,Strong,77715.1,77670.4,opp_signal,2.0,-0.0005751777968504568,-0.0013751777968504567,CHOPPY
2026-04-23 18:00:00,2026-04-23 19:00:00,2026-04-23 20:00:00,UP,Moderate,77631.5,77670.4,opp_signal,1.0,0.0005010852553408718,-0.00029891474465912826,CHOPPY
2026-04-23 19:00:00,2026-04-23 20:00:00,2026-04-24 04:00:00,DOWN,Strong,77670.4,77690.1,opp_signal,8.0,-0.0002536358767304403,-0.0010536358767304402,CHOPPY
2026-04-23 21:00:00,2026-04-23 22:00:00,2026-04-24 04:00:00,DOWN,Moderate,77819.5,77690.1,opp_signal,6.0,0.001662822300323108,0.0008628223003231079,CHOPPY
2026-04-23 22:00:00,2026-04-23 23:00:00,2026-04-24 04:00:00,DOWN,Strong,78194.1,77690.1,opp_signal,5.0,0.006445499084969275,0.005645499084969275,CHOPPY
2026-04-23 23:00:00,2026-04-24 00:00:00,2026-04-24 04:00:00,DOWN,Strong,78217.4,77690.1,opp_signal,4.0,0.006741466732466006,0.005941466732466006,CHOPPY
2026-04-24 00:00:00,2026-04-24 01:00:00,2026-04-24 04:00:00,DOWN,Strong,78376.7,77690.1,opp_signal,3.0,0.008760256555838564,0.007960256555838563,CHOPPY
2026-04-24 01:00:00,2026-04-24 02:00:00,2026-04-24 04:00:00,DOWN,Moderate,78369.8,77690.1,opp_signal,2.0,0.008672983725873995,0.007872983725873995,CHOPPY
2026-04-24 02:00:00,2026-04-24 03:00:00,2026-04-24 04:00:00,DOWN,Strong,78074.0,77690.1,opp_signal,1.0,0.00491712990240023,0.00411712990240023,CHOPPY
2026-04-24 03:00:00,2026-04-24 04:00:00,2026-04-24 20:00:00,UP,Moderate,77690.1,77596.0,opp_signal,16.0,-0.0012112225367196805,-0.0020112225367196804,CHOPPY
2026-04-24 05:00:00,2026-04-24 06:00:00,2026-04-24 20:00:00,UP,Moderate,77911.1,77596.0,opp_signal,14.0,-0.004044353115281507,-0.0048443531152815075,CHOPPY
2026-04-24 14:00:00,2026-04-24 15:00:00,2026-04-24 20:00:00,UP,Moderate,77986.3,77596.0,opp_signal,5.0,-0.005004725188911374,-0.0058047251889113746,CHOPPY
2026-04-24 19:00:00,2026-04-24 20:00:00,2026-04-26 06:00:00,DOWN,Moderate,77596.0,77949.4,opp_signal,34.0,-0.004554358472086184,-0.005354358472086184,CHOPPY
2026-04-24 20:00:00,2026-04-24 21:00:00,2026-04-26 06:00:00,DOWN,Moderate,77688.2,77949.4,opp_signal,33.0,-0.0033621579596385676,-0.004162157959638568,CHOPPY
2026-04-24 21:00:00,2026-04-24 22:00:00,2026-04-26 06:00:00,DOWN,Moderate,77490.0,77949.4,opp_signal,32.0,-0.005928506904116615,-0.006728506904116615,CHOPPY
2026-04-24 22:00:00,2026-04-24 23:00:00,2026-04-26 06:00:00,DOWN,Moderate,77294.6,77949.4,opp_signal,31.0,-0.008471484424526166,-0.009271484424526166,CHOPPY
2026-04-25 00:00:00,2026-04-25 01:00:00,2026-04-26 06:00:00,DOWN,Moderate,77420.0,77949.4,opp_signal,29.0,-0.006838026349780257,-0.007638026349780258,CHOPPY
2026-04-25 03:00:00,2026-04-25 04:00:00,2026-04-26 06:00:00,DOWN,Moderate,77629.0,77949.4,opp_signal,26.0,-0.004127323551765372,-0.004927323551765372,CHOPPY
2026-04-25 04:00:00,2026-04-25 05:00:00,2026-04-26 06:00:00,DOWN,Moderate,77579.5,77949.4,opp_signal,25.0,-0.004768012168162805,-0.0055680121681628055,CHOPPY
2026-04-26 05:00:00,2026-04-26 06:00:00,2026-04-29 06:00:00,UP,Strong,77949.4,76978.5,time_exit,72.0,-0.01245551601423478,-0.01325551601423478,CHOPPY
2026-04-26 06:00:00,2026-04-26 07:00:00,2026-04-29 07:00:00,UP,Strong,77963.3,77003.8,time_exit,72.0,-0.01230707268676412,-0.01310707268676412,CHOPPY
2026-04-26 07:00:00,2026-04-26 08:00:00,2026-04-28 14:00:00,UP,Strong,78061.5,75719.655,disaster_stop,54.0,-0.030000000000000027,-0.030800000000000025,CHOPPY
2026-04-26 08:00:00,2026-04-26 09:00:00,2026-04-28 14:00:00,UP,Moderate,77989.1,75649.42700000001,disaster_stop,53.0,-0.029999999999999916,-0.030799999999999914,CHOPPY
2026-04-26 09:00:00,2026-04-26 10:00:00,2026-04-29 10:00:00,UP,Moderate,77971.8,77575.3,time_exit,72.0,-0.005085171818529299,-0.0058851718185293,CHOPPY
2026-04-26 10:00:00,2026-04-26 11:00:00,2026-04-29 11:00:00,UP,Moderate,77961.5,77552.5,time_exit,72.0,-0.005246179203837742,-0.006046179203837742,CHOPPY
2026-04-26 11:00:00,2026-04-26 12:00:00,2026-04-28 14:00:00,UP,Moderate,78050.0,75708.5,disaster_stop,50.0,-0.030000000000000027,-0.030800000000000025,CHOPPY
2026-04-26 12:00:00,2026-04-26 13:00:00,2026-04-29 13:00:00,UP,Moderate,77795.4,76748.7,time_exit,72.0,-0.013454523018070486,-0.014254523018070486,CHOPPY
2026-04-26 13:00:00,2026-04-26 14:00:00,2026-04-29 14:00:00,UP,Strong,77940.0,76540.3,time_exit,72.0,-0.01795868616884777,-0.01875868616884777,CHOPPY
2026-04-26 14:00:00,2026-04-26 15:00:00,2026-04-28 14:00:00,UP,Moderate,78053.5,75711.895,disaster_stop,47.0,-0.029999999999999916,-0.030799999999999914,CHOPPY
2026-04-26 15:00:00,2026-04-26 16:00:00,2026-04-28 14:00:00,UP,Moderate,78007.9,75667.663,disaster_stop,46.0,-0.029999999999999916,-0.030799999999999914,CHOPPY
2026-04-26 16:00:00,2026-04-26 17:00:00,2026-04-29 17:00:00,UP,Moderate,77890.1,76139.6,time_exit,72.0,-0.022473972943929943,-0.02327397294392994,CHOPPY
2026-04-26 17:00:00,2026-04-26 18:00:00,2026-04-28 14:00:00,UP,Moderate,77976.7,75637.39899999999,disaster_stop,44.0,-0.030000000000000138,-0.030800000000000136,CHOPPY
2026-04-26 18:00:00,2026-04-26 19:00:00,2026-04-28 14:00:00,UP,Strong,78238.1,75890.95700000001,disaster_stop,43.0,-0.029999999999999916,-0.030799999999999914,CHOPPY
2026-04-26 19:00:00,2026-04-26 20:00:00,2026-04-28 14:00:00,UP,Strong,78183.2,75837.704,disaster_stop,42.0,-0.030000000000000027,-0.030800000000000025,CHOPPY
2026-04-26 20:00:00,2026-04-26 21:00:00,2026-04-28 14:00:00,UP,Moderate,78150.0,75805.5,disaster_stop,41.0,-0.030000000000000027,-0.030800000000000025,CHOPPY
2026-04-26 21:00:00,2026-04-26 22:00:00,2026-04-28 13:00:00,UP,Strong,78369.6,76018.512,disaster_stop,39.0,-0.030000000000000027,-0.030800000000000025,CHOPPY
2026-04-26 22:00:00,2026-04-26 23:00:00,2026-04-28 13:00:00,UP,Strong,78274.7,75926.459,disaster_stop,38.0,-0.029999999999999916,-0.030799999999999914,CHOPPY
2026-04-26 23:00:00,2026-04-27 00:00:00,2026-04-28 11:00:00,UP,Strong,78614.4,76255.968,disaster_stop,35.0,-0.030000000000000027,-0.030800000000000025,CHOPPY
2026-04-27 00:00:00,2026-04-27 01:00:00,2026-04-27 15:00:00,UP,Strong,79264.1,76886.17700000001,disaster_stop,14.0,-0.029999999999999916,-0.030799999999999914,CHOPPY
2026-04-27 01:00:00,2026-04-27 02:00:00,2026-04-27 15:00:00,UP,Strong,79245.3,76867.941,disaster_stop,13.0,-0.029999999999999916,-0.030799999999999914,CHOPPY
2026-04-27 02:00:00,2026-04-27 03:00:00,2026-04-27 15:00:00,UP,Strong,79082.9,76710.413,disaster_stop,12.0,-0.029999999999999916,-0.030799999999999914,CHOPPY
2026-04-27 04:00:00,2026-04-27 05:00:00,2026-04-27 16:00:00,UP,Moderate,78882.6,76516.122,disaster_stop,11.0,-0.030000000000000027,-0.030800000000000025,CHOPPY
2026-04-27 05:00:00,2026-04-27 06:00:00,2026-04-29 18:00:00,UP,Strong,77730.5,75398.585,disaster_stop,60.0,-0.029999999999999916,-0.030799999999999914,CHOPPY
2026-04-27 06:00:00,2026-04-27 07:00:00,2026-04-29 18:00:00,UP,Strong,77657.9,75328.163,disaster_stop,59.0,-0.029999999999999916,-0.030799999999999914,CHOPPY
2026-04-27 07:00:00,2026-04-27 08:00:00,2026-04-29 18:00:00,UP,Strong,77556.7,75229.999,disaster_stop,58.0,-0.030000000000000027,-0.030800000000000025,CHOPPY
2026-04-27 08:00:00,2026-04-27 09:00:00,2026-04-29 18:00:00,UP,Moderate,77763.4,75430.49799999999,disaster_stop,57.0,-0.030000000000000027,-0.030800000000000025,CHOPPY
2026-04-27 09:00:00,2026-04-27 10:00:00,2026-04-29 18:00:00,UP,Strong,77856.1,75520.417,disaster_stop,56.0,-0.030000000000000027,-0.030800000000000025,CHOPPY
2026-04-27 10:00:00,2026-04-27 11:00:00,2026-04-29 18:00:00,UP,Moderate,77806.7,75472.499,disaster_stop,55.0,-0.030000000000000027,-0.030800000000000025,CHOPPY
2026-04-27 12:00:00,2026-04-27 13:00:00,2026-04-29 18:00:00,UP,Moderate,77627.3,75298.481,disaster_stop,53.0,-0.030000000000000027,-0.030800000000000025,CHOPPY
2026-04-27 13:00:00,2026-04-27 14:00:00,2026-04-29 18:00:00,UP,Strong,77700.3,75369.291,disaster_stop,52.0,-0.030000000000000027,-0.030800000000000025,CHOPPY
2026-04-27 16:00:00,2026-04-27 17:00:00,2026-04-30 17:00:00,UP,Strong,76587.9,76209.2,time_exit,72.0,-0.0049446453029786674,-0.005744645302978668,BEAR
2026-04-27 17:00:00,2026-04-27 18:00:00,2026-04-30 18:00:00,UP,Strong,76702.3,76309.1,time_exit,72.0,-0.005126313031030283,-0.005926313031030283,CHOPPY
2026-04-27 18:00:00,2026-04-27 19:00:00,2026-04-30 19:00:00,UP,Strong,76790.6,76366.7,time_exit,72.0,-0.005520206900323843,-0.006320206900323843,CHOPPY
2026-04-27 19:00:00,2026-04-27 20:00:00,2026-04-30 20:00:00,UP,Strong,76844.3,76451.1,time_exit,72.0,-0.005116840156003777,-0.005916840156003777,CHOPPY
2026-04-27 20:00:00,2026-04-27 21:00:00,2026-04-30 21:00:00,UP,Moderate,76915.8,76202.8,time_exit,72.0,-0.009269876930357634,-0.010069876930357635,CHOPPY
2026-04-27 21:00:00,2026-04-27 22:00:00,2026-04-30 22:00:00,UP,Moderate,76741.4,76197.9,time_exit,72.0,-0.00708222680326398,-0.00788222680326398,BEAR
2026-04-27 22:00:00,2026-04-27 23:00:00,2026-04-30 23:00:00,UP,Moderate,77025.8,76305.4,time_exit,72.0,-0.009352710390544527,-0.010152710390544528,CHOPPY
2026-04-27 23:00:00,2026-04-28 00:00:00,2026-04-29 18:00:00,UP,Strong,77331.2,75011.264,disaster_stop,42.0,-0.030000000000000027,-0.030800000000000025,CHOPPY
2026-04-28 00:00:00,2026-04-28 01:00:00,2026-04-29 18:00:00,UP,Moderate,77334.9,75014.85299999999,disaster_stop,41.0,-0.030000000000000027,-0.030800000000000025,CHOPPY
2026-04-28 03:00:00,2026-04-28 04:00:00,2026-05-01 04:00:00,UP,Moderate,76770.6,76997.4,time_exit,72.0,0.0029542559260966605,0.0021542559260966606,CHOPPY
