signal_ts,entry_ts,exit_ts,direction,tier,entry_px,exit_px,exit_reason,hold_h,gross,net,regime
2025-12-01 08:00:00,2025-12-01 09:00:00,2025-12-02 09:00:00,UP,Strong,86811.0,86734.4,time_exit,24.0,-0.000882376657336148,-0.001682376657336148,BEAR
2025-12-01 09:00:00,2025-12-01 10:00:00,2025-12-02 10:00:00,UP,Strong,86659.2,87241.8,time_exit,24.0,0.006722886894870994,0.005922886894870994,BEAR
2025-12-01 10:00:00,2025-12-01 11:00:00,2025-12-02 11:00:00,UP,Moderate,86599.0,87326.9,time_exit,24.0,0.008405408838439099,0.007605408838439099,BEAR
2025-12-01 11:00:00,2025-12-01 12:00:00,2025-12-02 12:00:00,UP,Moderate,86100.0,87225.6,time_exit,24.0,0.013073170731707329,0.012273170731707328,BEAR
2025-12-01 12:00:00,2025-12-01 13:00:00,2025-12-02 13:00:00,UP,Strong,85396.3,87691.3,time_exit,24.0,0.02687470066033315,0.026074700660333152,BEAR
2025-12-01 13:00:00,2025-12-01 14:00:00,2025-12-02 14:00:00,UP,Strong,85943.7,89225.1,time_exit,24.0,0.0381808090645388,0.0373808090645388,BEAR
2025-12-01 14:00:00,2025-12-01 15:00:00,2025-12-02 15:00:00,UP,Strong,86017.4,90809.2,time_exit,24.0,0.05570733363249758,0.05490733363249758,BEAR
2025-12-01 15:00:00,2025-12-01 16:00:00,2025-12-02 16:00:00,UP,Strong,84650.0,90713.9,time_exit,24.0,0.0716349675132899,0.07083496751328991,BEAR
2025-12-01 16:00:00,2025-12-01 17:00:00,2025-12-02 17:00:00,UP,Strong,84540.4,91417.5,time_exit,24.0,0.08134690633117425,0.08054690633117426,BEAR
2025-12-01 17:00:00,2025-12-01 18:00:00,2025-12-02 18:00:00,UP,Moderate,84902.6,91905.0,time_exit,24.0,0.08247568390131743,0.08167568390131744,BEAR
2025-12-01 18:00:00,2025-12-01 19:00:00,2025-12-02 19:00:00,UP,Moderate,85159.1,91849.9,time_exit,24.0,0.07856823287235293,0.07776823287235293,BEAR
2025-12-01 19:00:00,2025-12-01 20:00:00,2025-12-02 20:00:00,UP,Moderate,84985.0,90976.1,time_exit,24.0,0.0704959698770371,0.0696959698770371,BEAR
2025-12-01 20:00:00,2025-12-01 21:00:00,2025-12-02 21:00:00,UP,Strong,85474.1,91500.2,time_exit,24.0,0.07050205851831137,0.06970205851831138,BEAR
2025-12-01 21:00:00,2025-12-01 22:00:00,2025-12-02 22:00:00,UP,Moderate,86380.1,91932.7,time_exit,24.0,0.0642810091676207,0.0634810091676207,BEAR
2025-12-01 22:00:00,2025-12-01 23:00:00,2025-12-02 23:00:00,UP,Moderate,86518.4,91249.1,time_exit,24.0,0.0546785423678664,0.0538785423678664,BEAR
2025-12-02 01:00:00,2025-12-02 02:00:00,2025-12-03 02:00:00,UP,Moderate,86409.9,92784.2,time_exit,24.0,0.0737681677678137,0.0729681677678137,CHOPPY
2025-12-02 03:00:00,2025-12-02 04:00:00,2025-12-03 04:00:00,UP,Moderate,86935.9,93302.2,time_exit,24.0,0.07322981645097149,0.07242981645097149,BULL
2025-12-02 11:00:00,2025-12-02 12:00:00,2025-12-03 12:00:00,UP,Moderate,87327.0,92882.3,time_exit,24.0,0.06361491863913793,0.06281491863913793,BULL
2025-12-02 20:00:00,2025-12-02 21:00:00,2025-12-03 21:00:00,UP,Moderate,90976.1,93645.0,time_exit,24.0,0.02933627623079027,0.02853627623079027,BULL
2025-12-09 04:00:00,2025-12-09 05:00:00,2025-12-10 05:00:00,UP,Moderate,89875.3,92508.6,time_exit,24.0,0.029299484953040578,0.02849948495304058,CHOPPY
2025-12-09 05:00:00,2025-12-09 06:00:00,2025-12-10 06:00:00,UP,Moderate,89857.7,92648.0,time_exit,24.0,0.031052430676502984,0.030252430676502986,CHOPPY
2025-12-09 08:00:00,2025-12-09 09:00:00,2025-12-10 09:00:00,DOWN,Moderate,90459.0,92870.1,time_exit,24.0,-0.02665406427221173,-0.02745406427221173,CHOPPY
2025-12-09 09:00:00,2025-12-09 10:00:00,2025-12-10 10:00:00,DOWN,Moderate,90100.0,92230.5,time_exit,24.0,-0.023645948945616002,-0.024445948945616,CHOPPY
2025-12-09 11:00:00,2025-12-09 12:00:00,2025-12-10 12:00:00,UP,Moderate,90342.0,91952.1,time_exit,24.0,0.017822275353656103,0.017022275353656104,CHOPPY
2025-12-09 12:00:00,2025-12-09 13:00:00,2025-12-10 13:00:00,UP,Moderate,90532.7,92054.6,time_exit,24.0,0.016810500515283433,0.016010500515283434,CHOPPY
2025-12-09 13:00:00,2025-12-09 14:00:00,2025-12-10 14:00:00,UP,Moderate,90385.1,91794.0,time_exit,24.0,0.015587746210381948,0.014787746210381947,CHOPPY
2025-12-09 14:00:00,2025-12-09 15:00:00,2025-12-10 15:00:00,UP,Moderate,90327.1,92021.8,time_exit,24.0,0.01876181123937326,0.017961811239373262,BULL
2025-12-09 15:00:00,2025-12-09 16:00:00,2025-12-10 16:00:00,UP,Strong,92676.9,92126.7,time_exit,24.0,-0.005936754466323246,-0.006736754466323247,BULL
2025-12-09 18:00:00,2025-12-09 19:00:00,2025-12-10 19:00:00,DOWN,Strong,93887.2,92913.8,time_exit,24.0,0.010367760461489905,0.009567760461489905,BULL
2025-12-09 19:00:00,2025-12-09 20:00:00,2025-12-10 20:00:00,DOWN,Strong,93761.9,92409.1,time_exit,24.0,0.014428035268056472,0.013628035268056471,BULL
2025-12-09 20:00:00,2025-12-09 21:00:00,2025-12-10 21:00:00,UP,Moderate,93075.2,92308.2,time_exit,24.0,-0.008240648421921182,-0.009040648421921182,BULL
2025-12-09 21:00:00,2025-12-09 22:00:00,2025-12-10 22:00:00,UP,Moderate,92591.2,92472.2,time_exit,24.0,-0.0012852193296987169,-0.002085219329698717,BULL
2025-12-09 22:00:00,2025-12-09 23:00:00,2025-12-10 23:00:00,UP,Moderate,92832.0,91977.5,time_exit,24.0,-0.009204800068941754,-0.010004800068941755,BULL
2025-12-10 00:00:00,2025-12-10 01:00:00,2025-12-11 01:00:00,UP,Moderate,92084.5,90637.0,time_exit,24.0,-0.015719257855556612,-0.01651925785555661,BULL
2025-12-10 01:00:00,2025-12-10 02:00:00,2025-12-11 02:00:00,UP,Moderate,92269.2,90034.4,time_exit,24.0,-0.02422043325400025,-0.02502043325400025,BULL
2025-12-10 04:00:00,2025-12-10 05:00:00,2025-12-11 05:00:00,UP,Moderate,92507.4,90262.0,time_exit,24.0,-0.024272652782371895,-0.025072652782371894,BULL
2025-12-10 05:00:00,2025-12-10 06:00:00,2025-12-11 06:00:00,UP,Moderate,92508.5,90252.1,time_exit,24.0,-0.02439127215336967,-0.02519127215336967,BULL
2025-12-10 06:00:00,2025-12-10 07:00:00,2025-12-11 07:00:00,UP,Moderate,92648.0,90231.4,time_exit,24.0,-0.02608367153095592,-0.02688367153095592,BULL
2025-12-10 07:00:00,2025-12-10 08:00:00,2025-12-11 08:00:00,UP,Moderate,92744.7,90152.5,time_exit,24.0,-0.027949845112443028,-0.028749845112443027,BULL
2025-12-10 08:00:00,2025-12-10 09:00:00,2025-12-11 09:00:00,UP,Moderate,92565.1,90196.0,time_exit,24.0,-0.02559387933465207,-0.02639387933465207,BULL
2025-12-10 09:00:00,2025-12-10 10:00:00,2025-12-11 10:00:00,UP,Moderate,92870.0,90279.2,time_exit,24.0,-0.027897060407020557,-0.028697060407020556,BULL
2025-12-10 10:00:00,2025-12-10 11:00:00,2025-12-11 11:00:00,UP,Moderate,92230.4,90195.3,time_exit,24.0,-0.022065392755533875,-0.022865392755533873,BULL
2025-12-10 11:00:00,2025-12-10 12:00:00,2025-12-11 12:00:00,UP,Moderate,92085.4,90000.8,time_exit,24.0,-0.022637681977816126,-0.023437681977816125,BULL
2025-12-10 12:00:00,2025-12-10 13:00:00,2025-12-11 13:00:00,UP,Moderate,91952.2,90062.9,time_exit,24.0,-0.020546544835251423,-0.021346544835251422,BULL
2025-12-10 13:00:00,2025-12-10 14:00:00,2025-12-11 14:00:00,UP,Moderate,92054.5,89514.5,time_exit,24.0,-0.027592350183858527,-0.028392350183858526,BULL
2025-12-10 14:00:00,2025-12-10 15:00:00,2025-12-11 15:00:00,UP,Moderate,91794.0,89830.1,time_exit,24.0,-0.021394644530143503,-0.0221946445301435,CHOPPY
2025-12-10 15:00:00,2025-12-10 16:00:00,2025-12-11 16:00:00,UP,Moderate,92021.8,89704.2,time_exit,24.0,-0.025185336518085966,-0.025985336518085964,CHOPPY
2025-12-10 16:00:00,2025-12-10 17:00:00,2025-12-11 17:00:00,UP,Moderate,92126.7,89935.6,time_exit,24.0,-0.0237835502628444,-0.024583550262844398,CHOPPY
2025-12-10 17:00:00,2025-12-10 18:00:00,2025-12-11 18:00:00,UP,Moderate,92348.7,90657.9,time_exit,24.0,-0.01830886628615236,-0.019108866286152357,CHOPPY
2025-12-10 18:00:00,2025-12-10 19:00:00,2025-12-11 19:00:00,UP,Moderate,92448.8,90793.5,time_exit,24.0,-0.017905045819956555,-0.018705045819956554,CHOPPY
2025-12-10 19:00:00,2025-12-10 20:00:00,2025-12-11 20:00:00,UP,Moderate,92913.9,91740.9,time_exit,24.0,-0.01262459115374559,-0.01342459115374559,CHOPPY
2025-12-10 21:00:00,2025-12-10 22:00:00,2025-12-11 22:00:00,UP,Moderate,92308.3,92325.4,time_exit,24.0,0.00018524878044545723,-0.0006147512195545428,CHOPPY
2025-12-10 22:00:00,2025-12-10 23:00:00,2025-12-11 23:00:00,UP,Moderate,92472.2,92477.5,time_exit,24.0,5.731452263502135e-05,-0.0007426854773649787,CHOPPY
2025-12-10 23:00:00,2025-12-11 00:00:00,2025-12-12 00:00:00,UP,Moderate,91977.5,91521.0,time_exit,24.0,-0.004963170340572476,-0.005763170340572476,CHOPPY
2025-12-11 00:00:00,2025-12-11 01:00:00,2025-12-12 01:00:00,UP,Moderate,91350.1,92129.3,time_exit,24.0,0.008529820985417658,0.007729820985417657,CHOPPY
2025-12-11 01:00:00,2025-12-11 02:00:00,2025-12-12 02:00:00,UP,Moderate,90637.0,92542.2,time_exit,24.0,0.021020113198803925,0.020220113198803926,CHOPPY
2025-12-11 02:00:00,2025-12-11 03:00:00,2025-12-12 03:00:00,UP,Moderate,90034.4,92234.3,time_exit,24.0,0.024433994117804003,0.023633994117804005,CHOPPY
2025-12-11 03:00:00,2025-12-11 04:00:00,2025-12-12 04:00:00,UP,Moderate,89833.1,92355.6,time_exit,24.0,0.028079850300167797,0.027279850300167798,CHOPPY
2025-12-11 04:00:00,2025-12-11 05:00:00,2025-12-12 05:00:00,UP,Strong,90386.6,92404.8,time_exit,24.0,0.022328530999063956,0.021528530999063957,CHOPPY
2025-12-11 06:00:00,2025-12-11 07:00:00,2025-12-12 07:00:00,UP,Moderate,90252.0,92389.5,time_exit,24.0,0.023683685680095712,0.022883685680095713,CHOPPY
2025-12-11 08:00:00,2025-12-11 09:00:00,2025-12-12 09:00:00,UP,Moderate,90152.6,92481.7,time_exit,24.0,0.02583508406856816,0.02503508406856816,CHOPPY
2025-12-11 13:00:00,2025-12-11 14:00:00,2025-12-12 14:00:00,UP,Strong,90062.8,92393.0,time_exit,24.0,0.02587305746656776,0.025073057466567763,CHOPPY
2025-12-11 14:00:00,2025-12-11 15:00:00,2025-12-12 15:00:00,UP,Strong,89514.4,89895.0,time_exit,24.0,0.0042518298731824,0.0034518298731824,CHOPPY
2025-12-11 15:00:00,2025-12-11 16:00:00,2025-12-12 16:00:00,UP,Strong,89830.1,89996.8,time_exit,24.0,0.0018557254194306871,0.0010557254194306872,CHOPPY
2025-12-11 16:00:00,2025-12-11 17:00:00,2025-12-12 17:00:00,UP,Strong,89704.2,90043.5,time_exit,24.0,0.003782431591831781,0.002982431591831781,CHOPPY
2025-12-11 17:00:00,2025-12-11 18:00:00,2025-12-12 18:00:00,UP,Strong,89935.3,90323.7,time_exit,24.0,0.004318660192382584,0.003518660192382584,CHOPPY
2025-12-11 18:00:00,2025-12-11 19:00:00,2025-12-12 19:00:00,UP,Strong,90657.9,90147.3,time_exit,24.0,-0.0056321622274505545,-0.006432162227450555,CHOPPY
2025-12-11 19:00:00,2025-12-11 20:00:00,2025-12-12 20:00:00,UP,Strong,90793.5,90160.0,time_exit,24.0,-0.006977371728152382,-0.007777371728152382,CHOPPY
2025-12-11 20:00:00,2025-12-11 21:00:00,2025-12-12 21:00:00,UP,Moderate,91740.9,90151.0,time_exit,24.0,-0.017330329220663798,-0.018130329220663797,BULL
2025-12-11 22:00:00,2025-12-11 23:00:00,2025-12-12 23:00:00,DOWN,Strong,92325.4,90229.6,time_exit,24.0,0.022700145355449175,0.021900145355449176,BULL
2025-12-11 23:00:00,2025-12-12 00:00:00,2025-12-13 00:00:00,DOWN,Strong,92477.6,90276.9,time_exit,24.0,0.023797114111958062,0.022997114111958063,CHOPPY
2025-12-12 04:00:00,2025-12-12 05:00:00,2025-12-13 05:00:00,DOWN,Strong,92355.7,90301.3,time_exit,24.0,0.022244431042155455,0.021444431042155456,CHOPPY
2025-12-12 05:00:00,2025-12-12 06:00:00,2025-12-13 06:00:00,DOWN,Strong,92404.9,90317.4,time_exit,24.0,0.022590793345374505,0.021790793345374506,CHOPPY
2025-12-12 06:00:00,2025-12-12 07:00:00,2025-12-13 07:00:00,DOWN,Moderate,92468.7,90286.1,time_exit,24.0,0.0236036626447651,0.0228036626447651,CHOPPY
2025-12-12 08:00:00,2025-12-12 09:00:00,2025-12-13 09:00:00,UP,Moderate,92311.4,90375.3,time_exit,24.0,-0.020973574228101755,-0.021773574228101753,BULL
2025-12-12 09:00:00,2025-12-12 10:00:00,2025-12-13 10:00:00,DOWN,Strong,92481.7,90546.7,time_exit,24.0,0.020923058291532293,0.020123058291532294,BULL
2025-12-12 10:00:00,2025-12-12 11:00:00,2025-12-13 11:00:00,DOWN,Strong,92454.7,90298.4,time_exit,24.0,0.023322773206770453,0.022522773206770454,BULL
2025-12-12 11:00:00,2025-12-12 12:00:00,2025-12-13 12:00:00,DOWN,Strong,92381.4,90309.8,time_exit,24.0,0.022424427428031968,0.02162442742803197,CHOPPY
2025-12-12 12:00:00,2025-12-12 13:00:00,2025-12-13 13:00:00,DOWN,Strong,92389.9,90215.0,time_exit,24.0,0.023540451932516415,0.022740451932516417,CHOPPY
2025-12-12 13:00:00,2025-12-12 14:00:00,2025-12-13 14:00:00,DOWN,Strong,92261.7,90048.5,time_exit,24.0,0.02398828549658194,0.02318828549658194,CHOPPY
2025-12-12 14:00:00,2025-12-12 15:00:00,2025-12-13 15:00:00,UP,Moderate,92393.0,90055.4,time_exit,24.0,-0.02530061801218708,-0.02610061801218708,CHOPPY
2025-12-12 15:00:00,2025-12-12 16:00:00,2025-12-13 16:00:00,UP,Moderate,89895.0,90054.0,time_exit,24.0,0.0017687301852160608,0.0009687301852160608,CHOPPY
2025-12-12 17:00:00,2025-12-12 18:00:00,2025-12-13 18:00:00,UP,Strong,90043.9,90089.1,time_exit,24.0,0.0005019773688168527,-0.0002980226311831473,CHOPPY
2025-12-12 18:00:00,2025-12-12 19:00:00,2025-12-13 19:00:00,UP,Moderate,90323.8,90150.9,time_exit,24.0,-0.0019142241579739316,-0.0027142241579739316,BEAR
2025-12-12 21:00:00,2025-12-12 22:00:00,2025-12-13 22:00:00,DOWN,Strong,90150.9,90092.4,time_exit,24.0,0.000648911990895229,-0.00015108800910477104,BEAR
2025-12-12 22:00:00,2025-12-12 23:00:00,2025-12-13 23:00:00,DOWN,Strong,90294.7,90191.3,time_exit,24.0,0.001145139194216216,0.00034513919421621587,BEAR
2025-12-12 23:00:00,2025-12-13 00:00:00,2025-12-14 00:00:00,DOWN,Strong,90229.7,90303.5,time_exit,24.0,-0.0008179125055276515,-0.0016179125055276514,BEAR
2025-12-13 00:00:00,2025-12-13 01:00:00,2025-12-14 01:00:00,DOWN,Strong,90276.9,90256.6,time_exit,24.0,0.00022486372482866113,-0.0005751362751713389,BEAR
2025-12-13 01:00:00,2025-12-13 02:00:00,2025-12-14 02:00:00,DOWN,Strong,90192.1,90244.9,time_exit,24.0,-0.0005854171263335317,-0.0013854171263335316,BEAR
2025-12-13 02:00:00,2025-12-13 03:00:00,2025-12-14 03:00:00,DOWN,Strong,90194.9,90222.3,time_exit,24.0,-0.00030378657773333373,-0.0011037865777333337,BEAR
2025-12-13 13:00:00,2025-12-13 14:00:00,2025-12-14 14:00:00,DOWN,Moderate,90215.1,89074.1,time_exit,24.0,0.01264755013296004,0.011847550132960039,BEAR
2025-12-13 21:00:00,2025-12-13 22:00:00,2025-12-14 22:00:00,DOWN,Strong,90137.9,88370.2,time_exit,24.0,0.01961106260518597,0.01881106260518597,CHOPPY
2025-12-13 22:00:00,2025-12-13 23:00:00,2025-12-14 23:00:00,DOWN,Strong,90092.3,88118.8,time_exit,24.0,0.021905312662680365,0.021105312662680367,CHOPPY
2025-12-13 23:00:00,2025-12-14 00:00:00,2025-12-15 00:00:00,DOWN,Strong,90191.3,88414.9,time_exit,24.0,0.019695913020435496,0.018895913020435497,CHOPPY
2025-12-14 18:00:00,2025-12-14 19:00:00,2025-12-15 19:00:00,DOWN,Strong,88951.7,86104.2,time_exit,24.0,0.032011754693839434,0.031211754693839435,CHOPPY
2025-12-14 20:00:00,2025-12-14 21:00:00,2025-12-15 21:00:00,DOWN,Moderate,88515.9,86209.6,time_exit,24.0,0.026055205900860634,0.025255205900860635,CHOPPY
2025-12-14 21:00:00,2025-12-14 22:00:00,2025-12-15 22:00:00,DOWN,Moderate,88403.6,86228.8,time_exit,24.0,0.024600808111886918,0.02380080811188692,CHOPPY
2025-12-15 12:00:00,2025-12-15 13:00:00,2025-12-16 13:00:00,DOWN,Strong,89657.9,86410.4,time_exit,24.0,0.036221013429937554,0.03542101342993755,CHOPPY
2025-12-15 13:00:00,2025-12-15 14:00:00,2025-12-16 14:00:00,DOWN,Strong,89388.1,87257.2,time_exit,24.0,0.023838743635897885,0.023038743635897887,CHOPPY
2025-12-15 15:00:00,2025-12-15 16:00:00,2025-12-16 16:00:00,UP,Moderate,86996.5,87539.0,time_exit,24.0,0.0062358830527664555,0.005435883052766455,CHOPPY
2025-12-15 16:00:00,2025-12-15 17:00:00,2025-12-16 17:00:00,UP,Moderate,86360.6,87087.7,time_exit,24.0,0.00841934863815208,0.0076193486381520795,BEAR
2025-12-15 17:00:00,2025-12-15 18:00:00,2025-12-16 18:00:00,UP,Moderate,85734.2,87741.3,time_exit,24.0,0.023410727574293633,0.022610727574293634,BEAR
2025-12-15 18:00:00,2025-12-15 19:00:00,2025-12-16 19:00:00,UP,Moderate,86142.7,87538.7,time_exit,24.0,0.01620566803687362,0.015405668036873621,BEAR
2025-12-15 21:00:00,2025-12-15 22:00:00,2025-12-16 22:00:00,UP,Moderate,86209.7,87753.6,time_exit,24.0,0.01790865761045457,0.01710865761045457,BEAR
2025-12-16 03:00:00,2025-12-16 04:00:00,2025-12-17 04:00:00,UP,Moderate,85837.6,86716.7,time_exit,24.0,0.010241432658881333,0.009441432658881333,CHOPPY
2025-12-16 07:00:00,2025-12-16 08:00:00,2025-12-17 08:00:00,UP,Moderate,85964.9,86366.0,time_exit,24.0,0.004665857809408314,0.0038658578094083137,BEAR
2025-12-16 10:00:00,2025-12-16 11:00:00,2025-12-17 11:00:00,UP,Moderate,86932.1,86939.3,time_exit,24.0,8.282326091268999e-05,-0.00071717673908731,BEAR
2025-12-16 13:00:00,2025-12-16 14:00:00,2025-12-17 14:00:00,UP,Moderate,86410.4,89633.9,time_exit,24.0,0.037304537416792405,0.0365045374167924,BEAR
2025-12-16 14:00:00,2025-12-16 15:00:00,2025-12-17 15:00:00,UP,Moderate,87257.2,87191.4,time_exit,24.0,-0.0007540924989571929,-0.0015540924989571928,BULL
2025-12-16 15:00:00,2025-12-16 16:00:00,2025-12-17 16:00:00,UP,Moderate,87936.3,86946.6,time_exit,24.0,-0.01125473780452435,-0.012054737804524351,CHOPPY
2025-12-16 16:00:00,2025-12-16 17:00:00,2025-12-17 17:00:00,UP,Moderate,87539.1,86380.6,time_exit,24.0,-0.013234086254028221,-0.014034086254028222,CHOPPY
2025-12-16 17:00:00,2025-12-16 18:00:00,2025-12-17 18:00:00,UP,Moderate,87087.7,85796.1,time_exit,24.0,-0.014831026654739898,-0.015631026654739897,CHOPPY
2025-12-16 18:00:00,2025-12-16 19:00:00,2025-12-17 19:00:00,UP,Moderate,87741.3,85982.7,time_exit,24.0,-0.02004301281152665,-0.02084301281152665,CHOPPY
2025-12-17 05:00:00,2025-12-17 06:00:00,2025-12-18 06:00:00,UP,Moderate,86595.0,86607.0,time_exit,24.0,0.00013857613026146964,-0.0006614238697385304,CHOPPY
2025-12-17 06:00:00,2025-12-17 07:00:00,2025-12-18 07:00:00,UP,Moderate,86735.5,86787.5,time_exit,24.0,0.0005995238397196179,-0.00020047616028038217,CHOPPY
2025-12-17 07:00:00,2025-12-17 08:00:00,2025-12-18 08:00:00,UP,Moderate,87010.4,86934.9,time_exit,24.0,-0.0008677123654183827,-0.0016677123654183826,CHOPPY
2025-12-17 08:00:00,2025-12-17 09:00:00,2025-12-18 09:00:00,UP,Moderate,86366.1,87237.0,time_exit,24.0,0.010083817608992351,0.009283817608992351,CHOPPY
2025-12-17 09:00:00,2025-12-17 10:00:00,2025-12-18 10:00:00,UP,Moderate,86386.1,87307.2,time_exit,24.0,0.010662595023967825,0.009862595023967824,CHOPPY
2025-12-17 10:00:00,2025-12-17 11:00:00,2025-12-18 11:00:00,UP,Moderate,86587.0,87268.1,time_exit,24.0,0.007866076893760177,0.007066076893760176,CHOPPY
2025-12-17 11:00:00,2025-12-17 12:00:00,2025-12-18 12:00:00,UP,Strong,86939.2,87215.2,time_exit,24.0,0.0031746323867714032,0.0023746323867714033,CHOPPY
2025-12-17 12:00:00,2025-12-17 13:00:00,2025-12-18 13:00:00,UP,Moderate,86984.0,88804.0,time_exit,24.0,0.02092338820932582,0.020123388209325823,CHOPPY
2025-12-17 13:00:00,2025-12-17 14:00:00,2025-12-18 14:00:00,UP,Moderate,87579.0,88325.4,time_exit,24.0,0.008522591032096738,0.007722591032096738,BULL
2025-12-17 15:00:00,2025-12-17 16:00:00,2025-12-18 16:00:00,UP,Moderate,87191.0,87984.6,time_exit,24.0,0.009101856843022782,0.008301856843022782,BEAR
2025-12-18 13:00:00,2025-12-18 14:00:00,2025-12-19 14:00:00,UP,Moderate,88804.0,88140.8,time_exit,24.0,-0.007468132066123068,-0.008268132066123068,BEAR
2025-12-18 14:00:00,2025-12-18 15:00:00,2025-12-19 15:00:00,UP,Moderate,88325.4,87925.6,time_exit,24.0,-0.004526444261786389,-0.005326444261786389,CHOPPY
2025-12-19 03:00:00,2025-12-19 04:00:00,2025-12-20 04:00:00,UP,Moderate,86863.2,88257.1,time_exit,24.0,0.01604707171736708,0.015247071717367078,CHOPPY
2025-12-19 04:00:00,2025-12-19 05:00:00,2025-12-20 05:00:00,UP,Moderate,87073.4,88250.0,time_exit,24.0,0.013512737529486785,0.012712737529486784,BULL
2025-12-19 06:00:00,2025-12-19 07:00:00,2025-12-20 07:00:00,DOWN,Strong,87450.0,88239.9,time_exit,24.0,-0.009032590051457845,-0.009832590051457845,BULL
2025-12-19 08:00:00,2025-12-19 09:00:00,2025-12-20 09:00:00,DOWN,Strong,88063.2,88190.0,time_exit,24.0,-0.0014398749988644433,-0.002239874998864443,BULL
2025-12-19 09:00:00,2025-12-19 10:00:00,2025-12-20 10:00:00,DOWN,Strong,88068.4,88133.7,time_exit,24.0,-0.000741469130812078,-0.001541469130812078,BULL
2025-12-19 10:00:00,2025-12-19 11:00:00,2025-12-20 11:00:00,DOWN,Strong,88237.2,88243.6,time_exit,24.0,-7.253176664723249e-05,-0.0008725317666472325,BULL
2025-12-19 11:00:00,2025-12-19 12:00:00,2025-12-20 12:00:00,DOWN,Strong,88170.0,88214.0,time_exit,24.0,-0.0004990359532721644,-0.0012990359532721644,BULL
2025-12-19 12:00:00,2025-12-19 13:00:00,2025-12-20 13:00:00,DOWN,Strong,87840.7,88230.9,time_exit,24.0,-0.004442132177908453,-0.005242132177908454,BEAR
2025-12-19 13:00:00,2025-12-19 14:00:00,2025-12-20 14:00:00,DOWN,Strong,87968.0,88213.4,time_exit,24.0,-0.0027896507821025818,-0.0035896507821025817,CHOPPY
2025-12-19 14:00:00,2025-12-19 15:00:00,2025-12-20 15:00:00,DOWN,Strong,88140.8,88134.6,time_exit,24.0,7.034199825728393e-05,-0.0007296580017427161,BEAR
2025-12-19 15:00:00,2025-12-19 16:00:00,2025-12-20 16:00:00,DOWN,Strong,87925.6,88115.3,time_exit,24.0,-0.0021575058913445577,-0.0029575058913445577,CHOPPY
2025-12-19 16:00:00,2025-12-19 17:00:00,2025-12-20 17:00:00,DOWN,Strong,87956.6,88144.5,time_exit,24.0,-0.0021362808475997586,-0.0029362808475997585,BULL
2025-12-19 18:00:00,2025-12-19 19:00:00,2025-12-20 19:00:00,DOWN,Moderate,87126.2,88196.3,time_exit,24.0,-0.012282183774800393,-0.013082183774800393,BULL
2025-12-19 19:00:00,2025-12-19 20:00:00,2025-12-20 20:00:00,DOWN,Moderate,87812.9,88250.4,time_exit,24.0,-0.004982183711049304,-0.005782183711049304,BULL
2025-12-19 21:00:00,2025-12-19 22:00:00,2025-12-20 22:00:00,DOWN,Strong,87805.8,88244.1,time_exit,24.0,-0.0049916975871753255,-0.005791697587175326,CHOPPY
2025-12-20 05:00:00,2025-12-20 06:00:00,2025-12-21 06:00:00,DOWN,Moderate,88250.1,88057.3,time_exit,24.0,0.0021847000739942946,0.0013847000739942946,CHOPPY
2025-12-20 07:00:00,2025-12-20 08:00:00,2025-12-21 08:00:00,DOWN,Moderate,88240.0,88509.0,time_exit,24.0,-0.0030485040797825214,-0.0038485040797825213,CHOPPY
2025-12-20 08:00:00,2025-12-20 09:00:00,2025-12-21 09:00:00,DOWN,Moderate,88217.0,88868.0,time_exit,24.0,-0.0073795300225580895,-0.00817953002255809,CHOPPY
2025-12-20 09:00:00,2025-12-20 10:00:00,2025-12-21 10:00:00,DOWN,Moderate,88190.0,88633.1,time_exit,24.0,-0.005024379181313154,-0.005824379181313155,CHOPPY
2025-12-20 10:00:00,2025-12-20 11:00:00,2025-12-21 11:00:00,DOWN,Moderate,88133.6,88570.6,time_exit,24.0,-0.004958381366470865,-0.005758381366470866,CHOPPY
2025-12-20 11:00:00,2025-12-20 12:00:00,2025-12-21 12:00:00,DOWN,Strong,88243.6,88588.6,time_exit,24.0,-0.00390963197331029,-0.004709631973310291,CHOPPY
2025-12-20 12:00:00,2025-12-20 13:00:00,2025-12-21 13:00:00,DOWN,Strong,88213.9,87630.5,time_exit,24.0,0.006613470212744166,0.0058134702127441654,CHOPPY
2025-12-21 10:00:00,2025-12-21 11:00:00,2025-12-22 11:00:00,DOWN,Moderate,88633.2,89905.2,time_exit,24.0,-0.014351281461122856,-0.015151281461122856,CHOPPY
2025-12-21 11:00:00,2025-12-21 12:00:00,2025-12-22 12:00:00,DOWN,Strong,88570.7,90171.2,time_exit,24.0,-0.018070309933194695,-0.018870309933194693,CHOPPY
2025-12-21 12:00:00,2025-12-21 13:00:00,2025-12-22 13:00:00,DOWN,Moderate,88588.6,89882.6,time_exit,24.0,-0.014606845576067284,-0.015406845576067285,CHOPPY
2025-12-22 03:00:00,2025-12-22 04:00:00,2025-12-23 04:00:00,UP,Moderate,88727.4,87892.0,time_exit,24.0,-0.009415355346826249,-0.010215355346826249,CHOPPY
2025-12-22 06:00:00,2025-12-22 07:00:00,2025-12-23 07:00:00,DOWN,Moderate,88867.3,87531.3,time_exit,24.0,0.015033651298059003,0.014233651298059003,CHOPPY
2025-12-22 07:00:00,2025-12-22 08:00:00,2025-12-23 08:00:00,DOWN,Strong,89127.8,87426.8,time_exit,24.0,0.019084954413774335,0.018284954413774337,CHOPPY
2025-12-22 09:00:00,2025-12-22 10:00:00,2025-12-23 10:00:00,DOWN,Strong,89785.3,87570.3,time_exit,24.0,0.024669962677632107,0.023869962677632108,CHOPPY
2025-12-22 10:00:00,2025-12-22 11:00:00,2025-12-23 11:00:00,DOWN,Strong,89742.0,87813.9,time_exit,24.0,0.02148492344721542,0.020684923447215422,CHOPPY
2025-12-22 11:00:00,2025-12-22 12:00:00,2025-12-23 12:00:00,DOWN,Strong,89905.2,87737.3,time_exit,24.0,0.024113176990874785,0.023313176990874786,CHOPPY
2025-12-22 12:00:00,2025-12-22 13:00:00,2025-12-23 13:00:00,DOWN,Strong,90171.2,87567.7,time_exit,24.0,0.028872855191014457,0.02807285519101446,CHOPPY
2025-12-22 13:00:00,2025-12-22 14:00:00,2025-12-23 14:00:00,DOWN,Strong,89882.6,86837.3,time_exit,24.0,0.03388086236935739,0.03308086236935739,CHOPPY
2025-12-22 14:00:00,2025-12-22 15:00:00,2025-12-23 15:00:00,DOWN,Strong,90088.4,87405.3,time_exit,24.0,0.029782968728493286,0.028982968728493288,CHOPPY
2025-12-22 15:00:00,2025-12-22 16:00:00,2025-12-23 16:00:00,DOWN,Strong,89688.6,87959.8,time_exit,24.0,0.01927558240400673,0.01847558240400673,CHOPPY
2025-12-22 16:00:00,2025-12-22 17:00:00,2025-12-23 17:00:00,DOWN,Strong,89508.5,87138.1,time_exit,24.0,0.02648240111274347,0.02568240111274347,CHOPPY
2025-12-22 17:00:00,2025-12-22 18:00:00,2025-12-23 18:00:00,DOWN,Strong,89271.0,87950.0,time_exit,24.0,0.01479763865084971,0.013997638650849709,CHOPPY
2025-12-22 18:00:00,2025-12-22 19:00:00,2025-12-23 19:00:00,DOWN,Strong,89104.9,87724.2,time_exit,24.0,0.015495219679276917,0.014695219679276917,CHOPPY
2025-12-22 20:00:00,2025-12-22 21:00:00,2025-12-23 21:00:00,DOWN,Moderate,88305.3,87692.7,time_exit,24.0,0.006937295949393851,0.006137295949393851,CHOPPY
2025-12-22 23:00:00,2025-12-23 00:00:00,2025-12-24 00:00:00,UP,Moderate,88581.5,87626.1,time_exit,24.0,-0.01078554777239038,-0.01158554777239038,CHOPPY
2025-12-23 02:00:00,2025-12-23 03:00:00,2025-12-24 03:00:00,UP,Moderate,88167.7,87311.4,time_exit,24.0,-0.009712173505716959,-0.01051217350571696,CHOPPY
2025-12-23 03:00:00,2025-12-23 04:00:00,2025-12-24 04:00:00,UP,Strong,88128.2,87110.6,time_exit,24.0,-0.011546814753960577,-0.012346814753960577,CHOPPY
2025-12-23 16:00:00,2025-12-23 17:00:00,2025-12-24 17:00:00,DOWN,Moderate,87959.8,87284.5,time_exit,24.0,0.0076773707989331585,0.006877370798933158,CHOPPY
2025-12-25 04:00:00,2025-12-25 05:00:00,2025-12-26 05:00:00,UP,Strong,87740.5,88954.7,time_exit,24.0,0.01383853522603573,0.01303853522603573,CHOPPY
2025-12-25 05:00:00,2025-12-25 06:00:00,2025-12-26 06:00:00,UP,Strong,87706.1,89085.0,time_exit,24.0,0.01572182550586554,0.014921825505865538,CHOPPY
2025-12-25 06:00:00,2025-12-25 07:00:00,2025-12-26 07:00:00,UP,Moderate,87799.6,88433.0,time_exit,24.0,0.007214155873147332,0.006414155873147332,CHOPPY
2025-12-25 07:00:00,2025-12-25 08:00:00,2025-12-26 08:00:00,UP,Moderate,87795.9,88707.4,time_exit,24.0,0.01038203378517677,0.00958203378517677,CHOPPY
2025-12-25 08:00:00,2025-12-25 09:00:00,2025-12-26 09:00:00,UP,Strong,87546.2,88783.2,time_exit,24.0,0.014129682384843578,0.013329682384843578,CHOPPY
2025-12-25 09:00:00,2025-12-25 10:00:00,2025-12-26 10:00:00,UP,Moderate,87482.1,88717.5,time_exit,24.0,0.014121746048620265,0.013321746048620265,CHOPPY
2025-12-25 10:00:00,2025-12-25 11:00:00,2025-12-26 11:00:00,UP,Strong,87386.1,88507.5,time_exit,24.0,0.012832704514791127,0.012032704514791126,CHOPPY
2025-12-25 11:00:00,2025-12-25 12:00:00,2025-12-26 12:00:00,UP,Moderate,87485.2,88649.6,time_exit,24.0,0.013309679808699126,0.012509679808699126,CHOPPY
2025-12-25 12:00:00,2025-12-25 13:00:00,2025-12-26 13:00:00,UP,Strong,87533.8,88959.1,time_exit,24.0,0.016282853023632082,0.015482853023632082,CHOPPY
2025-12-25 13:00:00,2025-12-25 14:00:00,2025-12-26 14:00:00,UP,Moderate,87597.1,87344.4,time_exit,24.0,-0.002884798697673885,-0.003684798697673885,CHOPPY
2025-12-25 14:00:00,2025-12-25 15:00:00,2025-12-26 15:00:00,UP,Moderate,87675.0,87100.0,time_exit,24.0,-0.006558311947533535,-0.007358311947533535,CHOPPY
2025-12-25 15:00:00,2025-12-25 16:00:00,2025-12-26 16:00:00,UP,Strong,88339.0,86821.7,time_exit,24.0,-0.017175879283215845,-0.017975879283215843,CHOPPY
2025-12-25 17:00:00,2025-12-25 18:00:00,2025-12-26 18:00:00,DOWN,Strong,88096.1,87232.5,time_exit,24.0,0.009802931117268598,0.009002931117268598,CHOPPY
2025-12-25 18:00:00,2025-12-25 19:00:00,2025-12-26 19:00:00,DOWN,Moderate,88198.5,87453.7,time_exit,24.0,0.008444588059887681,0.007644588059887681,CHOPPY
2025-12-25 19:00:00,2025-12-25 20:00:00,2025-12-26 20:00:00,DOWN,Moderate,88112.3,87547.7,time_exit,24.0,0.006407731951157847,0.005607731951157846,CHOPPY
2025-12-25 23:00:00,2025-12-26 00:00:00,2025-12-27 00:00:00,UP,Strong,87182.8,87360.0,time_exit,24.0,0.0020325109998760027,0.0012325109998760028,CHOPPY
2025-12-26 00:00:00,2025-12-26 01:00:00,2025-12-27 01:00:00,UP,Strong,87084.4,87431.6,time_exit,24.0,0.003986936810726371,0.0031869368107263715,CHOPPY
2025-12-26 02:00:00,2025-12-26 03:00:00,2025-12-27 03:00:00,DOWN,Strong,89151.8,87473.4,time_exit,24.0,0.018826316462483228,0.01802631646248323,BULL
2025-12-26 03:00:00,2025-12-26 04:00:00,2025-12-27 04:00:00,DOWN,Strong,88796.2,87428.0,time_exit,24.0,0.01540831702257528,0.01460831702257528,BULL
2025-12-26 04:00:00,2025-12-26 05:00:00,2025-12-27 05:00:00,DOWN,Strong,88926.0,87466.2,time_exit,24.0,0.016415896363268345,0.015615896363268345,BULL
2025-12-26 05:00:00,2025-12-26 06:00:00,2025-12-27 06:00:00,DOWN,Strong,88954.7,87426.8,time_exit,24.0,0.01717615820187124,0.01637615820187124,BULL
2025-12-26 06:00:00,2025-12-26 07:00:00,2025-12-27 07:00:00,DOWN,Strong,89085.0,87490.9,time_exit,24.0,0.01789414604029871,0.01709414604029871,BULL
2025-12-26 16:00:00,2025-12-26 17:00:00,2025-12-27 17:00:00,UP,Moderate,86821.7,87514.0,time_exit,24.0,0.007973812998363305,0.007173812998363305,BEAR
2025-12-26 17:00:00,2025-12-26 18:00:00,2025-12-27 18:00:00,UP,Moderate,87288.5,87452.8,time_exit,24.0,0.0018822639866649116,0.0010822639866649116,BEAR
2025-12-26 19:00:00,2025-12-26 20:00:00,2025-12-27 20:00:00,DOWN,Moderate,87453.7,87514.9,time_exit,24.0,-0.0006997988649994902,-0.00149979886499949,CHOPPY
2025-12-26 21:00:00,2025-12-26 22:00:00,2025-12-27 22:00:00,DOWN,Moderate,87429.2,87526.3,time_exit,24.0,-0.0011106129302338452,-0.0019106129302338451,CHOPPY
2025-12-29 03:00:00,2025-12-29 04:00:00,2025-12-30 04:00:00,DOWN,Moderate,90091.5,87262.0,time_exit,24.0,0.031406958481099756,0.030606958481099757,CHOPPY
2025-12-29 04:00:00,2025-12-29 05:00:00,2025-12-30 05:00:00,DOWN,Strong,90100.1,87216.2,time_exit,24.0,0.032007733620717516,0.031207733620717517,CHOPPY
2025-12-29 05:00:00,2025-12-29 06:00:00,2025-12-30 06:00:00,DOWN,Strong,89950.8,87404.3,time_exit,24.0,0.028309920534336563,0.027509920534336565,CHOPPY
2025-12-29 06:00:00,2025-12-29 07:00:00,2025-12-30 07:00:00,DOWN,Strong,89740.7,87457.5,time_exit,24.0,0.025442190667110842,0.024642190667110844,CHOPPY
2025-12-29 07:00:00,2025-12-29 08:00:00,2025-12-30 08:00:00,DOWN,Strong,89583.0,87827.1,time_exit,24.0,0.01960081711931949,0.018800817119319493,CHOPPY
2025-12-29 08:00:00,2025-12-29 09:00:00,2025-12-30 09:00:00,DOWN,Strong,89519.0,87954.7,time_exit,24.0,0.017474502619555632,0.016674502619555633,CHOPPY
2025-12-29 09:00:00,2025-12-29 10:00:00,2025-12-30 10:00:00,DOWN,Strong,88068.2,87914.3,time_exit,24.0,0.0017475093166431366,0.0009475093166431365,CHOPPY
2025-12-29 10:00:00,2025-12-29 11:00:00,2025-12-30 11:00:00,DOWN,Moderate,87747.2,87875.2,time_exit,24.0,-0.001458736005251371,-0.002258736005251371,CHOPPY
2025-12-29 11:00:00,2025-12-29 12:00:00,2025-12-30 12:00:00,DOWN,Moderate,87529.1,87993.4,time_exit,24.0,-0.005304521581965149,-0.00610452158196515,CHOPPY
2025-12-29 12:00:00,2025-12-29 13:00:00,2025-12-30 13:00:00,DOWN,Moderate,87343.9,88069.8,time_exit,24.0,-0.00831082651450199,-0.00911082651450199,CHOPPY
2025-12-29 13:00:00,2025-12-29 14:00:00,2025-12-30 14:00:00,UP,Strong,87354.3,88831.4,time_exit,24.0,0.01690929925601825,0.016109299256018252,CHOPPY
2025-12-29 14:00:00,2025-12-29 15:00:00,2025-12-30 15:00:00,UP,Strong,87400.0,88966.8,time_exit,24.0,0.01792677345537763,0.017126773455377633,CHOPPY
2025-12-29 15:00:00,2025-12-29 16:00:00,2025-12-30 16:00:00,UP,Moderate,87636.4,88698.9,time_exit,24.0,0.012123957624913917,0.011323957624913917,CHOPPY
2025-12-29 19:00:00,2025-12-29 20:00:00,2025-12-30 20:00:00,DOWN,Moderate,87328.9,87900.3,time_exit,24.0,-0.00654308024033301,-0.0073430802403330105,CHOPPY
2025-12-29 22:00:00,2025-12-29 23:00:00,2025-12-30 23:00:00,DOWN,Moderate,87317.1,88455.3,time_exit,24.0,-0.013035247391404381,-0.013835247391404381,BEAR
2025-12-30 00:00:00,2025-12-30 01:00:00,2025-12-31 01:00:00,DOWN,Moderate,87223.2,88604.7,time_exit,24.0,-0.01583867594860089,-0.016638675948600887,CHOPPY
2025-12-30 02:00:00,2025-12-30 03:00:00,2025-12-31 03:00:00,UP,Moderate,87072.8,88411.5,time_exit,24.0,0.015374491230326859,0.014574491230326858,CHOPPY
2025-12-30 04:00:00,2025-12-30 05:00:00,2025-12-31 05:00:00,DOWN,Moderate,87262.1,88415.6,time_exit,24.0,-0.01321879716394636,-0.014018797163946361,CHOPPY
2025-12-30 08:00:00,2025-12-30 09:00:00,2025-12-31 09:00:00,UP,Moderate,87827.0,88619.5,time_exit,24.0,0.009023421043642621,0.00822342104364262,CHOPPY
2025-12-30 10:00:00,2025-12-30 11:00:00,2025-12-31 11:00:00,UP,Moderate,87914.3,88967.6,time_exit,24.0,0.011980986028439,0.011180986028439,CHOPPY
2025-12-30 12:00:00,2025-12-30 13:00:00,2025-12-31 13:00:00,DOWN,Moderate,87993.3,88954.4,time_exit,24.0,-0.01092242250262232,-0.01172242250262232,CHOPPY
2025-12-30 13:00:00,2025-12-30 14:00:00,2025-12-31 14:00:00,DOWN,Strong,88069.9,88443.4,time_exit,24.0,-0.0042409495185073975,-0.005040949518507398,CHOPPY
2025-12-30 14:00:00,2025-12-30 15:00:00,2025-12-31 15:00:00,DOWN,Moderate,88831.5,87909.0,time_exit,24.0,0.010384829705678778,0.009584829705678777,CHOPPY
2025-12-30 15:00:00,2025-12-30 16:00:00,2025-12-31 16:00:00,DOWN,Moderate,88966.8,87625.9,time_exit,24.0,0.01507191446696976,0.01427191446696976,CHOPPY
2025-12-30 16:00:00,2025-12-30 17:00:00,2025-12-31 17:00:00,UP,Moderate,88698.8,87587.2,time_exit,24.0,-0.012532300324243462,-0.013332300324243462,CHOPPY
2025-12-30 17:00:00,2025-12-30 18:00:00,2025-12-31 18:00:00,DOWN,Moderate,88330.2,87655.8,time_exit,24.0,0.007634987807114579,0.006834987807114579,CHOPPY
2025-12-30 18:00:00,2025-12-30 19:00:00,2025-12-31 19:00:00,DOWN,Strong,88259.7,87515.0,time_exit,24.0,0.008437599493313463,0.007637599493313463,CHOPPY
2025-12-30 19:00:00,2025-12-30 20:00:00,2025-12-31 20:00:00,DOWN,Strong,88189.8,87629.0,time_exit,24.0,0.006359012039941159,0.005559012039941158,CHOPPY
2025-12-30 20:00:00,2025-12-30 21:00:00,2025-12-31 21:00:00,DOWN,Strong,87900.2,87764.0,time_exit,24.0,0.001549484529045353,0.0007494845290453529,CHOPPY
2025-12-30 21:00:00,2025-12-30 22:00:00,2025-12-31 22:00:00,DOWN,Strong,88245.5,87695.7,time_exit,24.0,0.006230346023309963,0.005430346023309962,CHOPPY
2025-12-30 22:00:00,2025-12-30 23:00:00,2025-12-31 23:00:00,DOWN,Moderate,88387.8,87608.2,time_exit,24.0,0.00882022179531572,0.008020221795315719,CHOPPY
2025-12-30 23:00:00,2025-12-31 00:00:00,2026-01-01 00:00:00,DOWN,Strong,88455.2,87773.4,time_exit,24.0,0.007707856632510057,0.006907856632510057,CHOPPY
2025-12-31 00:00:00,2025-12-31 01:00:00,2026-01-01 01:00:00,DOWN,Moderate,88226.2,87916.5,time_exit,24.0,0.0035102951277511396,0.0027102951277511397,CHOPPY
2025-12-31 01:00:00,2025-12-31 02:00:00,2026-01-01 02:00:00,DOWN,Moderate,88604.7,87884.6,time_exit,24.0,0.008127108381383752,0.0073271083813837515,CHOPPY
2025-12-31 14:00:00,2025-12-31 15:00:00,2026-01-01 15:00:00,UP,Moderate,88443.4,87986.8,time_exit,24.0,-0.005162623779727982,-0.005962623779727982,CHOPPY
2025-12-31 15:00:00,2025-12-31 16:00:00,2026-01-01 16:00:00,UP,Moderate,87909.0,87955.0,time_exit,24.0,0.0005232683798017668,-0.00027673162019823327,CHOPPY
2025-12-31 16:00:00,2025-12-31 17:00:00,2026-01-01 17:00:00,UP,Strong,87625.9,88281.3,time_exit,24.0,0.0074795237481157795,0.006679523748115779,CHOPPY
2025-12-31 18:00:00,2025-12-31 19:00:00,2026-01-01 19:00:00,UP,Moderate,87655.9,88354.8,time_exit,24.0,0.007973222566878047,0.007173222566878046,CHOPPY
2025-12-31 19:00:00,2025-12-31 20:00:00,2026-01-01 20:00:00,UP,Moderate,87515.0,88220.4,time_exit,24.0,0.00806033251442595,0.007260332514425949,CHOPPY
2025-12-31 20:00:00,2025-12-31 21:00:00,2026-01-01 21:00:00,UP,Moderate,87629.0,88346.9,time_exit,24.0,0.008192493352657149,0.007392493352657148,CHOPPY
2026-01-01 04:00:00,2026-01-01 05:00:00,2026-01-02 05:00:00,UP,Moderate,87566.9,88720.7,time_exit,24.0,0.013176211559390527,0.012376211559390527,CHOPPY
2026-01-01 14:00:00,2026-01-01 15:00:00,2026-01-02 15:00:00,UP,Moderate,87917.6,89373.1,time_exit,24.0,0.01655527448428984,0.01575527448428984,CHOPPY
2026-01-01 23:00:00,2026-01-02 00:00:00,2026-01-03 00:00:00,UP,Moderate,88800.0,90114.0,time_exit,24.0,0.014797297297297396,0.013997297297297396,CHOPPY
2026-01-03 20:00:00,2026-01-03 21:00:00,2026-01-04 21:00:00,DOWN,Moderate,90333.1,91247.0,time_exit,24.0,-0.01011700030221463,-0.01091700030221463,CHOPPY
2026-01-03 21:00:00,2026-01-03 22:00:00,2026-01-04 22:00:00,DOWN,Moderate,90530.3,91180.9,time_exit,24.0,-0.007186544173608089,-0.00798654417360809,CHOPPY
2026-01-03 22:00:00,2026-01-03 23:00:00,2026-01-04 23:00:00,DOWN,Moderate,90557.4,91497.1,time_exit,24.0,-0.010376843858149742,-0.011176843858149743,CHOPPY
2026-01-03 23:00:00,2026-01-04 00:00:00,2026-01-05 00:00:00,DOWN,Moderate,90595.8,92368.1,time_exit,24.0,-0.01956271703544754,-0.02036271703544754,CHOPPY
2026-01-04 00:00:00,2026-01-04 01:00:00,2026-01-05 01:00:00,DOWN,Moderate,91301.4,92917.0,time_exit,24.0,-0.017695237970064115,-0.018495237970064114,CHOPPY
2026-01-04 01:00:00,2026-01-04 02:00:00,2026-01-05 02:00:00,DOWN,Moderate,91190.0,92990.4,time_exit,24.0,-0.01974339291588989,-0.02054339291588989,CHOPPY
2026-01-04 02:00:00,2026-01-04 03:00:00,2026-01-05 03:00:00,DOWN,Moderate,91099.2,92835.2,time_exit,24.0,-0.019056149779580922,-0.01985614977958092,CHOPPY
2026-01-04 03:00:00,2026-01-04 04:00:00,2026-01-05 04:00:00,DOWN,Moderate,91192.7,92556.8,time_exit,24.0,-0.014958434172910762,-0.01575843417291076,CHOPPY
2026-01-04 04:00:00,2026-01-04 05:00:00,2026-01-05 05:00:00,DOWN,Moderate,91354.9,92323.2,time_exit,24.0,-0.010599321984918086,-0.011399321984918087,CHOPPY
2026-01-04 09:00:00,2026-01-04 10:00:00,2026-01-05 10:00:00,DOWN,Moderate,91413.8,93048.4,time_exit,24.0,-0.017881326451804735,-0.018681326451804734,CHOPPY
2026-01-04 10:00:00,2026-01-04 11:00:00,2026-01-05 11:00:00,DOWN,Moderate,91553.4,93093.3,time_exit,24.0,-0.016819692114110607,-0.017619692114110606,CHOPPY
2026-01-05 02:00:00,2026-01-05 03:00:00,2026-01-06 03:00:00,DOWN,Moderate,92990.3,93725.8,time_exit,24.0,-0.007909427112290146,-0.008709427112290146,CHOPPY
2026-01-05 15:00:00,2026-01-05 16:00:00,2026-01-06 16:00:00,DOWN,Moderate,93900.0,92651.3,time_exit,24.0,0.01329818956336526,0.012498189563365259,CHOPPY
2026-01-05 16:00:00,2026-01-05 17:00:00,2026-01-06 17:00:00,DOWN,Moderate,93646.6,91547.6,time_exit,24.0,0.022414054541222028,0.02161405454122203,CHOPPY
2026-01-05 17:00:00,2026-01-05 18:00:00,2026-01-06 18:00:00,DOWN,Moderate,94273.0,92006.4,time_exit,24.0,0.02404293912360911,0.02324293912360911,CHOPPY
2026-01-05 18:00:00,2026-01-05 19:00:00,2026-01-06 19:00:00,DOWN,Moderate,94400.5,92062.2,time_exit,24.0,0.02476999592163176,0.02396999592163176,CHOPPY
2026-01-05 19:00:00,2026-01-05 20:00:00,2026-01-06 20:00:00,DOWN,Moderate,94248.6,92472.8,time_exit,24.0,0.018841659186449533,0.018041659186449534,CHOPPY
2026-01-05 20:00:00,2026-01-05 21:00:00,2026-01-06 21:00:00,DOWN,Moderate,94131.0,93207.8,time_exit,24.0,0.009807608545537527,0.009007608545537527,CHOPPY
2026-01-06 04:00:00,2026-01-06 05:00:00,2026-01-07 05:00:00,DOWN,Moderate,93758.8,92504.0,time_exit,24.0,0.013383277089723866,0.012583277089723866,CHOPPY
2026-01-06 05:00:00,2026-01-06 06:00:00,2026-01-07 06:00:00,DOWN,Moderate,93552.0,92576.4,time_exit,24.0,0.010428424833247907,0.009628424833247906,CHOPPY
2026-01-06 06:00:00,2026-01-06 07:00:00,2026-01-07 07:00:00,DOWN,Moderate,93727.5,92848.1,time_exit,24.0,0.009382518471099721,0.00858251847109972,CHOPPY
2026-01-06 08:00:00,2026-01-06 09:00:00,2026-01-07 09:00:00,DOWN,Moderate,93196.9,91672.0,time_exit,24.0,0.016362132216844016,0.015562132216844016,CHOPPY
2026-01-06 09:00:00,2026-01-06 10:00:00,2026-01-07 10:00:00,DOWN,Moderate,93420.4,91924.1,time_exit,24.0,0.016016844286686704,0.015216844286686704,CHOPPY
2026-01-06 10:00:00,2026-01-06 11:00:00,2026-01-07 11:00:00,DOWN,Strong,93536.4,92041.9,time_exit,24.0,0.015977737009335358,0.015177737009335357,CHOPPY
2026-01-06 11:00:00,2026-01-06 12:00:00,2026-01-07 12:00:00,DOWN,Moderate,93800.0,91953.4,time_exit,24.0,0.01968656716417916,0.01888656716417916,CHOPPY
2026-01-06 12:00:00,2026-01-06 13:00:00,2026-01-07 13:00:00,DOWN,Moderate,93819.4,91994.4,time_exit,24.0,0.019452266801962104,0.018652266801962105,CHOPPY
2026-01-06 13:00:00,2026-01-06 14:00:00,2026-01-07 14:00:00,DOWN,Moderate,93678.0,91920.8,time_exit,24.0,0.018757872712910184,0.017957872712910185,CHOPPY
2026-01-06 14:00:00,2026-01-06 15:00:00,2026-01-07 15:00:00,DOWN,Moderate,93796.2,91303.1,time_exit,24.0,0.026579968058407344,0.025779968058407345,CHOPPY
2026-01-06 15:00:00,2026-01-06 16:00:00,2026-01-07 16:00:00,DOWN,Moderate,93608.2,91229.9,time_exit,24.0,0.02540696221057559,0.02460696221057559,CHOPPY
2026-01-06 16:00:00,2026-01-06 17:00:00,2026-01-07 17:00:00,DOWN,Moderate,92651.3,91215.0,time_exit,24.0,0.01550221097815141,0.014702210978151409,CHOPPY
2026-01-06 17:00:00,2026-01-06 18:00:00,2026-01-07 18:00:00,DOWN,Moderate,91547.5,90857.4,time_exit,24.0,0.0075381632485869154,0.006738163248586915,CHOPPY
2026-01-06 19:00:00,2026-01-06 20:00:00,2026-01-07 20:00:00,DOWN,Moderate,92062.2,91015.6,time_exit,24.0,0.011368400928937095,0.010568400928937094,CHOPPY
2026-01-07 01:00:00,2026-01-07 02:00:00,2026-01-08 02:00:00,DOWN,Moderate,92405.6,90925.6,time_exit,24.0,0.016016345329720294,0.015216345329720294,BEAR
2026-01-07 03:00:00,2026-01-07 04:00:00,2026-01-08 04:00:00,DOWN,Moderate,92778.1,90987.9,time_exit,24.0,0.019295501847957808,0.01849550184795781,BEAR
2026-01-07 04:00:00,2026-01-07 05:00:00,2026-01-08 05:00:00,DOWN,Moderate,92637.3,90788.0,time_exit,24.0,0.019962801161087396,0.019162801161087397,BEAR
2026-01-07 05:00:00,2026-01-07 06:00:00,2026-01-08 06:00:00,DOWN,Moderate,92504.0,89844.0,time_exit,24.0,0.02875551327510162,0.02795551327510162,BEAR
2026-01-07 06:00:00,2026-01-07 07:00:00,2026-01-08 07:00:00,DOWN,Moderate,92576.4,90509.9,time_exit,24.0,0.022322103689493167,0.021522103689493168,CHOPPY
2026-01-07 07:00:00,2026-01-07 08:00:00,2026-01-08 08:00:00,DOWN,Moderate,92848.1,90200.0,time_exit,24.0,0.02852077748494586,0.02772077748494586,BEAR
2026-01-07 08:00:00,2026-01-07 09:00:00,2026-01-08 09:00:00,DOWN,Moderate,92680.4,89979.4,time_exit,24.0,0.029143162955705848,0.02834316295570585,BEAR
2026-01-07 11:00:00,2026-01-07 12:00:00,2026-01-08 12:00:00,DOWN,Moderate,92041.8,89953.8,time_exit,24.0,0.022685345136666202,0.021885345136666203,BEAR
2026-01-07 12:00:00,2026-01-07 13:00:00,2026-01-08 13:00:00,DOWN,Moderate,91953.3,89930.0,time_exit,24.0,0.022003560502994457,0.02120356050299446,BEAR
2026-01-07 17:00:00,2026-01-07 18:00:00,2026-01-08 18:00:00,DOWN,Moderate,91214.9,91070.3,time_exit,24.0,0.0015852673192646716,0.0007852673192646715,BEAR
2026-01-07 18:00:00,2026-01-07 19:00:00,2026-01-08 19:00:00,UP,Moderate,90857.4,90890.9,time_exit,24.0,0.0003687096483060426,-0.00043129035169395746,BEAR
2026-01-11 20:00:00,2026-01-11 21:00:00,2026-01-12 21:00:00,DOWN,Moderate,90654.2,91005.6,time_exit,24.0,-0.00387626828100629,-0.00467626828100629,CHOPPY
2026-01-12 02:00:00,2026-01-12 03:00:00,2026-01-13 03:00:00,DOWN,Moderate,92168.8,91380.9,time_exit,24.0,0.008548445894923318,0.007748445894923317,CHOPPY
2026-01-12 03:00:00,2026-01-12 04:00:00,2026-01-13 04:00:00,DOWN,Moderate,91766.2,91479.3,time_exit,24.0,0.003126423454387295,0.002326423454387295,CHOPPY
2026-01-12 04:00:00,2026-01-12 05:00:00,2026-01-13 05:00:00,DOWN,Moderate,92126.6,91883.6,time_exit,24.0,0.00263767467810605,0.0018376746781060501,CHOPPY
2026-01-12 05:00:00,2026-01-12 06:00:00,2026-01-13 06:00:00,DOWN,Moderate,92066.7,92146.9,time_exit,24.0,-0.0008711075774410215,-0.0016711075774410214,CHOPPY
2026-01-12 07:00:00,2026-01-12 08:00:00,2026-01-13 08:00:00,DOWN,Moderate,91369.2,92137.8,time_exit,24.0,-0.008412025058772699,-0.009212025058772699,CHOPPY
2026-01-12 14:00:00,2026-01-12 15:00:00,2026-01-13 15:00:00,UP,Moderate,90852.7,93407.9,time_exit,24.0,0.02812464571773865,0.02732464571773865,CHOPPY
2026-01-13 08:00:00,2026-01-13 09:00:00,2026-01-14 09:00:00,DOWN,Moderate,92137.7,95051.6,time_exit,24.0,-0.031625490977091886,-0.03242549097709189,CHOPPY
2026-01-13 17:00:00,2026-01-13 18:00:00,2026-01-14 18:00:00,DOWN,Moderate,93190.5,96764.5,time_exit,24.0,-0.03835154870936419,-0.039151548709364194,CHOPPY
2026-01-14 03:00:00,2026-01-14 04:00:00,2026-01-15 04:00:00,DOWN,Moderate,95665.6,96273.3,time_exit,24.0,-0.006352335635797957,-0.007152335635797957,BULL
2026-01-16 04:00:00,2026-01-16 05:00:00,2026-01-17 05:00:00,DOWN,Strong,95233.4,95270.5,time_exit,24.0,-0.0003895692057618305,-0.0011895692057618304,CHOPPY
2026-01-16 05:00:00,2026-01-16 06:00:00,2026-01-17 06:00:00,DOWN,Moderate,95615.9,95191.0,time_exit,24.0,0.004443821581975316,0.003643821581975316,CHOPPY
2026-01-16 06:00:00,2026-01-16 07:00:00,2026-01-17 07:00:00,DOWN,Strong,95702.5,95061.1,time_exit,24.0,0.006702019278493232,0.005902019278493232,CHOPPY
2026-01-16 07:00:00,2026-01-16 08:00:00,2026-01-17 08:00:00,DOWN,Strong,95608.4,95213.6,time_exit,24.0,0.004129344283556602,0.003329344283556602,CHOPPY
2026-01-16 08:00:00,2026-01-16 09:00:00,2026-01-17 09:00:00,DOWN,Strong,95628.4,95219.5,time_exit,24.0,0.0042759263984338824,0.0034759263984338825,CHOPPY
2026-01-16 09:00:00,2026-01-16 10:00:00,2026-01-17 10:00:00,DOWN,Strong,95568.1,95076.6,time_exit,24.0,0.005142929492163217,0.004342929492163217,CHOPPY
2026-01-16 10:00:00,2026-01-16 11:00:00,2026-01-17 11:00:00,DOWN,Strong,95272.5,95283.9,time_exit,24.0,-0.00011965677399028429,-0.0009196567739902843,CHOPPY
2026-01-16 11:00:00,2026-01-16 12:00:00,2026-01-17 12:00:00,DOWN,Strong,95382.5,95212.7,time_exit,24.0,0.001780200770581608,0.0009802007705816082,CHOPPY
2026-01-16 12:00:00,2026-01-16 13:00:00,2026-01-17 13:00:00,DOWN,Strong,95414.6,95399.7,time_exit,24.0,0.0001561605875831651,-0.000643839412416835,CHOPPY
2026-01-16 13:00:00,2026-01-16 14:00:00,2026-01-17 14:00:00,DOWN,Strong,95400.1,95419.9,time_exit,24.0,-0.0002075469522566653,-0.0010075469522566652,CHOPPY
2026-01-16 14:00:00,2026-01-16 15:00:00,2026-01-17 15:00:00,DOWN,Strong,95137.0,95529.0,time_exit,24.0,-0.004120373776764108,-0.004920373776764108,CHOPPY
2026-01-16 15:00:00,2026-01-16 16:00:00,2026-01-17 16:00:00,DOWN,Strong,94537.6,95265.1,time_exit,24.0,-0.0076953508445316565,-0.008495350844531657,CHOPPY
2026-01-16 16:00:00,2026-01-16 17:00:00,2026-01-17 17:00:00,DOWN,Moderate,94826.5,95318.1,time_exit,24.0,-0.005184204837255457,-0.005984204837255458,CHOPPY
2026-01-16 17:00:00,2026-01-16 18:00:00,2026-01-17 18:00:00,DOWN,Moderate,95041.7,95384.5,time_exit,24.0,-0.0036068378406530766,-0.004406837840653077,CHOPPY
2026-01-16 19:00:00,2026-01-16 20:00:00,2026-01-17 20:00:00,DOWN,Moderate,94961.0,95332.8,time_exit,24.0,-0.003915291540737886,-0.004715291540737887,CHOPPY
2026-01-16 20:00:00,2026-01-16 21:00:00,2026-01-17 21:00:00,DOWN,Moderate,95517.2,95272.7,time_exit,24.0,0.0025597484013349936,0.0017597484013349937,CHOPPY
2026-01-16 23:00:00,2026-01-17 00:00:00,2026-01-18 00:00:00,DOWN,Moderate,95503.8,95073.1,time_exit,24.0,0.004509768197705211,0.0037097681977052107,CHOPPY
2026-01-17 00:00:00,2026-01-17 01:00:00,2026-01-18 01:00:00,DOWN,Moderate,95416.8,94928.9,time_exit,24.0,0.005113355300114919,0.004313355300114919,CHOPPY
2026-01-17 14:00:00,2026-01-17 15:00:00,2026-01-18 15:00:00,DOWN,Moderate,95419.9,95067.8,time_exit,24.0,0.003690005963116638,0.0028900059631166383,CHOPPY
2026-01-17 15:00:00,2026-01-17 16:00:00,2026-01-18 16:00:00,DOWN,Strong,95529.0,95123.6,time_exit,24.0,0.004243737503794587,0.003443737503794587,CHOPPY
2026-01-17 17:00:00,2026-01-17 18:00:00,2026-01-18 18:00:00,DOWN,Moderate,95318.1,95396.2,time_exit,24.0,-0.0008193616952079097,-0.0016193616952079096,CHOPPY
2026-01-17 19:00:00,2026-01-17 20:00:00,2026-01-18 20:00:00,DOWN,Strong,95258.3,95259.3,time_exit,24.0,-1.049777289741094e-05,-0.000810497772897411,CHOPPY
2026-01-17 20:00:00,2026-01-17 21:00:00,2026-01-18 21:00:00,DOWN,Strong,95332.9,95386.4,time_exit,24.0,-0.0005611913620586773,-0.0013611913620586772,CHOPPY
2026-01-17 21:00:00,2026-01-17 22:00:00,2026-01-18 22:00:00,DOWN,Strong,95272.7,95442.9,time_exit,24.0,-0.001786450893068059,-0.002586450893068059,CHOPPY
2026-01-17 22:00:00,2026-01-17 23:00:00,2026-01-18 23:00:00,DOWN,Moderate,95120.8,93614.0,time_exit,24.0,0.015840909664342595,0.015040909664342595,CHOPPY
2026-01-17 23:00:00,2026-01-18 00:00:00,2026-01-19 00:00:00,DOWN,Strong,95107.9,92658.3,time_exit,24.0,0.02575600975313297,0.02495600975313297,CHOPPY
2026-01-18 00:00:00,2026-01-18 01:00:00,2026-01-19 01:00:00,DOWN,Moderate,95073.2,92542.2,time_exit,24.0,0.0266215926254717,0.025821592625471703,CHOPPY
2026-01-18 01:00:00,2026-01-18 02:00:00,2026-01-19 02:00:00,DOWN,Strong,94928.8,92516.7,time_exit,24.0,0.02540957011992151,0.02460957011992151,CHOPPY
2026-01-18 02:00:00,2026-01-18 03:00:00,2026-01-19 03:00:00,DOWN,Moderate,94989.1,92656.6,time_exit,24.0,0.024555448993621387,0.02375544899362139,CHOPPY
2026-01-18 03:00:00,2026-01-18 04:00:00,2026-01-19 04:00:00,DOWN,Moderate,95155.0,92614.4,time_exit,24.0,0.026699595396983966,0.025899595396983967,CHOPPY
2026-01-20 05:00:00,2026-01-20 06:00:00,2026-01-21 06:00:00,UP,Strong,91590.1,89618.4,time_exit,24.0,-0.021527435825487773,-0.02232743582548777,CHOPPY
2026-01-20 06:00:00,2026-01-20 07:00:00,2026-01-21 07:00:00,UP,Strong,90894.5,89171.3,time_exit,24.0,-0.018958242797969094,-0.019758242797969092,CHOPPY
2026-01-20 08:00:00,2026-01-20 09:00:00,2026-01-21 09:00:00,UP,Strong,91078.9,89068.5,time_exit,24.0,-0.02207316952664118,-0.022873169526641177,CHOPPY
2026-01-20 12:00:00,2026-01-20 13:00:00,2026-01-21 13:00:00,DOWN,Moderate,91240.0,88631.2,time_exit,24.0,0.02859272249013589,0.027792722490135893,CHOPPY
2026-01-20 13:00:00,2026-01-20 14:00:00,2026-01-21 14:00:00,UP,Moderate,90919.0,89755.7,time_exit,24.0,-0.012794905355316355,-0.013594905355316355,CHOPPY
2026-01-20 14:00:00,2026-01-20 15:00:00,2026-01-21 15:00:00,UP,Moderate,90496.6,90237.1,time_exit,24.0,-0.002867511044613802,-0.003667511044613802,CHOPPY
2026-01-20 16:00:00,2026-01-20 17:00:00,2026-01-21 17:00:00,UP,Strong,90131.8,87897.0,time_exit,24.0,-0.024794800503262993,-0.02559480050326299,CHOPPY
2026-01-20 17:00:00,2026-01-20 18:00:00,2026-01-21 18:00:00,UP,Strong,89739.6,88441.1,time_exit,24.0,-0.014469643278998356,-0.015269643278998357,CHOPPY
2026-01-20 18:00:00,2026-01-20 19:00:00,2026-01-21 19:00:00,UP,Strong,89471.5,90321.9,time_exit,24.0,0.009504702614798965,0.008704702614798965,CHOPPY
2026-01-20 19:00:00,2026-01-20 20:00:00,2026-01-21 20:00:00,UP,Strong,89694.1,90170.8,time_exit,24.0,0.00531473084628753,0.004514730846287529,CHOPPY
2026-01-20 20:00:00,2026-01-20 21:00:00,2026-01-21 21:00:00,UP,Strong,89700.8,90203.8,time_exit,24.0,0.005607530813549033,0.004807530813549033,CHOPPY
2026-01-20 21:00:00,2026-01-20 22:00:00,2026-01-21 22:00:00,UP,Moderate,89445.6,89728.5,time_exit,24.0,0.003162816281628178,0.002362816281628178,CHOPPY
2026-01-20 22:00:00,2026-01-20 23:00:00,2026-01-21 23:00:00,UP,Strong,88468.9,89411.4,time_exit,24.0,0.01065346127283151,0.00985346127283151,CHOPPY
2026-01-20 23:00:00,2026-01-21 00:00:00,2026-01-22 00:00:00,UP,Strong,88390.7,89869.6,time_exit,24.0,0.01673139821270797,0.015931398212707972,CHOPPY
2026-01-21 00:00:00,2026-01-21 01:00:00,2026-01-22 01:00:00,UP,Strong,88895.5,90071.1,time_exit,24.0,0.013224516426590949,0.012424516426590948,CHOPPY
2026-01-21 01:00:00,2026-01-21 02:00:00,2026-01-22 02:00:00,UP,Strong,88985.3,89901.8,time_exit,24.0,0.01029945395475429,0.00949945395475429,CHOPPY
2026-01-21 02:00:00,2026-01-21 03:00:00,2026-01-22 03:00:00,UP,Strong,89015.0,89857.0,time_exit,24.0,0.00945907993034889,0.00865907993034889,CHOPPY
2026-01-21 03:00:00,2026-01-21 04:00:00,2026-01-22 04:00:00,UP,Strong,89395.9,89958.3,time_exit,24.0,0.006291116259246943,0.005491116259246942,CHOPPY
2026-01-21 05:00:00,2026-01-21 06:00:00,2026-01-22 06:00:00,UP,Moderate,89919.9,90122.9,time_exit,24.0,0.002257564788217037,0.001457564788217037,CHOPPY
2026-01-21 06:00:00,2026-01-21 07:00:00,2026-01-22 07:00:00,DOWN,Moderate,89618.4,89772.6,time_exit,24.0,-0.0017206287994431246,-0.0025206287994431246,CHOPPY
2026-01-21 10:00:00,2026-01-21 11:00:00,2026-01-22 11:00:00,DOWN,Moderate,89200.8,89909.6,time_exit,24.0,-0.007946117075183112,-0.008746117075183113,CHOPPY
2026-01-21 11:00:00,2026-01-21 12:00:00,2026-01-22 12:00:00,UP,Strong,88757.0,89985.8,time_exit,24.0,0.013844541838953672,0.013044541838953672,CHOPPY
2026-01-21 12:00:00,2026-01-21 13:00:00,2026-01-22 13:00:00,UP,Strong,88692.5,89570.0,time_exit,24.0,0.009893733968486584,0.009093733968486584,CHOPPY
2026-01-21 13:00:00,2026-01-21 14:00:00,2026-01-22 14:00:00,UP,Strong,88631.1,89055.0,time_exit,24.0,0.004782745559966939,0.0039827455599669385,BEAR
2026-01-21 14:00:00,2026-01-21 15:00:00,2026-01-22 15:00:00,UP,Strong,89755.7,88953.6,time_exit,24.0,-0.00893647980016854,-0.00973647980016854,CHOPPY
2026-01-21 15:00:00,2026-01-21 16:00:00,2026-01-22 16:00:00,UP,Strong,90237.2,89006.9,time_exit,24.0,-0.01363406665986977,-0.01443406665986977,BEAR
2026-01-21 16:00:00,2026-01-21 17:00:00,2026-01-22 17:00:00,UP,Moderate,87562.3,89500.0,time_exit,24.0,0.022129386733788392,0.021329386733788393,BEAR
2026-01-21 17:00:00,2026-01-21 18:00:00,2026-01-22 18:00:00,UP,Strong,87897.0,89295.5,time_exit,24.0,0.015910668168424458,0.015110668168424457,BEAR
2026-01-21 18:00:00,2026-01-21 19:00:00,2026-01-22 19:00:00,UP,Strong,88441.1,89732.9,time_exit,24.0,0.014606331219308544,0.013806331219308543,BULL
2026-01-21 20:00:00,2026-01-21 21:00:00,2026-01-22 21:00:00,UP,Strong,90170.8,89222.1,time_exit,24.0,-0.010521144317229059,-0.011321144317229059,BULL
2026-01-21 21:00:00,2026-01-21 22:00:00,2026-01-22 22:00:00,UP,Strong,90203.8,89304.7,time_exit,24.0,-0.009967429310073439,-0.01076742931007344,BULL
2026-01-21 22:00:00,2026-01-21 23:00:00,2026-01-22 23:00:00,UP,Moderate,89728.4,89518.5,time_exit,24.0,-0.002339281654414771,-0.003139281654414771,BULL
2026-01-21 23:00:00,2026-01-22 00:00:00,2026-01-23 00:00:00,UP,Strong,89411.4,89484.6,time_exit,24.0,0.00081868754990988,1.868754990987998e-05,BULL
2026-01-22 01:00:00,2026-01-22 02:00:00,2026-01-23 02:00:00,DOWN,Strong,90071.1,89611.2,time_exit,24.0,0.005105966286633623,0.004305966286633623,BULL
2026-01-22 02:00:00,2026-01-22 03:00:00,2026-01-23 03:00:00,DOWN,Moderate,89901.9,89886.1,time_exit,24.0,0.00017574711991608094,-0.0006242528800839191,BULL
2026-01-22 04:00:00,2026-01-22 05:00:00,2026-01-23 05:00:00,DOWN,Strong,89958.2,89573.8,time_exit,24.0,0.004273095726681886,0.003473095726681886,CHOPPY
2026-01-22 05:00:00,2026-01-22 06:00:00,2026-01-23 06:00:00,DOWN,Strong,89981.8,89474.9,time_exit,24.0,0.005633361413085902,0.004833361413085902,BULL
2026-01-22 06:00:00,2026-01-22 07:00:00,2026-01-23 07:00:00,DOWN,Strong,90122.9,89497.2,time_exit,24.0,0.006942741522964702,0.006142741522964701,BULL
2026-01-22 07:00:00,2026-01-22 08:00:00,2026-01-23 08:00:00,DOWN,Strong,89772.6,89185.1,time_exit,24.0,0.006544313075481867,0.0057443130754818664,BULL
2026-01-22 08:00:00,2026-01-22 09:00:00,2026-01-23 09:00:00,DOWN,Moderate,89878.5,88939.9,time_exit,24.0,0.010442986921232578,0.009642986921232577,BULL
2026-01-22 09:00:00,2026-01-22 10:00:00,2026-01-23 10:00:00,DOWN,Moderate,89994.9,89016.6,time_exit,24.0,0.010870616001573241,0.01007061600157324,BULL
2026-01-22 10:00:00,2026-01-22 11:00:00,2026-01-23 11:00:00,DOWN,Moderate,90046.6,89171.2,time_exit,24.0,0.00972163302112472,0.00892163302112472,BULL
2026-01-22 11:00:00,2026-01-22 12:00:00,2026-01-23 12:00:00,DOWN,Strong,89909.7,89220.0,time_exit,24.0,0.007671029933366436,0.006871029933366435,BULL
2026-01-22 12:00:00,2026-01-22 13:00:00,2026-01-23 13:00:00,DOWN,Strong,89985.7,89310.6,time_exit,24.0,0.007502303143721578,0.006702303143721578,BULL
2026-01-22 13:00:00,2026-01-22 14:00:00,2026-01-23 14:00:00,DOWN,Strong,89570.0,88976.0,time_exit,24.0,0.006631684715864727,0.005831684715864727,BEAR
2026-01-22 14:00:00,2026-01-22 15:00:00,2026-01-23 15:00:00,DOWN,Moderate,89055.1,89711.2,time_exit,24.0,-0.007367348978329025,-0.008167348978329025,BEAR
2026-01-22 15:00:00,2026-01-22 16:00:00,2026-01-23 16:00:00,UP,Moderate,88953.7,90079.0,time_exit,24.0,0.012650401276169454,0.011850401276169454,BULL
2026-01-22 16:00:00,2026-01-22 17:00:00,2026-01-23 17:00:00,DOWN,Strong,89006.9,90576.0,time_exit,24.0,-0.017628970338254835,-0.018428970338254833,BULL
2026-01-22 17:00:00,2026-01-22 18:00:00,2026-01-23 18:00:00,DOWN,Strong,89500.0,90486.3,time_exit,24.0,-0.011020111731843585,-0.011820111731843585,BULL
2026-01-22 18:00:00,2026-01-22 19:00:00,2026-01-23 19:00:00,UP,Moderate,89295.4,89938.3,time_exit,24.0,0.007199698976655178,0.006399698976655177,CHOPPY
2026-01-22 19:00:00,2026-01-22 20:00:00,2026-01-23 20:00:00,UP,Strong,89732.8,89456.4,time_exit,24.0,-0.0030802560490702513,-0.0038802560490702512,CHOPPY
2026-01-22 20:00:00,2026-01-22 21:00:00,2026-01-23 21:00:00,UP,Moderate,89370.8,89301.2,time_exit,24.0,-0.0007787778558545622,-0.001578777855854562,CHOPPY
2026-01-22 21:00:00,2026-01-22 22:00:00,2026-01-23 22:00:00,UP,Moderate,89222.2,89585.3,time_exit,24.0,0.004069614961298873,0.003269614961298873,CHOPPY
2026-01-22 22:00:00,2026-01-22 23:00:00,2026-01-23 23:00:00,UP,Strong,89304.7,89558.7,time_exit,24.0,0.0028441952103304136,0.0020441952103304136,CHOPPY
2026-01-23 01:00:00,2026-01-23 02:00:00,2026-01-24 02:00:00,DOWN,Moderate,89893.7,89666.2,time_exit,24.0,0.0025307668946766837,0.0017307668946766838,CHOPPY
2026-01-23 02:00:00,2026-01-23 03:00:00,2026-01-24 03:00:00,DOWN,Strong,89611.3,89738.4,time_exit,24.0,-0.0014183479092479967,-0.0022183479092479966,CHOPPY
2026-01-23 03:00:00,2026-01-23 04:00:00,2026-01-24 04:00:00,DOWN,Strong,89886.2,89806.7,time_exit,24.0,0.0008844516733380603,8.445167333806026e-05,CHOPPY
2026-01-23 04:00:00,2026-01-23 05:00:00,2026-01-24 05:00:00,DOWN,Strong,89922.6,89744.5,time_exit,24.0,0.001980592198179365,0.0011805921981793651,CHOPPY
2026-01-23 05:00:00,2026-01-23 06:00:00,2026-01-24 06:00:00,DOWN,Moderate,89573.8,89612.4,time_exit,24.0,-0.0004309295798547996,-0.0012309295798547996,CHOPPY
2026-01-23 06:00:00,2026-01-23 07:00:00,2026-01-24 07:00:00,DOWN,Moderate,89475.0,89581.2,time_exit,24.0,-0.0011869237217099204,-0.0019869237217099204,CHOPPY
2026-01-23 09:00:00,2026-01-23 10:00:00,2026-01-24 10:00:00,UP,Strong,88940.0,89590.1,time_exit,24.0,0.0073094220823026745,0.006509422082302674,CHOPPY
2026-01-23 10:00:00,2026-01-23 11:00:00,2026-01-24 11:00:00,UP,Strong,89016.6,89548.5,time_exit,24.0,0.005975290002089517,0.005175290002089517,CHOPPY
2026-01-23 11:00:00,2026-01-23 12:00:00,2026-01-24 12:00:00,UP,Moderate,89171.3,89497.6,time_exit,24.0,0.003659249108177276,0.002859249108177276,CHOPPY
2026-01-23 14:00:00,2026-01-23 15:00:00,2026-01-24 15:00:00,UP,Moderate,88976.0,89235.0,time_exit,24.0,0.0029108973206257716,0.0021108973206257716,CHOPPY
2026-01-23 15:00:00,2026-01-23 16:00:00,2026-01-24 16:00:00,DOWN,Strong,89711.2,89248.6,time_exit,24.0,0.005156546785685556,0.004356546785685556,CHOPPY
2026-01-23 16:00:00,2026-01-23 17:00:00,2026-01-24 17:00:00,DOWN,Strong,90079.1,89369.6,time_exit,24.0,0.007876410843358772,0.007076410843358772,CHOPPY
2026-01-23 17:00:00,2026-01-23 18:00:00,2026-01-24 18:00:00,DOWN,Strong,90576.0,89351.6,time_exit,24.0,0.013517929694400244,0.012717929694400243,CHOPPY
2026-01-23 18:00:00,2026-01-23 19:00:00,2026-01-24 19:00:00,DOWN,Strong,90486.3,89286.0,time_exit,24.0,0.013264991495950285,0.012464991495950284,CHOPPY
2026-01-23 20:00:00,2026-01-23 21:00:00,2026-01-24 21:00:00,UP,Strong,89456.5,89340.6,time_exit,24.0,-0.001295601772928645,-0.002095601772928645,CHOPPY
2026-01-23 21:00:00,2026-01-23 22:00:00,2026-01-24 22:00:00,UP,Strong,89301.2,89390.0,time_exit,24.0,0.0009943875334261776,0.00019438753342617755,CHOPPY
2026-01-23 22:00:00,2026-01-23 23:00:00,2026-01-24 23:00:00,UP,Strong,89585.4,89180.7,time_exit,24.0,-0.004517477178200835,-0.005317477178200835,CHOPPY
2026-01-23 23:00:00,2026-01-24 00:00:00,2026-01-25 00:00:00,UP,Strong,89558.7,89275.7,time_exit,24.0,-0.0031599386770910787,-0.003959938677091079,CHOPPY
2026-01-24 00:00:00,2026-01-24 01:00:00,2026-01-25 01:00:00,UP,Strong,89414.2,89139.7,time_exit,24.0,-0.0030699821728539245,-0.0038699821728539244,CHOPPY
2026-01-24 01:00:00,2026-01-24 02:00:00,2026-01-25 02:00:00,UP,Strong,89512.8,89105.0,time_exit,24.0,-0.004555773029108701,-0.005355773029108701,CHOPPY
2026-01-24 02:00:00,2026-01-24 03:00:00,2026-01-25 03:00:00,UP,Strong,89666.3,88920.0,time_exit,24.0,-0.008323082362046819,-0.009123082362046819,CHOPPY
2026-01-24 03:00:00,2026-01-24 04:00:00,2026-01-25 04:00:00,UP,Strong,89738.4,88977.4,time_exit,24.0,-0.00848020468383659,-0.00928020468383659,CHOPPY
2026-01-24 05:00:00,2026-01-24 06:00:00,2026-01-25 06:00:00,UP,Moderate,89744.5,88810.0,time_exit,24.0,-0.010412894383499793,-0.011212894383499794,CHOPPY
2026-01-24 06:00:00,2026-01-24 07:00:00,2026-01-25 07:00:00,UP,Moderate,89612.4,88630.3,time_exit,24.0,-0.010959420794443564,-0.011759420794443564,CHOPPY
2026-01-24 07:00:00,2026-01-24 08:00:00,2026-01-25 08:00:00,UP,Moderate,89581.3,88254.8,time_exit,24.0,-0.014807777962588142,-0.015607777962588143,CHOPPY
2026-01-24 08:00:00,2026-01-24 09:00:00,2026-01-25 09:00:00,UP,Moderate,89635.3,88361.6,time_exit,24.0,-0.01420980350375356,-0.01500980350375356,CHOPPY
2026-01-24 09:00:00,2026-01-24 10:00:00,2026-01-25 10:00:00,UP,Moderate,89567.5,88616.0,time_exit,24.0,-0.010623272950567975,-0.011423272950567975,CHOPPY
2026-01-24 10:00:00,2026-01-24 11:00:00,2026-01-25 11:00:00,UP,Moderate,89590.2,88531.0,time_exit,24.0,-0.01182272168161247,-0.01262272168161247,CHOPPY
2026-01-24 11:00:00,2026-01-24 12:00:00,2026-01-25 12:00:00,UP,Moderate,89548.5,88752.0,time_exit,24.0,-0.00889462135044139,-0.00969462135044139,CHOPPY
2026-01-24 12:00:00,2026-01-24 13:00:00,2026-01-25 13:00:00,UP,Moderate,89497.6,88875.1,time_exit,24.0,-0.00695549377860416,-0.007755493778604161,CHOPPY
2026-01-24 13:00:00,2026-01-24 14:00:00,2026-01-25 14:00:00,UP,Moderate,89321.7,88666.1,time_exit,24.0,-0.007339761782411136,-0.008139761782411136,CHOPPY
2026-01-24 14:00:00,2026-01-24 15:00:00,2026-01-25 15:00:00,UP,Moderate,89407.7,88406.0,time_exit,24.0,-0.01120373301180988,-0.01200373301180988,CHOPPY
2026-01-24 15:00:00,2026-01-24 16:00:00,2026-01-25 16:00:00,UP,Moderate,89234.9,88049.9,time_exit,24.0,-0.013279557661856511,-0.014079557661856512,CHOPPY
2026-01-24 16:00:00,2026-01-24 17:00:00,2026-01-25 17:00:00,UP,Moderate,89248.6,87845.7,time_exit,24.0,-0.01571901407977283,-0.01651901407977283,CHOPPY
2026-01-24 17:00:00,2026-01-24 18:00:00,2026-01-25 18:00:00,UP,Moderate,89369.6,87370.1,time_exit,24.0,-0.022373379762245738,-0.023173379762245736,CHOPPY
2026-01-25 00:00:00,2026-01-25 01:00:00,2026-01-26 01:00:00,DOWN,Moderate,89275.7,87661.8,time_exit,24.0,0.018077707595683834,0.017277707595683835,CHOPPY
2026-01-25 03:00:00,2026-01-25 04:00:00,2026-01-26 04:00:00,UP,Moderate,88920.0,87700.0,time_exit,24.0,-0.01372019793072421,-0.01452019793072421,CHOPPY
2026-01-25 08:00:00,2026-01-25 09:00:00,2026-01-26 09:00:00,UP,Strong,88254.9,87630.4,time_exit,24.0,-0.007076094358500207,-0.007876094358500207,CHOPPY
2026-01-25 09:00:00,2026-01-25 10:00:00,2026-01-26 10:00:00,UP,Moderate,88361.5,87858.1,time_exit,24.0,-0.005697051317598678,-0.0064970513175986785,CHOPPY
2026-01-25 19:00:00,2026-01-25 20:00:00,2026-01-26 20:00:00,UP,Moderate,86459.4,87595.3,time_exit,24.0,0.013137958394344729,0.012337958394344728,CHOPPY
2026-01-25 20:00:00,2026-01-25 21:00:00,2026-01-26 21:00:00,UP,Moderate,86618.4,88016.5,time_exit,24.0,0.016140912323478585,0.015340912323478584,CHOPPY
2026-01-25 21:00:00,2026-01-25 22:00:00,2026-01-26 22:00:00,UP,Moderate,86525.0,88095.0,time_exit,24.0,0.018145044784744213,0.017345044784744214,CHOPPY
2026-01-25 22:00:00,2026-01-25 23:00:00,2026-01-26 23:00:00,UP,Moderate,86489.0,88300.6,time_exit,24.0,0.020946016256402578,0.02014601625640258,CHOPPY
2026-01-25 23:00:00,2026-01-26 00:00:00,2026-01-27 00:00:00,UP,Moderate,86628.9,88319.4,time_exit,24.0,0.019514272950481804,0.018714272950481805,CHOPPY
2026-01-26 00:00:00,2026-01-26 01:00:00,2026-01-27 01:00:00,UP,Moderate,86808.5,88523.6,time_exit,24.0,0.019757281833000295,0.018957281833000297,CHOPPY
2026-01-26 01:00:00,2026-01-26 02:00:00,2026-01-27 02:00:00,UP,Moderate,87661.7,88785.8,time_exit,24.0,0.012823159943281981,0.01202315994328198,CHOPPY
2026-01-26 03:00:00,2026-01-26 04:00:00,2026-01-27 04:00:00,UP,Moderate,87233.1,88532.7,time_exit,24.0,0.014898014629767697,0.014098014629767697,CHOPPY
2026-01-26 14:00:00,2026-01-26 15:00:00,2026-01-27 15:00:00,UP,Moderate,88137.0,88000.1,time_exit,24.0,-0.0015532636690606116,-0.0023532636690606116,CHOPPY
2026-01-26 15:00:00,2026-01-26 16:00:00,2026-01-27 16:00:00,UP,Moderate,87609.4,88604.9,time_exit,24.0,0.011362935940663954,0.010562935940663954,CHOPPY
2026-01-26 16:00:00,2026-01-26 17:00:00,2026-01-27 17:00:00,UP,Moderate,87579.5,87510.4,time_exit,24.0,-0.0007889974251965581,-0.001588997425196558,CHOPPY
2026-01-26 17:00:00,2026-01-26 18:00:00,2026-01-27 18:00:00,UP,Moderate,87657.4,88249.6,time_exit,24.0,0.00675584719601563,0.005955847196015629,BULL
2026-01-27 14:00:00,2026-01-27 15:00:00,2026-01-28 15:00:00,UP,Moderate,87712.2,89444.4,time_exit,24.0,0.019748678063028935,0.018948678063028936,CHOPPY
2026-01-27 19:00:00,2026-01-27 20:00:00,2026-01-28 20:00:00,DOWN,Moderate,88378.1,89099.9,time_exit,24.0,-0.00816718168867614,-0.00896718168867614,BULL
2026-01-27 23:00:00,2026-01-28 00:00:00,2026-01-29 00:00:00,DOWN,Moderate,89197.8,89112.0,time_exit,24.0,0.0009619071322387596,0.00016190713223875953,BULL
2026-01-28 02:00:00,2026-01-28 03:00:00,2026-01-29 03:00:00,DOWN,Moderate,89245.1,88003.2,time_exit,24.0,0.013915609932646289,0.013115609932646289,CHOPPY
2026-01-28 11:00:00,2026-01-28 12:00:00,2026-01-29 12:00:00,UP,Moderate,90036.9,88073.8,time_exit,24.0,-0.02180328287624289,-0.02260328287624289,BULL
2026-01-28 12:00:00,2026-01-28 13:00:00,2026-01-29 13:00:00,UP,Moderate,89954.9,88008.8,time_exit,24.0,-0.021634174458534106,-0.022434174458534104,BULL
2026-01-28 14:00:00,2026-01-28 15:00:00,2026-01-29 15:00:00,UP,Moderate,89578.1,84898.0,time_exit,24.0,-0.052246028884292084,-0.053046028884292086,BULL
2026-01-28 15:00:00,2026-01-28 16:00:00,2026-01-29 16:00:00,UP,Strong,89444.5,85230.3,time_exit,24.0,-0.047115250238975004,-0.047915250238975006,BULL
2026-01-28 16:00:00,2026-01-28 17:00:00,2026-01-29 17:00:00,UP,Moderate,89588.8,84225.0,time_exit,24.0,-0.059871323201114435,-0.06067132320111444,BULL
2026-01-28 17:00:00,2026-01-28 18:00:00,2026-01-29 18:00:00,UP,Moderate,90142.9,83440.9,time_exit,24.0,-0.07434861758385847,-0.07514861758385846,BULL
2026-01-28 18:00:00,2026-01-28 19:00:00,2026-01-29 19:00:00,UP,Moderate,89500.9,83979.4,time_exit,24.0,-0.06169211706250999,-0.06249211706250999,BULL
2026-01-28 19:00:00,2026-01-28 20:00:00,2026-01-29 20:00:00,UP,Moderate,89363.5,84186.3,time_exit,24.0,-0.05793416775305349,-0.05873416775305349,CHOPPY
2026-01-28 20:00:00,2026-01-28 21:00:00,2026-01-29 21:00:00,UP,Moderate,89100.0,84491.0,time_exit,24.0,-0.05172839506172844,-0.05252839506172844,CHOPPY
2026-01-28 21:00:00,2026-01-28 22:00:00,2026-01-29 22:00:00,UP,Moderate,89369.4,84529.6,time_exit,24.0,-0.05415500160010012,-0.05495500160010012,CHOPPY
2026-01-29 02:00:00,2026-01-29 03:00:00,2026-01-30 03:00:00,UP,Moderate,87857.9,82640.9,time_exit,24.0,-0.059379976075002894,-0.060179976075002896,BEAR
2026-01-29 03:00:00,2026-01-29 04:00:00,2026-01-30 04:00:00,UP,Moderate,88003.2,82906.6,time_exit,24.0,-0.057913803134431396,-0.0587138031344314,BEAR
2026-01-29 12:00:00,2026-01-29 13:00:00,2026-01-30 13:00:00,DOWN,Moderate,88073.9,82704.9,time_exit,24.0,0.06096017094735218,0.060160170947352175,CHOPPY
2026-01-29 13:00:00,2026-01-29 14:00:00,2026-01-30 14:00:00,DOWN,Moderate,88008.8,83061.4,time_exit,24.0,0.05621483306214847,0.05541483306214847,CHOPPY
2026-01-29 15:00:00,2026-01-29 16:00:00,2026-01-30 16:00:00,UP,Moderate,84897.9,83115.2,time_exit,24.0,-0.020998163676604453,-0.021798163676604452,BEAR
2026-01-29 16:00:00,2026-01-29 17:00:00,2026-01-30 17:00:00,UP,Moderate,85230.3,82908.0,time_exit,24.0,-0.027247352174050832,-0.02804735217405083,BEAR
2026-01-29 17:00:00,2026-01-29 18:00:00,2026-01-30 18:00:00,UP,Moderate,84225.0,83897.3,time_exit,24.0,-0.0038907687741168706,-0.004690768774116871,BEAR
2026-01-29 18:00:00,2026-01-29 19:00:00,2026-01-30 19:00:00,UP,Strong,83440.8,84200.0,time_exit,24.0,0.009098666359862229,0.008298666359862228,BEAR
2026-01-29 19:00:00,2026-01-29 20:00:00,2026-01-30 20:00:00,UP,Strong,83979.5,83890.3,time_exit,24.0,-0.00106216398049519,-0.0018621639804951898,BEAR
2026-01-29 20:00:00,2026-01-29 21:00:00,2026-01-30 21:00:00,UP,Moderate,84186.4,84240.3,time_exit,24.0,0.0006402459304590824,-0.00015975406954091764,BEAR
2026-01-30 00:00:00,2026-01-30 01:00:00,2026-01-31 01:00:00,UP,Moderate,84157.4,83965.9,time_exit,24.0,-0.00227549805483529,-0.00307549805483529,BEAR
2026-01-30 01:00:00,2026-01-30 02:00:00,2026-01-31 02:00:00,UP,Moderate,82434.7,84085.6,time_exit,24.0,0.020026760575340363,0.019226760575340365,BEAR
2026-01-30 02:00:00,2026-01-30 03:00:00,2026-01-31 03:00:00,UP,Strong,82128.0,83987.5,time_exit,24.0,0.022641486460159843,0.021841486460159844,BEAR
2026-01-30 03:00:00,2026-01-30 04:00:00,2026-01-31 04:00:00,UP,Moderate,82640.9,83960.4,time_exit,24.0,0.01596667025649534,0.01516667025649534,BEAR
2026-01-30 04:00:00,2026-01-30 05:00:00,2026-01-31 05:00:00,UP,Moderate,82906.5,83961.8,time_exit,24.0,0.012728796897710115,0.011928796897710115,BEAR
2026-01-30 06:00:00,2026-01-30 07:00:00,2026-01-31 07:00:00,UP,Moderate,82560.8,83514.4,time_exit,24.0,0.011550275675623167,0.010750275675623167,BEAR
2026-01-30 09:00:00,2026-01-30 10:00:00,2026-01-31 10:00:00,UP,Moderate,82320.5,83120.9,time_exit,24.0,0.00972297301401226,0.008922973014012259,BEAR
2026-01-30 15:00:00,2026-01-30 16:00:00,2026-01-31 16:00:00,UP,Moderate,82850.1,80320.9,time_exit,24.0,-0.030527422417112482,-0.031327422417112484,BEAR
2026-01-30 17:00:00,2026-01-30 18:00:00,2026-01-31 18:00:00,UP,Moderate,82908.0,77996.8,time_exit,24.0,-0.05923674434312731,-0.060036744343127314,BULL
2026-01-31 08:00:00,2026-01-31 09:00:00,2026-02-01 09:00:00,UP,Moderate,83031.1,78997.0,time_exit,24.0,-0.048585409563404625,-0.04938540956340463,CHOPPY
2026-01-31 21:00:00,2026-01-31 22:00:00,2026-02-01 22:00:00,UP,Moderate,78252.5,77211.4,time_exit,24.0,-0.013304367272611195,-0.014104367272611195,BEAR
2026-02-03 04:00:00,2026-02-03 05:00:00,2026-02-04 05:00:00,DOWN,Moderate,78767.5,76255.0,time_exit,24.0,0.03189767353286577,0.031097673532865768,BULL
2026-02-03 05:00:00,2026-02-03 06:00:00,2026-02-04 06:00:00,DOWN,Strong,78202.8,76616.9,time_exit,24.0,0.020279325036955287,0.019479325036955288,BULL
2026-02-03 06:00:00,2026-02-03 07:00:00,2026-02-04 07:00:00,DOWN,Moderate,78557.4,76478.9,time_exit,24.0,0.026458360383617596,0.025658360383617598,BULL
2026-02-03 07:00:00,2026-02-03 08:00:00,2026-02-04 08:00:00,DOWN,Moderate,78750.0,76541.3,time_exit,24.0,0.028046984126984142,0.027246984126984144,BULL
2026-02-03 08:00:00,2026-02-03 09:00:00,2026-02-04 09:00:00,DOWN,Moderate,78708.7,76081.9,time_exit,24.0,0.03337369312414007,0.03257369312414007,BULL
2026-02-03 09:00:00,2026-02-03 10:00:00,2026-02-04 10:00:00,DOWN,Moderate,78351.4,76266.8,time_exit,24.0,0.0266057785821312,0.025805778582131202,BULL
2026-02-03 10:00:00,2026-02-03 11:00:00,2026-02-04 11:00:00,DOWN,Strong,78077.3,75987.6,time_exit,24.0,0.026764501333934376,0.025964501333934378,CHOPPY
2026-02-03 11:00:00,2026-02-03 12:00:00,2026-02-04 12:00:00,DOWN,Moderate,78040.1,76160.0,time_exit,24.0,0.02409146067214174,0.02329146067214174,CHOPPY
2026-02-03 12:00:00,2026-02-03 13:00:00,2026-02-04 13:00:00,DOWN,Strong,78289.8,74838.4,time_exit,24.0,0.04408492549476439,0.04328492549476439,CHOPPY
2026-02-03 13:00:00,2026-02-03 14:00:00,2026-02-04 14:00:00,DOWN,Strong,78260.4,74328.9,time_exit,24.0,0.05023613475014188,0.04943613475014188,BEAR
2026-02-03 14:00:00,2026-02-03 15:00:00,2026-02-04 15:00:00,DOWN,Moderate,77164.5,74107.0,time_exit,24.0,0.03962314276642753,0.03882314276642753,BEAR
2026-02-03 15:00:00,2026-02-03 16:00:00,2026-02-04 16:00:00,DOWN,Strong,78094.2,73609.1,time_exit,24.0,0.057431921960913734,0.05663192196091373,BEAR
2026-02-03 16:00:00,2026-02-03 17:00:00,2026-02-04 17:00:00,DOWN,Moderate,76458.2,72544.2,time_exit,24.0,0.051191369925004726,0.050391369925004724,BEAR
2026-02-03 17:00:00,2026-02-03 18:00:00,2026-02-04 18:00:00,DOWN,Moderate,74882.4,73398.4,time_exit,24.0,0.01981774088437338,0.019017740884373382,BEAR
2026-02-03 20:00:00,2026-02-03 21:00:00,2026-02-04 21:00:00,UP,Moderate,76431.9,72772.8,time_exit,24.0,-0.04787398978698676,-0.04867398978698676,BEAR
2026-02-03 22:00:00,2026-02-03 23:00:00,2026-02-04 23:00:00,UP,Moderate,75672.5,73137.4,time_exit,24.0,-0.033500941557369046,-0.03430094155736905,BEAR
2026-02-04 01:00:00,2026-02-04 02:00:00,2026-02-05 02:00:00,UP,Moderate,76392.1,71429.1,time_exit,24.0,-0.06496745082279454,-0.06576745082279453,BEAR
2026-02-04 02:00:00,2026-02-04 03:00:00,2026-02-05 03:00:00,UP,Moderate,75926.9,71198.9,time_exit,24.0,-0.06227042062826216,-0.06307042062826215,BEAR
2026-02-04 03:00:00,2026-02-04 04:00:00,2026-02-05 04:00:00,UP,Strong,76661.1,70873.2,time_exit,24.0,-0.0754998297702486,-0.0762998297702486,BEAR
2026-02-04 08:00:00,2026-02-04 09:00:00,2026-02-05 09:00:00,UP,Moderate,76541.2,71531.7,time_exit,24.0,-0.06544841209701446,-0.06624841209701446,BEAR
2026-02-04 09:00:00,2026-02-04 10:00:00,2026-02-05 10:00:00,UP,Moderate,76082.0,70820.3,time_exit,24.0,-0.06915827659630391,-0.06995827659630391,BEAR
2026-02-04 11:00:00,2026-02-04 12:00:00,2026-02-05 12:00:00,UP,Moderate,75987.6,69532.9,time_exit,24.0,-0.08494412246208605,-0.08574412246208604,BEAR
2026-02-04 13:00:00,2026-02-04 14:00:00,2026-02-05 14:00:00,DOWN,Moderate,74838.3,69365.5,time_exit,24.0,0.07312833134905528,0.07232833134905528,BEAR
2026-02-04 15:00:00,2026-02-04 16:00:00,2026-02-05 16:00:00,DOWN,Moderate,74107.0,68262.7,time_exit,24.0,0.07886299539854535,0.07806299539854536,BEAR
2026-02-04 17:00:00,2026-02-04 18:00:00,2026-02-05 18:00:00,DOWN,Moderate,72544.3,66312.1,time_exit,24.0,0.08590888601861202,0.08510888601861202,CHOPPY
2026-02-04 20:00:00,2026-02-04 21:00:00,2026-02-05 21:00:00,DOWN,Moderate,73488.9,63188.8,time_exit,24.0,0.14015858177221308,0.13935858177221308,BEAR
2026-02-04 21:00:00,2026-02-04 22:00:00,2026-02-05 22:00:00,DOWN,Strong,72772.9,63878.7,time_exit,24.0,0.12221857312268714,0.12141857312268714,BEAR
2026-02-04 22:00:00,2026-02-04 23:00:00,2026-02-05 23:00:00,DOWN,Moderate,72511.0,62868.1,time_exit,24.0,0.13298534015528685,0.13218534015528685,BEAR
2026-02-04 23:00:00,2026-02-05 00:00:00,2026-02-06 00:00:00,DOWN,Moderate,73137.5,63460.4,time_exit,24.0,0.13231379251410014,0.13151379251410014,BEAR
2026-02-05 00:00:00,2026-02-05 01:00:00,2026-02-06 01:00:00,DOWN,Moderate,72838.9,65666.0,time_exit,24.0,0.09847622630215436,0.09767622630215436,BEAR
2026-02-05 01:00:00,2026-02-05 02:00:00,2026-02-06 02:00:00,DOWN,Moderate,72389.1,64955.6,time_exit,24.0,0.10268811188424787,0.10188811188424787,BEAR
2026-02-05 04:00:00,2026-02-05 05:00:00,2026-02-06 05:00:00,DOWN,Moderate,70863.9,66365.3,time_exit,24.0,0.06348225259970153,0.06268225259970153,BEAR
2026-02-05 16:00:00,2026-02-05 17:00:00,2026-02-06 17:00:00,UP,Moderate,68262.7,70707.3,time_exit,24.0,0.035811651165277736,0.035011651165277734,BEAR
2026-02-05 20:00:00,2026-02-05 21:00:00,2026-02-06 21:00:00,UP,Moderate,63750.9,70308.7,time_exit,24.0,0.10286599875452729,0.10206599875452729,BEAR
2026-02-05 22:00:00,2026-02-05 23:00:00,2026-02-06 23:00:00,UP,Moderate,63878.7,70544.5,time_exit,24.0,0.10435090257002733,0.10355090257002733,BEAR
2026-02-05 23:00:00,2026-02-06 00:00:00,2026-02-07 00:00:00,UP,Moderate,62868.1,69917.1,time_exit,24.0,0.11212363662970581,0.11132363662970582,BEAR
2026-02-06 02:00:00,2026-02-06 03:00:00,2026-02-07 03:00:00,UP,Moderate,64955.6,70887.1,time_exit,24.0,0.09131622215790491,0.09051622215790492,BEAR
2026-02-06 06:00:00,2026-02-06 07:00:00,2026-02-07 07:00:00,UP,Moderate,64947.6,68050.5,time_exit,24.0,0.0477754374295587,0.046975437429558696,BEAR
2026-02-07 04:00:00,2026-02-07 05:00:00,2026-02-08 05:00:00,UP,Moderate,70728.6,69190.7,time_exit,24.0,-0.021743679360258894,-0.022543679360258893,BULL
2026-02-07 05:00:00,2026-02-07 06:00:00,2026-02-08 06:00:00,UP,Moderate,70124.6,69321.8,time_exit,24.0,-0.011448193643885385,-0.012248193643885385,BULL
2026-02-07 06:00:00,2026-02-07 07:00:00,2026-02-08 07:00:00,UP,Moderate,68733.6,69665.0,time_exit,24.0,0.013550868861808452,0.012750868861808451,BULL
2026-02-07 07:00:00,2026-02-07 08:00:00,2026-02-08 08:00:00,UP,Moderate,68050.5,70624.5,time_exit,24.0,0.03782485066237573,0.03702485066237573,BULL
2026-02-07 08:00:00,2026-02-07 09:00:00,2026-02-08 09:00:00,UP,Moderate,68458.6,70066.8,time_exit,24.0,0.023491570087615044,0.022691570087615045,BULL
2026-02-07 09:00:00,2026-02-07 10:00:00,2026-02-08 10:00:00,UP,Moderate,68107.3,70231.1,time_exit,24.0,0.03118314776830089,0.03038314776830089,BULL
2026-02-07 11:00:00,2026-02-07 12:00:00,2026-02-08 12:00:00,UP,Moderate,67935.0,71203.4,time_exit,24.0,0.048110694045778946,0.047310694045778943,BULL
2026-02-07 12:00:00,2026-02-07 13:00:00,2026-02-08 13:00:00,UP,Moderate,68988.7,71472.6,time_exit,24.0,0.03600444710510575,0.03520444710510575,BULL
2026-02-07 13:00:00,2026-02-07 14:00:00,2026-02-08 14:00:00,UP,Moderate,69062.9,71218.3,time_exit,24.0,0.031209231005359106,0.030409231005359107,BULL
2026-02-07 15:00:00,2026-02-07 16:00:00,2026-02-08 16:00:00,UP,Moderate,69122.1,70388.7,time_exit,24.0,0.018324096056109296,0.017524096056109297,BEAR
2026-02-07 16:00:00,2026-02-07 17:00:00,2026-02-08 17:00:00,UP,Moderate,68924.4,70754.5,time_exit,24.0,0.026552280469616107,0.02575228046961611,BEAR
2026-02-07 17:00:00,2026-02-07 18:00:00,2026-02-08 18:00:00,UP,Moderate,69154.2,71103.1,time_exit,24.0,0.02818194701117216,0.02738194701117216,CHOPPY
2026-02-07 19:00:00,2026-02-07 20:00:00,2026-02-08 20:00:00,UP,Moderate,69341.3,70801.5,time_exit,24.0,0.021058157259814747,0.02025815725981475,CHOPPY
2026-02-07 20:00:00,2026-02-07 21:00:00,2026-02-08 21:00:00,UP,Moderate,69596.5,70665.4,time_exit,24.0,0.015358530960608574,0.014558530960608574,BEAR
2026-02-07 21:00:00,2026-02-07 22:00:00,2026-02-08 22:00:00,UP,Moderate,69466.2,71036.2,time_exit,24.0,0.02260091958391275,0.02180091958391275,BEAR
2026-02-07 22:00:00,2026-02-07 23:00:00,2026-02-08 23:00:00,UP,Moderate,69368.2,70288.1,time_exit,24.0,0.013261119648484643,0.012461119648484642,BEAR
2026-02-07 23:00:00,2026-02-08 00:00:00,2026-02-09 00:00:00,UP,Moderate,69254.3,70454.1,time_exit,24.0,0.017324556020348325,0.016524556020348326,BEAR
2026-02-08 00:00:00,2026-02-08 01:00:00,2026-02-09 01:00:00,UP,Moderate,69100.3,70328.0,time_exit,24.0,0.017766927205815186,0.016966927205815188,BEAR
2026-02-08 01:00:00,2026-02-08 02:00:00,2026-02-09 02:00:00,UP,Moderate,69341.4,70593.0,time_exit,24.0,0.0180498230494337,0.0172498230494337,BEAR
2026-02-08 02:00:00,2026-02-08 03:00:00,2026-02-09 03:00:00,UP,Moderate,69335.7,71269.9,time_exit,24.0,0.027896163159815135,0.027096163159815136,BEAR
2026-02-08 03:00:00,2026-02-08 04:00:00,2026-02-09 04:00:00,UP,Moderate,69064.7,70967.0,time_exit,24.0,0.02754373797323373,0.02674373797323373,BEAR
2026-02-08 04:00:00,2026-02-08 05:00:00,2026-02-09 05:00:00,UP,Moderate,69303.4,71014.2,time_exit,24.0,0.0246856575579264,0.0238856575579264,BEAR
2026-02-08 05:00:00,2026-02-08 06:00:00,2026-02-09 06:00:00,UP,Moderate,69190.8,70622.4,time_exit,24.0,0.020690612046688095,0.019890612046688096,BULL
2026-02-08 06:00:00,2026-02-08 07:00:00,2026-02-09 07:00:00,UP,Moderate,69321.7,70393.5,time_exit,24.0,0.015461248065180122,0.014661248065180122,BULL
2026-02-08 09:00:00,2026-02-08 10:00:00,2026-02-09 10:00:00,UP,Moderate,70066.9,68694.0,time_exit,24.0,-0.019594130752181083,-0.02039413075218108,BULL
2026-02-08 10:00:00,2026-02-08 11:00:00,2026-02-09 11:00:00,UP,Moderate,70231.1,68899.9,time_exit,24.0,-0.01895456571234133,-0.01975456571234133,BULL
2026-02-08 16:00:00,2026-02-08 17:00:00,2026-02-09 17:00:00,UP,Moderate,70388.6,70570.6,time_exit,24.0,0.0025856459710804636,0.0017856459710804636,BULL
2026-02-08 17:00:00,2026-02-08 18:00:00,2026-02-09 18:00:00,UP,Moderate,70754.4,70379.9,time_exit,24.0,-0.005292957045780922,-0.006092957045780922,BULL
2026-02-08 18:00:00,2026-02-08 19:00:00,2026-02-09 19:00:00,UP,Moderate,71103.0,70912.7,time_exit,24.0,-0.002676399026763976,-0.003476399026763976,BULL
2026-02-08 19:00:00,2026-02-08 20:00:00,2026-02-09 20:00:00,UP,Moderate,71381.0,70683.9,time_exit,24.0,-0.00976590409212541,-0.01056590409212541,BULL
2026-02-08 20:00:00,2026-02-08 21:00:00,2026-02-09 21:00:00,UP,Strong,70801.5,70362.4,time_exit,24.0,-0.00620184600608753,-0.007001846006087531,BULL
2026-02-08 21:00:00,2026-02-08 22:00:00,2026-02-09 22:00:00,UP,Moderate,70665.5,70334.2,time_exit,24.0,-0.004688284948100585,-0.005488284948100585,BULL
2026-02-08 22:00:00,2026-02-08 23:00:00,2026-02-09 23:00:00,UP,Moderate,71036.2,70110.5,time_exit,24.0,-0.013031383998580948,-0.013831383998580948,BULL
2026-02-08 23:00:00,2026-02-09 00:00:00,2026-02-10 00:00:00,UP,Strong,70288.2,69793.3,time_exit,24.0,-0.007041011151231569,-0.007841011151231569,BULL
2026-02-09 00:00:00,2026-02-09 01:00:00,2026-02-10 01:00:00,UP,Strong,70453.8,70454.7,time_exit,24.0,1.2774328709053151e-05,-0.0007872256712909469,BULL
2026-02-09 01:00:00,2026-02-09 02:00:00,2026-02-10 02:00:00,UP,Strong,70327.9,70068.4,time_exit,24.0,-0.003689858505657062,-0.0044898585056570624,BULL
2026-02-09 02:00:00,2026-02-09 03:00:00,2026-02-10 03:00:00,UP,Strong,70593.1,69473.3,time_exit,24.0,-0.015862740126159625,-0.016662740126159623,BULL
2026-02-09 03:00:00,2026-02-09 04:00:00,2026-02-10 04:00:00,UP,Moderate,71269.8,69800.5,time_exit,24.0,-0.02061602530103923,-0.02141602530103923,BULL
2026-02-09 07:00:00,2026-02-09 08:00:00,2026-02-10 08:00:00,DOWN,Moderate,70393.5,69091.9,time_exit,24.0,0.018490343568653422,0.017690343568653424,BEAR
2026-02-09 08:00:00,2026-02-09 09:00:00,2026-02-10 09:00:00,DOWN,Moderate,69832.1,69115.0,time_exit,24.0,0.010268916443870402,0.009468916443870401,BEAR
2026-02-09 22:00:00,2026-02-09 23:00:00,2026-02-10 23:00:00,DOWN,Moderate,70334.2,68805.3,time_exit,24.0,0.02173764683468349,0.02093764683468349,CHOPPY
2026-02-09 23:00:00,2026-02-10 00:00:00,2026-02-11 00:00:00,DOWN,Moderate,70110.6,69156.8,time_exit,24.0,0.013604219618716717,0.012804219618716717,BEAR
2026-02-10 00:00:00,2026-02-10 01:00:00,2026-02-11 01:00:00,DOWN,Moderate,69793.3,68947.5,time_exit,24.0,0.012118641760742066,0.011318641760742066,CHOPPY
2026-02-10 06:00:00,2026-02-10 07:00:00,2026-02-11 07:00:00,DOWN,Moderate,68872.4,67000.0,time_exit,24.0,0.02718650722205118,0.026386507222051183,BEAR
2026-02-10 07:00:00,2026-02-10 08:00:00,2026-02-11 08:00:00,DOWN,Moderate,68882.2,66950.3,time_exit,24.0,0.028046432895581064,0.027246432895581065,BEAR
2026-02-10 08:00:00,2026-02-10 09:00:00,2026-02-11 09:00:00,DOWN,Moderate,69091.8,66848.6,time_exit,24.0,0.03246694976827924,0.03166694976827924,BEAR
2026-02-10 09:00:00,2026-02-10 10:00:00,2026-02-11 10:00:00,DOWN,Moderate,69115.0,66506.0,time_exit,24.0,0.03774867973667073,0.03694867973667073,CHOPPY
2026-02-10 11:00:00,2026-02-10 12:00:00,2026-02-11 12:00:00,DOWN,Moderate,68489.9,67099.2,time_exit,24.0,0.02030518368401757,0.01950518368401757,BEAR
2026-02-10 12:00:00,2026-02-10 13:00:00,2026-02-11 13:00:00,DOWN,Moderate,68564.7,67424.2,time_exit,24.0,0.016633923870446488,0.01583392387044649,BULL
2026-02-10 13:00:00,2026-02-10 14:00:00,2026-02-11 14:00:00,DOWN,Moderate,68981.8,66559.9,time_exit,24.0,0.03510926070354803,0.03430926070354803,BEAR
2026-02-10 16:00:00,2026-02-10 17:00:00,2026-02-11 17:00:00,DOWN,Moderate,69473.5,66489.1,time_exit,24.0,0.04295738662943416,0.042157386629434156,BEAR
2026-02-10 23:00:00,2026-02-11 00:00:00,2026-02-12 00:00:00,DOWN,Moderate,68805.3,67431.6,time_exit,24.0,0.019965031763541474,0.019165031763541476,BEAR
2026-02-11 00:00:00,2026-02-11 01:00:00,2026-02-12 01:00:00,DOWN,Moderate,69156.9,67668.4,time_exit,24.0,0.021523521152625458,0.02072352115262546,BEAR
2026-02-11 01:00:00,2026-02-11 02:00:00,2026-02-12 02:00:00,DOWN,Moderate,68947.5,67408.3,time_exit,24.0,0.022324232205663708,0.02152423220566371,BEAR
2026-02-11 02:00:00,2026-02-11 03:00:00,2026-02-12 03:00:00,DOWN,Moderate,68641.3,67550.2,time_exit,24.0,0.015895677966472177,0.015095677966472177,BEAR
2026-02-11 06:00:00,2026-02-11 07:00:00,2026-02-12 07:00:00,UP,Moderate,66786.3,67181.5,time_exit,24.0,0.005917381259330057,0.005117381259330056,BEAR
2026-02-11 10:00:00,2026-02-11 11:00:00,2026-02-12 11:00:00,UP,Moderate,66506.1,68031.8,time_exit,24.0,0.02294075280312624,0.022140752803126242,BEAR
2026-02-11 20:00:00,2026-02-11 21:00:00,2026-02-12 21:00:00,DOWN,Moderate,67523.3,65821.8,time_exit,24.0,0.02519870918631051,0.02439870918631051,BEAR
2026-02-11 22:00:00,2026-02-11 23:00:00,2026-02-12 23:00:00,DOWN,Moderate,67392.1,66243.1,time_exit,24.0,0.017049476125539975,0.016249476125539977,BEAR
2026-02-12 00:00:00,2026-02-12 01:00:00,2026-02-13 01:00:00,DOWN,Moderate,67431.7,66423.4,time_exit,24.0,0.014952907905332435,0.014152907905332435,BEAR
2026-02-12 01:00:00,2026-02-12 02:00:00,2026-02-13 02:00:00,DOWN,Moderate,67668.3,66627.9,time_exit,24.0,0.015374998337478685,0.014574998337478684,BEAR
2026-02-12 02:00:00,2026-02-12 03:00:00,2026-02-13 03:00:00,DOWN,Moderate,67408.3,66519.6,time_exit,24.0,0.013183836411836514,0.012383836411836513,BEAR
2026-02-12 03:00:00,2026-02-12 04:00:00,2026-02-13 04:00:00,DOWN,Moderate,67550.3,66299.9,time_exit,24.0,0.018510650581862853,0.017710650581862854,BEAR
2026-02-12 04:00:00,2026-02-12 05:00:00,2026-02-13 05:00:00,DOWN,Moderate,66989.8,66151.5,time_exit,24.0,0.012513845391388001,0.011713845391388,CHOPPY
2026-02-12 08:00:00,2026-02-12 09:00:00,2026-02-13 09:00:00,DOWN,Moderate,67107.4,66924.3,time_exit,24.0,0.0027284621368134365,0.0019284621368134366,BULL
2026-02-12 09:00:00,2026-02-12 10:00:00,2026-02-13 10:00:00,DOWN,Moderate,67517.7,66939.4,time_exit,24.0,0.008565161431743129,0.007765161431743129,BULL
2026-02-12 10:00:00,2026-02-12 11:00:00,2026-02-13 11:00:00,DOWN,Moderate,67979.4,67137.8,time_exit,24.0,0.01238022106697012,0.01158022106697012,BULL
2026-02-12 15:00:00,2026-02-12 16:00:00,2026-02-13 16:00:00,UP,Moderate,67107.0,68920.8,time_exit,24.0,0.027028476910009536,0.026228476910009537,CHOPPY
2026-02-12 17:00:00,2026-02-12 18:00:00,2026-02-13 18:00:00,UP,Moderate,65383.8,69086.7,time_exit,24.0,0.05663329448578991,0.05583329448578991,BEAR
2026-02-12 18:00:00,2026-02-12 19:00:00,2026-02-13 19:00:00,UP,Moderate,65559.4,68904.2,time_exit,24.0,0.05101938089732361,0.050219380897323605,BEAR
2026-02-12 19:00:00,2026-02-12 20:00:00,2026-02-13 20:00:00,UP,Moderate,65760.7,68750.1,time_exit,24.0,0.045458761844080264,0.04465876184408026,BEAR
2026-02-15 04:00:00,2026-02-15 05:00:00,2026-02-16 05:00:00,UP,Moderate,70156.9,68350.1,time_exit,24.0,-0.025753703484617918,-0.026553703484617917,CHOPPY
2026-02-15 07:00:00,2026-02-15 08:00:00,2026-02-16 08:00:00,DOWN,Moderate,70784.0,68724.5,time_exit,24.0,0.029095558318264048,0.02829555831826405,CHOPPY
2026-02-15 08:00:00,2026-02-15 09:00:00,2026-02-16 09:00:00,UP,Strong,70405.1,68961.1,time_exit,24.0,-0.02050987783555458,-0.02130987783555458,CHOPPY
2026-02-15 10:00:00,2026-02-15 11:00:00,2026-02-16 11:00:00,UP,Strong,70389.6,68769.4,time_exit,24.0,-0.023017604873447395,-0.023817604873447393,CHOPPY
2026-02-15 12:00:00,2026-02-15 13:00:00,2026-02-16 13:00:00,DOWN,Strong,69285.0,68355.6,time_exit,24.0,0.013414158908854668,0.012614158908854667,CHOPPY
2026-02-15 14:00:00,2026-02-15 15:00:00,2026-02-16 15:00:00,UP,Moderate,69139.9,67505.5,time_exit,24.0,-0.023639027536921486,-0.024439027536921485,CHOPPY
2026-02-15 15:00:00,2026-02-15 16:00:00,2026-02-16 16:00:00,UP,Moderate,69068.1,67854.0,time_exit,24.0,-0.01757830315297515,-0.01837830315297515,CHOPPY
2026-02-15 16:00:00,2026-02-15 17:00:00,2026-02-16 17:00:00,UP,Strong,68977.6,67917.2,time_exit,24.0,-0.015373106631718203,-0.0161731066317182,CHOPPY
2026-02-15 17:00:00,2026-02-15 18:00:00,2026-02-16 18:00:00,UP,Strong,68607.8,67833.0,time_exit,24.0,-0.011293176577590325,-0.012093176577590325,CHOPPY
2026-02-15 18:00:00,2026-02-15 19:00:00,2026-02-16 19:00:00,UP,Strong,68420.0,67883.6,time_exit,24.0,-0.007839812920198641,-0.008639812920198641,CHOPPY
2026-02-15 19:00:00,2026-02-15 20:00:00,2026-02-16 20:00:00,UP,Strong,68263.7,68508.9,time_exit,24.0,0.003591952970612544,0.0027919529706125442,CHOPPY
2026-02-15 20:00:00,2026-02-15 21:00:00,2026-02-16 21:00:00,UP,Strong,68420.1,68835.1,time_exit,24.0,0.006065469065376972,0.005265469065376971,CHOPPY
2026-02-15 21:00:00,2026-02-15 22:00:00,2026-02-16 22:00:00,DOWN,Moderate,68809.0,68561.1,time_exit,24.0,0.003602726387536448,0.002802726387536448,CHOPPY
2026-02-15 22:00:00,2026-02-15 23:00:00,2026-02-16 23:00:00,UP,Strong,68962.2,68862.5,time_exit,24.0,-0.0014457195391097688,-0.0022457195391097687,CHOPPY
2026-02-15 23:00:00,2026-02-16 00:00:00,2026-02-17 00:00:00,UP,Strong,68796.9,68849.9,time_exit,24.0,0.0007703835492587352,-2.9616450741264838e-05,CHOPPY
2026-02-16 04:00:00,2026-02-16 05:00:00,2026-02-17 05:00:00,DOWN,Strong,68832.4,68207.3,time_exit,24.0,0.00908147907090251,0.00828147907090251,CHOPPY
2026-02-16 05:00:00,2026-02-16 06:00:00,2026-02-17 06:00:00,UP,Strong,68350.1,68370.8,time_exit,24.0,0.00030285251960116,-0.00049714748039884,CHOPPY
2026-02-16 06:00:00,2026-02-16 07:00:00,2026-02-17 07:00:00,UP,Strong,68414.8,68353.4,time_exit,24.0,-0.0008974666300275436,-0.0016974666300275435,CHOPPY
2026-02-16 07:00:00,2026-02-16 08:00:00,2026-02-17 08:00:00,UP,Strong,68552.5,68140.0,time_exit,24.0,-0.006017286021662183,-0.006817286021662183,CHOPPY
2026-02-16 09:00:00,2026-02-16 10:00:00,2026-02-17 10:00:00,DOWN,Moderate,68961.0,67822.1,time_exit,24.0,0.016515131741128952,0.015715131741128954,CHOPPY
2026-02-16 10:00:00,2026-02-16 11:00:00,2026-02-17 11:00:00,DOWN,Strong,68762.0,67824.4,time_exit,24.0,0.013635438178063564,0.012835438178063563,CHOPPY
2026-02-16 12:00:00,2026-02-16 13:00:00,2026-02-17 13:00:00,DOWN,Strong,69739.3,68105.3,time_exit,24.0,0.023430117595100608,0.02263011759510061,BEAR
2026-02-16 13:00:00,2026-02-16 14:00:00,2026-02-17 14:00:00,DOWN,Strong,68355.5,66846.7,time_exit,24.0,0.02207283978611818,0.021272839786118183,BEAR
2026-02-16 14:00:00,2026-02-16 15:00:00,2026-02-17 15:00:00,DOWN,Strong,68386.6,67363.6,time_exit,24.0,0.014959070929100093,0.014159070929100093,BEAR
2026-02-16 15:00:00,2026-02-16 16:00:00,2026-02-17 16:00:00,UP,Strong,67505.5,67493.1,time_exit,24.0,-0.00018368873647323092,-0.0009836887364732308,BEAR
2026-02-16 16:00:00,2026-02-16 17:00:00,2026-02-17 17:00:00,UP,Strong,67854.1,67208.6,time_exit,24.0,-0.009513058164502985,-0.010313058164502986,BEAR
2026-02-16 17:00:00,2026-02-16 18:00:00,2026-02-17 18:00:00,UP,Strong,67917.2,68063.3,time_exit,24.0,0.0021511487517154038,0.0013511487517154038,BEAR
2026-02-16 18:00:00,2026-02-16 19:00:00,2026-02-17 19:00:00,UP,Strong,67833.0,67766.9,time_exit,24.0,-0.0009744519629090176,-0.0017744519629090175,BEAR
2026-02-16 19:00:00,2026-02-16 20:00:00,2026-02-17 20:00:00,UP,Strong,67883.5,67719.3,time_exit,24.0,-0.0024188499414437015,-0.0032188499414437014,CHOPPY
2026-02-16 20:00:00,2026-02-16 21:00:00,2026-02-17 21:00:00,UP,Strong,68508.9,67642.4,time_exit,24.0,-0.01264799172078368,-0.01344799172078368,CHOPPY
2026-02-16 21:00:00,2026-02-16 22:00:00,2026-02-17 22:00:00,UP,Strong,68835.2,67498.2,time_exit,24.0,-0.019423202082655355,-0.020223202082655354,BEAR
2026-02-16 22:00:00,2026-02-16 23:00:00,2026-02-17 23:00:00,UP,Strong,68561.1,67475.9,time_exit,24.0,-0.0158282174585882,-0.0166282174585882,CHOPPY
2026-02-16 23:00:00,2026-02-17 00:00:00,2026-02-18 00:00:00,UP,Strong,68862.6,67263.9,time_exit,24.0,-0.023215794930775413,-0.02401579493077541,CHOPPY
2026-02-17 00:00:00,2026-02-17 01:00:00,2026-02-18 01:00:00,UP,Moderate,68849.9,67137.2,time_exit,24.0,-0.02487585312396967,-0.02567585312396967,CHOPPY
2026-02-17 01:00:00,2026-02-17 02:00:00,2026-02-18 02:00:00,UP,Strong,68582.7,67297.9,time_exit,24.0,-0.018733587333248813,-0.019533587333248812,BULL
2026-02-17 02:00:00,2026-02-17 03:00:00,2026-02-18 03:00:00,UP,Strong,68806.3,67590.2,time_exit,24.0,-0.017674253665725503,-0.018474253665725502,CHOPPY
2026-02-17 03:00:00,2026-02-17 04:00:00,2026-02-18 04:00:00,UP,Strong,68443.6,67790.9,time_exit,24.0,-0.009536318954584622,-0.010336318954584622,BEAR
2026-02-19 04:00:00,2026-02-19 05:00:00,2026-02-20 05:00:00,DOWN,Moderate,66776.5,67756.0,time_exit,24.0,-0.014668333919866994,-0.015468333919866994,CHOPPY
2026-02-19 05:00:00,2026-02-19 06:00:00,2026-02-20 06:00:00,DOWN,Moderate,66847.6,67809.4,time_exit,24.0,-0.01438795110071256,-0.01518795110071256,CHOPPY
2026-02-19 06:00:00,2026-02-19 07:00:00,2026-02-20 07:00:00,DOWN,Moderate,67123.8,67794.7,time_exit,24.0,-0.009994964528229788,-0.010794964528229789,CHOPPY
2026-02-19 10:00:00,2026-02-19 11:00:00,2026-02-20 11:00:00,DOWN,Moderate,66810.0,67290.5,time_exit,24.0,-0.007192037120191674,-0.007992037120191675,CHOPPY
2026-02-19 12:00:00,2026-02-19 13:00:00,2026-02-20 13:00:00,UP,Moderate,66489.5,66784.8,time_exit,24.0,0.004441302762090205,0.0036413027620902047,CHOPPY
2026-02-19 13:00:00,2026-02-19 14:00:00,2026-02-20 14:00:00,UP,Strong,65871.2,67043.2,time_exit,24.0,0.017792297696110015,0.016992297696110017,BEAR
2026-02-19 14:00:00,2026-02-19 15:00:00,2026-02-20 15:00:00,UP,Strong,66382.0,67547.6,time_exit,24.0,0.017558976831068662,0.016758976831068664,CHOPPY
2026-02-19 15:00:00,2026-02-19 16:00:00,2026-02-20 16:00:00,UP,Strong,66362.6,67763.2,time_exit,24.0,0.021105261095857974,0.020305261095857976,CHOPPY
2026-02-19 16:00:00,2026-02-19 17:00:00,2026-02-20 17:00:00,UP,Strong,66267.6,67582.0,time_exit,24.0,0.019834730697957825,0.019034730697957827,CHOPPY
2026-02-19 17:00:00,2026-02-19 18:00:00,2026-02-20 18:00:00,UP,Strong,66336.0,67901.1,time_exit,24.0,0.02359352387843705,0.022793523878437052,CHOPPY
2026-02-19 20:00:00,2026-02-19 21:00:00,2026-02-20 21:00:00,DOWN,Moderate,67118.6,67792.3,time_exit,24.0,-0.010037456085198349,-0.010837456085198349,CHOPPY
2026-02-20 03:00:00,2026-02-20 04:00:00,2026-02-21 04:00:00,DOWN,Moderate,67327.2,67782.2,time_exit,24.0,-0.006758041326536679,-0.007558041326536679,CHOPPY
2026-02-20 04:00:00,2026-02-20 05:00:00,2026-02-21 05:00:00,DOWN,Moderate,67228.5,67827.1,time_exit,24.0,-0.008903961861413068,-0.009703961861413068,CHOPPY
2026-02-20 05:00:00,2026-02-20 06:00:00,2026-02-21 06:00:00,DOWN,Moderate,67756.1,67759.5,time_exit,24.0,-5.017998379464039e-05,-0.0008501799837946404,CHOPPY
2026-02-20 07:00:00,2026-02-20 08:00:00,2026-02-21 08:00:00,DOWN,Strong,67794.8,68016.9,time_exit,24.0,-0.0032760624708678687,-0.004076062470867869,CHOPPY
2026-02-20 08:00:00,2026-02-20 09:00:00,2026-02-21 09:00:00,DOWN,Strong,67839.8,68115.8,time_exit,24.0,-0.004068408220543107,-0.0048684082205431075,CHOPPY
2026-02-20 09:00:00,2026-02-20 10:00:00,2026-02-21 10:00:00,DOWN,Moderate,68174.2,68184.6,time_exit,24.0,-0.00015255037829575713,-0.0009525503782957572,CHOPPY
2026-02-20 11:00:00,2026-02-20 12:00:00,2026-02-21 12:00:00,UP,Moderate,67290.4,68175.9,time_exit,24.0,0.013159380832927114,0.012359380832927114,CHOPPY
2026-02-20 14:00:00,2026-02-20 15:00:00,2026-02-21 15:00:00,UP,Strong,67043.2,68571.5,time_exit,24.0,0.022795749606224103,0.021995749606224104,CHOPPY
2026-02-20 15:00:00,2026-02-20 16:00:00,2026-02-21 16:00:00,DOWN,Moderate,67547.6,68292.4,time_exit,24.0,-0.011026298491730202,-0.011826298491730202,CHOPPY
2026-02-20 16:00:00,2026-02-20 17:00:00,2026-02-21 17:00:00,UP,Moderate,67763.2,68408.8,time_exit,24.0,0.00952729505100125,0.00872729505100125,CHOPPY
2026-02-20 17:00:00,2026-02-20 18:00:00,2026-02-21 18:00:00,UP,Moderate,67581.9,68547.2,time_exit,24.0,0.014283410203027813,0.013483410203027813,CHOPPY
2026-02-20 18:00:00,2026-02-20 19:00:00,2026-02-21 19:00:00,UP,Moderate,67901.0,68516.3,time_exit,24.0,0.009061722213222323,0.008261722213222323,CHOPPY
2026-02-20 19:00:00,2026-02-20 20:00:00,2026-02-21 20:00:00,UP,Moderate,67616.5,68180.9,time_exit,24.0,0.008347075048249941,0.007547075048249941,CHOPPY
2026-02-20 20:00:00,2026-02-20 21:00:00,2026-02-21 21:00:00,UP,Moderate,67719.4,68351.0,time_exit,24.0,0.009326721737050292,0.008526721737050292,CHOPPY
2026-02-20 21:00:00,2026-02-20 22:00:00,2026-02-21 22:00:00,UP,Moderate,67792.3,67936.6,time_exit,24.0,0.002128560323222617,0.001328560323222617,CHOPPY
2026-02-20 22:00:00,2026-02-20 23:00:00,2026-02-21 23:00:00,DOWN,Moderate,68049.8,67933.1,time_exit,24.0,0.0017149205434843218,0.0009149205434843217,CHOPPY
2026-02-21 07:00:00,2026-02-21 08:00:00,2026-02-22 08:00:00,UP,Moderate,67821.0,67909.3,time_exit,24.0,0.00130195662110566,0.0005019566211056599,CHOPPY
2026-02-21 14:00:00,2026-02-21 15:00:00,2026-02-22 15:00:00,DOWN,Moderate,68416.6,67659.9,time_exit,24.0,0.011060181301029481,0.010260181301029481,CHOPPY
2026-02-21 15:00:00,2026-02-21 16:00:00,2026-02-22 16:00:00,DOWN,Moderate,68571.5,67601.6,time_exit,24.0,0.01414436026629129,0.013344360266291289,CHOPPY
2026-02-21 16:00:00,2026-02-21 17:00:00,2026-02-22 17:00:00,DOWN,Moderate,68292.3,67365.0,time_exit,24.0,0.013578397564586342,0.012778397564586342,CHOPPY
2026-02-21 17:00:00,2026-02-21 18:00:00,2026-02-22 18:00:00,DOWN,Moderate,68408.8,67392.3,time_exit,24.0,0.014859199401246581,0.01405919940124658,CHOPPY
2026-02-21 18:00:00,2026-02-21 19:00:00,2026-02-22 19:00:00,DOWN,Moderate,68547.3,67402.2,time_exit,24.0,0.016705253160956057,0.01590525316095606,CHOPPY
2026-02-21 19:00:00,2026-02-21 20:00:00,2026-02-22 20:00:00,DOWN,Moderate,68516.3,67374.9,time_exit,24.0,0.016658809655512807,0.01585880965551281,CHOPPY
2026-02-21 20:00:00,2026-02-21 21:00:00,2026-02-22 21:00:00,DOWN,Strong,68180.9,67576.2,time_exit,24.0,0.008869052769910568,0.008069052769910568,CHOPPY
2026-02-21 21:00:00,2026-02-21 22:00:00,2026-02-22 22:00:00,DOWN,Moderate,68351.1,67631.2,time_exit,24.0,0.010532383531501432,0.009732383531501432,CHOPPY
2026-02-21 22:00:00,2026-02-21 23:00:00,2026-02-22 23:00:00,DOWN,Moderate,67936.7,67613.5,time_exit,24.0,0.004757369727996785,0.003957369727996785,CHOPPY
2026-02-22 02:00:00,2026-02-22 03:00:00,2026-02-23 03:00:00,DOWN,Moderate,67871.5,64894.0,time_exit,24.0,0.04386966547077931,0.043069665470779304,CHOPPY
2026-02-22 04:00:00,2026-02-22 05:00:00,2026-02-23 05:00:00,DOWN,Moderate,67950.2,65031.9,time_exit,24.0,0.042947629293217604,0.0421476292932176,CHOPPY
2026-02-22 05:00:00,2026-02-22 06:00:00,2026-02-23 06:00:00,DOWN,Moderate,67944.5,65717.7,time_exit,24.0,0.03277380803449881,0.031973808034498806,CHOPPY
2026-02-22 08:00:00,2026-02-22 09:00:00,2026-02-23 09:00:00,DOWN,Moderate,67909.3,66374.8,time_exit,24.0,0.022596315968505087,0.02179631596850509,CHOPPY
2026-02-22 09:00:00,2026-02-22 10:00:00,2026-02-23 10:00:00,DOWN,Moderate,68022.4,66291.1,time_exit,24.0,0.025451909959072094,0.024651909959072096,CHOPPY
2026-02-22 10:00:00,2026-02-22 11:00:00,2026-02-23 11:00:00,DOWN,Moderate,68096.6,66170.8,time_exit,24.0,0.028280413412710814,0.027480413412710816,CHOPPY
2026-02-22 11:00:00,2026-02-22 12:00:00,2026-02-23 12:00:00,DOWN,Moderate,68183.4,66249.9,time_exit,24.0,0.02835734210966301,0.02755734210966301,CHOPPY
2026-02-22 12:00:00,2026-02-22 13:00:00,2026-02-23 13:00:00,DOWN,Moderate,67892.4,66099.9,time_exit,24.0,0.026402071513159098,0.0256020715131591,CHOPPY
2026-02-22 15:00:00,2026-02-22 16:00:00,2026-02-23 16:00:00,UP,Moderate,67660.0,65343.1,time_exit,24.0,-0.03424327519952708,-0.03504327519952708,CHOPPY
2026-02-22 17:00:00,2026-02-22 18:00:00,2026-02-23 18:00:00,UP,Moderate,67364.9,64602.9,time_exit,24.0,-0.041000580420961,-0.041800580420961,CHOPPY
2026-02-23 02:00:00,2026-02-23 03:00:00,2026-02-24 03:00:00,UP,Strong,64742.5,63570.5,time_exit,24.0,-0.0181024829130787,-0.018902482913078698,BEAR
2026-02-23 03:00:00,2026-02-23 04:00:00,2026-02-24 04:00:00,DOWN,Moderate,64894.1,63338.2,time_exit,24.0,0.02397598549020641,0.02317598549020641,BEAR
2026-02-27 04:00:00,2026-02-27 05:00:00,2026-02-28 05:00:00,UP,Strong,67709.1,65558.6,time_exit,24.0,-0.031760871138443725,-0.03256087113844373,CHOPPY
2026-02-27 05:00:00,2026-02-27 06:00:00,2026-02-28 06:00:00,UP,Moderate,67685.8,63173.8,time_exit,24.0,-0.06666095399625915,-0.06746095399625915,CHOPPY
2026-02-27 08:00:00,2026-02-27 09:00:00,2026-02-28 09:00:00,DOWN,Moderate,67897.5,63621.4,time_exit,24.0,0.06297875474060166,0.06217875474060166,CHOPPY
2026-02-27 09:00:00,2026-02-27 10:00:00,2026-02-28 10:00:00,UP,Strong,67318.3,63964.5,time_exit,24.0,-0.049820034076915265,-0.05062003407691527,CHOPPY
2026-02-27 10:00:00,2026-02-27 11:00:00,2026-02-28 11:00:00,UP,Strong,66575.2,63810.4,time_exit,24.0,-0.04152897775748321,-0.04232897775748321,BEAR
2026-02-27 11:00:00,2026-02-27 12:00:00,2026-02-28 12:00:00,UP,Strong,66094.0,63980.0,time_exit,24.0,-0.03198474899385728,-0.032784748993857284,BEAR
2026-02-27 12:00:00,2026-02-27 13:00:00,2026-02-28 13:00:00,UP,Moderate,65902.5,65069.5,time_exit,24.0,-0.012639884678122937,-0.013439884678122937,BEAR
2026-02-27 13:00:00,2026-02-27 14:00:00,2026-02-28 14:00:00,UP,Strong,66240.0,64402.4,time_exit,24.0,-0.0277415458937198,-0.028541545893719798,BEAR
2026-02-27 14:00:00,2026-02-27 15:00:00,2026-02-28 15:00:00,UP,Strong,65855.4,64800.0,time_exit,24.0,-0.01602602064523173,-0.01682602064523173,BEAR
2026-02-27 15:00:00,2026-02-27 16:00:00,2026-02-28 16:00:00,UP,Strong,66072.5,65053.8,time_exit,24.0,-0.015417912141965195,-0.016217912141965194,BEAR
2026-02-27 16:00:00,2026-02-27 17:00:00,2026-02-28 17:00:00,UP,Strong,65449.3,65395.4,time_exit,24.0,-0.0008235382196600805,-0.0016235382196600804,BEAR
2026-02-27 17:00:00,2026-02-27 18:00:00,2026-02-28 18:00:00,UP,Moderate,65672.9,65873.0,time_exit,24.0,0.003046918896531192,0.0022469188965311923,CHOPPY
2026-02-27 18:00:00,2026-02-27 19:00:00,2026-02-28 19:00:00,UP,Moderate,65284.8,66318.1,time_exit,24.0,0.01582757395289569,0.01502757395289569,CHOPPY
2026-02-27 19:00:00,2026-02-27 20:00:00,2026-02-28 20:00:00,UP,Moderate,65365.4,66918.6,time_exit,24.0,0.023761806705076438,0.02296180670507644,CHOPPY
2026-02-27 20:00:00,2026-02-27 21:00:00,2026-02-28 21:00:00,UP,Moderate,65564.3,66684.8,time_exit,24.0,0.01709009323671573,0.016290093236715732,CHOPPY
2026-02-27 22:00:00,2026-02-27 23:00:00,2026-02-28 23:00:00,UP,Moderate,65609.0,66937.1,time_exit,24.0,0.020242649636482923,0.019442649636482925,BEAR
2026-02-28 00:00:00,2026-02-28 01:00:00,2026-03-01 01:00:00,DOWN,Moderate,65906.3,67311.6,time_exit,24.0,-0.021322696009334452,-0.02212269600933445,BEAR
2026-02-28 01:00:00,2026-02-28 02:00:00,2026-03-01 02:00:00,DOWN,Moderate,65747.3,67588.3,time_exit,24.0,-0.028001149857104446,-0.028801149857104445,BEAR
2026-02-28 02:00:00,2026-02-28 03:00:00,2026-03-01 03:00:00,DOWN,Strong,65927.0,67474.7,time_exit,24.0,-0.023475965841005975,-0.024275965841005973,CHOPPY
2026-02-28 05:00:00,2026-02-28 06:00:00,2026-03-01 06:00:00,UP,Moderate,65558.6,66890.1,time_exit,24.0,0.02031007373555882,0.01951007373555882,BEAR
2026-02-28 06:00:00,2026-02-28 07:00:00,2026-03-01 07:00:00,UP,Moderate,63173.8,67113.9,time_exit,24.0,0.06236921002060969,0.06156921002060969,BEAR
2026-02-28 07:00:00,2026-02-28 08:00:00,2026-03-01 08:00:00,UP,Strong,63787.4,66535.0,time_exit,24.0,0.04307433756509904,0.04227433756509904,BEAR
2026-02-28 08:00:00,2026-02-28 09:00:00,2026-03-01 09:00:00,UP,Strong,63439.6,66380.1,time_exit,24.0,0.0463511749758827,0.0455511749758827,BEAR
2026-02-28 09:00:00,2026-02-28 10:00:00,2026-03-01 10:00:00,UP,Strong,63621.3,66430.0,time_exit,24.0,0.04414716455023715,0.04334716455023715,BEAR
2026-02-28 10:00:00,2026-02-28 11:00:00,2026-03-01 11:00:00,UP,Strong,63964.5,66439.0,time_exit,24.0,0.03868552087486021,0.03788552087486021,BEAR
2026-02-28 11:00:00,2026-02-28 12:00:00,2026-03-01 12:00:00,UP,Strong,63810.4,66270.6,time_exit,24.0,0.038554843724533994,0.03775484372453399,BEAR
2026-02-28 12:00:00,2026-02-28 13:00:00,2026-03-01 13:00:00,UP,Strong,63979.9,66907.1,time_exit,24.0,0.04575186894634098,0.04495186894634098,BEAR
2026-02-28 13:00:00,2026-02-28 14:00:00,2026-03-01 14:00:00,UP,Strong,65069.5,66817.5,time_exit,24.0,0.026863584321379363,0.026063584321379365,BEAR
2026-02-28 14:00:00,2026-02-28 15:00:00,2026-03-01 15:00:00,UP,Strong,64402.5,66810.8,time_exit,24.0,0.037394511082644355,0.03659451108264435,BEAR
2026-02-28 15:00:00,2026-02-28 16:00:00,2026-03-01 16:00:00,UP,Strong,64800.1,66112.2,time_exit,24.0,0.02024842554255324,0.01944842554255324,BEAR
2026-02-28 16:00:00,2026-02-28 17:00:00,2026-03-01 17:00:00,UP,Strong,65053.7,65956.8,time_exit,24.0,0.013882377174549765,0.013082377174549764,CHOPPY
2026-02-28 17:00:00,2026-02-28 18:00:00,2026-03-01 18:00:00,UP,Strong,65395.3,66288.1,time_exit,24.0,0.01365235727949865,0.01285235727949865,BULL
2026-02-28 18:00:00,2026-02-28 19:00:00,2026-03-01 19:00:00,UP,Strong,65872.9,65926.0,time_exit,24.0,0.0008060978034973854,6.0978034973853184e-06,BULL
2026-02-28 19:00:00,2026-02-28 20:00:00,2026-03-01 20:00:00,UP,Strong,66318.1,65255.7,time_exit,24.0,-0.016019759311560633,-0.01681975931156063,BULL
2026-02-28 21:00:00,2026-02-28 22:00:00,2026-03-01 22:00:00,UP,Moderate,66684.8,65241.0,time_exit,24.0,-0.02165111089783578,-0.022451110897835778,BULL
2026-02-28 22:00:00,2026-02-28 23:00:00,2026-03-01 23:00:00,UP,Moderate,67081.4,65750.0,time_exit,24.0,-0.019847528525045566,-0.020647528525045564,BULL
2026-02-28 23:00:00,2026-03-01 00:00:00,2026-03-02 00:00:00,UP,Moderate,66937.0,66472.5,time_exit,24.0,-0.006939360891584645,-0.007739360891584645,BULL
2026-03-01 00:00:00,2026-03-01 01:00:00,2026-03-02 01:00:00,UP,Moderate,66755.5,66500.0,time_exit,24.0,-0.00382739998951398,-0.00462739998951398,BULL
2026-03-01 01:00:00,2026-03-01 02:00:00,2026-03-02 02:00:00,UP,Moderate,67311.7,66242.2,time_exit,24.0,-0.015888768223057848,-0.016688768223057846,BULL
2026-03-01 03:00:00,2026-03-01 04:00:00,2026-03-02 04:00:00,DOWN,Strong,67474.8,66825.1,time_exit,24.0,0.009628779929692244,0.008828779929692243,BULL
2026-03-05 04:00:00,2026-03-05 05:00:00,2026-03-06 05:00:00,DOWN,Strong,72784.1,70396.4,time_exit,24.0,0.032805241804185425,0.03200524180418542,BULL
2026-03-05 05:00:00,2026-03-05 06:00:00,2026-03-06 06:00:00,DOWN,Strong,72375.0,70565.5,time_exit,24.0,0.0250017271157168,0.0242017271157168,BULL
2026-03-05 06:00:00,2026-03-05 07:00:00,2026-03-06 07:00:00,DOWN,Strong,72520.3,71026.7,time_exit,24.0,0.02059561253883402,0.01979561253883402,BULL
2026-03-05 07:00:00,2026-03-05 08:00:00,2026-03-06 08:00:00,DOWN,Moderate,72025.4,70750.2,time_exit,24.0,0.017704865228099997,0.0169048652281,BULL
2026-03-05 08:00:00,2026-03-05 09:00:00,2026-03-06 09:00:00,DOWN,Moderate,72307.6,70521.4,time_exit,24.0,0.024702797492933137,0.02390279749293314,BULL
2026-03-05 10:00:00,2026-03-05 11:00:00,2026-03-06 11:00:00,DOWN,Moderate,73346.9,70185.6,time_exit,24.0,0.04310066274102908,0.04230066274102908,BULL
2026-03-05 20:00:00,2026-03-05 21:00:00,2026-03-06 21:00:00,DOWN,Moderate,71205.8,68258.3,time_exit,24.0,0.04139409991882681,0.04059409991882681,BEAR
2026-03-05 22:00:00,2026-03-05 23:00:00,2026-03-06 23:00:00,DOWN,Moderate,71170.9,68083.0,time_exit,24.0,0.04338711467748746,0.04258711467748746,BEAR
2026-03-06 03:00:00,2026-03-06 04:00:00,2026-03-07 04:00:00,DOWN,Moderate,71045.4,68028.0,time_exit,24.0,0.042471433759258104,0.0416714337592581,BEAR
2026-03-06 08:00:00,2026-03-06 09:00:00,2026-03-07 09:00:00,DOWN,Moderate,70750.2,67970.5,time_exit,24.0,0.03928893487226892,0.03848893487226892,BEAR
2026-03-06 10:00:00,2026-03-06 11:00:00,2026-03-07 11:00:00,DOWN,Moderate,70506.8,67975.9,time_exit,24.0,0.0358958284874652,0.035095828487465196,CHOPPY
2026-03-06 11:00:00,2026-03-06 12:00:00,2026-03-07 12:00:00,DOWN,Moderate,70185.6,67954.6,time_exit,24.0,0.031787147221082335,0.030987147221082336,CHOPPY
2026-03-06 12:00:00,2026-03-06 13:00:00,2026-03-07 13:00:00,DOWN,Strong,69895.2,67891.3,time_exit,24.0,0.028670066041730946,0.027870066041730947,CHOPPY
2026-03-07 00:00:00,2026-03-07 01:00:00,2026-03-08 01:00:00,DOWN,Moderate,68243.1,67266.3,time_exit,24.0,0.014313534994746746,0.013513534994746746,CHOPPY
2026-03-07 01:00:00,2026-03-07 02:00:00,2026-03-08 02:00:00,DOWN,Moderate,68222.2,66894.8,time_exit,24.0,0.019457009595117092,0.018657009595117093,CHOPPY
2026-03-07 02:00:00,2026-03-07 03:00:00,2026-03-08 03:00:00,DOWN,Moderate,68320.0,66974.9,time_exit,24.0,0.019688231850117144,0.018888231850117145,CHOPPY
2026-03-07 03:00:00,2026-03-07 04:00:00,2026-03-08 04:00:00,DOWN,Moderate,68063.3,66602.7,time_exit,24.0,0.021459435554843864,0.020659435554843866,CHOPPY
2026-03-07 04:00:00,2026-03-07 05:00:00,2026-03-08 05:00:00,DOWN,Strong,68028.0,67115.4,time_exit,24.0,0.013415064385253195,0.012615064385253194,CHOPPY
2026-03-07 05:00:00,2026-03-07 06:00:00,2026-03-08 06:00:00,DOWN,Moderate,67990.0,67134.3,time_exit,24.0,0.01258567436387703,0.01178567436387703,CHOPPY
2026-03-07 06:00:00,2026-03-07 07:00:00,2026-03-08 07:00:00,DOWN,Strong,67665.9,67277.2,time_exit,24.0,0.005744400059705113,0.004944400059705112,CHOPPY
2026-03-07 07:00:00,2026-03-07 08:00:00,2026-03-08 08:00:00,DOWN,Strong,67809.5,67490.9,time_exit,24.0,0.004698456705918841,0.003898456705918841,CHOPPY
2026-03-07 08:00:00,2026-03-07 09:00:00,2026-03-08 09:00:00,DOWN,Strong,67767.6,67662.9,time_exit,24.0,0.0015449860995521147,0.0007449860995521147,CHOPPY
2026-03-07 09:00:00,2026-03-07 10:00:00,2026-03-08 10:00:00,DOWN,Moderate,67970.5,67869.1,time_exit,24.0,0.0014918236587930789,0.0006918236587930788,CHOPPY
2026-03-07 10:00:00,2026-03-07 11:00:00,2026-03-08 11:00:00,DOWN,Strong,67851.7,67490.0,time_exit,24.0,0.005330743371205093,0.004530743371205093,CHOPPY
2026-03-07 11:00:00,2026-03-07 12:00:00,2026-03-08 12:00:00,DOWN,Strong,67976.0,67286.0,time_exit,24.0,0.010150641402848049,0.009350641402848048,CHOPPY
2026-03-07 12:00:00,2026-03-07 13:00:00,2026-03-08 13:00:00,DOWN,Moderate,67954.6,67196.9,time_exit,24.0,0.011150091384542149,0.010350091384542149,CHOPPY
2026-03-07 13:00:00,2026-03-07 14:00:00,2026-03-08 14:00:00,DOWN,Strong,67891.2,67304.1,time_exit,24.0,0.008647659785067763,0.007847659785067762,CHOPPY
2026-03-07 14:00:00,2026-03-07 15:00:00,2026-03-08 15:00:00,DOWN,Strong,67980.1,67174.7,time_exit,24.0,0.011847584807907152,0.011047584807907152,CHOPPY
2026-03-07 15:00:00,2026-03-07 16:00:00,2026-03-08 16:00:00,DOWN,Strong,67844.8,66829.9,time_exit,24.0,0.014959142041836793,0.014159142041836792,CHOPPY
2026-03-07 16:00:00,2026-03-07 17:00:00,2026-03-08 17:00:00,DOWN,Strong,67757.6,67017.0,time_exit,24.0,0.010930139202096956,0.010130139202096955,CHOPPY
2026-03-07 17:00:00,2026-03-07 18:00:00,2026-03-08 18:00:00,DOWN,Strong,67749.7,66777.5,time_exit,24.0,0.014349879040054803,0.013549879040054802,CHOPPY
2026-03-07 18:00:00,2026-03-07 19:00:00,2026-03-08 19:00:00,DOWN,Strong,67530.8,67299.0,time_exit,24.0,0.003432507833462717,0.002632507833462717,CHOPPY
2026-03-07 19:00:00,2026-03-07 20:00:00,2026-03-08 20:00:00,DOWN,Moderate,67042.6,67195.7,time_exit,24.0,-0.002283622651866102,-0.0030836226518661017,CHOPPY
2026-03-07 20:00:00,2026-03-07 21:00:00,2026-03-08 21:00:00,DOWN,Moderate,67354.4,66977.1,time_exit,24.0,0.0056017127314620385,0.004801712731462038,CHOPPY
2026-03-07 21:00:00,2026-03-07 22:00:00,2026-03-08 22:00:00,DOWN,Moderate,67416.3,66198.4,time_exit,24.0,0.01806536401434089,0.01726536401434089,CHOPPY
2026-03-07 22:00:00,2026-03-07 23:00:00,2026-03-08 23:00:00,DOWN,Moderate,67220.0,65934.3,time_exit,24.0,0.019126747991669135,0.018326747991669137,CHOPPY
2026-03-08 00:00:00,2026-03-08 01:00:00,2026-03-09 01:00:00,DOWN,Moderate,67161.0,66150.1,time_exit,24.0,0.0150518902339154,0.014251890233915399,CHOPPY
2026-03-08 01:00:00,2026-03-08 02:00:00,2026-03-09 02:00:00,DOWN,Moderate,67266.2,66500.0,time_exit,24.0,0.011390564652083768,0.010590564652083767,CHOPPY
2026-03-08 02:00:00,2026-03-08 03:00:00,2026-03-09 03:00:00,DOWN,Strong,66894.9,67165.3,time_exit,24.0,-0.0040421616595587295,-0.00484216165955873,CHOPPY
2026-03-08 03:00:00,2026-03-08 04:00:00,2026-03-09 04:00:00,DOWN,Strong,66974.9,67100.3,time_exit,24.0,-0.0018723432211174007,-0.0026723432211174006,CHOPPY
2026-03-08 05:00:00,2026-03-08 06:00:00,2026-03-09 06:00:00,DOWN,Moderate,67115.3,67229.8,time_exit,24.0,-0.0017060193428324322,-0.002506019342832432,CHOPPY
2026-03-08 06:00:00,2026-03-08 07:00:00,2026-03-09 07:00:00,DOWN,Moderate,67134.4,67504.8,time_exit,24.0,-0.005517290688529464,-0.006317290688529464,CHOPPY
2026-03-08 07:00:00,2026-03-08 08:00:00,2026-03-09 08:00:00,DOWN,Moderate,67277.1,67772.4,time_exit,24.0,-0.007362089031780261,-0.008162089031780262,CHOPPY
2026-03-08 08:00:00,2026-03-08 09:00:00,2026-03-09 09:00:00,DOWN,Moderate,67491.0,67946.5,time_exit,24.0,-0.006749048021217563,-0.007549048021217563,CHOPPY
2026-03-08 09:00:00,2026-03-08 10:00:00,2026-03-09 10:00:00,DOWN,Moderate,67663.0,67571.2,time_exit,24.0,0.0013567237633567153,0.0005567237633567153,CHOPPY
2026-03-08 10:00:00,2026-03-08 11:00:00,2026-03-09 11:00:00,DOWN,Moderate,67869.0,67723.3,time_exit,24.0,0.002146782772694422,0.0013467827726944223,CHOPPY
2026-03-08 14:00:00,2026-03-08 15:00:00,2026-03-09 15:00:00,DOWN,Moderate,67304.1,68832.3,time_exit,24.0,-0.022705897560475474,-0.023505897560475473,CHOPPY
2026-03-08 15:00:00,2026-03-08 16:00:00,2026-03-09 16:00:00,DOWN,Strong,67174.6,68920.5,time_exit,24.0,-0.025990478543973294,-0.026790478543973293,CHOPPY
2026-03-08 16:00:00,2026-03-08 17:00:00,2026-03-09 17:00:00,DOWN,Strong,66830.0,68570.0,time_exit,24.0,-0.026036211282358224,-0.026836211282358222,CHOPPY
2026-03-08 17:00:00,2026-03-08 18:00:00,2026-03-09 18:00:00,DOWN,Moderate,67017.1,68327.4,time_exit,24.0,-0.01955172635043878,-0.02035172635043878,CHOPPY
2026-03-08 18:00:00,2026-03-08 19:00:00,2026-03-09 19:00:00,DOWN,Strong,66777.6,68951.8,time_exit,24.0,-0.03255882211999239,-0.033358822119992394,CHOPPY
2026-03-08 19:00:00,2026-03-08 20:00:00,2026-03-09 20:00:00,DOWN,Strong,67299.0,68916.3,time_exit,24.0,-0.024031560647260752,-0.02483156064726075,CHOPPY
2026-03-08 20:00:00,2026-03-08 21:00:00,2026-03-09 21:00:00,DOWN,Moderate,67195.6,68882.7,time_exit,24.0,-0.025107298692176094,-0.025907298692176093,CHOPPY
2026-03-08 21:00:00,2026-03-08 22:00:00,2026-03-09 22:00:00,DOWN,Moderate,66977.1,68602.2,time_exit,24.0,-0.024263516933399565,-0.025063516933399563,CHOPPY
2026-03-09 02:00:00,2026-03-09 03:00:00,2026-03-10 03:00:00,DOWN,Moderate,66500.1,69391.0,time_exit,24.0,-0.043472115079526086,-0.04427211507952609,CHOPPY
2026-03-15 23:00:00,2026-03-16 00:00:00,2026-03-17 00:00:00,UP,Moderate,72778.8,75283.9,time_exit,24.0,0.03442073790719258,0.033620737907192576,CHOPPY
2026-03-17 04:00:00,2026-03-17 05:00:00,2026-03-18 05:00:00,UP,Moderate,74203.3,73911.2,time_exit,24.0,-0.003936482609264047,-0.004736482609264047,CHOPPY
2026-03-17 05:00:00,2026-03-17 06:00:00,2026-03-18 06:00:00,UP,Moderate,73996.0,73910.0,time_exit,24.0,-0.001162224985134297,-0.001962224985134297,CHOPPY
2026-03-17 06:00:00,2026-03-17 07:00:00,2026-03-18 07:00:00,DOWN,Moderate,74045.0,73840.0,time_exit,24.0,0.002768586670268025,0.001968586670268025,CHOPPY
2026-03-17 07:00:00,2026-03-17 08:00:00,2026-03-18 08:00:00,DOWN,Strong,74212.8,74005.8,time_exit,24.0,0.0027892762434512663,0.0019892762434512664,CHOPPY
2026-03-17 08:00:00,2026-03-17 09:00:00,2026-03-18 09:00:00,DOWN,Moderate,74150.1,74136.0,time_exit,24.0,0.00019015483458562077,-0.0006098451654143793,CHOPPY
2026-03-17 09:00:00,2026-03-17 10:00:00,2026-03-18 10:00:00,DOWN,Strong,73890.0,73895.0,time_exit,24.0,-6.766815536618509e-05,-0.0008676681553661851,CHOPPY
2026-03-17 11:00:00,2026-03-17 12:00:00,2026-03-18 12:00:00,DOWN,Strong,73997.1,72325.1,time_exit,24.0,0.02259548009313883,0.021795480093138832,CHOPPY
2026-03-17 12:00:00,2026-03-17 13:00:00,2026-03-18 13:00:00,DOWN,Moderate,73711.0,72104.4,time_exit,24.0,0.021795932764445025,0.020995932764445027,CHOPPY
2026-03-17 13:00:00,2026-03-17 14:00:00,2026-03-18 14:00:00,DOWN,Strong,73580.7,71160.3,time_exit,24.0,0.032894495431546544,0.03209449543154654,CHOPPY
2026-03-17 14:00:00,2026-03-17 15:00:00,2026-03-18 15:00:00,DOWN,Strong,74340.2,71436.4,time_exit,24.0,0.039060965668642256,0.038260965668642254,CHOPPY
2026-03-17 15:00:00,2026-03-17 16:00:00,2026-03-18 16:00:00,DOWN,Strong,73878.5,71289.5,time_exit,24.0,0.0350440249869719,0.0342440249869719,CHOPPY
2026-03-17 16:00:00,2026-03-17 17:00:00,2026-03-18 17:00:00,DOWN,Strong,74120.0,71556.6,time_exit,24.0,0.03458445763626539,0.033784457636265385,CHOPPY
2026-03-17 17:00:00,2026-03-17 18:00:00,2026-03-18 18:00:00,DOWN,Strong,74480.1,71066.5,time_exit,24.0,0.04583237670196472,0.045032376701964714,CHOPPY
2026-03-17 18:00:00,2026-03-17 19:00:00,2026-03-18 19:00:00,DOWN,Strong,74637.1,71030.3,time_exit,24.0,0.04832449277906037,0.047524492779060366,CHOPPY
2026-03-17 19:00:00,2026-03-17 20:00:00,2026-03-18 20:00:00,DOWN,Strong,74460.8,71172.3,time_exit,24.0,0.04416417766126601,0.04336417766126601,CHOPPY
2026-03-17 20:00:00,2026-03-17 21:00:00,2026-03-18 21:00:00,DOWN,Strong,74470.0,71219.7,time_exit,24.0,0.043645763394655646,0.042845763394655643,CHOPPY
2026-03-17 21:00:00,2026-03-17 22:00:00,2026-03-18 22:00:00,DOWN,Strong,74650.2,71118.0,time_exit,24.0,0.04731668501892827,0.04651668501892827,CHOPPY
2026-03-17 22:00:00,2026-03-17 23:00:00,2026-03-18 23:00:00,DOWN,Strong,74265.8,71202.9,time_exit,24.0,0.041242402290152524,0.04044240229015252,CHOPPY
2026-03-18 00:00:00,2026-03-18 01:00:00,2026-03-19 01:00:00,DOWN,Moderate,73821.3,71078.5,time_exit,24.0,0.03715458817441586,0.03635458817441586,CHOPPY
2026-03-18 01:00:00,2026-03-18 02:00:00,2026-03-19 02:00:00,DOWN,Strong,74035.2,71020.6,time_exit,24.0,0.040718469052558715,0.03991846905255871,CHOPPY
2026-03-18 02:00:00,2026-03-18 03:00:00,2026-03-19 03:00:00,DOWN,Strong,74299.9,71180.0,time_exit,24.0,0.041990635249845476,0.041190635249845474,CHOPPY
2026-03-18 03:00:00,2026-03-18 04:00:00,2026-03-19 04:00:00,DOWN,Strong,74414.7,70790.7,time_exit,24.0,0.04870005523102294,0.04790005523102294,CHOPPY
2026-03-18 06:00:00,2026-03-18 07:00:00,2026-03-19 07:00:00,DOWN,Moderate,73910.1,70145.1,time_exit,24.0,0.05094026391521589,0.05014026391521589,CHOPPY
2026-03-18 07:00:00,2026-03-18 08:00:00,2026-03-19 08:00:00,DOWN,Moderate,73840.1,69957.4,time_exit,24.0,0.05258253983946404,0.051782539839464035,CHOPPY
2026-03-18 08:00:00,2026-03-18 09:00:00,2026-03-19 09:00:00,DOWN,Strong,74005.9,70463.0,time_exit,24.0,0.04787321010892365,0.047073210108923645,CHOPPY
2026-03-18 09:00:00,2026-03-18 10:00:00,2026-03-19 10:00:00,DOWN,Strong,74136.0,70102.0,time_exit,24.0,0.05441351030538466,0.05361351030538466,CHOPPY
2026-03-18 10:00:00,2026-03-18 11:00:00,2026-03-19 11:00:00,DOWN,Strong,73895.0,69926.8,time_exit,24.0,0.05370052100954048,0.05290052100954048,CHOPPY
2026-03-18 11:00:00,2026-03-18 12:00:00,2026-03-19 12:00:00,DOWN,Strong,72906.4,69264.6,time_exit,24.0,0.04995171891630901,0.049151718916309005,CHOPPY
2026-03-18 12:00:00,2026-03-18 13:00:00,2026-03-19 13:00:00,DOWN,Strong,72325.1,69866.3,time_exit,24.0,0.033996496375393925,0.03319649637539392,CHOPPY
2026-03-18 13:00:00,2026-03-18 14:00:00,2026-03-19 14:00:00,DOWN,Strong,72104.5,69450.1,time_exit,24.0,0.0368132363444722,0.0360132363444722,CHOPPY
2026-03-18 15:00:00,2026-03-18 16:00:00,2026-03-19 16:00:00,UP,Moderate,71436.3,69426.3,time_exit,24.0,-0.028136955581406053,-0.028936955581406052,CHOPPY
2026-03-18 16:00:00,2026-03-18 17:00:00,2026-03-19 17:00:00,UP,Moderate,71289.5,69820.0,time_exit,24.0,-0.02061313377145302,-0.021413133771453017,CHOPPY
2026-03-18 18:00:00,2026-03-18 19:00:00,2026-03-19 19:00:00,UP,Moderate,71066.5,70233.1,time_exit,24.0,-0.01172704438800265,-0.01252704438800265,CHOPPY
2026-03-18 19:00:00,2026-03-18 20:00:00,2026-03-19 20:00:00,UP,Moderate,71030.3,70444.3,time_exit,24.0,-0.008250000351962439,-0.009050000351962439,CHOPPY
2026-03-18 20:00:00,2026-03-18 21:00:00,2026-03-19 21:00:00,UP,Moderate,71172.3,70376.1,time_exit,24.0,-0.011186936490741428,-0.011986936490741429,CHOPPY
2026-03-18 23:00:00,2026-03-19 00:00:00,2026-03-20 00:00:00,DOWN,Moderate,71202.9,70159.9,time_exit,24.0,0.014648279775121509,0.013848279775121508,CHOPPY
2026-03-19 00:00:00,2026-03-19 01:00:00,2026-03-20 01:00:00,DOWN,Moderate,70970.0,70370.9,time_exit,24.0,0.008441595040157845,0.007641595040157845,CHOPPY
2026-03-19 02:00:00,2026-03-19 03:00:00,2026-03-20 03:00:00,DOWN,Moderate,71020.7,70696.1,time_exit,24.0,0.004570498460307881,0.0037704984603078814,CHOPPY
2026-03-19 03:00:00,2026-03-19 04:00:00,2026-03-20 04:00:00,DOWN,Strong,71180.0,70743.4,time_exit,24.0,0.006133745434110827,0.005333745434110826,CHOPPY
2026-03-19 08:00:00,2026-03-19 09:00:00,2026-03-20 09:00:00,UP,Moderate,69957.4,70544.9,time_exit,24.0,0.008397967906182968,0.007597967906182968,BEAR
2026-03-19 16:00:00,2026-03-19 17:00:00,2026-03-20 17:00:00,UP,Moderate,69426.3,69970.8,time_exit,24.0,0.007842849179633626,0.007042849179633626,CHOPPY
2026-03-19 17:00:00,2026-03-19 18:00:00,2026-03-20 18:00:00,UP,Moderate,69820.0,69733.3,time_exit,24.0,-0.0012417645373817843,-0.002041764537381784,CHOPPY
2026-03-19 19:00:00,2026-03-19 20:00:00,2026-03-20 20:00:00,UP,Moderate,70233.0,70019.7,time_exit,24.0,-0.003037033872965722,-0.003837033872965722,CHOPPY
2026-03-19 22:00:00,2026-03-19 23:00:00,2026-03-20 23:00:00,UP,Moderate,70156.9,70472.7,time_exit,24.0,0.004501339141267602,0.003701339141267602,CHOPPY
2026-03-19 23:00:00,2026-03-20 00:00:00,2026-03-21 00:00:00,UP,Moderate,69887.4,70643.9,time_exit,24.0,0.010824554926925245,0.010024554926925245,CHOPPY
2026-03-20 00:00:00,2026-03-20 01:00:00,2026-03-21 01:00:00,UP,Moderate,70159.9,70430.3,time_exit,24.0,0.0038540533837705393,0.0030540533837705394,CHOPPY
2026-03-20 01:00:00,2026-03-20 02:00:00,2026-03-21 02:00:00,UP,Moderate,70370.8,70703.7,time_exit,24.0,0.004730655328630595,0.003930655328630595,CHOPPY
2026-03-20 08:00:00,2026-03-20 09:00:00,2026-03-21 09:00:00,UP,Moderate,71000.4,70633.5,time_exit,24.0,-0.005167576520695549,-0.00596757652069555,CHOPPY
2026-03-20 09:00:00,2026-03-20 10:00:00,2026-03-21 10:00:00,UP,Moderate,70545.0,70576.0,time_exit,24.0,0.00043943582110705925,-0.0003605641788929408,CHOPPY
2026-03-20 10:00:00,2026-03-20 11:00:00,2026-03-21 11:00:00,UP,Moderate,70580.9,70618.3,time_exit,24.0,0.0005298883975695112,-0.0002701116024304888,CHOPPY
2026-03-20 11:00:00,2026-03-20 12:00:00,2026-03-21 12:00:00,UP,Moderate,70440.0,70680.0,time_exit,24.0,0.0034071550255536653,0.0026071550255536654,CHOPPY
2026-03-20 12:00:00,2026-03-20 13:00:00,2026-03-21 13:00:00,UP,Moderate,70304.7,70700.3,time_exit,24.0,0.005626935325803384,0.0048269353258033835,CHOPPY
2026-03-20 13:00:00,2026-03-20 14:00:00,2026-03-21 14:00:00,UP,Moderate,69831.0,70595.0,time_exit,24.0,0.010940699689249822,0.010140699689249822,CHOPPY
2026-03-20 15:00:00,2026-03-20 16:00:00,2026-03-21 16:00:00,UP,Moderate,69829.5,70274.9,time_exit,24.0,0.0063783930860166205,0.00557839308601662,CHOPPY
2026-03-20 16:00:00,2026-03-20 17:00:00,2026-03-21 17:00:00,UP,Moderate,69792.1,70280.1,time_exit,24.0,0.0069921953917420065,0.006192195391742006,CHOPPY
2026-03-20 17:00:00,2026-03-20 18:00:00,2026-03-21 18:00:00,UP,Strong,69970.9,70360.6,time_exit,24.0,0.005569458160463947,0.004769458160463947,CHOPPY
2026-03-20 18:00:00,2026-03-20 19:00:00,2026-03-21 19:00:00,UP,Moderate,69733.6,70365.9,time_exit,24.0,0.009067364943154965,0.008267364943154965,CHOPPY
2026-03-20 21:00:00,2026-03-20 22:00:00,2026-03-21 22:00:00,DOWN,Moderate,70498.3,70253.2,time_exit,24.0,0.003476679579507702,0.002676679579507702,CHOPPY
2026-03-21 02:00:00,2026-03-21 03:00:00,2026-03-22 03:00:00,UP,Moderate,70703.7,69307.0,time_exit,24.0,-0.019754270285713416,-0.020554270285713414,CHOPPY
2026-03-22 08:00:00,2026-03-22 09:00:00,2026-03-23 09:00:00,UP,Strong,68756.6,68305.0,time_exit,24.0,-0.006568096735440787,-0.0073680967354407875,CHOPPY
2026-03-22 11:00:00,2026-03-22 12:00:00,2026-03-23 12:00:00,UP,Strong,68177.0,70710.0,time_exit,24.0,0.03715329216597962,0.03635329216597962,CHOPPY
2026-03-22 12:00:00,2026-03-22 13:00:00,2026-03-23 13:00:00,UP,Moderate,68614.4,71450.0,time_exit,24.0,0.04132660199608251,0.04052660199608251,CHOPPY
2026-03-22 22:00:00,2026-03-22 23:00:00,2026-03-23 23:00:00,UP,Moderate,68301.5,70865.9,time_exit,24.0,0.037545295491314246,0.036745295491314243,CHOPPY
2026-03-22 23:00:00,2026-03-23 00:00:00,2026-03-24 00:00:00,UP,Moderate,67830.7,70650.0,time_exit,24.0,0.04156377569448644,0.040763775694486436,CHOPPY
2026-03-23 00:00:00,2026-03-23 01:00:00,2026-03-24 01:00:00,UP,Strong,67642.5,70479.9,time_exit,24.0,0.04194700077613911,0.04114700077613911,CHOPPY
2026-03-23 04:00:00,2026-03-23 05:00:00,2026-03-24 05:00:00,UP,Moderate,68504.4,70249.6,time_exit,24.0,0.025475735865141624,0.024675735865141626,CHOPPY
2026-03-23 06:00:00,2026-03-23 07:00:00,2026-03-24 07:00:00,UP,Strong,67845.2,71255.2,time_exit,24.0,0.0502614775990049,0.0494614775990049,BEAR
2026-03-23 07:00:00,2026-03-23 08:00:00,2026-03-24 08:00:00,UP,Strong,68305.9,70933.8,time_exit,24.0,0.038472518479370166,0.037672518479370164,BEAR
2026-03-23 08:00:00,2026-03-23 09:00:00,2026-03-24 09:00:00,UP,Moderate,68400.2,71288.5,time_exit,24.0,0.04222648471788104,0.04142648471788104,BEAR
2026-03-23 09:00:00,2026-03-23 10:00:00,2026-03-24 10:00:00,UP,Moderate,68304.9,71237.4,time_exit,24.0,0.042932498254151685,0.04213249825415168,CHOPPY
2026-03-23 10:00:00,2026-03-23 11:00:00,2026-03-24 11:00:00,UP,Strong,68512.2,71116.4,time_exit,24.0,0.0380107484506409,0.037210748450640894,BULL
2026-03-23 11:00:00,2026-03-23 12:00:00,2026-03-24 12:00:00,DOWN,Moderate,70097.2,70924.4,time_exit,24.0,-0.01180075666360425,-0.01260075666360425,BULL
2026-03-23 12:00:00,2026-03-23 13:00:00,2026-03-24 13:00:00,UP,Moderate,70710.0,70067.0,time_exit,24.0,-0.009093480412954325,-0.009893480412954325,BULL
2026-03-23 13:00:00,2026-03-23 14:00:00,2026-03-24 14:00:00,UP,Strong,71449.9,69847.6,time_exit,24.0,-0.022425503744581743,-0.02322550374458174,BULL
2026-03-23 14:00:00,2026-03-23 15:00:00,2026-03-24 15:00:00,UP,Strong,71409.8,69837.7,time_exit,24.0,-0.022015185590773312,-0.02281518559077331,BULL
2026-03-23 15:00:00,2026-03-23 16:00:00,2026-03-24 16:00:00,UP,Moderate,70112.2,69448.3,time_exit,24.0,-0.009469108086752276,-0.010269108086752276,BULL
2026-03-23 16:00:00,2026-03-23 17:00:00,2026-03-24 17:00:00,UP,Moderate,70539.6,69205.0,time_exit,24.0,-0.01891986912315924,-0.019719869123159237,BULL
2026-03-23 17:00:00,2026-03-23 18:00:00,2026-03-24 18:00:00,UP,Moderate,71052.6,69399.5,time_exit,24.0,-0.023265862192235143,-0.02406586219223514,BULL
2026-03-23 18:00:00,2026-03-23 19:00:00,2026-03-24 19:00:00,DOWN,Moderate,71040.5,69342.6,time_exit,24.0,0.02390045115110384,0.023100451151103842,BULL
2026-03-23 23:00:00,2026-03-24 00:00:00,2026-03-25 00:00:00,DOWN,Strong,70866.0,70804.3,time_exit,24.0,0.000870657296870081,7.065729687008094e-05,BULL
2026-03-24 00:00:00,2026-03-24 01:00:00,2026-03-25 01:00:00,DOWN,Moderate,70650.1,70643.1,time_exit,24.0,9.907983145107657e-05,-0.0007009201685489235,BULL
2026-03-24 02:00:00,2026-03-24 03:00:00,2026-03-25 03:00:00,DOWN,Strong,70416.0,70689.3,time_exit,24.0,-0.0038812201772324695,-0.00468122017723247,BULL
2026-03-24 03:00:00,2026-03-24 04:00:00,2026-03-25 04:00:00,DOWN,Strong,70512.1,70938.1,time_exit,24.0,-0.006041516278766368,-0.006841516278766368,BULL
2026-03-24 04:00:00,2026-03-24 05:00:00,2026-03-25 05:00:00,DOWN,Moderate,70340.0,71080.1,time_exit,24.0,-0.010521751492749587,-0.011321751492749587,BULL
2026-03-24 08:00:00,2026-03-24 09:00:00,2026-03-25 09:00:00,DOWN,Strong,70933.8,71301.5,time_exit,24.0,-0.005183706498171459,-0.005983706498171459,BULL
2026-03-24 09:00:00,2026-03-24 10:00:00,2026-03-25 10:00:00,DOWN,Moderate,71288.5,71462.7,time_exit,24.0,-0.0024435918836838155,-0.0032435918836838155,BULL
2026-03-24 11:00:00,2026-03-24 12:00:00,2026-03-25 12:00:00,DOWN,Moderate,71116.4,71685.4,time_exit,24.0,-0.008000967428047456,-0.008800967428047457,CHOPPY
2026-03-24 13:00:00,2026-03-24 14:00:00,2026-03-25 14:00:00,UP,Moderate,70067.0,71203.6,time_exit,24.0,0.016221616452823717,0.015421616452823717,BEAR
2026-03-24 15:00:00,2026-03-24 16:00:00,2026-03-25 16:00:00,UP,Moderate,69837.6,71290.0,time_exit,24.0,0.02079682005108996,0.01999682005108996,CHOPPY
2026-03-24 16:00:00,2026-03-24 17:00:00,2026-03-25 17:00:00,UP,Strong,69448.4,70752.6,time_exit,24.0,0.018779410324788026,0.017979410324788028,CHOPPY
2026-03-24 17:00:00,2026-03-24 18:00:00,2026-03-25 18:00:00,UP,Strong,69205.0,70786.8,time_exit,24.0,0.022856730005057502,0.022056730005057503,CHOPPY
2026-03-24 18:00:00,2026-03-24 19:00:00,2026-03-25 19:00:00,UP,Strong,69399.5,70853.2,time_exit,24.0,0.020946836792772316,0.020146836792772318,CHOPPY
2026-03-24 19:00:00,2026-03-24 20:00:00,2026-03-25 20:00:00,UP,Strong,69342.6,70970.0,time_exit,24.0,0.02346897866535147,0.02266897866535147,CHOPPY
2026-03-24 20:00:00,2026-03-24 21:00:00,2026-03-25 21:00:00,UP,Strong,70066.6,71000.0,time_exit,24.0,0.01332161115281738,0.01252161115281738,CHOPPY
2026-03-24 21:00:00,2026-03-24 22:00:00,2026-03-25 22:00:00,DOWN,Moderate,70296.2,71330.1,time_exit,24.0,-0.014707765142354834,-0.015507765142354834,CHOPPY
2026-03-24 23:00:00,2026-03-25 00:00:00,2026-03-26 00:00:00,UP,Strong,70524.0,71265.8,time_exit,24.0,0.010518405081958004,0.009718405081958004,CHOPPY
2026-03-28 01:00:00,2026-03-28 02:00:00,2026-03-29 02:00:00,UP,Moderate,66137.2,66773.7,time_exit,24.0,0.00962393327809452,0.00882393327809452,CHOPPY
2026-03-28 02:00:00,2026-03-28 03:00:00,2026-03-29 03:00:00,UP,Moderate,66020.0,66875.7,time_exit,24.0,0.012961223871553962,0.012161223871553961,CHOPPY
2026-03-28 03:00:00,2026-03-28 04:00:00,2026-03-29 04:00:00,UP,Moderate,66191.8,66701.9,time_exit,24.0,0.007706392634737158,0.006906392634737158,CHOPPY
2026-03-28 04:00:00,2026-03-28 05:00:00,2026-03-29 05:00:00,UP,Moderate,66243.6,66741.3,time_exit,24.0,0.0075131786315960625,0.006713178631596062,CHOPPY
2026-03-29 04:00:00,2026-03-29 05:00:00,2026-03-30 05:00:00,UP,Moderate,66701.9,67459.0,time_exit,24.0,0.011350501260084078,0.010550501260084078,CHOPPY
2026-03-29 05:00:00,2026-03-29 06:00:00,2026-03-30 06:00:00,UP,Strong,66741.3,67273.4,time_exit,24.0,0.00797257470262025,0.0071725747026202494,CHOPPY
2026-03-29 06:00:00,2026-03-29 07:00:00,2026-03-30 07:00:00,UP,Moderate,66704.4,67595.9,time_exit,24.0,0.013364935446537274,0.012564935446537273,CHOPPY
2026-03-29 07:00:00,2026-03-29 08:00:00,2026-03-30 08:00:00,UP,Moderate,66632.4,67634.0,time_exit,24.0,0.01503172630732208,0.01423172630732208,CHOPPY
2026-03-29 11:00:00,2026-03-29 12:00:00,2026-03-30 12:00:00,UP,Moderate,66780.8,67859.3,time_exit,24.0,0.016149851454310138,0.015349851454310138,CHOPPY
2026-03-29 12:00:00,2026-03-29 13:00:00,2026-03-30 13:00:00,UP,Moderate,66818.7,67490.9,time_exit,24.0,0.010060058037645092,0.009260058037645092,CHOPPY
2026-03-29 22:00:00,2026-03-29 23:00:00,2026-03-30 23:00:00,UP,Strong,65820.2,66764.4,time_exit,24.0,0.01434514024569955,0.01354514024569955,CHOPPY
2026-03-29 23:00:00,2026-03-30 00:00:00,2026-03-31 00:00:00,UP,Strong,65978.0,67172.5,time_exit,24.0,0.018104519688380893,0.017304519688380895,CHOPPY
2026-03-30 00:00:00,2026-03-30 01:00:00,2026-03-31 01:00:00,UP,Strong,66251.2,67896.2,time_exit,24.0,0.024829738933030754,0.024029738933030755,CHOPPY
2026-03-30 01:00:00,2026-03-30 02:00:00,2026-03-31 02:00:00,UP,Strong,66624.2,67911.8,time_exit,24.0,0.019326310860017903,0.018526310860017905,CHOPPY
2026-03-30 02:00:00,2026-03-30 03:00:00,2026-03-31 03:00:00,UP,Strong,67087.1,67670.8,time_exit,24.0,0.008700629480183242,0.007900629480183241,CHOPPY
2026-03-30 03:00:00,2026-03-30 04:00:00,2026-03-31 04:00:00,UP,Strong,67140.0,67510.1,time_exit,24.0,0.005512362228180079,0.0047123622281800785,CHOPPY
2026-03-30 04:00:00,2026-03-30 05:00:00,2026-03-31 05:00:00,UP,Strong,67579.2,67648.9,time_exit,24.0,0.0010313824371994684,0.0002313824371994684,CHOPPY
2026-03-30 05:00:00,2026-03-30 06:00:00,2026-03-31 06:00:00,UP,Moderate,67459.0,67465.4,time_exit,24.0,9.487244103811854e-05,-0.0007051275589618815,CHOPPY
2026-03-30 06:00:00,2026-03-30 07:00:00,2026-03-31 07:00:00,UP,Moderate,67273.5,67343.8,time_exit,24.0,0.001044987996759561,0.00024498799675956096,CHOPPY
2026-03-30 07:00:00,2026-03-30 08:00:00,2026-03-31 08:00:00,UP,Moderate,67595.9,66745.1,time_exit,24.0,-0.012586562202737017,-0.013386562202737018,CHOPPY
2026-03-30 08:00:00,2026-03-30 09:00:00,2026-03-31 09:00:00,UP,Strong,67633.9,66099.3,time_exit,24.0,-0.02268980496466999,-0.02348980496466999,CHOPPY
2026-03-30 09:00:00,2026-03-30 10:00:00,2026-03-31 10:00:00,UP,Strong,67466.2,66329.4,time_exit,24.0,-0.016849918922364093,-0.017649918922364092,CHOPPY
2026-03-30 10:00:00,2026-03-30 11:00:00,2026-03-31 11:00:00,UP,Moderate,67463.1,66652.4,time_exit,24.0,-0.01201693963070194,-0.01281693963070194,CHOPPY
2026-03-30 11:00:00,2026-03-30 12:00:00,2026-03-31 12:00:00,UP,Strong,67651.5,66623.8,time_exit,24.0,-0.015191089628463494,-0.015991089628463493,CHOPPY
2026-03-30 12:00:00,2026-03-30 13:00:00,2026-03-31 13:00:00,UP,Strong,67859.4,67255.6,time_exit,24.0,-0.008897809293922254,-0.009697809293922255,CHOPPY
2026-03-30 13:00:00,2026-03-30 14:00:00,2026-03-31 14:00:00,UP,Moderate,67490.8,66555.9,time_exit,24.0,-0.013852258381883309,-0.01465225838188331,CHOPPY
2026-03-30 14:00:00,2026-03-30 15:00:00,2026-03-31 15:00:00,UP,Strong,67762.8,66700.0,time_exit,24.0,-0.01568412167147759,-0.01648412167147759,CHOPPY
2026-03-30 15:00:00,2026-03-30 16:00:00,2026-03-31 16:00:00,UP,Strong,67590.2,67632.6,time_exit,24.0,0.0006273098762838991,-0.00017269012371610092,CHOPPY
2026-03-30 16:00:00,2026-03-30 17:00:00,2026-03-31 17:00:00,UP,Strong,67332.9,67493.9,time_exit,24.0,0.0023911044972071416,0.0015911044972071416,CHOPPY
2026-03-30 17:00:00,2026-03-30 18:00:00,2026-03-31 18:00:00,UP,Strong,66805.1,67814.6,time_exit,24.0,0.015111121755674306,0.014311121755674306,CHOPPY
2026-03-30 18:00:00,2026-03-30 19:00:00,2026-03-31 19:00:00,UP,Strong,66620.6,67803.0,time_exit,24.0,0.017748264050458706,0.016948264050458708,CHOPPY
2026-03-30 19:00:00,2026-03-30 20:00:00,2026-03-31 20:00:00,UP,Moderate,66515.9,68227.2,time_exit,24.0,0.025727683155456038,0.02492768315545604,CHOPPY
2026-03-30 20:00:00,2026-03-30 21:00:00,2026-03-31 21:00:00,UP,Strong,66614.9,68234.6,time_exit,24.0,0.024314380116160272,0.023514380116160274,CHOPPY
2026-03-30 21:00:00,2026-03-30 22:00:00,2026-03-31 22:00:00,UP,Strong,66770.6,68141.6,time_exit,24.0,0.020532989070039864,0.019732989070039866,CHOPPY
2026-03-30 23:00:00,2026-03-31 00:00:00,2026-04-01 00:00:00,UP,Moderate,66764.4,68288.0,time_exit,24.0,0.02282054508091158,0.022020545080911582,CHOPPY
2026-03-31 02:00:00,2026-03-31 03:00:00,2026-04-01 03:00:00,DOWN,Moderate,67911.8,68134.0,time_exit,24.0,-0.0032718908937767743,-0.004071890893776775,CHOPPY
2026-03-31 03:00:00,2026-03-31 04:00:00,2026-04-01 04:00:00,DOWN,Moderate,67670.8,68272.3,time_exit,24.0,-0.008888619611412851,-0.009688619611412852,CHOPPY
2026-03-31 04:00:00,2026-03-31 05:00:00,2026-04-01 05:00:00,DOWN,Moderate,67510.1,68418.2,time_exit,24.0,-0.013451320617211326,-0.014251320617211327,CHOPPY
2026-03-31 05:00:00,2026-03-31 06:00:00,2026-04-01 06:00:00,DOWN,Moderate,67649.0,69069.1,time_exit,24.0,-0.020992180224393753,-0.02179218022439375,CHOPPY
2026-03-31 06:00:00,2026-03-31 07:00:00,2026-04-01 07:00:00,DOWN,Strong,67465.4,68651.9,time_exit,24.0,-0.01758679263741114,-0.01838679263741114,CHOPPY
2026-03-31 07:00:00,2026-03-31 08:00:00,2026-04-01 08:00:00,UP,Moderate,67343.9,68630.8,time_exit,24.0,0.01910937738978591,0.01830937738978591,CHOPPY
2026-03-31 08:00:00,2026-03-31 09:00:00,2026-04-01 09:00:00,UP,Moderate,66745.1,68608.4,time_exit,24.0,0.027916656054152167,0.027116656054152168,CHOPPY
2026-03-31 09:00:00,2026-03-31 10:00:00,2026-04-01 10:00:00,UP,Strong,66099.3,68545.1,time_exit,24.0,0.03700190471003473,0.036201904710034725,CHOPPY
2026-03-31 10:00:00,2026-03-31 11:00:00,2026-04-01 11:00:00,UP,Strong,66329.4,68669.9,time_exit,24.0,0.03528601193437608,0.03448601193437608,BEAR
2026-03-31 11:00:00,2026-03-31 12:00:00,2026-04-01 12:00:00,UP,Strong,66652.4,68363.8,time_exit,24.0,0.025676494769880875,0.024876494769880877,CHOPPY
2026-03-31 12:00:00,2026-03-31 13:00:00,2026-04-01 13:00:00,UP,Strong,66623.8,68091.4,time_exit,24.0,0.022028164109522352,0.021228164109522354,CHOPPY
2026-03-31 13:00:00,2026-03-31 14:00:00,2026-04-01 14:00:00,DOWN,Moderate,67255.6,68559.1,time_exit,24.0,-0.01938128572193243,-0.020181285721932427,BEAR
2026-03-31 14:00:00,2026-03-31 15:00:00,2026-04-01 15:00:00,UP,Strong,66556.0,68877.0,time_exit,24.0,0.03487288899573282,0.03407288899573282,BEAR
2026-03-31 15:00:00,2026-03-31 16:00:00,2026-04-01 16:00:00,UP,Strong,66700.0,68781.1,time_exit,24.0,0.03120089955022487,0.03040089955022487,CHOPPY
2026-03-31 16:00:00,2026-03-31 17:00:00,2026-04-01 17:00:00,UP,Strong,67632.6,68239.7,time_exit,24.0,0.008976440355686233,0.008176440355686232,BULL
2026-03-31 17:00:00,2026-03-31 18:00:00,2026-04-01 18:00:00,UP,Strong,67493.8,68054.2,time_exit,24.0,0.008302984866757956,0.007502984866757956,BULL
2026-03-31 18:00:00,2026-03-31 19:00:00,2026-04-01 19:00:00,UP,Strong,67814.5,68143.8,time_exit,24.0,0.004855893651062759,0.004055893651062759,BULL
2026-03-31 19:00:00,2026-03-31 20:00:00,2026-04-01 20:00:00,UP,Strong,67803.0,68159.8,time_exit,24.0,0.005262304027845444,0.004462304027845443,BULL
2026-03-31 20:00:00,2026-03-31 21:00:00,2026-04-01 21:00:00,UP,Strong,68227.3,68324.7,time_exit,24.0,0.0014275810416064516,0.0006275810416064516,BULL
2026-03-31 21:00:00,2026-03-31 22:00:00,2026-04-01 22:00:00,DOWN,Strong,68234.7,68088.4,time_exit,24.0,0.002144070392337105,0.0013440703923371052,BULL
2026-03-31 22:00:00,2026-03-31 23:00:00,2026-04-01 23:00:00,DOWN,Moderate,68141.7,68086.5,time_exit,24.0,0.0008100766491002664,1.0076649100266405e-05,BULL
2026-03-31 23:00:00,2026-04-01 00:00:00,2026-04-02 00:00:00,DOWN,Moderate,68241.4,68565.1,time_exit,24.0,-0.004743454852919271,-0.005543454852919271,BULL
2026-04-01 00:00:00,2026-04-01 01:00:00,2026-04-02 01:00:00,UP,Moderate,68288.0,67316.4,time_exit,24.0,-0.014227975632614909,-0.015027975632614909,CHOPPY
2026-04-01 01:00:00,2026-04-01 02:00:00,2026-04-02 02:00:00,UP,Moderate,67746.4,66821.6,time_exit,24.0,-0.013650909863844984,-0.014450909863844985,CHOPPY
2026-04-01 02:00:00,2026-04-01 03:00:00,2026-04-02 03:00:00,UP,Moderate,67623.9,66538.4,time_exit,24.0,-0.016052017112293093,-0.016852017112293092,BULL
2026-04-01 04:00:00,2026-04-01 05:00:00,2026-04-02 05:00:00,UP,Strong,68272.3,66558.2,time_exit,24.0,-0.025106814916152076,-0.025906814916152075,BULL
2026-04-01 05:00:00,2026-04-01 06:00:00,2026-04-02 06:00:00,UP,Moderate,68418.3,66652.9,time_exit,24.0,-0.025803038076070428,-0.026603038076070427,BULL
2026-04-01 06:00:00,2026-04-01 07:00:00,2026-04-02 07:00:00,DOWN,Strong,69069.1,66887.9,time_exit,24.0,0.03157996846636213,0.03077996846636213,BULL
2026-04-01 07:00:00,2026-04-01 08:00:00,2026-04-02 08:00:00,UP,Moderate,68651.9,66418.2,time_exit,24.0,-0.03253660860078156,-0.03333660860078156,BULL
2026-04-01 08:00:00,2026-04-01 09:00:00,2026-04-02 09:00:00,DOWN,Strong,68630.9,66428.6,time_exit,24.0,0.03208904443916649,0.03128904443916649,BULL
2026-04-01 09:00:00,2026-04-01 10:00:00,2026-04-02 10:00:00,DOWN,Strong,68608.4,66424.0,time_exit,24.0,0.031838666985383623,0.031038666985383625,BULL
2026-04-01 10:00:00,2026-04-01 11:00:00,2026-04-02 11:00:00,DOWN,Moderate,68545.2,66180.6,time_exit,24.0,0.03449694508149359,0.03369694508149359,BULL
2026-04-01 11:00:00,2026-04-01 12:00:00,2026-04-02 12:00:00,DOWN,Strong,68670.0,66014.2,time_exit,24.0,0.03867482161060143,0.03787482161060143,BULL
2026-04-01 12:00:00,2026-04-01 13:00:00,2026-04-02 13:00:00,DOWN,Strong,68364.1,66227.3,time_exit,24.0,0.03125617100203182,0.03045617100203182,BULL
2026-04-01 13:00:00,2026-04-01 14:00:00,2026-04-02 14:00:00,DOWN,Moderate,68091.4,66822.4,time_exit,24.0,0.018636714768678564,0.017836714768678565,BULL
2026-04-01 14:00:00,2026-04-01 15:00:00,2026-04-02 15:00:00,DOWN,Strong,68559.2,66810.6,time_exit,24.0,0.02550496505210087,0.02470496505210087,BULL
2026-04-01 15:00:00,2026-04-01 16:00:00,2026-04-02 16:00:00,DOWN,Strong,68876.9,67050.1,time_exit,24.0,0.026522680318074587,0.02572268031807459,CHOPPY
2026-04-01 16:00:00,2026-04-01 17:00:00,2026-04-02 17:00:00,DOWN,Moderate,68781.1,66641.4,time_exit,24.0,0.031108836584468835,0.030308836584468837,CHOPPY
2026-04-01 17:00:00,2026-04-01 18:00:00,2026-04-02 18:00:00,DOWN,Moderate,68239.7,66941.6,time_exit,24.0,0.019022651037445826,0.018222651037445827,CHOPPY
2026-04-01 18:00:00,2026-04-01 19:00:00,2026-04-02 19:00:00,DOWN,Moderate,68054.2,66943.2,time_exit,24.0,0.016325223130975064,0.015525223130975064,CHOPPY
2026-04-01 19:00:00,2026-04-01 20:00:00,2026-04-02 20:00:00,DOWN,Moderate,68143.7,66906.3,time_exit,24.0,0.018158685248966466,0.017358685248966468,CHOPPY
2026-04-01 20:00:00,2026-04-01 21:00:00,2026-04-02 21:00:00,DOWN,Moderate,68159.7,66910.7,time_exit,24.0,0.018324611170530414,0.017524611170530415,CHOPPY
2026-04-01 21:00:00,2026-04-01 22:00:00,2026-04-02 22:00:00,DOWN,Moderate,68324.8,66954.0,time_exit,24.0,0.020062993232325632,0.019262993232325634,CHOPPY
2026-04-01 22:00:00,2026-04-01 23:00:00,2026-04-02 23:00:00,DOWN,Strong,68088.5,66868.5,time_exit,24.0,0.017917856906819796,0.017117856906819797,CHOPPY
2026-04-01 23:00:00,2026-04-02 00:00:00,2026-04-03 00:00:00,DOWN,Strong,68086.4,66761.8,time_exit,24.0,0.019454692860835565,0.018654692860835567,CHOPPY
2026-04-02 00:00:00,2026-04-02 01:00:00,2026-04-03 01:00:00,DOWN,Strong,68565.2,66599.0,time_exit,24.0,0.02867635476889152,0.027876354768891522,BEAR
2026-04-02 01:00:00,2026-04-02 02:00:00,2026-04-03 02:00:00,DOWN,Moderate,67316.4,66504.6,time_exit,24.0,0.012059468420770991,0.011259468420770991,BEAR
2026-04-02 03:00:00,2026-04-02 04:00:00,2026-04-03 04:00:00,UP,Strong,66538.4,66578.8,time_exit,24.0,0.000607168191600671,-0.000192831808399329,BEAR
2026-04-02 04:00:00,2026-04-02 05:00:00,2026-04-03 05:00:00,UP,Moderate,66300.2,66574.9,time_exit,24.0,0.004143275585895667,0.003343275585895667,BEAR
2026-04-02 05:00:00,2026-04-02 06:00:00,2026-04-03 06:00:00,UP,Moderate,66558.2,66762.0,time_exit,24.0,0.003061981844461048,0.002261981844461048,BEAR
2026-04-02 06:00:00,2026-04-02 07:00:00,2026-04-03 07:00:00,UP,Moderate,66653.0,67008.8,time_exit,24.0,0.005338094309333519,0.004538094309333518,BEAR
2026-04-02 08:00:00,2026-04-02 09:00:00,2026-04-03 09:00:00,UP,Moderate,66418.1,66828.9,time_exit,24.0,0.006185060999938097,0.005385060999938096,BEAR
2026-04-02 09:00:00,2026-04-02 10:00:00,2026-04-03 10:00:00,UP,Moderate,66428.7,66845.3,time_exit,24.0,0.006271385711296595,0.005471385711296595,BEAR
2026-04-02 13:00:00,2026-04-02 14:00:00,2026-04-03 14:00:00,UP,Moderate,66227.3,66900.0,time_exit,24.0,0.010157442625624125,0.009357442625624124,BEAR
2026-04-02 14:00:00,2026-04-02 15:00:00,2026-04-03 15:00:00,UP,Moderate,66822.3,66806.1,time_exit,24.0,-0.00024243403773882566,-0.0010424340377388256,BEAR
2026-04-02 16:00:00,2026-04-02 17:00:00,2026-04-03 17:00:00,UP,Moderate,67050.0,66811.0,time_exit,24.0,-0.0035645041014168433,-0.004364504101416844,BEAR
2026-04-02 17:00:00,2026-04-02 18:00:00,2026-04-03 18:00:00,UP,Moderate,66641.4,66783.7,time_exit,24.0,0.0021353092822180564,0.0013353092822180565,BEAR
2026-04-04 04:00:00,2026-04-04 05:00:00,2026-04-05 05:00:00,DOWN,Moderate,66833.5,66905.1,time_exit,24.0,-0.0010713190241422588,-0.0018713190241422587,CHOPPY
2026-04-04 06:00:00,2026-04-04 07:00:00,2026-04-05 07:00:00,DOWN,Moderate,66981.5,66787.4,time_exit,24.0,0.0028978150683398596,0.0020978150683398596,CHOPPY
2026-04-04 15:00:00,2026-04-04 16:00:00,2026-04-05 16:00:00,DOWN,Moderate,67357.4,67178.8,time_exit,24.0,0.0026515275233306435,0.0018515275233306435,CHOPPY
2026-04-04 18:00:00,2026-04-04 19:00:00,2026-04-05 19:00:00,DOWN,Moderate,67265.6,67329.1,time_exit,24.0,-0.0009440189338978389,-0.0017440189338978388,CHOPPY
2026-04-04 19:00:00,2026-04-04 20:00:00,2026-04-05 20:00:00,DOWN,Moderate,67262.8,67636.7,time_exit,24.0,-0.0055587932705745136,-0.006358793270574514,CHOPPY
2026-04-04 23:00:00,2026-04-05 00:00:00,2026-04-06 00:00:00,DOWN,Moderate,67271.1,69051.9,time_exit,24.0,-0.02647199168736636,-0.027271991687366357,CHOPPY
2026-04-05 01:00:00,2026-04-05 02:00:00,2026-04-06 02:00:00,DOWN,Moderate,67060.6,69183.6,time_exit,24.0,-0.03165793327229394,-0.03245793327229394,CHOPPY
2026-04-05 03:00:00,2026-04-05 04:00:00,2026-04-06 04:00:00,DOWN,Moderate,67113.4,69107.6,time_exit,24.0,-0.029713887241594295,-0.030513887241594293,CHOPPY
2026-04-05 22:00:00,2026-04-05 23:00:00,2026-04-06 23:00:00,UP,Moderate,68313.0,68817.9,time_exit,24.0,0.007390979754951399,0.0065909797549513986,CHOPPY
2026-04-06 04:00:00,2026-04-06 05:00:00,2026-04-07 05:00:00,DOWN,Moderate,69107.6,68627.5,time_exit,24.0,0.006947137507307577,0.006147137507307577,CHOPPY
2026-04-06 05:00:00,2026-04-06 06:00:00,2026-04-07 06:00:00,DOWN,Strong,69167.0,68540.0,time_exit,24.0,0.009065016554137051,0.00826501655413705,CHOPPY
2026-04-06 06:00:00,2026-04-06 07:00:00,2026-04-07 07:00:00,DOWN,Moderate,68958.8,68592.1,time_exit,24.0,0.005317667940857418,0.0045176679408574175,CHOPPY
2026-04-06 08:00:00,2026-04-06 09:00:00,2026-04-07 09:00:00,DOWN,Moderate,69191.7,69109.8,time_exit,24.0,0.0011836679832984975,0.0003836679832984975,CHOPPY
2026-04-06 09:00:00,2026-04-06 10:00:00,2026-04-07 10:00:00,DOWN,Strong,69699.4,68196.0,time_exit,24.0,0.021569769610642164,0.020769769610642166,CHOPPY
2026-04-06 10:00:00,2026-04-06 11:00:00,2026-04-07 11:00:00,DOWN,Strong,69739.2,68310.8,time_exit,24.0,0.020482024456833337,0.019682024456833338,CHOPPY
2026-04-06 11:00:00,2026-04-06 12:00:00,2026-04-07 12:00:00,DOWN,Moderate,69583.5,68367.0,time_exit,24.0,0.017482592856065016,0.016682592856065017,CHOPPY
2026-04-06 12:00:00,2026-04-06 13:00:00,2026-04-07 13:00:00,DOWN,Moderate,69337.4,68208.1,time_exit,24.0,0.016287025472544236,0.015487025472544236,CHOPPY
2026-04-06 17:00:00,2026-04-06 18:00:00,2026-04-07 18:00:00,UP,Moderate,69540.6,68413.7,time_exit,24.0,-0.01620492201677881,-0.01700492201677881,CHOPPY
2026-04-06 18:00:00,2026-04-06 19:00:00,2026-04-07 19:00:00,DOWN,Strong,69852.8,68975.9,time_exit,24.0,0.012553541160841175,0.011753541160841175,CHOPPY
2026-04-06 19:00:00,2026-04-06 20:00:00,2026-04-07 20:00:00,DOWN,Moderate,69704.8,69285.2,time_exit,24.0,0.006019671529077009,0.005219671529077008,CHOPPY
2026-04-06 20:00:00,2026-04-06 21:00:00,2026-04-07 21:00:00,DOWN,Moderate,69779.5,69886.7,time_exit,24.0,-0.0015362678150458997,-0.0023362678150458996,CHOPPY
2026-04-06 21:00:00,2026-04-06 22:00:00,2026-04-07 22:00:00,DOWN,Moderate,69476.5,71479.9,time_exit,24.0,-0.028835649464207247,-0.029635649464207246,CHOPPY
2026-04-06 22:00:00,2026-04-06 23:00:00,2026-04-07 23:00:00,UP,Moderate,68777.0,71890.2,time_exit,24.0,0.045265132238975214,0.04446513223897521,CHOPPY
2026-04-06 23:00:00,2026-04-07 00:00:00,2026-04-08 00:00:00,UP,Moderate,68817.9,71681.9,time_exit,24.0,0.04161707927733915,0.04081707927733915,CHOPPY
2026-04-07 00:00:00,2026-04-07 01:00:00,2026-04-08 01:00:00,UP,Moderate,68738.6,71446.5,time_exit,24.0,0.03939416863305323,0.038594168633053226,CHOPPY
2026-04-07 01:00:00,2026-04-07 02:00:00,2026-04-08 02:00:00,UP,Strong,68363.9,71330.0,time_exit,24.0,0.04338693374719704,0.04258693374719704,CHOPPY
2026-04-07 02:00:00,2026-04-07 03:00:00,2026-04-08 03:00:00,UP,Moderate,68640.3,71259.6,time_exit,24.0,0.03815979825263005,0.03735979825263005,CHOPPY
2026-04-07 06:00:00,2026-04-07 07:00:00,2026-04-08 07:00:00,DOWN,Moderate,68539.9,71612.0,time_exit,24.0,-0.04482206714629,-0.04562206714629,CHOPPY
2026-04-07 07:00:00,2026-04-07 08:00:00,2026-04-08 08:00:00,DOWN,Strong,68592.0,71776.0,time_exit,24.0,-0.04641940751107998,-0.04721940751107998,CHOPPY
2026-04-07 08:00:00,2026-04-07 09:00:00,2026-04-08 09:00:00,DOWN,Strong,68907.1,71655.4,time_exit,24.0,-0.039884133855582204,-0.04068413385558221,CHOPPY
2026-04-07 09:00:00,2026-04-07 10:00:00,2026-04-08 10:00:00,DOWN,Strong,69109.9,71445.7,time_exit,24.0,-0.033798341482190075,-0.03459834148219008,CHOPPY
2026-04-07 10:00:00,2026-04-07 11:00:00,2026-04-08 11:00:00,DOWN,Moderate,68196.1,71650.2,time_exit,24.0,-0.050649523946384,-0.051449523946384,CHOPPY
2026-04-07 11:00:00,2026-04-07 12:00:00,2026-04-08 12:00:00,DOWN,Moderate,68310.7,72023.6,time_exit,24.0,-0.054353124766691074,-0.055153124766691076,CHOPPY
2026-04-07 12:00:00,2026-04-07 13:00:00,2026-04-08 13:00:00,DOWN,Moderate,68366.9,71563.2,time_exit,24.0,-0.046752156379768595,-0.0475521563797686,CHOPPY
2026-04-07 16:00:00,2026-04-07 17:00:00,2026-04-08 17:00:00,UP,Strong,68207.2,71847.5,time_exit,24.0,0.05337119834856141,0.05257119834856141,CHOPPY
2026-04-07 17:00:00,2026-04-07 18:00:00,2026-04-08 18:00:00,UP,Strong,68670.1,71064.9,time_exit,24.0,0.03487398445611678,0.03407398445611678,CHOPPY
2026-04-07 18:00:00,2026-04-07 19:00:00,2026-04-08 19:00:00,UP,Strong,68413.7,71283.0,time_exit,24.0,0.04194043006006121,0.041140430060061205,BEAR
2026-04-07 21:00:00,2026-04-07 22:00:00,2026-04-08 22:00:00,UP,Moderate,69886.7,71024.3,time_exit,24.0,0.016277775313471743,0.015477775313471743,BULL
2026-04-07 22:00:00,2026-04-07 23:00:00,2026-04-08 23:00:00,UP,Moderate,71479.9,71038.1,time_exit,24.0,-0.006180758506936779,-0.006980758506936779,BULL
2026-04-07 23:00:00,2026-04-08 00:00:00,2026-04-09 00:00:00,UP,Strong,71890.2,70779.0,time_exit,24.0,-0.015456905113631625,-0.016256905113631624,BULL
2026-04-08 01:00:00,2026-04-08 02:00:00,2026-04-09 02:00:00,UP,Moderate,71446.5,71029.7,time_exit,24.0,-0.005833735732331258,-0.006633735732331258,BULL
2026-04-08 02:00:00,2026-04-08 03:00:00,2026-04-09 03:00:00,UP,Moderate,71329.9,70961.2,time_exit,24.0,-0.005168940374232878,-0.005968940374232878,BULL
2026-04-08 03:00:00,2026-04-08 04:00:00,2026-04-09 04:00:00,UP,Strong,71259.7,70760.1,time_exit,24.0,-0.007010975347917392,-0.007810975347917392,BULL
2026-04-12 13:00:00,2026-04-12 14:00:00,2026-04-13 14:00:00,UP,Moderate,70861.4,72347.2,time_exit,24.0,0.020967691860448667,0.02016769186044867,BEAR
2026-04-13 15:00:00,2026-04-13 16:00:00,2026-04-14 16:00:00,UP,Moderate,71823.6,74597.1,time_exit,24.0,0.03861544116418569,0.03781544116418569,CHOPPY
2026-04-13 16:00:00,2026-04-13 17:00:00,2026-04-14 17:00:00,UP,Moderate,72157.4,74699.9,time_exit,24.0,0.035235471344588376,0.034435471344588374,CHOPPY
2026-04-13 17:00:00,2026-04-13 18:00:00,2026-04-14 18:00:00,UP,Moderate,72100.9,74050.0,time_exit,24.0,0.02703294965804881,0.026232949658048812,CHOPPY
2026-04-13 18:00:00,2026-04-13 19:00:00,2026-04-14 19:00:00,UP,Moderate,72380.1,74176.4,time_exit,24.0,0.02481759489141333,0.024017594891413332,CHOPPY
2026-04-13 20:00:00,2026-04-13 21:00:00,2026-04-14 21:00:00,UP,Moderate,73098.8,74230.3,time_exit,24.0,0.015479050271687056,0.014679050271687056,CHOPPY
2026-04-13 23:00:00,2026-04-14 00:00:00,2026-04-15 00:00:00,UP,Moderate,74384.9,74520.3,time_exit,24.0,0.0018202619079947802,0.0010202619079947802,BULL
2026-04-14 00:00:00,2026-04-14 01:00:00,2026-04-15 01:00:00,UP,Moderate,74127.9,74568.3,time_exit,24.0,0.005941082912102047,0.005141082912102047,BULL
2026-04-14 01:00:00,2026-04-14 02:00:00,2026-04-15 02:00:00,UP,Moderate,74345.5,74280.0,time_exit,24.0,-0.0008810217161765443,-0.0016810217161765443,BULL
2026-04-14 02:00:00,2026-04-14 03:00:00,2026-04-15 03:00:00,UP,Moderate,74294.5,74296.8,time_exit,24.0,3.0957877097170794e-05,-0.0007690421229028292,BULL
2026-04-14 03:00:00,2026-04-14 04:00:00,2026-04-15 04:00:00,UP,Moderate,74408.8,74290.8,time_exit,24.0,-0.0015858339336207727,-0.0023858339336207727,BULL
2026-04-14 16:00:00,2026-04-14 17:00:00,2026-04-15 17:00:00,DOWN,Moderate,74597.2,74099.1,time_exit,24.0,0.006677194318285284,0.005877194318285284,BULL
2026-04-14 17:00:00,2026-04-14 18:00:00,2026-04-15 18:00:00,DOWN,Moderate,74699.9,74349.1,time_exit,24.0,0.004696124091196796,0.003896124091196796,BULL
2026-04-14 18:00:00,2026-04-14 19:00:00,2026-04-15 19:00:00,DOWN,Moderate,74049.9,74957.8,time_exit,24.0,-0.012260651263539923,-0.013060651263539924,BULL
2026-04-14 19:00:00,2026-04-14 20:00:00,2026-04-15 20:00:00,DOWN,Moderate,74176.5,74796.8,time_exit,24.0,-0.008362486771416933,-0.009162486771416933,BULL
2026-04-15 03:00:00,2026-04-15 04:00:00,2026-04-16 04:00:00,DOWN,Moderate,74296.8,74899.9,time_exit,24.0,-0.008117442473969172,-0.008917442473969172,CHOPPY
2026-04-15 11:00:00,2026-04-15 12:00:00,2026-04-16 12:00:00,DOWN,Moderate,74155.0,74577.7,time_exit,24.0,-0.005700222506911157,-0.006500222506911157,CHOPPY
2026-04-15 12:00:00,2026-04-15 13:00:00,2026-04-16 13:00:00,DOWN,Moderate,74228.8,73755.9,time_exit,24.0,0.006370842584010661,0.0055708425840106605,CHOPPY
2026-04-16 00:00:00,2026-04-16 01:00:00,2026-04-17 01:00:00,DOWN,Moderate,74772.1,74707.6,time_exit,24.0,0.00086262121834213,6.262121834212998e-05,CHOPPY
2026-04-16 03:00:00,2026-04-16 04:00:00,2026-04-17 04:00:00,DOWN,Moderate,74851.9,74748.4,time_exit,24.0,0.0013827304316924582,0.0005827304316924582,CHOPPY
2026-04-16 04:00:00,2026-04-16 05:00:00,2026-04-17 05:00:00,DOWN,Moderate,74900.0,74604.8,time_exit,24.0,0.003941255006675526,0.003141255006675526,CHOPPY
2026-04-16 05:00:00,2026-04-16 06:00:00,2026-04-17 06:00:00,DOWN,Moderate,75006.0,74895.1,time_exit,24.0,0.00147854838279593,0.00067854838279593,CHOPPY
2026-04-16 06:00:00,2026-04-16 07:00:00,2026-04-17 07:00:00,DOWN,Moderate,74985.9,75047.4,time_exit,24.0,-0.0008201541889876207,-0.0016201541889876206,CHOPPY
2026-04-16 07:00:00,2026-04-16 08:00:00,2026-04-17 08:00:00,DOWN,Moderate,74667.7,75749.8,time_exit,24.0,-0.014492210152448948,-0.015292210152448948,CHOPPY
2026-04-16 13:00:00,2026-04-16 14:00:00,2026-04-17 14:00:00,UP,Strong,73756.0,77825.1,time_exit,24.0,0.05516974890178439,0.054369748901784386,CHOPPY
2026-04-16 14:00:00,2026-04-16 15:00:00,2026-04-17 15:00:00,UP,Strong,73936.8,77736.2,time_exit,24.0,0.05138713063048428,0.05058713063048428,CHOPPY
2026-04-16 15:00:00,2026-04-16 16:00:00,2026-04-17 16:00:00,UP,Moderate,74659.5,77805.1,time_exit,24.0,0.042132615407282525,0.04133261540728252,CHOPPY
2026-04-16 16:00:00,2026-04-16 17:00:00,2026-04-17 17:00:00,UP,Moderate,74140.6,77465.3,time_exit,24.0,0.04484317634332591,0.044043176343325906,CHOPPY
2026-04-16 17:00:00,2026-04-16 18:00:00,2026-04-17 18:00:00,UP,Moderate,74301.6,77112.1,time_exit,24.0,0.03782556499456269,0.037025564994562686,CHOPPY
2026-04-16 18:00:00,2026-04-16 19:00:00,2026-04-17 19:00:00,UP,Strong,75000.1,77348.8,time_exit,24.0,0.03131595824538902,0.03051595824538902,CHOPPY
2026-04-16 19:00:00,2026-04-16 20:00:00,2026-04-17 20:00:00,UP,Moderate,75309.5,77283.7,time_exit,24.0,0.02621448821197858,0.025414488211978583,CHOPPY
2026-04-17 08:00:00,2026-04-17 09:00:00,2026-04-18 09:00:00,UP,Moderate,75749.8,76557.1,time_exit,24.0,0.010657453881066425,0.009857453881066425,BULL
2026-04-17 10:00:00,2026-04-17 11:00:00,2026-04-18 11:00:00,UP,Moderate,75229.6,76002.0,time_exit,24.0,0.01026723523719375,0.00946723523719375,BULL
2026-04-17 13:00:00,2026-04-17 14:00:00,2026-04-18 14:00:00,DOWN,Strong,77294.2,76211.2,time_exit,24.0,0.014011400596681267,0.013211400596681267,BULL
2026-04-17 14:00:00,2026-04-17 15:00:00,2026-04-18 15:00:00,DOWN,Moderate,77825.1,76124.8,time_exit,24.0,0.02184770723070062,0.02104770723070062,BULL
2026-04-17 15:00:00,2026-04-17 16:00:00,2026-04-18 16:00:00,DOWN,Moderate,77736.2,75897.9,time_exit,24.0,0.02364792722052278,0.02284792722052278,BULL
2026-04-17 16:00:00,2026-04-17 17:00:00,2026-04-18 17:00:00,DOWN,Moderate,77805.1,75783.9,time_exit,24.0,0.02597773153687888,0.02517773153687888,BULL
2026-04-17 18:00:00,2026-04-17 19:00:00,2026-04-18 19:00:00,DOWN,Moderate,77112.0,75604.2,time_exit,24.0,0.019553376906318087,0.01875337690631809,BULL
2026-04-17 19:00:00,2026-04-17 20:00:00,2026-04-18 20:00:00,DOWN,Moderate,77349.2,75706.1,time_exit,24.0,0.021242624358105755,0.020442624358105756,BULL
2026-04-17 23:00:00,2026-04-18 00:00:00,2026-04-19 00:00:00,DOWN,Moderate,77030.6,75627.3,time_exit,24.0,0.01821743566842271,0.01741743566842271,BULL
2026-04-20 19:00:00,2026-04-20 20:00:00,2026-04-21 20:00:00,UP,Moderate,76252.5,75649.4,time_exit,24.0,-0.007909248877086106,-0.008709248877086106,CHOPPY
2026-04-21 13:00:00,2026-04-21 14:00:00,2026-04-22 14:00:00,DOWN,Moderate,75860.0,78996.8,time_exit,24.0,-0.041349854996045377,-0.04214985499604538,CHOPPY
2026-04-21 14:00:00,2026-04-21 15:00:00,2026-04-22 15:00:00,DOWN,Moderate,75628.9,79234.3,time_exit,24.0,-0.04767225227393235,-0.04847225227393235,CHOPPY
2026-04-21 15:00:00,2026-04-21 16:00:00,2026-04-22 16:00:00,DOWN,Moderate,75800.0,78705.1,time_exit,24.0,-0.0383258575197889,-0.0391258575197889,CHOPPY
2026-04-21 23:00:00,2026-04-22 00:00:00,2026-04-23 00:00:00,UP,Moderate,76288.3,78389.9,time_exit,24.0,0.02754812992293698,0.026748129922936983,CHOPPY
2026-04-22 00:00:00,2026-04-22 01:00:00,2026-04-23 01:00:00,UP,Moderate,76327.1,78311.0,time_exit,24.0,0.02599207882914456,0.02519207882914456,CHOPPY
2026-04-22 04:00:00,2026-04-22 05:00:00,2026-04-23 05:00:00,DOWN,Moderate,77475.4,77991.9,time_exit,24.0,-0.006666632247139148,-0.0074666322471391485,BULL
2026-04-22 05:00:00,2026-04-22 06:00:00,2026-04-23 06:00:00,DOWN,Strong,77954.4,78167.0,time_exit,24.0,-0.0027272354094189932,-0.003527235409418993,BULL
2026-04-22 07:00:00,2026-04-22 08:00:00,2026-04-23 08:00:00,UP,Strong,77979.7,77822.1,time_exit,24.0,-0.0020210388088180986,-0.0028210388088180985,BULL
2026-04-22 09:00:00,2026-04-22 10:00:00,2026-04-23 10:00:00,DOWN,Moderate,77959.9,77362.9,time_exit,24.0,0.007657783039742183,0.006857783039742183,BULL
2026-04-22 10:00:00,2026-04-22 11:00:00,2026-04-23 11:00:00,DOWN,Strong,78117.8,77649.9,time_exit,24.0,0.005989672008172353,0.005189672008172353,BULL
2026-04-22 11:00:00,2026-04-22 12:00:00,2026-04-23 12:00:00,DOWN,Strong,78263.2,77826.8,time_exit,24.0,0.005576056179660394,0.004776056179660393,BULL
2026-04-22 12:00:00,2026-04-22 13:00:00,2026-04-23 13:00:00,DOWN,Moderate,78196.6,77486.7,time_exit,24.0,0.009078399828125638,0.008278399828125638,BULL
2026-04-22 17:00:00,2026-04-22 18:00:00,2026-04-23 18:00:00,DOWN,Moderate,78869.8,77631.7,time_exit,24.0,0.015698023831682173,0.014898023831682173,BULL
2026-04-22 18:00:00,2026-04-22 19:00:00,2026-04-23 19:00:00,DOWN,Strong,78989.5,77670.5,time_exit,24.0,0.01669842194215687,0.015898421942156873,BULL
2026-04-22 19:00:00,2026-04-22 20:00:00,2026-04-23 20:00:00,DOWN,Strong,78791.3,77841.3,time_exit,24.0,0.012057168748326297,0.011257168748326296,CHOPPY
2026-04-22 20:00:00,2026-04-22 21:00:00,2026-04-23 21:00:00,DOWN,Moderate,78395.8,77819.6,time_exit,24.0,0.007349883539679358,0.006549883539679358,CHOPPY
2026-04-22 21:00:00,2026-04-22 22:00:00,2026-04-23 22:00:00,DOWN,Strong,78713.9,78194.2,time_exit,24.0,0.006602391699560006,0.005802391699560006,BULL
2026-04-22 22:00:00,2026-04-22 23:00:00,2026-04-23 23:00:00,DOWN,Strong,78552.1,78216.8,time_exit,24.0,0.004268504597585543,0.003468504597585543,CHOPPY
2026-04-23 03:00:00,2026-04-23 04:00:00,2026-04-24 04:00:00,UP,Moderate,77704.3,77620.5,time_exit,24.0,-0.0010784473960900876,-0.0018784473960900875,CHOPPY
2026-04-23 04:00:00,2026-04-23 05:00:00,2026-04-24 05:00:00,DOWN,Strong,77871.5,77911.0,time_exit,24.0,-0.0005072459115338379,-0.0013072459115338378,CHOPPY
2026-04-23 05:00:00,2026-04-23 06:00:00,2026-04-24 06:00:00,DOWN,Strong,77992.0,77741.9,time_exit,24.0,0.0032067391527337286,0.0024067391527337286,CHOPPY
2026-04-23 06:00:00,2026-04-23 07:00:00,2026-04-24 07:00:00,DOWN,Strong,78167.0,77620.5,time_exit,24.0,0.006991441401102749,0.006191441401102749,CHOPPY
2026-04-23 07:00:00,2026-04-23 08:00:00,2026-04-24 08:00:00,DOWN,Strong,78009.1,77744.6,time_exit,24.0,0.0033906300675177192,0.0025906300675177193,CHOPPY
2026-04-23 08:00:00,2026-04-23 09:00:00,2026-04-24 09:00:00,DOWN,Strong,77822.1,77497.2,time_exit,24.0,0.004174906613931162,0.003374906613931162,CHOPPY
2026-04-23 09:00:00,2026-04-23 10:00:00,2026-04-24 10:00:00,DOWN,Moderate,77613.0,77715.2,time_exit,24.0,-0.001316789713063482,-0.002116789713063482,CHOPPY
2026-04-23 11:00:00,2026-04-23 12:00:00,2026-04-24 12:00:00,UP,Moderate,77650.0,78233.0,time_exit,24.0,0.0075080489375403126,0.006708048937540312,CHOPPY
2026-04-23 12:00:00,2026-04-23 13:00:00,2026-04-24 13:00:00,UP,Strong,77826.8,78050.1,time_exit,24.0,0.002869191589529585,0.002069191589529585,CHOPPY
2026-04-23 13:00:00,2026-04-23 14:00:00,2026-04-24 14:00:00,UP,Strong,77486.6,77986.4,time_exit,24.0,0.00645014750937567,0.00565014750937567,CHOPPY
2026-04-23 16:00:00,2026-04-23 17:00:00,2026-04-24 17:00:00,UP,Strong,78049.1,77644.6,time_exit,24.0,-0.005182635033587846,-0.005982635033587846,CHOPPY
2026-04-23 17:00:00,2026-04-23 18:00:00,2026-04-24 18:00:00,UP,Strong,77715.1,77579.2,time_exit,24.0,-0.001748694912571791,-0.002548694912571791,CHOPPY
2026-04-23 18:00:00,2026-04-23 19:00:00,2026-04-24 19:00:00,UP,Moderate,77631.5,77596.1,time_exit,24.0,-0.00045600046372917813,-0.001256000463729178,CHOPPY
2026-04-23 19:00:00,2026-04-23 20:00:00,2026-04-24 20:00:00,DOWN,Strong,77670.4,77688.2,time_exit,24.0,-0.00022917353328932855,-0.0010291735332893285,CHOPPY
2026-04-23 21:00:00,2026-04-23 22:00:00,2026-04-24 22:00:00,DOWN,Moderate,77819.5,77294.5,time_exit,24.0,0.006746381048451822,0.005946381048451821,CHOPPY
2026-04-23 22:00:00,2026-04-23 23:00:00,2026-04-24 23:00:00,DOWN,Strong,78194.1,77395.4,time_exit,24.0,0.010214325633264076,0.009414325633264076,CHOPPY
2026-04-23 23:00:00,2026-04-24 00:00:00,2026-04-25 00:00:00,DOWN,Strong,78217.4,77419.9,time_exit,24.0,0.010195941056593494,0.009395941056593493,CHOPPY
2026-04-24 00:00:00,2026-04-24 01:00:00,2026-04-25 01:00:00,DOWN,Strong,78376.7,77490.0,time_exit,24.0,0.011313311226423095,0.010513311226423095,CHOPPY
2026-04-24 01:00:00,2026-04-24 02:00:00,2026-04-25 02:00:00,DOWN,Moderate,78369.8,77567.6,time_exit,24.0,0.010236085839188003,0.009436085839188002,CHOPPY
2026-04-24 02:00:00,2026-04-24 03:00:00,2026-04-25 03:00:00,DOWN,Strong,78074.0,77629.0,time_exit,24.0,0.005699720777723738,0.004899720777723738,CHOPPY
2026-04-24 03:00:00,2026-04-24 04:00:00,2026-04-25 04:00:00,UP,Moderate,77690.1,77579.5,time_exit,24.0,-0.0014236048093644316,-0.0022236048093644315,CHOPPY
2026-04-24 05:00:00,2026-04-24 06:00:00,2026-04-25 06:00:00,UP,Moderate,77911.1,77458.8,time_exit,24.0,-0.0058053345415480795,-0.00660533454154808,CHOPPY
2026-04-24 14:00:00,2026-04-24 15:00:00,2026-04-25 15:00:00,UP,Moderate,77986.3,77289.3,time_exit,24.0,-0.008937467221806883,-0.009737467221806883,CHOPPY
2026-04-24 19:00:00,2026-04-24 20:00:00,2026-04-25 20:00:00,DOWN,Moderate,77596.0,77439.1,time_exit,24.0,0.002022011443888805,0.001222011443888805,CHOPPY
2026-04-24 20:00:00,2026-04-24 21:00:00,2026-04-25 21:00:00,DOWN,Moderate,77688.2,77492.9,time_exit,24.0,0.002513895289117274,0.001713895289117274,CHOPPY
2026-04-24 21:00:00,2026-04-24 22:00:00,2026-04-25 22:00:00,DOWN,Moderate,77490.0,77513.2,time_exit,24.0,-0.0002993934701251977,-0.0010993934701251976,CHOPPY
2026-04-24 22:00:00,2026-04-24 23:00:00,2026-04-25 23:00:00,DOWN,Moderate,77294.6,77585.0,time_exit,24.0,-0.0037570541797227186,-0.004557054179722719,CHOPPY
2026-04-25 00:00:00,2026-04-25 01:00:00,2026-04-26 01:00:00,DOWN,Moderate,77420.0,77417.4,time_exit,24.0,3.358305347467283e-05,-0.0007664169465253272,CHOPPY
2026-04-25 03:00:00,2026-04-25 04:00:00,2026-04-26 04:00:00,DOWN,Moderate,77629.0,77727.0,time_exit,24.0,-0.001262414819204194,-0.002062414819204194,CHOPPY
2026-04-25 04:00:00,2026-04-25 05:00:00,2026-04-26 05:00:00,DOWN,Moderate,77579.5,77949.4,time_exit,24.0,-0.004768012168162805,-0.0055680121681628055,CHOPPY
2026-04-26 05:00:00,2026-04-26 06:00:00,2026-04-27 06:00:00,UP,Strong,77949.4,77657.9,time_exit,24.0,-0.0037396054363472153,-0.004539605436347216,CHOPPY
2026-04-26 06:00:00,2026-04-26 07:00:00,2026-04-27 07:00:00,UP,Strong,77963.3,77556.7,time_exit,24.0,-0.005215274366272449,-0.006015274366272449,CHOPPY
2026-04-26 07:00:00,2026-04-26 08:00:00,2026-04-27 08:00:00,UP,Strong,78061.5,77763.5,time_exit,24.0,-0.0038175028663297583,-0.004617502866329759,CHOPPY
2026-04-26 08:00:00,2026-04-26 09:00:00,2026-04-27 09:00:00,UP,Moderate,77989.1,77856.1,time_exit,24.0,-0.0017053665191674172,-0.002505366519167417,CHOPPY
2026-04-26 09:00:00,2026-04-26 10:00:00,2026-04-27 10:00:00,UP,Moderate,77971.8,77806.7,time_exit,24.0,-0.002117432199846725,-0.002917432199846725,CHOPPY
2026-04-26 10:00:00,2026-04-26 11:00:00,2026-04-27 11:00:00,UP,Moderate,77961.5,77804.3,time_exit,24.0,-0.002016379879812402,-0.002816379879812402,CHOPPY
2026-04-26 11:00:00,2026-04-26 12:00:00,2026-04-27 12:00:00,UP,Moderate,78050.0,77627.4,time_exit,24.0,-0.00541447789878291,-0.0062144778987829104,CHOPPY
2026-04-26 12:00:00,2026-04-26 13:00:00,2026-04-27 13:00:00,UP,Moderate,77795.4,77700.0,time_exit,24.0,-0.0012262935854818746,-0.0020262935854818745,CHOPPY
2026-04-26 13:00:00,2026-04-26 14:00:00,2026-04-27 14:00:00,UP,Strong,77940.0,77776.0,time_exit,24.0,-0.0021041827046446304,-0.0029041827046446303,CHOPPY
2026-04-26 14:00:00,2026-04-26 15:00:00,2026-04-27 15:00:00,UP,Moderate,78053.5,76760.0,time_exit,24.0,-0.016571966663890825,-0.017371966663890823,CHOPPY
2026-04-26 15:00:00,2026-04-26 16:00:00,2026-04-27 16:00:00,UP,Moderate,78007.9,76587.9,time_exit,24.0,-0.018203284539130005,-0.019003284539130003,CHOPPY
2026-04-26 16:00:00,2026-04-26 17:00:00,2026-04-27 17:00:00,UP,Moderate,77890.1,76702.3,time_exit,24.0,-0.015249691552585043,-0.01604969155258504,CHOPPY
2026-04-26 17:00:00,2026-04-26 18:00:00,2026-04-27 18:00:00,UP,Moderate,77976.7,76790.7,time_exit,24.0,-0.01520967160703135,-0.01600967160703135,CHOPPY
2026-04-26 18:00:00,2026-04-26 19:00:00,2026-04-27 19:00:00,UP,Strong,78238.1,76844.4,time_exit,24.0,-0.01781357164859587,-0.01861357164859587,CHOPPY
2026-04-26 19:00:00,2026-04-26 20:00:00,2026-04-27 20:00:00,UP,Strong,78183.2,76915.8,time_exit,24.0,-0.016210643718855167,-0.017010643718855165,CHOPPY
2026-04-26 20:00:00,2026-04-26 21:00:00,2026-04-27 21:00:00,UP,Moderate,78150.0,76741.4,time_exit,24.0,-0.0180243122200896,-0.0188243122200896,CHOPPY
2026-04-26 21:00:00,2026-04-26 22:00:00,2026-04-27 22:00:00,UP,Strong,78369.6,77025.8,time_exit,24.0,-0.017146954941712145,-0.017946954941712143,CHOPPY
2026-04-26 22:00:00,2026-04-26 23:00:00,2026-04-27 23:00:00,UP,Strong,78274.7,77331.2,time_exit,24.0,-0.012053703176122088,-0.012853703176122088,CHOPPY
2026-04-26 23:00:00,2026-04-27 00:00:00,2026-04-28 00:00:00,UP,Strong,78614.4,77334.9,time_exit,24.0,-0.01627564415679572,-0.01707564415679572,CHOPPY
2026-04-27 00:00:00,2026-04-27 01:00:00,2026-04-28 01:00:00,UP,Strong,79264.1,77047.2,time_exit,24.0,-0.027968525473701322,-0.02876852547370132,CHOPPY
2026-04-27 01:00:00,2026-04-27 02:00:00,2026-04-28 02:00:00,UP,Strong,79245.3,76845.0,time_exit,24.0,-0.03028949350939425,-0.03108949350939425,CHOPPY
2026-04-27 02:00:00,2026-04-27 03:00:00,2026-04-28 03:00:00,UP,Strong,79082.9,76770.6,time_exit,24.0,-0.029238937874053517,-0.030038937874053515,CHOPPY
2026-04-27 04:00:00,2026-04-27 05:00:00,2026-04-28 05:00:00,UP,Moderate,78882.6,76848.0,time_exit,24.0,-0.025792760380616286,-0.026592760380616285,CHOPPY
2026-04-27 05:00:00,2026-04-27 06:00:00,2026-04-28 06:00:00,UP,Strong,77730.5,76664.9,time_exit,24.0,-0.013708904484082907,-0.014508904484082907,CHOPPY
2026-04-27 06:00:00,2026-04-27 07:00:00,2026-04-28 07:00:00,UP,Strong,77657.9,76828.4,time_exit,24.0,-0.010681463186617224,-0.011481463186617224,CHOPPY
2026-04-27 07:00:00,2026-04-27 08:00:00,2026-04-28 08:00:00,UP,Strong,77556.7,76820.1,time_exit,24.0,-0.009497567586036926,-0.010297567586036926,CHOPPY
2026-04-27 08:00:00,2026-04-27 09:00:00,2026-04-28 09:00:00,UP,Moderate,77763.4,76557.2,time_exit,24.0,-0.015511153061723126,-0.016311153061723125,CHOPPY
2026-04-27 09:00:00,2026-04-27 10:00:00,2026-04-28 10:00:00,UP,Strong,77856.1,76580.1,time_exit,24.0,-0.016389210350890915,-0.017189210350890913,CHOPPY
2026-04-27 10:00:00,2026-04-27 11:00:00,2026-04-28 11:00:00,UP,Moderate,77806.7,76198.8,time_exit,24.0,-0.02066531545483863,-0.021465315454838627,CHOPPY
2026-04-27 12:00:00,2026-04-27 13:00:00,2026-04-28 13:00:00,UP,Moderate,77627.3,76158.2,time_exit,24.0,-0.018925043122715923,-0.019725043122715922,CHOPPY
2026-04-27 13:00:00,2026-04-27 14:00:00,2026-04-28 14:00:00,UP,Strong,77700.3,75920.0,time_exit,24.0,-0.02291239544763668,-0.02371239544763668,CHOPPY
2026-04-27 16:00:00,2026-04-27 17:00:00,2026-04-28 17:00:00,UP,Strong,76587.9,76154.2,time_exit,24.0,-0.005662774406923199,-0.006462774406923199,BEAR
2026-04-27 17:00:00,2026-04-27 18:00:00,2026-04-28 18:00:00,UP,Strong,76702.3,76208.2,time_exit,24.0,-0.006441788577396079,-0.00724178857739608,CHOPPY
2026-04-27 18:00:00,2026-04-27 19:00:00,2026-04-28 19:00:00,UP,Strong,76790.6,76293.6,time_exit,24.0,-0.006472146330410267,-0.007272146330410267,CHOPPY
2026-04-27 19:00:00,2026-04-27 20:00:00,2026-04-28 20:00:00,UP,Strong,76844.3,76420.0,time_exit,24.0,-0.005521554624090541,-0.0063215546240905415,CHOPPY
2026-04-27 20:00:00,2026-04-27 21:00:00,2026-04-28 21:00:00,UP,Moderate,76915.8,76321.5,time_exit,24.0,-0.007726630939286938,-0.008526630939286938,CHOPPY
2026-04-27 21:00:00,2026-04-27 22:00:00,2026-04-28 22:00:00,UP,Moderate,76741.4,76206.2,time_exit,24.0,-0.006974071361742107,-0.007774071361742107,BEAR
2026-04-27 22:00:00,2026-04-27 23:00:00,2026-04-28 23:00:00,UP,Moderate,77025.8,76298.1,time_exit,24.0,-0.009447483830093306,-0.010247483830093307,CHOPPY
2026-04-27 23:00:00,2026-04-28 00:00:00,2026-04-29 00:00:00,UP,Strong,77331.2,76470.9,time_exit,24.0,-0.011124875858644412,-0.011924875858644412,CHOPPY
2026-04-28 00:00:00,2026-04-28 01:00:00,2026-04-29 01:00:00,UP,Moderate,77334.9,76534.9,time_exit,24.0,-0.010344618018514273,-0.011144618018514274,CHOPPY
2026-04-28 03:00:00,2026-04-28 04:00:00,2026-04-29 04:00:00,UP,Moderate,76770.6,77224.2,time_exit,24.0,0.005908511852193321,0.005108511852193321,CHOPPY
