signal_ts,entry_ts,exit_ts,direction,tier,entry_px,exit_px,exit_reason,hold_h,gross,net,regime
2025-12-01 08:00:00,2025-12-01 09:00:00,2025-12-01 17:00:00,UP,Strong,86811.0,84902.8,time_exit,8.0,-0.021981085346327034,-0.022781085346327033,BEAR
2025-12-01 09:00:00,2025-12-01 10:00:00,2025-12-01 18:00:00,UP,Strong,86659.2,85159.2,time_exit,8.0,-0.017309183560429875,-0.018109183560429874,BEAR
2025-12-01 10:00:00,2025-12-01 11:00:00,2025-12-01 19:00:00,UP,Moderate,86599.0,84985.0,time_exit,8.0,-0.018637628610030155,-0.019437628610030153,BEAR
2025-12-01 11:00:00,2025-12-01 12:00:00,2025-12-01 20:00:00,UP,Moderate,86100.0,85474.1,time_exit,8.0,-0.00726945412311264,-0.00806945412311264,BEAR
2025-12-01 12:00:00,2025-12-01 13:00:00,2025-12-01 21:00:00,UP,Strong,85396.3,86380.1,time_exit,8.0,0.01152040545082178,0.01072040545082178,BEAR
2025-12-01 13:00:00,2025-12-01 14:00:00,2025-12-01 22:00:00,UP,Strong,85943.7,86518.2,time_exit,8.0,0.006684608644961676,0.005884608644961676,BEAR
2025-12-01 14:00:00,2025-12-01 15:00:00,2025-12-01 23:00:00,UP,Strong,86017.4,86241.6,time_exit,8.0,0.0026064493927973054,0.0018064493927973054,BEAR
2025-12-01 15:00:00,2025-12-01 16:00:00,2025-12-02 00:00:00,UP,Strong,84650.0,86472.0,time_exit,8.0,0.021523922031896126,0.020723922031896127,BEAR
2025-12-01 16:00:00,2025-12-01 17:00:00,2025-12-02 01:00:00,UP,Strong,84540.4,86409.9,time_exit,8.0,0.022113687657025594,0.021313687657025595,BEAR
2025-12-01 17:00:00,2025-12-01 18:00:00,2025-12-02 02:00:00,UP,Moderate,84902.6,86501.2,time_exit,8.0,0.018828634223215568,0.01802863422321557,BEAR
2025-12-01 18:00:00,2025-12-01 19:00:00,2025-12-02 03:00:00,UP,Moderate,85159.1,86936.0,time_exit,8.0,0.02086565029456633,0.02006565029456633,BEAR
2025-12-01 19:00:00,2025-12-01 20:00:00,2025-12-02 04:00:00,UP,Moderate,84985.0,86924.9,time_exit,8.0,0.02282638112608093,0.02202638112608093,BEAR
2025-12-01 20:00:00,2025-12-01 21:00:00,2025-12-02 05:00:00,UP,Strong,85474.1,86968.7,time_exit,8.0,0.017485998682641668,0.01668599868264167,BEAR
2025-12-01 21:00:00,2025-12-01 22:00:00,2025-12-02 06:00:00,UP,Moderate,86380.1,87043.7,time_exit,8.0,0.007682324979943145,0.006882324979943144,BEAR
2025-12-01 22:00:00,2025-12-01 23:00:00,2025-12-02 07:00:00,UP,Moderate,86518.4,86965.0,time_exit,8.0,0.005161907756038087,0.004361907756038086,BEAR
2025-12-02 01:00:00,2025-12-02 02:00:00,2025-12-02 10:00:00,UP,Moderate,86409.9,87241.8,time_exit,8.0,0.009627369086181226,0.008827369086181225,CHOPPY
2025-12-02 03:00:00,2025-12-02 04:00:00,2025-12-02 12:00:00,UP,Moderate,86935.9,87225.6,time_exit,8.0,0.003332340264493805,0.002532340264493805,BULL
2025-12-02 11:00:00,2025-12-02 12:00:00,2025-12-02 20:00:00,UP,Moderate,87327.0,90976.1,time_exit,8.0,0.04178661811352735,0.04098661811352735,BULL
2025-12-02 20:00:00,2025-12-02 21:00:00,2025-12-03 05:00:00,UP,Moderate,90976.1,93591.0,time_exit,8.0,0.028742713745697923,0.027942713745697925,BULL
2025-12-09 04:00:00,2025-12-09 05:00:00,2025-12-09 13:00:00,UP,Moderate,89875.3,90385.0,time_exit,8.0,0.005671191083645777,0.0048711910836457765,CHOPPY
2025-12-09 05:00:00,2025-12-09 06:00:00,2025-12-09 14:00:00,UP,Moderate,89857.7,90327.1,time_exit,8.0,0.005223814987474817,0.004423814987474817,CHOPPY
2025-12-09 08:00:00,2025-12-09 09:00:00,2025-12-09 16:00:00,DOWN,Moderate,90459.0,92676.9,opp_signal,7.0,-0.02451829005405748,-0.025318290054057477,CHOPPY
2025-12-09 09:00:00,2025-12-09 10:00:00,2025-12-09 16:00:00,DOWN,Moderate,90100.0,92676.9,opp_signal,6.0,-0.028600443951165344,-0.029400443951165343,CHOPPY
2025-12-09 11:00:00,2025-12-09 12:00:00,2025-12-09 19:00:00,UP,Moderate,90342.0,93887.2,opp_signal,7.0,0.0392419915432467,0.0384419915432467,CHOPPY
2025-12-09 12:00:00,2025-12-09 13:00:00,2025-12-09 19:00:00,UP,Moderate,90532.7,93887.2,opp_signal,6.0,0.03705291016395185,0.036252910163951844,CHOPPY
2025-12-09 13:00:00,2025-12-09 14:00:00,2025-12-09 19:00:00,UP,Moderate,90385.1,93887.2,opp_signal,5.0,0.0387464305510532,0.0379464305510532,CHOPPY
2025-12-09 14:00:00,2025-12-09 15:00:00,2025-12-09 19:00:00,UP,Moderate,90327.1,93887.2,opp_signal,4.0,0.039413420778481756,0.038613420778481754,BULL
2025-12-09 15:00:00,2025-12-09 16:00:00,2025-12-09 19:00:00,UP,Strong,92676.9,93887.2,opp_signal,3.0,0.013059349201365311,0.01225934920136531,BULL
2025-12-09 18:00:00,2025-12-09 19:00:00,2025-12-10 03:00:00,DOWN,Strong,93887.2,92366.0,time_exit,8.0,0.016202421629359476,0.015402421629359475,BULL
2025-12-09 19:00:00,2025-12-09 20:00:00,2025-12-10 04:00:00,DOWN,Strong,93761.9,92507.3,time_exit,8.0,0.01338070154295068,0.012580701542950679,BULL
2025-12-09 20:00:00,2025-12-09 21:00:00,2025-12-10 05:00:00,UP,Moderate,93075.2,92508.6,time_exit,8.0,-0.006087550711682543,-0.006887550711682544,BULL
2025-12-09 21:00:00,2025-12-09 22:00:00,2025-12-10 06:00:00,UP,Moderate,92591.2,92648.0,time_exit,8.0,0.0006134492262763747,-0.00018655077372362538,BULL
2025-12-09 22:00:00,2025-12-09 23:00:00,2025-12-10 07:00:00,UP,Moderate,92832.0,92744.7,time_exit,8.0,-0.0009404084798345647,-0.0017404084798345646,BULL
2025-12-10 00:00:00,2025-12-10 01:00:00,2025-12-10 09:00:00,UP,Moderate,92084.5,92870.1,time_exit,8.0,0.008531294626131558,0.007731294626131558,BULL
2025-12-10 01:00:00,2025-12-10 02:00:00,2025-12-10 10:00:00,UP,Moderate,92269.2,92230.5,time_exit,8.0,-0.00041942490018331835,-0.0012194249001833183,BULL
2025-12-10 04:00:00,2025-12-10 05:00:00,2025-12-10 13:00:00,UP,Moderate,92507.4,92054.6,time_exit,8.0,-0.00489474355565056,-0.005694743555650561,BULL
2025-12-10 05:00:00,2025-12-10 06:00:00,2025-12-10 14:00:00,UP,Moderate,92508.5,91794.0,time_exit,8.0,-0.007723614586767735,-0.008523614586767736,BULL
2025-12-10 06:00:00,2025-12-10 07:00:00,2025-12-10 15:00:00,UP,Moderate,92648.0,92021.8,time_exit,8.0,-0.006758915464985749,-0.007558915464985749,BULL
2025-12-10 07:00:00,2025-12-10 08:00:00,2025-12-10 16:00:00,UP,Moderate,92744.7,92126.7,time_exit,8.0,-0.006663453545054376,-0.007463453545054377,BULL
2025-12-10 08:00:00,2025-12-10 09:00:00,2025-12-10 17:00:00,UP,Moderate,92565.1,92348.8,time_exit,8.0,-0.002336733823006809,-0.003136733823006809,BULL
2025-12-10 09:00:00,2025-12-10 10:00:00,2025-12-10 18:00:00,UP,Moderate,92870.0,92448.8,time_exit,8.0,-0.004535372025411877,-0.005335372025411877,BULL
2025-12-10 10:00:00,2025-12-10 11:00:00,2025-12-10 19:00:00,UP,Moderate,92230.4,92913.8,time_exit,8.0,0.0074097043924781225,0.006609704392478122,BULL
2025-12-10 11:00:00,2025-12-10 12:00:00,2025-12-10 20:00:00,UP,Moderate,92085.4,92409.1,time_exit,8.0,0.00351521522412912,0.00271521522412912,BULL
2025-12-10 12:00:00,2025-12-10 13:00:00,2025-12-10 21:00:00,UP,Moderate,91952.2,92308.2,time_exit,8.0,0.003871576754009176,0.003071576754009176,BULL
2025-12-10 13:00:00,2025-12-10 14:00:00,2025-12-10 22:00:00,UP,Moderate,92054.5,92472.2,time_exit,8.0,0.004537529398345619,0.003737529398345619,BULL
2025-12-10 14:00:00,2025-12-10 15:00:00,2025-12-10 23:00:00,UP,Moderate,91794.0,91977.5,time_exit,8.0,0.001999041331677498,0.001199041331677498,CHOPPY
2025-12-10 15:00:00,2025-12-10 16:00:00,2025-12-11 00:00:00,UP,Moderate,92021.8,91350.1,time_exit,8.0,-0.0072993573261987965,-0.008099357326198797,CHOPPY
2025-12-10 16:00:00,2025-12-10 17:00:00,2025-12-11 01:00:00,UP,Moderate,92126.7,90637.0,time_exit,8.0,-0.016170122233836626,-0.016970122233836624,CHOPPY
2025-12-10 17:00:00,2025-12-10 18:00:00,2025-12-11 02:00:00,UP,Moderate,92348.7,90034.4,time_exit,8.0,-0.025060450228319486,-0.025860450228319485,CHOPPY
2025-12-10 18:00:00,2025-12-10 19:00:00,2025-12-11 03:00:00,UP,Moderate,92448.8,89833.1,time_exit,8.0,-0.02829349867169717,-0.02909349867169717,CHOPPY
2025-12-10 19:00:00,2025-12-10 20:00:00,2025-12-11 04:00:00,UP,Moderate,92913.9,90386.6,time_exit,8.0,-0.0272004511703845,-0.028000451170384497,CHOPPY
2025-12-10 21:00:00,2025-12-10 22:00:00,2025-12-11 06:00:00,UP,Moderate,92308.3,90252.1,time_exit,8.0,-0.02227535335392372,-0.02307535335392372,CHOPPY
2025-12-10 22:00:00,2025-12-10 23:00:00,2025-12-11 07:00:00,UP,Moderate,92472.2,90231.4,time_exit,8.0,-0.024232147607605392,-0.02503214760760539,CHOPPY
2025-12-10 23:00:00,2025-12-11 00:00:00,2025-12-11 08:00:00,UP,Moderate,91977.5,90152.5,time_exit,8.0,-0.019841809138104405,-0.020641809138104403,CHOPPY
2025-12-11 00:00:00,2025-12-11 01:00:00,2025-12-11 09:00:00,UP,Moderate,91350.1,90196.0,time_exit,8.0,-0.012633812114053566,-0.013433812114053567,CHOPPY
2025-12-11 01:00:00,2025-12-11 02:00:00,2025-12-11 10:00:00,UP,Moderate,90637.0,90279.2,time_exit,8.0,-0.0039476152123305575,-0.004747615212330558,CHOPPY
2025-12-11 02:00:00,2025-12-11 03:00:00,2025-12-11 11:00:00,UP,Moderate,90034.4,90195.3,time_exit,8.0,0.0017870947104663415,0.0009870947104663416,CHOPPY
2025-12-11 03:00:00,2025-12-11 04:00:00,2025-12-11 12:00:00,UP,Moderate,89833.1,90000.8,time_exit,8.0,0.001866795201323379,0.0010667952013233791,CHOPPY
2025-12-11 04:00:00,2025-12-11 05:00:00,2025-12-11 13:00:00,UP,Strong,90386.6,90062.9,time_exit,8.0,-0.0035812830662953488,-0.004381283066295349,CHOPPY
2025-12-11 06:00:00,2025-12-11 07:00:00,2025-12-11 15:00:00,UP,Moderate,90252.0,89830.1,time_exit,8.0,-0.004674688649559,-0.0054746886495590005,CHOPPY
2025-12-11 08:00:00,2025-12-11 09:00:00,2025-12-11 17:00:00,UP,Moderate,90152.6,89935.6,time_exit,8.0,-0.002407029858262577,-0.003207029858262577,CHOPPY
2025-12-11 13:00:00,2025-12-11 14:00:00,2025-12-11 22:00:00,UP,Strong,90062.8,92325.4,time_exit,8.0,0.025122470098642102,0.024322470098642104,CHOPPY
2025-12-11 14:00:00,2025-12-11 15:00:00,2025-12-11 23:00:00,UP,Strong,89514.4,92325.4,opp_signal,8.0,0.031402768716541685,0.030602768716541686,CHOPPY
2025-12-11 15:00:00,2025-12-11 16:00:00,2025-12-11 23:00:00,UP,Strong,89830.1,92325.4,opp_signal,7.0,0.027777994235784975,0.026977994235784977,CHOPPY
2025-12-11 16:00:00,2025-12-11 17:00:00,2025-12-11 23:00:00,UP,Strong,89704.2,92325.4,opp_signal,6.0,0.02922048243003106,0.02842048243003106,CHOPPY
2025-12-11 17:00:00,2025-12-11 18:00:00,2025-12-11 23:00:00,UP,Strong,89935.3,92325.4,opp_signal,5.0,0.026575771693650774,0.025775771693650775,CHOPPY
2025-12-11 18:00:00,2025-12-11 19:00:00,2025-12-11 23:00:00,UP,Strong,90657.9,92325.4,opp_signal,4.0,0.018393322589647543,0.017593322589647544,CHOPPY
2025-12-11 19:00:00,2025-12-11 20:00:00,2025-12-11 23:00:00,UP,Strong,90793.5,92325.4,opp_signal,3.0,0.016872353197090018,0.01607235319709002,CHOPPY
2025-12-11 20:00:00,2025-12-11 21:00:00,2025-12-11 23:00:00,UP,Moderate,91740.9,92325.4,opp_signal,2.0,0.006371204119427709,0.005571204119427709,BULL
2025-12-11 22:00:00,2025-12-11 23:00:00,2025-12-12 07:00:00,DOWN,Strong,92325.4,92389.5,time_exit,8.0,-0.0006942834799525954,-0.0014942834799525954,BULL
2025-12-11 23:00:00,2025-12-12 00:00:00,2025-12-12 08:00:00,DOWN,Strong,92477.6,92311.4,time_exit,8.0,0.0017971919686498028,0.0009971919686498029,CHOPPY
2025-12-12 04:00:00,2025-12-12 05:00:00,2025-12-12 13:00:00,DOWN,Strong,92355.7,92261.7,time_exit,8.0,0.0010178039904412683,0.0002178039904412683,CHOPPY
2025-12-12 05:00:00,2025-12-12 06:00:00,2025-12-12 14:00:00,DOWN,Strong,92404.9,92393.0,time_exit,8.0,0.00012878104948976787,-0.0006712189505102322,CHOPPY
2025-12-12 06:00:00,2025-12-12 07:00:00,2025-12-12 15:00:00,DOWN,Moderate,92468.7,89895.0,time_exit,8.0,0.02783320193752048,0.02703320193752048,CHOPPY
2025-12-12 08:00:00,2025-12-12 09:00:00,2025-12-12 10:00:00,UP,Moderate,92311.4,92481.7,opp_signal,1.0,0.0018448425654902234,0.0010448425654902235,BULL
2025-12-12 09:00:00,2025-12-12 10:00:00,2025-12-12 18:00:00,DOWN,Strong,92481.7,90043.9,opp_signal,8.0,0.0263598095623242,0.0255598095623242,BULL
2025-12-12 10:00:00,2025-12-12 11:00:00,2025-12-12 18:00:00,DOWN,Strong,92454.7,90043.9,opp_signal,7.0,0.026075472636869712,0.025275472636869713,BULL
2025-12-12 11:00:00,2025-12-12 12:00:00,2025-12-12 18:00:00,DOWN,Strong,92381.4,90043.9,opp_signal,6.0,0.025302712450774756,0.024502712450774757,CHOPPY
2025-12-12 12:00:00,2025-12-12 13:00:00,2025-12-12 18:00:00,DOWN,Strong,92389.9,90043.9,opp_signal,5.0,0.02539238596426663,0.02459238596426663,CHOPPY
2025-12-12 13:00:00,2025-12-12 14:00:00,2025-12-12 18:00:00,DOWN,Strong,92261.7,90043.9,opp_signal,4.0,0.024038143671751167,0.023238143671751168,CHOPPY
2025-12-12 14:00:00,2025-12-12 15:00:00,2025-12-12 22:00:00,UP,Moderate,92393.0,90150.9,opp_signal,7.0,-0.024266989923479088,-0.025066989923479086,CHOPPY
2025-12-12 15:00:00,2025-12-12 16:00:00,2025-12-12 22:00:00,UP,Moderate,89895.0,90150.9,opp_signal,6.0,0.002846654430168405,0.002046654430168405,CHOPPY
2025-12-12 17:00:00,2025-12-12 18:00:00,2025-12-12 22:00:00,UP,Strong,90043.9,90150.9,opp_signal,4.0,0.0011883092580395882,0.00038830925803958816,CHOPPY
2025-12-12 18:00:00,2025-12-12 19:00:00,2025-12-12 22:00:00,UP,Moderate,90323.8,90150.9,opp_signal,3.0,-0.0019142241579739316,-0.0027142241579739316,BEAR
2025-12-12 21:00:00,2025-12-12 22:00:00,2025-12-13 06:00:00,DOWN,Strong,90150.9,90317.4,time_exit,8.0,-0.0018469033587018568,-0.0026469033587018568,BEAR
2025-12-12 22:00:00,2025-12-12 23:00:00,2025-12-13 07:00:00,DOWN,Strong,90294.7,90286.1,time_exit,8.0,9.524368539892691e-05,-0.0007047563146010731,BEAR
2025-12-12 23:00:00,2025-12-13 00:00:00,2025-12-13 08:00:00,DOWN,Strong,90229.7,90413.9,time_exit,8.0,-0.002041456416235432,-0.002841456416235432,BEAR
2025-12-13 00:00:00,2025-12-13 01:00:00,2025-12-13 09:00:00,DOWN,Strong,90276.9,90375.3,time_exit,8.0,-0.001089979828726939,-0.001889979828726939,BEAR
2025-12-13 01:00:00,2025-12-13 02:00:00,2025-12-13 10:00:00,DOWN,Strong,90192.1,90546.7,time_exit,8.0,-0.00393160820071814,-0.00473160820071814,BEAR
2025-12-13 02:00:00,2025-12-13 03:00:00,2025-12-13 11:00:00,DOWN,Strong,90194.9,90298.4,time_exit,8.0,-0.0011475149925328498,-0.0019475149925328498,BEAR
2025-12-13 13:00:00,2025-12-13 14:00:00,2025-12-13 22:00:00,DOWN,Moderate,90215.1,90092.4,time_exit,8.0,0.0013600827355954026,0.0005600827355954026,BEAR
2025-12-13 21:00:00,2025-12-13 22:00:00,2025-12-14 06:00:00,DOWN,Strong,90137.9,90105.0,time_exit,8.0,0.0003649963001134404,-0.0004350036998865596,CHOPPY
2025-12-13 22:00:00,2025-12-13 23:00:00,2025-12-14 07:00:00,DOWN,Strong,90092.3,90205.1,time_exit,8.0,-0.001252049287230994,-0.002052049287230994,CHOPPY
2025-12-13 23:00:00,2025-12-14 00:00:00,2025-12-14 08:00:00,DOWN,Strong,90191.3,90072.4,time_exit,8.0,0.0013183089721514607,0.0005183089721514607,CHOPPY
2025-12-14 18:00:00,2025-12-14 19:00:00,2025-12-15 03:00:00,DOWN,Strong,88951.7,89239.9,time_exit,8.0,-0.003239960562867239,-0.004039960562867239,CHOPPY
2025-12-14 20:00:00,2025-12-14 21:00:00,2025-12-15 05:00:00,DOWN,Moderate,88515.9,89576.9,time_exit,8.0,-0.011986547049739116,-0.012786547049739116,CHOPPY
2025-12-14 21:00:00,2025-12-14 22:00:00,2025-12-15 06:00:00,DOWN,Moderate,88403.6,89692.8,time_exit,8.0,-0.014583116524666373,-0.015383116524666373,CHOPPY
2025-12-15 12:00:00,2025-12-15 13:00:00,2025-12-15 21:00:00,DOWN,Strong,89657.9,86209.6,time_exit,8.0,0.038460637601371306,0.037660637601371304,CHOPPY
2025-12-15 13:00:00,2025-12-15 14:00:00,2025-12-15 22:00:00,DOWN,Strong,89388.1,86228.8,time_exit,8.0,0.035343630751744404,0.0345436307517444,CHOPPY
2025-12-15 15:00:00,2025-12-15 16:00:00,2025-12-16 00:00:00,UP,Moderate,86996.5,85821.1,time_exit,8.0,-0.013510888369072216,-0.014310888369072216,CHOPPY
2025-12-15 16:00:00,2025-12-15 17:00:00,2025-12-16 01:00:00,UP,Moderate,86360.6,85850.1,time_exit,8.0,-0.005911260459051881,-0.006711260459051882,BEAR
2025-12-15 17:00:00,2025-12-15 18:00:00,2025-12-16 02:00:00,UP,Moderate,85734.2,85901.6,time_exit,8.0,0.0019525463583962566,0.0011525463583962566,BEAR
2025-12-15 18:00:00,2025-12-15 19:00:00,2025-12-16 03:00:00,UP,Moderate,86142.7,85837.7,time_exit,8.0,-0.003540636641294004,-0.004340636641294004,BEAR
2025-12-15 21:00:00,2025-12-15 22:00:00,2025-12-16 06:00:00,UP,Moderate,86209.7,86458.0,time_exit,8.0,0.0028801863363403513,0.0020801863363403513,BEAR
2025-12-16 03:00:00,2025-12-16 04:00:00,2025-12-16 12:00:00,UP,Moderate,85837.6,87161.9,time_exit,8.0,0.015427970959113413,0.014627970959113413,CHOPPY
2025-12-16 07:00:00,2025-12-16 08:00:00,2025-12-16 16:00:00,UP,Moderate,85964.9,87539.0,time_exit,8.0,0.018310961799525183,0.017510961799525184,BEAR
2025-12-16 10:00:00,2025-12-16 11:00:00,2025-12-16 19:00:00,UP,Moderate,86932.1,87538.7,time_exit,8.0,0.006977859731905678,0.0061778597319056775,BEAR
2025-12-16 13:00:00,2025-12-16 14:00:00,2025-12-16 22:00:00,UP,Moderate,86410.4,87753.6,time_exit,8.0,0.015544425208076973,0.014744425208076973,BEAR
2025-12-16 14:00:00,2025-12-16 15:00:00,2025-12-16 23:00:00,UP,Moderate,87257.2,87826.3,time_exit,8.0,0.006522097889916312,0.005722097889916311,BULL
2025-12-16 15:00:00,2025-12-16 16:00:00,2025-12-17 00:00:00,UP,Moderate,87936.3,87499.3,time_exit,8.0,-0.00496950633583626,-0.0057695063358362605,CHOPPY
2025-12-16 16:00:00,2025-12-16 17:00:00,2025-12-17 01:00:00,UP,Moderate,87539.1,87518.0,time_exit,8.0,-0.00024103514886497646,-0.0010410351488649764,CHOPPY
2025-12-16 17:00:00,2025-12-16 18:00:00,2025-12-17 02:00:00,UP,Moderate,87087.7,87452.7,time_exit,8.0,0.004191177399334167,0.0033911773993341673,CHOPPY
2025-12-16 18:00:00,2025-12-16 19:00:00,2025-12-17 03:00:00,UP,Moderate,87741.3,87178.1,time_exit,8.0,-0.00641887001902175,-0.00721887001902175,CHOPPY
2025-12-17 05:00:00,2025-12-17 06:00:00,2025-12-17 14:00:00,UP,Moderate,86595.0,89633.9,time_exit,8.0,0.03509325018765508,0.034293250187655076,CHOPPY
2025-12-17 06:00:00,2025-12-17 07:00:00,2025-12-17 15:00:00,UP,Moderate,86735.5,87191.4,time_exit,8.0,0.0052562099716955135,0.004456209971695513,CHOPPY
2025-12-17 07:00:00,2025-12-17 08:00:00,2025-12-17 16:00:00,UP,Moderate,87010.4,86946.6,time_exit,8.0,-0.0007332456809758803,-0.0015332456809758802,CHOPPY
2025-12-17 08:00:00,2025-12-17 09:00:00,2025-12-17 17:00:00,UP,Moderate,86366.1,86380.6,time_exit,8.0,0.00016788994756034015,-0.0006321100524396599,CHOPPY
2025-12-17 09:00:00,2025-12-17 10:00:00,2025-12-17 18:00:00,UP,Moderate,86386.1,85796.1,time_exit,8.0,-0.006829802479797142,-0.007629802479797143,CHOPPY
2025-12-17 10:00:00,2025-12-17 11:00:00,2025-12-17 19:00:00,UP,Moderate,86587.0,85982.7,time_exit,8.0,-0.006979107718248723,-0.007779107718248723,CHOPPY
2025-12-17 11:00:00,2025-12-17 12:00:00,2025-12-17 20:00:00,UP,Strong,86939.2,85854.7,time_exit,8.0,-0.012474234867585587,-0.013274234867585588,CHOPPY
2025-12-17 12:00:00,2025-12-17 13:00:00,2025-12-17 21:00:00,UP,Moderate,86984.0,85946.0,time_exit,8.0,-0.011933229099604481,-0.012733229099604481,CHOPPY
2025-12-17 13:00:00,2025-12-17 14:00:00,2025-12-17 22:00:00,UP,Moderate,87579.0,86312.5,time_exit,8.0,-0.01446122929012661,-0.01526122929012661,BULL
2025-12-17 15:00:00,2025-12-17 16:00:00,2025-12-18 00:00:00,UP,Moderate,87191.0,86191.9,time_exit,8.0,-0.011458751476643325,-0.012258751476643326,BEAR
2025-12-18 13:00:00,2025-12-18 14:00:00,2025-12-18 22:00:00,UP,Moderate,88804.0,85544.0,time_exit,8.0,-0.03671005810549077,-0.037510058105490775,BEAR
2025-12-18 14:00:00,2025-12-18 15:00:00,2025-12-18 23:00:00,UP,Moderate,88325.4,85469.7,time_exit,8.0,-0.0323315829874532,-0.0331315829874532,CHOPPY
2025-12-19 03:00:00,2025-12-19 04:00:00,2025-12-19 07:00:00,UP,Moderate,86863.2,87450.0,opp_signal,3.0,0.006755449948885106,0.005955449948885106,CHOPPY
2025-12-19 04:00:00,2025-12-19 05:00:00,2025-12-19 07:00:00,UP,Moderate,87073.4,87450.0,opp_signal,2.0,0.004325086651032484,0.0035250866510324838,BULL
2025-12-19 06:00:00,2025-12-19 07:00:00,2025-12-19 15:00:00,DOWN,Strong,87450.0,87925.6,time_exit,8.0,-0.0054385363064608505,-0.006238536306460851,BULL
2025-12-19 08:00:00,2025-12-19 09:00:00,2025-12-19 17:00:00,DOWN,Strong,88063.2,86912.6,time_exit,8.0,0.013065616511777844,0.012265616511777844,BULL
2025-12-19 09:00:00,2025-12-19 10:00:00,2025-12-19 18:00:00,DOWN,Strong,88068.4,87126.2,time_exit,8.0,0.010698502527580755,0.009898502527580755,BULL
2025-12-19 10:00:00,2025-12-19 11:00:00,2025-12-19 19:00:00,DOWN,Strong,88237.2,87812.8,time_exit,8.0,0.004809762775790594,0.004009762775790593,BULL
2025-12-19 11:00:00,2025-12-19 12:00:00,2025-12-19 20:00:00,DOWN,Strong,88170.0,88064.8,time_exit,8.0,0.0011931495973687145,0.00039314959736871447,BULL
2025-12-19 12:00:00,2025-12-19 13:00:00,2025-12-19 21:00:00,DOWN,Strong,87840.7,87805.3,time_exit,8.0,0.0004030022529418753,-0.00039699774705812473,BEAR
2025-12-19 13:00:00,2025-12-19 14:00:00,2025-12-19 22:00:00,DOWN,Strong,87968.0,88301.1,time_exit,8.0,-0.0037866042197163274,-0.004586604219716328,CHOPPY
2025-12-19 14:00:00,2025-12-19 15:00:00,2025-12-19 23:00:00,DOWN,Strong,88140.8,88100.0,time_exit,8.0,0.00046289573046764954,-0.0003371042695323505,BEAR
2025-12-19 15:00:00,2025-12-19 16:00:00,2025-12-20 00:00:00,DOWN,Strong,87925.6,87967.3,time_exit,8.0,-0.00047426460553001704,-0.001274264605530017,CHOPPY
2025-12-19 16:00:00,2025-12-19 17:00:00,2025-12-20 01:00:00,DOWN,Strong,87956.6,88036.7,time_exit,8.0,-0.0009106764017707825,-0.0017106764017707824,BULL
2025-12-19 18:00:00,2025-12-19 19:00:00,2025-12-20 03:00:00,DOWN,Moderate,87126.2,88165.3,time_exit,8.0,-0.011926378058494613,-0.012726378058494614,BULL
2025-12-19 19:00:00,2025-12-19 20:00:00,2025-12-20 04:00:00,DOWN,Moderate,87812.9,88257.1,time_exit,8.0,-0.005058482295881461,-0.005858482295881462,BULL
2025-12-19 21:00:00,2025-12-19 22:00:00,2025-12-20 06:00:00,DOWN,Strong,87805.8,88262.2,time_exit,8.0,-0.005197834311628569,-0.005997834311628569,CHOPPY
2025-12-20 05:00:00,2025-12-20 06:00:00,2025-12-20 14:00:00,DOWN,Moderate,88250.1,88213.4,time_exit,8.0,0.00041586355142952947,-0.00038413644857047057,CHOPPY
2025-12-20 07:00:00,2025-12-20 08:00:00,2025-12-20 16:00:00,DOWN,Moderate,88240.0,88115.3,time_exit,8.0,0.0014131912964641113,0.0006131912964641113,CHOPPY
2025-12-20 08:00:00,2025-12-20 09:00:00,2025-12-20 17:00:00,DOWN,Moderate,88217.0,88144.5,time_exit,8.0,0.000821837060884012,2.1837060884011945e-05,CHOPPY
2025-12-20 09:00:00,2025-12-20 10:00:00,2025-12-20 18:00:00,DOWN,Moderate,88190.0,88277.1,time_exit,8.0,-0.000987640322032135,-0.001787640322032135,CHOPPY
2025-12-20 10:00:00,2025-12-20 11:00:00,2025-12-20 19:00:00,DOWN,Moderate,88133.6,88196.3,time_exit,8.0,-0.0007114199351891948,-0.0015114199351891947,CHOPPY
2025-12-20 11:00:00,2025-12-20 12:00:00,2025-12-20 20:00:00,DOWN,Strong,88243.6,88250.4,time_exit,8.0,-7.705941280722328e-05,-0.0008770594128072233,CHOPPY
2025-12-20 12:00:00,2025-12-20 13:00:00,2025-12-20 21:00:00,DOWN,Strong,88213.9,88179.6,time_exit,8.0,0.0003888276110679545,-0.00041117238893204555,CHOPPY
2025-12-21 10:00:00,2025-12-21 11:00:00,2025-12-21 19:00:00,DOWN,Moderate,88633.2,88448.2,time_exit,8.0,0.0020872539860909978,0.0012872539860909978,CHOPPY
2025-12-21 11:00:00,2025-12-21 12:00:00,2025-12-21 20:00:00,DOWN,Strong,88570.7,88195.6,time_exit,8.0,0.004235034836576834,0.0034350348365768343,CHOPPY
2025-12-21 12:00:00,2025-12-21 13:00:00,2025-12-21 21:00:00,DOWN,Moderate,88588.6,88121.6,time_exit,8.0,0.005271558642985674,0.004471558642985674,CHOPPY
2025-12-22 03:00:00,2025-12-22 04:00:00,2025-12-22 08:00:00,UP,Moderate,88727.4,89127.8,opp_signal,4.0,0.004512698444899765,0.0037126984448997654,CHOPPY
2025-12-22 06:00:00,2025-12-22 07:00:00,2025-12-22 15:00:00,DOWN,Moderate,88867.3,89688.5,time_exit,8.0,-0.009240744345782925,-0.010040744345782926,CHOPPY
2025-12-22 07:00:00,2025-12-22 08:00:00,2025-12-22 16:00:00,DOWN,Strong,89127.8,89508.4,time_exit,8.0,-0.004270272574886658,-0.005070272574886658,CHOPPY
2025-12-22 09:00:00,2025-12-22 10:00:00,2025-12-22 18:00:00,DOWN,Strong,89785.3,89104.8,time_exit,8.0,0.007579191693963261,0.0067791916939632605,CHOPPY
2025-12-22 10:00:00,2025-12-22 11:00:00,2025-12-22 19:00:00,DOWN,Strong,89742.0,88011.1,time_exit,8.0,0.01928751309308896,0.01848751309308896,CHOPPY
2025-12-22 11:00:00,2025-12-22 12:00:00,2025-12-22 20:00:00,DOWN,Strong,89905.2,88305.9,time_exit,8.0,0.017788737470135207,0.01698873747013521,CHOPPY
2025-12-22 12:00:00,2025-12-22 13:00:00,2025-12-22 21:00:00,DOWN,Strong,90171.2,88232.1,time_exit,8.0,0.021504648934471238,0.02070464893447124,CHOPPY
2025-12-22 13:00:00,2025-12-22 14:00:00,2025-12-22 22:00:00,DOWN,Strong,89882.6,88616.1,time_exit,8.0,0.014090602630542515,0.013290602630542514,CHOPPY
2025-12-22 14:00:00,2025-12-22 15:00:00,2025-12-22 23:00:00,DOWN,Strong,90088.4,88581.5,time_exit,8.0,0.016726903796715153,0.015926903796715155,CHOPPY
2025-12-22 15:00:00,2025-12-22 16:00:00,2025-12-23 00:00:00,DOWN,Strong,89688.6,88731.5,time_exit,8.0,0.010671367375563956,0.009871367375563956,CHOPPY
2025-12-22 16:00:00,2025-12-22 17:00:00,2025-12-23 01:00:00,DOWN,Strong,89508.5,88470.9,time_exit,8.0,0.011592195154650153,0.010792195154650153,CHOPPY
2025-12-22 17:00:00,2025-12-22 18:00:00,2025-12-23 02:00:00,DOWN,Strong,89271.0,88167.8,time_exit,8.0,0.012357876578059979,0.011557876578059978,CHOPPY
2025-12-22 18:00:00,2025-12-22 19:00:00,2025-12-23 03:00:00,DOWN,Strong,89104.9,88128.2,time_exit,8.0,0.01096123782193792,0.010161237821937919,CHOPPY
2025-12-22 20:00:00,2025-12-22 21:00:00,2025-12-23 04:00:00,DOWN,Moderate,88305.3,88128.2,opp_signal,7.0,0.0020055421362025205,0.0012055421362025206,CHOPPY
2025-12-22 23:00:00,2025-12-23 00:00:00,2025-12-23 08:00:00,UP,Moderate,88581.5,87426.8,time_exit,8.0,-0.01303545322668953,-0.013835453226689531,CHOPPY
2025-12-23 02:00:00,2025-12-23 03:00:00,2025-12-23 11:00:00,UP,Moderate,88167.7,87813.9,time_exit,8.0,-0.004012807411330921,-0.004812807411330921,CHOPPY
2025-12-23 03:00:00,2025-12-23 04:00:00,2025-12-23 12:00:00,UP,Strong,88128.2,87737.3,time_exit,8.0,-0.004435583615687078,-0.005235583615687078,CHOPPY
2025-12-23 16:00:00,2025-12-23 17:00:00,2025-12-24 01:00:00,DOWN,Moderate,87959.8,87603.1,time_exit,8.0,0.004055261608143734,0.0032552616081437343,CHOPPY
2025-12-25 04:00:00,2025-12-25 05:00:00,2025-12-25 13:00:00,UP,Strong,87740.5,87597.1,time_exit,8.0,-0.0016343649739857247,-0.0024343649739857246,CHOPPY
2025-12-25 05:00:00,2025-12-25 06:00:00,2025-12-25 14:00:00,UP,Strong,87706.1,87675.1,time_exit,8.0,-0.00035345318056556607,-0.001153453180565566,CHOPPY
2025-12-25 06:00:00,2025-12-25 07:00:00,2025-12-25 15:00:00,UP,Moderate,87799.6,88338.9,time_exit,8.0,0.006142397004086364,0.005342397004086364,CHOPPY
2025-12-25 07:00:00,2025-12-25 08:00:00,2025-12-25 16:00:00,UP,Moderate,87795.9,88042.0,time_exit,8.0,0.002803092171730137,0.002003092171730137,CHOPPY
2025-12-25 08:00:00,2025-12-25 09:00:00,2025-12-25 17:00:00,UP,Strong,87546.2,88096.2,time_exit,8.0,0.00628239718000323,0.005482397180003229,CHOPPY
2025-12-25 09:00:00,2025-12-25 10:00:00,2025-12-25 18:00:00,UP,Moderate,87482.1,88096.1,opp_signal,8.0,0.007018578657805419,0.006218578657805418,CHOPPY
2025-12-25 10:00:00,2025-12-25 11:00:00,2025-12-25 18:00:00,UP,Strong,87386.1,88096.1,opp_signal,7.0,0.008124861963172636,0.007324861963172636,CHOPPY
2025-12-25 11:00:00,2025-12-25 12:00:00,2025-12-25 18:00:00,UP,Moderate,87485.2,88096.1,opp_signal,6.0,0.0069828953925921144,0.006182895392592114,CHOPPY
2025-12-25 12:00:00,2025-12-25 13:00:00,2025-12-25 18:00:00,UP,Strong,87533.8,88096.1,opp_signal,5.0,0.006423804290456969,0.005623804290456969,CHOPPY
2025-12-25 13:00:00,2025-12-25 14:00:00,2025-12-25 18:00:00,UP,Moderate,87597.1,88096.1,opp_signal,4.0,0.005696535615905107,0.004896535615905107,CHOPPY
2025-12-25 14:00:00,2025-12-25 15:00:00,2025-12-25 18:00:00,UP,Moderate,87675.0,88096.1,opp_signal,3.0,0.004802965497576306,0.0040029654975763055,CHOPPY
2025-12-25 15:00:00,2025-12-25 16:00:00,2025-12-25 18:00:00,UP,Strong,88339.0,88096.1,opp_signal,2.0,-0.0027496349290799804,-0.0035496349290799803,CHOPPY
2025-12-25 17:00:00,2025-12-25 18:00:00,2025-12-26 00:00:00,DOWN,Strong,88096.1,87182.8,opp_signal,6.0,0.010367087759844074,0.009567087759844073,CHOPPY
2025-12-25 18:00:00,2025-12-25 19:00:00,2025-12-26 00:00:00,DOWN,Moderate,88198.5,87182.8,opp_signal,5.0,0.011516068867384321,0.010716068867384321,CHOPPY
2025-12-25 19:00:00,2025-12-25 20:00:00,2025-12-26 00:00:00,DOWN,Moderate,88112.3,87182.8,opp_signal,4.0,0.010549037989020849,0.009749037989020848,CHOPPY
2025-12-25 23:00:00,2025-12-26 00:00:00,2025-12-26 03:00:00,UP,Strong,87182.8,89151.8,opp_signal,3.0,0.0225847300155535,0.0217847300155535,CHOPPY
2025-12-26 00:00:00,2025-12-26 01:00:00,2025-12-26 03:00:00,UP,Strong,87084.4,89151.8,opp_signal,2.0,0.02374018767999786,0.02294018767999786,CHOPPY
2025-12-26 02:00:00,2025-12-26 03:00:00,2025-12-26 11:00:00,DOWN,Strong,89151.8,88507.5,time_exit,8.0,0.007226999342694218,0.006426999342694218,BULL
2025-12-26 03:00:00,2025-12-26 04:00:00,2025-12-26 12:00:00,DOWN,Strong,88796.2,88649.6,time_exit,8.0,0.001650971550584246,0.0008509715505842459,BULL
2025-12-26 04:00:00,2025-12-26 05:00:00,2025-12-26 13:00:00,DOWN,Strong,88926.0,88959.1,time_exit,8.0,-0.00037221959831779117,-0.001172219598317791,BULL
2025-12-26 05:00:00,2025-12-26 06:00:00,2025-12-26 14:00:00,DOWN,Strong,88954.7,87344.4,time_exit,8.0,0.018102472382010237,0.01730247238201024,BULL
2025-12-26 06:00:00,2025-12-26 07:00:00,2025-12-26 15:00:00,DOWN,Strong,89085.0,87100.0,time_exit,8.0,0.022282090138631694,0.021482090138631695,BULL
2025-12-26 16:00:00,2025-12-26 17:00:00,2025-12-27 01:00:00,UP,Moderate,86821.7,87431.6,time_exit,8.0,0.007024741510474941,0.006224741510474941,BEAR
2025-12-26 17:00:00,2025-12-26 18:00:00,2025-12-27 02:00:00,UP,Moderate,87288.5,87410.7,time_exit,8.0,0.0013999553205747972,0.0005999553205747972,BEAR
2025-12-26 19:00:00,2025-12-26 20:00:00,2025-12-27 04:00:00,DOWN,Moderate,87453.7,87428.0,time_exit,8.0,0.0002938697848118288,-0.0005061302151881712,CHOPPY
2025-12-26 21:00:00,2025-12-26 22:00:00,2025-12-27 06:00:00,DOWN,Moderate,87429.2,87426.8,time_exit,8.0,2.745078303356685e-05,-0.0007725492169664332,CHOPPY
2025-12-29 03:00:00,2025-12-29 04:00:00,2025-12-29 12:00:00,DOWN,Moderate,90091.5,87344.0,time_exit,8.0,0.030496772725506882,0.029696772725506883,CHOPPY
2025-12-29 04:00:00,2025-12-29 05:00:00,2025-12-29 13:00:00,DOWN,Strong,90100.1,87354.3,time_exit,8.0,0.03047499392342523,0.029674993923425232,CHOPPY
2025-12-29 05:00:00,2025-12-29 06:00:00,2025-12-29 14:00:00,DOWN,Strong,89950.8,87354.3,opp_signal,8.0,0.02886577995971129,0.028065779959711292,CHOPPY
2025-12-29 06:00:00,2025-12-29 07:00:00,2025-12-29 14:00:00,DOWN,Strong,89740.7,87354.3,opp_signal,7.0,0.026592170553606076,0.025792170553606077,CHOPPY
2025-12-29 07:00:00,2025-12-29 08:00:00,2025-12-29 14:00:00,DOWN,Strong,89583.0,87354.3,opp_signal,6.0,0.02487860419945742,0.024078604199457423,CHOPPY
2025-12-29 08:00:00,2025-12-29 09:00:00,2025-12-29 14:00:00,DOWN,Strong,89519.0,87354.3,opp_signal,5.0,0.024181458684748414,0.023381458684748415,CHOPPY
2025-12-29 09:00:00,2025-12-29 10:00:00,2025-12-29 14:00:00,DOWN,Strong,88068.2,87354.3,opp_signal,4.0,0.008106217681296934,0.007306217681296934,CHOPPY
2025-12-29 10:00:00,2025-12-29 11:00:00,2025-12-29 14:00:00,DOWN,Moderate,87747.2,87354.3,opp_signal,3.0,0.004477635753619369,0.003677635753619369,CHOPPY
2025-12-29 11:00:00,2025-12-29 12:00:00,2025-12-29 14:00:00,DOWN,Moderate,87529.1,87354.3,opp_signal,2.0,0.0019970501239017224,0.0011970501239017225,CHOPPY
2025-12-29 12:00:00,2025-12-29 13:00:00,2025-12-29 14:00:00,DOWN,Moderate,87343.9,87354.3,opp_signal,1.0,-0.00011906956295759663,-0.0009190695629575967,CHOPPY
2025-12-29 13:00:00,2025-12-29 14:00:00,2025-12-29 22:00:00,UP,Strong,87354.3,87317.0,time_exit,8.0,-0.00042699672483215156,-0.0012269967248321515,CHOPPY
2025-12-29 14:00:00,2025-12-29 15:00:00,2025-12-29 23:00:00,UP,Strong,87400.0,87203.3,time_exit,8.0,-0.002250572082379776,-0.003050572082379776,CHOPPY
2025-12-29 15:00:00,2025-12-29 16:00:00,2025-12-30 00:00:00,UP,Moderate,87636.4,87223.2,time_exit,8.0,-0.004714935802931142,-0.005514935802931142,CHOPPY
2025-12-29 19:00:00,2025-12-29 20:00:00,2025-12-30 04:00:00,DOWN,Moderate,87328.9,87262.0,time_exit,8.0,0.00076606942260804,-3.393057739196003e-05,CHOPPY
2025-12-29 22:00:00,2025-12-29 23:00:00,2025-12-30 07:00:00,DOWN,Moderate,87317.1,87457.5,time_exit,8.0,-0.001607932466836326,-0.002407932466836326,BEAR
2025-12-30 00:00:00,2025-12-30 01:00:00,2025-12-30 09:00:00,DOWN,Moderate,87223.2,87954.7,time_exit,8.0,-0.008386530189215646,-0.009186530189215647,CHOPPY
2025-12-30 02:00:00,2025-12-30 03:00:00,2025-12-30 11:00:00,UP,Moderate,87072.8,87875.2,time_exit,8.0,0.009215277331152683,0.008415277331152682,CHOPPY
2025-12-30 04:00:00,2025-12-30 05:00:00,2025-12-30 13:00:00,DOWN,Moderate,87262.1,88069.8,time_exit,8.0,-0.009256022946960929,-0.01005602294696093,CHOPPY
2025-12-30 08:00:00,2025-12-30 09:00:00,2025-12-30 14:00:00,UP,Moderate,87827.0,88069.9,opp_signal,5.0,0.0027656643173510354,0.0019656643173510354,CHOPPY
2025-12-30 10:00:00,2025-12-30 11:00:00,2025-12-30 14:00:00,UP,Moderate,87914.3,88069.9,opp_signal,3.0,0.0017699054647537515,0.0009699054647537515,CHOPPY
2025-12-30 12:00:00,2025-12-30 13:00:00,2025-12-30 21:00:00,DOWN,Moderate,87993.3,88245.5,time_exit,8.0,-0.0028661273074199745,-0.0036661273074199744,CHOPPY
2025-12-30 13:00:00,2025-12-30 14:00:00,2025-12-30 22:00:00,DOWN,Strong,88069.9,88387.7,time_exit,8.0,-0.003608497341316408,-0.004408497341316408,CHOPPY
2025-12-30 14:00:00,2025-12-30 15:00:00,2025-12-30 23:00:00,DOWN,Moderate,88831.5,88455.3,time_exit,8.0,0.004234984211681669,0.0034349842116816695,CHOPPY
2025-12-30 15:00:00,2025-12-30 16:00:00,2025-12-31 00:00:00,DOWN,Moderate,88966.8,88226.3,time_exit,8.0,0.008323329601604201,0.007523329601604201,CHOPPY
2025-12-30 16:00:00,2025-12-30 17:00:00,2025-12-30 19:00:00,UP,Moderate,88698.8,88259.7,opp_signal,2.0,-0.004950461562050479,-0.005750461562050479,CHOPPY
2025-12-30 17:00:00,2025-12-30 18:00:00,2025-12-31 02:00:00,DOWN,Moderate,88330.2,88639.3,time_exit,8.0,-0.003499369411594344,-0.0042993694115943445,CHOPPY
2025-12-30 18:00:00,2025-12-30 19:00:00,2025-12-31 03:00:00,DOWN,Strong,88259.7,88411.5,time_exit,8.0,-0.0017199242689471816,-0.0025199242689471816,CHOPPY
2025-12-30 19:00:00,2025-12-30 20:00:00,2025-12-31 04:00:00,DOWN,Strong,88189.8,88287.3,time_exit,8.0,-0.001105570031908476,-0.001905570031908476,CHOPPY
2025-12-30 20:00:00,2025-12-30 21:00:00,2025-12-31 05:00:00,DOWN,Strong,87900.2,88415.6,time_exit,8.0,-0.005863467887445184,-0.006663467887445184,CHOPPY
2025-12-30 21:00:00,2025-12-30 22:00:00,2025-12-31 06:00:00,DOWN,Strong,88245.5,88470.9,time_exit,8.0,-0.002554237893150235,-0.003354237893150235,CHOPPY
2025-12-30 22:00:00,2025-12-30 23:00:00,2025-12-31 07:00:00,DOWN,Moderate,88387.8,88569.0,time_exit,8.0,-0.002050056682030732,-0.002850056682030732,CHOPPY
2025-12-30 23:00:00,2025-12-31 00:00:00,2025-12-31 08:00:00,DOWN,Strong,88455.2,88391.2,time_exit,8.0,0.0007235301033743369,-7.646989662566316e-05,CHOPPY
2025-12-31 00:00:00,2025-12-31 01:00:00,2025-12-31 09:00:00,DOWN,Moderate,88226.2,88619.5,time_exit,8.0,-0.004457859456714619,-0.005257859456714619,CHOPPY
2025-12-31 01:00:00,2025-12-31 02:00:00,2025-12-31 10:00:00,DOWN,Moderate,88604.7,88804.6,time_exit,8.0,-0.0022560879953321678,-0.0030560879953321677,CHOPPY
2025-12-31 14:00:00,2025-12-31 15:00:00,2025-12-31 23:00:00,UP,Moderate,88443.4,87608.2,time_exit,8.0,-0.00944332759708466,-0.010243327597084661,CHOPPY
2025-12-31 15:00:00,2025-12-31 16:00:00,2026-01-01 00:00:00,UP,Moderate,87909.0,87773.4,time_exit,8.0,-0.0015425041804594253,-0.002342504180459425,CHOPPY
2025-12-31 16:00:00,2025-12-31 17:00:00,2026-01-01 01:00:00,UP,Strong,87625.9,87916.5,time_exit,8.0,0.0033163710729362528,0.002516371072936253,CHOPPY
2025-12-31 18:00:00,2025-12-31 19:00:00,2026-01-01 03:00:00,UP,Moderate,87655.9,87824.6,time_exit,8.0,0.0019245709644188924,0.0011245709644188925,CHOPPY
2025-12-31 19:00:00,2025-12-31 20:00:00,2026-01-01 04:00:00,UP,Moderate,87515.0,87567.0,time_exit,8.0,0.0005941838541965172,-0.00020581614580348284,CHOPPY
2025-12-31 20:00:00,2025-12-31 21:00:00,2026-01-01 05:00:00,UP,Moderate,87629.0,87674.7,time_exit,8.0,0.0005215168494447919,-0.0002784831505552081,CHOPPY
2026-01-01 04:00:00,2026-01-01 05:00:00,2026-01-01 13:00:00,UP,Moderate,87566.9,87871.7,time_exit,8.0,0.0034807672762195985,0.0026807672762195985,CHOPPY
2026-01-01 14:00:00,2026-01-01 15:00:00,2026-01-01 23:00:00,UP,Moderate,87917.6,88800.0,time_exit,8.0,0.010036670700747097,0.009236670700747096,CHOPPY
2026-01-01 23:00:00,2026-01-02 00:00:00,2026-01-02 08:00:00,UP,Moderate,88800.0,89138.2,time_exit,8.0,0.00380855855855855,0.0030085585585585503,CHOPPY
2026-01-03 20:00:00,2026-01-03 21:00:00,2026-01-04 05:00:00,DOWN,Moderate,90333.1,91437.0,time_exit,8.0,-0.012220326768371592,-0.013020326768371593,CHOPPY
2026-01-03 21:00:00,2026-01-03 22:00:00,2026-01-04 06:00:00,DOWN,Moderate,90530.3,91187.1,time_exit,8.0,-0.0072550295315492175,-0.008055029531549218,CHOPPY
2026-01-03 22:00:00,2026-01-03 23:00:00,2026-01-04 07:00:00,DOWN,Moderate,90557.4,91477.5,time_exit,8.0,-0.010160406548774592,-0.010960406548774592,CHOPPY
2026-01-03 23:00:00,2026-01-04 00:00:00,2026-01-04 08:00:00,DOWN,Moderate,90595.8,91325.7,time_exit,8.0,-0.008056664878504316,-0.008856664878504316,CHOPPY
2026-01-04 00:00:00,2026-01-04 01:00:00,2026-01-04 09:00:00,DOWN,Moderate,91301.4,91413.7,time_exit,8.0,-0.001229992092125709,-0.002029992092125709,CHOPPY
2026-01-04 01:00:00,2026-01-04 02:00:00,2026-01-04 10:00:00,DOWN,Moderate,91190.0,91553.4,time_exit,8.0,-0.003985086084000278,-0.004785086084000278,CHOPPY
2026-01-04 02:00:00,2026-01-04 03:00:00,2026-01-04 11:00:00,DOWN,Moderate,91099.2,91262.7,time_exit,8.0,-0.0017947468254386756,-0.0025947468254386755,CHOPPY
2026-01-04 03:00:00,2026-01-04 04:00:00,2026-01-04 12:00:00,DOWN,Moderate,91192.7,91096.4,time_exit,8.0,0.0010560055793940037,0.0002560055793940037,CHOPPY
2026-01-04 04:00:00,2026-01-04 05:00:00,2026-01-04 13:00:00,DOWN,Moderate,91354.9,91227.4,time_exit,8.0,0.0013956558433100286,0.0005956558433100285,CHOPPY
2026-01-04 09:00:00,2026-01-04 10:00:00,2026-01-04 18:00:00,DOWN,Moderate,91413.8,91168.0,time_exit,8.0,0.002688871920869751,0.001888871920869751,CHOPPY
2026-01-04 10:00:00,2026-01-04 11:00:00,2026-01-04 19:00:00,DOWN,Moderate,91553.4,91102.9,time_exit,8.0,0.004920625558417324,0.004120625558417324,CHOPPY
2026-01-05 02:00:00,2026-01-05 03:00:00,2026-01-05 11:00:00,DOWN,Moderate,92990.3,93093.3,time_exit,8.0,-0.0011076424100147086,-0.0019076424100147086,CHOPPY
2026-01-05 15:00:00,2026-01-05 16:00:00,2026-01-06 00:00:00,DOWN,Moderate,93900.0,93768.8,time_exit,8.0,0.0013972310969115886,0.0005972310969115886,CHOPPY
2026-01-05 16:00:00,2026-01-05 17:00:00,2026-01-06 01:00:00,DOWN,Moderate,93646.6,93736.0,time_exit,8.0,-0.0009546529185255892,-0.0017546529185255891,CHOPPY
2026-01-05 17:00:00,2026-01-05 18:00:00,2026-01-06 02:00:00,DOWN,Moderate,94273.0,93587.0,time_exit,8.0,0.007276738832963869,0.006476738832963869,CHOPPY
2026-01-05 18:00:00,2026-01-05 19:00:00,2026-01-06 03:00:00,DOWN,Moderate,94400.5,93725.8,time_exit,8.0,0.007147207906737729,0.006347207906737729,CHOPPY
2026-01-05 19:00:00,2026-01-05 20:00:00,2026-01-06 04:00:00,DOWN,Moderate,94248.6,93758.8,time_exit,8.0,0.005196894171372368,0.004396894171372368,CHOPPY
2026-01-05 20:00:00,2026-01-05 21:00:00,2026-01-06 05:00:00,DOWN,Moderate,94131.0,93552.0,time_exit,8.0,0.006151002326544974,0.005351002326544974,CHOPPY
2026-01-06 04:00:00,2026-01-06 05:00:00,2026-01-06 13:00:00,DOWN,Moderate,93758.8,93678.1,time_exit,8.0,0.0008607192071570235,6.071920715702351e-05,CHOPPY
2026-01-06 05:00:00,2026-01-06 06:00:00,2026-01-06 14:00:00,DOWN,Moderate,93552.0,93796.2,time_exit,8.0,-0.002610312981015772,-0.003410312981015772,CHOPPY
2026-01-06 06:00:00,2026-01-06 07:00:00,2026-01-06 15:00:00,DOWN,Moderate,93727.5,93608.2,time_exit,8.0,0.0012728388146489023,0.0004728388146489022,CHOPPY
2026-01-06 08:00:00,2026-01-06 09:00:00,2026-01-06 17:00:00,DOWN,Moderate,93196.9,91547.6,time_exit,8.0,0.017696940563473595,0.016896940563473597,CHOPPY
2026-01-06 09:00:00,2026-01-06 10:00:00,2026-01-06 18:00:00,DOWN,Moderate,93420.4,92006.4,time_exit,8.0,0.01513588038586866,0.01433588038586866,CHOPPY
2026-01-06 10:00:00,2026-01-06 11:00:00,2026-01-06 19:00:00,DOWN,Strong,93536.4,92062.2,time_exit,8.0,0.01576070919984085,0.01496070919984085,CHOPPY
2026-01-06 11:00:00,2026-01-06 12:00:00,2026-01-06 20:00:00,DOWN,Moderate,93800.0,92472.8,time_exit,8.0,0.014149253731343236,0.013349253731343236,CHOPPY
2026-01-06 12:00:00,2026-01-06 13:00:00,2026-01-06 21:00:00,DOWN,Moderate,93819.4,93207.8,time_exit,8.0,0.006518907603331403,0.005718907603331403,CHOPPY
2026-01-06 13:00:00,2026-01-06 14:00:00,2026-01-06 22:00:00,DOWN,Moderate,93678.0,93320.0,time_exit,8.0,0.00382160165673906,0.00302160165673906,CHOPPY
2026-01-06 14:00:00,2026-01-06 15:00:00,2026-01-06 23:00:00,DOWN,Moderate,93796.2,93708.0,time_exit,8.0,0.0009403366021224491,0.00014033660212244903,CHOPPY
2026-01-06 15:00:00,2026-01-06 16:00:00,2026-01-07 00:00:00,DOWN,Moderate,93608.2,92670.4,time_exit,8.0,0.010018353092998256,0.009218353092998255,CHOPPY
2026-01-06 16:00:00,2026-01-06 17:00:00,2026-01-07 01:00:00,DOWN,Moderate,92651.3,92405.7,time_exit,8.0,0.002650799287220007,0.001850799287220007,CHOPPY
2026-01-06 17:00:00,2026-01-06 18:00:00,2026-01-07 02:00:00,DOWN,Moderate,91547.5,92923.2,time_exit,8.0,-0.0150271716868291,-0.015827171686829098,CHOPPY
2026-01-06 19:00:00,2026-01-06 20:00:00,2026-01-07 04:00:00,DOWN,Moderate,92062.2,92637.3,time_exit,8.0,-0.006246863533567515,-0.007046863533567515,CHOPPY
2026-01-07 01:00:00,2026-01-07 02:00:00,2026-01-07 10:00:00,DOWN,Moderate,92405.6,91924.1,time_exit,8.0,0.005210723159635333,0.004410723159635333,BEAR
2026-01-07 03:00:00,2026-01-07 04:00:00,2026-01-07 12:00:00,DOWN,Moderate,92778.1,91953.4,time_exit,8.0,0.008888951164121806,0.008088951164121805,BEAR
2026-01-07 04:00:00,2026-01-07 05:00:00,2026-01-07 13:00:00,DOWN,Moderate,92637.3,91994.4,time_exit,8.0,0.006939969105317245,0.006139969105317245,BEAR
2026-01-07 05:00:00,2026-01-07 06:00:00,2026-01-07 14:00:00,DOWN,Moderate,92504.0,91920.8,time_exit,8.0,0.006304592233849271,0.005504592233849271,BEAR
2026-01-07 06:00:00,2026-01-07 07:00:00,2026-01-07 15:00:00,DOWN,Moderate,92576.4,91303.1,time_exit,8.0,0.013754045307443286,0.012954045307443285,CHOPPY
2026-01-07 07:00:00,2026-01-07 08:00:00,2026-01-07 16:00:00,DOWN,Moderate,92848.1,91229.9,time_exit,8.0,0.01742846649527574,0.016628466495275742,BEAR
2026-01-07 08:00:00,2026-01-07 09:00:00,2026-01-07 17:00:00,DOWN,Moderate,92680.4,91215.0,time_exit,8.0,0.015811325803513965,0.015011325803513964,BEAR
2026-01-07 11:00:00,2026-01-07 12:00:00,2026-01-07 20:00:00,DOWN,Moderate,92041.8,91015.6,time_exit,8.0,0.011149282173968711,0.01034928217396871,BEAR
2026-01-07 12:00:00,2026-01-07 13:00:00,2026-01-07 21:00:00,DOWN,Moderate,91953.3,91050.0,time_exit,8.0,0.009823464736991472,0.009023464736991471,BEAR
2026-01-07 17:00:00,2026-01-07 18:00:00,2026-01-08 02:00:00,DOWN,Moderate,91214.9,90925.6,time_exit,8.0,0.003171630950644988,0.002371630950644988,BEAR
2026-01-07 18:00:00,2026-01-07 19:00:00,2026-01-08 03:00:00,UP,Moderate,90857.4,90780.1,time_exit,8.0,-0.0008507837556432918,-0.0016507837556432917,BEAR
2026-01-11 20:00:00,2026-01-11 21:00:00,2026-01-12 05:00:00,DOWN,Moderate,90654.2,92066.6,time_exit,8.0,-0.01558008343794337,-0.01638008343794337,CHOPPY
2026-01-12 02:00:00,2026-01-12 03:00:00,2026-01-12 11:00:00,DOWN,Moderate,92168.8,90573.9,time_exit,8.0,0.017304120266294132,0.016504120266294133,CHOPPY
2026-01-12 03:00:00,2026-01-12 04:00:00,2026-01-12 12:00:00,DOWN,Moderate,91766.2,90741.6,time_exit,8.0,0.011165331026020353,0.010365331026020353,CHOPPY
2026-01-12 04:00:00,2026-01-12 05:00:00,2026-01-12 13:00:00,DOWN,Moderate,92126.6,90596.8,time_exit,8.0,0.01660541038093233,0.01580541038093233,CHOPPY
2026-01-12 05:00:00,2026-01-12 06:00:00,2026-01-12 14:00:00,DOWN,Moderate,92066.7,90852.8,time_exit,8.0,0.013185006087977458,0.012385006087977457,CHOPPY
2026-01-12 07:00:00,2026-01-12 08:00:00,2026-01-12 16:00:00,DOWN,Moderate,91369.2,92078.8,time_exit,8.0,-0.007766293236670663,-0.008566293236670663,CHOPPY
2026-01-12 14:00:00,2026-01-12 15:00:00,2026-01-12 23:00:00,UP,Moderate,90852.7,91252.6,time_exit,8.0,0.004401630331294593,0.0036016303312945926,CHOPPY
2026-01-13 08:00:00,2026-01-13 09:00:00,2026-01-13 17:00:00,DOWN,Moderate,92137.7,93190.6,time_exit,8.0,-0.011427461288918694,-0.012227461288918695,CHOPPY
2026-01-13 17:00:00,2026-01-13 18:00:00,2026-01-14 02:00:00,DOWN,Moderate,93190.5,95299.9,time_exit,8.0,-0.022635354462096302,-0.0234353544620963,CHOPPY
2026-01-14 03:00:00,2026-01-14 04:00:00,2026-01-14 12:00:00,DOWN,Moderate,95665.6,95041.5,time_exit,8.0,0.00652376611864669,0.00572376611864669,BULL
2026-01-16 04:00:00,2026-01-16 05:00:00,2026-01-16 13:00:00,DOWN,Strong,95233.4,95400.2,time_exit,8.0,-0.0017514863482770426,-0.0025514863482770426,CHOPPY
2026-01-16 05:00:00,2026-01-16 06:00:00,2026-01-16 14:00:00,DOWN,Moderate,95615.9,95137.0,time_exit,8.0,0.005008581208773788,0.004208581208773788,CHOPPY
2026-01-16 06:00:00,2026-01-16 07:00:00,2026-01-16 15:00:00,DOWN,Strong,95702.5,94537.5,time_exit,8.0,0.012173140722551712,0.011373140722551712,CHOPPY
2026-01-16 07:00:00,2026-01-16 08:00:00,2026-01-16 16:00:00,DOWN,Strong,95608.4,94826.6,time_exit,8.0,0.008177105777316562,0.007377105777316562,CHOPPY
2026-01-16 08:00:00,2026-01-16 09:00:00,2026-01-16 17:00:00,DOWN,Strong,95628.4,95041.6,time_exit,8.0,0.006136252410371745,0.005336252410371745,CHOPPY
2026-01-16 09:00:00,2026-01-16 10:00:00,2026-01-16 18:00:00,DOWN,Strong,95568.1,94966.6,time_exit,8.0,0.006293941179117302,0.005493941179117301,CHOPPY
2026-01-16 10:00:00,2026-01-16 11:00:00,2026-01-16 19:00:00,DOWN,Strong,95272.5,94961.0,time_exit,8.0,0.003269568868246364,0.0024695688682463642,CHOPPY
2026-01-16 11:00:00,2026-01-16 12:00:00,2026-01-16 20:00:00,DOWN,Strong,95382.5,95517.1,time_exit,8.0,-0.001411160328152583,-0.002211160328152583,CHOPPY
2026-01-16 12:00:00,2026-01-16 13:00:00,2026-01-16 21:00:00,DOWN,Strong,95414.6,95469.6,time_exit,8.0,-0.0005764316991319074,-0.0013764316991319073,CHOPPY
2026-01-16 13:00:00,2026-01-16 14:00:00,2026-01-16 22:00:00,DOWN,Strong,95400.1,95473.6,time_exit,8.0,-0.0007704394439838058,-0.0015704394439838057,CHOPPY
2026-01-16 14:00:00,2026-01-16 15:00:00,2026-01-16 23:00:00,DOWN,Strong,95137.0,95503.7,time_exit,8.0,-0.0038544414896413137,-0.004654441489641314,CHOPPY
2026-01-16 15:00:00,2026-01-16 16:00:00,2026-01-17 00:00:00,DOWN,Strong,94537.6,95416.9,time_exit,8.0,-0.009301061165081226,-0.010101061165081226,CHOPPY
2026-01-16 16:00:00,2026-01-16 17:00:00,2026-01-17 01:00:00,DOWN,Moderate,94826.5,95344.2,time_exit,8.0,-0.005459444353635323,-0.006259444353635324,CHOPPY
2026-01-16 17:00:00,2026-01-16 18:00:00,2026-01-17 02:00:00,DOWN,Moderate,95041.7,95318.9,time_exit,8.0,-0.0029166144965842022,-0.003716614496584202,CHOPPY
2026-01-16 19:00:00,2026-01-16 20:00:00,2026-01-17 04:00:00,DOWN,Moderate,94961.0,95267.4,time_exit,8.0,-0.00322658775707918,-0.0040265877570791805,CHOPPY
2026-01-16 20:00:00,2026-01-16 21:00:00,2026-01-17 05:00:00,DOWN,Moderate,95517.2,95270.5,time_exit,8.0,0.0025827809022876957,0.0017827809022876958,CHOPPY
2026-01-16 23:00:00,2026-01-17 00:00:00,2026-01-17 08:00:00,DOWN,Moderate,95503.8,95213.6,time_exit,8.0,0.0030386225469561934,0.0022386225469561935,CHOPPY
2026-01-17 00:00:00,2026-01-17 01:00:00,2026-01-17 09:00:00,DOWN,Moderate,95416.8,95219.5,time_exit,8.0,0.002067770036303873,0.0012677700363038732,CHOPPY
2026-01-17 14:00:00,2026-01-17 15:00:00,2026-01-17 23:00:00,DOWN,Moderate,95419.9,95107.9,time_exit,8.0,0.003269758195093453,0.002469758195093453,CHOPPY
2026-01-17 15:00:00,2026-01-17 16:00:00,2026-01-18 00:00:00,DOWN,Strong,95529.0,95073.1,time_exit,8.0,0.004772372787321122,0.0039723727873211215,CHOPPY
2026-01-17 17:00:00,2026-01-17 18:00:00,2026-01-18 02:00:00,DOWN,Moderate,95318.1,94989.0,time_exit,8.0,0.003452649601702107,0.002652649601702107,CHOPPY
2026-01-17 19:00:00,2026-01-17 20:00:00,2026-01-18 04:00:00,DOWN,Strong,95258.3,95057.4,time_exit,8.0,0.0021090025751038244,0.0013090025751038245,CHOPPY
2026-01-17 20:00:00,2026-01-17 21:00:00,2026-01-18 05:00:00,DOWN,Strong,95332.9,95154.5,time_exit,8.0,0.0018713371774067289,0.001071337177406729,CHOPPY
2026-01-17 21:00:00,2026-01-17 22:00:00,2026-01-18 06:00:00,DOWN,Strong,95272.7,95142.1,time_exit,8.0,0.001370801919122644,0.0005708019191226439,CHOPPY
2026-01-17 22:00:00,2026-01-17 23:00:00,2026-01-18 07:00:00,DOWN,Moderate,95120.8,94989.9,time_exit,8.0,0.0013761448600096982,0.0005761448600096981,CHOPPY
2026-01-17 23:00:00,2026-01-18 00:00:00,2026-01-18 08:00:00,DOWN,Strong,95107.9,95150.0,time_exit,8.0,-0.0004426551316978333,-0.0012426551316978333,CHOPPY
2026-01-18 00:00:00,2026-01-18 01:00:00,2026-01-18 09:00:00,DOWN,Moderate,95073.2,95233.3,time_exit,8.0,-0.0016839656180711593,-0.0024839656180711592,CHOPPY
2026-01-18 01:00:00,2026-01-18 02:00:00,2026-01-18 10:00:00,DOWN,Strong,94928.8,95139.9,time_exit,8.0,-0.002223771921692874,-0.003023771921692874,CHOPPY
2026-01-18 02:00:00,2026-01-18 03:00:00,2026-01-18 11:00:00,DOWN,Moderate,94989.1,95133.4,time_exit,8.0,-0.0015191216676437858,-0.0023191216676437857,CHOPPY
2026-01-18 03:00:00,2026-01-18 04:00:00,2026-01-18 12:00:00,DOWN,Moderate,95155.0,95071.4,time_exit,8.0,0.0008785665493142858,7.856654931428576e-05,CHOPPY
2026-01-20 05:00:00,2026-01-20 06:00:00,2026-01-20 14:00:00,UP,Strong,91590.1,90496.7,time_exit,8.0,-0.011937971461981278,-0.012737971461981279,CHOPPY
2026-01-20 06:00:00,2026-01-20 07:00:00,2026-01-20 15:00:00,UP,Strong,90894.5,90644.2,time_exit,8.0,-0.0027537419755870873,-0.0035537419755870873,CHOPPY
2026-01-20 08:00:00,2026-01-20 09:00:00,2026-01-20 17:00:00,UP,Strong,91078.9,89739.6,time_exit,8.0,-0.01470483284273294,-0.01550483284273294,CHOPPY
2026-01-20 12:00:00,2026-01-20 13:00:00,2026-01-20 17:00:00,DOWN,Moderate,91240.0,90131.8,opp_signal,4.0,0.01214598860149052,0.01134598860149052,CHOPPY
2026-01-20 13:00:00,2026-01-20 14:00:00,2026-01-20 22:00:00,UP,Moderate,90919.0,88469.0,time_exit,8.0,-0.026947062770158015,-0.027747062770158013,CHOPPY
2026-01-20 14:00:00,2026-01-20 15:00:00,2026-01-20 23:00:00,UP,Moderate,90496.6,88390.6,time_exit,8.0,-0.023271592523917972,-0.02407159252391797,CHOPPY
2026-01-20 16:00:00,2026-01-20 17:00:00,2026-01-21 01:00:00,UP,Strong,90131.8,88985.2,time_exit,8.0,-0.012721370259997089,-0.01352137025999709,CHOPPY
2026-01-20 17:00:00,2026-01-20 18:00:00,2026-01-21 02:00:00,UP,Strong,89739.6,89015.1,time_exit,8.0,-0.00807335891847083,-0.00887335891847083,CHOPPY
2026-01-20 18:00:00,2026-01-20 19:00:00,2026-01-21 03:00:00,UP,Strong,89471.5,89396.0,time_exit,8.0,-0.0008438441291360732,-0.0016438441291360731,CHOPPY
2026-01-20 19:00:00,2026-01-20 20:00:00,2026-01-21 04:00:00,UP,Strong,89694.1,89400.4,time_exit,8.0,-0.0032744628687952915,-0.004074462868795292,CHOPPY
2026-01-20 20:00:00,2026-01-20 21:00:00,2026-01-21 05:00:00,UP,Strong,89700.8,89919.9,time_exit,8.0,0.002442564614808296,0.0016425646148082959,CHOPPY
2026-01-20 21:00:00,2026-01-20 22:00:00,2026-01-21 06:00:00,UP,Moderate,89445.6,89618.4,time_exit,8.0,0.0019319005071236628,0.0011319005071236629,CHOPPY
2026-01-20 22:00:00,2026-01-20 23:00:00,2026-01-21 07:00:00,UP,Strong,88468.9,89171.3,time_exit,8.0,0.00793951320746622,0.00713951320746622,CHOPPY
2026-01-20 23:00:00,2026-01-21 00:00:00,2026-01-21 08:00:00,UP,Strong,88390.7,89160.4,time_exit,8.0,0.008707929680384918,0.007907929680384918,CHOPPY
2026-01-21 00:00:00,2026-01-21 01:00:00,2026-01-21 09:00:00,UP,Strong,88895.5,89068.5,time_exit,8.0,0.0019461052584213157,0.0011461052584213157,CHOPPY
2026-01-21 01:00:00,2026-01-21 02:00:00,2026-01-21 10:00:00,UP,Strong,88985.3,89201.0,time_exit,8.0,0.0024239958734757483,0.0016239958734757484,CHOPPY
2026-01-21 02:00:00,2026-01-21 03:00:00,2026-01-21 11:00:00,UP,Strong,89015.0,88757.1,time_exit,8.0,-0.0028972645059820445,-0.0036972645059820445,CHOPPY
2026-01-21 03:00:00,2026-01-21 04:00:00,2026-01-21 12:00:00,UP,Strong,89395.9,88692.5,time_exit,8.0,-0.007868369802194408,-0.008668369802194409,CHOPPY
2026-01-21 05:00:00,2026-01-21 06:00:00,2026-01-21 14:00:00,UP,Moderate,89919.9,89755.7,time_exit,8.0,-0.0018260696464297288,-0.0026260696464297287,CHOPPY
2026-01-21 06:00:00,2026-01-21 07:00:00,2026-01-21 12:00:00,DOWN,Moderate,89618.4,88757.0,opp_signal,5.0,0.00961186542049397,0.00881186542049397,CHOPPY
2026-01-21 10:00:00,2026-01-21 11:00:00,2026-01-21 12:00:00,DOWN,Moderate,89200.8,88757.0,opp_signal,1.0,0.004975291701419748,0.004175291701419748,CHOPPY
2026-01-21 11:00:00,2026-01-21 12:00:00,2026-01-21 20:00:00,UP,Strong,88757.0,90170.8,time_exit,8.0,0.015928884482350636,0.015128884482350636,CHOPPY
2026-01-21 12:00:00,2026-01-21 13:00:00,2026-01-21 21:00:00,UP,Strong,88692.5,90203.8,time_exit,8.0,0.01703977224680786,0.016239772246807862,CHOPPY
2026-01-21 13:00:00,2026-01-21 14:00:00,2026-01-21 22:00:00,UP,Strong,88631.1,89728.5,time_exit,8.0,0.012381658356942271,0.01158165835694227,BEAR
2026-01-21 14:00:00,2026-01-21 15:00:00,2026-01-21 23:00:00,UP,Strong,89755.7,89411.4,time_exit,8.0,-0.0038359680777934058,-0.004635968077793406,CHOPPY
2026-01-21 15:00:00,2026-01-21 16:00:00,2026-01-22 00:00:00,UP,Strong,90237.2,89869.6,time_exit,8.0,-0.004073707960796535,-0.004873707960796536,BEAR
2026-01-21 16:00:00,2026-01-21 17:00:00,2026-01-22 01:00:00,UP,Moderate,87562.3,90071.1,time_exit,8.0,0.028651600060756843,0.027851600060756845,BEAR
2026-01-21 17:00:00,2026-01-21 18:00:00,2026-01-22 02:00:00,UP,Strong,87897.0,90071.1,opp_signal,8.0,0.024734632581316918,0.02393463258131692,BEAR
2026-01-21 18:00:00,2026-01-21 19:00:00,2026-01-22 02:00:00,UP,Strong,88441.1,90071.1,opp_signal,7.0,0.018430345167574913,0.017630345167574914,BULL
2026-01-21 20:00:00,2026-01-21 21:00:00,2026-01-22 02:00:00,UP,Strong,90170.8,90071.1,opp_signal,5.0,-0.0011056794438997208,-0.0019056794438997208,BULL
2026-01-21 21:00:00,2026-01-21 22:00:00,2026-01-22 02:00:00,UP,Strong,90203.8,90071.1,opp_signal,4.0,-0.0014711131903533126,-0.0022711131903533125,BULL
2026-01-21 22:00:00,2026-01-21 23:00:00,2026-01-22 02:00:00,UP,Moderate,89728.4,90071.1,opp_signal,3.0,0.0038193035872702286,0.0030193035872702286,BULL
2026-01-21 23:00:00,2026-01-22 00:00:00,2026-01-22 02:00:00,UP,Strong,89411.4,90071.1,opp_signal,2.0,0.007378253779719568,0.006578253779719568,BULL
2026-01-22 01:00:00,2026-01-22 02:00:00,2026-01-22 10:00:00,DOWN,Strong,90071.1,90046.6,time_exit,8.0,0.0002720073364264053,-0.0005279926635735947,BULL
2026-01-22 02:00:00,2026-01-22 03:00:00,2026-01-22 11:00:00,DOWN,Moderate,89901.9,89909.6,time_exit,8.0,-8.564891287066168e-05,-0.0008856489128706617,BULL
2026-01-22 04:00:00,2026-01-22 05:00:00,2026-01-22 13:00:00,DOWN,Strong,89958.2,89570.0,time_exit,8.0,0.0043153375678925965,0.0035153375678925966,CHOPPY
2026-01-22 05:00:00,2026-01-22 06:00:00,2026-01-22 14:00:00,DOWN,Strong,89981.8,89055.0,time_exit,8.0,0.010299860638484648,0.009499860638484648,BULL
2026-01-22 06:00:00,2026-01-22 07:00:00,2026-01-22 15:00:00,DOWN,Strong,90122.9,88953.6,time_exit,8.0,0.012974504815091215,0.012174504815091214,BULL
2026-01-22 07:00:00,2026-01-22 08:00:00,2026-01-22 16:00:00,DOWN,Strong,89772.6,89006.9,time_exit,8.0,0.008529328547908999,0.007729328547908998,BULL
2026-01-22 08:00:00,2026-01-22 09:00:00,2026-01-22 17:00:00,DOWN,Moderate,89878.5,89500.0,time_exit,8.0,0.004211240730541799,0.0034112407305417988,BULL
2026-01-22 09:00:00,2026-01-22 10:00:00,2026-01-22 18:00:00,DOWN,Moderate,89994.9,89295.5,time_exit,8.0,0.0077715514990293055,0.006971551499029305,BULL
2026-01-22 10:00:00,2026-01-22 11:00:00,2026-01-22 19:00:00,DOWN,Moderate,90046.6,89732.9,time_exit,8.0,0.003483751746318098,0.002683751746318098,BULL
2026-01-22 11:00:00,2026-01-22 12:00:00,2026-01-22 20:00:00,DOWN,Strong,89909.7,89732.8,opp_signal,8.0,0.0019675296436312273,0.0011675296436312274,BULL
2026-01-22 12:00:00,2026-01-22 13:00:00,2026-01-22 20:00:00,DOWN,Strong,89985.7,89732.8,opp_signal,7.0,0.002810446548729306,0.0020104465487293063,BULL
2026-01-22 13:00:00,2026-01-22 14:00:00,2026-01-22 20:00:00,DOWN,Strong,89570.0,89732.8,opp_signal,6.0,-0.0018175728480518405,-0.0026175728480518404,BEAR
2026-01-22 14:00:00,2026-01-22 15:00:00,2026-01-22 20:00:00,DOWN,Moderate,89055.1,89732.8,opp_signal,5.0,-0.007609895446751391,-0.008409895446751392,BEAR
2026-01-22 15:00:00,2026-01-22 16:00:00,2026-01-22 17:00:00,UP,Moderate,88953.7,89006.9,opp_signal,1.0,0.0005980639366320872,-0.0002019360633679128,BULL
2026-01-22 16:00:00,2026-01-22 17:00:00,2026-01-22 20:00:00,DOWN,Strong,89006.9,89732.8,opp_signal,3.0,-0.008155547491262016,-0.008955547491262017,BULL
2026-01-22 17:00:00,2026-01-22 18:00:00,2026-01-22 20:00:00,DOWN,Strong,89500.0,89732.8,opp_signal,2.0,-0.0026011173184357084,-0.0034011173184357083,BULL
2026-01-22 18:00:00,2026-01-22 19:00:00,2026-01-23 03:00:00,UP,Moderate,89295.4,89611.3,opp_signal,8.0,0.0035376962307129833,0.0027376962307129834,CHOPPY
2026-01-22 19:00:00,2026-01-22 20:00:00,2026-01-23 03:00:00,UP,Strong,89732.8,89611.3,opp_signal,7.0,-0.0013540199347396031,-0.002154019934739603,CHOPPY
2026-01-22 20:00:00,2026-01-22 21:00:00,2026-01-23 03:00:00,UP,Moderate,89370.8,89611.3,opp_signal,6.0,0.0026910355507614447,0.0018910355507614448,CHOPPY
2026-01-22 21:00:00,2026-01-22 22:00:00,2026-01-23 03:00:00,UP,Moderate,89222.2,89611.3,opp_signal,5.0,0.00436102225679269,0.0035610222567926905,CHOPPY
2026-01-22 22:00:00,2026-01-22 23:00:00,2026-01-23 03:00:00,UP,Strong,89304.7,89611.3,opp_signal,4.0,0.0034331899664856724,0.0026331899664856725,CHOPPY
2026-01-23 01:00:00,2026-01-23 02:00:00,2026-01-23 10:00:00,DOWN,Moderate,89893.7,88940.0,opp_signal,8.0,0.01060919730748644,0.00980919730748644,CHOPPY
2026-01-23 02:00:00,2026-01-23 03:00:00,2026-01-23 10:00:00,DOWN,Strong,89611.3,88940.0,opp_signal,7.0,0.007491242733896342,0.006691242733896341,CHOPPY
2026-01-23 03:00:00,2026-01-23 04:00:00,2026-01-23 10:00:00,DOWN,Strong,89886.2,88940.0,opp_signal,6.0,0.010526643689465098,0.009726643689465098,CHOPPY
2026-01-23 04:00:00,2026-01-23 05:00:00,2026-01-23 10:00:00,DOWN,Strong,89922.6,88940.0,opp_signal,5.0,0.010927175148405466,0.010127175148405465,CHOPPY
2026-01-23 05:00:00,2026-01-23 06:00:00,2026-01-23 10:00:00,DOWN,Moderate,89573.8,88940.0,opp_signal,4.0,0.007075729733471259,0.006275729733471258,CHOPPY
2026-01-23 06:00:00,2026-01-23 07:00:00,2026-01-23 10:00:00,DOWN,Moderate,89475.0,88940.0,opp_signal,3.0,0.005979323833472994,0.005179323833472993,CHOPPY
2026-01-23 09:00:00,2026-01-23 10:00:00,2026-01-23 16:00:00,UP,Strong,88940.0,89711.2,opp_signal,6.0,0.008671014166854007,0.007871014166854007,CHOPPY
2026-01-23 10:00:00,2026-01-23 11:00:00,2026-01-23 16:00:00,UP,Strong,89016.6,89711.2,opp_signal,5.0,0.007803038983740018,0.007003038983740018,CHOPPY
2026-01-23 11:00:00,2026-01-23 12:00:00,2026-01-23 16:00:00,UP,Moderate,89171.3,89711.2,opp_signal,4.0,0.006054638656159517,0.005254638656159516,CHOPPY
2026-01-23 14:00:00,2026-01-23 15:00:00,2026-01-23 16:00:00,UP,Moderate,88976.0,89711.2,opp_signal,1.0,0.008262902355691493,0.007462902355691492,CHOPPY
2026-01-23 15:00:00,2026-01-23 16:00:00,2026-01-23 21:00:00,DOWN,Strong,89711.2,89456.5,opp_signal,5.0,0.0028391103897841274,0.0020391103897841275,CHOPPY
2026-01-23 16:00:00,2026-01-23 17:00:00,2026-01-23 21:00:00,DOWN,Strong,90079.1,89456.5,opp_signal,4.0,0.006911703158668403,0.006111703158668403,CHOPPY
2026-01-23 17:00:00,2026-01-23 18:00:00,2026-01-23 21:00:00,DOWN,Strong,90576.0,89456.5,opp_signal,3.0,0.012359786256845084,0.011559786256845084,CHOPPY
2026-01-23 18:00:00,2026-01-23 19:00:00,2026-01-23 21:00:00,DOWN,Strong,90486.3,89456.5,opp_signal,2.0,0.01138072835335302,0.01058072835335302,CHOPPY
2026-01-23 20:00:00,2026-01-23 21:00:00,2026-01-24 05:00:00,UP,Strong,89456.5,89744.5,time_exit,8.0,0.003219441851626259,0.002419441851626259,CHOPPY
2026-01-23 21:00:00,2026-01-23 22:00:00,2026-01-24 06:00:00,UP,Strong,89301.2,89612.4,time_exit,8.0,0.003484835590115143,0.002684835590115143,CHOPPY
2026-01-23 22:00:00,2026-01-23 23:00:00,2026-01-24 07:00:00,UP,Strong,89585.4,89581.2,time_exit,8.0,-4.688263935859194e-05,-0.000846882639358592,CHOPPY
2026-01-23 23:00:00,2026-01-24 00:00:00,2026-01-24 08:00:00,UP,Strong,89558.7,89635.2,time_exit,8.0,0.0008541883703090392,5.418837030903912e-05,CHOPPY
2026-01-24 00:00:00,2026-01-24 01:00:00,2026-01-24 09:00:00,UP,Strong,89414.2,89567.4,time_exit,8.0,0.0017133743857238315,0.0009133743857238315,CHOPPY
2026-01-24 01:00:00,2026-01-24 02:00:00,2026-01-24 10:00:00,UP,Strong,89512.8,89590.1,time_exit,8.0,0.0008635636467633212,6.356364676332116e-05,CHOPPY
2026-01-24 02:00:00,2026-01-24 03:00:00,2026-01-24 11:00:00,UP,Strong,89666.3,89548.5,time_exit,8.0,-0.001313760019093002,-0.002113760019093002,CHOPPY
2026-01-24 03:00:00,2026-01-24 04:00:00,2026-01-24 12:00:00,UP,Strong,89738.4,89497.6,time_exit,8.0,-0.0026833551745962803,-0.00348335517459628,CHOPPY
2026-01-24 05:00:00,2026-01-24 06:00:00,2026-01-24 14:00:00,UP,Moderate,89744.5,89407.7,time_exit,8.0,-0.003752876220826984,-0.004552876220826984,CHOPPY
2026-01-24 06:00:00,2026-01-24 07:00:00,2026-01-24 15:00:00,UP,Moderate,89612.4,89235.0,time_exit,8.0,-0.004211470733960887,-0.005011470733960887,CHOPPY
2026-01-24 07:00:00,2026-01-24 08:00:00,2026-01-24 16:00:00,UP,Moderate,89581.3,89248.6,time_exit,8.0,-0.003713944763025334,-0.0045139447630253345,CHOPPY
2026-01-24 08:00:00,2026-01-24 09:00:00,2026-01-24 17:00:00,UP,Moderate,89635.3,89369.6,time_exit,8.0,-0.002964233956934348,-0.003764233956934348,CHOPPY
2026-01-24 09:00:00,2026-01-24 10:00:00,2026-01-24 18:00:00,UP,Moderate,89567.5,89351.6,time_exit,8.0,-0.0024104725486364664,-0.0032104725486364664,CHOPPY
2026-01-24 10:00:00,2026-01-24 11:00:00,2026-01-24 19:00:00,UP,Moderate,89590.2,89286.0,time_exit,8.0,-0.003395460664224359,-0.004195460664224359,CHOPPY
2026-01-24 11:00:00,2026-01-24 12:00:00,2026-01-24 20:00:00,UP,Moderate,89548.5,89333.7,time_exit,8.0,-0.0023987001457310697,-0.0031987001457310696,CHOPPY
2026-01-24 12:00:00,2026-01-24 13:00:00,2026-01-24 21:00:00,UP,Moderate,89497.6,89340.6,time_exit,8.0,-0.0017542369851258899,-0.00255423698512589,CHOPPY
2026-01-24 13:00:00,2026-01-24 14:00:00,2026-01-24 22:00:00,UP,Moderate,89321.7,89390.0,time_exit,8.0,0.0007646518147326198,-3.5348185267380255e-05,CHOPPY
2026-01-24 14:00:00,2026-01-24 15:00:00,2026-01-24 23:00:00,UP,Moderate,89407.7,89180.7,time_exit,8.0,-0.0025389312106227635,-0.0033389312106227634,CHOPPY
2026-01-24 15:00:00,2026-01-24 16:00:00,2026-01-25 00:00:00,UP,Moderate,89234.9,89275.7,time_exit,8.0,0.00045722021316785266,-0.0003427797868321474,CHOPPY
2026-01-24 16:00:00,2026-01-24 17:00:00,2026-01-25 01:00:00,UP,Moderate,89248.6,89139.7,time_exit,8.0,-0.001220187207418455,-0.002020187207418455,CHOPPY
2026-01-24 17:00:00,2026-01-24 18:00:00,2026-01-25 02:00:00,UP,Moderate,89369.6,89105.0,time_exit,8.0,-0.002960738327126955,-0.003760738327126955,CHOPPY
2026-01-25 00:00:00,2026-01-25 01:00:00,2026-01-25 09:00:00,DOWN,Moderate,89275.7,88254.9,opp_signal,8.0,0.01143424246463487,0.010634242464634869,CHOPPY
2026-01-25 03:00:00,2026-01-25 04:00:00,2026-01-25 12:00:00,UP,Moderate,88920.0,88752.0,time_exit,8.0,-0.0018893387314440346,-0.0026893387314440346,CHOPPY
2026-01-25 08:00:00,2026-01-25 09:00:00,2026-01-25 17:00:00,UP,Strong,88254.9,87845.7,time_exit,8.0,-0.00463656975420057,-0.0054365697542005705,CHOPPY
2026-01-25 09:00:00,2026-01-25 10:00:00,2026-01-25 18:00:00,UP,Moderate,88361.5,87370.1,time_exit,8.0,-0.011219818586148844,-0.012019818586148845,CHOPPY
2026-01-25 19:00:00,2026-01-25 20:00:00,2026-01-26 04:00:00,UP,Moderate,86459.4,87700.0,time_exit,8.0,0.014348931405954835,0.013548931405954834,CHOPPY
2026-01-25 20:00:00,2026-01-25 21:00:00,2026-01-26 05:00:00,UP,Moderate,86618.4,87776.4,time_exit,8.0,0.013368983957219305,0.012568983957219304,CHOPPY
2026-01-25 21:00:00,2026-01-25 22:00:00,2026-01-26 06:00:00,UP,Moderate,86525.0,87902.6,time_exit,8.0,0.01592140999711078,0.01512140999711078,CHOPPY
2026-01-25 22:00:00,2026-01-25 23:00:00,2026-01-26 07:00:00,UP,Moderate,86489.0,87968.9,time_exit,8.0,0.017110846466024565,0.016310846466024567,CHOPPY
2026-01-25 23:00:00,2026-01-26 00:00:00,2026-01-26 08:00:00,UP,Moderate,86628.9,87947.3,time_exit,8.0,0.015218939637926976,0.014418939637926976,CHOPPY
2026-01-26 00:00:00,2026-01-26 01:00:00,2026-01-26 09:00:00,UP,Moderate,86808.5,87630.4,time_exit,8.0,0.00946796684656448,0.00866796684656448,CHOPPY
2026-01-26 01:00:00,2026-01-26 02:00:00,2026-01-26 10:00:00,UP,Moderate,87661.7,87858.1,time_exit,8.0,0.002240431111876884,0.0014404311118768839,CHOPPY
2026-01-26 03:00:00,2026-01-26 04:00:00,2026-01-26 12:00:00,UP,Moderate,87233.1,87762.1,time_exit,8.0,0.006064211864533098,0.005264211864533097,CHOPPY
2026-01-26 14:00:00,2026-01-26 15:00:00,2026-01-26 23:00:00,UP,Moderate,88137.0,88300.6,time_exit,8.0,0.001856201141404945,0.0010562011414049451,CHOPPY
2026-01-26 15:00:00,2026-01-26 16:00:00,2026-01-27 00:00:00,UP,Moderate,87609.4,88319.4,time_exit,8.0,0.008104153207304288,0.007304153207304287,CHOPPY
2026-01-26 16:00:00,2026-01-26 17:00:00,2026-01-27 01:00:00,UP,Moderate,87579.5,88523.6,time_exit,8.0,0.010779919958437745,0.009979919958437744,CHOPPY
2026-01-26 17:00:00,2026-01-26 18:00:00,2026-01-27 02:00:00,UP,Moderate,87657.4,88785.8,time_exit,8.0,0.012872843593353389,0.012072843593353389,BULL
2026-01-27 14:00:00,2026-01-27 15:00:00,2026-01-27 23:00:00,UP,Moderate,87712.2,89197.8,time_exit,8.0,0.016937210559078597,0.0161372105590786,CHOPPY
2026-01-27 19:00:00,2026-01-27 20:00:00,2026-01-28 04:00:00,DOWN,Moderate,88378.1,88944.0,time_exit,8.0,-0.006403170016101134,-0.007203170016101134,BULL
2026-01-27 23:00:00,2026-01-28 00:00:00,2026-01-28 08:00:00,DOWN,Moderate,89197.8,88901.1,time_exit,8.0,0.003326315223021181,0.0025263152230211813,BULL
2026-01-28 02:00:00,2026-01-28 03:00:00,2026-01-28 11:00:00,DOWN,Moderate,89245.1,90036.9,time_exit,8.0,-0.008872195784418224,-0.009672195784418225,CHOPPY
2026-01-28 11:00:00,2026-01-28 12:00:00,2026-01-28 20:00:00,UP,Moderate,90036.9,89099.9,time_exit,8.0,-0.010406844304946095,-0.011206844304946095,BULL
2026-01-28 12:00:00,2026-01-28 13:00:00,2026-01-28 21:00:00,UP,Moderate,89954.9,89369.3,time_exit,8.0,-0.006509928864353087,-0.007309928864353088,BULL
2026-01-28 14:00:00,2026-01-28 15:00:00,2026-01-28 23:00:00,UP,Moderate,89578.1,89261.7,time_exit,8.0,-0.003532113317875729,-0.0043321133178757295,BULL
2026-01-28 15:00:00,2026-01-28 16:00:00,2026-01-29 00:00:00,UP,Strong,89444.5,89112.0,time_exit,8.0,-0.00371738899541052,-0.00451738899541052,BULL
2026-01-28 16:00:00,2026-01-28 17:00:00,2026-01-29 01:00:00,UP,Moderate,89588.8,88561.7,time_exit,8.0,-0.011464602718196937,-0.012264602718196937,BULL
2026-01-28 17:00:00,2026-01-28 18:00:00,2026-01-29 02:00:00,UP,Moderate,90142.9,87857.9,time_exit,8.0,-0.02534864088020239,-0.026148640880202387,BULL
2026-01-28 18:00:00,2026-01-28 19:00:00,2026-01-29 03:00:00,UP,Moderate,89500.9,88003.2,time_exit,8.0,-0.01673390993833579,-0.017533909938335788,BULL
2026-01-28 19:00:00,2026-01-28 20:00:00,2026-01-29 04:00:00,UP,Moderate,89363.5,88269.9,time_exit,8.0,-0.012237658551869646,-0.013037658551869646,CHOPPY
2026-01-28 20:00:00,2026-01-28 21:00:00,2026-01-29 05:00:00,UP,Moderate,89100.0,88149.3,time_exit,8.0,-0.010670033670033607,-0.011470033670033608,CHOPPY
2026-01-28 21:00:00,2026-01-28 22:00:00,2026-01-29 06:00:00,UP,Moderate,89369.4,88281.1,time_exit,8.0,-0.012177546229469871,-0.012977546229469871,CHOPPY
2026-01-29 02:00:00,2026-01-29 03:00:00,2026-01-29 11:00:00,UP,Moderate,87857.9,87795.2,time_exit,8.0,-0.0007136523864103017,-0.0015136523864103016,BEAR
2026-01-29 03:00:00,2026-01-29 04:00:00,2026-01-29 12:00:00,UP,Moderate,88003.2,88073.8,time_exit,8.0,0.000802243554779869,2.2435547798689342e-06,BEAR
2026-01-29 12:00:00,2026-01-29 13:00:00,2026-01-29 19:00:00,DOWN,Moderate,88073.9,83440.8,opp_signal,6.0,0.05260468765434467,0.05180468765434467,CHOPPY
2026-01-29 13:00:00,2026-01-29 14:00:00,2026-01-29 19:00:00,DOWN,Moderate,88008.8,83440.8,opp_signal,5.0,0.05190390051903904,0.051103900519039035,CHOPPY
2026-01-29 15:00:00,2026-01-29 16:00:00,2026-01-30 00:00:00,UP,Moderate,84897.9,84157.4,time_exit,8.0,-0.00872224165733193,-0.009522241657331931,BEAR
2026-01-29 16:00:00,2026-01-29 17:00:00,2026-01-30 01:00:00,UP,Moderate,85230.3,82434.7,time_exit,8.0,-0.03280054159142942,-0.033600541591429424,BEAR
2026-01-29 17:00:00,2026-01-29 18:00:00,2026-01-30 02:00:00,UP,Moderate,84225.0,82128.1,time_exit,8.0,-0.02489640842980101,-0.025696408429801008,BEAR
2026-01-29 18:00:00,2026-01-29 19:00:00,2026-01-30 03:00:00,UP,Strong,83440.8,82640.9,time_exit,8.0,-0.009586437330418751,-0.010386437330418751,BEAR
2026-01-29 19:00:00,2026-01-29 20:00:00,2026-01-30 04:00:00,UP,Strong,83979.5,82906.6,time_exit,8.0,-0.012775736935799697,-0.013575736935799698,BEAR
2026-01-29 20:00:00,2026-01-29 21:00:00,2026-01-30 05:00:00,UP,Moderate,84186.4,82873.5,time_exit,8.0,-0.015595155512054149,-0.016395155512054147,BEAR
2026-01-30 00:00:00,2026-01-30 01:00:00,2026-01-30 09:00:00,UP,Moderate,84157.4,82320.5,time_exit,8.0,-0.02182695758186437,-0.02262695758186437,BEAR
2026-01-30 01:00:00,2026-01-30 02:00:00,2026-01-30 10:00:00,UP,Moderate,82434.7,82793.2,time_exit,8.0,0.00434889676313488,0.0035488967631348797,BEAR
2026-01-30 02:00:00,2026-01-30 03:00:00,2026-01-30 11:00:00,UP,Strong,82128.0,83104.8,time_exit,8.0,0.011893629456458221,0.01109362945645822,BEAR
2026-01-30 03:00:00,2026-01-30 04:00:00,2026-01-30 12:00:00,UP,Moderate,82640.9,82752.8,time_exit,8.0,0.0013540510812444229,0.0005540510812444228,BEAR
2026-01-30 04:00:00,2026-01-30 05:00:00,2026-01-30 13:00:00,UP,Moderate,82906.5,82704.9,time_exit,8.0,-0.002431654936585259,-0.003231654936585259,BEAR
2026-01-30 06:00:00,2026-01-30 07:00:00,2026-01-30 15:00:00,UP,Moderate,82560.8,82850.2,time_exit,8.0,0.003505295491322613,0.002705295491322613,BEAR
2026-01-30 09:00:00,2026-01-30 10:00:00,2026-01-30 18:00:00,UP,Moderate,82320.5,83897.3,time_exit,8.0,0.01915440260931356,0.01835440260931356,BEAR
2026-01-30 15:00:00,2026-01-30 16:00:00,2026-01-31 00:00:00,UP,Moderate,82850.1,84028.1,time_exit,8.0,0.014218449947555944,0.013418449947555944,BEAR
2026-01-30 17:00:00,2026-01-30 18:00:00,2026-01-31 02:00:00,UP,Moderate,82908.0,84085.6,time_exit,8.0,0.01420369566266233,0.01340369566266233,BULL
2026-01-31 08:00:00,2026-01-31 09:00:00,2026-01-31 17:00:00,UP,Moderate,83031.1,78857.1,time_exit,8.0,-0.050270320398019486,-0.05107032039801949,CHOPPY
2026-01-31 21:00:00,2026-01-31 22:00:00,2026-02-01 06:00:00,UP,Moderate,78252.5,78262.9,time_exit,8.0,0.00013290310213731615,-0.0006670968978626839,BEAR
2026-02-03 04:00:00,2026-02-03 05:00:00,2026-02-03 13:00:00,DOWN,Moderate,78767.5,78260.4,time_exit,8.0,0.006437934427270253,0.005637934427270253,BULL
2026-02-03 05:00:00,2026-02-03 06:00:00,2026-02-03 14:00:00,DOWN,Strong,78202.8,77164.5,time_exit,8.0,0.01327701821418159,0.01247701821418159,BULL
2026-02-03 06:00:00,2026-02-03 07:00:00,2026-02-03 15:00:00,DOWN,Moderate,78557.4,78094.1,time_exit,8.0,0.005897598443940222,0.0050975984439402214,BULL
2026-02-03 07:00:00,2026-02-03 08:00:00,2026-02-03 16:00:00,DOWN,Moderate,78750.0,76458.2,time_exit,8.0,0.02910222222222225,0.028302222222222253,BULL
2026-02-03 08:00:00,2026-02-03 09:00:00,2026-02-03 17:00:00,DOWN,Moderate,78708.7,74882.4,time_exit,8.0,0.04861343155203934,0.04781343155203934,BULL
2026-02-03 09:00:00,2026-02-03 10:00:00,2026-02-03 18:00:00,DOWN,Moderate,78351.4,73111.7,time_exit,8.0,0.06687436344468634,0.06607436344468634,BULL
2026-02-03 10:00:00,2026-02-03 11:00:00,2026-02-03 19:00:00,DOWN,Strong,78077.3,74893.8,time_exit,8.0,0.040773694787089254,0.03997369478708925,CHOPPY
2026-02-03 11:00:00,2026-02-03 12:00:00,2026-02-03 20:00:00,DOWN,Moderate,78040.1,76431.9,time_exit,8.0,0.02060735442420003,0.019807354424200032,CHOPPY
2026-02-03 12:00:00,2026-02-03 13:00:00,2026-02-03 21:00:00,DOWN,Strong,78289.8,76199.9,time_exit,8.0,0.026694409744309033,0.025894409744309035,CHOPPY
2026-02-03 13:00:00,2026-02-03 14:00:00,2026-02-03 22:00:00,DOWN,Strong,78260.4,75672.5,time_exit,8.0,0.03306780951796817,0.03226780951796817,BEAR
2026-02-03 14:00:00,2026-02-03 15:00:00,2026-02-03 23:00:00,DOWN,Moderate,77164.5,75732.4,time_exit,8.0,0.01855905241399869,0.01775905241399869,BEAR
2026-02-03 15:00:00,2026-02-03 16:00:00,2026-02-04 00:00:00,DOWN,Strong,78094.2,75871.0,time_exit,8.0,0.02846818329658285,0.02766818329658285,BEAR
2026-02-03 16:00:00,2026-02-03 17:00:00,2026-02-04 01:00:00,DOWN,Moderate,76458.2,76392.0,time_exit,8.0,0.000865832572569003,6.5832572569003e-05,BEAR
2026-02-03 17:00:00,2026-02-03 18:00:00,2026-02-04 02:00:00,DOWN,Moderate,74882.4,75926.8,time_exit,8.0,-0.01394720254692694,-0.01474720254692694,BEAR
2026-02-03 20:00:00,2026-02-03 21:00:00,2026-02-04 05:00:00,UP,Moderate,76431.9,76255.0,time_exit,8.0,-0.002314478640462858,-0.003114478640462858,BEAR
2026-02-03 22:00:00,2026-02-03 23:00:00,2026-02-04 07:00:00,UP,Moderate,75672.5,76478.9,time_exit,8.0,0.010656447190194429,0.009856447190194429,BEAR
2026-02-04 01:00:00,2026-02-04 02:00:00,2026-02-04 10:00:00,UP,Moderate,76392.1,76266.8,time_exit,8.0,-0.0016402219601241441,-0.002440221960124144,BEAR
2026-02-04 02:00:00,2026-02-04 03:00:00,2026-02-04 11:00:00,UP,Moderate,75926.9,75987.6,time_exit,8.0,0.0007994531582351527,-5.468417648473107e-07,BEAR
2026-02-04 03:00:00,2026-02-04 04:00:00,2026-02-04 12:00:00,UP,Strong,76661.1,76160.0,time_exit,8.0,-0.006536561567731303,-0.007336561567731303,BEAR
2026-02-04 08:00:00,2026-02-04 09:00:00,2026-02-04 17:00:00,UP,Moderate,76541.2,72544.2,time_exit,8.0,-0.052220242170229914,-0.053020242170229916,BEAR
2026-02-04 09:00:00,2026-02-04 10:00:00,2026-02-04 18:00:00,UP,Moderate,76082.0,73398.4,time_exit,8.0,-0.035272469177992205,-0.03607246917799221,BEAR
2026-02-04 11:00:00,2026-02-04 12:00:00,2026-02-04 20:00:00,UP,Moderate,75987.6,73488.9,time_exit,8.0,-0.0328829966994616,-0.0336829966994616,BEAR
2026-02-04 13:00:00,2026-02-04 14:00:00,2026-02-04 22:00:00,DOWN,Moderate,74838.3,72511.1,time_exit,8.0,0.031096377122409202,0.030296377122409204,BEAR
2026-02-04 15:00:00,2026-02-04 16:00:00,2026-02-05 00:00:00,DOWN,Moderate,74107.0,72838.9,time_exit,8.0,0.017111743829867687,0.01631174382986769,BEAR
2026-02-04 17:00:00,2026-02-04 18:00:00,2026-02-05 02:00:00,DOWN,Moderate,72544.3,71429.1,time_exit,8.0,0.015372675730553564,0.014572675730553564,CHOPPY
2026-02-04 20:00:00,2026-02-04 21:00:00,2026-02-05 05:00:00,DOWN,Moderate,73488.9,70694.9,time_exit,8.0,0.03801934713949995,0.037219347139499946,BEAR
2026-02-04 21:00:00,2026-02-04 22:00:00,2026-02-05 06:00:00,DOWN,Strong,72772.9,70911.4,time_exit,8.0,0.0255795770128715,0.024779577012871503,BEAR
2026-02-04 22:00:00,2026-02-04 23:00:00,2026-02-05 07:00:00,DOWN,Moderate,72511.0,70716.1,time_exit,8.0,0.024753485678034925,0.023953485678034927,BEAR
2026-02-04 23:00:00,2026-02-05 00:00:00,2026-02-05 08:00:00,DOWN,Moderate,73137.5,71020.9,time_exit,8.0,0.028940010254657422,0.028140010254657424,BEAR
2026-02-05 00:00:00,2026-02-05 01:00:00,2026-02-05 09:00:00,DOWN,Moderate,72838.9,71531.7,time_exit,8.0,0.01794645443574794,0.01714645443574794,BEAR
2026-02-05 01:00:00,2026-02-05 02:00:00,2026-02-05 10:00:00,DOWN,Moderate,72389.1,70820.3,time_exit,8.0,0.021671771026300912,0.020871771026300914,BEAR
2026-02-05 04:00:00,2026-02-05 05:00:00,2026-02-05 13:00:00,DOWN,Moderate,70863.9,69656.3,time_exit,8.0,0.01704111684510723,0.01624111684510723,BEAR
2026-02-05 16:00:00,2026-02-05 17:00:00,2026-02-06 01:00:00,UP,Moderate,68262.7,65666.0,time_exit,8.0,-0.038039807977123585,-0.03883980797712359,BEAR
2026-02-05 20:00:00,2026-02-05 21:00:00,2026-02-06 05:00:00,UP,Moderate,63750.9,66365.3,time_exit,8.0,0.04100961711913098,0.04020961711913098,BEAR
2026-02-05 22:00:00,2026-02-05 23:00:00,2026-02-06 07:00:00,UP,Moderate,63878.7,64811.2,time_exit,8.0,0.014597980234412944,0.013797980234412944,BEAR
2026-02-05 23:00:00,2026-02-06 00:00:00,2026-02-06 08:00:00,UP,Moderate,62868.1,64850.1,time_exit,8.0,0.03152632257058818,0.030726322570588185,BEAR
2026-02-06 02:00:00,2026-02-06 03:00:00,2026-02-06 11:00:00,UP,Moderate,64955.6,66586.1,time_exit,8.0,0.025101761818842494,0.024301761818842495,BEAR
2026-02-06 06:00:00,2026-02-06 07:00:00,2026-02-06 15:00:00,UP,Moderate,64947.6,68577.5,time_exit,8.0,0.055889671057899104,0.0550896710578991,BEAR
2026-02-07 04:00:00,2026-02-07 05:00:00,2026-02-07 13:00:00,UP,Moderate,70728.6,69062.8,time_exit,8.0,-0.023552000180973476,-0.024352000180973474,BULL
2026-02-07 05:00:00,2026-02-07 06:00:00,2026-02-07 14:00:00,UP,Moderate,70124.6,68615.9,time_exit,8.0,-0.021514561223878848,-0.022314561223878846,BULL
2026-02-07 06:00:00,2026-02-07 07:00:00,2026-02-07 15:00:00,UP,Moderate,68733.6,69122.1,time_exit,8.0,0.00565225741122255,0.0048522574112225495,BULL
2026-02-07 07:00:00,2026-02-07 08:00:00,2026-02-07 16:00:00,UP,Moderate,68050.5,68924.3,time_exit,8.0,0.012840464067126689,0.012040464067126689,BULL
2026-02-07 08:00:00,2026-02-07 09:00:00,2026-02-07 17:00:00,UP,Moderate,68458.6,69154.3,time_exit,8.0,0.010162346293964397,0.009362346293964397,BULL
2026-02-07 09:00:00,2026-02-07 10:00:00,2026-02-07 18:00:00,UP,Moderate,68107.3,69475.0,time_exit,8.0,0.02008154779296789,0.019281547792967892,BULL
2026-02-07 11:00:00,2026-02-07 12:00:00,2026-02-07 20:00:00,UP,Moderate,67935.0,69596.5,time_exit,8.0,0.024457201736954426,0.023657201736954427,BULL
2026-02-07 12:00:00,2026-02-07 13:00:00,2026-02-07 21:00:00,UP,Moderate,68988.7,69466.3,time_exit,8.0,0.006922872876282682,0.0061228728762826815,BULL
2026-02-07 13:00:00,2026-02-07 14:00:00,2026-02-07 22:00:00,UP,Moderate,69062.9,69368.2,time_exit,8.0,0.004420607880642136,0.0036206078806421357,BULL
2026-02-07 15:00:00,2026-02-07 16:00:00,2026-02-08 00:00:00,UP,Moderate,69122.1,69100.2,time_exit,8.0,-0.0003168306518466224,-0.0011168306518466223,BEAR
2026-02-07 16:00:00,2026-02-07 17:00:00,2026-02-08 01:00:00,UP,Moderate,68924.4,69341.5,time_exit,8.0,0.006051557938843155,0.005251557938843155,BEAR
2026-02-07 17:00:00,2026-02-07 18:00:00,2026-02-08 02:00:00,UP,Moderate,69154.2,69335.7,time_exit,8.0,0.00262456944046785,0.00182456944046785,CHOPPY
2026-02-07 19:00:00,2026-02-07 20:00:00,2026-02-08 04:00:00,UP,Moderate,69341.3,69303.4,time_exit,8.0,-0.0005465718121813179,-0.0013465718121813178,CHOPPY
2026-02-07 20:00:00,2026-02-07 21:00:00,2026-02-08 05:00:00,UP,Moderate,69596.5,69190.7,time_exit,8.0,-0.005830752983267851,-0.006630752983267851,BEAR
2026-02-07 21:00:00,2026-02-07 22:00:00,2026-02-08 06:00:00,UP,Moderate,69466.2,69321.8,time_exit,8.0,-0.0020787087821126926,-0.0028787087821126925,BEAR
2026-02-07 22:00:00,2026-02-07 23:00:00,2026-02-08 07:00:00,UP,Moderate,69368.2,69665.0,time_exit,8.0,0.004278617579813293,0.003478617579813293,BEAR
2026-02-07 23:00:00,2026-02-08 00:00:00,2026-02-08 08:00:00,UP,Moderate,69254.3,70624.5,time_exit,8.0,0.019785053058077207,0.018985053058077208,BEAR
2026-02-08 00:00:00,2026-02-08 01:00:00,2026-02-08 09:00:00,UP,Moderate,69100.3,70066.8,time_exit,8.0,0.01398691467330826,0.013186914673308259,BEAR
2026-02-08 01:00:00,2026-02-08 02:00:00,2026-02-08 10:00:00,UP,Moderate,69341.4,70231.1,time_exit,8.0,0.01283071873368602,0.01203071873368602,BEAR
2026-02-08 02:00:00,2026-02-08 03:00:00,2026-02-08 11:00:00,UP,Moderate,69335.7,70954.0,time_exit,8.0,0.023340068680347992,0.022540068680347993,BEAR
2026-02-08 03:00:00,2026-02-08 04:00:00,2026-02-08 12:00:00,UP,Moderate,69064.7,71203.4,time_exit,8.0,0.030966615362116867,0.03016661536211687,BEAR
2026-02-08 04:00:00,2026-02-08 05:00:00,2026-02-08 13:00:00,UP,Moderate,69303.4,71472.6,time_exit,8.0,0.031300051656917516,0.030500051656917517,BEAR
2026-02-08 05:00:00,2026-02-08 06:00:00,2026-02-08 14:00:00,UP,Moderate,69190.8,71218.3,time_exit,8.0,0.02930302872636248,0.02850302872636248,BULL
2026-02-08 06:00:00,2026-02-08 07:00:00,2026-02-08 15:00:00,UP,Moderate,69321.7,71152.6,time_exit,8.0,0.026411643107425276,0.025611643107425277,BULL
2026-02-08 09:00:00,2026-02-08 10:00:00,2026-02-08 18:00:00,UP,Moderate,70066.9,71103.1,time_exit,8.0,0.014788723348685417,0.013988723348685417,BULL
2026-02-08 10:00:00,2026-02-08 11:00:00,2026-02-08 19:00:00,UP,Moderate,70231.1,71381.0,time_exit,8.0,0.016373088275706937,0.015573088275706937,BULL
2026-02-08 16:00:00,2026-02-08 17:00:00,2026-02-09 01:00:00,UP,Moderate,70388.6,70328.0,time_exit,8.0,-0.0008609348672938832,-0.0016609348672938832,BULL
2026-02-08 17:00:00,2026-02-08 18:00:00,2026-02-09 02:00:00,UP,Moderate,70754.4,70593.0,time_exit,8.0,-0.002281130219463301,-0.003081130219463301,BULL
2026-02-08 18:00:00,2026-02-08 19:00:00,2026-02-09 03:00:00,UP,Moderate,71103.0,71269.9,time_exit,8.0,0.0023472989887909357,0.0015472989887909358,BULL
2026-02-08 19:00:00,2026-02-08 20:00:00,2026-02-09 04:00:00,UP,Moderate,71381.0,70967.0,time_exit,8.0,-0.005799862708563919,-0.006599862708563919,BULL
2026-02-08 20:00:00,2026-02-08 21:00:00,2026-02-09 05:00:00,UP,Strong,70801.5,71014.2,time_exit,8.0,0.003004173640388963,0.002204173640388963,BULL
2026-02-08 21:00:00,2026-02-08 22:00:00,2026-02-09 06:00:00,UP,Moderate,70665.5,70622.4,time_exit,8.0,-0.0006099157297408953,-0.0014099157297408952,BULL
2026-02-08 22:00:00,2026-02-08 23:00:00,2026-02-09 07:00:00,UP,Moderate,71036.2,70393.5,time_exit,8.0,-0.009047499725492014,-0.009847499725492015,BULL
2026-02-08 23:00:00,2026-02-09 00:00:00,2026-02-09 08:00:00,UP,Strong,70288.2,69832.2,time_exit,8.0,-0.006487575439405147,-0.007287575439405147,BULL
2026-02-09 00:00:00,2026-02-09 01:00:00,2026-02-09 09:00:00,UP,Strong,70453.8,69588.0,time_exit,8.0,-0.012288904218083374,-0.013088904218083374,BULL
2026-02-09 01:00:00,2026-02-09 02:00:00,2026-02-09 10:00:00,UP,Strong,70327.9,68694.0,time_exit,8.0,-0.023232600433113926,-0.024032600433113924,BULL
2026-02-09 02:00:00,2026-02-09 03:00:00,2026-02-09 11:00:00,UP,Strong,70593.1,68899.9,time_exit,8.0,-0.023985347009835456,-0.024785347009835455,BULL
2026-02-09 03:00:00,2026-02-09 04:00:00,2026-02-09 12:00:00,UP,Moderate,71269.8,69109.7,time_exit,8.0,-0.03030877033470003,-0.03110877033470003,BULL
2026-02-09 07:00:00,2026-02-09 08:00:00,2026-02-09 16:00:00,DOWN,Moderate,70393.5,70049.1,time_exit,8.0,0.004892497176585797,0.004092497176585797,BEAR
2026-02-09 08:00:00,2026-02-09 09:00:00,2026-02-09 17:00:00,DOWN,Moderate,69832.1,70570.6,time_exit,8.0,-0.010575365770183032,-0.011375365770183032,BEAR
2026-02-09 22:00:00,2026-02-09 23:00:00,2026-02-10 07:00:00,DOWN,Moderate,70334.2,68882.1,time_exit,8.0,0.020645717161778876,0.019845717161778877,CHOPPY
2026-02-09 23:00:00,2026-02-10 00:00:00,2026-02-10 08:00:00,DOWN,Moderate,70110.6,69091.9,time_exit,8.0,0.01452989990101372,0.01372989990101372,BEAR
2026-02-10 00:00:00,2026-02-10 01:00:00,2026-02-10 09:00:00,DOWN,Moderate,69793.3,69115.0,time_exit,8.0,0.009718697926591857,0.008918697926591857,CHOPPY
2026-02-10 06:00:00,2026-02-10 07:00:00,2026-02-10 15:00:00,DOWN,Moderate,68872.4,69251.5,time_exit,8.0,-0.005504382016598974,-0.006304382016598975,BEAR
2026-02-10 07:00:00,2026-02-10 08:00:00,2026-02-10 16:00:00,DOWN,Moderate,68882.2,69473.5,time_exit,8.0,-0.008584220596903114,-0.009384220596903114,BEAR
2026-02-10 08:00:00,2026-02-10 09:00:00,2026-02-10 17:00:00,DOWN,Moderate,69091.8,69886.6,time_exit,8.0,-0.011503535875458493,-0.012303535875458493,BEAR
2026-02-10 09:00:00,2026-02-10 10:00:00,2026-02-10 18:00:00,DOWN,Moderate,69115.0,68860.0,time_exit,8.0,0.003689503002242689,0.002889503002242689,CHOPPY
2026-02-10 11:00:00,2026-02-10 12:00:00,2026-02-10 20:00:00,DOWN,Moderate,68489.9,68719.2,time_exit,8.0,-0.003347938893179858,-0.0041479388931798585,BEAR
2026-02-10 12:00:00,2026-02-10 13:00:00,2026-02-10 21:00:00,DOWN,Moderate,68564.7,68623.3,time_exit,8.0,-0.000854667197552228,-0.001654667197552228,BULL
2026-02-10 13:00:00,2026-02-10 14:00:00,2026-02-10 22:00:00,DOWN,Moderate,68981.8,68662.7,time_exit,8.0,0.004625857834965275,0.0038258578349652747,BEAR
2026-02-10 16:00:00,2026-02-10 17:00:00,2026-02-11 01:00:00,DOWN,Moderate,69473.5,68947.5,time_exit,8.0,0.0075712321964489515,0.006771232196448951,BEAR
2026-02-10 23:00:00,2026-02-11 00:00:00,2026-02-11 08:00:00,DOWN,Moderate,68805.3,66950.3,time_exit,8.0,0.026960132431658623,0.026160132431658625,BEAR
2026-02-11 00:00:00,2026-02-11 01:00:00,2026-02-11 09:00:00,DOWN,Moderate,69156.9,66848.6,time_exit,8.0,0.03337772514383941,0.03257772514383941,BEAR
2026-02-11 01:00:00,2026-02-11 02:00:00,2026-02-11 10:00:00,DOWN,Moderate,68947.5,66506.0,time_exit,8.0,0.035411001124043606,0.034611001124043604,BEAR
2026-02-11 02:00:00,2026-02-11 03:00:00,2026-02-11 11:00:00,DOWN,Moderate,68641.3,67023.0,time_exit,8.0,0.023576185182972997,0.022776185182973,BEAR
2026-02-11 06:00:00,2026-02-11 07:00:00,2026-02-11 15:00:00,UP,Moderate,66786.3,66489.3,time_exit,8.0,-0.0044470198229277225,-0.005247019822927723,BEAR
2026-02-11 10:00:00,2026-02-11 11:00:00,2026-02-11 19:00:00,UP,Moderate,66506.1,67547.7,time_exit,8.0,0.015661721255644023,0.014861721255644023,BEAR
2026-02-11 20:00:00,2026-02-11 21:00:00,2026-02-12 05:00:00,DOWN,Moderate,67523.3,67110.1,time_exit,8.0,0.006119369165902722,0.005319369165902721,BEAR
2026-02-11 22:00:00,2026-02-11 23:00:00,2026-02-12 07:00:00,DOWN,Moderate,67392.1,67181.5,time_exit,8.0,0.003124995362958072,0.002324995362958072,BEAR
2026-02-12 00:00:00,2026-02-12 01:00:00,2026-02-12 09:00:00,DOWN,Moderate,67431.7,67517.7,time_exit,8.0,-0.0012753645540599656,-0.0020753645540599656,BEAR
2026-02-12 01:00:00,2026-02-12 02:00:00,2026-02-12 10:00:00,DOWN,Moderate,67668.3,67979.5,time_exit,8.0,-0.004598903770303142,-0.0053989037703031425,BEAR
2026-02-12 02:00:00,2026-02-12 03:00:00,2026-02-12 11:00:00,DOWN,Moderate,67408.3,68031.8,time_exit,8.0,-0.009249602793721223,-0.010049602793721224,BEAR
2026-02-12 03:00:00,2026-02-12 04:00:00,2026-02-12 12:00:00,DOWN,Moderate,67550.3,67832.4,time_exit,8.0,-0.004176147256192753,-0.004976147256192753,BEAR
2026-02-12 04:00:00,2026-02-12 05:00:00,2026-02-12 13:00:00,DOWN,Moderate,66989.8,68339.9,time_exit,8.0,-0.02015381446130582,-0.020953814461305818,CHOPPY
2026-02-12 08:00:00,2026-02-12 09:00:00,2026-02-12 17:00:00,DOWN,Moderate,67107.4,65383.9,time_exit,8.0,0.025682711593654206,0.024882711593654207,BULL
2026-02-12 09:00:00,2026-02-12 10:00:00,2026-02-12 18:00:00,DOWN,Moderate,67517.7,65559.4,time_exit,8.0,0.029004246293934832,0.028204246293934834,BULL
2026-02-12 10:00:00,2026-02-12 11:00:00,2026-02-12 19:00:00,DOWN,Moderate,67979.4,65760.7,time_exit,8.0,0.03263782851863939,0.03183782851863939,BULL
2026-02-12 15:00:00,2026-02-12 16:00:00,2026-02-13 00:00:00,UP,Moderate,67107.0,65881.4,time_exit,8.0,-0.018263370438255433,-0.01906337043825543,CHOPPY
2026-02-12 17:00:00,2026-02-12 18:00:00,2026-02-13 02:00:00,UP,Moderate,65383.8,66627.9,time_exit,8.0,0.019027649050682216,0.018227649050682217,BEAR
2026-02-12 18:00:00,2026-02-12 19:00:00,2026-02-13 03:00:00,UP,Moderate,65559.4,66519.6,time_exit,8.0,0.014646259727819633,0.013846259727819632,BEAR
2026-02-12 19:00:00,2026-02-12 20:00:00,2026-02-13 04:00:00,UP,Moderate,65760.7,66299.9,time_exit,8.0,0.00819942610099944,0.00739942610099944,BEAR
2026-02-15 04:00:00,2026-02-15 05:00:00,2026-02-15 13:00:00,UP,Moderate,70156.9,69285.0,opp_signal,8.0,-0.012427858129421265,-0.013227858129421266,CHOPPY
2026-02-15 07:00:00,2026-02-15 08:00:00,2026-02-15 09:00:00,DOWN,Moderate,70784.0,70405.1,opp_signal,1.0,0.0053529046112115175,0.004552904611211517,CHOPPY
2026-02-15 08:00:00,2026-02-15 09:00:00,2026-02-15 13:00:00,UP,Strong,70405.1,69285.0,opp_signal,4.0,-0.015909358839061416,-0.016709358839061415,CHOPPY
2026-02-15 10:00:00,2026-02-15 11:00:00,2026-02-15 13:00:00,UP,Strong,70389.6,69285.0,opp_signal,2.0,-0.015692659142828025,-0.016492659142828024,CHOPPY
2026-02-15 12:00:00,2026-02-15 13:00:00,2026-02-15 17:00:00,DOWN,Strong,69285.0,68977.6,opp_signal,4.0,0.004436746770585143,0.0036367467705851427,CHOPPY
2026-02-15 14:00:00,2026-02-15 15:00:00,2026-02-15 23:00:00,UP,Moderate,69139.9,68796.9,time_exit,8.0,-0.004960955974769976,-0.0057609559747699764,CHOPPY
2026-02-15 15:00:00,2026-02-15 16:00:00,2026-02-16 00:00:00,UP,Moderate,69068.1,68810.4,time_exit,8.0,-0.0037311001750447437,-0.004531100175044744,CHOPPY
2026-02-15 16:00:00,2026-02-15 17:00:00,2026-02-16 01:00:00,UP,Strong,68977.6,68590.8,time_exit,8.0,-0.005607617545406063,-0.006407617545406063,CHOPPY
2026-02-15 17:00:00,2026-02-15 18:00:00,2026-02-16 02:00:00,UP,Strong,68607.8,68295.1,time_exit,8.0,-0.004557790805127082,-0.0053577908051270825,CHOPPY
2026-02-15 18:00:00,2026-02-15 19:00:00,2026-02-16 03:00:00,UP,Strong,68420.0,68392.6,time_exit,8.0,-0.000400467699502971,-0.001200467699502971,CHOPPY
2026-02-15 19:00:00,2026-02-15 20:00:00,2026-02-16 04:00:00,UP,Strong,68263.7,68832.4,time_exit,8.0,0.008330928443667673,0.007530928443667673,CHOPPY
2026-02-15 20:00:00,2026-02-15 21:00:00,2026-02-16 05:00:00,UP,Strong,68420.1,68832.4,opp_signal,8.0,0.006026006977481568,0.005226006977481568,CHOPPY
2026-02-15 21:00:00,2026-02-15 22:00:00,2026-02-15 23:00:00,DOWN,Moderate,68809.0,68962.2,opp_signal,1.0,-0.002226452934935841,-0.0030264529349358408,CHOPPY
2026-02-15 22:00:00,2026-02-15 23:00:00,2026-02-16 05:00:00,UP,Strong,68962.2,68832.4,opp_signal,6.0,-0.0018821905333646916,-0.0026821905333646915,CHOPPY
2026-02-15 23:00:00,2026-02-16 00:00:00,2026-02-16 05:00:00,UP,Strong,68796.9,68832.4,opp_signal,5.0,0.0005160116226166078,-0.0002839883773833922,CHOPPY
2026-02-16 04:00:00,2026-02-16 05:00:00,2026-02-16 06:00:00,DOWN,Strong,68832.4,68350.1,opp_signal,1.0,0.007006874669486907,0.006206874669486906,CHOPPY
2026-02-16 05:00:00,2026-02-16 06:00:00,2026-02-16 11:00:00,UP,Strong,68350.1,68762.0,opp_signal,5.0,0.006026326223370404,0.005226326223370404,CHOPPY
2026-02-16 06:00:00,2026-02-16 07:00:00,2026-02-16 11:00:00,UP,Strong,68414.8,68762.0,opp_signal,4.0,0.0050749253085589086,0.004274925308558908,CHOPPY
2026-02-16 07:00:00,2026-02-16 08:00:00,2026-02-16 11:00:00,UP,Strong,68552.5,68762.0,opp_signal,3.0,0.0030560519310018908,0.002256051931001891,CHOPPY
2026-02-16 09:00:00,2026-02-16 10:00:00,2026-02-16 16:00:00,DOWN,Moderate,68961.0,67505.5,opp_signal,6.0,0.021106132451675585,0.020306132451675587,CHOPPY
2026-02-16 10:00:00,2026-02-16 11:00:00,2026-02-16 16:00:00,DOWN,Strong,68762.0,67505.5,opp_signal,5.0,0.0182731741368779,0.017473174136877902,CHOPPY
2026-02-16 12:00:00,2026-02-16 13:00:00,2026-02-16 16:00:00,DOWN,Strong,69739.3,67505.5,opp_signal,3.0,0.03203072012480768,0.031230720124807678,BEAR
2026-02-16 13:00:00,2026-02-16 14:00:00,2026-02-16 16:00:00,DOWN,Strong,68355.5,67505.5,opp_signal,2.0,0.01243499060061004,0.01163499060061004,BEAR
2026-02-16 14:00:00,2026-02-16 15:00:00,2026-02-16 16:00:00,DOWN,Strong,68386.6,67505.5,opp_signal,1.0,0.01288410302603149,0.01208410302603149,BEAR
2026-02-16 15:00:00,2026-02-16 16:00:00,2026-02-17 00:00:00,UP,Strong,67505.5,68849.9,time_exit,8.0,0.01991541429957544,0.01911541429957544,BEAR
2026-02-16 16:00:00,2026-02-16 17:00:00,2026-02-17 01:00:00,UP,Strong,67854.1,68582.6,time_exit,8.0,0.010736270910674417,0.009936270910674417,BEAR
2026-02-16 17:00:00,2026-02-16 18:00:00,2026-02-17 02:00:00,UP,Strong,67917.2,68806.3,time_exit,8.0,0.013090940144764529,0.012290940144764529,BEAR
2026-02-16 18:00:00,2026-02-16 19:00:00,2026-02-17 03:00:00,UP,Strong,67833.0,68443.6,time_exit,8.0,0.009001518434980094,0.008201518434980093,BEAR
2026-02-16 19:00:00,2026-02-16 20:00:00,2026-02-17 04:00:00,UP,Strong,67883.5,68450.1,time_exit,8.0,0.00834665272120616,0.00754665272120616,CHOPPY
2026-02-16 20:00:00,2026-02-16 21:00:00,2026-02-17 05:00:00,UP,Strong,68508.9,68207.3,time_exit,8.0,-0.004402347724164146,-0.005202347724164147,CHOPPY
2026-02-16 21:00:00,2026-02-16 22:00:00,2026-02-17 06:00:00,UP,Strong,68835.2,68370.8,time_exit,8.0,-0.0067465482776253305,-0.007546548277625331,BEAR
2026-02-16 22:00:00,2026-02-16 23:00:00,2026-02-17 07:00:00,UP,Strong,68561.1,68353.4,time_exit,8.0,-0.0030294146389134857,-0.0038294146389134857,CHOPPY
2026-02-16 23:00:00,2026-02-17 00:00:00,2026-02-17 08:00:00,UP,Strong,68862.6,68140.0,time_exit,8.0,-0.010493359239993949,-0.01129335923999395,CHOPPY
2026-02-17 00:00:00,2026-02-17 01:00:00,2026-02-17 09:00:00,UP,Moderate,68849.9,68087.1,time_exit,8.0,-0.01107917368071687,-0.01187917368071687,CHOPPY
2026-02-17 01:00:00,2026-02-17 02:00:00,2026-02-17 10:00:00,UP,Strong,68582.7,67822.1,time_exit,8.0,-0.011090260371784622,-0.011890260371784622,BULL
2026-02-17 02:00:00,2026-02-17 03:00:00,2026-02-17 11:00:00,UP,Strong,68806.3,67824.4,time_exit,8.0,-0.014270495579620013,-0.015070495579620013,CHOPPY
2026-02-17 03:00:00,2026-02-17 04:00:00,2026-02-17 12:00:00,UP,Strong,68443.6,67893.2,time_exit,8.0,-0.008041657656815415,-0.008841657656815416,BEAR
2026-02-19 04:00:00,2026-02-19 05:00:00,2026-02-19 13:00:00,DOWN,Moderate,66776.5,65871.2,time_exit,8.0,0.013557164571368685,0.012757164571368685,CHOPPY
2026-02-19 05:00:00,2026-02-19 06:00:00,2026-02-19 14:00:00,DOWN,Moderate,66847.6,65871.2,opp_signal,8.0,0.014606358343456027,0.013806358343456027,CHOPPY
2026-02-19 06:00:00,2026-02-19 07:00:00,2026-02-19 14:00:00,DOWN,Moderate,67123.8,65871.2,opp_signal,7.0,0.018661041240215948,0.01786104124021595,CHOPPY
2026-02-19 10:00:00,2026-02-19 11:00:00,2026-02-19 14:00:00,DOWN,Moderate,66810.0,65871.2,opp_signal,3.0,0.01405178865439305,0.013251788654393049,CHOPPY
2026-02-19 12:00:00,2026-02-19 13:00:00,2026-02-19 21:00:00,UP,Moderate,66489.5,66893.2,time_exit,8.0,0.006071635370998418,0.005271635370998418,CHOPPY
2026-02-19 13:00:00,2026-02-19 14:00:00,2026-02-19 22:00:00,UP,Strong,65871.2,66873.9,time_exit,8.0,0.015222130460656569,0.014422130460656568,BEAR
2026-02-19 14:00:00,2026-02-19 15:00:00,2026-02-19 23:00:00,UP,Strong,66382.0,66974.0,time_exit,8.0,0.008918080202464429,0.008118080202464429,CHOPPY
2026-02-19 15:00:00,2026-02-19 16:00:00,2026-02-20 00:00:00,UP,Strong,66362.6,67190.1,time_exit,8.0,0.01246937280938365,0.01166937280938365,CHOPPY
2026-02-19 16:00:00,2026-02-19 17:00:00,2026-02-20 01:00:00,UP,Strong,66267.6,67249.2,time_exit,8.0,0.014812668634445636,0.014012668634445636,CHOPPY
2026-02-19 17:00:00,2026-02-19 18:00:00,2026-02-20 02:00:00,UP,Strong,66336.0,67208.1,time_exit,8.0,0.013146707670043556,0.012346707670043556,CHOPPY
2026-02-19 20:00:00,2026-02-19 21:00:00,2026-02-20 05:00:00,DOWN,Moderate,67118.6,67756.0,time_exit,8.0,-0.009496622396772292,-0.010296622396772292,CHOPPY
2026-02-20 03:00:00,2026-02-20 04:00:00,2026-02-20 12:00:00,DOWN,Moderate,67327.2,67498.9,time_exit,8.0,-0.002550232298387467,-0.003350232298387467,CHOPPY
2026-02-20 04:00:00,2026-02-20 05:00:00,2026-02-20 13:00:00,DOWN,Moderate,67228.5,66784.8,time_exit,8.0,0.0065998795153840994,0.005799879515384099,CHOPPY
2026-02-20 05:00:00,2026-02-20 06:00:00,2026-02-20 14:00:00,DOWN,Moderate,67756.1,67043.2,time_exit,8.0,0.01052156189627218,0.00972156189627218,CHOPPY
2026-02-20 07:00:00,2026-02-20 08:00:00,2026-02-20 15:00:00,DOWN,Strong,67794.8,67043.2,opp_signal,7.0,0.011086396006773414,0.010286396006773413,CHOPPY
2026-02-20 08:00:00,2026-02-20 09:00:00,2026-02-20 15:00:00,DOWN,Strong,67839.8,67043.2,opp_signal,6.0,0.011742369523495166,0.010942369523495166,CHOPPY
2026-02-20 09:00:00,2026-02-20 10:00:00,2026-02-20 15:00:00,DOWN,Moderate,68174.2,67043.2,opp_signal,5.0,0.016589853639646712,0.015789853639646714,CHOPPY
2026-02-20 11:00:00,2026-02-20 12:00:00,2026-02-20 20:00:00,UP,Moderate,67290.4,67719.7,time_exit,8.0,0.0063798104930272714,0.005579810493027271,CHOPPY
2026-02-20 14:00:00,2026-02-20 15:00:00,2026-02-20 23:00:00,UP,Strong,67043.2,67979.3,time_exit,8.0,0.01396263901484418,0.01316263901484418,CHOPPY
2026-02-20 15:00:00,2026-02-20 16:00:00,2026-02-21 00:00:00,DOWN,Moderate,67547.6,67805.2,time_exit,8.0,-0.003813606997139729,-0.004613606997139729,CHOPPY
2026-02-20 16:00:00,2026-02-20 17:00:00,2026-02-21 01:00:00,UP,Moderate,67763.2,67916.1,time_exit,8.0,0.002256386947487865,0.0014563869474878651,CHOPPY
2026-02-20 17:00:00,2026-02-20 18:00:00,2026-02-21 02:00:00,UP,Moderate,67581.9,67970.3,time_exit,8.0,0.005747100924951898,0.0049471009249518975,CHOPPY
2026-02-20 18:00:00,2026-02-20 19:00:00,2026-02-21 03:00:00,UP,Moderate,67901.0,67637.0,time_exit,8.0,-0.0038880134313191705,-0.004688013431319171,CHOPPY
2026-02-20 19:00:00,2026-02-20 20:00:00,2026-02-21 04:00:00,UP,Moderate,67616.5,67782.2,time_exit,8.0,0.0024505852861358424,0.0016505852861358424,CHOPPY
2026-02-20 20:00:00,2026-02-20 21:00:00,2026-02-21 05:00:00,UP,Moderate,67719.4,67827.1,time_exit,8.0,0.0015903862113368916,0.0007903862113368916,CHOPPY
2026-02-20 21:00:00,2026-02-20 22:00:00,2026-02-21 06:00:00,UP,Moderate,67792.3,67759.5,time_exit,8.0,-0.0004838307595406155,-0.0012838307595406154,CHOPPY
2026-02-20 22:00:00,2026-02-20 23:00:00,2026-02-21 07:00:00,DOWN,Moderate,68049.8,67821.0,time_exit,8.0,0.0033622435334123013,0.0025622435334123014,CHOPPY
2026-02-21 07:00:00,2026-02-21 08:00:00,2026-02-21 16:00:00,UP,Moderate,67821.0,68292.4,time_exit,8.0,0.006950649503840944,0.006150649503840944,CHOPPY
2026-02-21 14:00:00,2026-02-21 15:00:00,2026-02-21 23:00:00,DOWN,Moderate,68416.6,67933.1,time_exit,8.0,0.007066998360047094,0.006266998360047094,CHOPPY
2026-02-21 15:00:00,2026-02-21 16:00:00,2026-02-22 00:00:00,DOWN,Moderate,68571.5,67912.0,time_exit,8.0,0.00961769831489756,0.00881769831489756,CHOPPY
2026-02-21 16:00:00,2026-02-21 17:00:00,2026-02-22 01:00:00,DOWN,Moderate,68292.3,68132.3,time_exit,8.0,0.00234287027966551,0.00154287027966551,CHOPPY
2026-02-21 17:00:00,2026-02-21 18:00:00,2026-02-22 02:00:00,DOWN,Moderate,68408.8,67871.5,time_exit,8.0,0.00785425266924722,0.007054252669247219,CHOPPY
2026-02-21 18:00:00,2026-02-21 19:00:00,2026-02-22 03:00:00,DOWN,Moderate,68547.3,68010.5,time_exit,8.0,0.007831088897739313,0.007031088897739313,CHOPPY
2026-02-21 19:00:00,2026-02-21 20:00:00,2026-02-22 04:00:00,DOWN,Moderate,68516.3,67950.2,time_exit,8.0,0.008262267518824085,0.007462267518824084,CHOPPY
2026-02-21 20:00:00,2026-02-21 21:00:00,2026-02-22 05:00:00,DOWN,Strong,68180.9,67944.5,time_exit,8.0,0.003467246692255399,0.002667246692255399,CHOPPY
2026-02-21 21:00:00,2026-02-21 22:00:00,2026-02-22 06:00:00,DOWN,Moderate,68351.1,68006.4,time_exit,8.0,0.005043079043351328,0.004243079043351328,CHOPPY
2026-02-21 22:00:00,2026-02-21 23:00:00,2026-02-22 07:00:00,DOWN,Moderate,67936.7,67973.0,time_exit,8.0,-0.0005343209193264808,-0.0013343209193264808,CHOPPY
2026-02-22 02:00:00,2026-02-22 03:00:00,2026-02-22 11:00:00,DOWN,Moderate,67871.5,68183.4,time_exit,8.0,-0.0045954487524217935,-0.005395448752421794,CHOPPY
2026-02-22 04:00:00,2026-02-22 05:00:00,2026-02-22 13:00:00,DOWN,Moderate,67950.2,67622.4,time_exit,8.0,0.004824121194639597,0.004024121194639596,CHOPPY
2026-02-22 05:00:00,2026-02-22 06:00:00,2026-02-22 14:00:00,DOWN,Moderate,67944.5,67420.1,time_exit,8.0,0.007718064008124137,0.006918064008124137,CHOPPY
2026-02-22 08:00:00,2026-02-22 09:00:00,2026-02-22 17:00:00,DOWN,Moderate,67909.3,67365.0,time_exit,8.0,0.008015102497007098,0.007215102497007098,CHOPPY
2026-02-22 09:00:00,2026-02-22 10:00:00,2026-02-22 18:00:00,DOWN,Moderate,68022.4,67392.3,time_exit,8.0,0.009263125088206148,0.008463125088206147,CHOPPY
2026-02-22 10:00:00,2026-02-22 11:00:00,2026-02-22 19:00:00,DOWN,Moderate,68096.6,67402.2,time_exit,8.0,0.010197278571911217,0.009397278571911217,CHOPPY
2026-02-22 11:00:00,2026-02-22 12:00:00,2026-02-22 20:00:00,DOWN,Moderate,68183.4,67374.9,time_exit,8.0,0.011857724900782296,0.011057724900782296,CHOPPY
2026-02-22 12:00:00,2026-02-22 13:00:00,2026-02-22 21:00:00,DOWN,Moderate,67892.4,67576.2,time_exit,8.0,0.004657369602488637,0.003857369602488637,CHOPPY
2026-02-22 15:00:00,2026-02-22 16:00:00,2026-02-23 00:00:00,UP,Moderate,67660.0,66705.8,time_exit,8.0,-0.014102867277564268,-0.014902867277564269,CHOPPY
2026-02-22 17:00:00,2026-02-22 18:00:00,2026-02-23 02:00:00,UP,Moderate,67364.9,64742.4,time_exit,8.0,-0.03892976906371115,-0.03972976906371115,CHOPPY
2026-02-23 02:00:00,2026-02-23 03:00:00,2026-02-23 11:00:00,UP,Strong,64742.5,66170.8,time_exit,8.0,0.022061242614974663,0.021261242614974665,BEAR
2026-02-23 03:00:00,2026-02-23 04:00:00,2026-02-23 12:00:00,DOWN,Moderate,64894.1,66249.9,time_exit,8.0,-0.02089250024270295,-0.021692500242702948,BEAR
2026-02-27 04:00:00,2026-02-27 05:00:00,2026-02-27 13:00:00,UP,Strong,67709.1,66240.0,time_exit,8.0,-0.021697231243658632,-0.02249723124365863,CHOPPY
2026-02-27 05:00:00,2026-02-27 06:00:00,2026-02-27 14:00:00,UP,Moderate,67685.8,65855.5,time_exit,8.0,-0.02704112236244538,-0.02784112236244538,CHOPPY
2026-02-27 08:00:00,2026-02-27 09:00:00,2026-02-27 10:00:00,DOWN,Moderate,67897.5,67318.3,opp_signal,1.0,0.00853050554144108,0.00773050554144108,CHOPPY
2026-02-27 09:00:00,2026-02-27 10:00:00,2026-02-27 18:00:00,UP,Strong,67318.3,65284.8,time_exit,8.0,-0.030207239339080205,-0.031007239339080204,CHOPPY
2026-02-27 10:00:00,2026-02-27 11:00:00,2026-02-27 19:00:00,UP,Strong,66575.2,65365.4,time_exit,8.0,-0.018171931890553772,-0.01897193189055377,BEAR
2026-02-27 11:00:00,2026-02-27 12:00:00,2026-02-27 20:00:00,UP,Strong,66094.0,65564.2,time_exit,8.0,-0.008015856204799277,-0.008815856204799277,BEAR
2026-02-27 12:00:00,2026-02-27 13:00:00,2026-02-27 21:00:00,UP,Moderate,65902.5,65502.3,time_exit,8.0,-0.006072607260726004,-0.006872607260726004,BEAR
2026-02-27 13:00:00,2026-02-27 14:00:00,2026-02-27 22:00:00,UP,Strong,66240.0,65609.0,time_exit,8.0,-0.00952596618357493,-0.01032596618357493,BEAR
2026-02-27 14:00:00,2026-02-27 15:00:00,2026-02-27 23:00:00,UP,Strong,65855.4,65836.0,time_exit,8.0,-0.0002945848024610287,-0.0010945848024610286,BEAR
2026-02-27 15:00:00,2026-02-27 16:00:00,2026-02-28 00:00:00,UP,Strong,66072.5,65906.3,time_exit,8.0,-0.002515418668886382,-0.003315418668886382,BEAR
2026-02-27 16:00:00,2026-02-27 17:00:00,2026-02-28 01:00:00,UP,Strong,65449.3,65747.2,time_exit,8.0,0.004551614761349576,0.003751614761349576,BEAR
2026-02-27 17:00:00,2026-02-27 18:00:00,2026-02-28 02:00:00,UP,Moderate,65672.9,65926.9,time_exit,8.0,0.003867653172008545,0.003067653172008545,CHOPPY
2026-02-27 18:00:00,2026-02-27 19:00:00,2026-02-28 03:00:00,UP,Moderate,65284.8,65927.0,opp_signal,8.0,0.009836899247604336,0.009036899247604336,CHOPPY
2026-02-27 19:00:00,2026-02-27 20:00:00,2026-02-28 03:00:00,UP,Moderate,65365.4,65927.0,opp_signal,7.0,0.008591701420017195,0.0077917014200171945,CHOPPY
2026-02-27 20:00:00,2026-02-27 21:00:00,2026-02-28 03:00:00,UP,Moderate,65564.3,65927.0,opp_signal,6.0,0.005531973955338554,0.0047319739553385535,CHOPPY
2026-02-27 22:00:00,2026-02-27 23:00:00,2026-02-28 03:00:00,UP,Moderate,65609.0,65927.0,opp_signal,4.0,0.004846896005121337,0.004046896005121337,BEAR
2026-02-28 00:00:00,2026-02-28 01:00:00,2026-02-28 08:00:00,DOWN,Moderate,65906.3,63787.4,opp_signal,7.0,0.032150188980416106,0.031350188980416104,BEAR
2026-02-28 01:00:00,2026-02-28 02:00:00,2026-02-28 08:00:00,DOWN,Moderate,65747.3,63787.4,opp_signal,6.0,0.029809589139021653,0.029009589139021654,BEAR
2026-02-28 02:00:00,2026-02-28 03:00:00,2026-02-28 08:00:00,DOWN,Strong,65927.0,63787.4,opp_signal,5.0,0.03245407799535849,0.031654077995358486,CHOPPY
2026-02-28 05:00:00,2026-02-28 06:00:00,2026-02-28 14:00:00,UP,Moderate,65558.6,64402.4,time_exit,8.0,-0.01763613011870302,-0.018436130118703018,BEAR
2026-02-28 06:00:00,2026-02-28 07:00:00,2026-02-28 15:00:00,UP,Moderate,63173.8,64800.0,time_exit,8.0,0.02574168405256594,0.02494168405256594,BEAR
2026-02-28 07:00:00,2026-02-28 08:00:00,2026-02-28 16:00:00,UP,Strong,63787.4,65053.8,time_exit,8.0,0.019853450681482476,0.019053450681482478,BEAR
2026-02-28 08:00:00,2026-02-28 09:00:00,2026-02-28 17:00:00,UP,Strong,63439.6,65395.4,time_exit,8.0,0.030829324270644776,0.030029324270644777,BEAR
2026-02-28 09:00:00,2026-02-28 10:00:00,2026-02-28 18:00:00,UP,Strong,63621.3,65873.0,time_exit,8.0,0.03539223499048272,0.034592234990482716,BEAR
2026-02-28 10:00:00,2026-02-28 11:00:00,2026-02-28 19:00:00,UP,Strong,63964.5,66318.1,time_exit,8.0,0.03679540995395891,0.03599540995395891,BEAR
2026-02-28 11:00:00,2026-02-28 12:00:00,2026-02-28 20:00:00,UP,Strong,63810.4,66918.6,time_exit,8.0,0.04870992816218056,0.04790992816218056,BEAR
2026-02-28 12:00:00,2026-02-28 13:00:00,2026-02-28 21:00:00,UP,Strong,63979.9,66684.8,time_exit,8.0,0.042277340227165006,0.041477340227165004,BEAR
2026-02-28 13:00:00,2026-02-28 14:00:00,2026-02-28 22:00:00,UP,Strong,65069.5,67081.4,time_exit,8.0,0.030919247881111556,0.030119247881111557,BEAR
2026-02-28 14:00:00,2026-02-28 15:00:00,2026-02-28 23:00:00,UP,Strong,64402.5,66937.1,time_exit,8.0,0.03935561507705465,0.03855561507705465,BEAR
2026-02-28 15:00:00,2026-02-28 16:00:00,2026-03-01 00:00:00,UP,Strong,64800.1,66755.6,time_exit,8.0,0.030177422565706102,0.029377422565706104,BEAR
2026-02-28 16:00:00,2026-02-28 17:00:00,2026-03-01 01:00:00,UP,Strong,65053.7,67311.6,time_exit,8.0,0.03470824872374689,0.03390824872374689,CHOPPY
2026-02-28 17:00:00,2026-02-28 18:00:00,2026-03-01 02:00:00,UP,Strong,65395.3,67588.3,time_exit,8.0,0.033534520064897544,0.03273452006489754,BULL
2026-02-28 18:00:00,2026-02-28 19:00:00,2026-03-01 03:00:00,UP,Strong,65872.9,67474.7,time_exit,8.0,0.024316524701356812,0.023516524701356813,BULL
2026-02-28 19:00:00,2026-02-28 20:00:00,2026-03-01 04:00:00,UP,Strong,66318.1,67474.8,opp_signal,8.0,0.017441693896538046,0.016641693896538048,BULL
2026-02-28 21:00:00,2026-02-28 22:00:00,2026-03-01 04:00:00,UP,Moderate,66684.8,67474.8,opp_signal,6.0,0.011846777676471909,0.011046777676471909,BULL
2026-02-28 22:00:00,2026-02-28 23:00:00,2026-03-01 04:00:00,UP,Moderate,67081.4,67474.8,opp_signal,5.0,0.005864516840733858,0.005064516840733857,BULL
2026-02-28 23:00:00,2026-03-01 00:00:00,2026-03-01 04:00:00,UP,Moderate,66937.0,67474.8,opp_signal,4.0,0.008034420425175881,0.007234420425175881,BULL
2026-03-01 00:00:00,2026-03-01 01:00:00,2026-03-01 04:00:00,UP,Moderate,66755.5,67474.8,opp_signal,3.0,0.010775142123121029,0.009975142123121028,BULL
2026-03-01 01:00:00,2026-03-01 02:00:00,2026-03-01 04:00:00,UP,Moderate,67311.7,67474.8,opp_signal,2.0,0.002423055724339207,0.001623055724339207,BULL
2026-03-01 03:00:00,2026-03-01 04:00:00,2026-03-01 12:00:00,DOWN,Strong,67474.8,66270.6,time_exit,8.0,0.017846662754094855,0.017046662754094857,BULL
2026-03-05 04:00:00,2026-03-05 05:00:00,2026-03-05 13:00:00,DOWN,Strong,72784.1,72435.5,time_exit,8.0,0.0047895075985002755,0.003989507598500275,BULL
2026-03-05 05:00:00,2026-03-05 06:00:00,2026-03-05 14:00:00,DOWN,Strong,72375.0,72574.7,time_exit,8.0,-0.0027592400690845675,-0.0035592400690845675,BULL
2026-03-05 06:00:00,2026-03-05 07:00:00,2026-03-05 15:00:00,DOWN,Strong,72520.3,71611.7,time_exit,8.0,0.012528905699507709,0.011728905699507708,BULL
2026-03-05 07:00:00,2026-03-05 08:00:00,2026-03-05 16:00:00,DOWN,Moderate,72025.4,71267.9,time_exit,8.0,0.010517123126008276,0.009717123126008276,BULL
2026-03-05 08:00:00,2026-03-05 09:00:00,2026-03-05 17:00:00,DOWN,Moderate,72307.6,70668.5,time_exit,8.0,0.022668433193744564,0.021868433193744565,BULL
2026-03-05 10:00:00,2026-03-05 11:00:00,2026-03-05 19:00:00,DOWN,Moderate,73346.9,70875.5,time_exit,8.0,0.033694675575927424,0.03289467557592742,BULL
2026-03-05 20:00:00,2026-03-05 21:00:00,2026-03-06 05:00:00,DOWN,Moderate,71205.8,70396.4,time_exit,8.0,0.011367051560406738,0.010567051560406738,BEAR
2026-03-05 22:00:00,2026-03-05 23:00:00,2026-03-06 07:00:00,DOWN,Moderate,71170.9,71026.7,time_exit,8.0,0.0020261089855544423,0.0012261089855544424,BEAR
2026-03-06 03:00:00,2026-03-06 04:00:00,2026-03-06 12:00:00,DOWN,Moderate,71045.4,69895.2,time_exit,8.0,0.01618964774637055,0.01538964774637055,BEAR
2026-03-06 08:00:00,2026-03-06 09:00:00,2026-03-06 17:00:00,DOWN,Moderate,70750.2,67930.7,time_exit,8.0,0.03985147745165385,0.03905147745165385,BEAR
2026-03-06 10:00:00,2026-03-06 11:00:00,2026-03-06 19:00:00,DOWN,Moderate,70506.8,68101.0,time_exit,8.0,0.03412153154022024,0.03332153154022024,CHOPPY
2026-03-06 11:00:00,2026-03-06 12:00:00,2026-03-06 20:00:00,DOWN,Moderate,70185.6,68078.2,time_exit,8.0,0.030026102220398587,0.02922610222039859,CHOPPY
2026-03-06 12:00:00,2026-03-06 13:00:00,2026-03-06 21:00:00,DOWN,Strong,69895.2,68258.3,time_exit,8.0,0.02341934782359867,0.02261934782359867,CHOPPY
2026-03-07 00:00:00,2026-03-07 01:00:00,2026-03-07 09:00:00,DOWN,Moderate,68243.1,67970.5,time_exit,8.0,0.003994543038050802,0.003194543038050802,CHOPPY
2026-03-07 01:00:00,2026-03-07 02:00:00,2026-03-07 10:00:00,DOWN,Moderate,68222.2,67851.6,time_exit,8.0,0.005432249326465466,0.0046322493264654655,CHOPPY
2026-03-07 02:00:00,2026-03-07 03:00:00,2026-03-07 11:00:00,DOWN,Moderate,68320.0,67975.9,time_exit,8.0,0.005036592505854864,0.004236592505854864,CHOPPY
2026-03-07 03:00:00,2026-03-07 04:00:00,2026-03-07 12:00:00,DOWN,Moderate,68063.3,67954.6,time_exit,8.0,0.0015970427528491093,0.0007970427528491093,CHOPPY
2026-03-07 04:00:00,2026-03-07 05:00:00,2026-03-07 13:00:00,DOWN,Strong,68028.0,67891.3,time_exit,8.0,0.0020094666901863123,0.0012094666901863124,CHOPPY
2026-03-07 05:00:00,2026-03-07 06:00:00,2026-03-07 14:00:00,DOWN,Moderate,67990.0,67980.1,time_exit,8.0,0.00014560964847765145,-0.0006543903515223486,CHOPPY
2026-03-07 06:00:00,2026-03-07 07:00:00,2026-03-07 15:00:00,DOWN,Strong,67665.9,67844.8,time_exit,8.0,-0.0026438723197357294,-0.0034438723197357294,CHOPPY
2026-03-07 07:00:00,2026-03-07 08:00:00,2026-03-07 16:00:00,DOWN,Strong,67809.5,67757.5,time_exit,8.0,0.0007668542018448576,-3.31457981551424e-05,CHOPPY
2026-03-07 08:00:00,2026-03-07 09:00:00,2026-03-07 17:00:00,DOWN,Strong,67767.6,67749.7,time_exit,8.0,0.0002641380246608538,-0.0005358619753391463,CHOPPY
2026-03-07 09:00:00,2026-03-07 10:00:00,2026-03-07 18:00:00,DOWN,Moderate,67970.5,67530.8,time_exit,8.0,0.006468982867567474,0.005668982867567474,CHOPPY
2026-03-07 10:00:00,2026-03-07 11:00:00,2026-03-07 19:00:00,DOWN,Strong,67851.7,67042.6,time_exit,8.0,0.011924535420630433,0.011124535420630433,CHOPPY
2026-03-07 11:00:00,2026-03-07 12:00:00,2026-03-07 20:00:00,DOWN,Strong,67976.0,67354.4,time_exit,8.0,0.009144403907261456,0.008344403907261455,CHOPPY
2026-03-07 12:00:00,2026-03-07 13:00:00,2026-03-07 21:00:00,DOWN,Moderate,67954.6,67416.4,time_exit,8.0,0.007919993642814593,0.007119993642814593,CHOPPY
2026-03-07 13:00:00,2026-03-07 14:00:00,2026-03-07 22:00:00,DOWN,Strong,67891.2,67220.0,time_exit,8.0,0.009886406485671184,0.009086406485671184,CHOPPY
2026-03-07 14:00:00,2026-03-07 15:00:00,2026-03-07 23:00:00,DOWN,Strong,67980.1,67232.1,time_exit,8.0,0.011003220059988106,0.010203220059988105,CHOPPY
2026-03-07 15:00:00,2026-03-07 16:00:00,2026-03-08 00:00:00,DOWN,Strong,67844.8,67161.0,time_exit,8.0,0.01007888592788253,0.00927888592788253,CHOPPY
2026-03-07 16:00:00,2026-03-07 17:00:00,2026-03-08 01:00:00,DOWN,Strong,67757.6,67266.3,time_exit,8.0,0.007250847137442951,0.00645084713744295,CHOPPY
2026-03-07 17:00:00,2026-03-07 18:00:00,2026-03-08 02:00:00,DOWN,Strong,67749.7,66894.8,time_exit,8.0,0.012618506059805301,0.0118185060598053,CHOPPY
2026-03-07 18:00:00,2026-03-07 19:00:00,2026-03-08 03:00:00,DOWN,Strong,67530.8,66974.9,time_exit,8.0,0.008231799415970298,0.0074317994159702975,CHOPPY
2026-03-07 19:00:00,2026-03-07 20:00:00,2026-03-08 04:00:00,DOWN,Moderate,67042.6,66602.7,time_exit,8.0,0.006561499703173879,0.005761499703173878,CHOPPY
2026-03-07 20:00:00,2026-03-07 21:00:00,2026-03-08 05:00:00,DOWN,Moderate,67354.4,67115.4,time_exit,8.0,0.003548394759659401,0.0027483947596594013,CHOPPY
2026-03-07 21:00:00,2026-03-07 22:00:00,2026-03-08 06:00:00,DOWN,Moderate,67416.3,67134.3,time_exit,8.0,0.004182964653948629,0.0033829646539486288,CHOPPY
2026-03-07 22:00:00,2026-03-07 23:00:00,2026-03-08 07:00:00,DOWN,Moderate,67220.0,67277.2,time_exit,8.0,-0.0008509372210652177,-0.0016509372210652177,CHOPPY
2026-03-08 00:00:00,2026-03-08 01:00:00,2026-03-08 09:00:00,DOWN,Moderate,67161.0,67662.9,time_exit,8.0,-0.007473087059454153,-0.008273087059454154,CHOPPY
2026-03-08 01:00:00,2026-03-08 02:00:00,2026-03-08 10:00:00,DOWN,Moderate,67266.2,67869.1,time_exit,8.0,-0.008962896670244636,-0.009762896670244636,CHOPPY
2026-03-08 02:00:00,2026-03-08 03:00:00,2026-03-08 11:00:00,DOWN,Strong,66894.9,67490.0,time_exit,8.0,-0.008896044392024072,-0.009696044392024072,CHOPPY
2026-03-08 03:00:00,2026-03-08 04:00:00,2026-03-08 12:00:00,DOWN,Strong,66974.9,67286.0,time_exit,8.0,-0.004645023732771536,-0.005445023732771536,CHOPPY
2026-03-08 05:00:00,2026-03-08 06:00:00,2026-03-08 14:00:00,DOWN,Moderate,67115.3,67304.1,time_exit,8.0,-0.0028130694491419472,-0.003613069449141947,CHOPPY
2026-03-08 06:00:00,2026-03-08 07:00:00,2026-03-08 15:00:00,DOWN,Moderate,67134.4,67174.7,time_exit,8.0,-0.0006002883767488587,-0.0014002883767488586,CHOPPY
2026-03-08 07:00:00,2026-03-08 08:00:00,2026-03-08 16:00:00,DOWN,Moderate,67277.1,66829.9,time_exit,8.0,0.006647135503759949,0.0058471355037599485,CHOPPY
2026-03-08 08:00:00,2026-03-08 09:00:00,2026-03-08 17:00:00,DOWN,Moderate,67491.0,67017.0,time_exit,8.0,0.007023158643374661,0.00622315864337466,CHOPPY
2026-03-08 09:00:00,2026-03-08 10:00:00,2026-03-08 18:00:00,DOWN,Moderate,67663.0,66777.5,time_exit,8.0,0.013086916039785401,0.0122869160397854,CHOPPY
2026-03-08 10:00:00,2026-03-08 11:00:00,2026-03-08 19:00:00,DOWN,Moderate,67869.0,67299.0,time_exit,8.0,0.00839853246695843,0.00759853246695843,CHOPPY
2026-03-08 14:00:00,2026-03-08 15:00:00,2026-03-08 23:00:00,DOWN,Moderate,67304.1,65934.3,time_exit,8.0,0.020352400522405056,0.019552400522405058,CHOPPY
2026-03-08 15:00:00,2026-03-08 16:00:00,2026-03-09 00:00:00,DOWN,Strong,67174.6,66326.9,time_exit,8.0,0.012619353148362822,0.011819353148362821,CHOPPY
2026-03-08 16:00:00,2026-03-08 17:00:00,2026-03-09 01:00:00,DOWN,Strong,66830.0,66150.1,time_exit,8.0,0.010173574741882296,0.009373574741882296,CHOPPY
2026-03-08 17:00:00,2026-03-08 18:00:00,2026-03-09 02:00:00,DOWN,Moderate,67017.1,66500.0,time_exit,8.0,0.007715941155317152,0.006915941155317152,CHOPPY
2026-03-08 18:00:00,2026-03-08 19:00:00,2026-03-09 03:00:00,DOWN,Strong,66777.6,67165.3,time_exit,8.0,-0.00580583908376453,-0.0066058390837645305,CHOPPY
2026-03-08 19:00:00,2026-03-08 20:00:00,2026-03-09 04:00:00,DOWN,Strong,67299.0,67100.3,time_exit,8.0,0.0029524955794291152,0.0021524955794291153,CHOPPY
2026-03-08 20:00:00,2026-03-08 21:00:00,2026-03-09 05:00:00,DOWN,Moderate,67195.6,67869.6,time_exit,8.0,-0.010030418658364626,-0.010830418658364626,CHOPPY
2026-03-08 21:00:00,2026-03-08 22:00:00,2026-03-09 06:00:00,DOWN,Moderate,66977.1,67229.8,time_exit,8.0,-0.0037729313451910773,-0.004572931345191078,CHOPPY
2026-03-09 02:00:00,2026-03-09 03:00:00,2026-03-09 11:00:00,DOWN,Moderate,66500.1,67723.3,time_exit,8.0,-0.01839395730231974,-0.01919395730231974,CHOPPY
2026-03-15 23:00:00,2026-03-16 00:00:00,2026-03-16 08:00:00,UP,Moderate,72778.8,73098.3,time_exit,8.0,0.004390014674602982,0.0035900146746029823,CHOPPY
2026-03-17 04:00:00,2026-03-17 05:00:00,2026-03-17 08:00:00,UP,Moderate,74203.3,74212.8,opp_signal,3.0,0.00012802665110589473,-0.0006719733488941053,CHOPPY
2026-03-17 05:00:00,2026-03-17 06:00:00,2026-03-17 08:00:00,UP,Moderate,73996.0,74212.8,opp_signal,2.0,0.00292988810205963,0.00212988810205963,CHOPPY
2026-03-17 06:00:00,2026-03-17 07:00:00,2026-03-17 15:00:00,DOWN,Moderate,74045.0,73878.5,time_exit,8.0,0.0022486325882908886,0.0014486325882908887,CHOPPY
2026-03-17 07:00:00,2026-03-17 08:00:00,2026-03-17 16:00:00,DOWN,Strong,74212.8,74120.0,time_exit,8.0,0.0012504581419917615,0.0004504581419917615,CHOPPY
2026-03-17 08:00:00,2026-03-17 09:00:00,2026-03-17 17:00:00,DOWN,Moderate,74150.1,74480.1,time_exit,8.0,-0.0044504322988101475,-0.005250432298810148,CHOPPY
2026-03-17 09:00:00,2026-03-17 10:00:00,2026-03-17 18:00:00,DOWN,Strong,73890.0,74637.0,time_exit,8.0,-0.010109622411692998,-0.010909622411692998,CHOPPY
2026-03-17 11:00:00,2026-03-17 12:00:00,2026-03-17 20:00:00,DOWN,Strong,73997.1,74469.9,time_exit,8.0,-0.006389439586145684,-0.007189439586145685,CHOPPY
2026-03-17 12:00:00,2026-03-17 13:00:00,2026-03-17 21:00:00,DOWN,Moderate,73711.0,74650.3,time_exit,8.0,-0.012743009862842714,-0.013543009862842714,CHOPPY
2026-03-17 13:00:00,2026-03-17 14:00:00,2026-03-17 22:00:00,DOWN,Strong,73580.7,74265.8,time_exit,8.0,-0.009310865485106845,-0.010110865485106845,CHOPPY
2026-03-17 14:00:00,2026-03-17 15:00:00,2026-03-17 23:00:00,DOWN,Strong,74340.2,73872.4,time_exit,8.0,0.006292692244572962,0.005492692244572961,CHOPPY
2026-03-17 15:00:00,2026-03-17 16:00:00,2026-03-18 00:00:00,DOWN,Strong,73878.5,73821.3,time_exit,8.0,0.0007742441982443449,-2.5755801755655166e-05,CHOPPY
2026-03-17 16:00:00,2026-03-17 17:00:00,2026-03-18 01:00:00,DOWN,Strong,74120.0,74035.2,time_exit,8.0,0.0011440906637885107,0.0003440906637885106,CHOPPY
2026-03-17 17:00:00,2026-03-17 18:00:00,2026-03-18 02:00:00,DOWN,Strong,74480.1,74300.0,time_exit,8.0,0.0024180955718373642,0.0016180955718373643,CHOPPY
2026-03-17 18:00:00,2026-03-17 19:00:00,2026-03-18 03:00:00,DOWN,Strong,74637.1,74414.6,time_exit,8.0,0.0029810911731564804,0.0021810911731564805,CHOPPY
2026-03-17 19:00:00,2026-03-17 20:00:00,2026-03-18 04:00:00,DOWN,Strong,74460.8,74139.6,time_exit,8.0,0.004313679143925331,0.003513679143925331,CHOPPY
2026-03-17 20:00:00,2026-03-17 21:00:00,2026-03-18 05:00:00,DOWN,Strong,74470.0,73911.2,time_exit,8.0,0.007503692762186209,0.006703692762186209,CHOPPY
2026-03-17 21:00:00,2026-03-17 22:00:00,2026-03-18 06:00:00,DOWN,Strong,74650.2,73910.0,time_exit,8.0,0.009915579596571744,0.009115579596571744,CHOPPY
2026-03-17 22:00:00,2026-03-17 23:00:00,2026-03-18 07:00:00,DOWN,Strong,74265.8,73840.0,time_exit,8.0,0.0057334600852613216,0.004933460085261321,CHOPPY
2026-03-18 00:00:00,2026-03-18 01:00:00,2026-03-18 09:00:00,DOWN,Moderate,73821.3,74136.0,time_exit,8.0,-0.004262997265016999,-0.005062997265016999,CHOPPY
2026-03-18 01:00:00,2026-03-18 02:00:00,2026-03-18 10:00:00,DOWN,Strong,74035.2,73895.0,time_exit,8.0,0.001893693810511743,0.001093693810511743,CHOPPY
2026-03-18 02:00:00,2026-03-18 03:00:00,2026-03-18 11:00:00,DOWN,Strong,74299.9,72906.4,time_exit,8.0,0.018755072348684232,0.017955072348684233,CHOPPY
2026-03-18 03:00:00,2026-03-18 04:00:00,2026-03-18 12:00:00,DOWN,Strong,74414.7,72325.1,time_exit,8.0,0.028080473347335877,0.02728047334733588,CHOPPY
2026-03-18 06:00:00,2026-03-18 07:00:00,2026-03-18 15:00:00,DOWN,Moderate,73910.1,71436.4,time_exit,8.0,0.03346903873760165,0.03266903873760165,CHOPPY
2026-03-18 07:00:00,2026-03-18 08:00:00,2026-03-18 16:00:00,DOWN,Moderate,73840.1,71289.5,time_exit,8.0,0.03454220674132358,0.033742206741323576,CHOPPY
2026-03-18 08:00:00,2026-03-18 09:00:00,2026-03-18 17:00:00,DOWN,Strong,74005.9,71556.6,time_exit,8.0,0.03309600991272299,0.03229600991272299,CHOPPY
2026-03-18 09:00:00,2026-03-18 10:00:00,2026-03-18 18:00:00,DOWN,Strong,74136.0,71066.5,time_exit,8.0,0.04140363655983603,0.04060363655983603,CHOPPY
2026-03-18 10:00:00,2026-03-18 11:00:00,2026-03-18 19:00:00,DOWN,Strong,73895.0,71030.3,time_exit,8.0,0.03876716963258675,0.03796716963258675,CHOPPY
2026-03-18 11:00:00,2026-03-18 12:00:00,2026-03-18 20:00:00,DOWN,Strong,72906.4,71172.3,time_exit,8.0,0.023785291826231902,0.022985291826231904,CHOPPY
2026-03-18 12:00:00,2026-03-18 13:00:00,2026-03-18 21:00:00,DOWN,Strong,72325.1,71219.7,time_exit,8.0,0.015283767322824438,0.014483767322824437,CHOPPY
2026-03-18 13:00:00,2026-03-18 14:00:00,2026-03-18 22:00:00,DOWN,Strong,72104.5,71118.0,time_exit,8.0,0.01368153166584607,0.01288153166584607,CHOPPY
2026-03-18 15:00:00,2026-03-18 16:00:00,2026-03-19 00:00:00,UP,Moderate,71436.3,70970.1,time_exit,8.0,-0.006526093876642491,-0.007326093876642492,CHOPPY
2026-03-18 16:00:00,2026-03-18 17:00:00,2026-03-19 01:00:00,UP,Moderate,71289.5,71078.5,time_exit,8.0,-0.002959762657894882,-0.003759762657894882,CHOPPY
2026-03-18 18:00:00,2026-03-18 19:00:00,2026-03-19 03:00:00,UP,Moderate,71066.5,71180.0,time_exit,8.0,0.0015970956779918222,0.0007970956779918221,CHOPPY
2026-03-18 19:00:00,2026-03-18 20:00:00,2026-03-19 04:00:00,UP,Moderate,71030.3,71180.0,opp_signal,8.0,0.0021075512844517252,0.0013075512844517253,CHOPPY
2026-03-18 20:00:00,2026-03-18 21:00:00,2026-03-19 04:00:00,UP,Moderate,71172.3,71180.0,opp_signal,7.0,0.00010818815747137833,-0.0006918118425286217,CHOPPY
2026-03-18 23:00:00,2026-03-19 00:00:00,2026-03-19 08:00:00,DOWN,Moderate,71202.9,69957.4,time_exit,8.0,0.017492265062237666,0.016692265062237668,CHOPPY
2026-03-19 00:00:00,2026-03-19 01:00:00,2026-03-19 09:00:00,DOWN,Moderate,70970.0,70463.0,time_exit,8.0,0.0071438636043398285,0.006343863604339828,CHOPPY
2026-03-19 02:00:00,2026-03-19 03:00:00,2026-03-19 11:00:00,DOWN,Moderate,71020.7,69926.8,time_exit,8.0,0.015402551650434249,0.014602551650434248,CHOPPY
2026-03-19 03:00:00,2026-03-19 04:00:00,2026-03-19 12:00:00,DOWN,Strong,71180.0,69264.6,time_exit,8.0,0.026909244169710522,0.026109244169710524,CHOPPY
2026-03-19 08:00:00,2026-03-19 09:00:00,2026-03-19 17:00:00,UP,Moderate,69957.4,69820.0,time_exit,8.0,-0.001964052409037409,-0.002764052409037409,BEAR
2026-03-19 16:00:00,2026-03-19 17:00:00,2026-03-20 01:00:00,UP,Moderate,69426.3,70370.9,time_exit,8.0,0.013605794922097125,0.012805794922097125,CHOPPY
2026-03-19 17:00:00,2026-03-19 18:00:00,2026-03-20 02:00:00,UP,Moderate,69820.0,70373.8,time_exit,8.0,0.007931824692065437,0.007131824692065436,CHOPPY
2026-03-19 19:00:00,2026-03-19 20:00:00,2026-03-20 04:00:00,UP,Moderate,70233.0,70743.4,time_exit,8.0,0.007267239047171525,0.006467239047171525,CHOPPY
2026-03-19 22:00:00,2026-03-19 23:00:00,2026-03-20 07:00:00,UP,Moderate,70156.9,70811.9,time_exit,8.0,0.00933621639496618,0.008536216394966179,CHOPPY
2026-03-19 23:00:00,2026-03-20 00:00:00,2026-03-20 08:00:00,UP,Moderate,69887.4,71000.4,time_exit,8.0,0.01592561749328203,0.015125617493282029,CHOPPY
2026-03-20 00:00:00,2026-03-20 01:00:00,2026-03-20 09:00:00,UP,Moderate,70159.9,70544.9,time_exit,8.0,0.005487465061951413,0.004687465061951413,CHOPPY
2026-03-20 01:00:00,2026-03-20 02:00:00,2026-03-20 10:00:00,UP,Moderate,70370.8,70580.9,time_exit,8.0,0.0029856133509920113,0.0021856133509920114,CHOPPY
2026-03-20 08:00:00,2026-03-20 09:00:00,2026-03-20 17:00:00,UP,Moderate,71000.4,69970.8,time_exit,8.0,-0.014501326753088573,-0.015301326753088573,CHOPPY
2026-03-20 09:00:00,2026-03-20 10:00:00,2026-03-20 18:00:00,UP,Moderate,70545.0,69733.3,time_exit,8.0,-0.01150613083847185,-0.012306130838471851,CHOPPY
2026-03-20 10:00:00,2026-03-20 11:00:00,2026-03-20 19:00:00,UP,Moderate,70580.9,70141.9,time_exit,8.0,-0.006219813008901842,-0.0070198130089018426,CHOPPY
2026-03-20 11:00:00,2026-03-20 12:00:00,2026-03-20 20:00:00,UP,Moderate,70440.0,70019.7,time_exit,8.0,-0.005966780238500946,-0.0067667802385009464,CHOPPY
2026-03-20 12:00:00,2026-03-20 13:00:00,2026-03-20 21:00:00,UP,Moderate,70304.7,70498.3,time_exit,8.0,0.0027537277024154427,0.001953727702415443,CHOPPY
2026-03-20 13:00:00,2026-03-20 14:00:00,2026-03-20 22:00:00,UP,Moderate,69831.0,70739.2,time_exit,8.0,0.013005685154157787,0.012205685154157786,CHOPPY
2026-03-20 15:00:00,2026-03-20 16:00:00,2026-03-21 00:00:00,UP,Moderate,69829.5,70643.9,time_exit,8.0,0.011662692701508659,0.010862692701508659,CHOPPY
2026-03-20 16:00:00,2026-03-20 17:00:00,2026-03-21 01:00:00,UP,Moderate,69792.1,70430.3,time_exit,8.0,0.009144301432397084,0.008344301432397084,CHOPPY
2026-03-20 17:00:00,2026-03-20 18:00:00,2026-03-21 02:00:00,UP,Strong,69970.9,70703.7,time_exit,8.0,0.010472925173179215,0.009672925173179215,CHOPPY
2026-03-20 18:00:00,2026-03-20 19:00:00,2026-03-21 03:00:00,UP,Moderate,69733.6,70638.0,time_exit,8.0,0.012969357669760262,0.012169357669760262,CHOPPY
2026-03-20 21:00:00,2026-03-20 22:00:00,2026-03-21 06:00:00,DOWN,Moderate,70498.3,70739.2,time_exit,8.0,-0.0034171036748402717,-0.004217103674840272,CHOPPY
2026-03-21 02:00:00,2026-03-21 03:00:00,2026-03-21 11:00:00,UP,Moderate,70703.7,70618.3,time_exit,8.0,-0.0012078575802962899,-0.00200785758029629,CHOPPY
2026-03-22 08:00:00,2026-03-22 09:00:00,2026-03-22 17:00:00,UP,Strong,68756.6,68635.0,time_exit,8.0,-0.0017685574912081892,-0.002568557491208189,CHOPPY
2026-03-22 11:00:00,2026-03-22 12:00:00,2026-03-22 20:00:00,UP,Strong,68177.0,68134.9,time_exit,8.0,-0.0006175103040615415,-0.0014175103040615414,CHOPPY
2026-03-22 12:00:00,2026-03-22 13:00:00,2026-03-22 21:00:00,UP,Moderate,68614.4,67864.4,time_exit,8.0,-0.010930650125921093,-0.011730650125921093,CHOPPY
2026-03-22 22:00:00,2026-03-22 23:00:00,2026-03-23 07:00:00,UP,Moderate,68301.5,68306.0,time_exit,8.0,6.58843510026319e-05,-0.0007341156489973681,CHOPPY
2026-03-22 23:00:00,2026-03-23 00:00:00,2026-03-23 08:00:00,UP,Moderate,67830.7,68400.1,time_exit,8.0,0.008394429071202358,0.007594429071202358,CHOPPY
2026-03-23 00:00:00,2026-03-23 01:00:00,2026-03-23 09:00:00,UP,Strong,67642.5,68305.0,time_exit,8.0,0.009794138300624589,0.008994138300624588,CHOPPY
2026-03-23 04:00:00,2026-03-23 05:00:00,2026-03-23 13:00:00,UP,Moderate,68504.4,71450.0,time_exit,8.0,0.04299869789385791,0.042198697893857905,CHOPPY
2026-03-23 06:00:00,2026-03-23 07:00:00,2026-03-23 15:00:00,UP,Strong,67845.2,70112.2,time_exit,8.0,0.03341430196977835,0.032614301969778346,BEAR
2026-03-23 07:00:00,2026-03-23 08:00:00,2026-03-23 16:00:00,UP,Strong,68305.9,70539.6,time_exit,8.0,0.03270142110710794,0.03190142110710794,BEAR
2026-03-23 08:00:00,2026-03-23 09:00:00,2026-03-23 17:00:00,UP,Moderate,68400.2,71052.7,time_exit,8.0,0.03877912637682357,0.03797912637682357,BEAR
2026-03-23 09:00:00,2026-03-23 10:00:00,2026-03-23 18:00:00,UP,Moderate,68304.9,71040.5,time_exit,8.0,0.040049835370522535,0.03924983537052253,CHOPPY
2026-03-23 10:00:00,2026-03-23 11:00:00,2026-03-23 19:00:00,UP,Strong,68512.2,70647.1,time_exit,8.0,0.031160873537851685,0.030360873537851687,BULL
2026-03-23 11:00:00,2026-03-23 12:00:00,2026-03-23 14:00:00,DOWN,Moderate,70097.2,71449.9,opp_signal,2.0,-0.019297489771346044,-0.020097489771346042,BULL
2026-03-23 12:00:00,2026-03-23 13:00:00,2026-03-23 21:00:00,UP,Moderate,70710.0,70813.7,time_exit,8.0,0.0014665535284965614,0.0006665535284965614,BULL
2026-03-23 13:00:00,2026-03-23 14:00:00,2026-03-23 22:00:00,UP,Strong,71449.9,70745.1,time_exit,8.0,-0.009864254533596073,-0.010664254533596073,BULL
2026-03-23 14:00:00,2026-03-23 15:00:00,2026-03-23 23:00:00,UP,Strong,71409.8,70865.9,time_exit,8.0,-0.007616601642911891,-0.008416601642911891,BULL
2026-03-23 15:00:00,2026-03-23 16:00:00,2026-03-24 00:00:00,UP,Moderate,70112.2,70866.0,opp_signal,8.0,0.010751338568751212,0.009951338568751212,BULL
2026-03-23 16:00:00,2026-03-23 17:00:00,2026-03-24 00:00:00,UP,Moderate,70539.6,70866.0,opp_signal,7.0,0.0046271881326231945,0.0038271881326231946,BULL
2026-03-23 17:00:00,2026-03-23 18:00:00,2026-03-24 00:00:00,UP,Moderate,71052.6,70866.0,opp_signal,6.0,-0.002626223389432747,-0.003426223389432747,BULL
2026-03-23 18:00:00,2026-03-23 19:00:00,2026-03-24 03:00:00,DOWN,Moderate,71040.5,70512.1,time_exit,8.0,0.0074380107121992944,0.006638010712199294,BULL
2026-03-23 23:00:00,2026-03-24 00:00:00,2026-03-24 08:00:00,DOWN,Strong,70866.0,70933.8,time_exit,8.0,-0.0009567352468038415,-0.0017567352468038414,BULL
2026-03-24 00:00:00,2026-03-24 01:00:00,2026-03-24 09:00:00,DOWN,Moderate,70650.1,71288.5,time_exit,8.0,-0.00903608062833583,-0.00983608062833583,BULL
2026-03-24 02:00:00,2026-03-24 03:00:00,2026-03-24 11:00:00,DOWN,Strong,70416.0,71116.4,time_exit,8.0,-0.00994660304476258,-0.010746603044762581,BULL
2026-03-24 03:00:00,2026-03-24 04:00:00,2026-03-24 12:00:00,DOWN,Strong,70512.1,70924.4,time_exit,8.0,-0.005847223384355171,-0.006647223384355172,BULL
2026-03-24 04:00:00,2026-03-24 05:00:00,2026-03-24 13:00:00,DOWN,Moderate,70340.0,70067.0,time_exit,8.0,0.0038811487062837546,0.0030811487062837547,BULL
2026-03-24 08:00:00,2026-03-24 09:00:00,2026-03-24 17:00:00,DOWN,Strong,70933.8,69448.4,opp_signal,8.0,0.020940651706238933,0.020140651706238934,BULL
2026-03-24 09:00:00,2026-03-24 10:00:00,2026-03-24 17:00:00,DOWN,Moderate,71288.5,69448.4,opp_signal,7.0,0.025812017366054874,0.025012017366054875,BULL
2026-03-24 11:00:00,2026-03-24 12:00:00,2026-03-24 17:00:00,DOWN,Moderate,71116.4,69448.4,opp_signal,5.0,0.023454505571148143,0.022654505571148145,CHOPPY
2026-03-24 13:00:00,2026-03-24 14:00:00,2026-03-24 22:00:00,UP,Moderate,70067.0,70277.9,time_exit,8.0,0.003009976165669892,0.002209976165669892,BEAR
2026-03-24 15:00:00,2026-03-24 16:00:00,2026-03-25 00:00:00,UP,Moderate,69837.6,70804.3,time_exit,8.0,0.013842113703792736,0.013042113703792735,CHOPPY
2026-03-24 16:00:00,2026-03-24 17:00:00,2026-03-25 01:00:00,UP,Strong,69448.4,70643.1,time_exit,8.0,0.017202700134200555,0.016402700134200556,CHOPPY
2026-03-24 17:00:00,2026-03-24 18:00:00,2026-03-25 02:00:00,UP,Strong,69205.0,70500.0,time_exit,8.0,0.018712520771620555,0.017912520771620557,CHOPPY
2026-03-24 18:00:00,2026-03-24 19:00:00,2026-03-25 03:00:00,UP,Strong,69399.5,70689.3,time_exit,8.0,0.018585148307985078,0.01778514830798508,CHOPPY
2026-03-24 19:00:00,2026-03-24 20:00:00,2026-03-25 04:00:00,UP,Strong,69342.6,70938.1,time_exit,8.0,0.023008943996908116,0.022208943996908117,CHOPPY
2026-03-24 20:00:00,2026-03-24 21:00:00,2026-03-25 05:00:00,UP,Strong,70066.6,71080.1,time_exit,8.0,0.01446480919582216,0.013664809195822159,CHOPPY
2026-03-24 21:00:00,2026-03-24 22:00:00,2026-03-25 00:00:00,DOWN,Moderate,70296.2,70524.0,opp_signal,2.0,-0.003240573459162732,-0.004040573459162733,CHOPPY
2026-03-24 23:00:00,2026-03-25 00:00:00,2026-03-25 08:00:00,UP,Strong,70524.0,71209.1,time_exit,8.0,0.009714423458680788,0.008914423458680787,CHOPPY
2026-03-28 01:00:00,2026-03-28 02:00:00,2026-03-28 10:00:00,UP,Moderate,66137.2,66184.9,time_exit,8.0,0.0007212279927182319,-7.877200728176814e-05,CHOPPY
2026-03-28 02:00:00,2026-03-28 03:00:00,2026-03-28 11:00:00,UP,Moderate,66020.0,66288.5,time_exit,8.0,0.004066949409269993,0.0032669494092699932,CHOPPY
2026-03-28 03:00:00,2026-03-28 04:00:00,2026-03-28 12:00:00,UP,Moderate,66191.8,66416.7,time_exit,8.0,0.0033977018301358797,0.0025977018301358797,CHOPPY
2026-03-28 04:00:00,2026-03-28 05:00:00,2026-03-28 13:00:00,UP,Moderate,66243.6,66813.3,time_exit,8.0,0.00860007608282154,0.007800076082821539,CHOPPY
2026-03-29 04:00:00,2026-03-29 05:00:00,2026-03-29 13:00:00,UP,Moderate,66701.9,66546.0,time_exit,8.0,-0.002337264755576607,-0.0031372647555766068,CHOPPY
2026-03-29 05:00:00,2026-03-29 06:00:00,2026-03-29 14:00:00,UP,Strong,66741.3,66556.2,time_exit,8.0,-0.002773395184091476,-0.003573395184091476,CHOPPY
2026-03-29 06:00:00,2026-03-29 07:00:00,2026-03-29 15:00:00,UP,Moderate,66704.4,66500.0,time_exit,8.0,-0.00306426562565576,-0.00386426562565576,CHOPPY
2026-03-29 07:00:00,2026-03-29 08:00:00,2026-03-29 16:00:00,UP,Moderate,66632.4,66467.8,time_exit,8.0,-0.0024702697186352873,-0.0032702697186352873,CHOPPY
2026-03-29 11:00:00,2026-03-29 12:00:00,2026-03-29 20:00:00,UP,Moderate,66780.8,66578.6,time_exit,8.0,-0.0030278163783602485,-0.0038278163783602485,CHOPPY
2026-03-29 12:00:00,2026-03-29 13:00:00,2026-03-29 21:00:00,UP,Moderate,66818.7,66678.8,time_exit,8.0,-0.0020937252595455424,-0.0028937252595455424,CHOPPY
2026-03-29 22:00:00,2026-03-29 23:00:00,2026-03-30 07:00:00,UP,Strong,65820.2,67595.9,time_exit,8.0,0.026978040176116158,0.02617804017611616,CHOPPY
2026-03-29 23:00:00,2026-03-30 00:00:00,2026-03-30 08:00:00,UP,Strong,65978.0,67634.0,time_exit,8.0,0.025099275516081043,0.024299275516081045,CHOPPY
2026-03-30 00:00:00,2026-03-30 01:00:00,2026-03-30 09:00:00,UP,Strong,66251.2,67466.2,time_exit,8.0,0.018339290458135205,0.017539290458135206,CHOPPY
2026-03-30 01:00:00,2026-03-30 02:00:00,2026-03-30 10:00:00,UP,Strong,66624.2,67463.0,time_exit,8.0,0.012590019842639855,0.011790019842639854,CHOPPY
2026-03-30 02:00:00,2026-03-30 03:00:00,2026-03-30 11:00:00,UP,Strong,67087.1,67651.5,time_exit,8.0,0.008412943770113701,0.007612943770113701,CHOPPY
2026-03-30 03:00:00,2026-03-30 04:00:00,2026-03-30 12:00:00,UP,Strong,67140.0,67859.3,time_exit,8.0,0.010713434614239015,0.009913434614239014,CHOPPY
2026-03-30 04:00:00,2026-03-30 05:00:00,2026-03-30 13:00:00,UP,Strong,67579.2,67490.9,time_exit,8.0,-0.0013066150531524379,-0.002106615053152438,CHOPPY
2026-03-30 05:00:00,2026-03-30 06:00:00,2026-03-30 14:00:00,UP,Moderate,67459.0,67762.7,time_exit,8.0,0.004501993803643689,0.003701993803643689,CHOPPY
2026-03-30 06:00:00,2026-03-30 07:00:00,2026-03-30 15:00:00,UP,Moderate,67273.5,67590.2,time_exit,8.0,0.0047076486283603725,0.003907648628360372,CHOPPY
2026-03-30 07:00:00,2026-03-30 08:00:00,2026-03-30 16:00:00,UP,Moderate,67595.9,67333.0,time_exit,8.0,-0.0038892891432763532,-0.004689289143276354,CHOPPY
2026-03-30 08:00:00,2026-03-30 09:00:00,2026-03-30 17:00:00,UP,Strong,67633.9,66805.2,time_exit,8.0,-0.012252731248678539,-0.01305273124867854,CHOPPY
2026-03-30 09:00:00,2026-03-30 10:00:00,2026-03-30 18:00:00,UP,Strong,67466.2,66620.6,time_exit,8.0,-0.012533683533384021,-0.013333683533384022,CHOPPY
2026-03-30 10:00:00,2026-03-30 11:00:00,2026-03-30 19:00:00,UP,Moderate,67463.1,66516.0,time_exit,8.0,-0.014038785647265017,-0.014838785647265018,CHOPPY
2026-03-30 11:00:00,2026-03-30 12:00:00,2026-03-30 20:00:00,UP,Strong,67651.5,66614.9,time_exit,8.0,-0.015322646208879465,-0.016122646208879463,CHOPPY
2026-03-30 12:00:00,2026-03-30 13:00:00,2026-03-30 21:00:00,UP,Strong,67859.4,66770.6,time_exit,8.0,-0.01604493997883838,-0.016844939978838378,CHOPPY
2026-03-30 13:00:00,2026-03-30 14:00:00,2026-03-30 22:00:00,UP,Moderate,67490.8,66746.5,time_exit,8.0,-0.011028169765360696,-0.011828169765360696,CHOPPY
2026-03-30 14:00:00,2026-03-30 15:00:00,2026-03-30 23:00:00,UP,Strong,67762.8,66764.4,time_exit,8.0,-0.014733747719988033,-0.015533747719988033,CHOPPY
2026-03-30 15:00:00,2026-03-30 16:00:00,2026-03-31 00:00:00,UP,Strong,67590.2,67172.5,time_exit,8.0,-0.006179889984050946,-0.006979889984050946,CHOPPY
2026-03-30 16:00:00,2026-03-30 17:00:00,2026-03-31 01:00:00,UP,Strong,67332.9,67896.2,time_exit,8.0,0.008365895424079506,0.0075658954240795055,CHOPPY
2026-03-30 17:00:00,2026-03-30 18:00:00,2026-03-31 02:00:00,UP,Strong,66805.1,67911.8,time_exit,8.0,0.01656610049232765,0.015766100492327653,CHOPPY
2026-03-30 18:00:00,2026-03-30 19:00:00,2026-03-31 03:00:00,UP,Strong,66620.6,67670.8,time_exit,8.0,0.01576389284995927,0.01496389284995927,CHOPPY
2026-03-30 19:00:00,2026-03-30 20:00:00,2026-03-31 04:00:00,UP,Moderate,66515.9,67510.1,time_exit,8.0,0.014946802193160025,0.014146802193160024,CHOPPY
2026-03-30 20:00:00,2026-03-30 21:00:00,2026-03-31 05:00:00,UP,Strong,66614.9,67648.9,time_exit,8.0,0.015522052874056724,0.014722052874056724,CHOPPY
2026-03-30 21:00:00,2026-03-30 22:00:00,2026-03-31 06:00:00,UP,Strong,66770.6,67465.4,time_exit,8.0,0.010405777393044158,0.009605777393044157,CHOPPY
2026-03-30 23:00:00,2026-03-31 00:00:00,2026-03-31 07:00:00,UP,Moderate,66764.4,67465.4,opp_signal,7.0,0.010499607575294556,0.009699607575294556,CHOPPY
2026-03-31 02:00:00,2026-03-31 03:00:00,2026-03-31 10:00:00,DOWN,Moderate,67911.8,66099.3,opp_signal,7.0,0.026689029005268594,0.025889029005268595,CHOPPY
2026-03-31 03:00:00,2026-03-31 04:00:00,2026-03-31 10:00:00,DOWN,Moderate,67670.8,66099.3,opp_signal,6.0,0.023222719400391334,0.022422719400391335,CHOPPY
2026-03-31 04:00:00,2026-03-31 05:00:00,2026-03-31 10:00:00,DOWN,Moderate,67510.1,66099.3,opp_signal,5.0,0.020897613838521956,0.020097613838521957,CHOPPY
2026-03-31 05:00:00,2026-03-31 06:00:00,2026-03-31 10:00:00,DOWN,Moderate,67649.0,66099.3,opp_signal,4.0,0.022907951337048593,0.022107951337048595,CHOPPY
2026-03-31 06:00:00,2026-03-31 07:00:00,2026-03-31 10:00:00,DOWN,Strong,67465.4,66099.3,opp_signal,3.0,0.020248897953617617,0.01944889795361762,CHOPPY
2026-03-31 07:00:00,2026-03-31 08:00:00,2026-03-31 16:00:00,UP,Moderate,67343.9,67632.6,time_exit,8.0,0.004286951008183548,0.0034869510081835483,CHOPPY
2026-03-31 08:00:00,2026-03-31 09:00:00,2026-03-31 17:00:00,UP,Moderate,66745.1,67493.9,time_exit,8.0,0.011218801080528529,0.010418801080528528,CHOPPY
2026-03-31 09:00:00,2026-03-31 10:00:00,2026-03-31 18:00:00,UP,Strong,66099.3,67814.6,time_exit,8.0,0.025950350457569105,0.025150350457569106,CHOPPY
2026-03-31 10:00:00,2026-03-31 11:00:00,2026-03-31 19:00:00,UP,Strong,66329.4,67803.0,time_exit,8.0,0.02221639273082543,0.02141639273082543,BEAR
2026-03-31 11:00:00,2026-03-31 12:00:00,2026-03-31 20:00:00,UP,Strong,66652.4,68227.2,time_exit,8.0,0.023627056190024698,0.0228270561900247,CHOPPY
2026-03-31 12:00:00,2026-03-31 13:00:00,2026-03-31 21:00:00,UP,Strong,66623.8,68234.6,time_exit,8.0,0.024177546162182262,0.023377546162182263,CHOPPY
2026-03-31 13:00:00,2026-03-31 14:00:00,2026-03-31 15:00:00,DOWN,Moderate,67255.6,66556.0,opp_signal,1.0,0.010402107779872716,0.009602107779872715,BEAR
2026-03-31 14:00:00,2026-03-31 15:00:00,2026-03-31 22:00:00,UP,Strong,66556.0,68234.7,opp_signal,7.0,0.025222369132760436,0.024422369132760437,BEAR
2026-03-31 15:00:00,2026-03-31 16:00:00,2026-03-31 22:00:00,UP,Strong,66700.0,68234.7,opp_signal,6.0,0.023008995502248775,0.022208995502248776,CHOPPY
2026-03-31 16:00:00,2026-03-31 17:00:00,2026-03-31 22:00:00,UP,Strong,67632.6,68234.7,opp_signal,5.0,0.008902511510721078,0.008102511510721078,BULL
2026-03-31 17:00:00,2026-03-31 18:00:00,2026-03-31 22:00:00,UP,Strong,67493.8,68234.7,opp_signal,4.0,0.010977304582050484,0.010177304582050484,BULL
2026-03-31 18:00:00,2026-03-31 19:00:00,2026-03-31 22:00:00,UP,Strong,67814.5,68234.7,opp_signal,3.0,0.0061963149473931445,0.005396314947393144,BULL
2026-03-31 19:00:00,2026-03-31 20:00:00,2026-03-31 22:00:00,UP,Strong,67803.0,68234.7,opp_signal,2.0,0.006366974912614509,0.005566974912614509,BULL
2026-03-31 20:00:00,2026-03-31 21:00:00,2026-03-31 22:00:00,UP,Strong,68227.3,68234.7,opp_signal,1.0,0.00010846098262717874,-0.0006915390173728213,BULL
2026-03-31 21:00:00,2026-03-31 22:00:00,2026-04-01 05:00:00,DOWN,Strong,68234.7,68272.3,opp_signal,7.0,-0.0005510392806007403,-0.0013510392806007402,BULL
2026-03-31 22:00:00,2026-03-31 23:00:00,2026-04-01 05:00:00,DOWN,Moderate,68141.7,68272.3,opp_signal,6.0,-0.001916594390806381,-0.002716594390806381,BULL
2026-03-31 23:00:00,2026-04-01 00:00:00,2026-04-01 05:00:00,DOWN,Moderate,68241.4,68272.3,opp_signal,5.0,-0.0004528043094076395,-0.0012528043094076394,BULL
2026-04-01 00:00:00,2026-04-01 01:00:00,2026-04-01 07:00:00,UP,Moderate,68288.0,69069.1,opp_signal,6.0,0.011438320056232465,0.010638320056232465,CHOPPY
2026-04-01 01:00:00,2026-04-01 02:00:00,2026-04-01 07:00:00,UP,Moderate,67746.4,69069.1,opp_signal,5.0,0.019524284685238147,0.018724284685238148,CHOPPY
2026-04-01 02:00:00,2026-04-01 03:00:00,2026-04-01 07:00:00,UP,Moderate,67623.9,69069.1,opp_signal,4.0,0.02137114245111582,0.020571142451115822,BULL
2026-04-01 04:00:00,2026-04-01 05:00:00,2026-04-01 07:00:00,UP,Strong,68272.3,69069.1,opp_signal,2.0,0.011670911921819016,0.010870911921819016,BULL
2026-04-01 05:00:00,2026-04-01 06:00:00,2026-04-01 07:00:00,UP,Moderate,68418.3,69069.1,opp_signal,1.0,0.00951207498578599,0.00871207498578599,BULL
2026-04-01 06:00:00,2026-04-01 07:00:00,2026-04-01 15:00:00,DOWN,Strong,69069.1,68877.0,time_exit,8.0,0.002781272667517154,0.001981272667517154,BULL
2026-04-01 07:00:00,2026-04-01 08:00:00,2026-04-01 09:00:00,UP,Moderate,68651.9,68630.9,opp_signal,1.0,-0.0003058910241376944,-0.0011058910241376944,BULL
2026-04-01 08:00:00,2026-04-01 09:00:00,2026-04-01 17:00:00,DOWN,Strong,68630.9,68239.7,time_exit,8.0,0.00570005638859461,0.0049000563885946095,BULL
2026-04-01 09:00:00,2026-04-01 10:00:00,2026-04-01 18:00:00,DOWN,Strong,68608.4,68054.2,time_exit,8.0,0.008077728091603897,0.007277728091603897,BULL
2026-04-01 10:00:00,2026-04-01 11:00:00,2026-04-01 19:00:00,DOWN,Moderate,68545.2,68143.8,time_exit,8.0,0.00585598991614289,0.005055989916142889,BULL
2026-04-01 11:00:00,2026-04-01 12:00:00,2026-04-01 20:00:00,DOWN,Strong,68670.0,68159.8,time_exit,8.0,0.007429736420562105,0.006629736420562105,BULL
2026-04-01 12:00:00,2026-04-01 13:00:00,2026-04-01 21:00:00,DOWN,Strong,68364.1,68324.7,time_exit,8.0,0.000576325878641093,-0.00022367412135890707,BULL
2026-04-01 13:00:00,2026-04-01 14:00:00,2026-04-01 22:00:00,DOWN,Moderate,68091.4,68088.4,time_exit,8.0,4.4058427349114027e-05,-0.000755941572650886,BULL
2026-04-01 14:00:00,2026-04-01 15:00:00,2026-04-01 23:00:00,DOWN,Strong,68559.2,68086.5,time_exit,8.0,0.006894771234203345,0.006094771234203345,BULL
2026-04-01 15:00:00,2026-04-01 16:00:00,2026-04-02 00:00:00,DOWN,Strong,68876.9,68565.1,time_exit,8.0,0.004526916861821384,0.003726916861821384,CHOPPY
2026-04-01 16:00:00,2026-04-01 17:00:00,2026-04-02 01:00:00,DOWN,Moderate,68781.1,67316.4,time_exit,8.0,0.021295094146502658,0.02049509414650266,CHOPPY
2026-04-01 17:00:00,2026-04-01 18:00:00,2026-04-02 02:00:00,DOWN,Moderate,68239.7,66821.6,time_exit,8.0,0.02078115818211379,0.01998115818211379,CHOPPY
2026-04-01 18:00:00,2026-04-01 19:00:00,2026-04-02 03:00:00,DOWN,Moderate,68054.2,66538.4,time_exit,8.0,0.02227342324206294,0.02147342324206294,CHOPPY
2026-04-01 19:00:00,2026-04-01 20:00:00,2026-04-02 04:00:00,DOWN,Moderate,68143.7,66538.4,opp_signal,8.0,0.023557570252275783,0.022757570252275785,CHOPPY
2026-04-01 20:00:00,2026-04-01 21:00:00,2026-04-02 04:00:00,DOWN,Moderate,68159.7,66538.4,opp_signal,7.0,0.023786783099104092,0.022986783099104093,CHOPPY
2026-04-01 21:00:00,2026-04-01 22:00:00,2026-04-02 04:00:00,DOWN,Moderate,68324.8,66538.4,opp_signal,6.0,0.026145704048895935,0.025345704048895936,CHOPPY
2026-04-01 22:00:00,2026-04-01 23:00:00,2026-04-02 04:00:00,DOWN,Strong,68088.5,66538.4,opp_signal,5.0,0.02276595900923073,0.02196595900923073,CHOPPY
2026-04-01 23:00:00,2026-04-02 00:00:00,2026-04-02 04:00:00,DOWN,Strong,68086.4,66538.4,opp_signal,4.0,0.022735818019457676,0.021935818019457678,CHOPPY
2026-04-02 00:00:00,2026-04-02 01:00:00,2026-04-02 04:00:00,DOWN,Strong,68565.2,66538.4,opp_signal,3.0,0.02956018505014213,0.02876018505014213,BEAR
2026-04-02 01:00:00,2026-04-02 02:00:00,2026-04-02 04:00:00,DOWN,Moderate,67316.4,66538.4,opp_signal,2.0,0.011557361950431111,0.01075736195043111,BEAR
2026-04-02 03:00:00,2026-04-02 04:00:00,2026-04-02 12:00:00,UP,Strong,66538.4,66014.2,time_exit,8.0,-0.007878157575174627,-0.008678157575174627,BEAR
2026-04-02 04:00:00,2026-04-02 05:00:00,2026-04-02 13:00:00,UP,Moderate,66300.2,66227.3,time_exit,8.0,-0.0010995441944366968,-0.0018995441944366968,BEAR
2026-04-02 05:00:00,2026-04-02 06:00:00,2026-04-02 14:00:00,UP,Moderate,66558.2,66822.4,time_exit,8.0,0.003969458308668239,0.003169458308668239,BEAR
2026-04-02 06:00:00,2026-04-02 07:00:00,2026-04-02 15:00:00,UP,Moderate,66653.0,66810.6,time_exit,8.0,0.0023644847193675655,0.0015644847193675656,BEAR
2026-04-02 08:00:00,2026-04-02 09:00:00,2026-04-02 17:00:00,UP,Moderate,66418.1,66641.4,time_exit,8.0,0.003362035348797754,0.002562035348797754,BEAR
2026-04-02 09:00:00,2026-04-02 10:00:00,2026-04-02 18:00:00,UP,Moderate,66428.7,66941.6,time_exit,8.0,0.007721060324829665,0.006921060324829665,BEAR
2026-04-02 13:00:00,2026-04-02 14:00:00,2026-04-02 22:00:00,UP,Moderate,66227.3,66954.0,time_exit,8.0,0.010972816346129122,0.010172816346129121,BEAR
2026-04-02 14:00:00,2026-04-02 15:00:00,2026-04-02 23:00:00,UP,Moderate,66822.3,66868.5,time_exit,8.0,0.0006913859594774863,-0.00010861404052251377,BEAR
2026-04-02 16:00:00,2026-04-02 17:00:00,2026-04-03 01:00:00,UP,Moderate,67050.0,66599.0,time_exit,8.0,-0.006726323639075327,-0.007526323639075327,BEAR
2026-04-02 17:00:00,2026-04-02 18:00:00,2026-04-03 02:00:00,UP,Moderate,66641.4,66504.6,time_exit,8.0,-0.002052778002862965,-0.002852778002862965,BEAR
2026-04-04 04:00:00,2026-04-04 05:00:00,2026-04-04 13:00:00,DOWN,Moderate,66833.5,67170.0,time_exit,8.0,-0.005034900162343758,-0.005834900162343759,CHOPPY
2026-04-04 06:00:00,2026-04-04 07:00:00,2026-04-04 15:00:00,DOWN,Moderate,66981.5,67357.3,time_exit,8.0,-0.005610504393004145,-0.006410504393004146,CHOPPY
2026-04-04 15:00:00,2026-04-04 16:00:00,2026-04-05 00:00:00,DOWN,Moderate,67357.4,67177.0,time_exit,8.0,0.002678250645066327,0.0018782506450663269,CHOPPY
2026-04-04 18:00:00,2026-04-04 19:00:00,2026-04-05 03:00:00,DOWN,Moderate,67265.6,67113.5,time_exit,8.0,0.002261185509383812,0.0014611855093838119,CHOPPY
2026-04-04 19:00:00,2026-04-04 20:00:00,2026-04-05 04:00:00,DOWN,Moderate,67262.8,67066.2,time_exit,8.0,0.002922863752326754,0.0021228637523267543,CHOPPY
2026-04-04 23:00:00,2026-04-05 00:00:00,2026-04-05 08:00:00,DOWN,Moderate,67271.1,66892.5,time_exit,8.0,0.005627973973965084,0.004827973973965083,CHOPPY
2026-04-05 01:00:00,2026-04-05 02:00:00,2026-04-05 10:00:00,DOWN,Moderate,67060.6,67012.3,time_exit,8.0,0.0007202440777446251,-7.975592225537497e-05,CHOPPY
2026-04-05 03:00:00,2026-04-05 04:00:00,2026-04-05 12:00:00,DOWN,Moderate,67113.4,66751.4,time_exit,8.0,0.0053938557724686476,0.004593855772468647,CHOPPY
2026-04-05 22:00:00,2026-04-05 23:00:00,2026-04-06 06:00:00,UP,Moderate,68313.0,69167.0,opp_signal,7.0,0.012501280868941533,0.011701280868941533,CHOPPY
2026-04-06 04:00:00,2026-04-06 05:00:00,2026-04-06 13:00:00,DOWN,Moderate,69107.6,69399.8,time_exit,8.0,-0.004228189084847456,-0.005028189084847456,CHOPPY
2026-04-06 05:00:00,2026-04-06 06:00:00,2026-04-06 14:00:00,DOWN,Strong,69167.0,69620.0,time_exit,8.0,-0.006549366027151615,-0.0073493660271516156,CHOPPY
2026-04-06 06:00:00,2026-04-06 07:00:00,2026-04-06 15:00:00,DOWN,Moderate,68958.8,69922.5,time_exit,8.0,-0.013975011166087459,-0.014775011166087459,CHOPPY
2026-04-06 08:00:00,2026-04-06 09:00:00,2026-04-06 17:00:00,DOWN,Moderate,69191.7,69540.6,time_exit,8.0,-0.005042512324455295,-0.005842512324455295,CHOPPY
2026-04-06 09:00:00,2026-04-06 10:00:00,2026-04-06 18:00:00,DOWN,Strong,69699.4,69852.9,time_exit,8.0,-0.002202314510598269,-0.003002314510598269,CHOPPY
2026-04-06 10:00:00,2026-04-06 11:00:00,2026-04-06 19:00:00,DOWN,Strong,69739.2,69704.8,time_exit,8.0,0.0004932663408814264,-0.00030673365911857364,CHOPPY
2026-04-06 11:00:00,2026-04-06 12:00:00,2026-04-06 20:00:00,DOWN,Moderate,69583.5,69779.4,time_exit,8.0,-0.002815322598029635,-0.0036153225980296347,CHOPPY
2026-04-06 12:00:00,2026-04-06 13:00:00,2026-04-06 21:00:00,DOWN,Moderate,69337.4,69476.5,time_exit,8.0,-0.002006132332622812,-0.002806132332622812,CHOPPY
2026-04-06 17:00:00,2026-04-06 18:00:00,2026-04-06 19:00:00,UP,Moderate,69540.6,69852.8,opp_signal,1.0,0.004489463708970076,0.0036894637089700763,CHOPPY
2026-04-06 18:00:00,2026-04-06 19:00:00,2026-04-07 02:00:00,DOWN,Strong,69852.8,68363.9,opp_signal,7.0,0.02131482202574564,0.02051482202574564,CHOPPY
2026-04-06 19:00:00,2026-04-06 20:00:00,2026-04-07 02:00:00,DOWN,Moderate,69704.8,68363.9,opp_signal,6.0,0.019236838782982102,0.018436838782982103,CHOPPY
2026-04-06 20:00:00,2026-04-06 21:00:00,2026-04-07 02:00:00,DOWN,Moderate,69779.5,68363.9,opp_signal,5.0,0.020286760438237628,0.01948676043823763,CHOPPY
2026-04-06 21:00:00,2026-04-06 22:00:00,2026-04-07 02:00:00,DOWN,Moderate,69476.5,68363.9,opp_signal,4.0,0.016014047915482332,0.015214047915482332,CHOPPY
2026-04-06 22:00:00,2026-04-06 23:00:00,2026-04-07 07:00:00,UP,Moderate,68777.0,68592.1,time_exit,8.0,-0.002688398737950126,-0.003488398737950126,CHOPPY
2026-04-06 23:00:00,2026-04-07 00:00:00,2026-04-07 08:00:00,UP,Moderate,68817.9,68592.0,opp_signal,8.0,-0.003282576190206221,-0.0040825761902062215,CHOPPY
2026-04-07 00:00:00,2026-04-07 01:00:00,2026-04-07 08:00:00,UP,Moderate,68738.6,68592.0,opp_signal,7.0,-0.0021327172796653526,-0.0029327172796653526,CHOPPY
2026-04-07 01:00:00,2026-04-07 02:00:00,2026-04-07 08:00:00,UP,Strong,68363.9,68592.0,opp_signal,6.0,0.0033365562818974404,0.0025365562818974404,CHOPPY
2026-04-07 02:00:00,2026-04-07 03:00:00,2026-04-07 08:00:00,UP,Moderate,68640.3,68592.0,opp_signal,5.0,-0.0007036682531982308,-0.0015036682531982307,CHOPPY
2026-04-07 06:00:00,2026-04-07 07:00:00,2026-04-07 15:00:00,DOWN,Moderate,68539.9,68138.4,time_exit,8.0,0.0058579017477411455,0.005057901747741145,CHOPPY
2026-04-07 07:00:00,2026-04-07 08:00:00,2026-04-07 16:00:00,DOWN,Strong,68592.0,68207.2,time_exit,8.0,0.005609983671565288,0.004809983671565288,CHOPPY
2026-04-07 08:00:00,2026-04-07 09:00:00,2026-04-07 17:00:00,DOWN,Strong,68907.1,68207.2,opp_signal,8.0,0.010157153616971337,0.009357153616971337,CHOPPY
2026-04-07 09:00:00,2026-04-07 10:00:00,2026-04-07 17:00:00,DOWN,Strong,69109.9,68207.2,opp_signal,7.0,0.013061804459274295,0.012261804459274295,CHOPPY
2026-04-07 10:00:00,2026-04-07 11:00:00,2026-04-07 17:00:00,DOWN,Moderate,68196.1,68207.2,opp_signal,6.0,-0.0001627659059681985,-0.0009627659059681985,CHOPPY
2026-04-07 11:00:00,2026-04-07 12:00:00,2026-04-07 17:00:00,DOWN,Moderate,68310.7,68207.2,opp_signal,5.0,0.0015151359889445937,0.0007151359889445936,CHOPPY
2026-04-07 12:00:00,2026-04-07 13:00:00,2026-04-07 17:00:00,DOWN,Moderate,68366.9,68207.2,opp_signal,4.0,0.0023359257184397686,0.0015359257184397687,CHOPPY
2026-04-07 16:00:00,2026-04-07 17:00:00,2026-04-08 01:00:00,UP,Strong,68207.2,71446.5,time_exit,8.0,0.04749205362483733,0.046692053624837325,CHOPPY
2026-04-07 17:00:00,2026-04-07 18:00:00,2026-04-08 02:00:00,UP,Strong,68670.1,71330.0,time_exit,8.0,0.03873447104343808,0.03793447104343808,CHOPPY
2026-04-07 18:00:00,2026-04-07 19:00:00,2026-04-08 03:00:00,UP,Strong,68413.7,71259.6,time_exit,8.0,0.04159839330426518,0.04079839330426518,BEAR
2026-04-07 21:00:00,2026-04-07 22:00:00,2026-04-08 06:00:00,UP,Moderate,69886.7,71697.5,time_exit,8.0,0.025910509438848983,0.025110509438848985,BULL
2026-04-07 22:00:00,2026-04-07 23:00:00,2026-04-08 07:00:00,UP,Moderate,71479.9,71612.0,time_exit,8.0,0.001848071975478538,0.001048071975478538,BULL
2026-04-07 23:00:00,2026-04-08 00:00:00,2026-04-08 08:00:00,UP,Strong,71890.2,71776.0,time_exit,8.0,-0.001588533624888977,-0.002388533624888977,BULL
2026-04-08 01:00:00,2026-04-08 02:00:00,2026-04-08 10:00:00,UP,Moderate,71446.5,71445.7,time_exit,8.0,-1.1197189505485206e-05,-0.0008111971895054852,BULL
2026-04-08 02:00:00,2026-04-08 03:00:00,2026-04-08 11:00:00,UP,Moderate,71329.9,71650.2,time_exit,8.0,0.004490403042763269,0.003690403042763269,BULL
2026-04-08 03:00:00,2026-04-08 04:00:00,2026-04-08 12:00:00,UP,Strong,71259.7,72023.6,time_exit,8.0,0.010719944091821976,0.009919944091821975,BULL
2026-04-12 13:00:00,2026-04-12 14:00:00,2026-04-12 22:00:00,UP,Moderate,70861.4,70875.6,time_exit,8.0,0.00020039118617476426,-0.0005996088138252358,BEAR
2026-04-13 15:00:00,2026-04-13 16:00:00,2026-04-14 00:00:00,UP,Moderate,71823.6,74127.9,time_exit,8.0,0.032082769451823534,0.03128276945182353,CHOPPY
2026-04-13 16:00:00,2026-04-13 17:00:00,2026-04-14 01:00:00,UP,Moderate,72157.4,74345.5,time_exit,8.0,0.03032398617466825,0.02952398617466825,CHOPPY
2026-04-13 17:00:00,2026-04-13 18:00:00,2026-04-14 02:00:00,UP,Moderate,72100.9,74294.4,time_exit,8.0,0.030422643822753948,0.02962264382275395,CHOPPY
2026-04-13 18:00:00,2026-04-13 19:00:00,2026-04-14 03:00:00,UP,Moderate,72380.1,74408.8,time_exit,8.0,0.028028422176813672,0.027228422176813673,CHOPPY
2026-04-13 20:00:00,2026-04-13 21:00:00,2026-04-14 05:00:00,UP,Moderate,73098.8,74184.5,time_exit,8.0,0.014852500998648432,0.014052500998648432,CHOPPY
2026-04-13 23:00:00,2026-04-14 00:00:00,2026-04-14 08:00:00,UP,Moderate,74384.9,74713.9,time_exit,8.0,0.004422940677476284,0.0036229406774762837,BULL
2026-04-14 00:00:00,2026-04-14 01:00:00,2026-04-14 09:00:00,UP,Moderate,74127.9,74471.9,time_exit,8.0,0.00464062788774533,0.00384062788774533,BULL
2026-04-14 01:00:00,2026-04-14 02:00:00,2026-04-14 10:00:00,UP,Moderate,74345.5,74309.8,time_exit,8.0,-0.0004801904620992392,-0.0012801904620992391,BULL
2026-04-14 02:00:00,2026-04-14 03:00:00,2026-04-14 11:00:00,UP,Moderate,74294.5,74342.4,time_exit,8.0,0.000644731440416102,-0.00015526855958389806,BULL
2026-04-14 03:00:00,2026-04-14 04:00:00,2026-04-14 12:00:00,UP,Moderate,74408.8,74416.7,time_exit,8.0,0.00010617023792880431,-0.0006938297620711957,BULL
2026-04-14 16:00:00,2026-04-14 17:00:00,2026-04-15 01:00:00,DOWN,Moderate,74597.2,74568.3,time_exit,8.0,0.0003874140048151231,-0.0004125859951848769,BULL
2026-04-14 17:00:00,2026-04-14 18:00:00,2026-04-15 02:00:00,DOWN,Moderate,74699.9,74280.0,time_exit,8.0,0.005621158796731862,0.004821158796731862,BULL
2026-04-14 18:00:00,2026-04-14 19:00:00,2026-04-15 03:00:00,DOWN,Moderate,74049.9,74296.8,time_exit,8.0,-0.0033342381286134426,-0.004134238128613443,BULL
2026-04-14 19:00:00,2026-04-14 20:00:00,2026-04-15 04:00:00,DOWN,Moderate,74176.5,74290.8,time_exit,8.0,-0.0015409192938464766,-0.0023409192938464766,BULL
2026-04-15 03:00:00,2026-04-15 04:00:00,2026-04-15 12:00:00,DOWN,Moderate,74296.8,74228.7,time_exit,8.0,0.0009165939852053828,0.00011659398520538278,CHOPPY
2026-04-15 11:00:00,2026-04-15 12:00:00,2026-04-15 20:00:00,DOWN,Moderate,74155.0,74796.8,time_exit,8.0,-0.00865484458229382,-0.00945484458229382,CHOPPY
2026-04-15 12:00:00,2026-04-15 13:00:00,2026-04-15 21:00:00,DOWN,Moderate,74228.8,74703.0,time_exit,8.0,-0.006388356001983064,-0.007188356001983065,CHOPPY
2026-04-16 00:00:00,2026-04-16 01:00:00,2026-04-16 09:00:00,DOWN,Moderate,74772.1,74558.7,time_exit,8.0,0.0028540057053367818,0.002054005705336782,CHOPPY
2026-04-16 03:00:00,2026-04-16 04:00:00,2026-04-16 12:00:00,DOWN,Moderate,74851.9,74577.7,time_exit,8.0,0.003663233665411214,0.002863233665411214,CHOPPY
2026-04-16 04:00:00,2026-04-16 05:00:00,2026-04-16 13:00:00,DOWN,Moderate,74900.0,73755.9,time_exit,8.0,0.0152750333778372,0.014475033377837199,CHOPPY
2026-04-16 05:00:00,2026-04-16 06:00:00,2026-04-16 14:00:00,DOWN,Moderate,75006.0,73756.0,opp_signal,8.0,0.016665333439991437,0.015865333439991438,CHOPPY
2026-04-16 06:00:00,2026-04-16 07:00:00,2026-04-16 14:00:00,DOWN,Moderate,74985.9,73756.0,opp_signal,7.0,0.016401750195703335,0.015601750195703335,CHOPPY
2026-04-16 07:00:00,2026-04-16 08:00:00,2026-04-16 14:00:00,DOWN,Moderate,74667.7,73756.0,opp_signal,6.0,0.012210098878095876,0.011410098878095876,CHOPPY
2026-04-16 13:00:00,2026-04-16 14:00:00,2026-04-16 22:00:00,UP,Strong,73756.0,74833.9,time_exit,8.0,0.014614404251857449,0.013814404251857449,CHOPPY
2026-04-16 14:00:00,2026-04-16 15:00:00,2026-04-16 23:00:00,UP,Strong,73936.8,75106.8,time_exit,8.0,0.015824325640276582,0.015024325640276582,CHOPPY
2026-04-16 15:00:00,2026-04-16 16:00:00,2026-04-17 00:00:00,UP,Moderate,74659.5,74900.2,time_exit,8.0,0.0032239701578500313,0.0024239701578500313,CHOPPY
2026-04-16 16:00:00,2026-04-16 17:00:00,2026-04-17 01:00:00,UP,Moderate,74140.6,74707.6,time_exit,8.0,0.007647631662004439,0.006847631662004439,CHOPPY
2026-04-16 17:00:00,2026-04-16 18:00:00,2026-04-17 02:00:00,UP,Moderate,74301.6,74670.6,time_exit,8.0,0.004966245679770109,0.004166245679770109,CHOPPY
2026-04-16 18:00:00,2026-04-16 19:00:00,2026-04-17 03:00:00,UP,Strong,75000.1,74582.8,time_exit,8.0,-0.005563992581343213,-0.006363992581343214,CHOPPY
2026-04-16 19:00:00,2026-04-16 20:00:00,2026-04-17 04:00:00,UP,Moderate,75309.5,74748.4,time_exit,8.0,-0.007450587243309381,-0.008250587243309382,CHOPPY
2026-04-17 08:00:00,2026-04-17 09:00:00,2026-04-17 14:00:00,UP,Moderate,75749.8,77294.2,opp_signal,5.0,0.020388172642039848,0.01958817264203985,BULL
2026-04-17 10:00:00,2026-04-17 11:00:00,2026-04-17 14:00:00,UP,Moderate,75229.6,77294.2,opp_signal,3.0,0.027443984814487843,0.026643984814487844,BULL
2026-04-17 13:00:00,2026-04-17 14:00:00,2026-04-17 22:00:00,DOWN,Strong,77294.2,77261.8,time_exit,8.0,0.0004191776355793042,-0.00038082236442069583,BULL
2026-04-17 14:00:00,2026-04-17 15:00:00,2026-04-17 23:00:00,DOWN,Moderate,77825.1,77030.6,time_exit,8.0,0.010208788681286607,0.009408788681286607,BULL
2026-04-17 15:00:00,2026-04-17 16:00:00,2026-04-18 00:00:00,DOWN,Moderate,77736.2,77135.1,time_exit,8.0,0.007732562178238589,0.006932562178238589,BULL
2026-04-17 16:00:00,2026-04-17 17:00:00,2026-04-18 01:00:00,DOWN,Moderate,77805.1,77175.9,time_exit,8.0,0.008086873482586743,0.007286873482586742,BULL
2026-04-17 18:00:00,2026-04-17 19:00:00,2026-04-18 03:00:00,DOWN,Moderate,77112.0,76964.3,time_exit,8.0,0.0019153957879447514,0.0011153957879447515,BULL
2026-04-17 19:00:00,2026-04-17 20:00:00,2026-04-18 04:00:00,DOWN,Moderate,77349.2,77065.9,time_exit,8.0,0.0036626106023075478,0.002862610602307548,BULL
2026-04-17 23:00:00,2026-04-18 00:00:00,2026-04-18 08:00:00,DOWN,Moderate,77030.6,76695.1,time_exit,8.0,0.004355412005099257,0.0035554120050992574,BULL
2026-04-20 19:00:00,2026-04-20 20:00:00,2026-04-21 04:00:00,UP,Moderate,76252.5,75768.3,time_exit,8.0,-0.006349955739156088,-0.007149955739156088,CHOPPY
2026-04-21 13:00:00,2026-04-21 14:00:00,2026-04-21 22:00:00,DOWN,Moderate,75860.0,75598.6,time_exit,8.0,0.003445821249670411,0.002645821249670411,CHOPPY
2026-04-21 14:00:00,2026-04-21 15:00:00,2026-04-21 23:00:00,DOWN,Moderate,75628.9,76288.2,time_exit,8.0,-0.00871756696183601,-0.00951756696183601,CHOPPY
2026-04-21 15:00:00,2026-04-21 16:00:00,2026-04-22 00:00:00,DOWN,Moderate,75800.0,76327.1,time_exit,8.0,-0.006953825857519913,-0.007753825857519913,CHOPPY
2026-04-21 23:00:00,2026-04-22 00:00:00,2026-04-22 06:00:00,UP,Moderate,76288.3,77954.4,opp_signal,6.0,0.02183952191882632,0.021039521918826323,CHOPPY
2026-04-22 00:00:00,2026-04-22 01:00:00,2026-04-22 06:00:00,UP,Moderate,76327.1,77954.4,opp_signal,5.0,0.021320081596182483,0.020520081596182484,CHOPPY
2026-04-22 04:00:00,2026-04-22 05:00:00,2026-04-22 08:00:00,DOWN,Moderate,77475.4,77979.7,opp_signal,3.0,-0.006509162908484578,-0.0073091629084845785,BULL
2026-04-22 05:00:00,2026-04-22 06:00:00,2026-04-22 08:00:00,DOWN,Strong,77954.4,77979.7,opp_signal,2.0,-0.00032454871052833845,-0.0011245487105283384,BULL
2026-04-22 07:00:00,2026-04-22 08:00:00,2026-04-22 11:00:00,UP,Strong,77979.7,78117.8,opp_signal,3.0,0.0017709737277780135,0.0009709737277780135,BULL
2026-04-22 09:00:00,2026-04-22 10:00:00,2026-04-22 18:00:00,DOWN,Moderate,77959.9,78989.5,time_exit,8.0,-0.013206789644419903,-0.014006789644419903,BULL
2026-04-22 10:00:00,2026-04-22 11:00:00,2026-04-22 19:00:00,DOWN,Strong,78117.8,78791.3,time_exit,8.0,-0.008621594566155188,-0.009421594566155189,BULL
2026-04-22 11:00:00,2026-04-22 12:00:00,2026-04-22 20:00:00,DOWN,Strong,78263.2,78395.8,time_exit,8.0,-0.0016942828813542032,-0.002494282881354203,BULL
2026-04-22 12:00:00,2026-04-22 13:00:00,2026-04-22 21:00:00,DOWN,Moderate,78196.6,78713.8,time_exit,8.0,-0.006614098311179761,-0.007414098311179762,BULL
2026-04-22 17:00:00,2026-04-22 18:00:00,2026-04-23 02:00:00,DOWN,Moderate,78869.8,77897.6,time_exit,8.0,0.012326644672612241,0.011526644672612241,BULL
2026-04-22 18:00:00,2026-04-22 19:00:00,2026-04-23 03:00:00,DOWN,Strong,78989.5,77704.3,time_exit,8.0,0.01627051696744497,0.01547051696744497,BULL
2026-04-22 19:00:00,2026-04-22 20:00:00,2026-04-23 04:00:00,DOWN,Strong,78791.3,77871.6,time_exit,8.0,0.011672608524037509,0.010872608524037508,CHOPPY
2026-04-22 20:00:00,2026-04-22 21:00:00,2026-04-23 05:00:00,DOWN,Moderate,78395.8,77991.9,time_exit,8.0,0.005152061717592082,0.004352061717592082,CHOPPY
2026-04-22 21:00:00,2026-04-22 22:00:00,2026-04-23 06:00:00,DOWN,Strong,78713.9,78167.0,time_exit,8.0,0.006947946931863291,0.006147946931863291,BULL
2026-04-22 22:00:00,2026-04-22 23:00:00,2026-04-23 07:00:00,DOWN,Strong,78552.1,78009.1,time_exit,8.0,0.00691260959286899,0.00611260959286899,CHOPPY
2026-04-23 03:00:00,2026-04-23 04:00:00,2026-04-23 05:00:00,UP,Moderate,77704.3,77871.5,opp_signal,1.0,0.0021517470719123466,0.0013517470719123467,CHOPPY
2026-04-23 04:00:00,2026-04-23 05:00:00,2026-04-23 13:00:00,DOWN,Strong,77871.5,77826.8,opp_signal,8.0,0.0005740225884951489,-0.00022597741150485117,CHOPPY
2026-04-23 05:00:00,2026-04-23 06:00:00,2026-04-23 13:00:00,DOWN,Strong,77992.0,77826.8,opp_signal,7.0,0.002118165965739993,0.0013181659657399932,CHOPPY
2026-04-23 06:00:00,2026-04-23 07:00:00,2026-04-23 13:00:00,DOWN,Strong,78167.0,77826.8,opp_signal,6.0,0.004352220246395477,0.0035522202463954774,CHOPPY
2026-04-23 07:00:00,2026-04-23 08:00:00,2026-04-23 13:00:00,DOWN,Strong,78009.1,77826.8,opp_signal,5.0,0.0023369068480472155,0.0015369068480472156,CHOPPY
2026-04-23 08:00:00,2026-04-23 09:00:00,2026-04-23 13:00:00,DOWN,Strong,77822.1,77826.8,opp_signal,4.0,-6.039415538761084e-05,-0.0008603941553876109,CHOPPY
2026-04-23 09:00:00,2026-04-23 10:00:00,2026-04-23 13:00:00,DOWN,Moderate,77613.0,77826.8,opp_signal,3.0,-0.0027546931570743283,-0.003554693157074328,CHOPPY
2026-04-23 11:00:00,2026-04-23 12:00:00,2026-04-23 20:00:00,UP,Moderate,77650.0,77670.4,opp_signal,8.0,0.0002627173213134437,-0.0005372826786865563,CHOPPY
2026-04-23 12:00:00,2026-04-23 13:00:00,2026-04-23 20:00:00,UP,Strong,77826.8,77670.4,opp_signal,7.0,-0.0020095905266567238,-0.0028095905266567237,CHOPPY
2026-04-23 13:00:00,2026-04-23 14:00:00,2026-04-23 20:00:00,UP,Strong,77486.6,77670.4,opp_signal,6.0,0.002372023033659909,0.0015720230336599091,CHOPPY
2026-04-23 16:00:00,2026-04-23 17:00:00,2026-04-23 20:00:00,UP,Strong,78049.1,77670.4,opp_signal,3.0,-0.004852073886822628,-0.005652073886822628,CHOPPY
2026-04-23 17:00:00,2026-04-23 18:00:00,2026-04-23 20:00:00,UP,Strong,77715.1,77670.4,opp_signal,2.0,-0.0005751777968504568,-0.0013751777968504567,CHOPPY
2026-04-23 18:00:00,2026-04-23 19:00:00,2026-04-23 20:00:00,UP,Moderate,77631.5,77670.4,opp_signal,1.0,0.0005010852553408718,-0.00029891474465912826,CHOPPY
2026-04-23 19:00:00,2026-04-23 20:00:00,2026-04-24 04:00:00,DOWN,Strong,77670.4,77620.5,time_exit,8.0,0.0006424583882662649,-0.00015754161173373515,CHOPPY
2026-04-23 21:00:00,2026-04-23 22:00:00,2026-04-24 06:00:00,DOWN,Moderate,77819.5,77741.9,time_exit,8.0,0.0009971793702093779,0.00019717937020937782,CHOPPY
2026-04-23 22:00:00,2026-04-23 23:00:00,2026-04-24 07:00:00,DOWN,Strong,78194.1,77620.5,time_exit,8.0,0.00733559181575083,0.00653559181575083,CHOPPY
2026-04-23 23:00:00,2026-04-24 00:00:00,2026-04-24 08:00:00,DOWN,Strong,78217.4,77744.6,time_exit,8.0,0.006044690823269305,0.005244690823269305,CHOPPY
2026-04-24 00:00:00,2026-04-24 01:00:00,2026-04-24 09:00:00,DOWN,Strong,78376.7,77497.2,time_exit,8.0,0.01122144719030016,0.01042144719030016,CHOPPY
2026-04-24 01:00:00,2026-04-24 02:00:00,2026-04-24 10:00:00,DOWN,Moderate,78369.8,77715.2,time_exit,8.0,0.008352707292860306,0.007552707292860306,CHOPPY
2026-04-24 02:00:00,2026-04-24 03:00:00,2026-04-24 11:00:00,DOWN,Strong,78074.0,78194.8,time_exit,8.0,-0.0015472500448292514,-0.0023472500448292514,CHOPPY
2026-04-24 03:00:00,2026-04-24 04:00:00,2026-04-24 12:00:00,UP,Moderate,77690.1,78233.0,time_exit,8.0,0.0069880203526575535,0.006188020352657553,CHOPPY
2026-04-24 05:00:00,2026-04-24 06:00:00,2026-04-24 14:00:00,UP,Moderate,77911.1,77986.4,time_exit,8.0,0.0009664861617919573,0.0001664861617919573,CHOPPY
2026-04-24 14:00:00,2026-04-24 15:00:00,2026-04-24 23:00:00,UP,Moderate,77986.3,77395.4,time_exit,8.0,-0.007576971852748637,-0.008376971852748638,CHOPPY
2026-04-24 19:00:00,2026-04-24 20:00:00,2026-04-25 04:00:00,DOWN,Moderate,77596.0,77579.5,time_exit,8.0,0.00021263982679520232,-0.0005873601732047977,CHOPPY
2026-04-24 20:00:00,2026-04-24 21:00:00,2026-04-25 05:00:00,DOWN,Moderate,77688.2,77475.8,time_exit,8.0,0.002734005936551376,0.0019340059365513759,CHOPPY
2026-04-24 21:00:00,2026-04-24 22:00:00,2026-04-25 06:00:00,DOWN,Moderate,77490.0,77458.8,time_exit,8.0,0.0004026325977545264,-0.0003973674022454736,CHOPPY
2026-04-24 22:00:00,2026-04-24 23:00:00,2026-04-25 07:00:00,DOWN,Moderate,77294.6,77449.9,time_exit,8.0,-0.0020091959852304164,-0.0028091959852304164,CHOPPY
2026-04-25 00:00:00,2026-04-25 01:00:00,2026-04-25 09:00:00,DOWN,Moderate,77420.0,77672.5,time_exit,8.0,-0.003261431154740313,-0.004061431154740313,CHOPPY
2026-04-25 03:00:00,2026-04-25 04:00:00,2026-04-25 12:00:00,DOWN,Moderate,77629.0,77518.3,time_exit,8.0,0.0014260134743458996,0.0006260134743458996,CHOPPY
2026-04-25 04:00:00,2026-04-25 05:00:00,2026-04-25 13:00:00,DOWN,Moderate,77579.5,77650.1,time_exit,8.0,-0.0009100342229584335,-0.0017100342229584334,CHOPPY
2026-04-26 05:00:00,2026-04-26 06:00:00,2026-04-26 14:00:00,UP,Strong,77949.4,78053.4,time_exit,8.0,0.001334198852075863,0.0005341988520758629,CHOPPY
2026-04-26 06:00:00,2026-04-26 07:00:00,2026-04-26 15:00:00,UP,Strong,77963.3,78007.9,time_exit,8.0,0.0005720640352575579,-0.00022793596474244215,CHOPPY
2026-04-26 07:00:00,2026-04-26 08:00:00,2026-04-26 16:00:00,UP,Strong,78061.5,77890.0,time_exit,8.0,-0.0021969857099850554,-0.0029969857099850553,CHOPPY
2026-04-26 08:00:00,2026-04-26 09:00:00,2026-04-26 17:00:00,UP,Moderate,77989.1,77976.7,time_exit,8.0,-0.0001589965777269997,-0.0009589965777269997,CHOPPY
2026-04-26 09:00:00,2026-04-26 10:00:00,2026-04-26 18:00:00,UP,Moderate,77971.8,78238.1,time_exit,8.0,0.003415337339910174,0.002615337339910174,CHOPPY
2026-04-26 10:00:00,2026-04-26 11:00:00,2026-04-26 19:00:00,UP,Moderate,77961.5,78183.1,time_exit,8.0,0.0028424286346466765,0.0020424286346466766,CHOPPY
2026-04-26 11:00:00,2026-04-26 12:00:00,2026-04-26 20:00:00,UP,Moderate,78050.0,78150.1,time_exit,8.0,0.0012825112107623937,0.0004825112107623937,CHOPPY
2026-04-26 12:00:00,2026-04-26 13:00:00,2026-04-26 21:00:00,UP,Moderate,77795.4,78369.7,time_exit,8.0,0.0073821845507575645,0.006582184550757564,CHOPPY
2026-04-26 13:00:00,2026-04-26 14:00:00,2026-04-26 22:00:00,UP,Strong,77940.0,78274.7,time_exit,8.0,0.004294328971003347,0.0034943289710033473,CHOPPY
2026-04-26 14:00:00,2026-04-26 15:00:00,2026-04-26 23:00:00,UP,Moderate,78053.5,78613.5,time_exit,8.0,0.007174566162952312,0.006374566162952311,CHOPPY
2026-04-26 15:00:00,2026-04-26 16:00:00,2026-04-27 00:00:00,UP,Moderate,78007.9,79263.7,time_exit,8.0,0.016098369524112366,0.015298369524112366,CHOPPY
2026-04-26 16:00:00,2026-04-26 17:00:00,2026-04-27 01:00:00,UP,Moderate,77890.1,79245.3,time_exit,8.0,0.017398873541053295,0.016598873541053296,CHOPPY
2026-04-26 17:00:00,2026-04-26 18:00:00,2026-04-27 02:00:00,UP,Moderate,77976.7,79082.9,time_exit,8.0,0.014186288981195672,0.013386288981195671,CHOPPY
2026-04-26 18:00:00,2026-04-26 19:00:00,2026-04-27 03:00:00,UP,Strong,78238.1,79065.1,time_exit,8.0,0.010570297591582678,0.009770297591582678,CHOPPY
2026-04-26 19:00:00,2026-04-26 20:00:00,2026-04-27 04:00:00,UP,Strong,78183.2,78882.6,time_exit,8.0,0.008945655844222467,0.008145655844222466,CHOPPY
2026-04-26 20:00:00,2026-04-26 21:00:00,2026-04-27 05:00:00,UP,Moderate,78150.0,77730.6,time_exit,8.0,-0.005366602687140065,-0.0061666026871400655,CHOPPY
2026-04-26 21:00:00,2026-04-26 22:00:00,2026-04-27 06:00:00,UP,Strong,78369.6,77657.9,time_exit,8.0,-0.009081327453502541,-0.009881327453502542,CHOPPY
2026-04-26 22:00:00,2026-04-26 23:00:00,2026-04-27 07:00:00,UP,Strong,78274.7,77556.7,time_exit,8.0,-0.00917282340270864,-0.009972823402708641,CHOPPY
2026-04-26 23:00:00,2026-04-27 00:00:00,2026-04-27 08:00:00,UP,Strong,78614.4,77763.5,time_exit,8.0,-0.010823716774534864,-0.011623716774534864,CHOPPY
2026-04-27 00:00:00,2026-04-27 01:00:00,2026-04-27 09:00:00,UP,Strong,79264.1,77856.1,time_exit,8.0,-0.017763401085737374,-0.018563401085737372,CHOPPY
2026-04-27 01:00:00,2026-04-27 02:00:00,2026-04-27 10:00:00,UP,Strong,79245.3,77806.7,time_exit,8.0,-0.018153758014671006,-0.018953758014671005,CHOPPY
2026-04-27 02:00:00,2026-04-27 03:00:00,2026-04-27 11:00:00,UP,Strong,79082.9,77804.3,time_exit,8.0,-0.01616784412306571,-0.01696784412306571,CHOPPY
2026-04-27 04:00:00,2026-04-27 05:00:00,2026-04-27 13:00:00,UP,Moderate,78882.6,77700.0,time_exit,8.0,-0.014991899354230287,-0.015791899354230286,CHOPPY
2026-04-27 05:00:00,2026-04-27 06:00:00,2026-04-27 14:00:00,UP,Strong,77730.5,77776.0,time_exit,8.0,0.0005853558127117964,-0.00021464418728820366,CHOPPY
2026-04-27 06:00:00,2026-04-27 07:00:00,2026-04-27 15:00:00,UP,Strong,77657.9,76760.0,time_exit,8.0,-0.01156224930110128,-0.01236224930110128,CHOPPY
2026-04-27 07:00:00,2026-04-27 08:00:00,2026-04-27 16:00:00,UP,Strong,77556.7,76587.9,time_exit,8.0,-0.012491506214163395,-0.013291506214163395,CHOPPY
2026-04-27 08:00:00,2026-04-27 09:00:00,2026-04-27 17:00:00,UP,Moderate,77763.4,76702.3,time_exit,8.0,-0.013645236705185138,-0.014445236705185138,CHOPPY
2026-04-27 09:00:00,2026-04-27 10:00:00,2026-04-27 18:00:00,UP,Strong,77856.1,76790.7,time_exit,8.0,-0.01368421999046976,-0.01448421999046976,CHOPPY
2026-04-27 10:00:00,2026-04-27 11:00:00,2026-04-27 19:00:00,UP,Moderate,77806.7,76844.4,time_exit,8.0,-0.012367829505685268,-0.013167829505685269,CHOPPY
2026-04-27 12:00:00,2026-04-27 13:00:00,2026-04-27 21:00:00,UP,Moderate,77627.3,76741.4,time_exit,8.0,-0.011412222246555137,-0.012212222246555137,CHOPPY
2026-04-27 13:00:00,2026-04-27 14:00:00,2026-04-27 22:00:00,UP,Strong,77700.3,77025.8,time_exit,8.0,-0.008680790164259378,-0.009480790164259378,CHOPPY
2026-04-27 16:00:00,2026-04-27 17:00:00,2026-04-28 01:00:00,UP,Strong,76587.9,77047.2,time_exit,8.0,0.005997030862577635,0.005197030862577634,BEAR
2026-04-27 17:00:00,2026-04-27 18:00:00,2026-04-28 02:00:00,UP,Strong,76702.3,76845.0,time_exit,8.0,0.001860439647833223,0.001060439647833223,CHOPPY
2026-04-27 18:00:00,2026-04-27 19:00:00,2026-04-28 03:00:00,UP,Strong,76790.6,76770.6,time_exit,8.0,-0.0002604485444832605,-0.0010604485444832604,CHOPPY
2026-04-27 19:00:00,2026-04-27 20:00:00,2026-04-28 04:00:00,UP,Strong,76844.3,76845.2,time_exit,8.0,1.171199425331615e-05,-0.0007882880057466839,CHOPPY
2026-04-27 20:00:00,2026-04-27 21:00:00,2026-04-28 05:00:00,UP,Moderate,76915.8,76848.0,time_exit,8.0,-0.0008814833883286077,-0.0016814833883286077,CHOPPY
2026-04-27 21:00:00,2026-04-27 22:00:00,2026-04-28 06:00:00,UP,Moderate,76741.4,76664.9,time_exit,8.0,-0.0009968543706525557,-0.0017968543706525556,BEAR
2026-04-27 22:00:00,2026-04-27 23:00:00,2026-04-28 07:00:00,UP,Moderate,77025.8,76828.4,time_exit,8.0,-0.002562777666703986,-0.003362777666703986,CHOPPY
2026-04-27 23:00:00,2026-04-28 00:00:00,2026-04-28 08:00:00,UP,Strong,77331.2,76820.1,time_exit,8.0,-0.006609234047835644,-0.007409234047835644,CHOPPY
2026-04-28 00:00:00,2026-04-28 01:00:00,2026-04-28 09:00:00,UP,Moderate,77334.9,76557.2,time_exit,8.0,-0.010056261791248189,-0.01085626179124819,CHOPPY
2026-04-28 03:00:00,2026-04-28 04:00:00,2026-04-28 12:00:00,UP,Moderate,76770.6,76345.6,time_exit,8.0,-0.005535973406486372,-0.006335973406486372,CHOPPY
