signal_ts,entry_ts,exit_ts,direction,tier,entry_px,exit_px,exit_reason,hold_h,gross,net,regime
2025-12-01 08:00:00,2025-12-01 09:00:00,2025-12-01 21:00:00,UP,Strong,86811.0,86380.1,time_exit,12.0,-0.004963656679452977,-0.005763656679452977,BEAR
2025-12-01 09:00:00,2025-12-01 10:00:00,2025-12-01 22:00:00,UP,Strong,86659.2,86518.2,time_exit,12.0,-0.0016270632546804276,-0.0024270632546804275,BEAR
2025-12-01 10:00:00,2025-12-01 11:00:00,2025-12-01 23:00:00,UP,Moderate,86599.0,86241.6,time_exit,12.0,-0.004127068441898807,-0.004927068441898807,BEAR
2025-12-01 11:00:00,2025-12-01 12:00:00,2025-12-02 00:00:00,UP,Moderate,86100.0,86472.0,time_exit,12.0,0.004320557491289234,0.0035205574912892342,BEAR
2025-12-01 12:00:00,2025-12-01 13:00:00,2025-12-02 01:00:00,UP,Strong,85396.3,86409.9,time_exit,12.0,0.01186936670558314,0.01106936670558314,BEAR
2025-12-01 13:00:00,2025-12-01 14:00:00,2025-12-02 02:00:00,UP,Strong,85943.7,86501.2,time_exit,12.0,0.006486804733796703,0.005686804733796702,BEAR
2025-12-01 14:00:00,2025-12-01 15:00:00,2025-12-02 03:00:00,UP,Strong,86017.4,86936.0,time_exit,12.0,0.01067923466647458,0.00987923466647458,BEAR
2025-12-01 15:00:00,2025-12-01 16:00:00,2025-12-02 04:00:00,UP,Strong,84650.0,86924.9,time_exit,12.0,0.026874187832250485,0.026074187832250486,BEAR
2025-12-01 16:00:00,2025-12-01 17:00:00,2025-12-02 05:00:00,UP,Strong,84540.4,86968.7,time_exit,12.0,0.028723545192594235,0.027923545192594237,BEAR
2025-12-01 17:00:00,2025-12-01 18:00:00,2025-12-02 06:00:00,UP,Moderate,84902.6,87043.7,time_exit,12.0,0.025218308979936932,0.024418308979936933,BEAR
2025-12-01 18:00:00,2025-12-01 19:00:00,2025-12-02 07:00:00,UP,Moderate,85159.1,86965.0,time_exit,12.0,0.021206189356157923,0.020406189356157924,BEAR
2025-12-01 19:00:00,2025-12-01 20:00:00,2025-12-02 08:00:00,UP,Moderate,84985.0,86438.0,time_exit,12.0,0.017097134788492063,0.016297134788492065,BEAR
2025-12-01 20:00:00,2025-12-01 21:00:00,2025-12-02 09:00:00,UP,Strong,85474.1,86734.4,time_exit,12.0,0.014744817435924817,0.013944817435924817,BEAR
2025-12-01 21:00:00,2025-12-01 22:00:00,2025-12-02 10:00:00,UP,Moderate,86380.1,87241.8,time_exit,12.0,0.009975677268259764,0.009175677268259763,BEAR
2025-12-01 22:00:00,2025-12-01 23:00:00,2025-12-02 11:00:00,UP,Moderate,86518.4,87326.9,time_exit,12.0,0.00934483300662059,0.00854483300662059,BEAR
2025-12-02 01:00:00,2025-12-02 02:00:00,2025-12-02 14:00:00,UP,Moderate,86409.9,89225.1,time_exit,12.0,0.03257960025413764,0.03177960025413764,CHOPPY
2025-12-02 03:00:00,2025-12-02 04:00:00,2025-12-02 16:00:00,UP,Moderate,86935.9,90713.9,time_exit,12.0,0.04345730590009422,0.04265730590009422,BULL
2025-12-02 11:00:00,2025-12-02 12:00:00,2025-12-03 00:00:00,UP,Moderate,87327.0,91620.3,time_exit,12.0,0.04916348895530587,0.048363488955305865,BULL
2025-12-02 20:00:00,2025-12-02 21:00:00,2025-12-03 09:00:00,UP,Moderate,90976.1,93132.1,time_exit,12.0,0.023698531812201162,0.022898531812201164,BULL
2025-12-09 04:00:00,2025-12-09 05:00:00,2025-12-09 17:00:00,UP,Moderate,89875.3,93884.5,time_exit,12.0,0.04460847418589986,0.04380847418589986,CHOPPY
2025-12-09 05:00:00,2025-12-09 06:00:00,2025-12-09 18:00:00,UP,Moderate,89857.7,93887.3,time_exit,12.0,0.04484423705481011,0.04404423705481011,CHOPPY
2025-12-09 08:00:00,2025-12-09 09:00:00,2025-12-09 21:00:00,DOWN,Moderate,90459.0,92591.2,time_exit,12.0,-0.023570899523541078,-0.024370899523541076,CHOPPY
2025-12-09 09:00:00,2025-12-09 10:00:00,2025-12-09 22:00:00,DOWN,Moderate,90100.0,92832.0,time_exit,12.0,-0.03032186459489461,-0.03112186459489461,CHOPPY
2025-12-09 11:00:00,2025-12-09 12:00:00,2025-12-10 00:00:00,UP,Moderate,90342.0,92084.5,time_exit,12.0,0.019287817404972207,0.01848781740497221,CHOPPY
2025-12-09 12:00:00,2025-12-09 13:00:00,2025-12-10 01:00:00,UP,Moderate,90532.7,92269.1,time_exit,12.0,0.019179810168038935,0.018379810168038937,CHOPPY
2025-12-09 13:00:00,2025-12-09 14:00:00,2025-12-10 02:00:00,UP,Moderate,90385.1,92457.6,time_exit,12.0,0.022929664292012708,0.02212966429201271,CHOPPY
2025-12-09 14:00:00,2025-12-09 15:00:00,2025-12-10 03:00:00,UP,Moderate,90327.1,92366.0,time_exit,12.0,0.022572406287813873,0.021772406287813875,BULL
2025-12-09 15:00:00,2025-12-09 16:00:00,2025-12-10 04:00:00,UP,Strong,92676.9,92507.3,time_exit,12.0,-0.001830013735893088,-0.002630013735893088,BULL
2025-12-09 18:00:00,2025-12-09 19:00:00,2025-12-10 07:00:00,DOWN,Strong,93887.2,92744.7,time_exit,12.0,0.012168857948687384,0.011368857948687383,BULL
2025-12-09 19:00:00,2025-12-09 20:00:00,2025-12-10 08:00:00,DOWN,Strong,93761.9,92565.0,time_exit,12.0,0.012765312989604483,0.011965312989604482,BULL
2025-12-09 20:00:00,2025-12-09 21:00:00,2025-12-10 09:00:00,UP,Moderate,93075.2,92870.1,time_exit,12.0,-0.0022035945128239254,-0.0030035945128239253,BULL
2025-12-09 21:00:00,2025-12-09 22:00:00,2025-12-10 10:00:00,UP,Moderate,92591.2,92230.5,time_exit,12.0,-0.0038956185901035667,-0.004695618590103567,BULL
2025-12-09 22:00:00,2025-12-09 23:00:00,2025-12-10 11:00:00,UP,Moderate,92832.0,92085.5,time_exit,12.0,-0.008041408135125772,-0.008841408135125772,BULL
2025-12-10 00:00:00,2025-12-10 01:00:00,2025-12-10 13:00:00,UP,Moderate,92084.5,92054.6,time_exit,12.0,-0.00032470176848431453,-0.0011247017684843145,BULL
2025-12-10 01:00:00,2025-12-10 02:00:00,2025-12-10 14:00:00,UP,Moderate,92269.2,91794.0,time_exit,12.0,-0.005150147611553968,-0.005950147611553968,BULL
2025-12-10 04:00:00,2025-12-10 05:00:00,2025-12-10 17:00:00,UP,Moderate,92507.4,92348.8,time_exit,12.0,-0.0017144574379994726,-0.0025144574379994725,BULL
2025-12-10 05:00:00,2025-12-10 06:00:00,2025-12-10 18:00:00,UP,Moderate,92508.5,92448.8,time_exit,12.0,-0.0006453461033310015,-0.0014453461033310014,BULL
2025-12-10 06:00:00,2025-12-10 07:00:00,2025-12-10 19:00:00,UP,Moderate,92648.0,92913.8,time_exit,12.0,0.0028689232363354744,0.0020689232363354745,BULL
2025-12-10 07:00:00,2025-12-10 08:00:00,2025-12-10 20:00:00,UP,Moderate,92744.7,92409.1,time_exit,12.0,-0.0036185356144339265,-0.004418535614433927,BULL
2025-12-10 08:00:00,2025-12-10 09:00:00,2025-12-10 21:00:00,UP,Moderate,92565.1,92308.2,time_exit,12.0,-0.002775344055157003,-0.003575344055157003,BULL
2025-12-10 09:00:00,2025-12-10 10:00:00,2025-12-10 22:00:00,UP,Moderate,92870.0,92472.2,time_exit,12.0,-0.004283406912888976,-0.005083406912888977,BULL
2025-12-10 10:00:00,2025-12-10 11:00:00,2025-12-10 23:00:00,UP,Moderate,92230.4,91977.5,time_exit,12.0,-0.002742046006522725,-0.0035420460065227247,BULL
2025-12-10 11:00:00,2025-12-10 12:00:00,2025-12-11 00:00:00,UP,Moderate,92085.4,91350.1,time_exit,12.0,-0.007984979160648553,-0.008784979160648554,BULL
2025-12-10 12:00:00,2025-12-10 13:00:00,2025-12-11 01:00:00,UP,Moderate,91952.2,90637.0,time_exit,12.0,-0.014303083558631524,-0.015103083558631525,BULL
2025-12-10 13:00:00,2025-12-10 14:00:00,2025-12-11 02:00:00,UP,Moderate,92054.5,90034.4,time_exit,12.0,-0.021944608900162477,-0.022744608900162475,BULL
2025-12-10 14:00:00,2025-12-10 15:00:00,2025-12-11 03:00:00,UP,Moderate,91794.0,89833.1,time_exit,12.0,-0.021361962655511157,-0.022161962655511156,CHOPPY
2025-12-10 15:00:00,2025-12-10 16:00:00,2025-12-11 04:00:00,UP,Moderate,92021.8,90386.6,time_exit,12.0,-0.017769702396606024,-0.018569702396606023,CHOPPY
2025-12-10 16:00:00,2025-12-10 17:00:00,2025-12-11 05:00:00,UP,Moderate,92126.7,90262.0,time_exit,12.0,-0.020240603429841686,-0.021040603429841685,CHOPPY
2025-12-10 17:00:00,2025-12-10 18:00:00,2025-12-11 06:00:00,UP,Moderate,92348.7,90252.1,time_exit,12.0,-0.02270308082301098,-0.023503080823010978,CHOPPY
2025-12-10 18:00:00,2025-12-10 19:00:00,2025-12-11 07:00:00,UP,Moderate,92448.8,90231.4,time_exit,12.0,-0.023985168006507518,-0.024785168006507517,CHOPPY
2025-12-10 19:00:00,2025-12-10 20:00:00,2025-12-11 08:00:00,UP,Moderate,92913.9,90152.5,time_exit,12.0,-0.02971998807498122,-0.030519988074981217,CHOPPY
2025-12-10 21:00:00,2025-12-10 22:00:00,2025-12-11 10:00:00,UP,Moderate,92308.3,90279.2,time_exit,12.0,-0.021981771953334728,-0.022781771953334726,CHOPPY
2025-12-10 22:00:00,2025-12-10 23:00:00,2025-12-11 11:00:00,UP,Moderate,92472.2,90195.3,time_exit,12.0,-0.0246225352051751,-0.0254225352051751,CHOPPY
2025-12-10 23:00:00,2025-12-11 00:00:00,2025-12-11 12:00:00,UP,Moderate,91977.5,90000.8,time_exit,12.0,-0.021491125547008716,-0.022291125547008715,CHOPPY
2025-12-11 00:00:00,2025-12-11 01:00:00,2025-12-11 13:00:00,UP,Moderate,91350.1,90062.9,time_exit,12.0,-0.014090843907122341,-0.014890843907122342,CHOPPY
2025-12-11 01:00:00,2025-12-11 02:00:00,2025-12-11 14:00:00,UP,Moderate,90637.0,89514.5,time_exit,12.0,-0.0123845670090581,-0.013184567009058101,CHOPPY
2025-12-11 02:00:00,2025-12-11 03:00:00,2025-12-11 15:00:00,UP,Moderate,90034.4,89830.1,time_exit,12.0,-0.002269132687061748,-0.003069132687061748,CHOPPY
2025-12-11 03:00:00,2025-12-11 04:00:00,2025-12-11 16:00:00,UP,Moderate,89833.1,89704.2,time_exit,12.0,-0.0014348831332772205,-0.0022348831332772204,CHOPPY
2025-12-11 04:00:00,2025-12-11 05:00:00,2025-12-11 17:00:00,UP,Strong,90386.6,89935.6,time_exit,12.0,-0.00498967767346048,-0.00578967767346048,CHOPPY
2025-12-11 06:00:00,2025-12-11 07:00:00,2025-12-11 19:00:00,UP,Moderate,90252.0,90793.5,time_exit,12.0,0.005999867038957607,0.005199867038957607,CHOPPY
2025-12-11 08:00:00,2025-12-11 09:00:00,2025-12-11 21:00:00,UP,Moderate,90152.6,92823.6,time_exit,12.0,0.02962754263326839,0.02882754263326839,CHOPPY
2025-12-11 13:00:00,2025-12-11 14:00:00,2025-12-12 02:00:00,UP,Strong,90062.8,92542.2,time_exit,12.0,0.027529679290450693,0.026729679290450694,CHOPPY
2025-12-11 14:00:00,2025-12-11 15:00:00,2025-12-12 03:00:00,UP,Strong,89514.4,92234.3,time_exit,12.0,0.03038505536539393,0.029585055365393933,CHOPPY
2025-12-11 15:00:00,2025-12-11 16:00:00,2025-12-12 04:00:00,UP,Strong,89830.1,92355.6,time_exit,12.0,0.02811418444374425,0.02731418444374425,CHOPPY
2025-12-11 16:00:00,2025-12-11 17:00:00,2025-12-12 05:00:00,UP,Strong,89704.2,92404.8,time_exit,12.0,0.030105613783970142,0.029305613783970143,CHOPPY
2025-12-11 17:00:00,2025-12-11 18:00:00,2025-12-12 06:00:00,UP,Strong,89935.3,92468.7,time_exit,12.0,0.02816913937019172,0.02736913937019172,CHOPPY
2025-12-11 18:00:00,2025-12-11 19:00:00,2025-12-12 07:00:00,UP,Strong,90657.9,92389.5,time_exit,12.0,0.01910037624961536,0.01830037624961536,CHOPPY
2025-12-11 19:00:00,2025-12-11 20:00:00,2025-12-12 08:00:00,UP,Strong,90793.5,92311.4,time_exit,12.0,0.01671815713679936,0.015918157136799362,CHOPPY
2025-12-11 20:00:00,2025-12-11 21:00:00,2025-12-12 09:00:00,UP,Moderate,91740.9,92481.7,time_exit,12.0,0.008074915332201948,0.007274915332201948,BULL
2025-12-11 22:00:00,2025-12-11 23:00:00,2025-12-12 11:00:00,DOWN,Strong,92325.4,92381.5,time_exit,12.0,-0.0006076334356526214,-0.0014076334356526213,BULL
2025-12-11 23:00:00,2025-12-12 00:00:00,2025-12-12 12:00:00,DOWN,Strong,92477.6,92389.9,time_exit,12.0,0.0009483377596305465,0.0001483377596305464,CHOPPY
2025-12-12 04:00:00,2025-12-12 05:00:00,2025-12-12 17:00:00,DOWN,Strong,92355.7,90043.5,time_exit,12.0,0.02503581262445087,0.024235812624450872,CHOPPY
2025-12-12 05:00:00,2025-12-12 06:00:00,2025-12-12 18:00:00,DOWN,Strong,92404.9,90323.7,time_exit,12.0,0.022522615142703484,0.021722615142703485,CHOPPY
2025-12-12 06:00:00,2025-12-12 07:00:00,2025-12-12 19:00:00,DOWN,Moderate,92468.7,90147.3,time_exit,12.0,0.025104711107650446,0.024304711107650447,CHOPPY
2025-12-12 08:00:00,2025-12-12 09:00:00,2025-12-12 21:00:00,UP,Moderate,92311.4,90151.0,time_exit,12.0,-0.02340339329703589,-0.02420339329703589,BULL
2025-12-12 09:00:00,2025-12-12 10:00:00,2025-12-12 22:00:00,DOWN,Strong,92481.7,90294.5,time_exit,12.0,0.023650084286945372,0.022850084286945373,BULL
2025-12-12 10:00:00,2025-12-12 11:00:00,2025-12-12 23:00:00,DOWN,Strong,92454.7,90229.6,time_exit,12.0,0.024066921422058463,0.023266921422058464,BULL
2025-12-12 11:00:00,2025-12-12 12:00:00,2025-12-13 00:00:00,DOWN,Strong,92381.4,90276.9,time_exit,12.0,0.022780559723061145,0.021980559723061146,CHOPPY
2025-12-12 12:00:00,2025-12-12 13:00:00,2025-12-13 01:00:00,DOWN,Strong,92389.9,90192.2,time_exit,12.0,0.023787232154164006,0.022987232154164008,CHOPPY
2025-12-12 13:00:00,2025-12-12 14:00:00,2025-12-13 02:00:00,DOWN,Strong,92261.7,90195.0,time_exit,12.0,0.022400411004783072,0.021600411004783073,CHOPPY
2025-12-12 14:00:00,2025-12-12 15:00:00,2025-12-13 03:00:00,UP,Moderate,92393.0,90304.0,time_exit,12.0,-0.0226099379823147,-0.023409937982314697,CHOPPY
2025-12-12 15:00:00,2025-12-12 16:00:00,2025-12-13 04:00:00,UP,Moderate,89895.0,90334.8,time_exit,12.0,0.004892374436842983,0.004092374436842983,CHOPPY
2025-12-12 17:00:00,2025-12-12 18:00:00,2025-12-13 06:00:00,UP,Strong,90043.9,90317.4,time_exit,12.0,0.003037407309101514,0.002237407309101514,CHOPPY
2025-12-12 18:00:00,2025-12-12 19:00:00,2025-12-13 07:00:00,UP,Moderate,90323.8,90286.1,time_exit,12.0,-0.0004173872224153552,-0.0012173872224153551,BEAR
2025-12-12 21:00:00,2025-12-12 22:00:00,2025-12-13 10:00:00,DOWN,Strong,90150.9,90546.7,time_exit,12.0,-0.004390416512758177,-0.005190416512758178,BEAR
2025-12-12 22:00:00,2025-12-12 23:00:00,2025-12-13 11:00:00,DOWN,Strong,90294.7,90298.4,time_exit,12.0,-4.0976934415848376e-05,-0.0008409769344158484,BEAR
2025-12-12 23:00:00,2025-12-13 00:00:00,2025-12-13 12:00:00,DOWN,Strong,90229.7,90309.8,time_exit,12.0,-0.0008877343047799524,-0.0016877343047799523,BEAR
2025-12-13 00:00:00,2025-12-13 01:00:00,2025-12-13 13:00:00,DOWN,Strong,90276.9,90215.0,time_exit,12.0,0.0006856682052661656,-0.00011433179473383447,BEAR
2025-12-13 01:00:00,2025-12-13 02:00:00,2025-12-13 14:00:00,DOWN,Strong,90192.1,90048.5,time_exit,12.0,0.001592157184498455,0.000792157184498455,BEAR
2025-12-13 02:00:00,2025-12-13 03:00:00,2025-12-13 15:00:00,DOWN,Strong,90194.9,90055.4,time_exit,12.0,0.0015466506421094595,0.0007466506421094594,BEAR
2025-12-13 13:00:00,2025-12-13 14:00:00,2025-12-14 02:00:00,DOWN,Moderate,90215.1,90244.9,time_exit,12.0,-0.000330321642385778,-0.001130321642385778,BEAR
2025-12-13 21:00:00,2025-12-13 22:00:00,2025-12-14 10:00:00,DOWN,Strong,90137.9,89819.0,time_exit,12.0,0.003537912465233717,0.002737912465233717,CHOPPY
2025-12-13 22:00:00,2025-12-13 23:00:00,2025-12-14 11:00:00,DOWN,Strong,90092.3,89308.2,time_exit,12.0,0.008703296508136726,0.007903296508136726,CHOPPY
2025-12-13 23:00:00,2025-12-14 00:00:00,2025-12-14 12:00:00,DOWN,Strong,90191.3,89382.9,time_exit,12.0,0.00896317050535922,0.008163170505359219,CHOPPY
2025-12-14 18:00:00,2025-12-14 19:00:00,2025-12-15 07:00:00,DOWN,Strong,88951.7,89703.0,time_exit,12.0,-0.008446156734497556,-0.009246156734497557,CHOPPY
2025-12-14 20:00:00,2025-12-14 21:00:00,2025-12-15 09:00:00,DOWN,Moderate,88515.9,89815.6,time_exit,12.0,-0.014683237700797491,-0.015483237700797492,CHOPPY
2025-12-14 21:00:00,2025-12-14 22:00:00,2025-12-15 10:00:00,DOWN,Moderate,88403.6,89811.5,time_exit,12.0,-0.015925822025347314,-0.016725822025347312,CHOPPY
2025-12-15 12:00:00,2025-12-15 13:00:00,2025-12-16 01:00:00,DOWN,Strong,89657.9,85850.1,time_exit,12.0,0.04247032330670231,0.041670323306702305,CHOPPY
2025-12-15 13:00:00,2025-12-15 14:00:00,2025-12-16 02:00:00,DOWN,Strong,89388.1,85901.6,time_exit,12.0,0.039004073249123805,0.0382040732491238,CHOPPY
2025-12-15 15:00:00,2025-12-15 16:00:00,2025-12-16 04:00:00,UP,Moderate,86996.5,85799.9,time_exit,12.0,-0.013754576333530721,-0.014554576333530722,CHOPPY
2025-12-15 16:00:00,2025-12-15 17:00:00,2025-12-16 05:00:00,UP,Moderate,86360.6,85983.8,time_exit,12.0,-0.004363100765858552,-0.005163100765858552,BEAR
2025-12-15 17:00:00,2025-12-15 18:00:00,2025-12-16 06:00:00,UP,Moderate,85734.2,86458.0,time_exit,12.0,0.008442371888931266,0.007642371888931266,BEAR
2025-12-15 18:00:00,2025-12-15 19:00:00,2025-12-16 07:00:00,UP,Moderate,86142.7,85964.8,time_exit,12.0,-0.0020651778966760403,-0.0028651778966760403,BEAR
2025-12-15 21:00:00,2025-12-15 22:00:00,2025-12-16 10:00:00,UP,Moderate,86209.7,86932.1,time_exit,12.0,0.008379567496465068,0.007579567496465068,BEAR
2025-12-16 03:00:00,2025-12-16 04:00:00,2025-12-16 16:00:00,UP,Moderate,85837.6,87539.0,time_exit,12.0,0.01982115063794887,0.01902115063794887,CHOPPY
2025-12-16 07:00:00,2025-12-16 08:00:00,2025-12-16 20:00:00,UP,Moderate,85964.9,87533.7,time_exit,12.0,0.01824930872949304,0.017449308729493043,BEAR
2025-12-16 10:00:00,2025-12-16 11:00:00,2025-12-16 23:00:00,UP,Moderate,86932.1,87826.3,time_exit,12.0,0.010286188876145852,0.009486188876145852,BEAR
2025-12-16 13:00:00,2025-12-16 14:00:00,2025-12-17 02:00:00,UP,Moderate,86410.4,87452.7,time_exit,12.0,0.012062205475266818,0.011262205475266818,BEAR
2025-12-16 14:00:00,2025-12-16 15:00:00,2025-12-17 03:00:00,UP,Moderate,87257.2,87178.1,time_exit,12.0,-0.0009065154508738349,-0.0017065154508738348,BULL
2025-12-16 15:00:00,2025-12-16 16:00:00,2025-12-17 04:00:00,UP,Moderate,87936.3,86716.7,time_exit,12.0,-0.013869130268160057,-0.014669130268160057,CHOPPY
2025-12-16 16:00:00,2025-12-16 17:00:00,2025-12-17 05:00:00,UP,Moderate,87539.1,86595.0,time_exit,12.0,-0.010784894978358328,-0.011584894978358328,CHOPPY
2025-12-16 17:00:00,2025-12-16 18:00:00,2025-12-17 06:00:00,UP,Moderate,87087.7,86735.5,time_exit,12.0,-0.004044199123412362,-0.004844199123412362,CHOPPY
2025-12-16 18:00:00,2025-12-16 19:00:00,2025-12-17 07:00:00,UP,Moderate,87741.3,87010.4,time_exit,12.0,-0.008330170626603572,-0.009130170626603573,CHOPPY
2025-12-17 05:00:00,2025-12-17 06:00:00,2025-12-17 18:00:00,UP,Moderate,86595.0,85796.1,time_exit,12.0,-0.009225705872163426,-0.010025705872163426,CHOPPY
2025-12-17 06:00:00,2025-12-17 07:00:00,2025-12-17 19:00:00,UP,Moderate,86735.5,85982.7,time_exit,12.0,-0.008679260510402353,-0.009479260510402354,CHOPPY
2025-12-17 07:00:00,2025-12-17 08:00:00,2025-12-17 20:00:00,UP,Moderate,87010.4,85854.7,time_exit,12.0,-0.01328232027435794,-0.01408232027435794,CHOPPY
2025-12-17 08:00:00,2025-12-17 09:00:00,2025-12-17 21:00:00,UP,Moderate,86366.1,85946.0,time_exit,12.0,-0.0048641770324237,-0.0056641770324237,CHOPPY
2025-12-17 09:00:00,2025-12-17 10:00:00,2025-12-17 22:00:00,UP,Moderate,86386.1,86312.5,time_exit,12.0,-0.0008519889195137686,-0.0016519889195137686,CHOPPY
2025-12-17 10:00:00,2025-12-17 11:00:00,2025-12-17 23:00:00,UP,Moderate,86587.0,86201.6,time_exit,12.0,-0.004451014586485225,-0.005251014586485225,CHOPPY
2025-12-17 11:00:00,2025-12-17 12:00:00,2025-12-18 00:00:00,UP,Strong,86939.2,86191.9,time_exit,12.0,-0.008595662255921455,-0.009395662255921455,CHOPPY
2025-12-17 12:00:00,2025-12-17 13:00:00,2025-12-18 01:00:00,UP,Moderate,86984.0,86085.7,time_exit,12.0,-0.010327186609031536,-0.011127186609031536,CHOPPY
2025-12-17 13:00:00,2025-12-17 14:00:00,2025-12-18 02:00:00,UP,Moderate,87579.0,86649.6,time_exit,12.0,-0.010612133045593053,-0.011412133045593053,BULL
2025-12-17 15:00:00,2025-12-17 16:00:00,2025-12-18 04:00:00,UP,Moderate,87191.0,86715.8,time_exit,12.0,-0.005450103795116457,-0.006250103795116457,BEAR
2025-12-18 13:00:00,2025-12-18 14:00:00,2025-12-19 02:00:00,UP,Moderate,88804.0,85600.8,time_exit,12.0,-0.0360704472771497,-0.0368704472771497,BEAR
2025-12-18 14:00:00,2025-12-18 15:00:00,2025-12-19 03:00:00,UP,Moderate,88325.4,86863.1,time_exit,12.0,-0.016555826523287576,-0.017355826523287574,CHOPPY
2025-12-19 03:00:00,2025-12-19 04:00:00,2025-12-19 16:00:00,UP,Moderate,86863.2,87956.6,time_exit,12.0,0.01258760902200251,0.01178760902200251,CHOPPY
2025-12-19 04:00:00,2025-12-19 05:00:00,2025-12-19 17:00:00,UP,Moderate,87073.4,86912.6,time_exit,12.0,-0.0018467178265691997,-0.0026467178265691996,BULL
2025-12-19 06:00:00,2025-12-19 07:00:00,2025-12-19 19:00:00,DOWN,Strong,87450.0,87812.8,time_exit,12.0,-0.004148656375071447,-0.004948656375071447,BULL
2025-12-19 08:00:00,2025-12-19 09:00:00,2025-12-19 21:00:00,DOWN,Strong,88063.2,87805.3,time_exit,12.0,0.0029285785663023534,0.0021285785663023534,BULL
2025-12-19 09:00:00,2025-12-19 10:00:00,2025-12-19 22:00:00,DOWN,Strong,88068.4,88301.1,time_exit,12.0,-0.0026422644217449776,-0.0034422644217449775,BULL
2025-12-19 10:00:00,2025-12-19 11:00:00,2025-12-19 23:00:00,DOWN,Strong,88237.2,88100.0,time_exit,12.0,0.0015548997474987836,0.0007548997474987835,BULL
2025-12-19 11:00:00,2025-12-19 12:00:00,2025-12-20 00:00:00,DOWN,Strong,88170.0,87967.3,time_exit,12.0,0.002298967902914839,0.0014989679029148392,BULL
2025-12-19 12:00:00,2025-12-19 13:00:00,2025-12-20 01:00:00,DOWN,Strong,87840.7,88036.7,time_exit,12.0,-0.0022313119089443223,-0.0030313119089443222,BEAR
2025-12-19 13:00:00,2025-12-19 14:00:00,2025-12-20 02:00:00,DOWN,Strong,87968.0,88168.0,time_exit,12.0,-0.0022735540196434645,-0.0030735540196434644,CHOPPY
2025-12-19 14:00:00,2025-12-19 15:00:00,2025-12-20 03:00:00,DOWN,Strong,88140.8,88165.3,time_exit,12.0,-0.00027796434795246405,-0.001077964347952464,BEAR
2025-12-19 15:00:00,2025-12-19 16:00:00,2025-12-20 04:00:00,DOWN,Strong,87925.6,88257.1,time_exit,12.0,-0.0037702330151856422,-0.004570233015185643,CHOPPY
2025-12-19 16:00:00,2025-12-19 17:00:00,2025-12-20 05:00:00,DOWN,Strong,87956.6,88250.0,time_exit,12.0,-0.0033357360334527186,-0.004135736033452719,BULL
2025-12-19 18:00:00,2025-12-19 19:00:00,2025-12-20 07:00:00,DOWN,Moderate,87126.2,88239.9,time_exit,12.0,-0.012782607298378545,-0.013582607298378546,BULL
2025-12-19 19:00:00,2025-12-19 20:00:00,2025-12-20 08:00:00,DOWN,Moderate,87812.9,88217.0,time_exit,12.0,-0.004601829571737159,-0.00540182957173716,BULL
2025-12-19 21:00:00,2025-12-19 22:00:00,2025-12-20 10:00:00,DOWN,Strong,87805.8,88133.7,time_exit,12.0,-0.003734377455703264,-0.004534377455703264,CHOPPY
2025-12-20 05:00:00,2025-12-20 06:00:00,2025-12-20 18:00:00,DOWN,Moderate,88250.1,88277.1,time_exit,12.0,-0.0003059486618144369,-0.0011059486618144368,CHOPPY
2025-12-20 07:00:00,2025-12-20 08:00:00,2025-12-20 20:00:00,DOWN,Moderate,88240.0,88250.4,time_exit,12.0,-0.00011786038077965522,-0.0009178603807796553,CHOPPY
2025-12-20 08:00:00,2025-12-20 09:00:00,2025-12-20 21:00:00,DOWN,Moderate,88217.0,88179.6,time_exit,12.0,0.0004239545665800648,-0.00037604543341993523,CHOPPY
2025-12-20 09:00:00,2025-12-20 10:00:00,2025-12-20 22:00:00,DOWN,Moderate,88190.0,88244.1,time_exit,12.0,-0.0006134482367616823,-0.0014134482367616822,CHOPPY
2025-12-20 10:00:00,2025-12-20 11:00:00,2025-12-20 23:00:00,DOWN,Moderate,88133.6,88320.8,time_exit,12.0,-0.002124048036163284,-0.002924048036163284,CHOPPY
2025-12-20 11:00:00,2025-12-20 12:00:00,2025-12-21 00:00:00,DOWN,Strong,88243.6,88354.8,time_exit,12.0,-0.0012601480447307356,-0.0020601480447307355,CHOPPY
2025-12-20 12:00:00,2025-12-20 13:00:00,2025-12-21 01:00:00,DOWN,Strong,88213.9,87980.5,time_exit,12.0,0.0026458415283758807,0.0018458415283758808,CHOPPY
2025-12-21 10:00:00,2025-12-21 11:00:00,2025-12-21 23:00:00,DOWN,Moderate,88633.2,88621.3,time_exit,12.0,0.0001342612023484957,-0.0006657387976515043,CHOPPY
2025-12-21 11:00:00,2025-12-21 12:00:00,2025-12-22 00:00:00,DOWN,Strong,88570.7,88581.7,time_exit,12.0,-0.00012419456998769007,-0.0009241945699876901,CHOPPY
2025-12-21 12:00:00,2025-12-21 13:00:00,2025-12-22 01:00:00,DOWN,Moderate,88588.6,88580.1,time_exit,12.0,9.594914018284939e-05,-0.0007040508598171506,CHOPPY
2025-12-22 03:00:00,2025-12-22 04:00:00,2025-12-22 16:00:00,UP,Moderate,88727.4,89508.4,time_exit,12.0,0.00880224147219466,0.00800224147219466,CHOPPY
2025-12-22 06:00:00,2025-12-22 07:00:00,2025-12-22 19:00:00,DOWN,Moderate,88867.3,88011.1,time_exit,12.0,0.009634590001046495,0.008834590001046494,CHOPPY
2025-12-22 07:00:00,2025-12-22 08:00:00,2025-12-22 20:00:00,DOWN,Strong,89127.8,88305.9,time_exit,12.0,0.0092215896723582,0.008421589672358199,CHOPPY
2025-12-22 09:00:00,2025-12-22 10:00:00,2025-12-22 22:00:00,DOWN,Strong,89785.3,88616.1,time_exit,12.0,0.013022176235976235,0.012222176235976235,CHOPPY
2025-12-22 10:00:00,2025-12-22 11:00:00,2025-12-22 23:00:00,DOWN,Strong,89742.0,88581.5,time_exit,12.0,0.012931514786833409,0.012131514786833409,CHOPPY
2025-12-22 11:00:00,2025-12-22 12:00:00,2025-12-23 00:00:00,DOWN,Strong,89905.2,88731.5,time_exit,12.0,0.013054862232662834,0.012254862232662833,CHOPPY
2025-12-22 12:00:00,2025-12-22 13:00:00,2025-12-23 01:00:00,DOWN,Strong,90171.2,88470.9,time_exit,12.0,0.0188563532480438,0.0180563532480438,CHOPPY
2025-12-22 13:00:00,2025-12-22 14:00:00,2025-12-23 02:00:00,DOWN,Strong,89882.6,88167.8,time_exit,12.0,0.019078219811175967,0.01827821981117597,CHOPPY
2025-12-22 14:00:00,2025-12-22 15:00:00,2025-12-23 03:00:00,DOWN,Strong,90088.4,88128.2,time_exit,12.0,0.021758628191864804,0.020958628191864805,CHOPPY
2025-12-22 15:00:00,2025-12-22 16:00:00,2025-12-23 04:00:00,DOWN,Strong,89688.6,87892.0,time_exit,12.0,0.020031531320591545,0.019231531320591546,CHOPPY
2025-12-22 16:00:00,2025-12-22 17:00:00,2025-12-23 05:00:00,DOWN,Strong,89508.5,87726.6,time_exit,12.0,0.019907606540160883,0.019107606540160884,CHOPPY
2025-12-22 17:00:00,2025-12-22 18:00:00,2025-12-23 06:00:00,DOWN,Strong,89271.0,87355.2,time_exit,12.0,0.021460496689854502,0.020660496689854504,CHOPPY
2025-12-22 18:00:00,2025-12-22 19:00:00,2025-12-23 07:00:00,DOWN,Strong,89104.9,87531.3,time_exit,12.0,0.017660083788882397,0.0168600837888824,CHOPPY
2025-12-22 20:00:00,2025-12-22 21:00:00,2025-12-23 09:00:00,DOWN,Moderate,88305.3,87494.4,time_exit,12.0,0.009182914275813636,0.008382914275813636,CHOPPY
2025-12-22 23:00:00,2025-12-23 00:00:00,2025-12-23 12:00:00,UP,Moderate,88581.5,87737.3,time_exit,12.0,-0.009530206645857131,-0.010330206645857131,CHOPPY
2025-12-23 02:00:00,2025-12-23 03:00:00,2025-12-23 15:00:00,UP,Moderate,88167.7,87405.3,time_exit,12.0,-0.008647157632556968,-0.009447157632556968,CHOPPY
2025-12-23 03:00:00,2025-12-23 04:00:00,2025-12-23 16:00:00,UP,Strong,88128.2,87959.8,time_exit,12.0,-0.001910852598827506,-0.002710852598827506,CHOPPY
2025-12-23 16:00:00,2025-12-23 17:00:00,2025-12-24 05:00:00,DOWN,Moderate,87959.8,86920.1,time_exit,12.0,0.01182017239693589,0.01102017239693589,CHOPPY
2025-12-25 04:00:00,2025-12-25 05:00:00,2025-12-25 17:00:00,UP,Strong,87740.5,88096.2,time_exit,12.0,0.00405400014816415,0.0032540001481641497,CHOPPY
2025-12-25 05:00:00,2025-12-25 06:00:00,2025-12-25 18:00:00,UP,Strong,87706.1,88198.5,time_exit,12.0,0.005614204713241033,0.004814204713241033,CHOPPY
2025-12-25 06:00:00,2025-12-25 07:00:00,2025-12-25 19:00:00,UP,Moderate,87799.6,88112.3,time_exit,12.0,0.003561519642458544,0.002761519642458544,CHOPPY
2025-12-25 07:00:00,2025-12-25 08:00:00,2025-12-25 20:00:00,UP,Moderate,87795.9,87844.7,time_exit,12.0,0.0005558346118668123,-0.00024416538813318777,CHOPPY
2025-12-25 08:00:00,2025-12-25 09:00:00,2025-12-25 21:00:00,UP,Strong,87546.2,87862.0,time_exit,12.0,0.003607238235354693,0.002807238235354693,CHOPPY
2025-12-25 09:00:00,2025-12-25 10:00:00,2025-12-25 22:00:00,UP,Moderate,87482.1,87607.9,time_exit,12.0,0.001438008461159379,0.000638008461159379,CHOPPY
2025-12-25 10:00:00,2025-12-25 11:00:00,2025-12-25 23:00:00,UP,Strong,87386.1,87182.8,time_exit,12.0,-0.002326456953680278,-0.003126456953680278,CHOPPY
2025-12-25 11:00:00,2025-12-25 12:00:00,2025-12-26 00:00:00,UP,Moderate,87485.2,87084.5,time_exit,12.0,-0.004580203280097672,-0.0053802032800976726,CHOPPY
2025-12-25 12:00:00,2025-12-25 13:00:00,2025-12-26 01:00:00,UP,Strong,87533.8,87386.6,time_exit,12.0,-0.0016816361222750098,-0.0024816361222750097,CHOPPY
2025-12-25 13:00:00,2025-12-25 14:00:00,2025-12-26 02:00:00,UP,Moderate,87597.1,89151.8,time_exit,12.0,0.01774830445300135,0.016948304453001353,CHOPPY
2025-12-25 14:00:00,2025-12-25 15:00:00,2025-12-26 03:00:00,UP,Moderate,87675.0,88796.2,time_exit,12.0,0.012788138009694805,0.011988138009694805,CHOPPY
2025-12-25 15:00:00,2025-12-25 16:00:00,2025-12-26 04:00:00,UP,Strong,88339.0,88926.0,time_exit,12.0,0.006644856745039007,0.005844856745039007,CHOPPY
2025-12-25 17:00:00,2025-12-25 18:00:00,2025-12-26 06:00:00,DOWN,Strong,88096.1,89085.0,time_exit,12.0,-0.011225241526015228,-0.012025241526015229,CHOPPY
2025-12-25 18:00:00,2025-12-25 19:00:00,2025-12-26 07:00:00,DOWN,Moderate,88198.5,88433.0,time_exit,12.0,-0.0026587753759985677,-0.0034587753759985677,CHOPPY
2025-12-25 19:00:00,2025-12-25 20:00:00,2025-12-26 08:00:00,DOWN,Moderate,88112.3,88707.4,time_exit,12.0,-0.006753881126698502,-0.0075538811266985025,CHOPPY
2025-12-25 23:00:00,2025-12-26 00:00:00,2025-12-26 12:00:00,UP,Strong,87182.8,88649.6,time_exit,12.0,0.01682441949558866,0.016024419495588662,CHOPPY
2025-12-26 00:00:00,2025-12-26 01:00:00,2025-12-26 13:00:00,UP,Strong,87084.4,88959.1,time_exit,12.0,0.02152739181759311,0.020727391817593113,CHOPPY
2025-12-26 02:00:00,2025-12-26 03:00:00,2025-12-26 15:00:00,DOWN,Strong,89151.8,87100.0,time_exit,12.0,0.02301467833515425,0.02221467833515425,BULL
2025-12-26 03:00:00,2025-12-26 04:00:00,2025-12-26 16:00:00,DOWN,Strong,88796.2,86821.7,time_exit,12.0,0.022236311914248574,0.021436311914248576,BULL
2025-12-26 04:00:00,2025-12-26 05:00:00,2025-12-26 17:00:00,DOWN,Strong,88926.0,87288.6,time_exit,12.0,0.01841306254638686,0.01761306254638686,BULL
2025-12-26 05:00:00,2025-12-26 06:00:00,2025-12-26 18:00:00,DOWN,Strong,88954.7,87232.5,time_exit,12.0,0.019360416031980243,0.018560416031980245,BULL
2025-12-26 06:00:00,2025-12-26 07:00:00,2025-12-26 19:00:00,DOWN,Strong,89085.0,87453.7,time_exit,12.0,0.01831172475725429,0.01751172475725429,BULL
2025-12-26 16:00:00,2025-12-26 17:00:00,2025-12-27 05:00:00,UP,Moderate,86821.7,87466.2,time_exit,12.0,0.007423259392525194,0.006623259392525194,BEAR
2025-12-26 17:00:00,2025-12-26 18:00:00,2025-12-27 06:00:00,UP,Moderate,87288.5,87426.8,time_exit,12.0,0.0015844011525001367,0.0007844011525001367,BEAR
2025-12-26 19:00:00,2025-12-26 20:00:00,2025-12-27 08:00:00,DOWN,Moderate,87453.7,87545.6,time_exit,12.0,-0.001050841759697052,-0.001850841759697052,CHOPPY
2025-12-26 21:00:00,2025-12-26 22:00:00,2025-12-27 10:00:00,DOWN,Moderate,87429.2,87460.6,time_exit,12.0,-0.0003591477446895919,-0.0011591477446895918,CHOPPY
2025-12-29 03:00:00,2025-12-29 04:00:00,2025-12-29 16:00:00,DOWN,Moderate,90091.5,87587.0,time_exit,12.0,0.027799514937591252,0.026999514937591253,CHOPPY
2025-12-29 04:00:00,2025-12-29 05:00:00,2025-12-29 17:00:00,DOWN,Strong,90100.1,87814.1,time_exit,12.0,0.025371780941419564,0.024571780941419565,CHOPPY
2025-12-29 05:00:00,2025-12-29 06:00:00,2025-12-29 18:00:00,DOWN,Strong,89950.8,87426.9,time_exit,12.0,0.028058672074067204,0.027258672074067205,CHOPPY
2025-12-29 06:00:00,2025-12-29 07:00:00,2025-12-29 19:00:00,DOWN,Strong,89740.7,87328.9,time_exit,12.0,0.026875208238848147,0.02607520823884815,CHOPPY
2025-12-29 07:00:00,2025-12-29 08:00:00,2025-12-29 20:00:00,DOWN,Strong,89583.0,87182.9,time_exit,12.0,0.026791913644329868,0.02599191364432987,CHOPPY
2025-12-29 08:00:00,2025-12-29 09:00:00,2025-12-29 21:00:00,DOWN,Strong,89519.0,87311.2,time_exit,12.0,0.024662920720740833,0.023862920720740834,CHOPPY
2025-12-29 09:00:00,2025-12-29 10:00:00,2025-12-29 22:00:00,DOWN,Strong,88068.2,87317.0,time_exit,12.0,0.008529753077728408,0.007729753077728408,CHOPPY
2025-12-29 10:00:00,2025-12-29 11:00:00,2025-12-29 23:00:00,DOWN,Moderate,87747.2,87203.3,time_exit,12.0,0.006198488384814516,0.005398488384814515,CHOPPY
2025-12-29 11:00:00,2025-12-29 12:00:00,2025-12-30 00:00:00,DOWN,Moderate,87529.1,87223.2,time_exit,12.0,0.0034948377168280143,0.0026948377168280143,CHOPPY
2025-12-29 12:00:00,2025-12-29 13:00:00,2025-12-30 01:00:00,DOWN,Moderate,87343.9,87283.0,time_exit,12.0,0.0006972438830873395,-0.0001027561169126605,CHOPPY
2025-12-29 13:00:00,2025-12-29 14:00:00,2025-12-30 02:00:00,UP,Strong,87354.3,87072.8,time_exit,12.0,-0.003222508794644363,-0.0040225087946443635,CHOPPY
2025-12-29 14:00:00,2025-12-29 15:00:00,2025-12-30 03:00:00,UP,Strong,87400.0,87334.7,time_exit,12.0,-0.000747139588100687,-0.001547139588100687,CHOPPY
2025-12-29 15:00:00,2025-12-29 16:00:00,2025-12-30 04:00:00,UP,Moderate,87636.4,87262.0,time_exit,12.0,-0.004272197397428346,-0.005072197397428346,CHOPPY
2025-12-29 19:00:00,2025-12-29 20:00:00,2025-12-30 08:00:00,DOWN,Moderate,87328.9,87827.1,time_exit,12.0,-0.005704869751021802,-0.006504869751021802,CHOPPY
2025-12-29 22:00:00,2025-12-29 23:00:00,2025-12-30 11:00:00,DOWN,Moderate,87317.1,87875.2,time_exit,12.0,-0.006391646080779134,-0.007191646080779135,BEAR
2025-12-30 00:00:00,2025-12-30 01:00:00,2025-12-30 13:00:00,DOWN,Moderate,87223.2,88069.8,time_exit,12.0,-0.009706133230608538,-0.010506133230608538,CHOPPY
2025-12-30 02:00:00,2025-12-30 03:00:00,2025-12-30 15:00:00,UP,Moderate,87072.8,88966.8,time_exit,12.0,0.021751913341479856,0.020951913341479857,CHOPPY
2025-12-30 04:00:00,2025-12-30 05:00:00,2025-12-30 17:00:00,DOWN,Moderate,87262.1,88330.2,time_exit,12.0,-0.012240136324933593,-0.013040136324933593,CHOPPY
2025-12-30 08:00:00,2025-12-30 09:00:00,2025-12-30 21:00:00,UP,Moderate,87827.0,88245.5,time_exit,12.0,0.004765049472257976,0.003965049472257976,CHOPPY
2025-12-30 10:00:00,2025-12-30 11:00:00,2025-12-30 23:00:00,UP,Moderate,87914.3,88455.3,time_exit,12.0,0.00615372015701654,0.00535372015701654,CHOPPY
2025-12-30 12:00:00,2025-12-30 13:00:00,2025-12-31 01:00:00,DOWN,Moderate,87993.3,88604.7,time_exit,12.0,-0.006948256287694576,-0.007748256287694577,CHOPPY
2025-12-30 13:00:00,2025-12-30 14:00:00,2025-12-31 02:00:00,DOWN,Strong,88069.9,88639.3,time_exit,12.0,-0.006465319025001914,-0.007265319025001915,CHOPPY
2025-12-30 14:00:00,2025-12-30 15:00:00,2025-12-31 03:00:00,DOWN,Moderate,88831.5,88411.5,time_exit,12.0,0.004728052548926942,0.003928052548926942,CHOPPY
2025-12-30 15:00:00,2025-12-30 16:00:00,2025-12-31 04:00:00,DOWN,Moderate,88966.8,88287.3,time_exit,12.0,0.007637680572977756,0.006837680572977756,CHOPPY
2025-12-30 16:00:00,2025-12-30 17:00:00,2025-12-31 05:00:00,UP,Moderate,88698.8,88415.6,time_exit,12.0,-0.003192827862383729,-0.0039928278623837295,CHOPPY
2025-12-30 17:00:00,2025-12-30 18:00:00,2025-12-31 06:00:00,DOWN,Moderate,88330.2,88470.9,time_exit,12.0,-0.001592886691075046,-0.002392886691075046,CHOPPY
2025-12-30 18:00:00,2025-12-30 19:00:00,2025-12-31 07:00:00,DOWN,Strong,88259.7,88569.0,time_exit,12.0,-0.0035044306744753673,-0.004304430674475368,CHOPPY
2025-12-30 19:00:00,2025-12-30 20:00:00,2025-12-31 08:00:00,DOWN,Strong,88189.8,88391.2,time_exit,12.0,-0.002283710814629192,-0.0030837108146291917,CHOPPY
2025-12-30 20:00:00,2025-12-30 21:00:00,2025-12-31 09:00:00,DOWN,Strong,87900.2,88619.5,time_exit,12.0,-0.008183144065656345,-0.008983144065656345,CHOPPY
2025-12-30 21:00:00,2025-12-30 22:00:00,2025-12-31 10:00:00,DOWN,Strong,88245.5,88804.6,time_exit,12.0,-0.006335733833453316,-0.007135733833453317,CHOPPY
2025-12-30 22:00:00,2025-12-30 23:00:00,2025-12-31 11:00:00,DOWN,Moderate,88387.8,88967.6,time_exit,12.0,-0.006559728831354583,-0.0073597288313545835,CHOPPY
2025-12-30 23:00:00,2025-12-31 00:00:00,2025-12-31 12:00:00,DOWN,Strong,88455.2,88737.0,time_exit,12.0,-0.0031857934864203408,-0.003985793486420341,CHOPPY
2025-12-31 00:00:00,2025-12-31 01:00:00,2025-12-31 13:00:00,DOWN,Moderate,88226.2,88954.4,time_exit,12.0,-0.008253784023339872,-0.009053784023339872,CHOPPY
2025-12-31 01:00:00,2025-12-31 02:00:00,2025-12-31 14:00:00,DOWN,Moderate,88604.7,88443.4,time_exit,12.0,0.0018204451908307995,0.0010204451908307995,CHOPPY
2025-12-31 14:00:00,2025-12-31 15:00:00,2026-01-01 03:00:00,UP,Moderate,88443.4,87824.6,time_exit,12.0,-0.0069965650348130515,-0.007796565034813052,CHOPPY
2025-12-31 15:00:00,2025-12-31 16:00:00,2026-01-01 04:00:00,UP,Moderate,87909.0,87567.0,time_exit,12.0,-0.0038903866498311013,-0.004690386649831102,CHOPPY
2025-12-31 16:00:00,2025-12-31 17:00:00,2026-01-01 05:00:00,UP,Strong,87625.9,87674.7,time_exit,12.0,0.0005569129675131457,-0.00024308703248685436,CHOPPY
2025-12-31 18:00:00,2025-12-31 19:00:00,2026-01-01 07:00:00,UP,Moderate,87655.9,87603.7,time_exit,12.0,-0.0005955103991859279,-0.0013955103991859278,CHOPPY
2025-12-31 19:00:00,2025-12-31 20:00:00,2026-01-01 08:00:00,UP,Moderate,87515.0,87741.5,time_exit,12.0,0.002588127749528546,0.001788127749528546,CHOPPY
2025-12-31 20:00:00,2025-12-31 21:00:00,2026-01-01 09:00:00,UP,Moderate,87629.0,87846.7,time_exit,12.0,0.0024843373768956845,0.0016843373768956845,CHOPPY
2026-01-01 04:00:00,2026-01-01 05:00:00,2026-01-01 17:00:00,UP,Moderate,87566.9,88281.3,time_exit,12.0,0.008158333799643591,0.007358333799643591,CHOPPY
2026-01-01 14:00:00,2026-01-01 15:00:00,2026-01-02 03:00:00,UP,Moderate,87917.6,88899.3,time_exit,12.0,0.011166137383185948,0.010366137383185947,CHOPPY
2026-01-01 23:00:00,2026-01-02 00:00:00,2026-01-02 12:00:00,UP,Moderate,88800.0,89360.1,time_exit,12.0,0.0063074324324325914,0.005507432432432591,CHOPPY
2026-01-03 20:00:00,2026-01-03 21:00:00,2026-01-04 09:00:00,DOWN,Moderate,90333.1,91413.7,time_exit,12.0,-0.01196239252278497,-0.01276239252278497,CHOPPY
2026-01-03 21:00:00,2026-01-03 22:00:00,2026-01-04 10:00:00,DOWN,Moderate,90530.3,91553.4,time_exit,12.0,-0.011301188662801165,-0.012101188662801165,CHOPPY
2026-01-03 22:00:00,2026-01-03 23:00:00,2026-01-04 11:00:00,DOWN,Moderate,90557.4,91262.7,time_exit,12.0,-0.0077884303215418615,-0.008588430321541862,CHOPPY
2026-01-03 23:00:00,2026-01-04 00:00:00,2026-01-04 12:00:00,DOWN,Moderate,90595.8,91096.4,time_exit,12.0,-0.00552564246907683,-0.006325642469076831,CHOPPY
2026-01-04 00:00:00,2026-01-04 01:00:00,2026-01-04 13:00:00,DOWN,Moderate,91301.4,91227.4,time_exit,12.0,0.0008105023581237436,1.0502358123743566e-05,CHOPPY
2026-01-04 01:00:00,2026-01-04 02:00:00,2026-01-04 14:00:00,DOWN,Moderate,91190.0,91305.0,time_exit,12.0,-0.0012611031911393678,-0.0020611031911393677,CHOPPY
2026-01-04 02:00:00,2026-01-04 03:00:00,2026-01-04 15:00:00,DOWN,Moderate,91099.2,91292.8,time_exit,12.0,-0.0021251558740362775,-0.0029251558740362774,CHOPPY
2026-01-04 03:00:00,2026-01-04 04:00:00,2026-01-04 16:00:00,DOWN,Moderate,91192.7,91282.3,time_exit,12.0,-0.0009825347862275624,-0.0017825347862275623,CHOPPY
2026-01-04 04:00:00,2026-01-04 05:00:00,2026-01-04 17:00:00,DOWN,Moderate,91354.9,91293.5,time_exit,12.0,0.0006721040688566493,-0.00012789593114335073,CHOPPY
2026-01-04 09:00:00,2026-01-04 10:00:00,2026-01-04 22:00:00,DOWN,Moderate,91413.8,91180.9,time_exit,12.0,0.002547755371727356,0.001747755371727356,CHOPPY
2026-01-04 10:00:00,2026-01-04 11:00:00,2026-01-04 23:00:00,DOWN,Moderate,91553.4,91497.1,time_exit,12.0,0.0006149416624613435,-0.00018505833753865652,CHOPPY
2026-01-05 02:00:00,2026-01-05 03:00:00,2026-01-05 15:00:00,DOWN,Moderate,92990.3,93899.9,time_exit,12.0,-0.00978166539950931,-0.01058166539950931,CHOPPY
2026-01-05 15:00:00,2026-01-05 16:00:00,2026-01-06 04:00:00,DOWN,Moderate,93900.0,93758.8,time_exit,12.0,0.0015037273695420739,0.0007037273695420738,CHOPPY
2026-01-05 16:00:00,2026-01-05 17:00:00,2026-01-06 05:00:00,DOWN,Moderate,93646.6,93552.0,time_exit,12.0,0.0010101808287754643,0.0002101808287754643,CHOPPY
2026-01-05 17:00:00,2026-01-05 18:00:00,2026-01-06 06:00:00,DOWN,Moderate,94273.0,93727.5,time_exit,12.0,0.005786386346037564,0.004986386346037564,CHOPPY
2026-01-05 18:00:00,2026-01-05 19:00:00,2026-01-06 07:00:00,DOWN,Moderate,94400.5,93207.4,time_exit,12.0,0.012638704244151255,0.011838704244151255,CHOPPY
2026-01-05 19:00:00,2026-01-05 20:00:00,2026-01-06 08:00:00,DOWN,Moderate,94248.6,93197.0,time_exit,12.0,0.011157725419794096,0.010357725419794095,CHOPPY
2026-01-05 20:00:00,2026-01-05 21:00:00,2026-01-06 09:00:00,DOWN,Moderate,94131.0,93420.4,time_exit,12.0,0.007549053977966902,0.0067490539779669016,CHOPPY
2026-01-06 04:00:00,2026-01-06 05:00:00,2026-01-06 17:00:00,DOWN,Moderate,93758.8,91547.6,time_exit,12.0,0.023583919589414526,0.022783919589414527,CHOPPY
2026-01-06 05:00:00,2026-01-06 06:00:00,2026-01-06 18:00:00,DOWN,Moderate,93552.0,92006.4,time_exit,12.0,0.01652129297075433,0.015721292970754332,CHOPPY
2026-01-06 06:00:00,2026-01-06 07:00:00,2026-01-06 19:00:00,DOWN,Moderate,93727.5,92062.2,time_exit,12.0,0.017767464191405957,0.01696746419140596,CHOPPY
2026-01-06 08:00:00,2026-01-06 09:00:00,2026-01-06 21:00:00,DOWN,Moderate,93196.9,93207.8,time_exit,12.0,-0.000116956679889757,-0.000916956679889757,CHOPPY
2026-01-06 09:00:00,2026-01-06 10:00:00,2026-01-06 22:00:00,DOWN,Moderate,93420.4,93320.0,time_exit,12.0,0.0010747117331973977,0.0002747117331973976,CHOPPY
2026-01-06 10:00:00,2026-01-06 11:00:00,2026-01-06 23:00:00,DOWN,Strong,93536.4,93708.0,time_exit,12.0,-0.0018345799068597568,-0.0026345799068597567,CHOPPY
2026-01-06 11:00:00,2026-01-06 12:00:00,2026-01-07 00:00:00,DOWN,Moderate,93800.0,92670.4,time_exit,12.0,0.012042643923240948,0.011242643923240947,CHOPPY
2026-01-06 12:00:00,2026-01-06 13:00:00,2026-01-07 01:00:00,DOWN,Moderate,93819.4,92405.7,time_exit,12.0,0.015068312097497927,0.014268312097497926,CHOPPY
2026-01-06 13:00:00,2026-01-06 14:00:00,2026-01-07 02:00:00,DOWN,Moderate,93678.0,92923.2,time_exit,12.0,0.008057388074040883,0.007257388074040883,CHOPPY
2026-01-06 14:00:00,2026-01-06 15:00:00,2026-01-07 03:00:00,DOWN,Moderate,93796.2,92778.2,time_exit,12.0,0.010853318151481606,0.010053318151481605,CHOPPY
2026-01-06 15:00:00,2026-01-06 16:00:00,2026-01-07 04:00:00,DOWN,Moderate,93608.2,92637.3,time_exit,12.0,0.010371954593721422,0.009571954593721422,CHOPPY
2026-01-06 16:00:00,2026-01-06 17:00:00,2026-01-07 05:00:00,DOWN,Moderate,92651.3,92504.0,time_exit,12.0,0.0015898319829296126,0.0007898319829296125,CHOPPY
2026-01-06 17:00:00,2026-01-06 18:00:00,2026-01-07 06:00:00,DOWN,Moderate,91547.5,92576.4,time_exit,12.0,-0.011238974302957505,-0.012038974302957505,CHOPPY
2026-01-06 19:00:00,2026-01-06 20:00:00,2026-01-07 08:00:00,DOWN,Moderate,92062.2,92680.3,time_exit,12.0,-0.006713939054248108,-0.0075139390542481085,CHOPPY
2026-01-07 01:00:00,2026-01-07 02:00:00,2026-01-07 14:00:00,DOWN,Moderate,92405.6,91920.8,time_exit,12.0,0.0052464352809786785,0.004446435280978678,BEAR
2026-01-07 03:00:00,2026-01-07 04:00:00,2026-01-07 16:00:00,DOWN,Moderate,92778.1,91229.9,time_exit,12.0,0.01668712767344893,0.015887127673448933,BEAR
2026-01-07 04:00:00,2026-01-07 05:00:00,2026-01-07 17:00:00,DOWN,Moderate,92637.3,91215.0,time_exit,12.0,0.015353426751427368,0.014553426751427368,BEAR
2026-01-07 05:00:00,2026-01-07 06:00:00,2026-01-07 18:00:00,DOWN,Moderate,92504.0,90857.4,time_exit,12.0,0.017800311337888175,0.017000311337888176,BEAR
2026-01-07 06:00:00,2026-01-07 07:00:00,2026-01-07 19:00:00,DOWN,Moderate,92576.4,91143.6,time_exit,12.0,0.015476946608422804,0.014676946608422803,CHOPPY
2026-01-07 07:00:00,2026-01-07 08:00:00,2026-01-07 20:00:00,DOWN,Moderate,92848.1,91015.6,time_exit,12.0,0.019736537419721034,0.018936537419721036,BEAR
2026-01-07 08:00:00,2026-01-07 09:00:00,2026-01-07 21:00:00,DOWN,Moderate,92680.4,91050.0,time_exit,12.0,0.017591637498327484,0.016791637498327485,BEAR
2026-01-07 11:00:00,2026-01-07 12:00:00,2026-01-08 00:00:00,DOWN,Moderate,92041.8,91356.8,time_exit,12.0,0.0074422707943564426,0.006642270794356442,BEAR
2026-01-07 12:00:00,2026-01-07 13:00:00,2026-01-08 01:00:00,DOWN,Moderate,91953.3,91386.0,time_exit,12.0,0.006169436007190665,0.005369436007190665,BEAR
2026-01-07 17:00:00,2026-01-07 18:00:00,2026-01-08 06:00:00,DOWN,Moderate,91214.9,89844.0,time_exit,12.0,0.01502934279377599,0.01422934279377599,BEAR
2026-01-07 18:00:00,2026-01-07 19:00:00,2026-01-08 07:00:00,UP,Moderate,90857.4,90509.9,time_exit,12.0,-0.00382467471004011,-0.0046246747100401105,BEAR
2026-01-11 20:00:00,2026-01-11 21:00:00,2026-01-12 09:00:00,DOWN,Moderate,90654.2,90646.8,time_exit,12.0,8.162887102847183e-05,-0.0007183711289715282,CHOPPY
2026-01-12 02:00:00,2026-01-12 03:00:00,2026-01-12 15:00:00,DOWN,Moderate,92168.8,91618.7,time_exit,12.0,0.005968397114858859,0.0051683971148588585,CHOPPY
2026-01-12 03:00:00,2026-01-12 04:00:00,2026-01-12 16:00:00,DOWN,Moderate,91766.2,92078.8,time_exit,12.0,-0.0034064829970077426,-0.004206482997007743,CHOPPY
2026-01-12 04:00:00,2026-01-12 05:00:00,2026-01-12 17:00:00,DOWN,Moderate,92126.6,91469.9,time_exit,12.0,0.0071282344078692494,0.006328234407869249,CHOPPY
2026-01-12 05:00:00,2026-01-12 06:00:00,2026-01-12 18:00:00,DOWN,Moderate,92066.7,91648.2,time_exit,12.0,0.004545617470811947,0.003745617470811947,CHOPPY
2026-01-12 07:00:00,2026-01-12 08:00:00,2026-01-12 20:00:00,DOWN,Moderate,91369.2,91446.5,time_exit,12.0,-0.0008460181330252059,-0.0016460181330252058,CHOPPY
2026-01-12 14:00:00,2026-01-12 15:00:00,2026-01-13 03:00:00,UP,Moderate,90852.7,91380.9,time_exit,12.0,0.005813806304050262,0.0050138063040502615,CHOPPY
2026-01-13 08:00:00,2026-01-13 09:00:00,2026-01-13 21:00:00,DOWN,Moderate,92137.7,94040.0,time_exit,12.0,-0.020646271830097707,-0.021446271830097705,CHOPPY
2026-01-13 17:00:00,2026-01-13 18:00:00,2026-01-14 06:00:00,DOWN,Moderate,93190.5,94984.8,time_exit,12.0,-0.019254108519645374,-0.020054108519645373,CHOPPY
2026-01-14 03:00:00,2026-01-14 04:00:00,2026-01-14 16:00:00,DOWN,Moderate,95665.6,97232.2,time_exit,12.0,-0.0163757923433292,-0.017175792343329197,BULL
2026-01-16 04:00:00,2026-01-16 05:00:00,2026-01-16 17:00:00,DOWN,Strong,95233.4,95041.6,time_exit,12.0,0.0020139992901648807,0.0012139992901648807,CHOPPY
2026-01-16 05:00:00,2026-01-16 06:00:00,2026-01-16 18:00:00,DOWN,Moderate,95615.9,94966.6,time_exit,12.0,0.006790711586671105,0.005990711586671105,CHOPPY
2026-01-16 06:00:00,2026-01-16 07:00:00,2026-01-16 19:00:00,DOWN,Strong,95702.5,94961.0,time_exit,12.0,0.0077479689663279006,0.0069479689663279,CHOPPY
2026-01-16 07:00:00,2026-01-16 08:00:00,2026-01-16 20:00:00,DOWN,Strong,95608.4,95517.1,time_exit,12.0,0.0009549370139023683,0.00015493701390236825,CHOPPY
2026-01-16 08:00:00,2026-01-16 09:00:00,2026-01-16 21:00:00,DOWN,Strong,95628.4,95469.6,time_exit,12.0,0.0016605945514093223,0.0008605945514093223,CHOPPY
2026-01-16 09:00:00,2026-01-16 10:00:00,2026-01-16 22:00:00,DOWN,Strong,95568.1,95473.6,time_exit,12.0,0.0009888236765196456,0.0001888236765196456,CHOPPY
2026-01-16 10:00:00,2026-01-16 11:00:00,2026-01-16 23:00:00,DOWN,Strong,95272.5,95503.7,time_exit,12.0,-0.0024267233461912063,-0.0032267233461912063,CHOPPY
2026-01-16 11:00:00,2026-01-16 12:00:00,2026-01-17 00:00:00,DOWN,Strong,95382.5,95416.9,time_exit,12.0,-0.00036065315964672884,-0.0011606531596467288,CHOPPY
2026-01-16 12:00:00,2026-01-16 13:00:00,2026-01-17 01:00:00,DOWN,Strong,95414.6,95344.2,time_exit,12.0,0.0007378325748890191,-6.216742511098094e-05,CHOPPY
2026-01-16 13:00:00,2026-01-16 14:00:00,2026-01-17 02:00:00,DOWN,Strong,95400.1,95318.9,time_exit,12.0,0.0008511521476394224,5.1152147639422336e-05,CHOPPY
2026-01-16 14:00:00,2026-01-16 15:00:00,2026-01-17 03:00:00,DOWN,Strong,95137.0,95324.0,time_exit,12.0,-0.001965586470037861,-0.002765586470037861,CHOPPY
2026-01-16 15:00:00,2026-01-16 16:00:00,2026-01-17 04:00:00,DOWN,Strong,94537.6,95267.4,time_exit,12.0,-0.007719679788782408,-0.008519679788782408,CHOPPY
2026-01-16 16:00:00,2026-01-16 17:00:00,2026-01-17 05:00:00,DOWN,Moderate,94826.5,95270.5,time_exit,12.0,-0.004682235451060723,-0.005482235451060724,CHOPPY
2026-01-16 17:00:00,2026-01-16 18:00:00,2026-01-17 06:00:00,DOWN,Moderate,95041.7,95191.0,time_exit,12.0,-0.0015708894095960435,-0.0023708894095960434,CHOPPY
2026-01-16 19:00:00,2026-01-16 20:00:00,2026-01-17 08:00:00,DOWN,Moderate,94961.0,95213.6,time_exit,12.0,-0.0026600393845894743,-0.0034600393845894742,CHOPPY
2026-01-16 20:00:00,2026-01-16 21:00:00,2026-01-17 09:00:00,DOWN,Moderate,95517.2,95219.5,time_exit,12.0,0.003116716151645993,0.002316716151645993,CHOPPY
2026-01-16 23:00:00,2026-01-17 00:00:00,2026-01-17 12:00:00,DOWN,Moderate,95503.8,95212.7,time_exit,12.0,0.003048046255751169,0.002248046255751169,CHOPPY
2026-01-17 00:00:00,2026-01-17 01:00:00,2026-01-17 13:00:00,DOWN,Moderate,95416.8,95399.7,time_exit,12.0,0.00017921372336948682,-0.0006207862766305132,CHOPPY
2026-01-17 14:00:00,2026-01-17 15:00:00,2026-01-18 03:00:00,DOWN,Moderate,95419.9,95155.0,time_exit,12.0,0.002776150467564853,0.001976150467564853,CHOPPY
2026-01-17 15:00:00,2026-01-17 16:00:00,2026-01-18 04:00:00,DOWN,Strong,95529.0,95057.4,time_exit,12.0,0.004936720786358095,0.004136720786358095,CHOPPY
2026-01-17 17:00:00,2026-01-17 18:00:00,2026-01-18 06:00:00,DOWN,Moderate,95318.1,95142.1,time_exit,12.0,0.0018464488906094756,0.0010464488906094757,CHOPPY
2026-01-17 19:00:00,2026-01-17 20:00:00,2026-01-18 08:00:00,DOWN,Strong,95258.3,95150.0,time_exit,12.0,0.0011369088047971099,0.00033690880479710983,CHOPPY
2026-01-17 20:00:00,2026-01-17 21:00:00,2026-01-18 09:00:00,DOWN,Strong,95332.9,95233.3,time_exit,12.0,0.0010447599936642682,0.00024475999366426816,CHOPPY
2026-01-17 21:00:00,2026-01-17 22:00:00,2026-01-18 10:00:00,DOWN,Strong,95272.7,95139.9,time_exit,12.0,0.001393893528786383,0.0005938935287863829,CHOPPY
2026-01-17 22:00:00,2026-01-17 23:00:00,2026-01-18 11:00:00,DOWN,Moderate,95120.8,95133.4,time_exit,12.0,-0.0001324631416050881,-0.0009324631416050881,CHOPPY
2026-01-17 23:00:00,2026-01-18 00:00:00,2026-01-18 12:00:00,DOWN,Strong,95107.9,95071.4,time_exit,12.0,0.00038377463912042664,-0.0004162253608795734,CHOPPY
2026-01-18 00:00:00,2026-01-18 01:00:00,2026-01-18 13:00:00,DOWN,Moderate,95073.2,95104.9,time_exit,12.0,-0.0003334272960202611,-0.001133427296020261,CHOPPY
2026-01-18 01:00:00,2026-01-18 02:00:00,2026-01-18 14:00:00,DOWN,Strong,94928.8,94917.8,time_exit,12.0,0.00011587631993659198,-0.0006841236800634081,CHOPPY
2026-01-18 02:00:00,2026-01-18 03:00:00,2026-01-18 15:00:00,DOWN,Moderate,94989.1,95067.8,time_exit,12.0,-0.0008285161139540698,-0.0016285161139540697,CHOPPY
2026-01-18 03:00:00,2026-01-18 04:00:00,2026-01-18 16:00:00,DOWN,Moderate,95155.0,95123.6,time_exit,12.0,0.0003299879144552653,-0.0004700120855447347,CHOPPY
2026-01-20 05:00:00,2026-01-20 06:00:00,2026-01-20 18:00:00,UP,Strong,91590.1,89471.6,time_exit,12.0,-0.02313022914048568,-0.02393022914048568,CHOPPY
2026-01-20 06:00:00,2026-01-20 07:00:00,2026-01-20 19:00:00,UP,Strong,90894.5,89694.1,time_exit,12.0,-0.013206519646403181,-0.014006519646403181,CHOPPY
2026-01-20 08:00:00,2026-01-20 09:00:00,2026-01-20 21:00:00,UP,Strong,91078.9,89445.6,time_exit,12.0,-0.017932803316684676,-0.018732803316684674,CHOPPY
2026-01-20 12:00:00,2026-01-20 13:00:00,2026-01-21 01:00:00,DOWN,Moderate,91240.0,88985.2,time_exit,12.0,0.024712845243314407,0.02391284524331441,CHOPPY
2026-01-20 13:00:00,2026-01-20 14:00:00,2026-01-21 02:00:00,UP,Moderate,90919.0,89015.1,time_exit,12.0,-0.020940617472695378,-0.021740617472695376,CHOPPY
2026-01-20 14:00:00,2026-01-20 15:00:00,2026-01-21 03:00:00,UP,Moderate,90496.6,89396.0,time_exit,12.0,-0.012161782873610805,-0.012961782873610805,CHOPPY
2026-01-20 16:00:00,2026-01-20 17:00:00,2026-01-21 05:00:00,UP,Strong,90131.8,89919.9,time_exit,12.0,-0.0023510015333102485,-0.0031510015333102485,CHOPPY
2026-01-20 17:00:00,2026-01-20 18:00:00,2026-01-21 06:00:00,UP,Strong,89739.6,89618.4,time_exit,12.0,-0.0013505743283902527,-0.0021505743283902526,CHOPPY
2026-01-20 18:00:00,2026-01-20 19:00:00,2026-01-21 07:00:00,UP,Strong,89471.5,89171.3,time_exit,12.0,-0.003355258378366255,-0.004155258378366255,CHOPPY
2026-01-20 19:00:00,2026-01-20 20:00:00,2026-01-21 08:00:00,UP,Strong,89694.1,89160.4,time_exit,12.0,-0.0059502241507525255,-0.006750224150752526,CHOPPY
2026-01-20 20:00:00,2026-01-20 21:00:00,2026-01-21 09:00:00,UP,Strong,89700.8,89068.5,time_exit,12.0,-0.007048989529636285,-0.007848989529636285,CHOPPY
2026-01-20 21:00:00,2026-01-20 22:00:00,2026-01-21 10:00:00,UP,Moderate,89445.6,89201.0,time_exit,12.0,-0.0027346230558016327,-0.0035346230558016326,CHOPPY
2026-01-20 22:00:00,2026-01-20 23:00:00,2026-01-21 11:00:00,UP,Strong,88468.9,88757.1,time_exit,12.0,0.0032576419510135235,0.0024576419510135236,CHOPPY
2026-01-20 23:00:00,2026-01-21 00:00:00,2026-01-21 12:00:00,UP,Strong,88390.7,88692.5,time_exit,12.0,0.003414386355125698,0.002614386355125698,CHOPPY
2026-01-21 00:00:00,2026-01-21 01:00:00,2026-01-21 13:00:00,UP,Strong,88895.5,88631.2,time_exit,12.0,-0.0029731538716808448,-0.0037731538716808447,CHOPPY
2026-01-21 01:00:00,2026-01-21 02:00:00,2026-01-21 14:00:00,UP,Strong,88985.3,89755.7,time_exit,12.0,0.00865760974003571,0.00785760974003571,CHOPPY
2026-01-21 02:00:00,2026-01-21 03:00:00,2026-01-21 15:00:00,UP,Strong,89015.0,90237.1,time_exit,12.0,0.013729146773015843,0.012929146773015843,CHOPPY
2026-01-21 03:00:00,2026-01-21 04:00:00,2026-01-21 16:00:00,UP,Strong,89395.9,87562.3,time_exit,12.0,-0.02051100777552428,-0.02131100777552428,CHOPPY
2026-01-21 05:00:00,2026-01-21 06:00:00,2026-01-21 18:00:00,UP,Moderate,89919.9,88441.1,time_exit,12.0,-0.016445747826676738,-0.017245747826676736,CHOPPY
2026-01-21 06:00:00,2026-01-21 07:00:00,2026-01-21 19:00:00,DOWN,Moderate,89618.4,90321.9,time_exit,12.0,-0.00784995045660275,-0.00864995045660275,CHOPPY
2026-01-21 10:00:00,2026-01-21 11:00:00,2026-01-21 23:00:00,DOWN,Moderate,89200.8,89411.4,time_exit,12.0,-0.0023609653725078505,-0.0031609653725078505,CHOPPY
2026-01-21 11:00:00,2026-01-21 12:00:00,2026-01-22 00:00:00,UP,Strong,88757.0,89869.6,time_exit,12.0,0.012535349324560352,0.011735349324560352,CHOPPY
2026-01-21 12:00:00,2026-01-21 13:00:00,2026-01-22 01:00:00,UP,Strong,88692.5,90071.1,time_exit,12.0,0.015543591622741548,0.014743591622741548,CHOPPY
2026-01-21 13:00:00,2026-01-21 14:00:00,2026-01-22 02:00:00,UP,Strong,88631.1,89901.8,time_exit,12.0,0.01433695395859913,0.01353695395859913,BEAR
2026-01-21 14:00:00,2026-01-21 15:00:00,2026-01-22 03:00:00,UP,Strong,89755.7,89857.0,time_exit,12.0,0.0011286191294814785,0.00032861912948147843,CHOPPY
2026-01-21 15:00:00,2026-01-21 16:00:00,2026-01-22 04:00:00,UP,Strong,90237.2,89958.3,time_exit,12.0,-0.0030907430638361655,-0.0038907430638361654,BEAR
2026-01-21 16:00:00,2026-01-21 17:00:00,2026-01-22 05:00:00,UP,Moderate,87562.3,89981.8,time_exit,12.0,0.02763175476203794,0.026831754762037942,BEAR
2026-01-21 17:00:00,2026-01-21 18:00:00,2026-01-22 06:00:00,UP,Strong,87897.0,90122.9,time_exit,12.0,0.025323958724416062,0.024523958724416064,BEAR
2026-01-21 18:00:00,2026-01-21 19:00:00,2026-01-22 07:00:00,UP,Strong,88441.1,89772.6,time_exit,12.0,0.015055217540261179,0.014255217540261178,BULL
2026-01-21 20:00:00,2026-01-21 21:00:00,2026-01-22 09:00:00,UP,Strong,90170.8,89995.0,time_exit,12.0,-0.0019496333624632323,-0.002749633362463232,BULL
2026-01-21 21:00:00,2026-01-21 22:00:00,2026-01-22 10:00:00,UP,Strong,90203.8,90046.6,time_exit,12.0,-0.0017427203731993357,-0.0025427203731993356,BULL
2026-01-21 22:00:00,2026-01-21 23:00:00,2026-01-22 11:00:00,UP,Moderate,89728.4,89909.6,time_exit,12.0,0.0020194275168174958,0.0012194275168174958,BULL
2026-01-21 23:00:00,2026-01-22 00:00:00,2026-01-22 12:00:00,UP,Strong,89411.4,89985.8,time_exit,12.0,0.006424236730439459,0.005624236730439458,BULL
2026-01-22 01:00:00,2026-01-22 02:00:00,2026-01-22 14:00:00,DOWN,Strong,90071.1,89055.0,time_exit,12.0,0.011281087940527068,0.010481087940527068,BULL
2026-01-22 02:00:00,2026-01-22 03:00:00,2026-01-22 15:00:00,DOWN,Moderate,89901.9,88953.6,time_exit,12.0,0.010548164165606999,0.009748164165606999,BULL
2026-01-22 04:00:00,2026-01-22 05:00:00,2026-01-22 17:00:00,DOWN,Strong,89958.2,89500.0,time_exit,12.0,0.005093476748089687,0.004293476748089687,CHOPPY
2026-01-22 05:00:00,2026-01-22 06:00:00,2026-01-22 18:00:00,DOWN,Strong,89981.8,89295.5,time_exit,12.0,0.007627097924246984,0.0068270979242469835,BULL
2026-01-22 06:00:00,2026-01-22 07:00:00,2026-01-22 19:00:00,DOWN,Strong,90122.9,89732.9,time_exit,12.0,0.004327423995455049,0.0035274239954550487,BULL
2026-01-22 07:00:00,2026-01-22 08:00:00,2026-01-22 20:00:00,DOWN,Strong,89772.6,89370.7,time_exit,12.0,0.004476867106444571,0.003676867106444571,BULL
2026-01-22 08:00:00,2026-01-22 09:00:00,2026-01-22 21:00:00,DOWN,Moderate,89878.5,89222.1,time_exit,12.0,0.007303192643401846,0.006503192643401845,BULL
2026-01-22 09:00:00,2026-01-22 10:00:00,2026-01-22 22:00:00,DOWN,Moderate,89994.9,89304.7,time_exit,12.0,0.00766932348388627,0.00686932348388627,BULL
2026-01-22 10:00:00,2026-01-22 11:00:00,2026-01-22 23:00:00,DOWN,Moderate,90046.6,89518.5,time_exit,12.0,0.005864741145140462,0.0050647411451404615,BULL
2026-01-22 11:00:00,2026-01-22 12:00:00,2026-01-23 00:00:00,DOWN,Strong,89909.7,89484.6,time_exit,12.0,0.00472807717076118,0.00392807717076118,BULL
2026-01-22 12:00:00,2026-01-22 13:00:00,2026-01-23 01:00:00,DOWN,Strong,89985.7,89893.7,time_exit,12.0,0.001022384667786147,0.00022238466778614697,BULL
2026-01-22 13:00:00,2026-01-22 14:00:00,2026-01-23 02:00:00,DOWN,Strong,89570.0,89611.2,time_exit,12.0,-0.0004599754382046406,-0.0012599754382046405,BEAR
2026-01-22 14:00:00,2026-01-22 15:00:00,2026-01-23 03:00:00,DOWN,Moderate,89055.1,89886.1,time_exit,12.0,-0.009331301632360178,-0.010131301632360179,BEAR
2026-01-22 15:00:00,2026-01-22 16:00:00,2026-01-23 04:00:00,UP,Moderate,88953.7,89922.5,time_exit,12.0,0.0108910590565654,0.0100910590565654,BULL
2026-01-22 16:00:00,2026-01-22 17:00:00,2026-01-23 05:00:00,DOWN,Strong,89006.9,89573.8,time_exit,12.0,-0.006369169131831498,-0.007169169131831498,BULL
2026-01-22 17:00:00,2026-01-22 18:00:00,2026-01-23 06:00:00,DOWN,Strong,89500.0,89474.9,time_exit,12.0,0.00028044692737438925,-0.0005195530726256108,BULL
2026-01-22 18:00:00,2026-01-22 19:00:00,2026-01-23 07:00:00,UP,Moderate,89295.4,89497.2,time_exit,12.0,0.0022599148444377715,0.0014599148444377715,CHOPPY
2026-01-22 19:00:00,2026-01-22 20:00:00,2026-01-23 08:00:00,UP,Strong,89732.8,89185.1,time_exit,12.0,-0.006103676693472115,-0.006903676693472116,CHOPPY
2026-01-22 20:00:00,2026-01-22 21:00:00,2026-01-23 09:00:00,UP,Moderate,89370.8,88939.9,time_exit,12.0,-0.004821485317352048,-0.005621485317352048,CHOPPY
2026-01-22 21:00:00,2026-01-22 22:00:00,2026-01-23 10:00:00,UP,Moderate,89222.2,89016.6,time_exit,12.0,-0.002304359228980979,-0.003104359228980979,CHOPPY
2026-01-22 22:00:00,2026-01-22 23:00:00,2026-01-23 11:00:00,UP,Strong,89304.7,89171.2,time_exit,12.0,-0.0014948821282642077,-0.0022948821282642077,CHOPPY
2026-01-23 01:00:00,2026-01-23 02:00:00,2026-01-23 14:00:00,DOWN,Moderate,89893.7,88976.0,time_exit,12.0,0.010208724304372807,0.009408724304372807,CHOPPY
2026-01-23 02:00:00,2026-01-23 03:00:00,2026-01-23 15:00:00,DOWN,Strong,89611.3,89711.2,time_exit,12.0,-0.0011148147610846593,-0.0019148147610846592,CHOPPY
2026-01-23 03:00:00,2026-01-23 04:00:00,2026-01-23 16:00:00,DOWN,Strong,89886.2,90079.0,time_exit,12.0,-0.0021449343725734593,-0.0029449343725734592,CHOPPY
2026-01-23 04:00:00,2026-01-23 05:00:00,2026-01-23 17:00:00,DOWN,Strong,89922.6,90576.0,time_exit,12.0,-0.007266248974117762,-0.008066248974117762,CHOPPY
2026-01-23 05:00:00,2026-01-23 06:00:00,2026-01-23 18:00:00,DOWN,Moderate,89573.8,90486.3,time_exit,12.0,-0.010187130611853057,-0.010987130611853057,CHOPPY
2026-01-23 06:00:00,2026-01-23 07:00:00,2026-01-23 19:00:00,DOWN,Moderate,89475.0,89938.3,time_exit,12.0,-0.005177982676725312,-0.005977982676725313,CHOPPY
2026-01-23 09:00:00,2026-01-23 10:00:00,2026-01-23 22:00:00,UP,Strong,88940.0,89585.3,time_exit,12.0,0.007255453114459298,0.006455453114459298,CHOPPY
2026-01-23 10:00:00,2026-01-23 11:00:00,2026-01-23 23:00:00,UP,Strong,89016.6,89558.7,time_exit,12.0,0.006089875371559916,0.005289875371559916,CHOPPY
2026-01-23 11:00:00,2026-01-23 12:00:00,2026-01-24 00:00:00,UP,Moderate,89171.3,89414.2,time_exit,12.0,0.0027239706048918233,0.0019239706048918234,CHOPPY
2026-01-23 14:00:00,2026-01-23 15:00:00,2026-01-24 03:00:00,UP,Moderate,88976.0,89738.4,time_exit,12.0,0.008568602769285949,0.007768602769285949,CHOPPY
2026-01-23 15:00:00,2026-01-23 16:00:00,2026-01-24 04:00:00,DOWN,Strong,89711.2,89806.7,time_exit,12.0,-0.0010645270601663537,-0.0018645270601663536,CHOPPY
2026-01-23 16:00:00,2026-01-23 17:00:00,2026-01-24 05:00:00,DOWN,Strong,90079.1,89744.5,time_exit,12.0,0.0037145131334571646,0.0029145131334571647,CHOPPY
2026-01-23 17:00:00,2026-01-23 18:00:00,2026-01-24 06:00:00,DOWN,Strong,90576.0,89612.4,time_exit,12.0,0.01063857975622684,0.00983857975622684,CHOPPY
2026-01-23 18:00:00,2026-01-23 19:00:00,2026-01-24 07:00:00,DOWN,Strong,90486.3,89581.2,time_exit,12.0,0.010002619181025296,0.009202619181025296,CHOPPY
2026-01-23 20:00:00,2026-01-23 21:00:00,2026-01-24 09:00:00,UP,Strong,89456.5,89567.4,time_exit,12.0,0.0012397086852269368,0.00043970868522693674,CHOPPY
2026-01-23 21:00:00,2026-01-23 22:00:00,2026-01-24 10:00:00,UP,Strong,89301.2,89590.1,time_exit,12.0,0.003235118900977829,0.0024351189009778292,CHOPPY
2026-01-23 22:00:00,2026-01-23 23:00:00,2026-01-24 11:00:00,UP,Strong,89585.4,89548.5,time_exit,12.0,-0.0004118974743652082,-0.0012118974743652081,CHOPPY
2026-01-23 23:00:00,2026-01-24 00:00:00,2026-01-24 12:00:00,UP,Strong,89558.7,89497.6,time_exit,12.0,-0.0006822341101422325,-0.0014822341101422324,CHOPPY
2026-01-24 00:00:00,2026-01-24 01:00:00,2026-01-24 13:00:00,UP,Strong,89414.2,89321.7,time_exit,12.0,-0.001034511296863383,-0.0018345112968633829,CHOPPY
2026-01-24 01:00:00,2026-01-24 02:00:00,2026-01-24 14:00:00,UP,Strong,89512.8,89407.7,time_exit,12.0,-0.0011741337551725017,-0.0019741337551725017,CHOPPY
2026-01-24 02:00:00,2026-01-24 03:00:00,2026-01-24 15:00:00,UP,Strong,89666.3,89235.0,time_exit,12.0,-0.004810056844098631,-0.005610056844098632,CHOPPY
2026-01-24 03:00:00,2026-01-24 04:00:00,2026-01-24 16:00:00,UP,Strong,89738.4,89248.6,time_exit,12.0,-0.005458087061948835,-0.006258087061948836,CHOPPY
2026-01-24 05:00:00,2026-01-24 06:00:00,2026-01-24 18:00:00,UP,Moderate,89744.5,89351.6,time_exit,12.0,-0.004377984166160531,-0.005177984166160532,CHOPPY
2026-01-24 06:00:00,2026-01-24 07:00:00,2026-01-24 19:00:00,UP,Moderate,89612.4,89286.0,time_exit,12.0,-0.0036423530672093918,-0.004442353067209392,CHOPPY
2026-01-24 07:00:00,2026-01-24 08:00:00,2026-01-24 20:00:00,UP,Moderate,89581.3,89333.7,time_exit,12.0,-0.002763969712428871,-0.003563969712428871,CHOPPY
2026-01-24 08:00:00,2026-01-24 09:00:00,2026-01-24 21:00:00,UP,Moderate,89635.3,89340.6,time_exit,12.0,-0.0032877672077853415,-0.004087767207785342,CHOPPY
2026-01-24 09:00:00,2026-01-24 10:00:00,2026-01-24 22:00:00,UP,Moderate,89567.5,89390.0,time_exit,12.0,-0.0019817456108521814,-0.0027817456108521813,CHOPPY
2026-01-24 10:00:00,2026-01-24 11:00:00,2026-01-24 23:00:00,UP,Moderate,89590.2,89180.7,time_exit,12.0,-0.0045708124326098165,-0.005370812432609817,CHOPPY
2026-01-24 11:00:00,2026-01-24 12:00:00,2026-01-25 00:00:00,UP,Moderate,89548.5,89275.7,time_exit,12.0,-0.003046393853610052,-0.003846393853610052,CHOPPY
2026-01-24 12:00:00,2026-01-24 13:00:00,2026-01-25 01:00:00,UP,Moderate,89497.6,89139.7,time_exit,12.0,-0.003998989917048168,-0.004798989917048168,CHOPPY
2026-01-24 13:00:00,2026-01-24 14:00:00,2026-01-25 02:00:00,UP,Moderate,89321.7,89105.0,time_exit,12.0,-0.0024260621998909437,-0.0032260621998909437,CHOPPY
2026-01-24 14:00:00,2026-01-24 15:00:00,2026-01-25 03:00:00,UP,Moderate,89407.7,88920.0,time_exit,12.0,-0.005454787451192655,-0.006254787451192656,CHOPPY
2026-01-24 15:00:00,2026-01-24 16:00:00,2026-01-25 04:00:00,UP,Moderate,89234.9,88977.4,time_exit,12.0,-0.002885642276732492,-0.0036856422767324918,CHOPPY
2026-01-24 16:00:00,2026-01-24 17:00:00,2026-01-25 05:00:00,UP,Moderate,89248.6,88966.1,time_exit,12.0,-0.0031653157584544678,-0.003965315758454468,CHOPPY
2026-01-24 17:00:00,2026-01-24 18:00:00,2026-01-25 06:00:00,UP,Moderate,89369.6,88810.0,time_exit,12.0,-0.006261637066743098,-0.007061637066743098,CHOPPY
2026-01-25 00:00:00,2026-01-25 01:00:00,2026-01-25 13:00:00,DOWN,Moderate,89275.7,88875.1,time_exit,12.0,0.004487223286963715,0.0036872232869637153,CHOPPY
2026-01-25 03:00:00,2026-01-25 04:00:00,2026-01-25 16:00:00,UP,Moderate,88920.0,88049.9,time_exit,12.0,-0.009785200179937115,-0.010585200179937115,CHOPPY
2026-01-25 08:00:00,2026-01-25 09:00:00,2026-01-25 21:00:00,UP,Strong,88254.9,86525.1,time_exit,12.0,-0.019600044870029754,-0.020400044870029752,CHOPPY
2026-01-25 09:00:00,2026-01-25 10:00:00,2026-01-25 22:00:00,UP,Moderate,88361.5,86489.1,time_exit,12.0,-0.021190224249248768,-0.021990224249248767,CHOPPY
2026-01-25 19:00:00,2026-01-25 20:00:00,2026-01-26 08:00:00,UP,Moderate,86459.4,87947.3,time_exit,12.0,0.017209233466806584,0.016409233466806585,CHOPPY
2026-01-25 20:00:00,2026-01-25 21:00:00,2026-01-26 09:00:00,UP,Moderate,86618.4,87630.4,time_exit,12.0,0.011683429848623472,0.010883429848623472,CHOPPY
2026-01-25 21:00:00,2026-01-25 22:00:00,2026-01-26 10:00:00,UP,Moderate,86525.0,87858.1,time_exit,12.0,0.015407107772320128,0.014607107772320127,CHOPPY
2026-01-25 22:00:00,2026-01-25 23:00:00,2026-01-26 11:00:00,UP,Moderate,86489.0,87810.0,time_exit,12.0,0.015273618610459172,0.014473618610459172,CHOPPY
2026-01-25 23:00:00,2026-01-26 00:00:00,2026-01-26 12:00:00,UP,Moderate,86628.9,87762.1,time_exit,12.0,0.013081084949710942,0.012281084949710941,CHOPPY
2026-01-26 00:00:00,2026-01-26 01:00:00,2026-01-26 13:00:00,UP,Moderate,86808.5,87917.9,time_exit,12.0,0.012779854507334987,0.011979854507334986,CHOPPY
2026-01-26 01:00:00,2026-01-26 02:00:00,2026-01-26 14:00:00,UP,Moderate,87661.7,88137.0,time_exit,12.0,0.00542198018062634,0.00462198018062634,CHOPPY
2026-01-26 03:00:00,2026-01-26 04:00:00,2026-01-26 16:00:00,UP,Moderate,87233.1,87579.4,time_exit,12.0,0.003969823381262172,0.003169823381262172,CHOPPY
2026-01-26 14:00:00,2026-01-26 15:00:00,2026-01-27 03:00:00,UP,Moderate,88137.0,88744.6,time_exit,12.0,0.006893813041061181,0.0060938130410611805,CHOPPY
2026-01-26 15:00:00,2026-01-26 16:00:00,2026-01-27 04:00:00,UP,Moderate,87609.4,88532.7,time_exit,12.0,0.010538823459583124,0.009738823459583124,CHOPPY
2026-01-26 16:00:00,2026-01-26 17:00:00,2026-01-27 05:00:00,UP,Moderate,87579.5,88424.0,time_exit,12.0,0.009642667519225379,0.008842667519225378,CHOPPY
2026-01-26 17:00:00,2026-01-26 18:00:00,2026-01-27 06:00:00,UP,Moderate,87657.4,88295.4,time_exit,12.0,0.007278335884933762,0.006478335884933762,BULL
2026-01-27 14:00:00,2026-01-27 15:00:00,2026-01-28 03:00:00,UP,Moderate,87712.2,89079.8,time_exit,12.0,0.01559190169668545,0.01479190169668545,CHOPPY
2026-01-27 19:00:00,2026-01-27 20:00:00,2026-01-28 08:00:00,DOWN,Moderate,88378.1,88901.1,time_exit,12.0,-0.005917755643083611,-0.006717755643083611,BULL
2026-01-27 23:00:00,2026-01-28 00:00:00,2026-01-28 12:00:00,DOWN,Moderate,89197.8,89955.0,time_exit,12.0,-0.008488998607588893,-0.009288998607588894,BULL
2026-01-28 02:00:00,2026-01-28 03:00:00,2026-01-28 15:00:00,DOWN,Moderate,89245.1,89444.4,time_exit,12.0,-0.002233175827019984,-0.003033175827019984,CHOPPY
2026-01-28 11:00:00,2026-01-28 12:00:00,2026-01-29 00:00:00,UP,Moderate,90036.9,89112.0,time_exit,12.0,-0.01027245496013296,-0.01107245496013296,BULL
2026-01-28 12:00:00,2026-01-28 13:00:00,2026-01-29 01:00:00,UP,Moderate,89954.9,88561.7,time_exit,12.0,-0.01548776108916794,-0.016287761089167938,BULL
2026-01-28 14:00:00,2026-01-28 15:00:00,2026-01-29 03:00:00,UP,Moderate,89578.1,88003.2,time_exit,12.0,-0.01758130614514053,-0.018381306145140528,BULL
2026-01-28 15:00:00,2026-01-28 16:00:00,2026-01-29 04:00:00,UP,Strong,89444.5,88269.9,time_exit,12.0,-0.013132165756418845,-0.013932165756418846,BULL
2026-01-28 16:00:00,2026-01-28 17:00:00,2026-01-29 05:00:00,UP,Moderate,89588.8,88149.3,time_exit,12.0,-0.016067856696372784,-0.016867856696372783,BULL
2026-01-28 17:00:00,2026-01-28 18:00:00,2026-01-29 06:00:00,UP,Moderate,90142.9,88281.1,time_exit,12.0,-0.02065387290624099,-0.021453872906240987,BULL
2026-01-28 18:00:00,2026-01-28 19:00:00,2026-01-29 07:00:00,UP,Moderate,89500.9,88310.9,time_exit,12.0,-0.013295955683127247,-0.014095955683127248,BULL
2026-01-28 19:00:00,2026-01-28 20:00:00,2026-01-29 08:00:00,UP,Moderate,89363.5,88028.1,time_exit,12.0,-0.014943461256553214,-0.015743461256553213,CHOPPY
2026-01-28 20:00:00,2026-01-28 21:00:00,2026-01-29 09:00:00,UP,Moderate,89100.0,87851.1,time_exit,12.0,-0.014016835016834928,-0.014816835016834928,CHOPPY
2026-01-28 21:00:00,2026-01-28 22:00:00,2026-01-29 10:00:00,UP,Moderate,89369.4,87920.1,time_exit,12.0,-0.016216960167574013,-0.01701696016757401,CHOPPY
2026-01-29 02:00:00,2026-01-29 03:00:00,2026-01-29 15:00:00,UP,Moderate,87857.9,84898.0,time_exit,12.0,-0.03368962836580425,-0.03448962836580425,BEAR
2026-01-29 03:00:00,2026-01-29 04:00:00,2026-01-29 16:00:00,UP,Moderate,88003.2,85230.3,time_exit,12.0,-0.031509081487945845,-0.03230908148794585,BEAR
2026-01-29 12:00:00,2026-01-29 13:00:00,2026-01-30 01:00:00,DOWN,Moderate,88073.9,82434.7,time_exit,12.0,0.06402804917234273,0.06322804917234273,CHOPPY
2026-01-29 13:00:00,2026-01-29 14:00:00,2026-01-30 02:00:00,DOWN,Moderate,88008.8,82128.1,time_exit,12.0,0.06681945441819448,0.06601945441819448,CHOPPY
2026-01-29 15:00:00,2026-01-29 16:00:00,2026-01-30 04:00:00,UP,Moderate,84897.9,82906.6,time_exit,12.0,-0.023455232697157324,-0.024255232697157323,BEAR
2026-01-29 16:00:00,2026-01-29 17:00:00,2026-01-30 05:00:00,UP,Moderate,85230.3,82873.5,time_exit,12.0,-0.027652137796065568,-0.028452137796065567,BEAR
2026-01-29 17:00:00,2026-01-29 18:00:00,2026-01-30 06:00:00,UP,Moderate,84225.0,82560.8,time_exit,12.0,-0.01975897892549716,-0.02055897892549716,BEAR
2026-01-29 18:00:00,2026-01-29 19:00:00,2026-01-30 07:00:00,UP,Strong,83440.8,82770.1,time_exit,12.0,-0.008038034151158668,-0.008838034151158669,BEAR
2026-01-29 19:00:00,2026-01-29 20:00:00,2026-01-30 08:00:00,UP,Strong,83979.5,82625.3,time_exit,12.0,-0.016125363928101488,-0.016925363928101487,BEAR
2026-01-29 20:00:00,2026-01-29 21:00:00,2026-01-30 09:00:00,UP,Moderate,84186.4,82320.5,time_exit,12.0,-0.022163912460919977,-0.022963912460919975,BEAR
2026-01-30 00:00:00,2026-01-30 01:00:00,2026-01-30 13:00:00,UP,Moderate,84157.4,82704.9,time_exit,12.0,-0.017259325977275863,-0.018059325977275862,BEAR
2026-01-30 01:00:00,2026-01-30 02:00:00,2026-01-30 14:00:00,UP,Moderate,82434.7,83061.4,time_exit,12.0,0.0076023810361411925,0.006802381036141192,BEAR
2026-01-30 02:00:00,2026-01-30 03:00:00,2026-01-30 15:00:00,UP,Strong,82128.0,82850.2,time_exit,12.0,0.00879359049288908,0.00799359049288908,BEAR
2026-01-30 03:00:00,2026-01-30 04:00:00,2026-01-30 16:00:00,UP,Moderate,82640.9,83115.2,time_exit,12.0,0.005739288899322181,0.004939288899322181,BEAR
2026-01-30 04:00:00,2026-01-30 05:00:00,2026-01-30 17:00:00,UP,Moderate,82906.5,82908.0,time_exit,12.0,1.8092670659219934e-05,-0.0007819073293407801,BEAR
2026-01-30 06:00:00,2026-01-30 07:00:00,2026-01-30 19:00:00,UP,Moderate,82560.8,84200.0,time_exit,12.0,0.01985445877462433,0.01905445877462433,BEAR
2026-01-30 09:00:00,2026-01-30 10:00:00,2026-01-30 22:00:00,UP,Moderate,82320.5,84191.1,time_exit,12.0,0.022723379960034373,0.021923379960034375,BEAR
2026-01-30 15:00:00,2026-01-30 16:00:00,2026-01-31 04:00:00,UP,Moderate,82850.1,83960.4,time_exit,12.0,0.013401311525272686,0.012601311525272685,BEAR
2026-01-30 17:00:00,2026-01-30 18:00:00,2026-01-31 06:00:00,UP,Moderate,82908.0,83739.1,time_exit,12.0,0.010024364355671445,0.009224364355671444,BULL
2026-01-31 08:00:00,2026-01-31 09:00:00,2026-01-31 21:00:00,UP,Moderate,83031.1,78252.4,time_exit,12.0,-0.05755313370532256,-0.05835313370532256,CHOPPY
2026-01-31 21:00:00,2026-01-31 22:00:00,2026-02-01 10:00:00,UP,Moderate,78252.5,78239.9,time_exit,12.0,-0.0001610172198972526,-0.0009610172198972526,BEAR
2026-02-03 04:00:00,2026-02-03 05:00:00,2026-02-03 17:00:00,DOWN,Moderate,78767.5,74882.4,time_exit,12.0,0.049323642365188713,0.04852364236518871,BULL
2026-02-03 05:00:00,2026-02-03 06:00:00,2026-02-03 18:00:00,DOWN,Strong,78202.8,73111.7,time_exit,12.0,0.06510124957162666,0.06430124957162667,BULL
2026-02-03 06:00:00,2026-02-03 07:00:00,2026-02-03 19:00:00,DOWN,Moderate,78557.4,74893.8,time_exit,12.0,0.04663596300284878,0.04583596300284878,BULL
2026-02-03 07:00:00,2026-02-03 08:00:00,2026-02-03 20:00:00,DOWN,Moderate,78750.0,76431.9,time_exit,12.0,0.029436190476190505,0.028636190476190506,BULL
2026-02-03 08:00:00,2026-02-03 09:00:00,2026-02-03 21:00:00,DOWN,Moderate,78708.7,76199.9,time_exit,12.0,0.031874494179169544,0.031074494179169545,BULL
2026-02-03 09:00:00,2026-02-03 10:00:00,2026-02-03 22:00:00,DOWN,Moderate,78351.4,75672.5,time_exit,12.0,0.03419083768764819,0.03339083768764819,BULL
2026-02-03 10:00:00,2026-02-03 11:00:00,2026-02-03 23:00:00,DOWN,Strong,78077.3,75732.4,time_exit,12.0,0.030033056983271855,0.029233056983271857,CHOPPY
2026-02-03 11:00:00,2026-02-03 12:00:00,2026-02-04 00:00:00,DOWN,Moderate,78040.1,75871.0,time_exit,12.0,0.027794685040126832,0.026994685040126833,CHOPPY
2026-02-03 12:00:00,2026-02-03 13:00:00,2026-02-04 01:00:00,DOWN,Strong,78289.8,76392.0,time_exit,12.0,0.02424070568579817,0.02344070568579817,CHOPPY
2026-02-03 13:00:00,2026-02-03 14:00:00,2026-02-04 02:00:00,DOWN,Strong,78260.4,75926.8,time_exit,12.0,0.029818401132628902,0.029018401132628904,BEAR
2026-02-03 14:00:00,2026-02-03 15:00:00,2026-02-04 03:00:00,DOWN,Moderate,77164.5,76661.1,time_exit,12.0,0.006523725288183013,0.005723725288183013,BEAR
2026-02-03 15:00:00,2026-02-03 16:00:00,2026-02-04 04:00:00,DOWN,Strong,78094.2,76448.0,time_exit,12.0,0.021079670449277832,0.020279670449277833,BEAR
2026-02-03 16:00:00,2026-02-03 17:00:00,2026-02-04 05:00:00,DOWN,Moderate,76458.2,76255.0,time_exit,12.0,0.0026576613103630464,0.0018576613103630465,BEAR
2026-02-03 17:00:00,2026-02-03 18:00:00,2026-02-04 06:00:00,DOWN,Moderate,74882.4,76616.9,time_exit,12.0,-0.023162986229073868,-0.023962986229073866,BEAR
2026-02-03 20:00:00,2026-02-03 21:00:00,2026-02-04 09:00:00,UP,Moderate,76431.9,76081.9,time_exit,12.0,-0.00457923982002284,-0.0053792398200228405,BEAR
2026-02-03 22:00:00,2026-02-03 23:00:00,2026-02-04 11:00:00,UP,Moderate,75672.5,75987.6,time_exit,12.0,0.004163996167696471,0.003363996167696471,BEAR
2026-02-04 01:00:00,2026-02-04 02:00:00,2026-02-04 14:00:00,UP,Moderate,76392.1,74328.9,time_exit,12.0,-0.027008028317064392,-0.02780802831706439,BEAR
2026-02-04 02:00:00,2026-02-04 03:00:00,2026-02-04 15:00:00,UP,Moderate,75926.9,74107.0,time_exit,12.0,-0.023969107128040235,-0.024769107128040233,BEAR
2026-02-04 03:00:00,2026-02-04 04:00:00,2026-02-04 16:00:00,UP,Strong,76661.1,73609.1,time_exit,12.0,-0.039811586319528414,-0.040611586319528416,BEAR
2026-02-04 08:00:00,2026-02-04 09:00:00,2026-02-04 21:00:00,UP,Moderate,76541.2,72772.8,time_exit,12.0,-0.04923361536009363,-0.05003361536009363,BEAR
2026-02-04 09:00:00,2026-02-04 10:00:00,2026-02-04 22:00:00,UP,Moderate,76082.0,72511.1,time_exit,12.0,-0.046934886044005086,-0.04773488604400509,BEAR
2026-02-04 11:00:00,2026-02-04 12:00:00,2026-02-05 00:00:00,UP,Moderate,75987.6,72838.9,time_exit,12.0,-0.04143702393548432,-0.04223702393548432,BEAR
2026-02-04 13:00:00,2026-02-04 14:00:00,2026-02-05 02:00:00,DOWN,Moderate,74838.3,71429.1,time_exit,12.0,0.04555421488729694,0.04475421488729694,BEAR
2026-02-04 15:00:00,2026-02-04 16:00:00,2026-02-05 04:00:00,DOWN,Moderate,74107.0,70873.2,time_exit,12.0,0.04363690339644033,0.04283690339644033,BEAR
2026-02-04 17:00:00,2026-02-04 18:00:00,2026-02-05 06:00:00,DOWN,Moderate,72544.3,70911.4,time_exit,12.0,0.022509004842558356,0.021709004842558357,CHOPPY
2026-02-04 20:00:00,2026-02-04 21:00:00,2026-02-05 09:00:00,DOWN,Moderate,73488.9,71531.7,time_exit,12.0,0.026632593493711276,0.025832593493711278,BEAR
2026-02-04 21:00:00,2026-02-04 22:00:00,2026-02-05 10:00:00,DOWN,Strong,72772.9,70820.3,time_exit,12.0,0.02683141663998534,0.02603141663998534,BEAR
2026-02-04 22:00:00,2026-02-04 23:00:00,2026-02-05 11:00:00,DOWN,Moderate,72511.0,70279.0,time_exit,12.0,0.03078153659444771,0.029981536594447713,BEAR
2026-02-04 23:00:00,2026-02-05 00:00:00,2026-02-05 12:00:00,DOWN,Moderate,73137.5,69532.9,time_exit,12.0,0.049285250384549784,0.04848525038454978,BEAR
2026-02-05 00:00:00,2026-02-05 01:00:00,2026-02-05 13:00:00,DOWN,Moderate,72838.9,69656.3,time_exit,12.0,0.04369368565423137,0.04289368565423137,BEAR
2026-02-05 01:00:00,2026-02-05 02:00:00,2026-02-05 14:00:00,DOWN,Moderate,72389.1,69365.5,time_exit,12.0,0.04176871932376569,0.04096871932376569,BEAR
2026-02-05 04:00:00,2026-02-05 05:00:00,2026-02-05 17:00:00,DOWN,Moderate,70863.9,66153.9,time_exit,12.0,0.0664654358566209,0.06566543585662091,BEAR
2026-02-05 16:00:00,2026-02-05 17:00:00,2026-02-06 05:00:00,UP,Moderate,68262.7,66365.3,time_exit,12.0,-0.027795560386565388,-0.028595560386565386,BEAR
2026-02-05 20:00:00,2026-02-05 21:00:00,2026-02-06 09:00:00,UP,Moderate,63750.9,65757.9,time_exit,12.0,0.03148190849070365,0.03068190849070365,BEAR
2026-02-05 22:00:00,2026-02-05 23:00:00,2026-02-06 11:00:00,UP,Moderate,63878.7,66586.1,time_exit,12.0,0.0423834548918498,0.0415834548918498,BEAR
2026-02-05 23:00:00,2026-02-06 00:00:00,2026-02-06 12:00:00,UP,Moderate,62868.1,66522.6,time_exit,12.0,0.05812963967417506,0.05732963967417506,BEAR
2026-02-06 02:00:00,2026-02-06 03:00:00,2026-02-06 15:00:00,UP,Moderate,64955.6,68577.5,time_exit,12.0,0.05575962657569167,0.054959626575691665,BEAR
2026-02-06 06:00:00,2026-02-06 07:00:00,2026-02-06 19:00:00,UP,Moderate,64947.6,70675.5,time_exit,12.0,0.08819263529368304,0.08739263529368305,BEAR
2026-02-07 04:00:00,2026-02-07 05:00:00,2026-02-07 17:00:00,UP,Moderate,70728.6,69154.3,time_exit,12.0,-0.022258322658726515,-0.023058322658726513,BULL
2026-02-07 05:00:00,2026-02-07 06:00:00,2026-02-07 18:00:00,UP,Moderate,70124.6,69475.0,time_exit,12.0,-0.009263510950508147,-0.010063510950508147,BULL
2026-02-07 06:00:00,2026-02-07 07:00:00,2026-02-07 19:00:00,UP,Moderate,68733.6,69341.4,time_exit,12.0,0.008842836691224987,0.008042836691224986,BULL
2026-02-07 07:00:00,2026-02-07 08:00:00,2026-02-07 20:00:00,UP,Moderate,68050.5,69596.5,time_exit,12.0,0.02271842234810917,0.02191842234810917,BULL
2026-02-07 08:00:00,2026-02-07 09:00:00,2026-02-07 21:00:00,UP,Moderate,68458.6,69466.3,time_exit,12.0,0.014719845278752475,0.013919845278752474,BULL
2026-02-07 09:00:00,2026-02-07 10:00:00,2026-02-07 22:00:00,UP,Moderate,68107.3,69368.2,time_exit,12.0,0.01851343394907734,0.01771343394907734,BULL
2026-02-07 11:00:00,2026-02-07 12:00:00,2026-02-08 00:00:00,UP,Moderate,67935.0,69100.2,time_exit,12.0,0.01715168911459486,0.01635168911459486,BULL
2026-02-07 12:00:00,2026-02-07 13:00:00,2026-02-08 01:00:00,UP,Moderate,68988.7,69341.5,time_exit,12.0,0.00511388096891241,0.0043138809689124095,BULL
2026-02-07 13:00:00,2026-02-07 14:00:00,2026-02-08 02:00:00,UP,Moderate,69062.9,69335.7,time_exit,12.0,0.003950022370911244,0.0031500223709112437,BULL
2026-02-07 15:00:00,2026-02-07 16:00:00,2026-02-08 04:00:00,UP,Moderate,69122.1,69303.4,time_exit,12.0,0.0026228948483912884,0.0018228948483912885,BEAR
2026-02-07 16:00:00,2026-02-07 17:00:00,2026-02-08 05:00:00,UP,Moderate,68924.4,69190.7,time_exit,12.0,0.0038636535102227754,0.0030636535102227754,BEAR
2026-02-07 17:00:00,2026-02-07 18:00:00,2026-02-08 06:00:00,UP,Moderate,69154.2,69321.8,time_exit,12.0,0.002423569356597266,0.001623569356597266,CHOPPY
2026-02-07 19:00:00,2026-02-07 20:00:00,2026-02-08 08:00:00,UP,Moderate,69341.3,70624.5,time_exit,12.0,0.01850556594698971,0.017705565946989712,CHOPPY
2026-02-07 20:00:00,2026-02-07 21:00:00,2026-02-08 09:00:00,UP,Moderate,69596.5,70066.8,time_exit,12.0,0.006757523726049541,0.005957523726049541,BEAR
2026-02-07 21:00:00,2026-02-07 22:00:00,2026-02-08 10:00:00,UP,Moderate,69466.2,70231.1,time_exit,12.0,0.011011110439321792,0.010211110439321791,BEAR
2026-02-07 22:00:00,2026-02-07 23:00:00,2026-02-08 11:00:00,UP,Moderate,69368.2,70954.0,time_exit,12.0,0.022860619130956383,0.022060619130956385,BEAR
2026-02-07 23:00:00,2026-02-08 00:00:00,2026-02-08 12:00:00,UP,Moderate,69254.3,71203.4,time_exit,12.0,0.028144100799517124,0.027344100799517126,BEAR
2026-02-08 00:00:00,2026-02-08 01:00:00,2026-02-08 13:00:00,UP,Moderate,69100.3,71472.6,time_exit,12.0,0.03433125471235288,0.033531254712352875,BEAR
2026-02-08 01:00:00,2026-02-08 02:00:00,2026-02-08 14:00:00,UP,Moderate,69341.4,71218.3,time_exit,12.0,0.027067523874626298,0.0262675238746263,BEAR
2026-02-08 02:00:00,2026-02-08 03:00:00,2026-02-08 15:00:00,UP,Moderate,69335.7,71152.6,time_exit,12.0,0.026204393984628593,0.025404393984628595,BEAR
2026-02-08 03:00:00,2026-02-08 04:00:00,2026-02-08 16:00:00,UP,Moderate,69064.7,70388.7,time_exit,12.0,0.019170430046029363,0.018370430046029364,BEAR
2026-02-08 04:00:00,2026-02-08 05:00:00,2026-02-08 17:00:00,UP,Moderate,69303.4,70754.5,time_exit,12.0,0.02093836666022164,0.020138366660221643,BEAR
2026-02-08 05:00:00,2026-02-08 06:00:00,2026-02-08 18:00:00,UP,Moderate,69190.8,71103.1,time_exit,12.0,0.027638067488741314,0.026838067488741315,BULL
2026-02-08 06:00:00,2026-02-08 07:00:00,2026-02-08 19:00:00,UP,Moderate,69321.7,71381.0,time_exit,12.0,0.029706426703326683,0.028906426703326684,BULL
2026-02-08 09:00:00,2026-02-08 10:00:00,2026-02-08 22:00:00,UP,Moderate,70066.9,71036.2,time_exit,12.0,0.01383392158066088,0.01303392158066088,BULL
2026-02-08 10:00:00,2026-02-08 11:00:00,2026-02-08 23:00:00,UP,Moderate,70231.1,70288.1,time_exit,12.0,0.000811606254209396,1.1606254209395989e-05,BULL
2026-02-08 16:00:00,2026-02-08 17:00:00,2026-02-09 05:00:00,UP,Moderate,70388.6,71014.2,time_exit,12.0,0.008887802854439464,0.008087802854439463,BULL
2026-02-08 17:00:00,2026-02-08 18:00:00,2026-02-09 06:00:00,UP,Moderate,70754.4,70622.4,time_exit,12.0,-0.0018656083579254856,-0.0026656083579254856,BULL
2026-02-08 18:00:00,2026-02-08 19:00:00,2026-02-09 07:00:00,UP,Moderate,71103.0,70393.5,time_exit,12.0,-0.009978481920594029,-0.01077848192059403,BULL
2026-02-08 19:00:00,2026-02-08 20:00:00,2026-02-09 08:00:00,UP,Moderate,71381.0,69832.2,time_exit,12.0,-0.02169765063532314,-0.02249765063532314,BULL
2026-02-08 20:00:00,2026-02-08 21:00:00,2026-02-09 09:00:00,UP,Strong,70801.5,69588.0,time_exit,12.0,-0.017139467384165608,-0.017939467384165606,BULL
2026-02-08 21:00:00,2026-02-08 22:00:00,2026-02-09 10:00:00,UP,Moderate,70665.5,68694.0,time_exit,12.0,-0.027899045503109732,-0.02869904550310973,BULL
2026-02-08 22:00:00,2026-02-08 23:00:00,2026-02-09 11:00:00,UP,Moderate,71036.2,68899.9,time_exit,12.0,-0.030073399196466122,-0.03087339919646612,BULL
2026-02-08 23:00:00,2026-02-09 00:00:00,2026-02-09 12:00:00,UP,Strong,70288.2,69109.7,time_exit,12.0,-0.01676668345469079,-0.017566683454690788,BULL
2026-02-09 00:00:00,2026-02-09 01:00:00,2026-02-09 13:00:00,UP,Strong,70453.8,68556.9,time_exit,12.0,-0.02692402680905792,-0.02772402680905792,BULL
2026-02-09 01:00:00,2026-02-09 02:00:00,2026-02-09 14:00:00,UP,Strong,70327.9,69232.4,time_exit,12.0,-0.015577032728120721,-0.01637703272812072,BULL
2026-02-09 02:00:00,2026-02-09 03:00:00,2026-02-09 15:00:00,UP,Strong,70593.1,69528.9,time_exit,12.0,-0.015075127739113459,-0.015875127739113457,BULL
2026-02-09 03:00:00,2026-02-09 04:00:00,2026-02-09 16:00:00,UP,Moderate,71269.8,70049.1,time_exit,12.0,-0.0171278718335115,-0.017927871833511497,BULL
2026-02-09 07:00:00,2026-02-09 08:00:00,2026-02-09 20:00:00,DOWN,Moderate,70393.5,70683.9,time_exit,12.0,-0.0041253808945427295,-0.00492538089454273,BEAR
2026-02-09 08:00:00,2026-02-09 09:00:00,2026-02-09 21:00:00,DOWN,Moderate,69832.1,70362.4,time_exit,12.0,-0.00759392886652388,-0.00839392886652388,BEAR
2026-02-09 22:00:00,2026-02-09 23:00:00,2026-02-10 11:00:00,DOWN,Moderate,70334.2,68489.9,time_exit,12.0,0.02622195176741904,0.02542195176741904,CHOPPY
2026-02-09 23:00:00,2026-02-10 00:00:00,2026-02-10 12:00:00,DOWN,Moderate,70110.6,68564.8,time_exit,12.0,0.02204802126925176,0.021248021269251762,BEAR
2026-02-10 00:00:00,2026-02-10 01:00:00,2026-02-10 13:00:00,DOWN,Moderate,69793.3,68981.9,time_exit,12.0,0.011625757773310763,0.010825757773310763,CHOPPY
2026-02-10 06:00:00,2026-02-10 07:00:00,2026-02-10 19:00:00,DOWN,Moderate,68872.4,69031.4,time_exit,12.0,-0.0023086170948014573,-0.003108617094801457,BEAR
2026-02-10 07:00:00,2026-02-10 08:00:00,2026-02-10 20:00:00,DOWN,Moderate,68882.2,68719.2,time_exit,12.0,0.0023663587980639056,0.0015663587980639057,BEAR
2026-02-10 08:00:00,2026-02-10 09:00:00,2026-02-10 21:00:00,DOWN,Moderate,69091.8,68623.3,time_exit,12.0,0.006780833615566584,0.0059808336155665835,BEAR
2026-02-10 09:00:00,2026-02-10 10:00:00,2026-02-10 22:00:00,DOWN,Moderate,69115.0,68662.7,time_exit,12.0,0.006544165521232825,0.005744165521232825,CHOPPY
2026-02-10 11:00:00,2026-02-10 12:00:00,2026-02-11 00:00:00,DOWN,Moderate,68489.9,69156.8,time_exit,12.0,-0.009737202127613198,-0.010537202127613199,BEAR
2026-02-10 12:00:00,2026-02-10 13:00:00,2026-02-11 01:00:00,DOWN,Moderate,68564.7,68947.5,time_exit,12.0,-0.005583047836569044,-0.006383047836569044,BULL
2026-02-10 13:00:00,2026-02-10 14:00:00,2026-02-11 02:00:00,DOWN,Moderate,68981.8,68641.3,time_exit,12.0,0.004936084590428158,0.004136084590428158,BEAR
2026-02-10 16:00:00,2026-02-10 17:00:00,2026-02-11 05:00:00,DOWN,Moderate,69473.5,67367.8,time_exit,12.0,0.03030939854764758,0.029509398547647583,BEAR
2026-02-10 23:00:00,2026-02-11 00:00:00,2026-02-11 12:00:00,DOWN,Moderate,68805.3,67099.2,time_exit,12.0,0.02479605495506898,0.02399605495506898,BEAR
2026-02-11 00:00:00,2026-02-11 01:00:00,2026-02-11 13:00:00,DOWN,Moderate,69156.9,67424.2,time_exit,12.0,0.025054622170745056,0.024254622170745057,BEAR
2026-02-11 01:00:00,2026-02-11 02:00:00,2026-02-11 14:00:00,DOWN,Moderate,68947.5,66559.9,time_exit,12.0,0.03462924689075031,0.03382924689075031,BEAR
2026-02-11 02:00:00,2026-02-11 03:00:00,2026-02-11 15:00:00,DOWN,Moderate,68641.3,66489.3,time_exit,12.0,0.03135138757570155,0.03055138757570155,BEAR
2026-02-11 06:00:00,2026-02-11 07:00:00,2026-02-11 19:00:00,UP,Moderate,66786.3,67547.7,time_exit,12.0,0.011400541727869307,0.010600541727869306,BEAR
2026-02-11 10:00:00,2026-02-11 11:00:00,2026-02-11 23:00:00,UP,Moderate,66506.1,67054.4,time_exit,12.0,0.00824435653270883,0.007444356532708829,BEAR
2026-02-11 20:00:00,2026-02-11 21:00:00,2026-02-12 09:00:00,DOWN,Moderate,67523.3,67517.7,time_exit,12.0,8.293433525918825e-05,-0.0007170656647408118,BEAR
2026-02-11 22:00:00,2026-02-11 23:00:00,2026-02-12 11:00:00,DOWN,Moderate,67392.1,68031.8,time_exit,12.0,-0.009492210511321097,-0.010292210511321098,BEAR
2026-02-12 00:00:00,2026-02-12 01:00:00,2026-02-12 13:00:00,DOWN,Moderate,67431.7,68339.9,time_exit,12.0,-0.013468442883688203,-0.014268442883688203,BEAR
2026-02-12 01:00:00,2026-02-12 02:00:00,2026-02-12 14:00:00,DOWN,Moderate,67668.3,67547.5,time_exit,12.0,0.001785178584359337,0.0009851785843593371,BEAR
2026-02-12 02:00:00,2026-02-12 03:00:00,2026-02-12 15:00:00,DOWN,Moderate,67408.3,67107.0,time_exit,12.0,0.004469775977142376,0.0036697759771423762,BEAR
2026-02-12 03:00:00,2026-02-12 04:00:00,2026-02-12 16:00:00,DOWN,Moderate,67550.3,65825.7,time_exit,12.0,0.025530604601311957,0.02473060460131196,BEAR
2026-02-12 04:00:00,2026-02-12 05:00:00,2026-02-12 17:00:00,DOWN,Moderate,66989.8,65383.9,time_exit,12.0,0.023972306231694995,0.023172306231694997,CHOPPY
2026-02-12 08:00:00,2026-02-12 09:00:00,2026-02-12 21:00:00,DOWN,Moderate,67107.4,65821.8,time_exit,12.0,0.019157350754164137,0.01835735075416414,BULL
2026-02-12 09:00:00,2026-02-12 10:00:00,2026-02-12 22:00:00,DOWN,Moderate,67517.7,66262.4,time_exit,12.0,0.01859216175906475,0.017792161759064753,BULL
2026-02-12 10:00:00,2026-02-12 11:00:00,2026-02-12 23:00:00,DOWN,Moderate,67979.4,66243.1,time_exit,12.0,0.025541561119986178,0.02474156111998618,BULL
2026-02-12 15:00:00,2026-02-12 16:00:00,2026-02-13 04:00:00,UP,Moderate,67107.0,66299.9,time_exit,12.0,-0.012027061260375338,-0.012827061260375338,CHOPPY
2026-02-12 17:00:00,2026-02-12 18:00:00,2026-02-13 06:00:00,UP,Moderate,65383.8,66333.7,time_exit,12.0,0.014528063526439094,0.013728063526439094,BEAR
2026-02-12 18:00:00,2026-02-12 19:00:00,2026-02-13 07:00:00,UP,Moderate,65559.4,66183.3,time_exit,12.0,0.009516560554245546,0.008716560554245545,BEAR
2026-02-12 19:00:00,2026-02-12 20:00:00,2026-02-13 08:00:00,UP,Moderate,65760.7,66673.0,time_exit,12.0,0.013873027507310676,0.013073027507310675,BEAR
2026-02-15 04:00:00,2026-02-15 05:00:00,2026-02-15 17:00:00,UP,Moderate,70156.9,68607.8,time_exit,12.0,-0.022080508118232034,-0.022880508118232033,CHOPPY
2026-02-15 07:00:00,2026-02-15 08:00:00,2026-02-15 20:00:00,DOWN,Moderate,70784.0,68420.1,time_exit,12.0,0.03339596518987331,0.03259596518987331,CHOPPY
2026-02-15 08:00:00,2026-02-15 09:00:00,2026-02-15 21:00:00,UP,Strong,70405.1,68809.0,time_exit,12.0,-0.022670232696211046,-0.023470232696211044,CHOPPY
2026-02-15 10:00:00,2026-02-15 11:00:00,2026-02-15 23:00:00,UP,Strong,70389.6,68796.9,time_exit,12.0,-0.022626922158955454,-0.023426922158955452,CHOPPY
2026-02-15 12:00:00,2026-02-15 13:00:00,2026-02-16 01:00:00,DOWN,Strong,69285.0,68590.8,time_exit,12.0,0.01001948473695602,0.009219484736956019,CHOPPY
2026-02-15 14:00:00,2026-02-15 15:00:00,2026-02-16 03:00:00,UP,Moderate,69139.9,68392.6,time_exit,12.0,-0.010808520116459386,-0.011608520116459386,CHOPPY
2026-02-15 15:00:00,2026-02-15 16:00:00,2026-02-16 04:00:00,UP,Moderate,69068.1,68832.4,time_exit,12.0,-0.0034125739668531274,-0.004212573966853128,CHOPPY
2026-02-15 16:00:00,2026-02-15 17:00:00,2026-02-16 05:00:00,UP,Strong,68977.6,68350.1,time_exit,12.0,-0.009097156178237586,-0.009897156178237587,CHOPPY
2026-02-15 17:00:00,2026-02-15 18:00:00,2026-02-16 06:00:00,UP,Strong,68607.8,68414.8,time_exit,12.0,-0.002813091222863884,-0.0036130912228638837,CHOPPY
2026-02-15 18:00:00,2026-02-15 19:00:00,2026-02-16 07:00:00,UP,Strong,68420.0,68552.4,time_exit,12.0,0.0019351066939490291,0.0011351066939490292,CHOPPY
2026-02-15 19:00:00,2026-02-15 20:00:00,2026-02-16 08:00:00,UP,Strong,68263.7,68724.5,time_exit,12.0,0.0067502933477090465,0.005950293347709046,CHOPPY
2026-02-15 20:00:00,2026-02-15 21:00:00,2026-02-16 09:00:00,UP,Strong,68420.1,68961.1,time_exit,12.0,0.00790703316715402,0.00710703316715402,CHOPPY
2026-02-15 21:00:00,2026-02-15 22:00:00,2026-02-16 10:00:00,DOWN,Moderate,68809.0,68762.0,time_exit,12.0,0.0006830501823889001,-0.0001169498176110999,CHOPPY
2026-02-15 22:00:00,2026-02-15 23:00:00,2026-02-16 11:00:00,UP,Strong,68962.2,68769.4,time_exit,12.0,-0.002795734474828282,-0.003595734474828282,CHOPPY
2026-02-15 23:00:00,2026-02-16 00:00:00,2026-02-16 12:00:00,UP,Strong,68796.9,69739.3,time_exit,12.0,0.013698291638140736,0.012898291638140736,CHOPPY
2026-02-16 04:00:00,2026-02-16 05:00:00,2026-02-16 17:00:00,DOWN,Strong,68832.4,67917.2,time_exit,12.0,0.013296064062854107,0.012496064062854107,CHOPPY
2026-02-16 05:00:00,2026-02-16 06:00:00,2026-02-16 18:00:00,UP,Strong,68350.1,67833.0,time_exit,12.0,-0.0075654607674312535,-0.008365460767431254,CHOPPY
2026-02-16 06:00:00,2026-02-16 07:00:00,2026-02-16 19:00:00,UP,Strong,68414.8,67883.6,time_exit,12.0,-0.007764401854569392,-0.008564401854569392,CHOPPY
2026-02-16 07:00:00,2026-02-16 08:00:00,2026-02-16 20:00:00,UP,Strong,68552.5,68508.9,time_exit,12.0,-0.0006360088982897416,-0.0014360088982897415,CHOPPY
2026-02-16 09:00:00,2026-02-16 10:00:00,2026-02-16 22:00:00,DOWN,Moderate,68961.0,68561.1,time_exit,12.0,0.0057989298299038206,0.00499892982990382,CHOPPY
2026-02-16 10:00:00,2026-02-16 11:00:00,2026-02-16 23:00:00,DOWN,Strong,68762.0,68862.5,time_exit,12.0,-0.0014615630726273476,-0.0022615630726273476,CHOPPY
2026-02-16 12:00:00,2026-02-16 13:00:00,2026-02-17 01:00:00,DOWN,Strong,69739.3,68582.6,time_exit,12.0,0.016586056929163262,0.015786056929163263,BEAR
2026-02-16 13:00:00,2026-02-16 14:00:00,2026-02-17 02:00:00,DOWN,Strong,68355.5,68806.3,time_exit,12.0,-0.006594933838535377,-0.007394933838535378,BEAR
2026-02-16 14:00:00,2026-02-16 15:00:00,2026-02-17 03:00:00,DOWN,Strong,68386.6,68443.6,time_exit,12.0,-0.0008334966206831051,-0.001633496620683105,BEAR
2026-02-16 15:00:00,2026-02-16 16:00:00,2026-02-17 04:00:00,UP,Strong,67505.5,68450.1,time_exit,12.0,0.013992933909088956,0.013192933909088956,BEAR
2026-02-16 16:00:00,2026-02-16 17:00:00,2026-02-17 05:00:00,UP,Strong,67854.1,68207.3,time_exit,12.0,0.005205286047563762,0.0044052860475637615,BEAR
2026-02-16 17:00:00,2026-02-16 18:00:00,2026-02-17 06:00:00,UP,Strong,67917.2,68370.8,time_exit,12.0,0.006678720559740503,0.005878720559740503,BEAR
2026-02-16 18:00:00,2026-02-16 19:00:00,2026-02-17 07:00:00,UP,Strong,67833.0,68353.4,time_exit,12.0,0.007671782170919572,0.006871782170919572,BEAR
2026-02-16 19:00:00,2026-02-16 20:00:00,2026-02-17 08:00:00,UP,Strong,67883.5,68140.0,time_exit,12.0,0.0037785323384917913,0.0029785323384917913,CHOPPY
2026-02-16 20:00:00,2026-02-16 21:00:00,2026-02-17 09:00:00,UP,Strong,68508.9,68087.1,time_exit,12.0,-0.006156864290624897,-0.0069568642906248975,CHOPPY
2026-02-16 21:00:00,2026-02-16 22:00:00,2026-02-17 10:00:00,UP,Strong,68835.2,67822.1,time_exit,12.0,-0.014717760680581948,-0.015517760680581949,BEAR
2026-02-16 22:00:00,2026-02-16 23:00:00,2026-02-17 11:00:00,UP,Strong,68561.1,67824.4,time_exit,12.0,-0.010745160156415356,-0.011545160156415357,CHOPPY
2026-02-16 23:00:00,2026-02-17 00:00:00,2026-02-17 12:00:00,UP,Strong,68862.6,67893.2,time_exit,12.0,-0.014077307566080943,-0.014877307566080944,CHOPPY
2026-02-17 00:00:00,2026-02-17 01:00:00,2026-02-17 13:00:00,UP,Moderate,68849.9,68105.3,time_exit,12.0,-0.010814830522629548,-0.011614830522629549,CHOPPY
2026-02-17 01:00:00,2026-02-17 02:00:00,2026-02-17 14:00:00,UP,Strong,68582.7,66846.7,time_exit,12.0,-0.025312505923505535,-0.026112505923505534,BULL
2026-02-17 02:00:00,2026-02-17 03:00:00,2026-02-17 15:00:00,UP,Strong,68806.3,67363.6,time_exit,12.0,-0.020967556749890592,-0.02176755674989059,CHOPPY
2026-02-17 03:00:00,2026-02-17 04:00:00,2026-02-17 16:00:00,UP,Strong,68443.6,67493.1,time_exit,12.0,-0.013887346662069255,-0.014687346662069256,BEAR
2026-02-19 04:00:00,2026-02-19 05:00:00,2026-02-19 17:00:00,DOWN,Moderate,66776.5,66336.1,time_exit,12.0,0.006595134515885004,0.0057951345158850035,CHOPPY
2026-02-19 05:00:00,2026-02-19 06:00:00,2026-02-19 18:00:00,DOWN,Moderate,66847.6,67003.2,time_exit,12.0,-0.0023276826692355534,-0.0031276826692355534,CHOPPY
2026-02-19 06:00:00,2026-02-19 07:00:00,2026-02-19 19:00:00,DOWN,Moderate,67123.8,67022.9,time_exit,12.0,0.001503192608285131,0.000703192608285131,CHOPPY
2026-02-19 10:00:00,2026-02-19 11:00:00,2026-02-19 23:00:00,DOWN,Moderate,66810.0,66974.0,time_exit,12.0,-0.002454722346953986,-0.0032547223469539858,CHOPPY
2026-02-19 12:00:00,2026-02-19 13:00:00,2026-02-20 01:00:00,UP,Moderate,66489.5,67249.2,time_exit,12.0,0.011425864234202443,0.010625864234202443,CHOPPY
2026-02-19 13:00:00,2026-02-19 14:00:00,2026-02-20 02:00:00,UP,Strong,65871.2,67208.1,time_exit,12.0,0.02029566790949633,0.01949566790949633,BEAR
2026-02-19 14:00:00,2026-02-19 15:00:00,2026-02-20 03:00:00,UP,Strong,66382.0,67327.2,time_exit,12.0,0.014238799674610503,0.013438799674610502,CHOPPY
2026-02-19 15:00:00,2026-02-19 16:00:00,2026-02-20 04:00:00,UP,Strong,66362.6,67228.4,time_exit,12.0,0.01304650510980565,0.01224650510980565,CHOPPY
2026-02-19 16:00:00,2026-02-19 17:00:00,2026-02-20 05:00:00,UP,Strong,66267.6,67756.0,time_exit,12.0,0.022460448243183606,0.021660448243183607,CHOPPY
2026-02-19 17:00:00,2026-02-19 18:00:00,2026-02-20 06:00:00,UP,Strong,66336.0,67809.4,time_exit,12.0,0.022211167390255637,0.02141116739025564,CHOPPY
2026-02-19 20:00:00,2026-02-19 21:00:00,2026-02-20 09:00:00,DOWN,Moderate,67118.6,68174.1,time_exit,12.0,-0.015725894163465926,-0.016525894163465924,CHOPPY
2026-02-20 03:00:00,2026-02-20 04:00:00,2026-02-20 16:00:00,DOWN,Moderate,67327.2,67763.2,time_exit,12.0,-0.006475837403010942,-0.007275837403010943,CHOPPY
2026-02-20 04:00:00,2026-02-20 05:00:00,2026-02-20 17:00:00,DOWN,Moderate,67228.5,67582.0,time_exit,12.0,-0.005258186632157491,-0.006058186632157491,CHOPPY
2026-02-20 05:00:00,2026-02-20 06:00:00,2026-02-20 18:00:00,DOWN,Moderate,67756.1,67901.1,time_exit,12.0,-0.0021400287206612134,-0.0029400287206612133,CHOPPY
2026-02-20 07:00:00,2026-02-20 08:00:00,2026-02-20 20:00:00,DOWN,Strong,67794.8,67719.7,time_exit,12.0,0.0011077545770472597,0.0003077545770472596,CHOPPY
2026-02-20 08:00:00,2026-02-20 09:00:00,2026-02-20 21:00:00,DOWN,Strong,67839.8,67792.3,time_exit,12.0,0.0007001789509992751,-9.982104900072496e-05,CHOPPY
2026-02-20 09:00:00,2026-02-20 10:00:00,2026-02-20 22:00:00,DOWN,Moderate,68174.2,68049.8,time_exit,12.0,0.001824737217305028,0.001024737217305028,CHOPPY
2026-02-20 11:00:00,2026-02-20 12:00:00,2026-02-21 00:00:00,UP,Moderate,67290.4,67805.2,time_exit,12.0,0.007650422645726573,0.006850422645726573,CHOPPY
2026-02-20 14:00:00,2026-02-20 15:00:00,2026-02-21 03:00:00,UP,Strong,67043.2,67637.0,time_exit,12.0,0.008856975800677791,0.00805697580067779,CHOPPY
2026-02-20 15:00:00,2026-02-20 16:00:00,2026-02-21 04:00:00,DOWN,Moderate,67547.6,67782.2,time_exit,12.0,-0.003473106372394952,-0.004273106372394952,CHOPPY
2026-02-20 16:00:00,2026-02-20 17:00:00,2026-02-21 05:00:00,UP,Moderate,67763.2,67827.1,time_exit,12.0,0.0009429897053270242,0.00014298970532702416,CHOPPY
2026-02-20 17:00:00,2026-02-20 18:00:00,2026-02-21 06:00:00,UP,Moderate,67581.9,67759.5,time_exit,12.0,0.00262792256506561,0.0018279225650656102,CHOPPY
2026-02-20 18:00:00,2026-02-20 19:00:00,2026-02-21 07:00:00,UP,Moderate,67901.0,67821.0,time_exit,12.0,-0.00117818588827856,-0.00197818588827856,CHOPPY
2026-02-20 19:00:00,2026-02-20 20:00:00,2026-02-21 08:00:00,UP,Moderate,67616.5,68016.9,time_exit,12.0,0.005921631554428153,0.0051216315544281524,CHOPPY
2026-02-20 20:00:00,2026-02-20 21:00:00,2026-02-21 09:00:00,UP,Moderate,67719.4,68115.8,time_exit,12.0,0.0058535663340195665,0.005053566334019566,CHOPPY
2026-02-20 21:00:00,2026-02-20 22:00:00,2026-02-21 10:00:00,UP,Moderate,67792.3,68184.6,time_exit,12.0,0.005786792895358328,0.004986792895358328,CHOPPY
2026-02-20 22:00:00,2026-02-20 23:00:00,2026-02-21 11:00:00,DOWN,Moderate,68049.8,68060.9,time_exit,12.0,-0.00016311583575534527,-0.0009631158357553453,CHOPPY
2026-02-21 07:00:00,2026-02-21 08:00:00,2026-02-21 20:00:00,UP,Moderate,67821.0,68180.9,time_exit,12.0,0.005306615944913773,0.0045066159449137725,CHOPPY
2026-02-21 14:00:00,2026-02-21 15:00:00,2026-02-22 03:00:00,DOWN,Moderate,68416.6,68010.5,time_exit,12.0,0.005935693969007616,0.005135693969007616,CHOPPY
2026-02-21 15:00:00,2026-02-21 16:00:00,2026-02-22 04:00:00,DOWN,Moderate,68571.5,67950.2,time_exit,12.0,0.009060615561858887,0.008260615561858886,CHOPPY
2026-02-21 16:00:00,2026-02-21 17:00:00,2026-02-22 05:00:00,DOWN,Moderate,68292.3,67944.5,time_exit,12.0,0.005092814270422963,0.0042928142704229625,CHOPPY
2026-02-21 17:00:00,2026-02-21 18:00:00,2026-02-22 06:00:00,DOWN,Moderate,68408.8,68006.4,time_exit,12.0,0.005882284150577233,0.005082284150577232,CHOPPY
2026-02-21 18:00:00,2026-02-21 19:00:00,2026-02-22 07:00:00,DOWN,Moderate,68547.3,67973.0,time_exit,12.0,0.008378156397115588,0.007578156397115588,CHOPPY
2026-02-21 19:00:00,2026-02-21 20:00:00,2026-02-22 08:00:00,DOWN,Moderate,68516.3,67909.3,time_exit,12.0,0.00885920576563537,0.00805920576563537,CHOPPY
2026-02-21 20:00:00,2026-02-21 21:00:00,2026-02-22 09:00:00,DOWN,Strong,68180.9,68022.4,time_exit,12.0,0.0023246979725993766,0.0015246979725993767,CHOPPY
2026-02-21 21:00:00,2026-02-21 22:00:00,2026-02-22 10:00:00,DOWN,Moderate,68351.1,68096.6,time_exit,12.0,0.003723422154142342,0.002923422154142342,CHOPPY
2026-02-21 22:00:00,2026-02-21 23:00:00,2026-02-22 11:00:00,DOWN,Moderate,67936.7,68183.4,time_exit,12.0,-0.0036313215095815643,-0.004431321509581565,CHOPPY
2026-02-22 02:00:00,2026-02-22 03:00:00,2026-02-22 15:00:00,DOWN,Moderate,67871.5,67659.9,time_exit,12.0,0.0031176561590653407,0.0023176561590653407,CHOPPY
2026-02-22 04:00:00,2026-02-22 05:00:00,2026-02-22 17:00:00,DOWN,Moderate,67950.2,67365.0,time_exit,12.0,0.008612189515262658,0.007812189515262658,CHOPPY
2026-02-22 05:00:00,2026-02-22 06:00:00,2026-02-22 18:00:00,DOWN,Moderate,67944.5,67392.3,time_exit,12.0,0.0081272214822391,0.007327221482239099,CHOPPY
2026-02-22 08:00:00,2026-02-22 09:00:00,2026-02-22 21:00:00,DOWN,Moderate,67909.3,67576.2,time_exit,12.0,0.00490507191209455,0.004105071912094549,CHOPPY
2026-02-22 09:00:00,2026-02-22 10:00:00,2026-02-22 22:00:00,DOWN,Moderate,68022.4,67631.2,time_exit,12.0,0.0057510467140236,0.0049510467140235995,CHOPPY
2026-02-22 10:00:00,2026-02-22 11:00:00,2026-02-22 23:00:00,DOWN,Moderate,68096.6,67613.5,time_exit,12.0,0.007094333637802874,0.006294333637802874,CHOPPY
2026-02-22 11:00:00,2026-02-22 12:00:00,2026-02-23 00:00:00,DOWN,Moderate,68183.4,66705.8,time_exit,12.0,0.021670963900304097,0.020870963900304098,CHOPPY
2026-02-22 12:00:00,2026-02-22 13:00:00,2026-02-23 01:00:00,DOWN,Moderate,67892.4,64387.2,time_exit,12.0,0.05162875373384945,0.05082875373384945,CHOPPY
2026-02-22 15:00:00,2026-02-22 16:00:00,2026-02-23 04:00:00,UP,Moderate,67660.0,64777.3,time_exit,12.0,-0.042605675436003465,-0.04340567543600347,CHOPPY
2026-02-22 17:00:00,2026-02-22 18:00:00,2026-02-23 06:00:00,UP,Moderate,67364.9,65717.7,time_exit,12.0,-0.024451902993992358,-0.025251902993992357,CHOPPY
2026-02-23 02:00:00,2026-02-23 03:00:00,2026-02-23 15:00:00,UP,Strong,64742.5,65633.1,time_exit,12.0,0.01375603351739585,0.012956033517395849,BEAR
2026-02-23 03:00:00,2026-02-23 04:00:00,2026-02-23 16:00:00,DOWN,Moderate,64894.1,65343.1,time_exit,12.0,-0.006918964898195767,-0.007718964898195768,BEAR
2026-02-27 04:00:00,2026-02-27 05:00:00,2026-02-27 17:00:00,UP,Strong,67709.1,65673.0,time_exit,12.0,-0.030071290269697903,-0.030871290269697902,CHOPPY
2026-02-27 05:00:00,2026-02-27 06:00:00,2026-02-27 18:00:00,UP,Moderate,67685.8,65284.8,time_exit,12.0,-0.03547272840093496,-0.03627272840093496,CHOPPY
2026-02-27 08:00:00,2026-02-27 09:00:00,2026-02-27 21:00:00,DOWN,Moderate,67897.5,65502.3,time_exit,12.0,0.03527670385507564,0.03447670385507564,CHOPPY
2026-02-27 09:00:00,2026-02-27 10:00:00,2026-02-27 22:00:00,UP,Strong,67318.3,65609.0,time_exit,12.0,-0.025391312614846173,-0.026191312614846172,CHOPPY
2026-02-27 10:00:00,2026-02-27 11:00:00,2026-02-27 23:00:00,UP,Strong,66575.2,65836.0,time_exit,12.0,-0.011103233636549303,-0.011903233636549304,BEAR
2026-02-27 11:00:00,2026-02-27 12:00:00,2026-02-28 00:00:00,UP,Strong,66094.0,65906.3,time_exit,12.0,-0.0028398946954337756,-0.0036398946954337755,BEAR
2026-02-27 12:00:00,2026-02-27 13:00:00,2026-02-28 01:00:00,UP,Moderate,65902.5,65747.2,time_exit,12.0,-0.0023565115132203607,-0.0031565115132203606,BEAR
2026-02-27 13:00:00,2026-02-27 14:00:00,2026-02-28 02:00:00,UP,Strong,66240.0,65926.9,time_exit,12.0,-0.004726751207729585,-0.005526751207729585,BEAR
2026-02-27 14:00:00,2026-02-27 15:00:00,2026-02-28 03:00:00,UP,Strong,65855.4,65763.8,time_exit,12.0,-0.0013909261806926976,-0.0021909261806926975,BEAR
2026-02-27 15:00:00,2026-02-27 16:00:00,2026-02-28 04:00:00,UP,Strong,66072.5,65632.0,time_exit,12.0,-0.006666918914828401,-0.007466918914828402,BEAR
2026-02-27 16:00:00,2026-02-27 17:00:00,2026-02-28 05:00:00,UP,Strong,65449.3,65558.6,time_exit,12.0,0.0016699949426504102,0.0008699949426504101,BEAR
2026-02-27 17:00:00,2026-02-27 18:00:00,2026-02-28 06:00:00,UP,Moderate,65672.9,63173.8,time_exit,12.0,-0.038053748197505954,-0.038853748197505956,CHOPPY
2026-02-27 18:00:00,2026-02-27 19:00:00,2026-02-28 07:00:00,UP,Moderate,65284.8,63788.4,time_exit,12.0,-0.02292110874200426,-0.023721108742004258,CHOPPY
2026-02-27 19:00:00,2026-02-27 20:00:00,2026-02-28 08:00:00,UP,Moderate,65365.4,63439.7,time_exit,12.0,-0.02946054028583933,-0.03026054028583933,CHOPPY
2026-02-27 20:00:00,2026-02-27 21:00:00,2026-02-28 09:00:00,UP,Moderate,65564.3,63621.4,time_exit,12.0,-0.029633504818933454,-0.030433504818933452,CHOPPY
2026-02-27 22:00:00,2026-02-27 23:00:00,2026-02-28 11:00:00,UP,Moderate,65609.0,63810.4,time_exit,12.0,-0.02741392187047509,-0.028213921870475087,BEAR
2026-02-28 00:00:00,2026-02-28 01:00:00,2026-02-28 13:00:00,DOWN,Moderate,65906.3,65069.5,time_exit,12.0,0.012696813506447802,0.011896813506447801,BEAR
2026-02-28 01:00:00,2026-02-28 02:00:00,2026-02-28 14:00:00,DOWN,Moderate,65747.3,64402.4,time_exit,12.0,0.02045559285324261,0.01965559285324261,BEAR
2026-02-28 02:00:00,2026-02-28 03:00:00,2026-02-28 15:00:00,DOWN,Strong,65927.0,64800.0,time_exit,12.0,0.017094665311632617,0.01629466531163262,CHOPPY
2026-02-28 05:00:00,2026-02-28 06:00:00,2026-02-28 18:00:00,UP,Moderate,65558.6,65873.0,time_exit,12.0,0.004795709487389832,0.003995709487389832,BEAR
2026-02-28 06:00:00,2026-02-28 07:00:00,2026-02-28 19:00:00,UP,Moderate,63173.8,66318.1,time_exit,12.0,0.04977221569701373,0.04897221569701373,BEAR
2026-02-28 07:00:00,2026-02-28 08:00:00,2026-02-28 20:00:00,UP,Strong,63787.4,66918.6,time_exit,12.0,0.049088064413975285,0.04828806441397528,BEAR
2026-02-28 08:00:00,2026-02-28 09:00:00,2026-02-28 21:00:00,UP,Strong,63439.6,66684.8,time_exit,12.0,0.05115416868958822,0.05035416868958822,BEAR
2026-02-28 09:00:00,2026-02-28 10:00:00,2026-02-28 22:00:00,UP,Strong,63621.3,67081.4,time_exit,12.0,0.0543858739132963,0.0535858739132963,BEAR
2026-02-28 10:00:00,2026-02-28 11:00:00,2026-02-28 23:00:00,UP,Strong,63964.5,66937.1,time_exit,12.0,0.04647265279959978,0.045672652799599776,BEAR
2026-02-28 11:00:00,2026-02-28 12:00:00,2026-03-01 00:00:00,UP,Strong,63810.4,66755.6,time_exit,12.0,0.04615548562616767,0.04535548562616767,BEAR
2026-02-28 12:00:00,2026-02-28 13:00:00,2026-03-01 01:00:00,UP,Strong,63979.9,67311.6,time_exit,12.0,0.052074167043087094,0.05127416704308709,BEAR
2026-02-28 13:00:00,2026-02-28 14:00:00,2026-03-01 02:00:00,UP,Strong,65069.5,67588.3,time_exit,12.0,0.03870937997064683,0.03790937997064683,BEAR
2026-02-28 14:00:00,2026-02-28 15:00:00,2026-03-01 03:00:00,UP,Strong,64402.5,67474.7,time_exit,12.0,0.047703117115018845,0.04690311711501884,BEAR
2026-02-28 15:00:00,2026-02-28 16:00:00,2026-03-01 04:00:00,UP,Strong,64800.1,67313.0,time_exit,12.0,0.03877926114311547,0.03797926114311547,BEAR
2026-02-28 16:00:00,2026-02-28 17:00:00,2026-03-01 05:00:00,UP,Strong,65053.7,67264.2,time_exit,12.0,0.03397961991400944,0.03317961991400944,CHOPPY
2026-02-28 17:00:00,2026-02-28 18:00:00,2026-03-01 06:00:00,UP,Strong,65395.3,66890.1,time_exit,12.0,0.022857911807117715,0.022057911807117716,BULL
2026-02-28 18:00:00,2026-02-28 19:00:00,2026-03-01 07:00:00,UP,Strong,65872.9,67113.9,time_exit,12.0,0.018839310247461327,0.01803931024746133,BULL
2026-02-28 19:00:00,2026-02-28 20:00:00,2026-03-01 08:00:00,UP,Strong,66318.1,66535.0,time_exit,12.0,0.003270600333845408,0.0024706003338454082,BULL
2026-02-28 21:00:00,2026-02-28 22:00:00,2026-03-01 10:00:00,UP,Moderate,66684.8,66430.0,time_exit,12.0,-0.003820960698689979,-0.0046209606986899795,BULL
2026-02-28 22:00:00,2026-02-28 23:00:00,2026-03-01 11:00:00,UP,Moderate,67081.4,66439.0,time_exit,12.0,-0.009576425059703464,-0.010376425059703464,BULL
2026-02-28 23:00:00,2026-03-01 00:00:00,2026-03-01 12:00:00,UP,Moderate,66937.0,66270.6,time_exit,12.0,-0.00995562992067156,-0.01075562992067156,BULL
2026-03-01 00:00:00,2026-03-01 01:00:00,2026-03-01 13:00:00,UP,Moderate,66755.5,66907.1,time_exit,12.0,0.0022709739272419593,0.0014709739272419594,BULL
2026-03-01 01:00:00,2026-03-01 02:00:00,2026-03-01 14:00:00,UP,Moderate,67311.7,66817.5,time_exit,12.0,-0.0073419628385554825,-0.008141962838555483,BULL
2026-03-01 03:00:00,2026-03-01 04:00:00,2026-03-01 16:00:00,DOWN,Strong,67474.8,66112.2,time_exit,12.0,0.020194205836845835,0.019394205836845837,BULL
2026-03-05 04:00:00,2026-03-05 05:00:00,2026-03-05 17:00:00,DOWN,Strong,72784.1,70668.5,time_exit,12.0,0.029066787938574534,0.028266787938574536,BULL
2026-03-05 05:00:00,2026-03-05 06:00:00,2026-03-05 18:00:00,DOWN,Strong,72375.0,70962.8,time_exit,12.0,0.019512262521588886,0.018712262521588887,BULL
2026-03-05 06:00:00,2026-03-05 07:00:00,2026-03-05 19:00:00,DOWN,Strong,72520.3,70875.5,time_exit,12.0,0.022680545998844504,0.021880545998844505,BULL
2026-03-05 07:00:00,2026-03-05 08:00:00,2026-03-05 20:00:00,DOWN,Moderate,72025.4,71206.2,time_exit,12.0,0.011373765366106903,0.010573765366106902,BULL
2026-03-05 08:00:00,2026-03-05 09:00:00,2026-03-05 21:00:00,DOWN,Moderate,72307.6,71099.7,time_exit,12.0,0.01670502132555929,0.01590502132555929,BULL
2026-03-05 10:00:00,2026-03-05 11:00:00,2026-03-05 23:00:00,DOWN,Moderate,73346.9,70854.8,time_exit,12.0,0.03397689609240462,0.033176896092404616,BULL
2026-03-05 20:00:00,2026-03-05 21:00:00,2026-03-06 09:00:00,DOWN,Moderate,71205.8,70521.4,time_exit,12.0,0.009611576585053627,0.008811576585053627,BEAR
2026-03-05 22:00:00,2026-03-05 23:00:00,2026-03-06 11:00:00,DOWN,Moderate,71170.9,70185.6,time_exit,12.0,0.013844141355525807,0.013044141355525807,BEAR
2026-03-06 03:00:00,2026-03-06 04:00:00,2026-03-06 16:00:00,DOWN,Moderate,71045.4,68410.2,time_exit,12.0,0.0370917751184453,0.0362917751184453,BEAR
2026-03-06 08:00:00,2026-03-06 09:00:00,2026-03-06 21:00:00,DOWN,Moderate,70750.2,68258.3,time_exit,12.0,0.03522110184847527,0.034421101848475265,BEAR
2026-03-06 10:00:00,2026-03-06 11:00:00,2026-03-06 23:00:00,DOWN,Moderate,70506.8,68083.0,time_exit,12.0,0.034376826065003696,0.033576826065003694,CHOPPY
2026-03-06 11:00:00,2026-03-06 12:00:00,2026-03-07 00:00:00,DOWN,Moderate,70185.6,68243.2,time_exit,12.0,0.02767519263210705,0.02687519263210705,CHOPPY
2026-03-06 12:00:00,2026-03-06 13:00:00,2026-03-07 01:00:00,DOWN,Strong,69895.2,68222.2,time_exit,12.0,0.023935835364946367,0.02313583536494637,CHOPPY
2026-03-07 00:00:00,2026-03-07 01:00:00,2026-03-07 13:00:00,DOWN,Moderate,68243.1,67891.3,time_exit,12.0,0.005155099929516682,0.004355099929516682,CHOPPY
2026-03-07 01:00:00,2026-03-07 02:00:00,2026-03-07 14:00:00,DOWN,Moderate,68222.2,67980.1,time_exit,12.0,0.00354869822433157,0.00274869822433157,CHOPPY
2026-03-07 02:00:00,2026-03-07 03:00:00,2026-03-07 15:00:00,DOWN,Moderate,68320.0,67844.8,time_exit,12.0,0.006955503512880545,0.006155503512880545,CHOPPY
2026-03-07 03:00:00,2026-03-07 04:00:00,2026-03-07 16:00:00,DOWN,Moderate,68063.3,67757.5,time_exit,12.0,0.004492876484096464,0.003692876484096464,CHOPPY
2026-03-07 04:00:00,2026-03-07 05:00:00,2026-03-07 17:00:00,DOWN,Strong,68028.0,67749.7,time_exit,12.0,0.004090962544834542,0.003290962544834542,CHOPPY
2026-03-07 05:00:00,2026-03-07 06:00:00,2026-03-07 18:00:00,DOWN,Moderate,67990.0,67530.8,time_exit,12.0,0.0067539344021179115,0.005953934402117911,CHOPPY
2026-03-07 06:00:00,2026-03-07 07:00:00,2026-03-07 19:00:00,DOWN,Strong,67665.9,67042.6,time_exit,12.0,0.009211434415266617,0.008411434415266617,CHOPPY
2026-03-07 07:00:00,2026-03-07 08:00:00,2026-03-07 20:00:00,DOWN,Strong,67809.5,67354.4,time_exit,12.0,0.006711448985761703,0.005911448985761703,CHOPPY
2026-03-07 08:00:00,2026-03-07 09:00:00,2026-03-07 21:00:00,DOWN,Strong,67767.6,67416.4,time_exit,12.0,0.0051824175564726405,0.00438241755647264,CHOPPY
2026-03-07 09:00:00,2026-03-07 10:00:00,2026-03-07 22:00:00,DOWN,Moderate,67970.5,67220.0,time_exit,12.0,0.01104155479215252,0.010241554792152519,CHOPPY
2026-03-07 10:00:00,2026-03-07 11:00:00,2026-03-07 23:00:00,DOWN,Strong,67851.7,67232.1,time_exit,12.0,0.00913167982526586,0.008331679825265859,CHOPPY
2026-03-07 11:00:00,2026-03-07 12:00:00,2026-03-08 00:00:00,DOWN,Strong,67976.0,67161.0,time_exit,12.0,0.01198952571495826,0.01118952571495826,CHOPPY
2026-03-07 12:00:00,2026-03-07 13:00:00,2026-03-08 01:00:00,DOWN,Moderate,67954.6,67266.3,time_exit,12.0,0.010128821301280566,0.009328821301280566,CHOPPY
2026-03-07 13:00:00,2026-03-07 14:00:00,2026-03-08 02:00:00,DOWN,Strong,67891.2,66894.8,time_exit,12.0,0.01467642345399689,0.01387642345399689,CHOPPY
2026-03-07 14:00:00,2026-03-07 15:00:00,2026-03-08 03:00:00,DOWN,Strong,67980.1,66974.9,time_exit,12.0,0.014786680219652681,0.013986680219652681,CHOPPY
2026-03-07 15:00:00,2026-03-07 16:00:00,2026-03-08 04:00:00,DOWN,Strong,67844.8,66602.7,time_exit,12.0,0.01830796170082316,0.017507961700823162,CHOPPY
2026-03-07 16:00:00,2026-03-07 17:00:00,2026-03-08 05:00:00,DOWN,Strong,67757.6,67115.4,time_exit,12.0,0.009477903585723424,0.008677903585723424,CHOPPY
2026-03-07 17:00:00,2026-03-07 18:00:00,2026-03-08 06:00:00,DOWN,Strong,67749.7,67134.3,time_exit,12.0,0.009083435055800892,0.008283435055800892,CHOPPY
2026-03-07 18:00:00,2026-03-07 19:00:00,2026-03-08 07:00:00,DOWN,Strong,67530.8,67277.2,time_exit,12.0,0.003755323496834162,0.002955323496834162,CHOPPY
2026-03-07 19:00:00,2026-03-07 20:00:00,2026-03-08 08:00:00,DOWN,Moderate,67042.6,67490.9,time_exit,12.0,-0.00668679317329568,-0.00748679317329568,CHOPPY
2026-03-07 20:00:00,2026-03-07 21:00:00,2026-03-08 09:00:00,DOWN,Moderate,67354.4,67662.9,time_exit,12.0,-0.004580250139560205,-0.005380250139560205,CHOPPY
2026-03-07 21:00:00,2026-03-07 22:00:00,2026-03-08 10:00:00,DOWN,Moderate,67416.3,67869.1,time_exit,12.0,-0.006716476579106345,-0.007516476579106346,CHOPPY
2026-03-07 22:00:00,2026-03-07 23:00:00,2026-03-08 11:00:00,DOWN,Moderate,67220.0,67490.0,time_exit,12.0,-0.004016661707824998,-0.004816661707824998,CHOPPY
2026-03-08 00:00:00,2026-03-08 01:00:00,2026-03-08 13:00:00,DOWN,Moderate,67161.0,67196.9,time_exit,12.0,-0.0005345364125011187,-0.0013345364125011186,CHOPPY
2026-03-08 01:00:00,2026-03-08 02:00:00,2026-03-08 14:00:00,DOWN,Moderate,67266.2,67304.1,time_exit,12.0,-0.0005634330466119941,-0.001363433046611994,CHOPPY
2026-03-08 02:00:00,2026-03-08 03:00:00,2026-03-08 15:00:00,DOWN,Strong,66894.9,67174.7,time_exit,12.0,-0.004182680592989874,-0.004982680592989874,CHOPPY
2026-03-08 03:00:00,2026-03-08 04:00:00,2026-03-08 16:00:00,DOWN,Strong,66974.9,66829.9,time_exit,12.0,0.0021649901679584582,0.0013649901679584583,CHOPPY
2026-03-08 05:00:00,2026-03-08 06:00:00,2026-03-08 18:00:00,DOWN,Moderate,67115.3,66777.5,time_exit,12.0,0.0050331295546619526,0.004233129554661952,CHOPPY
2026-03-08 06:00:00,2026-03-08 07:00:00,2026-03-08 19:00:00,DOWN,Moderate,67134.4,67299.0,time_exit,12.0,-0.002451798183941589,-0.003251798183941589,CHOPPY
2026-03-08 07:00:00,2026-03-08 08:00:00,2026-03-08 20:00:00,DOWN,Moderate,67277.1,67195.7,time_exit,12.0,0.001209921355111998,0.000409921355111998,CHOPPY
2026-03-08 08:00:00,2026-03-08 09:00:00,2026-03-08 21:00:00,DOWN,Moderate,67491.0,66977.1,time_exit,12.0,0.0076143485798105814,0.006814348579810581,CHOPPY
2026-03-08 09:00:00,2026-03-08 10:00:00,2026-03-08 22:00:00,DOWN,Moderate,67663.0,66198.4,time_exit,12.0,0.021645507884663795,0.020845507884663796,CHOPPY
2026-03-08 10:00:00,2026-03-08 11:00:00,2026-03-08 23:00:00,DOWN,Moderate,67869.0,65934.3,time_exit,12.0,0.02850638730495514,0.02770638730495514,CHOPPY
2026-03-08 14:00:00,2026-03-08 15:00:00,2026-03-09 03:00:00,DOWN,Moderate,67304.1,67165.3,time_exit,12.0,0.0020622814954810442,0.0012622814954810443,CHOPPY
2026-03-08 15:00:00,2026-03-08 16:00:00,2026-03-09 04:00:00,DOWN,Strong,67174.6,67100.3,time_exit,12.0,0.001106072831099869,0.00030607283109986905,CHOPPY
2026-03-08 16:00:00,2026-03-08 17:00:00,2026-03-09 05:00:00,DOWN,Strong,66830.0,67869.6,time_exit,12.0,-0.01555588807421815,-0.016355888074218148,CHOPPY
2026-03-08 17:00:00,2026-03-08 18:00:00,2026-03-09 06:00:00,DOWN,Moderate,67017.1,67229.8,time_exit,12.0,-0.003173816831823384,-0.003973816831823384,CHOPPY
2026-03-08 18:00:00,2026-03-08 19:00:00,2026-03-09 07:00:00,DOWN,Strong,66777.6,67504.8,time_exit,12.0,-0.01088987924094309,-0.01168987924094309,CHOPPY
2026-03-08 19:00:00,2026-03-08 20:00:00,2026-03-09 08:00:00,DOWN,Strong,67299.0,67772.4,time_exit,12.0,-0.007034279855569814,-0.007834279855569814,CHOPPY
2026-03-08 20:00:00,2026-03-08 21:00:00,2026-03-09 09:00:00,DOWN,Moderate,67195.6,67946.5,time_exit,12.0,-0.011174838828732714,-0.011974838828732714,CHOPPY
2026-03-08 21:00:00,2026-03-08 22:00:00,2026-03-09 10:00:00,DOWN,Moderate,66977.1,67571.2,time_exit,12.0,-0.008870195932639602,-0.009670195932639602,CHOPPY
2026-03-09 02:00:00,2026-03-09 03:00:00,2026-03-09 15:00:00,DOWN,Moderate,66500.1,68832.3,time_exit,12.0,-0.03507062395394889,-0.03587062395394889,CHOPPY
2026-03-15 23:00:00,2026-03-16 00:00:00,2026-03-16 12:00:00,UP,Moderate,72778.8,73830.0,time_exit,12.0,0.014443766591369922,0.013643766591369922,CHOPPY
2026-03-17 04:00:00,2026-03-17 05:00:00,2026-03-17 17:00:00,UP,Moderate,74203.3,74480.1,time_exit,12.0,0.0037302923185358328,0.002930292318535833,CHOPPY
2026-03-17 05:00:00,2026-03-17 06:00:00,2026-03-17 18:00:00,UP,Moderate,73996.0,74637.0,time_exit,12.0,0.00866263041245463,0.00786263041245463,CHOPPY
2026-03-17 06:00:00,2026-03-17 07:00:00,2026-03-17 19:00:00,DOWN,Moderate,74045.0,74460.8,time_exit,12.0,-0.0056155040853536065,-0.006415504085353607,CHOPPY
2026-03-17 07:00:00,2026-03-17 08:00:00,2026-03-17 20:00:00,DOWN,Strong,74212.8,74469.9,time_exit,12.0,-0.003464361942953076,-0.004264361942953076,CHOPPY
2026-03-17 08:00:00,2026-03-17 09:00:00,2026-03-17 21:00:00,DOWN,Moderate,74150.1,74650.3,time_exit,12.0,-0.006745776472317555,-0.007545776472317555,CHOPPY
2026-03-17 09:00:00,2026-03-17 10:00:00,2026-03-17 22:00:00,DOWN,Strong,73890.0,74265.8,time_exit,12.0,-0.005085938557314984,-0.005885938557314984,CHOPPY
2026-03-17 11:00:00,2026-03-17 12:00:00,2026-03-18 00:00:00,DOWN,Strong,73997.1,73821.3,time_exit,12.0,0.002375768780127907,0.0015757687801279071,CHOPPY
2026-03-17 12:00:00,2026-03-17 13:00:00,2026-03-18 01:00:00,DOWN,Moderate,73711.0,74035.2,time_exit,12.0,-0.0043982580618904255,-0.005198258061890426,CHOPPY
2026-03-17 13:00:00,2026-03-17 14:00:00,2026-03-18 02:00:00,DOWN,Strong,73580.7,74300.0,time_exit,12.0,-0.009775661280743586,-0.010575661280743586,CHOPPY
2026-03-17 14:00:00,2026-03-17 15:00:00,2026-03-18 03:00:00,DOWN,Strong,74340.2,74414.6,time_exit,12.0,-0.001000804409996281,-0.0018008044099962809,CHOPPY
2026-03-17 15:00:00,2026-03-17 16:00:00,2026-03-18 04:00:00,DOWN,Strong,73878.5,74139.6,time_exit,12.0,-0.00353418112170667,-0.00433418112170667,CHOPPY
2026-03-17 16:00:00,2026-03-17 17:00:00,2026-03-18 05:00:00,DOWN,Strong,74120.0,73911.2,time_exit,12.0,0.0028170534268753267,0.0020170534268753267,CHOPPY
2026-03-17 17:00:00,2026-03-17 18:00:00,2026-03-18 06:00:00,DOWN,Strong,74480.1,73910.0,time_exit,12.0,0.007654393589697217,0.006854393589697217,CHOPPY
2026-03-17 18:00:00,2026-03-17 19:00:00,2026-03-18 07:00:00,DOWN,Strong,74637.1,73840.0,time_exit,12.0,0.010679675389317134,0.009879675389317133,CHOPPY
2026-03-17 19:00:00,2026-03-17 20:00:00,2026-03-18 08:00:00,DOWN,Strong,74460.8,74005.8,time_exit,12.0,0.006110597791052497,0.005310597791052496,CHOPPY
2026-03-17 20:00:00,2026-03-17 21:00:00,2026-03-18 09:00:00,DOWN,Strong,74470.0,74136.0,time_exit,12.0,0.0044850275278636165,0.0036850275278636165,CHOPPY
2026-03-17 21:00:00,2026-03-17 22:00:00,2026-03-18 10:00:00,DOWN,Strong,74650.2,73895.0,time_exit,12.0,0.01011651676753711,0.009316516767537109,CHOPPY
2026-03-17 22:00:00,2026-03-17 23:00:00,2026-03-18 11:00:00,DOWN,Strong,74265.8,72906.4,time_exit,12.0,0.018304522404660184,0.017504522404660185,CHOPPY
2026-03-18 00:00:00,2026-03-18 01:00:00,2026-03-18 13:00:00,DOWN,Moderate,73821.3,72104.4,time_exit,12.0,0.02325751510742846,0.022457515107428463,CHOPPY
2026-03-18 01:00:00,2026-03-18 02:00:00,2026-03-18 14:00:00,DOWN,Strong,74035.2,71160.3,time_exit,12.0,0.038831528786307024,0.03803152878630702,CHOPPY
2026-03-18 02:00:00,2026-03-18 03:00:00,2026-03-18 15:00:00,DOWN,Strong,74299.9,71436.4,time_exit,12.0,0.038539755773560946,0.037739755773560944,CHOPPY
2026-03-18 03:00:00,2026-03-18 04:00:00,2026-03-18 16:00:00,DOWN,Strong,74414.7,71289.5,time_exit,12.0,0.041997078534214305,0.0411970785342143,CHOPPY
2026-03-18 06:00:00,2026-03-18 07:00:00,2026-03-18 19:00:00,DOWN,Moderate,73910.1,71030.3,time_exit,12.0,0.038963551666145846,0.038163551666145844,CHOPPY
2026-03-18 07:00:00,2026-03-18 08:00:00,2026-03-18 20:00:00,DOWN,Moderate,73840.1,71172.3,time_exit,12.0,0.036129420193092954,0.03532942019309295,CHOPPY
2026-03-18 08:00:00,2026-03-18 09:00:00,2026-03-18 21:00:00,DOWN,Strong,74005.9,71219.7,time_exit,12.0,0.037648349658608304,0.0368483496586083,CHOPPY
2026-03-18 09:00:00,2026-03-18 10:00:00,2026-03-18 22:00:00,DOWN,Strong,74136.0,71118.0,time_exit,12.0,0.0407089673033344,0.039908967303334396,CHOPPY
2026-03-18 10:00:00,2026-03-18 11:00:00,2026-03-18 23:00:00,DOWN,Strong,73895.0,71202.9,time_exit,12.0,0.036431422965018,0.035631422965018,CHOPPY
2026-03-18 11:00:00,2026-03-18 12:00:00,2026-03-19 00:00:00,DOWN,Strong,72906.4,70970.1,time_exit,12.0,0.02655871089506534,0.025758710895065342,CHOPPY
2026-03-18 12:00:00,2026-03-18 13:00:00,2026-03-19 01:00:00,DOWN,Strong,72325.1,71078.5,time_exit,12.0,0.017236063275405167,0.016436063275405168,CHOPPY
2026-03-18 13:00:00,2026-03-18 14:00:00,2026-03-19 02:00:00,DOWN,Strong,72104.5,71020.6,time_exit,12.0,0.015032348882524582,0.014232348882524582,CHOPPY
2026-03-18 15:00:00,2026-03-18 16:00:00,2026-03-19 04:00:00,UP,Moderate,71436.3,70790.7,time_exit,12.0,-0.009037422150923402,-0.009837422150923402,CHOPPY
2026-03-18 16:00:00,2026-03-18 17:00:00,2026-03-19 05:00:00,UP,Moderate,71289.5,70792.8,time_exit,12.0,-0.0069673654605516555,-0.007767365460551656,CHOPPY
2026-03-18 18:00:00,2026-03-18 19:00:00,2026-03-19 07:00:00,UP,Moderate,71066.5,70145.1,time_exit,12.0,-0.012965321213229797,-0.013765321213229797,CHOPPY
2026-03-18 19:00:00,2026-03-18 20:00:00,2026-03-19 08:00:00,UP,Moderate,71030.3,69957.4,time_exit,12.0,-0.015104821463516438,-0.015904821463516437,CHOPPY
2026-03-18 20:00:00,2026-03-18 21:00:00,2026-03-19 09:00:00,UP,Moderate,71172.3,70463.0,time_exit,12.0,-0.009965955856421682,-0.010765955856421682,CHOPPY
2026-03-18 23:00:00,2026-03-19 00:00:00,2026-03-19 12:00:00,DOWN,Moderate,71202.9,69264.6,time_exit,12.0,0.02722220583712165,0.02642220583712165,CHOPPY
2026-03-19 00:00:00,2026-03-19 01:00:00,2026-03-19 13:00:00,DOWN,Moderate,70970.0,69866.3,time_exit,12.0,0.015551641538678274,0.014751641538678273,CHOPPY
2026-03-19 02:00:00,2026-03-19 03:00:00,2026-03-19 15:00:00,DOWN,Moderate,71020.7,69372.7,time_exit,12.0,0.023204502349315037,0.02240450234931504,CHOPPY
2026-03-19 03:00:00,2026-03-19 04:00:00,2026-03-19 16:00:00,DOWN,Strong,71180.0,69426.3,time_exit,12.0,0.024637538634447842,0.023837538634447843,CHOPPY
2026-03-19 08:00:00,2026-03-19 09:00:00,2026-03-19 21:00:00,UP,Moderate,69957.4,70376.1,time_exit,12.0,0.005985070914585222,0.005185070914585222,BEAR
2026-03-19 16:00:00,2026-03-19 17:00:00,2026-03-20 05:00:00,UP,Moderate,69426.3,70570.2,time_exit,12.0,0.01647646497076738,0.01567646497076738,CHOPPY
2026-03-19 17:00:00,2026-03-19 18:00:00,2026-03-20 06:00:00,UP,Moderate,69820.0,70462.0,time_exit,12.0,0.009195073044972801,0.008395073044972801,CHOPPY
2026-03-19 19:00:00,2026-03-19 20:00:00,2026-03-20 08:00:00,UP,Moderate,70233.0,71000.4,time_exit,12.0,0.01092648754858816,0.01012648754858816,CHOPPY
2026-03-19 22:00:00,2026-03-19 23:00:00,2026-03-20 11:00:00,UP,Moderate,70156.9,70439.9,time_exit,12.0,0.004033815633244897,0.003233815633244897,CHOPPY
2026-03-19 23:00:00,2026-03-20 00:00:00,2026-03-20 12:00:00,UP,Moderate,69887.4,70304.6,time_exit,12.0,0.005969602532073237,0.005169602532073237,CHOPPY
2026-03-20 00:00:00,2026-03-20 01:00:00,2026-03-20 13:00:00,UP,Moderate,70159.9,69831.1,time_exit,12.0,-0.0046864376944663055,-0.005486437694466306,CHOPPY
2026-03-20 01:00:00,2026-03-20 02:00:00,2026-03-20 14:00:00,UP,Moderate,70370.8,69706.0,time_exit,12.0,-0.009447100217704008,-0.010247100217704008,CHOPPY
2026-03-20 08:00:00,2026-03-20 09:00:00,2026-03-20 21:00:00,UP,Moderate,71000.4,70498.3,time_exit,12.0,-0.0070717911448384685,-0.007871791144838469,CHOPPY
2026-03-20 09:00:00,2026-03-20 10:00:00,2026-03-20 22:00:00,UP,Moderate,70545.0,70739.2,time_exit,12.0,0.002752852788999949,0.0019528527889999489,CHOPPY
2026-03-20 10:00:00,2026-03-20 11:00:00,2026-03-20 23:00:00,UP,Moderate,70580.9,70472.7,time_exit,12.0,-0.0015329926368181646,-0.0023329926368181645,CHOPPY
2026-03-20 11:00:00,2026-03-20 12:00:00,2026-03-21 00:00:00,UP,Moderate,70440.0,70643.9,time_exit,12.0,0.0028946621237933012,0.0020946621237933013,CHOPPY
2026-03-20 12:00:00,2026-03-20 13:00:00,2026-03-21 01:00:00,UP,Moderate,70304.7,70430.3,time_exit,12.0,0.0017865092945421601,0.0009865092945421602,CHOPPY
2026-03-20 13:00:00,2026-03-20 14:00:00,2026-03-21 02:00:00,UP,Moderate,69831.0,70703.7,time_exit,12.0,0.012497314946084082,0.011697314946084081,CHOPPY
2026-03-20 15:00:00,2026-03-20 16:00:00,2026-03-21 04:00:00,UP,Moderate,69829.5,70602.7,time_exit,12.0,0.011072684180754466,0.010272684180754466,CHOPPY
2026-03-20 16:00:00,2026-03-20 17:00:00,2026-03-21 05:00:00,UP,Moderate,69792.1,70673.9,time_exit,12.0,0.012634667820569767,0.011834667820569767,CHOPPY
2026-03-20 17:00:00,2026-03-20 18:00:00,2026-03-21 06:00:00,UP,Strong,69970.9,70739.2,time_exit,12.0,0.010980278944532795,0.010180278944532795,CHOPPY
2026-03-20 18:00:00,2026-03-20 19:00:00,2026-03-21 07:00:00,UP,Moderate,69733.6,70687.3,time_exit,12.0,0.01367633393371337,0.012876333933713369,CHOPPY
2026-03-20 21:00:00,2026-03-20 22:00:00,2026-03-21 10:00:00,DOWN,Moderate,70498.3,70576.0,time_exit,12.0,-0.001102154236343189,-0.001902154236343189,CHOPPY
2026-03-21 02:00:00,2026-03-21 03:00:00,2026-03-21 15:00:00,UP,Moderate,70703.7,70599.1,time_exit,12.0,-0.0014794133828921474,-0.0022794133828921473,CHOPPY
2026-03-22 08:00:00,2026-03-22 09:00:00,2026-03-22 21:00:00,UP,Strong,68756.6,67864.4,time_exit,12.0,-0.012976208829407088,-0.013776208829407088,CHOPPY
2026-03-22 11:00:00,2026-03-22 12:00:00,2026-03-23 00:00:00,UP,Strong,68177.0,67642.5,time_exit,12.0,-0.007839887352039554,-0.008639887352039554,CHOPPY
2026-03-22 12:00:00,2026-03-22 13:00:00,2026-03-23 01:00:00,UP,Moderate,68614.4,67875.6,time_exit,12.0,-0.010767419084040553,-0.011567419084040553,CHOPPY
2026-03-22 22:00:00,2026-03-22 23:00:00,2026-03-23 11:00:00,UP,Moderate,68301.5,70097.3,time_exit,12.0,0.026292248340080482,0.025492248340080483,CHOPPY
2026-03-22 23:00:00,2026-03-23 00:00:00,2026-03-23 12:00:00,UP,Moderate,67830.7,70710.0,time_exit,12.0,0.04244833091800615,0.04164833091800615,CHOPPY
2026-03-23 00:00:00,2026-03-23 01:00:00,2026-03-23 13:00:00,UP,Strong,67642.5,71450.0,time_exit,12.0,0.05628857596925019,0.055488575969250185,CHOPPY
2026-03-23 04:00:00,2026-03-23 05:00:00,2026-03-23 17:00:00,UP,Moderate,68504.4,71052.7,time_exit,12.0,0.03719907042467341,0.036399070424673406,CHOPPY
2026-03-23 06:00:00,2026-03-23 07:00:00,2026-03-23 19:00:00,UP,Strong,67845.2,70647.1,time_exit,12.0,0.04129842641778647,0.04049842641778647,BEAR
2026-03-23 07:00:00,2026-03-23 08:00:00,2026-03-23 20:00:00,UP,Strong,68305.9,70876.6,time_exit,12.0,0.037635109119417365,0.03683510911941736,BEAR
2026-03-23 08:00:00,2026-03-23 09:00:00,2026-03-23 21:00:00,UP,Moderate,68400.2,70813.7,time_exit,12.0,0.035284984546828824,0.03448498454682882,BEAR
2026-03-23 09:00:00,2026-03-23 10:00:00,2026-03-23 22:00:00,UP,Moderate,68304.9,70745.1,time_exit,12.0,0.035725109033173386,0.034925109033173383,CHOPPY
2026-03-23 10:00:00,2026-03-23 11:00:00,2026-03-23 23:00:00,UP,Strong,68512.2,70865.9,time_exit,12.0,0.03435446533610076,0.03355446533610076,BULL
2026-03-23 11:00:00,2026-03-23 12:00:00,2026-03-24 00:00:00,DOWN,Moderate,70097.2,70650.0,time_exit,12.0,-0.00788619231581289,-0.00868619231581289,BULL
2026-03-23 12:00:00,2026-03-23 13:00:00,2026-03-24 01:00:00,UP,Moderate,70710.0,70479.9,time_exit,12.0,-0.003254136614340375,-0.004054136614340375,BULL
2026-03-23 13:00:00,2026-03-23 14:00:00,2026-03-24 02:00:00,UP,Strong,71449.9,70416.0,time_exit,12.0,-0.01447027917463839,-0.01527027917463839,BULL
2026-03-23 14:00:00,2026-03-23 15:00:00,2026-03-24 03:00:00,UP,Strong,71409.8,70512.1,time_exit,12.0,-0.012571103686048635,-0.013371103686048635,BULL
2026-03-23 15:00:00,2026-03-23 16:00:00,2026-03-24 04:00:00,UP,Moderate,70112.2,70339.9,time_exit,12.0,0.003247651621258507,0.0024476516212585072,BULL
2026-03-23 16:00:00,2026-03-23 17:00:00,2026-03-24 05:00:00,UP,Moderate,70539.6,70249.6,time_exit,12.0,-0.0041111659266568346,-0.004911165926656835,BULL
2026-03-23 17:00:00,2026-03-23 18:00:00,2026-03-24 06:00:00,UP,Moderate,71052.6,70507.8,time_exit,12.0,-0.0076675589633595775,-0.008467558963359578,BULL
2026-03-23 18:00:00,2026-03-23 19:00:00,2026-03-24 07:00:00,DOWN,Moderate,71040.5,71255.2,time_exit,12.0,-0.0030222197197373735,-0.0038222197197373734,BULL
2026-03-23 23:00:00,2026-03-24 00:00:00,2026-03-24 12:00:00,DOWN,Strong,70866.0,70924.4,time_exit,12.0,-0.0008240905370697771,-0.001624090537069777,BULL
2026-03-24 00:00:00,2026-03-24 01:00:00,2026-03-24 13:00:00,DOWN,Moderate,70650.1,70067.0,time_exit,12.0,0.008253349959872702,0.007453349959872702,BULL
2026-03-24 02:00:00,2026-03-24 03:00:00,2026-03-24 15:00:00,DOWN,Strong,70416.0,69837.7,time_exit,12.0,0.00821262213133378,0.00741262213133378,BULL
2026-03-24 03:00:00,2026-03-24 04:00:00,2026-03-24 16:00:00,DOWN,Strong,70512.1,69448.3,time_exit,12.0,0.015086772341201038,0.014286772341201038,BULL
2026-03-24 04:00:00,2026-03-24 05:00:00,2026-03-24 17:00:00,DOWN,Moderate,70340.0,69205.0,time_exit,12.0,0.016135911288029603,0.015335911288029603,BULL
2026-03-24 08:00:00,2026-03-24 09:00:00,2026-03-24 21:00:00,DOWN,Strong,70933.8,70296.2,time_exit,12.0,0.008988662668572789,0.008188662668572788,BULL
2026-03-24 09:00:00,2026-03-24 10:00:00,2026-03-24 22:00:00,DOWN,Moderate,71288.5,70277.9,time_exit,12.0,0.014176199527273114,0.013376199527273114,BULL
2026-03-24 11:00:00,2026-03-24 12:00:00,2026-03-25 00:00:00,DOWN,Moderate,71116.4,70804.3,time_exit,12.0,0.004388579849373575,0.003588579849373575,CHOPPY
2026-03-24 13:00:00,2026-03-24 14:00:00,2026-03-25 02:00:00,UP,Moderate,70067.0,70500.0,time_exit,12.0,0.006179799334922187,0.0053797993349221866,BEAR
2026-03-24 15:00:00,2026-03-24 16:00:00,2026-03-25 04:00:00,UP,Moderate,69837.6,70938.1,time_exit,12.0,0.015757987101504112,0.014957987101504111,CHOPPY
2026-03-24 16:00:00,2026-03-24 17:00:00,2026-03-25 05:00:00,UP,Strong,69448.4,71080.1,time_exit,12.0,0.023495141716727952,0.022695141716727953,CHOPPY
2026-03-24 17:00:00,2026-03-24 18:00:00,2026-03-25 06:00:00,UP,Strong,69205.0,70962.8,time_exit,12.0,0.025399898851239167,0.024599898851239168,CHOPPY
2026-03-24 18:00:00,2026-03-24 19:00:00,2026-03-25 07:00:00,UP,Strong,69399.5,70900.0,time_exit,12.0,0.021621193236262437,0.02082119323626244,CHOPPY
2026-03-24 19:00:00,2026-03-24 20:00:00,2026-03-25 08:00:00,UP,Strong,69342.6,71209.1,time_exit,12.0,0.02691707550625444,0.02611707550625444,CHOPPY
2026-03-24 20:00:00,2026-03-24 21:00:00,2026-03-25 09:00:00,UP,Strong,70066.6,71301.5,time_exit,12.0,0.017624659966374745,0.016824659966374746,CHOPPY
2026-03-24 21:00:00,2026-03-24 22:00:00,2026-03-25 10:00:00,DOWN,Moderate,70296.2,71462.7,time_exit,12.0,-0.016594069096195874,-0.017394069096195872,CHOPPY
2026-03-24 23:00:00,2026-03-25 00:00:00,2026-03-25 12:00:00,UP,Strong,70524.0,71685.4,time_exit,12.0,0.016468152685610526,0.015668152685610528,CHOPPY
2026-03-28 01:00:00,2026-03-28 02:00:00,2026-03-28 14:00:00,UP,Moderate,66137.2,66716.2,time_exit,12.0,0.008754528465069633,0.007954528465069633,CHOPPY
2026-03-28 02:00:00,2026-03-28 03:00:00,2026-03-28 15:00:00,UP,Moderate,66020.0,66982.3,time_exit,12.0,0.014575886095122836,0.013775886095122836,CHOPPY
2026-03-28 03:00:00,2026-03-28 04:00:00,2026-03-28 16:00:00,UP,Moderate,66191.8,66894.3,time_exit,12.0,0.010613097090576229,0.009813097090576229,CHOPPY
2026-03-28 04:00:00,2026-03-28 05:00:00,2026-03-28 17:00:00,UP,Moderate,66243.6,66808.6,time_exit,12.0,0.00852912583253329,0.0077291258325332905,CHOPPY
2026-03-29 04:00:00,2026-03-29 05:00:00,2026-03-29 17:00:00,UP,Moderate,66701.9,66356.6,time_exit,12.0,-0.005176764080183416,-0.005976764080183416,CHOPPY
2026-03-29 05:00:00,2026-03-29 06:00:00,2026-03-29 18:00:00,UP,Strong,66741.3,66397.2,time_exit,12.0,-0.005155728162322348,-0.005955728162322349,CHOPPY
2026-03-29 06:00:00,2026-03-29 07:00:00,2026-03-29 19:00:00,UP,Moderate,66704.4,66320.2,time_exit,12.0,-0.005759739987167167,-0.006559739987167168,CHOPPY
2026-03-29 07:00:00,2026-03-29 08:00:00,2026-03-29 20:00:00,UP,Moderate,66632.4,66578.6,time_exit,12.0,-0.0008074150113156486,-0.0016074150113156486,CHOPPY
2026-03-29 11:00:00,2026-03-29 12:00:00,2026-03-30 00:00:00,UP,Moderate,66780.8,66251.2,time_exit,12.0,-0.007930423115626084,-0.008730423115626084,CHOPPY
2026-03-29 12:00:00,2026-03-29 13:00:00,2026-03-30 01:00:00,UP,Moderate,66818.7,66624.1,time_exit,12.0,-0.0029123583667445274,-0.0037123583667445273,CHOPPY
2026-03-29 22:00:00,2026-03-29 23:00:00,2026-03-30 11:00:00,UP,Strong,65820.2,67651.5,time_exit,12.0,0.027822765655528325,0.027022765655528327,CHOPPY
2026-03-29 23:00:00,2026-03-30 00:00:00,2026-03-30 12:00:00,UP,Strong,65978.0,67859.3,time_exit,12.0,0.02851405013792485,0.027714050137924853,CHOPPY
2026-03-30 00:00:00,2026-03-30 01:00:00,2026-03-30 13:00:00,UP,Strong,66251.2,67490.9,time_exit,12.0,0.01871211389378602,0.01791211389378602,CHOPPY
2026-03-30 01:00:00,2026-03-30 02:00:00,2026-03-30 14:00:00,UP,Strong,66624.2,67762.7,time_exit,12.0,0.01708838530143697,0.01628838530143697,CHOPPY
2026-03-30 02:00:00,2026-03-30 03:00:00,2026-03-30 15:00:00,UP,Strong,67087.1,67590.2,time_exit,12.0,0.007499206255747959,0.0066992062557479585,CHOPPY
2026-03-30 03:00:00,2026-03-30 04:00:00,2026-03-30 16:00:00,UP,Strong,67140.0,67333.0,time_exit,12.0,0.002874590408102451,0.002074590408102451,CHOPPY
2026-03-30 04:00:00,2026-03-30 05:00:00,2026-03-30 17:00:00,UP,Strong,67579.2,66805.2,time_exit,12.0,-0.011453228212230937,-0.012253228212230937,CHOPPY
2026-03-30 05:00:00,2026-03-30 06:00:00,2026-03-30 18:00:00,UP,Moderate,67459.0,66620.6,time_exit,12.0,-0.012428289776011958,-0.013228289776011959,CHOPPY
2026-03-30 06:00:00,2026-03-30 07:00:00,2026-03-30 19:00:00,UP,Moderate,67273.5,66516.0,time_exit,12.0,-0.011260005797230743,-0.012060005797230744,CHOPPY
2026-03-30 07:00:00,2026-03-30 08:00:00,2026-03-30 20:00:00,UP,Moderate,67595.9,66614.9,time_exit,12.0,-0.014512714528543857,-0.015312714528543858,CHOPPY
2026-03-30 08:00:00,2026-03-30 09:00:00,2026-03-30 21:00:00,UP,Strong,67633.9,66770.6,time_exit,12.0,-0.012764309022546216,-0.013564309022546217,CHOPPY
2026-03-30 09:00:00,2026-03-30 10:00:00,2026-03-30 22:00:00,UP,Strong,67466.2,66746.5,time_exit,12.0,-0.010667563906074373,-0.011467563906074374,CHOPPY
2026-03-30 10:00:00,2026-03-30 11:00:00,2026-03-30 23:00:00,UP,Moderate,67463.1,66764.4,time_exit,12.0,-0.010356772813582715,-0.011156772813582716,CHOPPY
2026-03-30 11:00:00,2026-03-30 12:00:00,2026-03-31 00:00:00,UP,Strong,67651.5,67172.5,time_exit,12.0,-0.007080404721255262,-0.007880404721255263,CHOPPY
2026-03-30 12:00:00,2026-03-30 13:00:00,2026-03-31 01:00:00,UP,Strong,67859.4,67896.2,time_exit,12.0,0.0005422977509379479,-0.0002577022490620522,CHOPPY
2026-03-30 13:00:00,2026-03-30 14:00:00,2026-03-31 02:00:00,UP,Moderate,67490.8,67911.8,time_exit,12.0,0.006237887237964257,0.0054378872379642566,CHOPPY
2026-03-30 14:00:00,2026-03-30 15:00:00,2026-03-31 03:00:00,UP,Strong,67762.8,67670.8,time_exit,12.0,-0.0013576770735566068,-0.0021576770735566068,CHOPPY
2026-03-30 15:00:00,2026-03-30 16:00:00,2026-03-31 04:00:00,UP,Strong,67590.2,67510.1,time_exit,12.0,-0.0011850830445833127,-0.0019850830445833126,CHOPPY
2026-03-30 16:00:00,2026-03-30 17:00:00,2026-03-31 05:00:00,UP,Strong,67332.9,67648.9,time_exit,12.0,0.004693099510046261,0.0038930995100462614,CHOPPY
2026-03-30 17:00:00,2026-03-30 18:00:00,2026-03-31 06:00:00,UP,Strong,66805.1,67465.4,time_exit,12.0,0.009883975923993704,0.009083975923993704,CHOPPY
2026-03-30 18:00:00,2026-03-30 19:00:00,2026-03-31 07:00:00,UP,Strong,66620.6,67343.8,time_exit,12.0,0.01085550115129541,0.01005550115129541,CHOPPY
2026-03-30 19:00:00,2026-03-30 20:00:00,2026-03-31 08:00:00,UP,Moderate,66515.9,66745.1,time_exit,12.0,0.0034457926601010325,0.0026457926601010325,CHOPPY
2026-03-30 20:00:00,2026-03-30 21:00:00,2026-03-31 09:00:00,UP,Strong,66614.9,66099.3,time_exit,12.0,-0.007740010117856411,-0.008540010117856411,CHOPPY
2026-03-30 21:00:00,2026-03-30 22:00:00,2026-03-31 10:00:00,UP,Strong,66770.6,66329.4,time_exit,12.0,-0.006607698597886125,-0.007407698597886125,CHOPPY
2026-03-30 23:00:00,2026-03-31 00:00:00,2026-03-31 12:00:00,UP,Moderate,66764.4,66623.8,time_exit,12.0,-0.0021059127319348336,-0.0029059127319348336,CHOPPY
2026-03-31 02:00:00,2026-03-31 03:00:00,2026-03-31 15:00:00,DOWN,Moderate,67911.8,66700.0,time_exit,12.0,0.017843732606115603,0.017043732606115605,CHOPPY
2026-03-31 03:00:00,2026-03-31 04:00:00,2026-03-31 16:00:00,DOWN,Moderate,67670.8,67632.6,time_exit,12.0,0.0005644975380814099,-0.00023550246191859014,CHOPPY
2026-03-31 04:00:00,2026-03-31 05:00:00,2026-03-31 17:00:00,DOWN,Moderate,67510.1,67493.9,time_exit,12.0,0.00023996409426163545,-0.0005600359057383646,CHOPPY
2026-03-31 05:00:00,2026-03-31 06:00:00,2026-03-31 18:00:00,DOWN,Moderate,67649.0,67814.6,time_exit,12.0,-0.0024479297550592527,-0.0032479297550592526,CHOPPY
2026-03-31 06:00:00,2026-03-31 07:00:00,2026-03-31 19:00:00,DOWN,Strong,67465.4,67803.0,time_exit,12.0,-0.005004046518660044,-0.005804046518660044,CHOPPY
2026-03-31 07:00:00,2026-03-31 08:00:00,2026-03-31 20:00:00,UP,Moderate,67343.9,68227.2,time_exit,12.0,0.013116258488148125,0.012316258488148124,CHOPPY
2026-03-31 08:00:00,2026-03-31 09:00:00,2026-03-31 21:00:00,UP,Moderate,66745.1,68234.6,time_exit,12.0,0.022316244937830687,0.02151624493783069,CHOPPY
2026-03-31 09:00:00,2026-03-31 10:00:00,2026-03-31 22:00:00,UP,Strong,66099.3,68141.6,time_exit,12.0,0.03089745277181466,0.03009745277181466,CHOPPY
2026-03-31 10:00:00,2026-03-31 11:00:00,2026-03-31 23:00:00,UP,Strong,66329.4,68241.5,time_exit,12.0,0.028827337500414663,0.028027337500414664,BEAR
2026-03-31 11:00:00,2026-03-31 12:00:00,2026-04-01 00:00:00,UP,Strong,66652.4,68288.0,time_exit,12.0,0.024539251399799733,0.023739251399799734,CHOPPY
2026-03-31 12:00:00,2026-03-31 13:00:00,2026-04-01 01:00:00,UP,Strong,66623.8,67746.4,time_exit,12.0,0.01684983444354704,0.016049834443547042,CHOPPY
2026-03-31 13:00:00,2026-03-31 14:00:00,2026-04-01 02:00:00,DOWN,Moderate,67255.6,67623.8,time_exit,12.0,-0.005474637056245069,-0.006274637056245069,BEAR
2026-03-31 14:00:00,2026-03-31 15:00:00,2026-04-01 03:00:00,UP,Strong,66556.0,68134.0,time_exit,12.0,0.02370935753350567,0.022909357533505672,BEAR
2026-03-31 15:00:00,2026-03-31 16:00:00,2026-04-01 04:00:00,UP,Strong,66700.0,68272.3,time_exit,12.0,0.023572713643178478,0.02277271364317848,CHOPPY
2026-03-31 16:00:00,2026-03-31 17:00:00,2026-04-01 05:00:00,UP,Strong,67632.6,68418.2,time_exit,12.0,0.01161570012094737,0.01081570012094737,BULL
2026-03-31 17:00:00,2026-03-31 18:00:00,2026-04-01 06:00:00,UP,Strong,67493.8,69069.1,time_exit,12.0,0.023339921592798296,0.022539921592798298,BULL
2026-03-31 18:00:00,2026-03-31 19:00:00,2026-04-01 07:00:00,UP,Strong,67814.5,68651.9,time_exit,12.0,0.012348391568174799,0.011548391568174799,BULL
2026-03-31 19:00:00,2026-03-31 20:00:00,2026-04-01 08:00:00,UP,Strong,67803.0,68630.8,time_exit,12.0,0.012208899311239918,0.011408899311239918,BULL
2026-03-31 20:00:00,2026-03-31 21:00:00,2026-04-01 09:00:00,UP,Strong,68227.3,68608.4,time_exit,12.0,0.005585740605300149,0.004785740605300149,BULL
2026-03-31 21:00:00,2026-03-31 22:00:00,2026-04-01 10:00:00,DOWN,Strong,68234.7,68545.1,time_exit,12.0,-0.004549005124958594,-0.005349005124958594,BULL
2026-03-31 22:00:00,2026-03-31 23:00:00,2026-04-01 11:00:00,DOWN,Moderate,68141.7,68669.9,time_exit,12.0,-0.007751494312586926,-0.008551494312586927,BULL
2026-03-31 23:00:00,2026-04-01 00:00:00,2026-04-01 12:00:00,DOWN,Moderate,68241.4,68363.8,time_exit,12.0,-0.0017936326042549133,-0.0025936326042549133,BULL
2026-04-01 00:00:00,2026-04-01 01:00:00,2026-04-01 13:00:00,UP,Moderate,68288.0,68091.4,time_exit,12.0,-0.002878983130271906,-0.003678983130271906,CHOPPY
2026-04-01 01:00:00,2026-04-01 02:00:00,2026-04-01 14:00:00,UP,Moderate,67746.4,68559.1,time_exit,12.0,0.011996209392676427,0.011196209392676426,CHOPPY
2026-04-01 02:00:00,2026-04-01 03:00:00,2026-04-01 15:00:00,UP,Moderate,67623.9,68877.0,time_exit,12.0,0.018530430809225784,0.017730430809225785,BULL
2026-04-01 04:00:00,2026-04-01 05:00:00,2026-04-01 17:00:00,UP,Strong,68272.3,68239.7,time_exit,12.0,-0.00047749965945198536,-0.0012774996594519853,BULL
2026-04-01 05:00:00,2026-04-01 06:00:00,2026-04-01 18:00:00,UP,Moderate,68418.3,68054.2,time_exit,12.0,-0.005321675633566003,-0.0061216756335660035,BULL
2026-04-01 06:00:00,2026-04-01 07:00:00,2026-04-01 19:00:00,DOWN,Strong,69069.1,68143.8,time_exit,12.0,0.013396728783204082,0.012596728783204081,BULL
2026-04-01 07:00:00,2026-04-01 08:00:00,2026-04-01 20:00:00,UP,Moderate,68651.9,68159.8,time_exit,12.0,-0.0071680463322936205,-0.007968046332293621,BULL
2026-04-01 08:00:00,2026-04-01 09:00:00,2026-04-01 21:00:00,DOWN,Strong,68630.9,68324.7,time_exit,12.0,0.004461547203956195,0.0036615472039561955,BULL
2026-04-01 09:00:00,2026-04-01 10:00:00,2026-04-01 22:00:00,DOWN,Strong,68608.4,68088.4,time_exit,12.0,0.007579246856070143,0.006779246856070143,BULL
2026-04-01 10:00:00,2026-04-01 11:00:00,2026-04-01 23:00:00,DOWN,Moderate,68545.2,68086.5,time_exit,12.0,0.00669193466500928,0.00589193466500928,BULL
2026-04-01 11:00:00,2026-04-01 12:00:00,2026-04-02 00:00:00,DOWN,Strong,68670.0,68565.1,time_exit,12.0,0.0015275957477791646,0.0007275957477791646,BULL
2026-04-01 12:00:00,2026-04-01 13:00:00,2026-04-02 01:00:00,DOWN,Strong,68364.1,67316.4,time_exit,12.0,0.015325295001323958,0.014525295001323957,BULL
2026-04-01 13:00:00,2026-04-01 14:00:00,2026-04-02 02:00:00,DOWN,Moderate,68091.4,66821.6,time_exit,12.0,0.018648463682638172,0.017848463682638174,BULL
2026-04-01 14:00:00,2026-04-01 15:00:00,2026-04-02 03:00:00,DOWN,Strong,68559.2,66538.4,time_exit,12.0,0.029475256420728457,0.02867525642072846,BULL
2026-04-01 15:00:00,2026-04-01 16:00:00,2026-04-02 04:00:00,DOWN,Strong,68876.9,66300.2,time_exit,12.0,0.03741022026252627,0.03661022026252627,CHOPPY
2026-04-01 16:00:00,2026-04-01 17:00:00,2026-04-02 05:00:00,DOWN,Moderate,68781.1,66558.2,time_exit,12.0,0.03231847120793374,0.03151847120793374,CHOPPY
2026-04-01 17:00:00,2026-04-01 18:00:00,2026-04-02 06:00:00,DOWN,Moderate,68239.7,66652.9,time_exit,12.0,0.023253326142993025,0.022453326142993026,CHOPPY
2026-04-01 18:00:00,2026-04-01 19:00:00,2026-04-02 07:00:00,DOWN,Moderate,68054.2,66887.9,time_exit,12.0,0.01713781074496512,0.016337810744965122,CHOPPY
2026-04-01 19:00:00,2026-04-01 20:00:00,2026-04-02 08:00:00,DOWN,Moderate,68143.7,66418.2,time_exit,12.0,0.025321489734194014,0.024521489734194015,CHOPPY
2026-04-01 20:00:00,2026-04-01 21:00:00,2026-04-02 09:00:00,DOWN,Moderate,68159.7,66428.6,time_exit,12.0,0.02539770568238986,0.02459770568238986,CHOPPY
2026-04-01 21:00:00,2026-04-01 22:00:00,2026-04-02 10:00:00,DOWN,Moderate,68324.8,66424.0,time_exit,12.0,0.027820059480598625,0.027020059480598626,CHOPPY
2026-04-01 22:00:00,2026-04-01 23:00:00,2026-04-02 11:00:00,DOWN,Strong,68088.5,66180.6,time_exit,12.0,0.028020884584033956,0.027220884584033957,CHOPPY
2026-04-01 23:00:00,2026-04-02 00:00:00,2026-04-02 12:00:00,DOWN,Strong,68086.4,66014.2,time_exit,12.0,0.030434859237674416,0.029634859237674418,CHOPPY
2026-04-02 00:00:00,2026-04-02 01:00:00,2026-04-02 13:00:00,DOWN,Strong,68565.2,66227.3,time_exit,12.0,0.03409747218705694,0.03329747218705694,BEAR
2026-04-02 01:00:00,2026-04-02 02:00:00,2026-04-02 14:00:00,DOWN,Moderate,67316.4,66822.4,time_exit,12.0,0.0073384791818932316,0.006538479181893231,BEAR
2026-04-02 03:00:00,2026-04-02 04:00:00,2026-04-02 16:00:00,UP,Strong,66538.4,67050.1,time_exit,12.0,0.007690296129753804,0.006890296129753804,BEAR
2026-04-02 04:00:00,2026-04-02 05:00:00,2026-04-02 17:00:00,UP,Moderate,66300.2,66641.4,time_exit,12.0,0.005146289151465533,0.0043462891514655325,BEAR
2026-04-02 05:00:00,2026-04-02 06:00:00,2026-04-02 18:00:00,UP,Moderate,66558.2,66941.6,time_exit,12.0,0.005760372125448221,0.004960372125448221,BEAR
2026-04-02 06:00:00,2026-04-02 07:00:00,2026-04-02 19:00:00,UP,Moderate,66653.0,66943.2,time_exit,12.0,0.004353892547972249,0.003553892547972249,BEAR
2026-04-02 08:00:00,2026-04-02 09:00:00,2026-04-02 21:00:00,UP,Moderate,66418.1,66910.7,time_exit,12.0,0.007416652990675621,0.00661665299067562,BEAR
2026-04-02 09:00:00,2026-04-02 10:00:00,2026-04-02 22:00:00,UP,Moderate,66428.7,66954.0,time_exit,12.0,0.007907726630206557,0.007107726630206557,BEAR
2026-04-02 13:00:00,2026-04-02 14:00:00,2026-04-03 02:00:00,UP,Moderate,66227.3,66504.6,time_exit,12.0,0.004187095049926537,0.003387095049926537,BEAR
2026-04-02 14:00:00,2026-04-02 15:00:00,2026-04-03 03:00:00,UP,Moderate,66822.3,66550.0,time_exit,12.0,-0.004074986942981695,-0.004874986942981696,BEAR
2026-04-02 16:00:00,2026-04-02 17:00:00,2026-04-03 05:00:00,UP,Moderate,67050.0,66574.9,time_exit,12.0,-0.007085756897837525,-0.007885756897837526,BEAR
2026-04-02 17:00:00,2026-04-02 18:00:00,2026-04-03 06:00:00,UP,Moderate,66641.4,66762.0,time_exit,12.0,0.0018096858709450991,0.0010096858709450992,BEAR
2026-04-04 04:00:00,2026-04-04 05:00:00,2026-04-04 17:00:00,DOWN,Moderate,66833.5,67302.3,time_exit,12.0,-0.0070144463480141805,-0.007814446348014181,CHOPPY
2026-04-04 06:00:00,2026-04-04 07:00:00,2026-04-04 19:00:00,DOWN,Moderate,66981.5,67262.7,time_exit,12.0,-0.004198174122705511,-0.004998174122705512,CHOPPY
2026-04-04 15:00:00,2026-04-04 16:00:00,2026-04-05 04:00:00,DOWN,Moderate,67357.4,67066.2,time_exit,12.0,0.004323207249685934,0.0035232072496859342,CHOPPY
2026-04-04 18:00:00,2026-04-04 19:00:00,2026-04-05 07:00:00,DOWN,Moderate,67265.6,66787.4,time_exit,12.0,0.007109131562046733,0.006309131562046733,CHOPPY
2026-04-04 19:00:00,2026-04-04 20:00:00,2026-04-05 08:00:00,DOWN,Moderate,67262.8,66892.5,time_exit,12.0,0.005505271859036487,0.0047052718590364865,CHOPPY
2026-04-04 23:00:00,2026-04-05 00:00:00,2026-04-05 12:00:00,DOWN,Moderate,67271.1,66751.4,time_exit,12.0,0.007725457142814807,0.006925457142814806,CHOPPY
2026-04-05 01:00:00,2026-04-05 02:00:00,2026-04-05 14:00:00,DOWN,Moderate,67060.6,66892.5,time_exit,12.0,0.0025066879807219555,0.0017066879807219556,CHOPPY
2026-04-05 03:00:00,2026-04-05 04:00:00,2026-04-05 16:00:00,DOWN,Moderate,67113.4,67178.8,time_exit,12.0,-0.0009744700760208058,-0.0017744700760208057,CHOPPY
2026-04-05 22:00:00,2026-04-05 23:00:00,2026-04-06 11:00:00,UP,Moderate,68313.0,69583.6,time_exit,12.0,0.018599680880652336,0.017799680880652338,CHOPPY
2026-04-06 04:00:00,2026-04-06 05:00:00,2026-04-06 17:00:00,DOWN,Moderate,69107.6,69540.6,time_exit,12.0,-0.006265591628127787,-0.007065591628127787,CHOPPY
2026-04-06 05:00:00,2026-04-06 06:00:00,2026-04-06 18:00:00,DOWN,Strong,69167.0,69852.9,time_exit,12.0,-0.009916578715283286,-0.010716578715283287,CHOPPY
2026-04-06 06:00:00,2026-04-06 07:00:00,2026-04-06 19:00:00,DOWN,Moderate,68958.8,69704.8,time_exit,12.0,-0.010818053678428363,-0.011618053678428364,CHOPPY
2026-04-06 08:00:00,2026-04-06 09:00:00,2026-04-06 21:00:00,DOWN,Moderate,69191.7,69476.5,time_exit,12.0,-0.004116100630566999,-0.004916100630566999,CHOPPY
2026-04-06 09:00:00,2026-04-06 10:00:00,2026-04-06 22:00:00,DOWN,Strong,69699.4,68777.1,time_exit,12.0,0.01323253858713258,0.01243253858713258,CHOPPY
2026-04-06 10:00:00,2026-04-06 11:00:00,2026-04-06 23:00:00,DOWN,Strong,69739.2,68817.9,time_exit,12.0,0.013210647670176878,0.012410647670176878,CHOPPY
2026-04-06 11:00:00,2026-04-06 12:00:00,2026-04-07 00:00:00,DOWN,Moderate,69583.5,68738.7,time_exit,12.0,0.01214080924357075,0.011340809243570749,CHOPPY
2026-04-06 12:00:00,2026-04-06 13:00:00,2026-04-07 01:00:00,DOWN,Moderate,69337.4,68363.9,time_exit,12.0,0.014040041882158794,0.013240041882158793,CHOPPY
2026-04-06 17:00:00,2026-04-06 18:00:00,2026-04-07 06:00:00,UP,Moderate,69540.6,68540.0,time_exit,12.0,-0.014388716807160251,-0.015188716807160252,CHOPPY
2026-04-06 18:00:00,2026-04-06 19:00:00,2026-04-07 07:00:00,DOWN,Strong,69852.8,68592.1,time_exit,12.0,0.018047952265335065,0.017247952265335067,CHOPPY
2026-04-06 19:00:00,2026-04-06 20:00:00,2026-04-07 08:00:00,DOWN,Moderate,69704.8,68907.1,time_exit,12.0,0.011443975163833775,0.010643975163833775,CHOPPY
2026-04-06 20:00:00,2026-04-06 21:00:00,2026-04-07 09:00:00,DOWN,Moderate,69779.5,69109.8,time_exit,12.0,0.0095973745870922,0.0087973745870922,CHOPPY
2026-04-06 21:00:00,2026-04-06 22:00:00,2026-04-07 10:00:00,DOWN,Moderate,69476.5,68196.0,time_exit,12.0,0.0184306923923917,0.017630692392391702,CHOPPY
2026-04-06 22:00:00,2026-04-06 23:00:00,2026-04-07 11:00:00,UP,Moderate,68777.0,68310.8,time_exit,12.0,-0.006778428835221062,-0.007578428835221062,CHOPPY
2026-04-06 23:00:00,2026-04-07 00:00:00,2026-04-07 12:00:00,UP,Moderate,68817.9,68367.0,time_exit,12.0,-0.006552074387622953,-0.007352074387622953,CHOPPY
2026-04-07 00:00:00,2026-04-07 01:00:00,2026-04-07 13:00:00,UP,Moderate,68738.6,68208.1,time_exit,12.0,-0.0077176433619537965,-0.008517643361953797,CHOPPY
2026-04-07 01:00:00,2026-04-07 02:00:00,2026-04-07 14:00:00,UP,Strong,68363.9,67831.0,time_exit,12.0,-0.0077950497265368845,-0.008595049726536885,CHOPPY
2026-04-07 02:00:00,2026-04-07 03:00:00,2026-04-07 15:00:00,UP,Moderate,68640.3,68138.4,time_exit,12.0,-0.007312030978885664,-0.008112030978885664,CHOPPY
2026-04-07 06:00:00,2026-04-07 07:00:00,2026-04-07 19:00:00,DOWN,Moderate,68539.9,68975.9,time_exit,12.0,-0.006361258186837082,-0.0071612581868370825,CHOPPY
2026-04-07 07:00:00,2026-04-07 08:00:00,2026-04-07 20:00:00,DOWN,Strong,68592.0,69285.2,time_exit,12.0,-0.010106134826218804,-0.010906134826218805,CHOPPY
2026-04-07 08:00:00,2026-04-07 09:00:00,2026-04-07 21:00:00,DOWN,Strong,68907.1,69886.7,time_exit,12.0,-0.014216241867673896,-0.015016241867673896,CHOPPY
2026-04-07 09:00:00,2026-04-07 10:00:00,2026-04-07 22:00:00,DOWN,Strong,69109.9,71479.9,time_exit,12.0,-0.03429320545970982,-0.03509320545970982,CHOPPY
2026-04-07 10:00:00,2026-04-07 11:00:00,2026-04-07 23:00:00,DOWN,Moderate,68196.1,71890.2,time_exit,12.0,-0.05416878677812931,-0.05496878677812931,CHOPPY
2026-04-07 11:00:00,2026-04-07 12:00:00,2026-04-08 00:00:00,DOWN,Moderate,68310.7,71681.9,time_exit,12.0,-0.04935098015391426,-0.05015098015391426,CHOPPY
2026-04-07 12:00:00,2026-04-07 13:00:00,2026-04-08 01:00:00,DOWN,Moderate,68366.9,71446.5,time_exit,12.0,-0.04504518999691376,-0.04584518999691376,CHOPPY
2026-04-07 16:00:00,2026-04-07 17:00:00,2026-04-08 05:00:00,UP,Strong,68207.2,71701.6,time_exit,12.0,0.05123212798648846,0.05043212798648846,CHOPPY
2026-04-07 17:00:00,2026-04-07 18:00:00,2026-04-08 06:00:00,UP,Strong,68670.1,71697.5,time_exit,12.0,0.044086145207302696,0.043286145207302694,CHOPPY
2026-04-07 18:00:00,2026-04-07 19:00:00,2026-04-08 07:00:00,UP,Strong,68413.7,71612.0,time_exit,12.0,0.046749408378731205,0.0459494083787312,BEAR
2026-04-07 21:00:00,2026-04-07 22:00:00,2026-04-08 10:00:00,UP,Moderate,69886.7,71445.7,time_exit,12.0,0.022307534910075866,0.021507534910075867,BULL
2026-04-07 22:00:00,2026-04-07 23:00:00,2026-04-08 11:00:00,UP,Moderate,71479.9,71650.2,time_exit,12.0,0.002382487944163403,0.0015824879441634029,BULL
2026-04-07 23:00:00,2026-04-08 00:00:00,2026-04-08 12:00:00,UP,Strong,71890.2,72023.6,time_exit,12.0,0.001855607579336338,0.001055607579336338,BULL
2026-04-08 01:00:00,2026-04-08 02:00:00,2026-04-08 14:00:00,UP,Moderate,71446.5,70888.0,time_exit,12.0,-0.007817037923481207,-0.008617037923481207,BULL
2026-04-08 02:00:00,2026-04-08 03:00:00,2026-04-08 15:00:00,UP,Moderate,71329.9,71274.8,time_exit,12.0,-0.0007724670860325134,-0.0015724670860325133,BULL
2026-04-08 03:00:00,2026-04-08 04:00:00,2026-04-08 16:00:00,UP,Strong,71259.7,71560.9,time_exit,12.0,0.004226792983972771,0.0034267929839727714,BULL
2026-04-12 13:00:00,2026-04-12 14:00:00,2026-04-13 02:00:00,UP,Moderate,70861.4,71047.0,time_exit,12.0,0.0026191974756355485,0.0018191974756355486,BEAR
2026-04-13 15:00:00,2026-04-13 16:00:00,2026-04-14 04:00:00,UP,Moderate,71823.6,74355.5,time_exit,12.0,0.03525164430632821,0.03445164430632821,CHOPPY
2026-04-13 16:00:00,2026-04-13 17:00:00,2026-04-14 05:00:00,UP,Moderate,72157.4,74184.5,time_exit,12.0,0.028092752787655995,0.027292752787655996,CHOPPY
2026-04-13 17:00:00,2026-04-13 18:00:00,2026-04-14 06:00:00,UP,Moderate,72100.9,74485.0,time_exit,12.0,0.03306616144874752,0.03226616144874752,CHOPPY
2026-04-13 18:00:00,2026-04-13 19:00:00,2026-04-14 07:00:00,UP,Moderate,72380.1,74513.4,time_exit,12.0,0.02947357077428725,0.02867357077428725,CHOPPY
2026-04-13 20:00:00,2026-04-13 21:00:00,2026-04-14 09:00:00,UP,Moderate,73098.8,74471.9,time_exit,12.0,0.01878416608754163,0.017984166087541633,CHOPPY
2026-04-13 23:00:00,2026-04-14 00:00:00,2026-04-14 12:00:00,UP,Moderate,74384.9,74416.7,time_exit,12.0,0.00042750612019371026,-0.0003724938798062898,BULL
2026-04-14 00:00:00,2026-04-14 01:00:00,2026-04-14 13:00:00,UP,Moderate,74127.9,75471.2,time_exit,12.0,0.018121382097698646,0.017321382097698648,BULL
2026-04-14 01:00:00,2026-04-14 02:00:00,2026-04-14 14:00:00,UP,Moderate,74345.5,74966.3,time_exit,12.0,0.008350202769501935,0.007550202769501935,BULL
2026-04-14 02:00:00,2026-04-14 03:00:00,2026-04-14 15:00:00,UP,Moderate,74294.5,75268.1,time_exit,12.0,0.01310460397472224,0.01230460397472224,BULL
2026-04-14 03:00:00,2026-04-14 04:00:00,2026-04-14 16:00:00,UP,Moderate,74408.8,74597.1,time_exit,12.0,0.002530614658481367,0.0017306146584813672,BULL
2026-04-14 16:00:00,2026-04-14 17:00:00,2026-04-15 05:00:00,DOWN,Moderate,74597.2,73983.2,time_exit,12.0,0.00823087193621208,0.00743087193621208,BULL
2026-04-14 17:00:00,2026-04-14 18:00:00,2026-04-15 06:00:00,DOWN,Moderate,74699.9,73851.1,time_exit,12.0,0.011362799682462565,0.010562799682462565,BULL
2026-04-14 18:00:00,2026-04-14 19:00:00,2026-04-15 07:00:00,DOWN,Moderate,74049.9,73705.1,time_exit,12.0,0.004656319589897984,0.0038563195898979837,BULL
2026-04-14 19:00:00,2026-04-14 20:00:00,2026-04-15 08:00:00,DOWN,Moderate,74176.5,74070.4,time_exit,12.0,0.0014303721529056457,0.0006303721529056456,BULL
2026-04-15 03:00:00,2026-04-15 04:00:00,2026-04-15 16:00:00,DOWN,Moderate,74296.8,73900.4,time_exit,12.0,0.0053353576466281805,0.00453535764662818,CHOPPY
2026-04-15 11:00:00,2026-04-15 12:00:00,2026-04-16 00:00:00,DOWN,Moderate,74155.0,74772.0,time_exit,12.0,-0.008320409952127239,-0.00912040995212724,CHOPPY
2026-04-15 12:00:00,2026-04-15 13:00:00,2026-04-16 01:00:00,DOWN,Moderate,74228.8,74612.8,time_exit,12.0,-0.005173194231888445,-0.005973194231888445,CHOPPY
2026-04-16 00:00:00,2026-04-16 01:00:00,2026-04-16 13:00:00,DOWN,Moderate,74772.1,73755.9,time_exit,12.0,0.013590630729911402,0.012790630729911401,CHOPPY
2026-04-16 03:00:00,2026-04-16 04:00:00,2026-04-16 16:00:00,DOWN,Moderate,74851.9,74140.6,time_exit,12.0,0.009502764792877483,0.008702764792877482,CHOPPY
2026-04-16 04:00:00,2026-04-16 05:00:00,2026-04-16 17:00:00,DOWN,Moderate,74900.0,74301.6,time_exit,12.0,0.007989319092122749,0.007189319092122748,CHOPPY
2026-04-16 05:00:00,2026-04-16 06:00:00,2026-04-16 18:00:00,DOWN,Moderate,75006.0,75000.0,time_exit,12.0,7.99936005119184e-05,-0.0007200063994880816,CHOPPY
2026-04-16 06:00:00,2026-04-16 07:00:00,2026-04-16 19:00:00,DOWN,Moderate,74985.9,75309.4,time_exit,12.0,-0.0043141443924790135,-0.005114144392479014,CHOPPY
2026-04-16 07:00:00,2026-04-16 08:00:00,2026-04-16 20:00:00,DOWN,Moderate,74667.7,75188.9,time_exit,12.0,-0.006980260541037175,-0.007780260541037176,CHOPPY
2026-04-16 13:00:00,2026-04-16 14:00:00,2026-04-17 02:00:00,UP,Strong,73756.0,74670.6,time_exit,12.0,0.012400347090406383,0.011600347090406382,CHOPPY
2026-04-16 14:00:00,2026-04-16 15:00:00,2026-04-17 03:00:00,UP,Strong,73936.8,74582.8,time_exit,12.0,0.00873719176377663,0.00793719176377663,CHOPPY
2026-04-16 15:00:00,2026-04-16 16:00:00,2026-04-17 04:00:00,UP,Moderate,74659.5,74748.4,time_exit,12.0,0.0011907392897085867,0.00039073928970858663,CHOPPY
2026-04-16 16:00:00,2026-04-16 17:00:00,2026-04-17 05:00:00,UP,Moderate,74140.6,74604.8,time_exit,12.0,0.0062610769268118815,0.005461076926811881,CHOPPY
2026-04-16 17:00:00,2026-04-16 18:00:00,2026-04-17 06:00:00,UP,Moderate,74301.6,74895.1,time_exit,12.0,0.007987714934806212,0.007187714934806211,CHOPPY
2026-04-16 18:00:00,2026-04-16 19:00:00,2026-04-17 07:00:00,UP,Strong,75000.1,75047.4,time_exit,12.0,0.0006306658257786424,-0.00016933417422135765,CHOPPY
2026-04-16 19:00:00,2026-04-16 20:00:00,2026-04-17 08:00:00,UP,Moderate,75309.5,75749.8,time_exit,12.0,0.005846539945159712,0.005046539945159712,CHOPPY
2026-04-17 08:00:00,2026-04-17 09:00:00,2026-04-17 21:00:00,UP,Moderate,75749.8,77400.1,time_exit,12.0,0.0217861961351713,0.0209861961351713,BULL
2026-04-17 10:00:00,2026-04-17 11:00:00,2026-04-17 23:00:00,UP,Moderate,75229.6,77030.6,time_exit,12.0,0.023940044875953026,0.023140044875953027,BULL
2026-04-17 13:00:00,2026-04-17 14:00:00,2026-04-18 02:00:00,DOWN,Strong,77294.2,77249.5,time_exit,12.0,0.000578309886123396,-0.00022169011387660408,BULL
2026-04-17 14:00:00,2026-04-17 15:00:00,2026-04-18 03:00:00,DOWN,Moderate,77825.1,76964.3,time_exit,12.0,0.011060698926182,0.010260698926182,BULL
2026-04-17 15:00:00,2026-04-17 16:00:00,2026-04-18 04:00:00,DOWN,Moderate,77736.2,77065.9,time_exit,12.0,0.00862275233417642,0.00782275233417642,BULL
2026-04-17 16:00:00,2026-04-17 17:00:00,2026-04-18 05:00:00,DOWN,Moderate,77805.1,77085.0,time_exit,12.0,0.00925517735983894,0.00845517735983894,BULL
2026-04-17 18:00:00,2026-04-17 19:00:00,2026-04-18 07:00:00,DOWN,Moderate,77112.0,76951.0,time_exit,12.0,0.0020878721859114435,0.0012878721859114436,BULL
2026-04-17 19:00:00,2026-04-17 20:00:00,2026-04-18 08:00:00,DOWN,Moderate,77349.2,76695.1,time_exit,12.0,0.008456454623964937,0.007656454623964937,BULL
2026-04-17 23:00:00,2026-04-18 00:00:00,2026-04-18 12:00:00,DOWN,Moderate,77030.6,76168.0,time_exit,12.0,0.01119814722980228,0.01039814722980228,BULL
2026-04-20 19:00:00,2026-04-20 20:00:00,2026-04-21 08:00:00,UP,Moderate,76252.5,76462.4,time_exit,12.0,0.0027526966328972335,0.0019526966328972336,CHOPPY
2026-04-21 13:00:00,2026-04-21 14:00:00,2026-04-22 02:00:00,DOWN,Moderate,75860.0,77568.1,time_exit,12.0,-0.022516477722119843,-0.023316477722119842,CHOPPY
2026-04-21 14:00:00,2026-04-21 15:00:00,2026-04-22 03:00:00,DOWN,Moderate,75628.9,77488.3,time_exit,12.0,-0.024585839540175902,-0.0253858395401759,CHOPPY
2026-04-21 15:00:00,2026-04-21 16:00:00,2026-04-22 04:00:00,DOWN,Moderate,75800.0,77475.5,time_exit,12.0,-0.02210422163588399,-0.02290422163588399,CHOPPY
2026-04-21 23:00:00,2026-04-22 00:00:00,2026-04-22 12:00:00,UP,Moderate,76288.3,78196.6,time_exit,12.0,0.02501432067564746,0.024214320675647463,CHOPPY
2026-04-22 00:00:00,2026-04-22 01:00:00,2026-04-22 13:00:00,UP,Moderate,76327.1,78794.5,time_exit,12.0,0.032326657242316204,0.0315266572423162,CHOPPY
2026-04-22 04:00:00,2026-04-22 05:00:00,2026-04-22 17:00:00,DOWN,Moderate,77475.4,78869.8,time_exit,12.0,-0.017997970968849586,-0.018797970968849585,BULL
2026-04-22 05:00:00,2026-04-22 06:00:00,2026-04-22 18:00:00,DOWN,Strong,77954.4,78989.5,time_exit,12.0,-0.013278275504654102,-0.014078275504654103,BULL
2026-04-22 07:00:00,2026-04-22 08:00:00,2026-04-22 20:00:00,UP,Strong,77979.7,78395.8,time_exit,12.0,0.005336004113891235,0.004536004113891235,BULL
2026-04-22 09:00:00,2026-04-22 10:00:00,2026-04-22 22:00:00,DOWN,Moderate,77959.9,78552.1,time_exit,12.0,-0.00759621292484991,-0.00839621292484991,BULL
2026-04-22 10:00:00,2026-04-22 11:00:00,2026-04-22 23:00:00,DOWN,Strong,78117.8,78139.8,time_exit,12.0,-0.00028162595464809037,-0.0010816259546480903,BULL
2026-04-22 11:00:00,2026-04-22 12:00:00,2026-04-23 00:00:00,DOWN,Strong,78263.2,78389.9,time_exit,12.0,-0.0016188962373120397,-0.0024188962373120396,BULL
2026-04-22 12:00:00,2026-04-22 13:00:00,2026-04-23 01:00:00,DOWN,Moderate,78196.6,78311.0,time_exit,12.0,-0.0014629792088145521,-0.002262979208814552,BULL
2026-04-22 17:00:00,2026-04-22 18:00:00,2026-04-23 06:00:00,DOWN,Moderate,78869.8,78167.0,time_exit,12.0,0.008910888578391285,0.008110888578391285,BULL
2026-04-22 18:00:00,2026-04-22 19:00:00,2026-04-23 07:00:00,DOWN,Strong,78989.5,78009.1,time_exit,12.0,0.012411776248741901,0.011611776248741901,BULL
2026-04-22 19:00:00,2026-04-22 20:00:00,2026-04-23 08:00:00,DOWN,Strong,78791.3,77822.1,time_exit,12.0,0.01230085047460816,0.01150085047460816,CHOPPY
2026-04-22 20:00:00,2026-04-22 21:00:00,2026-04-23 09:00:00,DOWN,Moderate,78395.8,77613.0,time_exit,12.0,0.00998522880052255,0.00918522880052255,CHOPPY
2026-04-22 21:00:00,2026-04-22 22:00:00,2026-04-23 10:00:00,DOWN,Strong,78713.9,77362.9,time_exit,12.0,0.017163423486830198,0.0163634234868302,BULL
2026-04-22 22:00:00,2026-04-22 23:00:00,2026-04-23 11:00:00,DOWN,Strong,78552.1,77649.9,time_exit,12.0,0.011485370855776167,0.010685370855776167,CHOPPY
2026-04-23 03:00:00,2026-04-23 04:00:00,2026-04-23 16:00:00,UP,Moderate,77704.3,78049.0,time_exit,12.0,0.004436047940718835,0.0036360479407188348,CHOPPY
2026-04-23 04:00:00,2026-04-23 05:00:00,2026-04-23 17:00:00,DOWN,Strong,77871.5,77715.2,time_exit,12.0,0.0020071528094360858,0.0012071528094360858,CHOPPY
2026-04-23 05:00:00,2026-04-23 06:00:00,2026-04-23 18:00:00,DOWN,Strong,77992.0,77631.7,time_exit,12.0,0.004619704585085649,0.003819704585085649,CHOPPY
2026-04-23 06:00:00,2026-04-23 07:00:00,2026-04-23 19:00:00,DOWN,Strong,78167.0,77670.5,time_exit,12.0,0.006351785280233391,0.00555178528023339,CHOPPY
2026-04-23 07:00:00,2026-04-23 08:00:00,2026-04-23 20:00:00,DOWN,Strong,78009.1,77841.3,time_exit,12.0,0.0021510310976540215,0.0013510310976540215,CHOPPY
2026-04-23 08:00:00,2026-04-23 09:00:00,2026-04-23 21:00:00,DOWN,Strong,77822.1,77819.6,time_exit,12.0,3.212455073819953e-05,-0.0007678754492618005,CHOPPY
2026-04-23 09:00:00,2026-04-23 10:00:00,2026-04-23 22:00:00,DOWN,Moderate,77613.0,78194.2,time_exit,12.0,-0.0074884362155824835,-0.008288436215582484,CHOPPY
2026-04-23 11:00:00,2026-04-23 12:00:00,2026-04-24 00:00:00,UP,Moderate,77650.0,78376.7,time_exit,12.0,0.00935866065679325,0.00855866065679325,CHOPPY
2026-04-23 12:00:00,2026-04-23 13:00:00,2026-04-24 01:00:00,UP,Strong,77826.8,78369.9,time_exit,12.0,0.00697831595285936,0.006178315952859359,CHOPPY
2026-04-23 13:00:00,2026-04-23 14:00:00,2026-04-24 02:00:00,UP,Strong,77486.6,78074.0,time_exit,12.0,0.00758066556023862,0.006780665560238619,CHOPPY
2026-04-23 16:00:00,2026-04-23 17:00:00,2026-04-24 05:00:00,UP,Strong,78049.1,77911.0,time_exit,12.0,-0.0017693990065228427,-0.0025693990065228426,CHOPPY
2026-04-23 17:00:00,2026-04-23 18:00:00,2026-04-24 06:00:00,UP,Strong,77715.1,77741.9,time_exit,12.0,0.0003448493278652709,-0.00045515067213472914,CHOPPY
2026-04-23 18:00:00,2026-04-23 19:00:00,2026-04-24 07:00:00,UP,Moderate,77631.5,77620.5,time_exit,12.0,-0.0001416950593509103,-0.0009416950593509104,CHOPPY
2026-04-23 19:00:00,2026-04-23 20:00:00,2026-04-24 08:00:00,DOWN,Strong,77670.4,77744.6,time_exit,12.0,-0.0009553188859592332,-0.0017553188859592331,CHOPPY
2026-04-23 21:00:00,2026-04-23 22:00:00,2026-04-24 10:00:00,DOWN,Moderate,77819.5,77715.2,time_exit,12.0,0.00134028103495909,0.0005402810349590899,CHOPPY
2026-04-23 22:00:00,2026-04-23 23:00:00,2026-04-24 11:00:00,DOWN,Strong,78194.1,78194.8,time_exit,12.0,-8.952082062529954e-06,-0.00080895208206253,CHOPPY
2026-04-23 23:00:00,2026-04-24 00:00:00,2026-04-24 12:00:00,DOWN,Strong,78217.4,78233.0,time_exit,12.0,-0.00019944411345829138,-0.0009994441134582913,CHOPPY
2026-04-24 00:00:00,2026-04-24 01:00:00,2026-04-24 13:00:00,DOWN,Strong,78376.7,78050.1,time_exit,12.0,0.0041670547496894805,0.0033670547496894806,CHOPPY
2026-04-24 01:00:00,2026-04-24 02:00:00,2026-04-24 14:00:00,DOWN,Moderate,78369.8,77986.4,time_exit,12.0,0.0048921906142418425,0.004092190614241842,CHOPPY
2026-04-24 02:00:00,2026-04-24 03:00:00,2026-04-24 15:00:00,DOWN,Strong,78074.0,78007.3,time_exit,12.0,0.0008543176985935652,5.431769859356517e-05,CHOPPY
2026-04-24 03:00:00,2026-04-24 04:00:00,2026-04-24 16:00:00,UP,Moderate,77690.1,77732.7,time_exit,12.0,0.0005483324130099998,-0.00025166758699000024,CHOPPY
2026-04-24 05:00:00,2026-04-24 06:00:00,2026-04-24 18:00:00,UP,Moderate,77911.1,77579.2,time_exit,12.0,-0.004259983494008024,-0.005059983494008024,CHOPPY
2026-04-24 14:00:00,2026-04-24 15:00:00,2026-04-25 03:00:00,UP,Moderate,77986.3,77629.0,time_exit,12.0,-0.004581573943115647,-0.005381573943115647,CHOPPY
2026-04-24 19:00:00,2026-04-24 20:00:00,2026-04-25 08:00:00,DOWN,Moderate,77596.0,77603.3,time_exit,12.0,-9.407701427921467e-05,-0.0008940770142792147,CHOPPY
2026-04-24 20:00:00,2026-04-24 21:00:00,2026-04-25 09:00:00,DOWN,Moderate,77688.2,77672.5,time_exit,12.0,0.00020208989267345157,-0.0005979101073265485,CHOPPY
2026-04-24 21:00:00,2026-04-24 22:00:00,2026-04-25 10:00:00,DOWN,Moderate,77490.0,77749.3,time_exit,12.0,-0.0033462382242870348,-0.004146238224287035,CHOPPY
2026-04-24 22:00:00,2026-04-24 23:00:00,2026-04-25 11:00:00,DOWN,Moderate,77294.6,77638.7,time_exit,12.0,-0.00445179870262602,-0.00525179870262602,CHOPPY
2026-04-25 00:00:00,2026-04-25 01:00:00,2026-04-25 13:00:00,DOWN,Moderate,77420.0,77650.1,time_exit,12.0,-0.002972100232498054,-0.003772100232498054,CHOPPY
2026-04-25 03:00:00,2026-04-25 04:00:00,2026-04-25 16:00:00,DOWN,Moderate,77629.0,77364.0,time_exit,12.0,0.003413672725399053,0.002613672725399053,CHOPPY
2026-04-25 04:00:00,2026-04-25 05:00:00,2026-04-25 17:00:00,DOWN,Moderate,77579.5,77213.4,time_exit,12.0,0.004719030156162485,0.003919030156162484,CHOPPY
2026-04-26 05:00:00,2026-04-26 06:00:00,2026-04-26 18:00:00,UP,Strong,77949.4,78238.1,time_exit,12.0,0.0037036846980222915,0.0029036846980222916,CHOPPY
2026-04-26 06:00:00,2026-04-26 07:00:00,2026-04-26 19:00:00,UP,Strong,77963.3,78183.1,time_exit,12.0,0.002819275223085782,0.002019275223085782,CHOPPY
2026-04-26 07:00:00,2026-04-26 08:00:00,2026-04-26 20:00:00,UP,Strong,78061.5,78150.1,time_exit,12.0,0.0011350025300564948,0.0003350025300564947,CHOPPY
2026-04-26 08:00:00,2026-04-26 09:00:00,2026-04-26 21:00:00,UP,Moderate,77989.1,78369.7,time_exit,12.0,0.004880169151842972,0.004080169151842972,CHOPPY
2026-04-26 09:00:00,2026-04-26 10:00:00,2026-04-26 22:00:00,UP,Moderate,77971.8,78274.7,time_exit,12.0,0.003884737815466499,0.003084737815466499,CHOPPY
2026-04-26 10:00:00,2026-04-26 11:00:00,2026-04-26 23:00:00,UP,Moderate,77961.5,78613.5,time_exit,12.0,0.008363102300494418,0.007563102300494418,CHOPPY
2026-04-26 11:00:00,2026-04-26 12:00:00,2026-04-27 00:00:00,UP,Moderate,78050.0,79263.7,time_exit,12.0,0.015550288276745539,0.014750288276745538,CHOPPY
2026-04-26 12:00:00,2026-04-26 13:00:00,2026-04-27 01:00:00,UP,Moderate,77795.4,79245.3,time_exit,12.0,0.018637348737843284,0.017837348737843286,CHOPPY
2026-04-26 13:00:00,2026-04-26 14:00:00,2026-04-27 02:00:00,UP,Strong,77940.0,79082.9,time_exit,12.0,0.014663843982550606,0.013863843982550606,CHOPPY
2026-04-26 14:00:00,2026-04-26 15:00:00,2026-04-27 03:00:00,UP,Moderate,78053.5,79065.1,time_exit,12.0,0.012960341304361744,0.012160341304361744,CHOPPY
2026-04-26 15:00:00,2026-04-26 16:00:00,2026-04-27 04:00:00,UP,Moderate,78007.9,78882.6,time_exit,12.0,0.011212966891815057,0.010412966891815057,CHOPPY
2026-04-26 16:00:00,2026-04-26 17:00:00,2026-04-27 05:00:00,UP,Moderate,77890.1,77730.6,time_exit,12.0,-0.002047757032023312,-0.0028477570320233118,CHOPPY
2026-04-26 17:00:00,2026-04-26 18:00:00,2026-04-27 06:00:00,UP,Moderate,77976.7,77657.9,time_exit,12.0,-0.004088400765869804,-0.004888400765869804,CHOPPY
2026-04-26 18:00:00,2026-04-26 19:00:00,2026-04-27 07:00:00,UP,Strong,78238.1,77556.7,time_exit,12.0,-0.008709311703632983,-0.009509311703632983,CHOPPY
2026-04-26 19:00:00,2026-04-26 20:00:00,2026-04-27 08:00:00,UP,Strong,78183.2,77763.5,time_exit,12.0,-0.005368160934829946,-0.006168160934829947,CHOPPY
2026-04-26 20:00:00,2026-04-26 21:00:00,2026-04-27 09:00:00,UP,Moderate,78150.0,77856.1,time_exit,12.0,-0.00376071657069732,-0.00456071657069732,CHOPPY
2026-04-26 21:00:00,2026-04-26 22:00:00,2026-04-27 10:00:00,UP,Strong,78369.6,77806.7,time_exit,12.0,-0.007182632040995562,-0.007982632040995563,CHOPPY
2026-04-26 22:00:00,2026-04-26 23:00:00,2026-04-27 11:00:00,UP,Strong,78274.7,77804.3,time_exit,12.0,-0.006009604635980659,-0.006809604635980659,CHOPPY
2026-04-26 23:00:00,2026-04-27 00:00:00,2026-04-27 12:00:00,UP,Strong,78614.4,77627.4,time_exit,12.0,-0.012554951764562228,-0.013354951764562228,CHOPPY
2026-04-27 00:00:00,2026-04-27 01:00:00,2026-04-27 13:00:00,UP,Strong,79264.1,77700.0,time_exit,12.0,-0.01973276678849578,-0.02053276678849578,CHOPPY
2026-04-27 01:00:00,2026-04-27 02:00:00,2026-04-27 14:00:00,UP,Strong,79245.3,77776.0,time_exit,12.0,-0.01854116269356043,-0.01934116269356043,CHOPPY
2026-04-27 02:00:00,2026-04-27 03:00:00,2026-04-27 15:00:00,UP,Strong,79082.9,76760.0,time_exit,12.0,-0.029372974435686983,-0.03017297443568698,CHOPPY
2026-04-27 04:00:00,2026-04-27 05:00:00,2026-04-27 17:00:00,UP,Moderate,78882.6,76702.3,time_exit,12.0,-0.02763980903266372,-0.02843980903266372,CHOPPY
2026-04-27 05:00:00,2026-04-27 06:00:00,2026-04-27 18:00:00,UP,Strong,77730.5,76790.7,time_exit,12.0,-0.012090492149156362,-0.012890492149156363,CHOPPY
2026-04-27 06:00:00,2026-04-27 07:00:00,2026-04-27 19:00:00,UP,Strong,77657.9,76844.4,time_exit,12.0,-0.01047543134697182,-0.01127543134697182,CHOPPY
2026-04-27 07:00:00,2026-04-27 08:00:00,2026-04-27 20:00:00,UP,Strong,77556.7,76915.8,time_exit,12.0,-0.00826363163981958,-0.00906363163981958,CHOPPY
2026-04-27 08:00:00,2026-04-27 09:00:00,2026-04-27 21:00:00,UP,Moderate,77763.4,76741.4,time_exit,12.0,-0.013142429471962425,-0.013942429471962425,CHOPPY
2026-04-27 09:00:00,2026-04-27 10:00:00,2026-04-27 22:00:00,UP,Strong,77856.1,77025.8,time_exit,12.0,-0.010664546515944173,-0.011464546515944174,CHOPPY
2026-04-27 10:00:00,2026-04-27 11:00:00,2026-04-27 23:00:00,UP,Moderate,77806.7,77331.2,time_exit,12.0,-0.006111298898423878,-0.0069112988984238784,CHOPPY
2026-04-27 12:00:00,2026-04-27 13:00:00,2026-04-28 01:00:00,UP,Moderate,77627.3,77047.2,time_exit,12.0,-0.007472886471640905,-0.008272886471640905,CHOPPY
2026-04-27 13:00:00,2026-04-27 14:00:00,2026-04-28 02:00:00,UP,Strong,77700.3,76845.0,time_exit,12.0,-0.011007679507028967,-0.011807679507028967,CHOPPY
2026-04-27 16:00:00,2026-04-27 17:00:00,2026-04-28 05:00:00,UP,Strong,76587.9,76848.0,time_exit,12.0,0.0033960978170182177,0.0025960978170182177,BEAR
2026-04-27 17:00:00,2026-04-27 18:00:00,2026-04-28 06:00:00,UP,Strong,76702.3,76664.9,time_exit,12.0,-0.00048759945920795467,-0.0012875994592079546,CHOPPY
2026-04-27 18:00:00,2026-04-27 19:00:00,2026-04-28 07:00:00,UP,Strong,76790.6,76828.4,time_exit,12.0,0.0004922477490731936,-0.00030775225092680646,CHOPPY
2026-04-27 19:00:00,2026-04-27 20:00:00,2026-04-28 08:00:00,UP,Strong,76844.3,76820.1,time_exit,12.0,-0.00031492251214459976,-0.0011149225121445997,CHOPPY
2026-04-27 20:00:00,2026-04-27 21:00:00,2026-04-28 09:00:00,UP,Moderate,76915.8,76557.2,time_exit,12.0,-0.004662241048003168,-0.005462241048003169,CHOPPY
2026-04-27 21:00:00,2026-04-27 22:00:00,2026-04-28 10:00:00,UP,Moderate,76741.4,76580.1,time_exit,12.0,-0.0021018641828268736,-0.0029018641828268735,BEAR
2026-04-27 22:00:00,2026-04-27 23:00:00,2026-04-28 11:00:00,UP,Moderate,77025.8,76198.8,time_exit,12.0,-0.01073666226121639,-0.01153666226121639,CHOPPY
2026-04-27 23:00:00,2026-04-28 00:00:00,2026-04-28 12:00:00,UP,Strong,77331.2,76345.6,time_exit,12.0,-0.012745179177356514,-0.013545179177356514,CHOPPY
2026-04-28 00:00:00,2026-04-28 01:00:00,2026-04-28 13:00:00,UP,Moderate,77334.9,76158.2,time_exit,12.0,-0.015215640027982147,-0.016015640027982146,CHOPPY
2026-04-28 03:00:00,2026-04-28 04:00:00,2026-04-28 16:00:00,UP,Moderate,76770.6,76091.7,time_exit,12.0,-0.008843229048620338,-0.009643229048620338,CHOPPY
