signal_ts,entry_ts,exit_ts,direction,tier,entry_px,exit_px,exit_reason,hold_h,gross,net,regime
2025-12-01 08:00:00,2025-12-01 09:00:00,2025-12-01 13:00:00,UP,Strong,86811.0,85943.2,time_exit,4.0,-0.009996429023971687,-0.010796429023971687,BEAR
2025-12-01 09:00:00,2025-12-01 10:00:00,2025-12-01 14:00:00,UP,Strong,86659.2,86017.3,time_exit,4.0,-0.007407176618293154,-0.008207176618293155,BEAR
2025-12-01 10:00:00,2025-12-01 11:00:00,2025-12-01 15:00:00,UP,Moderate,86599.0,84650.0,time_exit,4.0,-0.02250603355696945,-0.02330603355696945,BEAR
2025-12-01 11:00:00,2025-12-01 12:00:00,2025-12-01 16:00:00,UP,Moderate,86100.0,84540.3,time_exit,4.0,-0.018114982578397165,-0.018914982578397164,BEAR
2025-12-01 12:00:00,2025-12-01 13:00:00,2025-12-01 17:00:00,UP,Strong,85396.3,84902.8,time_exit,4.0,-0.005778938900163122,-0.006578938900163122,BEAR
2025-12-01 13:00:00,2025-12-01 14:00:00,2025-12-01 18:00:00,UP,Strong,85943.7,85159.2,time_exit,4.0,-0.009128068724060023,-0.009928068724060024,BEAR
2025-12-01 14:00:00,2025-12-01 15:00:00,2025-12-01 19:00:00,UP,Strong,86017.4,84985.0,time_exit,4.0,-0.012002222806083318,-0.012802222806083318,BEAR
2025-12-01 15:00:00,2025-12-01 16:00:00,2025-12-01 20:00:00,UP,Strong,84650.0,85474.1,time_exit,4.0,0.00973538098050808,0.008935380980508079,BEAR
2025-12-01 16:00:00,2025-12-01 17:00:00,2025-12-01 21:00:00,UP,Strong,84540.4,86380.1,time_exit,4.0,0.021761193464899797,0.0209611934648998,BEAR
2025-12-01 17:00:00,2025-12-01 18:00:00,2025-12-01 22:00:00,UP,Moderate,84902.6,86518.2,time_exit,4.0,0.019028863662596818,0.01822886366259682,BEAR
2025-12-01 18:00:00,2025-12-01 19:00:00,2025-12-01 23:00:00,UP,Moderate,85159.1,86241.6,time_exit,4.0,0.01271150117838249,0.011911501178382489,BEAR
2025-12-01 19:00:00,2025-12-01 20:00:00,2025-12-02 00:00:00,UP,Moderate,84985.0,86472.0,time_exit,4.0,0.01749720538918642,0.016697205389186422,BEAR
2025-12-01 20:00:00,2025-12-01 21:00:00,2025-12-02 01:00:00,UP,Strong,85474.1,86409.9,time_exit,4.0,0.010948345756199629,0.010148345756199629,BEAR
2025-12-01 21:00:00,2025-12-01 22:00:00,2025-12-02 02:00:00,UP,Moderate,86380.1,86501.2,time_exit,4.0,0.0014019432716563252,0.0006019432716563251,BEAR
2025-12-01 22:00:00,2025-12-01 23:00:00,2025-12-02 03:00:00,UP,Moderate,86518.4,86936.0,time_exit,4.0,0.004826718940710961,0.004026718940710961,BEAR
2025-12-02 01:00:00,2025-12-02 02:00:00,2025-12-02 06:00:00,UP,Moderate,86409.9,87043.7,time_exit,4.0,0.007334807701432355,0.006534807701432355,CHOPPY
2025-12-02 03:00:00,2025-12-02 04:00:00,2025-12-02 08:00:00,UP,Moderate,86935.9,86438.0,time_exit,4.0,-0.0057272082074263375,-0.006527208207426338,BULL
2025-12-02 11:00:00,2025-12-02 12:00:00,2025-12-02 16:00:00,UP,Moderate,87327.0,90713.9,time_exit,4.0,0.03878411029807505,0.037984110298075045,BULL
2025-12-02 20:00:00,2025-12-02 21:00:00,2025-12-03 01:00:00,UP,Moderate,90976.1,92215.3,time_exit,4.0,0.013621159843079544,0.012821159843079544,BULL
2025-12-09 04:00:00,2025-12-09 05:00:00,2025-12-09 09:00:00,UP,Moderate,89875.3,90099.9,time_exit,4.0,0.002499018083945037,0.0016990180839450372,CHOPPY
2025-12-09 05:00:00,2025-12-09 06:00:00,2025-12-09 10:00:00,UP,Moderate,89857.7,90255.7,time_exit,4.0,0.004429225319588559,0.003629225319588559,CHOPPY
2025-12-09 08:00:00,2025-12-09 09:00:00,2025-12-09 13:00:00,DOWN,Moderate,90459.0,90385.0,time_exit,4.0,0.0008180501663737072,1.805016637370716e-05,CHOPPY
2025-12-09 09:00:00,2025-12-09 10:00:00,2025-12-09 14:00:00,DOWN,Moderate,90100.0,90327.1,time_exit,4.0,-0.002520532741398407,-0.003320532741398407,CHOPPY
2025-12-09 11:00:00,2025-12-09 12:00:00,2025-12-09 16:00:00,UP,Moderate,90342.0,94146.8,time_exit,4.0,0.04211551659250401,0.04131551659250401,CHOPPY
2025-12-09 12:00:00,2025-12-09 13:00:00,2025-12-09 17:00:00,UP,Moderate,90532.7,93884.5,time_exit,4.0,0.03702308668580523,0.03622308668580523,CHOPPY
2025-12-09 13:00:00,2025-12-09 14:00:00,2025-12-09 18:00:00,UP,Moderate,90385.1,93887.3,time_exit,4.0,0.038747536928099846,0.037947536928099844,CHOPPY
2025-12-09 14:00:00,2025-12-09 15:00:00,2025-12-09 19:00:00,UP,Moderate,90327.1,93761.9,time_exit,4.0,0.03802624018705347,0.03722624018705347,BULL
2025-12-09 15:00:00,2025-12-09 16:00:00,2025-12-09 20:00:00,UP,Strong,92676.9,93075.2,time_exit,4.0,0.004297726833763393,0.0034977268337633934,BULL
2025-12-09 18:00:00,2025-12-09 19:00:00,2025-12-09 23:00:00,DOWN,Strong,93887.2,92638.4,time_exit,4.0,0.013301067664175714,0.012501067664175714,BULL
2025-12-09 19:00:00,2025-12-09 20:00:00,2025-12-10 00:00:00,DOWN,Strong,93761.9,92084.5,time_exit,4.0,0.017889995829862615,0.017089995829862616,BULL
2025-12-09 20:00:00,2025-12-09 21:00:00,2025-12-10 01:00:00,UP,Moderate,93075.2,92269.1,time_exit,4.0,-0.008660738843429772,-0.009460738843429772,BULL
2025-12-09 21:00:00,2025-12-09 22:00:00,2025-12-10 02:00:00,UP,Moderate,92591.2,92457.6,time_exit,4.0,-0.0014429017012415057,-0.0022429017012415057,BULL
2025-12-09 22:00:00,2025-12-09 23:00:00,2025-12-10 03:00:00,UP,Moderate,92832.0,92366.0,time_exit,4.0,-0.0050198207514650095,-0.00581982075146501,BULL
2025-12-10 00:00:00,2025-12-10 01:00:00,2025-12-10 05:00:00,UP,Moderate,92084.5,92508.6,time_exit,4.0,0.004605552508837096,0.0038055525088370964,BULL
2025-12-10 01:00:00,2025-12-10 02:00:00,2025-12-10 06:00:00,UP,Moderate,92269.2,92648.0,time_exit,4.0,0.00410537860954685,0.0033053786095468504,BULL
2025-12-10 04:00:00,2025-12-10 05:00:00,2025-12-10 09:00:00,UP,Moderate,92507.4,92870.1,time_exit,4.0,0.003920767419687721,0.0031207674196877208,BULL
2025-12-10 05:00:00,2025-12-10 06:00:00,2025-12-10 10:00:00,UP,Moderate,92508.5,92230.5,time_exit,4.0,-0.0030051292583924694,-0.0038051292583924693,BULL
2025-12-10 06:00:00,2025-12-10 07:00:00,2025-12-10 11:00:00,UP,Moderate,92648.0,92085.5,time_exit,4.0,-0.006071366894050634,-0.006871366894050634,BULL
2025-12-10 07:00:00,2025-12-10 08:00:00,2025-12-10 12:00:00,UP,Moderate,92744.7,91952.1,time_exit,4.0,-0.008546040905841434,-0.009346040905841435,BULL
2025-12-10 08:00:00,2025-12-10 09:00:00,2025-12-10 13:00:00,UP,Moderate,92565.1,92054.6,time_exit,4.0,-0.005515037524941868,-0.0063150375249418685,BULL
2025-12-10 09:00:00,2025-12-10 10:00:00,2025-12-10 14:00:00,UP,Moderate,92870.0,91794.0,time_exit,4.0,-0.011586088080111967,-0.012386088080111967,BULL
2025-12-10 10:00:00,2025-12-10 11:00:00,2025-12-10 15:00:00,UP,Moderate,92230.4,92021.8,time_exit,4.0,-0.0022617271528692084,-0.0030617271528692084,BULL
2025-12-10 11:00:00,2025-12-10 12:00:00,2025-12-10 16:00:00,UP,Moderate,92085.4,92126.7,time_exit,4.0,0.00044849672152147413,-0.0003515032784785259,BULL
2025-12-10 12:00:00,2025-12-10 13:00:00,2025-12-10 17:00:00,UP,Moderate,91952.2,92348.8,time_exit,4.0,0.004313110507415896,0.003513110507415896,BULL
2025-12-10 13:00:00,2025-12-10 14:00:00,2025-12-10 18:00:00,UP,Moderate,92054.5,92448.8,time_exit,4.0,0.004283332156494346,0.003483332156494346,BULL
2025-12-10 14:00:00,2025-12-10 15:00:00,2025-12-10 19:00:00,UP,Moderate,91794.0,92913.8,time_exit,4.0,0.012199054404427256,0.011399054404427256,CHOPPY
2025-12-10 15:00:00,2025-12-10 16:00:00,2025-12-10 20:00:00,UP,Moderate,92021.8,92409.1,time_exit,4.0,0.0042087853095680305,0.0034087853095680306,CHOPPY
2025-12-10 16:00:00,2025-12-10 17:00:00,2025-12-10 21:00:00,UP,Moderate,92126.7,92308.2,time_exit,4.0,0.001970112898866505,0.0011701128988665052,CHOPPY
2025-12-10 17:00:00,2025-12-10 18:00:00,2025-12-10 22:00:00,UP,Moderate,92348.7,92472.2,time_exit,4.0,0.0013373225611188477,0.0005373225611188477,CHOPPY
2025-12-10 18:00:00,2025-12-10 19:00:00,2025-12-10 23:00:00,UP,Moderate,92448.8,91977.5,time_exit,4.0,-0.005097956923183489,-0.005897956923183489,CHOPPY
2025-12-10 19:00:00,2025-12-10 20:00:00,2025-12-11 00:00:00,UP,Moderate,92913.9,91350.1,time_exit,4.0,-0.016830635674532912,-0.01763063567453291,CHOPPY
2025-12-10 21:00:00,2025-12-10 22:00:00,2025-12-11 02:00:00,UP,Moderate,92308.3,90034.4,time_exit,4.0,-0.02463375449444971,-0.02543375449444971,CHOPPY
2025-12-10 22:00:00,2025-12-10 23:00:00,2025-12-11 03:00:00,UP,Moderate,92472.2,89833.1,time_exit,4.0,-0.028539388053923087,-0.029339388053923086,CHOPPY
2025-12-10 23:00:00,2025-12-11 00:00:00,2025-12-11 04:00:00,UP,Moderate,91977.5,90386.6,time_exit,4.0,-0.01729662145633437,-0.01809662145633437,CHOPPY
2025-12-11 00:00:00,2025-12-11 01:00:00,2025-12-11 05:00:00,UP,Moderate,91350.1,90262.0,time_exit,4.0,-0.011911317010052547,-0.012711317010052547,CHOPPY
2025-12-11 01:00:00,2025-12-11 02:00:00,2025-12-11 06:00:00,UP,Moderate,90637.0,90252.1,time_exit,4.0,-0.004246610104041371,-0.005046610104041371,CHOPPY
2025-12-11 02:00:00,2025-12-11 03:00:00,2025-12-11 07:00:00,UP,Moderate,90034.4,90231.4,time_exit,4.0,0.0021880525665745054,0.0013880525665745055,CHOPPY
2025-12-11 03:00:00,2025-12-11 04:00:00,2025-12-11 08:00:00,UP,Moderate,89833.1,90152.5,time_exit,4.0,0.003555482333349236,0.002755482333349236,CHOPPY
2025-12-11 04:00:00,2025-12-11 05:00:00,2025-12-11 09:00:00,UP,Strong,90386.6,90196.0,time_exit,4.0,-0.002108719655347202,-0.002908719655347202,CHOPPY
2025-12-11 06:00:00,2025-12-11 07:00:00,2025-12-11 11:00:00,UP,Moderate,90252.0,90195.3,time_exit,4.0,-0.0006282409254088073,-0.0014282409254088072,CHOPPY
2025-12-11 08:00:00,2025-12-11 09:00:00,2025-12-11 13:00:00,UP,Moderate,90152.6,90062.9,time_exit,4.0,-0.000994979623438641,-0.001794979623438641,CHOPPY
2025-12-11 13:00:00,2025-12-11 14:00:00,2025-12-11 18:00:00,UP,Strong,90062.8,90657.9,time_exit,4.0,0.0066076115776989575,0.005807611577698957,CHOPPY
2025-12-11 14:00:00,2025-12-11 15:00:00,2025-12-11 19:00:00,UP,Strong,89514.4,90793.5,time_exit,4.0,0.014289321047786796,0.013489321047786796,CHOPPY
2025-12-11 15:00:00,2025-12-11 16:00:00,2025-12-11 20:00:00,UP,Strong,89830.1,91740.9,time_exit,4.0,0.021271266535381583,0.020471266535381585,CHOPPY
2025-12-11 16:00:00,2025-12-11 17:00:00,2025-12-11 21:00:00,UP,Strong,89704.2,92823.6,time_exit,4.0,0.03477429150474576,0.033974291504745756,CHOPPY
2025-12-11 17:00:00,2025-12-11 18:00:00,2025-12-11 22:00:00,UP,Strong,89935.3,92325.4,time_exit,4.0,0.026575771693650774,0.025775771693650775,CHOPPY
2025-12-11 18:00:00,2025-12-11 19:00:00,2025-12-11 23:00:00,UP,Strong,90657.9,92477.5,time_exit,4.0,0.02007105834130285,0.01927105834130285,CHOPPY
2025-12-11 19:00:00,2025-12-11 20:00:00,2025-12-12 00:00:00,UP,Strong,90793.5,91521.0,time_exit,4.0,0.008012688132960966,0.007212688132960965,CHOPPY
2025-12-11 20:00:00,2025-12-11 21:00:00,2025-12-12 01:00:00,UP,Moderate,91740.9,92129.3,time_exit,4.0,0.004233662412293837,0.003433662412293837,BULL
2025-12-11 22:00:00,2025-12-11 23:00:00,2025-12-12 03:00:00,DOWN,Strong,92325.4,92234.3,time_exit,4.0,0.0009867273794642584,0.00018672737946425833,BULL
2025-12-11 23:00:00,2025-12-12 00:00:00,2025-12-12 04:00:00,DOWN,Strong,92477.6,92355.6,time_exit,4.0,0.0013192383885395342,0.0005192383885395342,CHOPPY
2025-12-12 04:00:00,2025-12-12 05:00:00,2025-12-12 09:00:00,DOWN,Strong,92355.7,92481.7,time_exit,4.0,-0.001364290455272421,-0.002164290455272421,CHOPPY
2025-12-12 05:00:00,2025-12-12 06:00:00,2025-12-12 10:00:00,DOWN,Strong,92404.9,92454.7,time_exit,4.0,-0.0005389324592095512,-0.0013389324592095512,CHOPPY
2025-12-12 06:00:00,2025-12-12 07:00:00,2025-12-12 11:00:00,DOWN,Moderate,92468.7,92381.5,time_exit,4.0,0.0009430218008904534,0.00014302180089045336,CHOPPY
2025-12-12 08:00:00,2025-12-12 09:00:00,2025-12-12 13:00:00,UP,Moderate,92311.4,92261.7,time_exit,4.0,-0.0005383950411325111,-0.001338395041132511,BULL
2025-12-12 09:00:00,2025-12-12 10:00:00,2025-12-12 14:00:00,DOWN,Strong,92481.7,92393.0,time_exit,4.0,0.0009591086669038518,0.00015910866690385173,BULL
2025-12-12 10:00:00,2025-12-12 11:00:00,2025-12-12 15:00:00,DOWN,Strong,92454.7,89895.0,time_exit,4.0,0.02768599108536396,0.02688599108536396,BULL
2025-12-12 11:00:00,2025-12-12 12:00:00,2025-12-12 16:00:00,DOWN,Strong,92381.4,89996.8,time_exit,4.0,0.025812555341226617,0.02501255534122662,CHOPPY
2025-12-12 12:00:00,2025-12-12 13:00:00,2025-12-12 17:00:00,DOWN,Strong,92389.9,90043.5,time_exit,4.0,0.025396715441839413,0.024596715441839414,CHOPPY
2025-12-12 13:00:00,2025-12-12 14:00:00,2025-12-12 18:00:00,DOWN,Strong,92261.7,90323.7,time_exit,4.0,0.021005465973421233,0.020205465973421235,CHOPPY
2025-12-12 14:00:00,2025-12-12 15:00:00,2025-12-12 19:00:00,UP,Moderate,92393.0,90147.3,time_exit,4.0,-0.024305953914257494,-0.025105953914257493,CHOPPY
2025-12-12 15:00:00,2025-12-12 16:00:00,2025-12-12 20:00:00,UP,Moderate,89895.0,90160.0,time_exit,4.0,0.002947883642026916,0.002147883642026916,CHOPPY
2025-12-12 17:00:00,2025-12-12 18:00:00,2025-12-12 22:00:00,UP,Strong,90043.9,90294.5,time_exit,4.0,0.002783086916493094,0.001983086916493094,CHOPPY
2025-12-12 18:00:00,2025-12-12 19:00:00,2025-12-12 23:00:00,UP,Moderate,90323.8,90229.6,time_exit,4.0,-0.0010429144920829359,-0.0018429144920829358,BEAR
2025-12-12 21:00:00,2025-12-12 22:00:00,2025-12-13 02:00:00,DOWN,Strong,90150.9,90195.0,time_exit,4.0,-0.0004891798085211452,-0.001289179808521145,BEAR
2025-12-12 22:00:00,2025-12-12 23:00:00,2025-12-13 03:00:00,DOWN,Strong,90294.7,90304.0,time_exit,4.0,-0.00010299607839669989,-0.0009029960783966999,BEAR
2025-12-12 23:00:00,2025-12-13 00:00:00,2025-12-13 04:00:00,DOWN,Strong,90229.7,90334.8,time_exit,4.0,-0.0011648049367336544,-0.0019648049367336543,BEAR
2025-12-13 00:00:00,2025-12-13 01:00:00,2025-12-13 05:00:00,DOWN,Strong,90276.9,90301.3,time_exit,4.0,-0.000270279551025876,-0.001070279551025876,BEAR
2025-12-13 01:00:00,2025-12-13 02:00:00,2025-12-13 06:00:00,DOWN,Strong,90192.1,90317.4,time_exit,4.0,-0.0013892569304849722,-0.002189256930484972,BEAR
2025-12-13 02:00:00,2025-12-13 03:00:00,2025-12-13 07:00:00,DOWN,Strong,90194.9,90286.1,time_exit,4.0,-0.0010111436455941814,-0.0018111436455941813,BEAR
2025-12-13 13:00:00,2025-12-13 14:00:00,2025-12-13 18:00:00,DOWN,Moderate,90215.1,90089.1,time_exit,4.0,0.001396661977872915,0.000596661977872915,BEAR
2025-12-13 21:00:00,2025-12-13 22:00:00,2025-12-14 02:00:00,DOWN,Strong,90137.9,90244.9,time_exit,4.0,-0.0011870700338036944,-0.0019870700338036943,CHOPPY
2025-12-13 22:00:00,2025-12-13 23:00:00,2025-12-14 03:00:00,DOWN,Strong,90092.3,90222.3,time_exit,4.0,-0.001442964604078334,-0.002242964604078334,CHOPPY
2025-12-13 23:00:00,2025-12-14 00:00:00,2025-12-14 04:00:00,DOWN,Strong,90191.3,90159.3,time_exit,4.0,0.0003548014054570725,-0.00044519859454292753,CHOPPY
2025-12-14 18:00:00,2025-12-14 19:00:00,2025-12-14 23:00:00,DOWN,Strong,88951.7,88118.8,time_exit,4.0,0.00936350851079848,0.008563508510798479,CHOPPY
2025-12-14 20:00:00,2025-12-14 21:00:00,2025-12-15 01:00:00,DOWN,Moderate,88515.9,89189.1,time_exit,4.0,-0.007605413264735628,-0.008405413264735628,CHOPPY
2025-12-14 21:00:00,2025-12-14 22:00:00,2025-12-15 02:00:00,DOWN,Moderate,88403.6,89269.5,time_exit,4.0,-0.009794849983484788,-0.010594849983484788,CHOPPY
2025-12-15 12:00:00,2025-12-15 13:00:00,2025-12-15 17:00:00,DOWN,Strong,89657.9,85734.3,time_exit,4.0,0.043761899397599,0.042961899397599,CHOPPY
2025-12-15 13:00:00,2025-12-15 14:00:00,2025-12-15 18:00:00,DOWN,Strong,89388.1,86142.7,time_exit,4.0,0.03630684621331037,0.03550684621331037,CHOPPY
2025-12-15 15:00:00,2025-12-15 16:00:00,2025-12-15 20:00:00,UP,Moderate,86996.5,85763.2,time_exit,4.0,-0.014176432385210935,-0.014976432385210936,CHOPPY
2025-12-15 16:00:00,2025-12-15 17:00:00,2025-12-15 21:00:00,UP,Moderate,86360.6,86209.6,time_exit,4.0,-0.0017484825255961178,-0.0025484825255961178,BEAR
2025-12-15 17:00:00,2025-12-15 18:00:00,2025-12-15 22:00:00,UP,Moderate,85734.2,86228.8,time_exit,4.0,0.005768993003958833,0.004968993003958833,BEAR
2025-12-15 18:00:00,2025-12-15 19:00:00,2025-12-15 23:00:00,UP,Moderate,86142.7,86389.9,time_exit,4.0,0.0028696569761570423,0.0020696569761570424,BEAR
2025-12-15 21:00:00,2025-12-15 22:00:00,2025-12-16 02:00:00,UP,Moderate,86209.7,85901.6,time_exit,4.0,-0.003573843778600261,-0.004373843778600261,BEAR
2025-12-16 03:00:00,2025-12-16 04:00:00,2025-12-16 08:00:00,UP,Moderate,85837.6,86236.5,time_exit,4.0,0.004647147636932969,0.003847147636932969,CHOPPY
2025-12-16 07:00:00,2025-12-16 08:00:00,2025-12-16 12:00:00,UP,Moderate,85964.9,87161.9,time_exit,4.0,0.013924287703469762,0.013124287703469762,BEAR
2025-12-16 10:00:00,2025-12-16 11:00:00,2025-12-16 15:00:00,UP,Moderate,86932.1,87936.3,time_exit,4.0,0.011551544251202861,0.01075154425120286,BEAR
2025-12-16 13:00:00,2025-12-16 14:00:00,2025-12-16 18:00:00,UP,Moderate,86410.4,87741.3,time_exit,4.0,0.015402081230962983,0.014602081230962983,BEAR
2025-12-16 14:00:00,2025-12-16 15:00:00,2025-12-16 19:00:00,UP,Moderate,87257.2,87538.7,time_exit,4.0,0.0032260948093680852,0.0024260948093680853,BULL
2025-12-16 15:00:00,2025-12-16 16:00:00,2025-12-16 20:00:00,UP,Moderate,87936.3,87533.7,time_exit,4.0,-0.0045783140750749185,-0.005378314075074919,CHOPPY
2025-12-16 16:00:00,2025-12-16 17:00:00,2025-12-16 21:00:00,UP,Moderate,87539.1,87728.6,time_exit,4.0,0.002164746953075891,0.0013647469530758912,CHOPPY
2025-12-16 17:00:00,2025-12-16 18:00:00,2025-12-16 22:00:00,UP,Moderate,87087.7,87753.6,time_exit,4.0,0.007646315151278671,0.0068463151512786705,CHOPPY
2025-12-16 18:00:00,2025-12-16 19:00:00,2025-12-16 23:00:00,UP,Moderate,87741.3,87826.3,time_exit,4.0,0.0009687570163652293,0.00016875701636522922,CHOPPY
2025-12-17 05:00:00,2025-12-17 06:00:00,2025-12-17 10:00:00,UP,Moderate,86595.0,86587.1,time_exit,4.0,-9.122928575544531e-05,-0.0008912292857554453,CHOPPY
2025-12-17 06:00:00,2025-12-17 07:00:00,2025-12-17 11:00:00,UP,Moderate,86735.5,86939.3,time_exit,4.0,0.002349672279516435,0.001549672279516435,CHOPPY
2025-12-17 07:00:00,2025-12-17 08:00:00,2025-12-17 12:00:00,UP,Moderate,87010.4,86984.0,time_exit,4.0,-0.00030341200592109985,-0.0011034120059210998,CHOPPY
2025-12-17 08:00:00,2025-12-17 09:00:00,2025-12-17 13:00:00,UP,Moderate,86366.1,87579.0,time_exit,4.0,0.014043704648004196,0.013243704648004196,CHOPPY
2025-12-17 09:00:00,2025-12-17 10:00:00,2025-12-17 14:00:00,UP,Moderate,86386.1,89633.9,time_exit,4.0,0.03759632626082188,0.036796326260821875,CHOPPY
2025-12-17 10:00:00,2025-12-17 11:00:00,2025-12-17 15:00:00,UP,Moderate,86587.0,87191.4,time_exit,4.0,0.006980262626029354,0.006180262626029354,CHOPPY
2025-12-17 11:00:00,2025-12-17 12:00:00,2025-12-17 16:00:00,UP,Strong,86939.2,86946.6,time_exit,4.0,8.511695529755947e-05,-0.0007148830447024406,CHOPPY
2025-12-17 12:00:00,2025-12-17 13:00:00,2025-12-17 17:00:00,UP,Moderate,86984.0,86380.6,time_exit,4.0,-0.006936907937091785,-0.007736907937091786,CHOPPY
2025-12-17 13:00:00,2025-12-17 14:00:00,2025-12-17 18:00:00,UP,Moderate,87579.0,85796.1,time_exit,4.0,-0.020357619977391828,-0.021157619977391826,BULL
2025-12-17 15:00:00,2025-12-17 16:00:00,2025-12-17 20:00:00,UP,Moderate,87191.0,85854.7,time_exit,4.0,-0.015326123109036471,-0.01612612310903647,BEAR
2025-12-18 13:00:00,2025-12-18 14:00:00,2025-12-18 18:00:00,UP,Moderate,88804.0,85946.7,time_exit,4.0,-0.03217535246160086,-0.03297535246160086,BEAR
2025-12-18 14:00:00,2025-12-18 15:00:00,2025-12-18 19:00:00,UP,Moderate,88325.4,84447.0,time_exit,4.0,-0.043910358741652944,-0.044710358741652946,CHOPPY
2025-12-19 03:00:00,2025-12-19 04:00:00,2025-12-19 08:00:00,UP,Moderate,86863.2,88063.2,time_exit,4.0,0.01381482607133977,0.01301482607133977,CHOPPY
2025-12-19 04:00:00,2025-12-19 05:00:00,2025-12-19 09:00:00,UP,Moderate,87073.4,88068.3,time_exit,4.0,0.011425992323717882,0.010625992323717881,BULL
2025-12-19 06:00:00,2025-12-19 07:00:00,2025-12-19 11:00:00,DOWN,Strong,87450.0,88169.9,time_exit,4.0,-0.008232132647226997,-0.009032132647226998,BULL
2025-12-19 08:00:00,2025-12-19 09:00:00,2025-12-19 13:00:00,DOWN,Strong,88063.2,87968.1,time_exit,4.0,0.0010799062491482214,0.0002799062491482214,BULL
2025-12-19 09:00:00,2025-12-19 10:00:00,2025-12-19 14:00:00,DOWN,Strong,88068.4,88140.8,time_exit,4.0,-0.0008220882859233392,-0.001622088285923339,BULL
2025-12-19 10:00:00,2025-12-19 11:00:00,2025-12-19 15:00:00,DOWN,Strong,88237.2,87925.6,time_exit,4.0,0.003531390388634148,0.002731390388634148,BULL
2025-12-19 11:00:00,2025-12-19 12:00:00,2025-12-19 16:00:00,DOWN,Strong,88170.0,87956.6,time_exit,4.0,0.0024203243733695867,0.0016203243733695868,BULL
2025-12-19 12:00:00,2025-12-19 13:00:00,2025-12-19 17:00:00,DOWN,Strong,87840.7,86912.6,time_exit,4.0,0.010565717258628315,0.009765717258628315,BEAR
2025-12-19 13:00:00,2025-12-19 14:00:00,2025-12-19 18:00:00,DOWN,Strong,87968.0,87126.2,time_exit,4.0,0.00956938886867953,0.008769388868679529,CHOPPY
2025-12-19 14:00:00,2025-12-19 15:00:00,2025-12-19 19:00:00,DOWN,Strong,88140.8,87812.8,time_exit,4.0,0.0037213186174847035,0.0029213186174847036,BEAR
2025-12-19 15:00:00,2025-12-19 16:00:00,2025-12-19 20:00:00,DOWN,Strong,87925.6,88064.8,time_exit,4.0,-0.0015831566688200294,-0.0023831566688200293,CHOPPY
2025-12-19 16:00:00,2025-12-19 17:00:00,2025-12-19 21:00:00,DOWN,Strong,87956.6,87805.3,time_exit,4.0,0.0017201665366783914,0.0009201665366783913,BULL
2025-12-19 18:00:00,2025-12-19 19:00:00,2025-12-19 23:00:00,DOWN,Moderate,87126.2,88100.0,time_exit,4.0,-0.011176890533501904,-0.011976890533501905,BULL
2025-12-19 19:00:00,2025-12-19 20:00:00,2025-12-20 00:00:00,DOWN,Moderate,87812.9,87967.3,time_exit,4.0,-0.0017582838056824368,-0.0025582838056824367,BULL
2025-12-19 21:00:00,2025-12-19 22:00:00,2025-12-20 02:00:00,DOWN,Strong,87805.8,88168.0,time_exit,4.0,-0.004125012242927051,-0.004925012242927051,CHOPPY
2025-12-20 05:00:00,2025-12-20 06:00:00,2025-12-20 10:00:00,DOWN,Moderate,88250.1,88133.7,time_exit,4.0,0.001318978675378335,0.000518978675378335,CHOPPY
2025-12-20 07:00:00,2025-12-20 08:00:00,2025-12-20 12:00:00,DOWN,Moderate,88240.0,88214.0,time_exit,4.0,0.00029465095194924906,-0.000505349048050751,CHOPPY
2025-12-20 08:00:00,2025-12-20 09:00:00,2025-12-20 13:00:00,DOWN,Moderate,88217.0,88230.9,time_exit,4.0,-0.0001575660020176617,-0.0009575660020176617,CHOPPY
2025-12-20 09:00:00,2025-12-20 10:00:00,2025-12-20 14:00:00,DOWN,Moderate,88190.0,88213.4,time_exit,4.0,-0.0002653362059190645,-0.0010653362059190644,CHOPPY
2025-12-20 10:00:00,2025-12-20 11:00:00,2025-12-20 15:00:00,DOWN,Moderate,88133.6,88134.6,time_exit,4.0,-1.1346410449641908e-05,-0.000811346410449642,CHOPPY
2025-12-20 11:00:00,2025-12-20 12:00:00,2025-12-20 16:00:00,DOWN,Strong,88243.6,88115.3,time_exit,4.0,0.0014539298034078607,0.0006539298034078607,CHOPPY
2025-12-20 12:00:00,2025-12-20 13:00:00,2025-12-20 17:00:00,DOWN,Strong,88213.9,88144.5,time_exit,4.0,0.0007867240877004189,-1.3275912299581132e-05,CHOPPY
2025-12-21 10:00:00,2025-12-21 11:00:00,2025-12-21 15:00:00,DOWN,Moderate,88633.2,88024.7,time_exit,4.0,0.006865373246142559,0.006065373246142558,CHOPPY
2025-12-21 11:00:00,2025-12-21 12:00:00,2025-12-21 16:00:00,DOWN,Strong,88570.7,88309.8,time_exit,4.0,0.0029456693917965238,0.002145669391796524,CHOPPY
2025-12-21 12:00:00,2025-12-21 13:00:00,2025-12-21 17:00:00,DOWN,Moderate,88588.6,88283.6,time_exit,4.0,0.003442880912442492,0.002642880912442492,CHOPPY
2025-12-22 03:00:00,2025-12-22 04:00:00,2025-12-22 08:00:00,UP,Moderate,88727.4,89297.6,time_exit,4.0,0.006426425207996855,0.005626425207996855,CHOPPY
2025-12-22 06:00:00,2025-12-22 07:00:00,2025-12-22 11:00:00,DOWN,Moderate,88867.3,89905.2,time_exit,4.0,-0.011679211588514482,-0.012479211588514482,CHOPPY
2025-12-22 07:00:00,2025-12-22 08:00:00,2025-12-22 12:00:00,DOWN,Strong,89127.8,90171.2,time_exit,4.0,-0.011706785088378746,-0.012506785088378746,CHOPPY
2025-12-22 09:00:00,2025-12-22 10:00:00,2025-12-22 14:00:00,DOWN,Strong,89785.3,90088.4,time_exit,4.0,-0.003375831010198782,-0.004175831010198782,CHOPPY
2025-12-22 10:00:00,2025-12-22 11:00:00,2025-12-22 15:00:00,DOWN,Strong,89742.0,89688.5,time_exit,4.0,0.0005961534175747962,-0.0002038465824252038,CHOPPY
2025-12-22 11:00:00,2025-12-22 12:00:00,2025-12-22 16:00:00,DOWN,Strong,89905.2,89508.4,time_exit,4.0,0.00441353781538778,0.0036135378153877803,CHOPPY
2025-12-22 12:00:00,2025-12-22 13:00:00,2025-12-22 17:00:00,DOWN,Strong,90171.2,89271.0,time_exit,4.0,0.009983231896658729,0.009183231896658728,CHOPPY
2025-12-22 13:00:00,2025-12-22 14:00:00,2025-12-22 18:00:00,DOWN,Strong,89882.6,89104.8,time_exit,4.0,0.008653510245587026,0.007853510245587026,CHOPPY
2025-12-22 14:00:00,2025-12-22 15:00:00,2025-12-22 19:00:00,DOWN,Strong,90088.4,88011.1,time_exit,4.0,0.02305846257675781,0.02225846257675781,CHOPPY
2025-12-22 15:00:00,2025-12-22 16:00:00,2025-12-22 20:00:00,DOWN,Strong,89688.6,88305.9,time_exit,4.0,0.015416675028933624,0.014616675028933624,CHOPPY
2025-12-22 16:00:00,2025-12-22 17:00:00,2025-12-22 21:00:00,DOWN,Strong,89508.5,88232.1,time_exit,4.0,0.014260098202963922,0.013460098202963922,CHOPPY
2025-12-22 17:00:00,2025-12-22 18:00:00,2025-12-22 22:00:00,DOWN,Strong,89271.0,88616.1,time_exit,4.0,0.0073360889874650725,0.006536088987465072,CHOPPY
2025-12-22 18:00:00,2025-12-22 19:00:00,2025-12-22 23:00:00,DOWN,Strong,89104.9,88581.5,time_exit,4.0,0.005873975505275131,0.00507397550527513,CHOPPY
2025-12-22 20:00:00,2025-12-22 21:00:00,2025-12-23 01:00:00,DOWN,Moderate,88305.3,88470.9,time_exit,4.0,-0.0018753121273580309,-0.002675312127358031,CHOPPY
2025-12-22 23:00:00,2025-12-23 00:00:00,2025-12-23 04:00:00,UP,Moderate,88581.5,87892.0,time_exit,4.0,-0.007783792326840233,-0.008583792326840234,CHOPPY
2025-12-23 02:00:00,2025-12-23 03:00:00,2025-12-23 07:00:00,UP,Moderate,88167.7,87531.3,time_exit,4.0,-0.007218062850681051,-0.008018062850681051,CHOPPY
2025-12-23 03:00:00,2025-12-23 04:00:00,2025-12-23 08:00:00,UP,Strong,88128.2,87426.8,time_exit,4.0,-0.007958859933596685,-0.008758859933596685,CHOPPY
2025-12-23 16:00:00,2025-12-23 17:00:00,2025-12-23 21:00:00,DOWN,Moderate,87959.8,87692.7,time_exit,4.0,0.0030366144534208495,0.0022366144534208495,CHOPPY
2025-12-25 04:00:00,2025-12-25 05:00:00,2025-12-25 09:00:00,UP,Strong,87740.5,87482.1,time_exit,4.0,-0.0029450481818543706,-0.0037450481818543705,CHOPPY
2025-12-25 05:00:00,2025-12-25 06:00:00,2025-12-25 10:00:00,UP,Strong,87706.1,87386.0,time_exit,4.0,-0.003649689132226852,-0.0044496891322268525,CHOPPY
2025-12-25 06:00:00,2025-12-25 07:00:00,2025-12-25 11:00:00,UP,Moderate,87799.6,87485.2,time_exit,4.0,-0.0035808819174575346,-0.004380881917457535,CHOPPY
2025-12-25 07:00:00,2025-12-25 08:00:00,2025-12-25 12:00:00,UP,Moderate,87795.9,87533.7,time_exit,4.0,-0.0029864720334320527,-0.0037864720334320526,CHOPPY
2025-12-25 08:00:00,2025-12-25 09:00:00,2025-12-25 13:00:00,UP,Strong,87546.2,87597.1,time_exit,4.0,0.0005814073026586541,-0.0002185926973413459,CHOPPY
2025-12-25 09:00:00,2025-12-25 10:00:00,2025-12-25 14:00:00,UP,Moderate,87482.1,87675.1,time_exit,4.0,0.0022061656041636457,0.0014061656041636458,CHOPPY
2025-12-25 10:00:00,2025-12-25 11:00:00,2025-12-25 15:00:00,UP,Strong,87386.1,88338.9,time_exit,4.0,0.010903335885226406,0.010103335885226406,CHOPPY
2025-12-25 11:00:00,2025-12-25 12:00:00,2025-12-25 16:00:00,UP,Moderate,87485.2,88042.0,time_exit,4.0,0.006364505082002481,0.00556450508200248,CHOPPY
2025-12-25 12:00:00,2025-12-25 13:00:00,2025-12-25 17:00:00,UP,Strong,87533.8,88096.2,time_exit,4.0,0.006424946706300894,0.005624946706300893,CHOPPY
2025-12-25 13:00:00,2025-12-25 14:00:00,2025-12-25 18:00:00,UP,Moderate,87597.1,88198.5,time_exit,4.0,0.006865524086984598,0.0060655240869845976,CHOPPY
2025-12-25 14:00:00,2025-12-25 15:00:00,2025-12-25 19:00:00,UP,Moderate,87675.0,88112.3,time_exit,4.0,0.004987738808098108,0.004187738808098107,CHOPPY
2025-12-25 15:00:00,2025-12-25 16:00:00,2025-12-25 20:00:00,UP,Strong,88339.0,87844.7,time_exit,4.0,-0.005595490100635092,-0.0063954901006350925,CHOPPY
2025-12-25 17:00:00,2025-12-25 18:00:00,2025-12-25 22:00:00,DOWN,Strong,88096.1,87607.9,time_exit,4.0,0.005541675511174904,0.0047416755111749035,CHOPPY
2025-12-25 18:00:00,2025-12-25 19:00:00,2025-12-25 23:00:00,DOWN,Moderate,88198.5,87182.8,time_exit,4.0,0.011516068867384321,0.010716068867384321,CHOPPY
2025-12-25 19:00:00,2025-12-25 20:00:00,2025-12-26 00:00:00,DOWN,Moderate,88112.3,87084.5,time_exit,4.0,0.011664659758058749,0.010864659758058748,CHOPPY
2025-12-25 23:00:00,2025-12-26 00:00:00,2025-12-26 04:00:00,UP,Strong,87182.8,88926.0,time_exit,4.0,0.01999476961051938,0.019194769610519382,CHOPPY
2025-12-26 00:00:00,2025-12-26 01:00:00,2025-12-26 05:00:00,UP,Strong,87084.4,88954.7,time_exit,4.0,0.021476866120683002,0.020676866120683004,CHOPPY
2025-12-26 02:00:00,2025-12-26 03:00:00,2025-12-26 07:00:00,DOWN,Strong,89151.8,88433.0,time_exit,4.0,0.008062652689009076,0.007262652689009075,BULL
2025-12-26 03:00:00,2025-12-26 04:00:00,2025-12-26 08:00:00,DOWN,Strong,88796.2,88707.4,time_exit,4.0,0.0010000427946241786,0.00020004279462417852,BULL
2025-12-26 04:00:00,2025-12-26 05:00:00,2025-12-26 09:00:00,DOWN,Strong,88926.0,88783.2,time_exit,4.0,0.0016058295661561806,0.0008058295661561805,BULL
2025-12-26 05:00:00,2025-12-26 06:00:00,2025-12-26 10:00:00,DOWN,Strong,88954.7,88717.5,time_exit,4.0,0.002666525770982253,0.0018665257709822533,BULL
2025-12-26 06:00:00,2025-12-26 07:00:00,2025-12-26 11:00:00,DOWN,Strong,89085.0,88507.5,time_exit,4.0,0.006482572823707677,0.005682572823707677,BULL
2025-12-26 16:00:00,2025-12-26 17:00:00,2025-12-26 21:00:00,UP,Moderate,86821.7,87429.3,time_exit,4.0,0.006998250437390663,0.0061982504373906625,BEAR
2025-12-26 17:00:00,2025-12-26 18:00:00,2025-12-26 22:00:00,UP,Moderate,87288.5,87505.4,time_exit,4.0,0.002484863412706151,0.001684863412706151,BEAR
2025-12-26 19:00:00,2025-12-26 20:00:00,2025-12-27 00:00:00,DOWN,Moderate,87453.7,87360.0,time_exit,4.0,0.001071424079255645,0.00027142407925564505,CHOPPY
2025-12-26 21:00:00,2025-12-26 22:00:00,2025-12-27 02:00:00,DOWN,Moderate,87429.2,87410.7,time_exit,4.0,0.00021159978588392026,-0.0005884002141160798,CHOPPY
2025-12-29 03:00:00,2025-12-29 04:00:00,2025-12-29 08:00:00,DOWN,Moderate,90091.5,89519.0,time_exit,4.0,0.006354650549718843,0.005554650549718843,CHOPPY
2025-12-29 04:00:00,2025-12-29 05:00:00,2025-12-29 09:00:00,DOWN,Strong,90100.1,88068.2,time_exit,4.0,0.022551584293469262,0.021751584293469264,CHOPPY
2025-12-29 05:00:00,2025-12-29 06:00:00,2025-12-29 10:00:00,DOWN,Strong,89950.8,87747.1,time_exit,4.0,0.02449894831396715,0.023698948313967152,CHOPPY
2025-12-29 06:00:00,2025-12-29 07:00:00,2025-12-29 11:00:00,DOWN,Strong,89740.7,87529.0,time_exit,4.0,0.024645450726370477,0.02384545072637048,CHOPPY
2025-12-29 07:00:00,2025-12-29 08:00:00,2025-12-29 12:00:00,DOWN,Strong,89583.0,87344.0,time_exit,4.0,0.024993581371465567,0.02419358137146557,CHOPPY
2025-12-29 08:00:00,2025-12-29 09:00:00,2025-12-29 13:00:00,DOWN,Strong,89519.0,87354.3,time_exit,4.0,0.024181458684748414,0.023381458684748415,CHOPPY
2025-12-29 09:00:00,2025-12-29 10:00:00,2025-12-29 14:00:00,DOWN,Strong,88068.2,87399.9,time_exit,4.0,0.007588437143032367,0.006788437143032367,CHOPPY
2025-12-29 10:00:00,2025-12-29 11:00:00,2025-12-29 15:00:00,DOWN,Moderate,87747.2,87636.6,time_exit,4.0,0.0012604390795374343,0.00046043907953743424,CHOPPY
2025-12-29 11:00:00,2025-12-29 12:00:00,2025-12-29 16:00:00,DOWN,Moderate,87529.1,87587.0,time_exit,4.0,-0.0006614942916127742,-0.001461494291612774,CHOPPY
2025-12-29 12:00:00,2025-12-29 13:00:00,2025-12-29 17:00:00,DOWN,Moderate,87343.9,87814.1,time_exit,4.0,-0.005383318125249836,-0.006183318125249837,CHOPPY
2025-12-29 13:00:00,2025-12-29 14:00:00,2025-12-29 18:00:00,UP,Strong,87354.3,87426.9,time_exit,4.0,0.000831098182917156,3.109818291715594e-05,CHOPPY
2025-12-29 14:00:00,2025-12-29 15:00:00,2025-12-29 19:00:00,UP,Strong,87400.0,87328.9,time_exit,4.0,-0.0008135011441647855,-0.0016135011441647854,CHOPPY
2025-12-29 15:00:00,2025-12-29 16:00:00,2025-12-29 20:00:00,UP,Moderate,87636.4,87182.9,time_exit,4.0,-0.0051747903839044485,-0.005974790383904449,CHOPPY
2025-12-29 19:00:00,2025-12-29 20:00:00,2025-12-30 00:00:00,DOWN,Moderate,87328.9,87223.2,time_exit,4.0,0.0012103667857947809,0.0004103667857947808,CHOPPY
2025-12-29 22:00:00,2025-12-29 23:00:00,2025-12-30 03:00:00,DOWN,Moderate,87317.1,87334.7,time_exit,4.0,-0.0002015641838768456,-0.0010015641838768455,BEAR
2025-12-30 00:00:00,2025-12-30 01:00:00,2025-12-30 05:00:00,DOWN,Moderate,87223.2,87216.2,time_exit,4.0,8.025387740873136e-05,-0.0007197461225912687,CHOPPY
2025-12-30 02:00:00,2025-12-30 03:00:00,2025-12-30 07:00:00,UP,Moderate,87072.8,87457.5,time_exit,4.0,0.0044181420604367805,0.0036181420604367806,CHOPPY
2025-12-30 04:00:00,2025-12-30 05:00:00,2025-12-30 09:00:00,DOWN,Moderate,87262.1,87954.7,time_exit,4.0,-0.00793700816276477,-0.00873700816276477,CHOPPY
2025-12-30 08:00:00,2025-12-30 09:00:00,2025-12-30 13:00:00,UP,Moderate,87827.0,88069.8,time_exit,4.0,0.0027645257153268155,0.0019645257153268155,CHOPPY
2025-12-30 10:00:00,2025-12-30 11:00:00,2025-12-30 15:00:00,UP,Moderate,87914.3,88966.8,time_exit,4.0,0.011971886257412079,0.011171886257412078,CHOPPY
2025-12-30 12:00:00,2025-12-30 13:00:00,2025-12-30 17:00:00,DOWN,Moderate,87993.3,88330.2,time_exit,4.0,-0.0038287005942496677,-0.004628700594249668,CHOPPY
2025-12-30 13:00:00,2025-12-30 14:00:00,2025-12-30 18:00:00,DOWN,Strong,88069.9,88259.6,time_exit,4.0,-0.002153970879948952,-0.002953970879948952,CHOPPY
2025-12-30 14:00:00,2025-12-30 15:00:00,2025-12-30 19:00:00,DOWN,Moderate,88831.5,88189.7,time_exit,4.0,0.007224914585479247,0.006424914585479247,CHOPPY
2025-12-30 15:00:00,2025-12-30 16:00:00,2025-12-30 20:00:00,DOWN,Moderate,88966.8,87900.3,time_exit,4.0,0.011987617852951882,0.011187617852951881,CHOPPY
2025-12-30 16:00:00,2025-12-30 17:00:00,2025-12-30 21:00:00,UP,Moderate,88698.8,88245.5,time_exit,4.0,-0.005110553919557059,-0.00591055391955706,CHOPPY
2025-12-30 17:00:00,2025-12-30 18:00:00,2025-12-30 22:00:00,DOWN,Moderate,88330.2,88387.7,time_exit,4.0,-0.0006509664871130472,-0.001450966487113047,CHOPPY
2025-12-30 18:00:00,2025-12-30 19:00:00,2025-12-30 23:00:00,DOWN,Strong,88259.7,88455.3,time_exit,4.0,-0.0022161870026751185,-0.0030161870026751184,CHOPPY
2025-12-30 19:00:00,2025-12-30 20:00:00,2025-12-31 00:00:00,DOWN,Strong,88189.8,88226.3,time_exit,4.0,-0.00041388006322717885,-0.0012138800632271788,CHOPPY
2025-12-30 20:00:00,2025-12-30 21:00:00,2025-12-31 01:00:00,DOWN,Strong,87900.2,88604.7,time_exit,4.0,-0.008014771297448764,-0.008814771297448764,CHOPPY
2025-12-30 21:00:00,2025-12-30 22:00:00,2025-12-31 02:00:00,DOWN,Strong,88245.5,88639.3,time_exit,4.0,-0.004462550498325779,-0.0052625504983257795,CHOPPY
2025-12-30 22:00:00,2025-12-30 23:00:00,2025-12-31 03:00:00,DOWN,Moderate,88387.8,88411.5,time_exit,4.0,-0.0002681365527821278,-0.0010681365527821277,CHOPPY
2025-12-30 23:00:00,2025-12-31 00:00:00,2025-12-31 04:00:00,DOWN,Strong,88455.2,88287.3,time_exit,4.0,0.0018981360055710939,0.001098136005571094,CHOPPY
2025-12-31 00:00:00,2025-12-31 01:00:00,2025-12-31 05:00:00,DOWN,Moderate,88226.2,88415.6,time_exit,4.0,-0.0021467545921733944,-0.0029467545921733943,CHOPPY
2025-12-31 01:00:00,2025-12-31 02:00:00,2025-12-31 06:00:00,DOWN,Moderate,88604.7,88470.9,time_exit,4.0,0.0015100779078310866,0.0007100779078310866,CHOPPY
2025-12-31 14:00:00,2025-12-31 15:00:00,2025-12-31 19:00:00,UP,Moderate,88443.4,87515.0,time_exit,4.0,-0.01049710888545663,-0.01129710888545663,CHOPPY
2025-12-31 15:00:00,2025-12-31 16:00:00,2025-12-31 20:00:00,UP,Moderate,87909.0,87629.0,time_exit,4.0,-0.003185111877054725,-0.003985111877054725,CHOPPY
2025-12-31 16:00:00,2025-12-31 17:00:00,2025-12-31 21:00:00,UP,Strong,87625.9,87764.0,time_exit,4.0,0.00157601804945795,0.0007760180494579501,CHOPPY
2025-12-31 18:00:00,2025-12-31 19:00:00,2025-12-31 23:00:00,UP,Moderate,87655.9,87608.2,time_exit,4.0,-0.0005441732958078038,-0.0013441732958078038,CHOPPY
2025-12-31 19:00:00,2025-12-31 20:00:00,2026-01-01 00:00:00,UP,Moderate,87515.0,87773.4,time_exit,4.0,0.0029526366908529944,0.0021526366908529945,CHOPPY
2025-12-31 20:00:00,2025-12-31 21:00:00,2026-01-01 01:00:00,UP,Moderate,87629.0,87916.5,time_exit,4.0,0.003280877335128718,0.002480877335128718,CHOPPY
2026-01-01 04:00:00,2026-01-01 05:00:00,2026-01-01 09:00:00,UP,Moderate,87566.9,87846.7,time_exit,4.0,0.00319527127259267,0.0023952712725926703,CHOPPY
2026-01-01 14:00:00,2026-01-01 15:00:00,2026-01-01 19:00:00,UP,Moderate,87917.6,88354.8,time_exit,4.0,0.004972838203044727,0.004172838203044727,CHOPPY
2026-01-01 23:00:00,2026-01-02 00:00:00,2026-01-02 04:00:00,UP,Moderate,88800.0,88595.1,time_exit,4.0,-0.002307432432432366,-0.0031074324324323658,CHOPPY
2026-01-03 20:00:00,2026-01-03 21:00:00,2026-01-04 01:00:00,DOWN,Moderate,90333.1,91190.0,time_exit,4.0,-0.00948600236236774,-0.01028600236236774,CHOPPY
2026-01-03 21:00:00,2026-01-03 22:00:00,2026-01-04 02:00:00,DOWN,Moderate,90530.3,91099.2,time_exit,4.0,-0.006284083892354131,-0.007084083892354131,CHOPPY
2026-01-03 22:00:00,2026-01-03 23:00:00,2026-01-04 03:00:00,DOWN,Moderate,90557.4,91192.7,time_exit,4.0,-0.0070154399309168,-0.0078154399309168,CHOPPY
2026-01-03 23:00:00,2026-01-04 00:00:00,2026-01-04 04:00:00,DOWN,Moderate,90595.8,91355.0,time_exit,4.0,-0.008380079429730625,-0.009180079429730625,CHOPPY
2026-01-04 00:00:00,2026-01-04 01:00:00,2026-01-04 05:00:00,DOWN,Moderate,91301.4,91437.0,time_exit,4.0,-0.0014851908075890208,-0.0022851908075890207,CHOPPY
2026-01-04 01:00:00,2026-01-04 02:00:00,2026-01-04 06:00:00,DOWN,Moderate,91190.0,91187.1,time_exit,4.0,3.1801732646052905e-05,-0.0007681982673539471,CHOPPY
2026-01-04 02:00:00,2026-01-04 03:00:00,2026-01-04 07:00:00,DOWN,Moderate,91099.2,91477.5,time_exit,4.0,-0.0041526160493177144,-0.004952616049317715,CHOPPY
2026-01-04 03:00:00,2026-01-04 04:00:00,2026-01-04 08:00:00,DOWN,Moderate,91192.7,91325.7,time_exit,4.0,-0.001458450073306361,-0.002258450073306361,CHOPPY
2026-01-04 04:00:00,2026-01-04 05:00:00,2026-01-04 09:00:00,DOWN,Moderate,91354.9,91413.7,time_exit,4.0,-0.0006436436359735787,-0.0014436436359735786,CHOPPY
2026-01-04 09:00:00,2026-01-04 10:00:00,2026-01-04 14:00:00,DOWN,Moderate,91413.8,91305.0,time_exit,4.0,0.001190192290441927,0.00039019229044192705,CHOPPY
2026-01-04 10:00:00,2026-01-04 11:00:00,2026-01-04 15:00:00,DOWN,Moderate,91553.4,91292.8,time_exit,4.0,0.0028464262386759254,0.0020464262386759254,CHOPPY
2026-01-05 02:00:00,2026-01-05 03:00:00,2026-01-05 07:00:00,DOWN,Moderate,92990.3,92492.1,time_exit,4.0,0.0053575480453337265,0.004557548045333726,CHOPPY
2026-01-05 15:00:00,2026-01-05 16:00:00,2026-01-05 20:00:00,DOWN,Moderate,93900.0,94131.0,time_exit,4.0,-0.0024600638977636535,-0.0032600638977636535,CHOPPY
2026-01-05 16:00:00,2026-01-05 17:00:00,2026-01-05 21:00:00,DOWN,Moderate,93646.6,94049.1,time_exit,4.0,-0.004298073822220916,-0.005098073822220916,CHOPPY
2026-01-05 17:00:00,2026-01-05 18:00:00,2026-01-05 22:00:00,DOWN,Moderate,94273.0,94125.2,time_exit,4.0,0.00156778717130035,0.0007677871713003499,CHOPPY
2026-01-05 18:00:00,2026-01-05 19:00:00,2026-01-05 23:00:00,DOWN,Moderate,94400.5,93822.4,time_exit,4.0,0.006123908242011478,0.005323908242011477,CHOPPY
2026-01-05 19:00:00,2026-01-05 20:00:00,2026-01-06 00:00:00,DOWN,Moderate,94248.6,93768.8,time_exit,4.0,0.005090791799559957,0.004290791799559957,CHOPPY
2026-01-05 20:00:00,2026-01-05 21:00:00,2026-01-06 01:00:00,DOWN,Moderate,94131.0,93736.0,time_exit,4.0,0.0041962796528242086,0.0033962796528242086,CHOPPY
2026-01-06 04:00:00,2026-01-06 05:00:00,2026-01-06 09:00:00,DOWN,Moderate,93758.8,93420.4,time_exit,4.0,0.0036092612106811695,0.0028092612106811695,CHOPPY
2026-01-06 05:00:00,2026-01-06 06:00:00,2026-01-06 10:00:00,DOWN,Moderate,93552.0,93536.3,time_exit,4.0,0.00016782110484003798,-0.0006321788951599621,CHOPPY
2026-01-06 06:00:00,2026-01-06 07:00:00,2026-01-06 11:00:00,DOWN,Moderate,93727.5,93799.9,time_exit,4.0,-0.0007724520551597447,-0.0015724520551597446,CHOPPY
2026-01-06 08:00:00,2026-01-06 09:00:00,2026-01-06 13:00:00,DOWN,Moderate,93196.9,93678.1,time_exit,4.0,-0.005163261868152302,-0.005963261868152303,CHOPPY
2026-01-06 09:00:00,2026-01-06 10:00:00,2026-01-06 14:00:00,DOWN,Moderate,93420.4,93796.2,time_exit,4.0,-0.004022675989398428,-0.004822675989398428,CHOPPY
2026-01-06 10:00:00,2026-01-06 11:00:00,2026-01-06 15:00:00,DOWN,Strong,93536.4,93608.2,time_exit,4.0,-0.0007676156020544056,-0.0015676156020544055,CHOPPY
2026-01-06 11:00:00,2026-01-06 12:00:00,2026-01-06 16:00:00,DOWN,Moderate,93800.0,92651.3,time_exit,4.0,0.012246268656716408,0.011446268656716408,CHOPPY
2026-01-06 12:00:00,2026-01-06 13:00:00,2026-01-06 17:00:00,DOWN,Moderate,93819.4,91547.6,time_exit,4.0,0.0242146080661354,0.023414608066135403,CHOPPY
2026-01-06 13:00:00,2026-01-06 14:00:00,2026-01-06 18:00:00,DOWN,Moderate,93678.0,92006.4,time_exit,4.0,0.01784410427208105,0.017044104272081053,CHOPPY
2026-01-06 14:00:00,2026-01-06 15:00:00,2026-01-06 19:00:00,DOWN,Moderate,93796.2,92062.2,time_exit,4.0,0.018486889660775163,0.017686889660775165,CHOPPY
2026-01-06 15:00:00,2026-01-06 16:00:00,2026-01-06 20:00:00,DOWN,Moderate,93608.2,92472.8,time_exit,4.0,0.01212927927254226,0.011329279272542259,CHOPPY
2026-01-06 16:00:00,2026-01-06 17:00:00,2026-01-06 21:00:00,DOWN,Moderate,92651.3,93207.8,time_exit,4.0,-0.006006391707401804,-0.006806391707401804,CHOPPY
2026-01-06 17:00:00,2026-01-06 18:00:00,2026-01-06 22:00:00,DOWN,Moderate,91547.5,93320.0,time_exit,4.0,-0.01936153363008275,-0.02016153363008275,CHOPPY
2026-01-06 19:00:00,2026-01-06 20:00:00,2026-01-07 00:00:00,DOWN,Moderate,92062.2,92670.4,time_exit,4.0,-0.006606403062277444,-0.007406403062277444,CHOPPY
2026-01-07 01:00:00,2026-01-07 02:00:00,2026-01-07 06:00:00,DOWN,Moderate,92405.6,92576.4,time_exit,4.0,-0.0018483728258891219,-0.002648372825889122,BEAR
2026-01-07 03:00:00,2026-01-07 04:00:00,2026-01-07 08:00:00,DOWN,Moderate,92778.1,92680.3,time_exit,4.0,0.0010541280754833293,0.0002541280754833293,BEAR
2026-01-07 04:00:00,2026-01-07 05:00:00,2026-01-07 09:00:00,DOWN,Moderate,92637.3,91672.0,time_exit,4.0,0.010420208706428236,0.009620208706428235,BEAR
2026-01-07 05:00:00,2026-01-07 06:00:00,2026-01-07 10:00:00,DOWN,Moderate,92504.0,91924.1,time_exit,4.0,0.0062689181008388495,0.005468918100838849,BEAR
2026-01-07 06:00:00,2026-01-07 07:00:00,2026-01-07 11:00:00,DOWN,Moderate,92576.4,92041.9,time_exit,4.0,0.005773609688862424,0.004973609688862424,CHOPPY
2026-01-07 07:00:00,2026-01-07 08:00:00,2026-01-07 12:00:00,DOWN,Moderate,92848.1,91953.4,time_exit,4.0,0.009636169183860677,0.008836169183860676,BEAR
2026-01-07 08:00:00,2026-01-07 09:00:00,2026-01-07 13:00:00,DOWN,Moderate,92680.4,91994.4,time_exit,4.0,0.007401780743285569,0.006601780743285568,BEAR
2026-01-07 11:00:00,2026-01-07 12:00:00,2026-01-07 16:00:00,DOWN,Moderate,92041.8,91229.9,time_exit,4.0,0.008820992201369449,0.008020992201369448,BEAR
2026-01-07 12:00:00,2026-01-07 13:00:00,2026-01-07 17:00:00,DOWN,Moderate,91953.3,91215.0,time_exit,4.0,0.008029075628607107,0.007229075628607107,BEAR
2026-01-07 17:00:00,2026-01-07 18:00:00,2026-01-07 22:00:00,DOWN,Moderate,91214.9,91143.6,time_exit,4.0,0.000781670538475443,-1.832946152455705e-05,BEAR
2026-01-07 18:00:00,2026-01-07 19:00:00,2026-01-07 23:00:00,UP,Moderate,90857.4,91328.0,time_exit,4.0,0.0051795450893379336,0.004379545089337933,BEAR
2026-01-11 20:00:00,2026-01-11 21:00:00,2026-01-12 01:00:00,DOWN,Moderate,90654.2,91370.0,time_exit,4.0,-0.007895938632738408,-0.008695938632738409,CHOPPY
2026-01-12 02:00:00,2026-01-12 03:00:00,2026-01-12 07:00:00,DOWN,Moderate,92168.8,91369.2,time_exit,4.0,0.008675386898820525,0.007875386898820525,CHOPPY
2026-01-12 03:00:00,2026-01-12 04:00:00,2026-01-12 08:00:00,DOWN,Moderate,91766.2,90714.0,time_exit,4.0,0.011466095359729422,0.010666095359729422,CHOPPY
2026-01-12 04:00:00,2026-01-12 05:00:00,2026-01-12 09:00:00,DOWN,Moderate,92126.6,90646.8,time_exit,4.0,0.01606267896568425,0.015262678965684251,CHOPPY
2026-01-12 05:00:00,2026-01-12 06:00:00,2026-01-12 10:00:00,DOWN,Moderate,92066.7,90394.6,time_exit,4.0,0.018161832671313216,0.017361832671313217,CHOPPY
2026-01-12 07:00:00,2026-01-12 08:00:00,2026-01-12 12:00:00,DOWN,Moderate,91369.2,90741.6,time_exit,4.0,0.006868835450020261,0.0060688354500202605,CHOPPY
2026-01-12 14:00:00,2026-01-12 15:00:00,2026-01-12 19:00:00,UP,Moderate,90852.7,91821.9,time_exit,4.0,0.010667817247038247,0.009867817247038247,CHOPPY
2026-01-13 08:00:00,2026-01-13 09:00:00,2026-01-13 13:00:00,DOWN,Moderate,92137.7,92021.0,time_exit,4.0,0.001266582517254089,0.00046658251725408895,CHOPPY
2026-01-13 17:00:00,2026-01-13 18:00:00,2026-01-13 22:00:00,DOWN,Moderate,93190.5,95730.5,time_exit,4.0,-0.027255997124170372,-0.02805599712417037,CHOPPY
2026-01-14 03:00:00,2026-01-14 04:00:00,2026-01-14 08:00:00,DOWN,Moderate,95665.6,94866.3,time_exit,4.0,0.008355145423224242,0.007555145423224241,BULL
2026-01-16 04:00:00,2026-01-16 05:00:00,2026-01-16 09:00:00,DOWN,Strong,95233.4,95568.1,time_exit,4.0,-0.003514523265997216,-0.004314523265997216,CHOPPY
2026-01-16 05:00:00,2026-01-16 06:00:00,2026-01-16 10:00:00,DOWN,Moderate,95615.9,95272.6,time_exit,4.0,0.00359040703481317,0.00279040703481317,CHOPPY
2026-01-16 06:00:00,2026-01-16 07:00:00,2026-01-16 11:00:00,DOWN,Strong,95702.5,95382.6,time_exit,4.0,0.003342650400982139,0.002542650400982139,CHOPPY
2026-01-16 07:00:00,2026-01-16 08:00:00,2026-01-16 12:00:00,DOWN,Strong,95608.4,95414.6,time_exit,4.0,0.002027018546487458,0.001227018546487458,CHOPPY
2026-01-16 08:00:00,2026-01-16 09:00:00,2026-01-16 13:00:00,DOWN,Strong,95628.4,95400.2,time_exit,4.0,0.002386320381811191,0.0015863203818111912,CHOPPY
2026-01-16 09:00:00,2026-01-16 10:00:00,2026-01-16 14:00:00,DOWN,Strong,95568.1,95137.0,time_exit,4.0,0.004510919438599381,0.0037109194385993812,CHOPPY
2026-01-16 10:00:00,2026-01-16 11:00:00,2026-01-16 15:00:00,DOWN,Strong,95272.5,94537.5,time_exit,4.0,0.007714713059907119,0.006914713059907119,CHOPPY
2026-01-16 11:00:00,2026-01-16 12:00:00,2026-01-16 16:00:00,DOWN,Strong,95382.5,94826.6,time_exit,4.0,0.005828113123476419,0.005028113123476419,CHOPPY
2026-01-16 12:00:00,2026-01-16 13:00:00,2026-01-16 17:00:00,DOWN,Strong,95414.6,95041.6,time_exit,4.0,0.003909254977749743,0.0031092549777497432,CHOPPY
2026-01-16 13:00:00,2026-01-16 14:00:00,2026-01-16 18:00:00,DOWN,Strong,95400.1,94966.6,time_exit,4.0,0.004544020394108617,0.0037440203941086166,CHOPPY
2026-01-16 14:00:00,2026-01-16 15:00:00,2026-01-16 19:00:00,DOWN,Strong,95137.0,94961.0,time_exit,4.0,0.001849963736506255,0.001049963736506255,CHOPPY
2026-01-16 15:00:00,2026-01-16 16:00:00,2026-01-16 20:00:00,DOWN,Strong,94537.6,95517.1,time_exit,4.0,-0.010360956910266284,-0.011160956910266284,CHOPPY
2026-01-16 16:00:00,2026-01-16 17:00:00,2026-01-16 21:00:00,DOWN,Moderate,94826.5,95469.6,time_exit,4.0,-0.006781859501299836,-0.0075818595012998365,CHOPPY
2026-01-16 17:00:00,2026-01-16 18:00:00,2026-01-16 22:00:00,DOWN,Moderate,95041.7,95473.6,time_exit,4.0,-0.004544321071697999,-0.005344321071697999,CHOPPY
2026-01-16 19:00:00,2026-01-16 20:00:00,2026-01-17 00:00:00,DOWN,Moderate,94961.0,95416.9,time_exit,4.0,-0.004800918271711474,-0.005600918271711474,CHOPPY
2026-01-16 20:00:00,2026-01-16 21:00:00,2026-01-17 01:00:00,DOWN,Moderate,95517.2,95344.2,time_exit,4.0,0.0018111921203720627,0.0010111921203720627,CHOPPY
2026-01-16 23:00:00,2026-01-17 00:00:00,2026-01-17 04:00:00,DOWN,Moderate,95503.8,95267.4,time_exit,4.0,0.002475294176776277,0.0016752941767762771,CHOPPY
2026-01-17 00:00:00,2026-01-17 01:00:00,2026-01-17 05:00:00,DOWN,Moderate,95416.8,95270.5,time_exit,4.0,0.0015332729666054368,0.0007332729666054367,CHOPPY
2026-01-17 14:00:00,2026-01-17 15:00:00,2026-01-17 19:00:00,DOWN,Moderate,95419.9,95258.3,time_exit,4.0,0.0016935670651508916,0.0008935670651508916,CHOPPY
2026-01-17 15:00:00,2026-01-17 16:00:00,2026-01-17 20:00:00,DOWN,Strong,95529.0,95332.8,time_exit,4.0,0.0020538265866909544,0.0012538265866909545,CHOPPY
2026-01-17 17:00:00,2026-01-17 18:00:00,2026-01-17 22:00:00,DOWN,Moderate,95318.1,95120.8,time_exit,4.0,0.002069911171120764,0.0012699111711207641,CHOPPY
2026-01-17 19:00:00,2026-01-17 20:00:00,2026-01-18 00:00:00,DOWN,Strong,95258.3,95073.1,time_exit,4.0,0.001944187540613207,0.001144187540613207,CHOPPY
2026-01-17 20:00:00,2026-01-17 21:00:00,2026-01-18 01:00:00,DOWN,Strong,95332.9,94928.9,time_exit,4.0,0.004237781500405435,0.0034377815004054354,CHOPPY
2026-01-17 21:00:00,2026-01-17 22:00:00,2026-01-18 02:00:00,DOWN,Strong,95272.7,94989.0,time_exit,4.0,0.0029777680279869934,0.0021777680279869934,CHOPPY
2026-01-17 22:00:00,2026-01-17 23:00:00,2026-01-18 03:00:00,DOWN,Moderate,95120.8,95155.0,time_exit,4.0,-0.00035954281292838175,-0.0011595428129283817,CHOPPY
2026-01-17 23:00:00,2026-01-18 00:00:00,2026-01-18 04:00:00,DOWN,Strong,95107.9,95057.4,time_exit,4.0,0.0005309758705638323,-0.0002690241294361677,CHOPPY
2026-01-18 00:00:00,2026-01-18 01:00:00,2026-01-18 05:00:00,DOWN,Moderate,95073.2,95154.5,time_exit,4.0,-0.0008551305730741809,-0.0016551305730741809,CHOPPY
2026-01-18 01:00:00,2026-01-18 02:00:00,2026-01-18 06:00:00,DOWN,Strong,94928.8,95142.1,time_exit,4.0,-0.0022469471856803036,-0.0030469471856803035,CHOPPY
2026-01-18 02:00:00,2026-01-18 03:00:00,2026-01-18 07:00:00,DOWN,Moderate,94989.1,94989.9,time_exit,4.0,-8.422018947351617e-06,-0.0008084220189473517,CHOPPY
2026-01-18 03:00:00,2026-01-18 04:00:00,2026-01-18 08:00:00,DOWN,Moderate,95155.0,95150.0,time_exit,4.0,5.2545846250806605e-05,-0.0007474541537491934,CHOPPY
2026-01-20 05:00:00,2026-01-20 06:00:00,2026-01-20 10:00:00,UP,Strong,91590.1,91217.7,time_exit,4.0,-0.004065941624695313,-0.004865941624695313,CHOPPY
2026-01-20 06:00:00,2026-01-20 07:00:00,2026-01-20 11:00:00,UP,Strong,90894.5,91185.8,time_exit,4.0,0.00320481437270681,0.00240481437270681,CHOPPY
2026-01-20 08:00:00,2026-01-20 09:00:00,2026-01-20 13:00:00,UP,Strong,91078.9,90918.9,time_exit,4.0,-0.0017567186252798184,-0.0025567186252798183,CHOPPY
2026-01-20 12:00:00,2026-01-20 13:00:00,2026-01-20 17:00:00,DOWN,Moderate,91240.0,89739.6,time_exit,4.0,0.016444541867601914,0.015644541867601915,CHOPPY
2026-01-20 13:00:00,2026-01-20 14:00:00,2026-01-20 18:00:00,UP,Moderate,90919.0,89471.6,time_exit,4.0,-0.015919664756541496,-0.016719664756541495,CHOPPY
2026-01-20 14:00:00,2026-01-20 15:00:00,2026-01-20 19:00:00,UP,Moderate,90496.6,89694.1,time_exit,4.0,-0.008867736467447429,-0.00966773646744743,CHOPPY
2026-01-20 16:00:00,2026-01-20 17:00:00,2026-01-20 21:00:00,UP,Strong,90131.8,89445.6,time_exit,4.0,-0.00761329519658982,-0.00841329519658982,CHOPPY
2026-01-20 17:00:00,2026-01-20 18:00:00,2026-01-20 22:00:00,UP,Strong,89739.6,88469.0,time_exit,4.0,-0.014158743743007629,-0.01495874374300763,CHOPPY
2026-01-20 18:00:00,2026-01-20 19:00:00,2026-01-20 23:00:00,UP,Strong,89471.5,88390.6,time_exit,4.0,-0.012080941975936454,-0.012880941975936455,CHOPPY
2026-01-20 19:00:00,2026-01-20 20:00:00,2026-01-21 00:00:00,UP,Strong,89694.1,88895.5,time_exit,4.0,-0.008903595665712749,-0.00970359566571275,CHOPPY
2026-01-20 20:00:00,2026-01-20 21:00:00,2026-01-21 01:00:00,UP,Strong,89700.8,88985.2,time_exit,4.0,-0.007977632306512383,-0.008777632306512384,CHOPPY
2026-01-20 21:00:00,2026-01-20 22:00:00,2026-01-21 02:00:00,UP,Moderate,89445.6,89015.1,time_exit,4.0,-0.004812981298129793,-0.005612981298129793,CHOPPY
2026-01-20 22:00:00,2026-01-20 23:00:00,2026-01-21 03:00:00,UP,Strong,88468.9,89396.0,time_exit,4.0,0.010479388802166811,0.009679388802166811,CHOPPY
2026-01-20 23:00:00,2026-01-21 00:00:00,2026-01-21 04:00:00,UP,Strong,88390.7,89400.4,time_exit,4.0,0.011423147457820804,0.010623147457820803,CHOPPY
2026-01-21 00:00:00,2026-01-21 01:00:00,2026-01-21 05:00:00,UP,Strong,88895.5,89919.9,time_exit,4.0,0.011523642929057054,0.010723642929057054,CHOPPY
2026-01-21 01:00:00,2026-01-21 02:00:00,2026-01-21 06:00:00,UP,Strong,88985.3,89618.4,time_exit,4.0,0.007114658263780438,0.0063146582637804375,CHOPPY
2026-01-21 02:00:00,2026-01-21 03:00:00,2026-01-21 07:00:00,UP,Strong,89015.0,89171.3,time_exit,4.0,0.001755883839802408,0.0009558838398024079,CHOPPY
2026-01-21 03:00:00,2026-01-21 04:00:00,2026-01-21 08:00:00,UP,Strong,89395.9,89160.4,time_exit,4.0,-0.0026343490025828586,-0.0034343490025828586,CHOPPY
2026-01-21 05:00:00,2026-01-21 06:00:00,2026-01-21 10:00:00,UP,Moderate,89919.9,89201.0,time_exit,4.0,-0.007994893232754818,-0.008794893232754819,CHOPPY
2026-01-21 06:00:00,2026-01-21 07:00:00,2026-01-21 11:00:00,DOWN,Moderate,89618.4,88757.1,time_exit,4.0,0.009610749578211508,0.008810749578211508,CHOPPY
2026-01-21 10:00:00,2026-01-21 11:00:00,2026-01-21 15:00:00,DOWN,Moderate,89200.8,90237.1,time_exit,4.0,-0.01161760881068341,-0.012417608810683411,CHOPPY
2026-01-21 11:00:00,2026-01-21 12:00:00,2026-01-21 16:00:00,UP,Strong,88757.0,87562.3,time_exit,4.0,-0.013460346789548994,-0.014260346789548994,CHOPPY
2026-01-21 12:00:00,2026-01-21 13:00:00,2026-01-21 17:00:00,UP,Strong,88692.5,87897.0,time_exit,4.0,-0.008969191307043989,-0.00976919130704399,CHOPPY
2026-01-21 13:00:00,2026-01-21 14:00:00,2026-01-21 18:00:00,UP,Strong,88631.1,88441.1,time_exit,4.0,-0.002143717047402127,-0.002943717047402127,BEAR
2026-01-21 14:00:00,2026-01-21 15:00:00,2026-01-21 19:00:00,UP,Strong,89755.7,90321.9,time_exit,4.0,0.006308234463103801,0.005508234463103801,CHOPPY
2026-01-21 15:00:00,2026-01-21 16:00:00,2026-01-21 20:00:00,UP,Strong,90237.2,90170.8,time_exit,4.0,-0.000735838434703151,-0.001535838434703151,BEAR
2026-01-21 16:00:00,2026-01-21 17:00:00,2026-01-21 21:00:00,UP,Moderate,87562.3,90203.8,time_exit,4.0,0.03016709245874072,0.02936709245874072,BEAR
2026-01-21 17:00:00,2026-01-21 18:00:00,2026-01-21 22:00:00,UP,Strong,87897.0,89728.5,time_exit,4.0,0.020836888631011297,0.020036888631011298,BEAR
2026-01-21 18:00:00,2026-01-21 19:00:00,2026-01-21 23:00:00,UP,Strong,88441.1,89411.4,time_exit,4.0,0.010971143506808279,0.010171143506808278,BULL
2026-01-21 20:00:00,2026-01-21 21:00:00,2026-01-22 01:00:00,UP,Strong,90170.8,90071.1,time_exit,4.0,-0.0011056794438997208,-0.0019056794438997208,BULL
2026-01-21 21:00:00,2026-01-21 22:00:00,2026-01-22 02:00:00,UP,Strong,90203.8,89901.8,time_exit,4.0,-0.003347974253856245,-0.0041479742538562455,BULL
2026-01-21 22:00:00,2026-01-21 23:00:00,2026-01-22 03:00:00,UP,Moderate,89728.4,89857.0,time_exit,4.0,0.0014332140102799595,0.0006332140102799595,BULL
2026-01-21 23:00:00,2026-01-22 00:00:00,2026-01-22 04:00:00,UP,Strong,89411.4,89958.3,time_exit,4.0,0.006116669686415888,0.005316669686415887,BULL
2026-01-22 01:00:00,2026-01-22 02:00:00,2026-01-22 06:00:00,DOWN,Strong,90071.1,90122.9,time_exit,4.0,-0.0005751012255872379,-0.0013751012255872378,BULL
2026-01-22 02:00:00,2026-01-22 03:00:00,2026-01-22 07:00:00,DOWN,Moderate,89901.9,89772.6,time_exit,4.0,0.0014382343420994426,0.0006382343420994425,BULL
2026-01-22 04:00:00,2026-01-22 05:00:00,2026-01-22 09:00:00,DOWN,Strong,89958.2,89995.0,time_exit,4.0,-0.0004090788833035486,-0.0012090788833035485,CHOPPY
2026-01-22 05:00:00,2026-01-22 06:00:00,2026-01-22 10:00:00,DOWN,Strong,89981.8,90046.6,time_exit,4.0,-0.0007201456294494424,-0.0015201456294494423,BULL
2026-01-22 06:00:00,2026-01-22 07:00:00,2026-01-22 11:00:00,DOWN,Strong,90122.9,89909.6,time_exit,4.0,0.0023667680467449603,0.0015667680467449604,BULL
2026-01-22 07:00:00,2026-01-22 08:00:00,2026-01-22 12:00:00,DOWN,Strong,89772.6,89985.8,time_exit,4.0,-0.002374889442881223,-0.0031748894428812228,BULL
2026-01-22 08:00:00,2026-01-22 09:00:00,2026-01-22 13:00:00,DOWN,Moderate,89878.5,89570.0,time_exit,4.0,0.0034324115333478344,0.0026324115333478345,BULL
2026-01-22 09:00:00,2026-01-22 10:00:00,2026-01-22 14:00:00,DOWN,Moderate,89994.9,89055.0,time_exit,4.0,0.01044392515575876,0.00964392515575876,BULL
2026-01-22 10:00:00,2026-01-22 11:00:00,2026-01-22 15:00:00,DOWN,Moderate,90046.6,88953.6,time_exit,4.0,0.012138159575153296,0.011338159575153295,BULL
2026-01-22 11:00:00,2026-01-22 12:00:00,2026-01-22 16:00:00,DOWN,Strong,89909.7,89006.9,time_exit,4.0,0.010041185767497907,0.009241185767497906,BULL
2026-01-22 12:00:00,2026-01-22 13:00:00,2026-01-22 17:00:00,DOWN,Strong,89985.7,89500.0,time_exit,4.0,0.005397524273301202,0.0045975242733012015,BULL
2026-01-22 13:00:00,2026-01-22 14:00:00,2026-01-22 18:00:00,DOWN,Strong,89570.0,89295.5,time_exit,4.0,0.003064642179301136,0.002264642179301136,BEAR
2026-01-22 14:00:00,2026-01-22 15:00:00,2026-01-22 19:00:00,DOWN,Moderate,89055.1,89732.9,time_exit,4.0,-0.007611018347068121,-0.008411018347068122,BEAR
2026-01-22 15:00:00,2026-01-22 16:00:00,2026-01-22 20:00:00,UP,Moderate,88953.7,89370.7,time_exit,4.0,0.004687831984504287,0.003887831984504287,BULL
2026-01-22 16:00:00,2026-01-22 17:00:00,2026-01-22 21:00:00,DOWN,Strong,89006.9,89222.1,time_exit,4.0,-0.002417790081443272,-0.0032177900814432717,BULL
2026-01-22 17:00:00,2026-01-22 18:00:00,2026-01-22 22:00:00,DOWN,Strong,89500.0,89304.7,time_exit,4.0,0.00218212290502795,0.00138212290502795,BULL
2026-01-22 18:00:00,2026-01-22 19:00:00,2026-01-22 23:00:00,UP,Moderate,89295.4,89518.5,time_exit,4.0,0.0024984489682560174,0.0016984489682560174,CHOPPY
2026-01-22 19:00:00,2026-01-22 20:00:00,2026-01-23 00:00:00,UP,Strong,89732.8,89484.6,time_exit,4.0,-0.00276598969384656,-0.00356598969384656,CHOPPY
2026-01-22 20:00:00,2026-01-22 21:00:00,2026-01-23 01:00:00,UP,Moderate,89370.8,89893.7,time_exit,4.0,0.005850904322217021,0.005050904322217021,CHOPPY
2026-01-22 21:00:00,2026-01-22 22:00:00,2026-01-23 02:00:00,UP,Moderate,89222.2,89611.2,time_exit,4.0,0.004359901459502158,0.003559901459502158,CHOPPY
2026-01-22 22:00:00,2026-01-22 23:00:00,2026-01-23 03:00:00,UP,Strong,89304.7,89886.1,time_exit,4.0,0.006510295650733022,0.005710295650733022,CHOPPY
2026-01-23 01:00:00,2026-01-23 02:00:00,2026-01-23 06:00:00,DOWN,Moderate,89893.7,89474.9,time_exit,4.0,0.004658835936222516,0.0038588359362225163,CHOPPY
2026-01-23 02:00:00,2026-01-23 03:00:00,2026-01-23 07:00:00,DOWN,Strong,89611.3,89497.2,time_exit,4.0,0.0012732769193171123,0.00047327691931711225,CHOPPY
2026-01-23 03:00:00,2026-01-23 04:00:00,2026-01-23 08:00:00,DOWN,Strong,89886.2,89185.1,time_exit,4.0,0.0077998624927964055,0.006999862492796405,CHOPPY
2026-01-23 04:00:00,2026-01-23 05:00:00,2026-01-23 09:00:00,DOWN,Strong,89922.6,88939.9,time_exit,4.0,0.010928287215894672,0.010128287215894672,CHOPPY
2026-01-23 05:00:00,2026-01-23 06:00:00,2026-01-23 10:00:00,DOWN,Moderate,89573.8,89016.6,time_exit,4.0,0.006220568961013084,0.005420568961013084,CHOPPY
2026-01-23 06:00:00,2026-01-23 07:00:00,2026-01-23 11:00:00,DOWN,Moderate,89475.0,89171.2,time_exit,4.0,0.0033953618329142232,0.0025953618329142233,CHOPPY
2026-01-23 09:00:00,2026-01-23 10:00:00,2026-01-23 14:00:00,UP,Strong,88940.0,88976.0,time_exit,4.0,0.00040476725882609976,-0.0003952327411739003,CHOPPY
2026-01-23 10:00:00,2026-01-23 11:00:00,2026-01-23 15:00:00,UP,Strong,89016.6,89711.2,time_exit,4.0,0.007803038983740018,0.007003038983740018,CHOPPY
2026-01-23 11:00:00,2026-01-23 12:00:00,2026-01-23 16:00:00,UP,Moderate,89171.3,90079.0,time_exit,4.0,0.010179284141870637,0.009379284141870637,CHOPPY
2026-01-23 14:00:00,2026-01-23 15:00:00,2026-01-23 19:00:00,UP,Moderate,88976.0,89938.3,time_exit,4.0,0.010815276029491061,0.01001527602949106,CHOPPY
2026-01-23 15:00:00,2026-01-23 16:00:00,2026-01-23 20:00:00,DOWN,Strong,89711.2,89456.4,time_exit,4.0,0.0028402250778052363,0.0020402250778052363,CHOPPY
2026-01-23 16:00:00,2026-01-23 17:00:00,2026-01-23 21:00:00,DOWN,Strong,90079.1,89301.2,time_exit,4.0,0.00863574347434648,0.00783574347434648,CHOPPY
2026-01-23 17:00:00,2026-01-23 18:00:00,2026-01-23 22:00:00,DOWN,Strong,90576.0,89585.3,time_exit,4.0,0.010937776011305411,0.01013777601130541,CHOPPY
2026-01-23 18:00:00,2026-01-23 19:00:00,2026-01-23 23:00:00,DOWN,Strong,90486.3,89558.7,time_exit,4.0,0.010251275607467747,0.009451275607467747,CHOPPY
2026-01-23 20:00:00,2026-01-23 21:00:00,2026-01-24 01:00:00,UP,Strong,89456.5,89512.8,time_exit,4.0,0.0006293561675227988,-0.00017064383247720127,CHOPPY
2026-01-23 21:00:00,2026-01-23 22:00:00,2026-01-24 02:00:00,UP,Strong,89301.2,89666.2,time_exit,4.0,0.004087291100231649,0.0032872911002316493,CHOPPY
2026-01-23 22:00:00,2026-01-23 23:00:00,2026-01-24 03:00:00,UP,Strong,89585.4,89738.4,time_exit,4.0,0.0017078675766364348,0.0009078675766364348,CHOPPY
2026-01-23 23:00:00,2026-01-24 00:00:00,2026-01-24 04:00:00,UP,Strong,89558.7,89806.7,time_exit,4.0,0.0027691335403483563,0.0019691335403483564,CHOPPY
2026-01-24 00:00:00,2026-01-24 01:00:00,2026-01-24 05:00:00,UP,Strong,89414.2,89744.5,time_exit,4.0,0.0036940441227455434,0.0028940441227455435,CHOPPY
2026-01-24 01:00:00,2026-01-24 02:00:00,2026-01-24 06:00:00,UP,Strong,89512.8,89612.4,time_exit,4.0,0.0011126900286886343,0.0003126900286886343,CHOPPY
2026-01-24 02:00:00,2026-01-24 03:00:00,2026-01-24 07:00:00,UP,Strong,89666.3,89581.2,time_exit,4.0,-0.0009490745129441258,-0.0017490745129441257,CHOPPY
2026-01-24 03:00:00,2026-01-24 04:00:00,2026-01-24 08:00:00,UP,Strong,89738.4,89635.2,time_exit,4.0,-0.0011500093605413264,-0.0019500093605413263,CHOPPY
2026-01-24 05:00:00,2026-01-24 06:00:00,2026-01-24 10:00:00,UP,Moderate,89744.5,89590.1,time_exit,4.0,-0.0017204396926830956,-0.0025204396926830955,CHOPPY
2026-01-24 06:00:00,2026-01-24 07:00:00,2026-01-24 11:00:00,UP,Moderate,89612.4,89548.5,time_exit,4.0,-0.0007130709589296957,-0.0015130709589296957,CHOPPY
2026-01-24 07:00:00,2026-01-24 08:00:00,2026-01-24 12:00:00,UP,Moderate,89581.3,89497.6,time_exit,4.0,-0.0009343467888944801,-0.00173434678889448,CHOPPY
2026-01-24 08:00:00,2026-01-24 09:00:00,2026-01-24 13:00:00,UP,Moderate,89635.3,89321.7,time_exit,4.0,-0.0034986216367882683,-0.004298621636788269,CHOPPY
2026-01-24 09:00:00,2026-01-24 10:00:00,2026-01-24 14:00:00,UP,Moderate,89567.5,89407.7,time_exit,4.0,-0.0017841292879672288,-0.0025841292879672287,CHOPPY
2026-01-24 10:00:00,2026-01-24 11:00:00,2026-01-24 15:00:00,UP,Moderate,89590.2,89235.0,time_exit,4.0,-0.003964719355465163,-0.004764719355465163,CHOPPY
2026-01-24 11:00:00,2026-01-24 12:00:00,2026-01-24 16:00:00,UP,Moderate,89548.5,89248.6,time_exit,4.0,-0.003349023155050035,-0.004149023155050035,CHOPPY
2026-01-24 12:00:00,2026-01-24 13:00:00,2026-01-24 17:00:00,UP,Moderate,89497.6,89369.6,time_exit,4.0,-0.0014302059496567043,-0.0022302059496567043,CHOPPY
2026-01-24 13:00:00,2026-01-24 14:00:00,2026-01-24 18:00:00,UP,Moderate,89321.7,89351.6,time_exit,4.0,0.0003347450843413924,-0.00046525491565860765,CHOPPY
2026-01-24 14:00:00,2026-01-24 15:00:00,2026-01-24 19:00:00,UP,Moderate,89407.7,89286.0,time_exit,4.0,-0.0013611803010254997,-0.0021611803010254996,CHOPPY
2026-01-24 15:00:00,2026-01-24 16:00:00,2026-01-24 20:00:00,UP,Moderate,89234.9,89333.7,time_exit,4.0,0.0011071901240433668,0.00030719012404336677,CHOPPY
2026-01-24 16:00:00,2026-01-24 17:00:00,2026-01-24 21:00:00,UP,Moderate,89248.6,89340.6,time_exit,4.0,0.0010308284947886381,0.0002308284947886381,CHOPPY
2026-01-24 17:00:00,2026-01-24 18:00:00,2026-01-24 22:00:00,UP,Moderate,89369.6,89390.0,time_exit,4.0,0.0002282655399599154,-0.0005717344600400847,CHOPPY
2026-01-25 00:00:00,2026-01-25 01:00:00,2026-01-25 05:00:00,DOWN,Moderate,89275.7,88966.1,time_exit,4.0,0.003467908960668953,0.002667908960668953,CHOPPY
2026-01-25 03:00:00,2026-01-25 04:00:00,2026-01-25 08:00:00,UP,Moderate,88920.0,88254.8,time_exit,4.0,-0.007480881691407926,-0.008280881691407926,CHOPPY
2026-01-25 08:00:00,2026-01-25 09:00:00,2026-01-25 13:00:00,UP,Strong,88254.9,88875.1,time_exit,4.0,0.007027371851308084,0.006227371851308084,CHOPPY
2026-01-25 09:00:00,2026-01-25 10:00:00,2026-01-25 14:00:00,UP,Moderate,88361.5,88666.1,time_exit,4.0,0.0034472026844269976,0.0026472026844269977,CHOPPY
2026-01-25 19:00:00,2026-01-25 20:00:00,2026-01-26 00:00:00,UP,Moderate,86459.4,86808.4,time_exit,4.0,0.0040365767053669455,0.0032365767053669455,CHOPPY
2026-01-25 20:00:00,2026-01-25 21:00:00,2026-01-26 01:00:00,UP,Moderate,86618.4,87661.8,time_exit,4.0,0.012045939430883168,0.011245939430883168,CHOPPY
2026-01-25 21:00:00,2026-01-25 22:00:00,2026-01-26 02:00:00,UP,Moderate,86525.0,87514.8,time_exit,4.0,0.011439468361745142,0.010639468361745142,CHOPPY
2026-01-25 22:00:00,2026-01-25 23:00:00,2026-01-26 03:00:00,UP,Moderate,86489.0,87233.1,time_exit,4.0,0.00860340621350697,0.00780340621350697,CHOPPY
2026-01-25 23:00:00,2026-01-26 00:00:00,2026-01-26 04:00:00,UP,Moderate,86628.9,87700.0,time_exit,4.0,0.0123642341066319,0.011564234106631899,CHOPPY
2026-01-26 00:00:00,2026-01-26 01:00:00,2026-01-26 05:00:00,UP,Moderate,86808.5,87776.4,time_exit,4.0,0.011149829797773236,0.010349829797773236,CHOPPY
2026-01-26 01:00:00,2026-01-26 02:00:00,2026-01-26 06:00:00,UP,Moderate,87661.7,87902.6,time_exit,4.0,0.00274806443406872,0.00194806443406872,CHOPPY
2026-01-26 03:00:00,2026-01-26 04:00:00,2026-01-26 08:00:00,UP,Moderate,87233.1,87947.3,time_exit,4.0,0.008187259194044394,0.007387259194044394,CHOPPY
2026-01-26 14:00:00,2026-01-26 15:00:00,2026-01-26 19:00:00,UP,Moderate,88137.0,87965.6,time_exit,4.0,-0.0019446997288311563,-0.002744699728831156,CHOPPY
2026-01-26 15:00:00,2026-01-26 16:00:00,2026-01-26 20:00:00,UP,Moderate,87609.4,87595.3,time_exit,4.0,-0.00016094163411684015,-0.0009609416341168402,CHOPPY
2026-01-26 16:00:00,2026-01-26 17:00:00,2026-01-26 21:00:00,UP,Moderate,87579.5,88016.5,time_exit,4.0,0.004989752168030215,0.0041897521680302145,CHOPPY
2026-01-26 17:00:00,2026-01-26 18:00:00,2026-01-26 22:00:00,UP,Moderate,87657.4,88095.0,time_exit,4.0,0.004992162669666289,0.004192162669666289,BULL
2026-01-27 14:00:00,2026-01-27 15:00:00,2026-01-27 19:00:00,UP,Moderate,87712.2,88378.1,time_exit,4.0,0.0075918743344711714,0.006791874334471171,CHOPPY
2026-01-27 19:00:00,2026-01-27 20:00:00,2026-01-28 00:00:00,DOWN,Moderate,88378.1,89429.2,time_exit,4.0,-0.011893217889952235,-0.012693217889952235,BULL
2026-01-27 23:00:00,2026-01-28 00:00:00,2026-01-28 04:00:00,DOWN,Moderate,89197.8,88944.0,time_exit,4.0,0.002845361656901857,0.002045361656901857,BULL
2026-01-28 02:00:00,2026-01-28 03:00:00,2026-01-28 07:00:00,DOWN,Moderate,89245.1,89106.8,time_exit,4.0,0.0015496649115750438,0.0007496649115750438,CHOPPY
2026-01-28 11:00:00,2026-01-28 12:00:00,2026-01-28 16:00:00,UP,Moderate,90036.9,89588.8,time_exit,4.0,-0.004976848381052612,-0.005776848381052612,BULL
2026-01-28 12:00:00,2026-01-28 13:00:00,2026-01-28 17:00:00,UP,Moderate,89954.9,90142.9,time_exit,4.0,0.002089936179129781,0.001289936179129781,BULL
2026-01-28 14:00:00,2026-01-28 15:00:00,2026-01-28 19:00:00,UP,Moderate,89578.1,89363.6,time_exit,4.0,-0.0023945584914170093,-0.003194558491417009,BULL
2026-01-28 15:00:00,2026-01-28 16:00:00,2026-01-28 20:00:00,UP,Strong,89444.5,89099.9,time_exit,4.0,-0.0038526684144917223,-0.004652668414491723,BULL
2026-01-28 16:00:00,2026-01-28 17:00:00,2026-01-28 21:00:00,UP,Moderate,89588.8,89369.3,time_exit,4.0,-0.002450083046095064,-0.003250083046095064,BULL
2026-01-28 17:00:00,2026-01-28 18:00:00,2026-01-28 22:00:00,UP,Moderate,90142.9,89347.1,time_exit,4.0,-0.008828204994514088,-0.009628204994514089,BULL
2026-01-28 18:00:00,2026-01-28 19:00:00,2026-01-28 23:00:00,UP,Moderate,89500.9,89261.7,time_exit,4.0,-0.0026725988230286157,-0.0034725988230286157,BULL
2026-01-28 19:00:00,2026-01-28 20:00:00,2026-01-29 00:00:00,UP,Moderate,89363.5,89112.0,time_exit,4.0,-0.0028143481399005577,-0.0036143481399005576,CHOPPY
2026-01-28 20:00:00,2026-01-28 21:00:00,2026-01-29 01:00:00,UP,Moderate,89100.0,88561.7,time_exit,4.0,-0.006041526374859774,-0.006841526374859774,CHOPPY
2026-01-28 21:00:00,2026-01-28 22:00:00,2026-01-29 02:00:00,UP,Moderate,89369.4,87857.9,time_exit,4.0,-0.01691294783225583,-0.01771294783225583,CHOPPY
2026-01-29 02:00:00,2026-01-29 03:00:00,2026-01-29 07:00:00,UP,Moderate,87857.9,88310.9,time_exit,4.0,0.005156053126696536,0.0043560531266965356,BEAR
2026-01-29 03:00:00,2026-01-29 04:00:00,2026-01-29 08:00:00,UP,Moderate,88003.2,88028.1,time_exit,4.0,0.0002829442565726037,-0.0005170557434273963,BEAR
2026-01-29 12:00:00,2026-01-29 13:00:00,2026-01-29 17:00:00,DOWN,Moderate,88073.9,84225.0,time_exit,4.0,0.04370080125894271,0.04290080125894271,CHOPPY
2026-01-29 13:00:00,2026-01-29 14:00:00,2026-01-29 18:00:00,DOWN,Moderate,88008.8,83440.9,time_exit,4.0,0.051902764269027735,0.05110276426902773,CHOPPY
2026-01-29 15:00:00,2026-01-29 16:00:00,2026-01-29 20:00:00,UP,Moderate,84897.9,84186.3,time_exit,4.0,-0.00838183276618143,-0.00918183276618143,BEAR
2026-01-29 16:00:00,2026-01-29 17:00:00,2026-01-29 21:00:00,UP,Moderate,85230.3,84491.0,time_exit,4.0,-0.00867414522769483,-0.00947414522769483,BEAR
2026-01-29 17:00:00,2026-01-29 18:00:00,2026-01-29 22:00:00,UP,Moderate,84225.0,84529.6,time_exit,4.0,0.003616503413475858,0.002816503413475858,BEAR
2026-01-29 18:00:00,2026-01-29 19:00:00,2026-01-29 23:00:00,UP,Strong,83440.8,84604.7,time_exit,4.0,0.013948811612544354,0.013148811612544354,BEAR
2026-01-29 19:00:00,2026-01-29 20:00:00,2026-01-30 00:00:00,UP,Strong,83979.5,84157.4,time_exit,4.0,0.002118374127018985,0.001318374127018985,BEAR
2026-01-29 20:00:00,2026-01-29 21:00:00,2026-01-30 01:00:00,UP,Moderate,84186.4,82434.7,time_exit,4.0,-0.02080739881976179,-0.02160739881976179,BEAR
2026-01-30 00:00:00,2026-01-30 01:00:00,2026-01-30 05:00:00,UP,Moderate,84157.4,82873.5,time_exit,4.0,-0.015255937089311167,-0.016055937089311165,BEAR
2026-01-30 01:00:00,2026-01-30 02:00:00,2026-01-30 06:00:00,UP,Moderate,82434.7,82560.8,time_exit,4.0,0.001529695625750005,0.0007296956257500049,BEAR
2026-01-30 02:00:00,2026-01-30 03:00:00,2026-01-30 07:00:00,UP,Strong,82128.0,82770.1,time_exit,4.0,0.007818283654782876,0.007018283654782876,BEAR
2026-01-30 03:00:00,2026-01-30 04:00:00,2026-01-30 08:00:00,UP,Moderate,82640.9,82625.3,time_exit,4.0,-0.00018876851534765926,-0.0009887685153476592,BEAR
2026-01-30 04:00:00,2026-01-30 05:00:00,2026-01-30 09:00:00,UP,Moderate,82906.5,82320.5,time_exit,4.0,-0.007068203337494694,-0.007868203337494694,BEAR
2026-01-30 06:00:00,2026-01-30 07:00:00,2026-01-30 11:00:00,UP,Moderate,82560.8,83104.8,time_exit,4.0,0.0065890834391140185,0.005789083439114018,BEAR
2026-01-30 09:00:00,2026-01-30 10:00:00,2026-01-30 14:00:00,UP,Moderate,82320.5,83061.4,time_exit,4.0,0.009000188288457833,0.008200188288457833,BEAR
2026-01-30 15:00:00,2026-01-30 16:00:00,2026-01-30 20:00:00,UP,Moderate,82850.1,83890.3,time_exit,4.0,0.01255520512346986,0.011755205123469859,BEAR
2026-01-30 17:00:00,2026-01-30 18:00:00,2026-01-30 22:00:00,UP,Moderate,82908.0,84191.1,time_exit,4.0,0.015476190476190643,0.014676190476190643,BULL
2026-01-31 08:00:00,2026-01-31 09:00:00,2026-01-31 13:00:00,UP,Moderate,83031.1,82733.0,time_exit,4.0,-0.0035902210135720924,-0.004390221013572093,CHOPPY
2026-01-31 21:00:00,2026-01-31 22:00:00,2026-02-01 02:00:00,UP,Moderate,78252.5,78856.4,time_exit,4.0,0.007717325325069302,0.0069173253250693015,BEAR
2026-02-03 04:00:00,2026-02-03 05:00:00,2026-02-03 09:00:00,DOWN,Moderate,78767.5,78351.5,time_exit,4.0,0.0052813660456406675,0.004481366045640667,BULL
2026-02-03 05:00:00,2026-02-03 06:00:00,2026-02-03 10:00:00,DOWN,Strong,78202.8,78077.2,time_exit,4.0,0.0016060806006946704,0.0008060806006946704,BULL
2026-02-03 06:00:00,2026-02-03 07:00:00,2026-02-03 11:00:00,DOWN,Moderate,78557.4,78040.1,time_exit,4.0,0.00658499390254752,0.00578499390254752,BULL
2026-02-03 07:00:00,2026-02-03 08:00:00,2026-02-03 12:00:00,DOWN,Moderate,78750.0,78289.8,time_exit,4.0,0.005843809523809473,0.005043809523809473,BULL
2026-02-03 08:00:00,2026-02-03 09:00:00,2026-02-03 13:00:00,DOWN,Moderate,78708.7,78260.4,time_exit,4.0,0.0056956854833074555,0.004895685483307455,BULL
2026-02-03 09:00:00,2026-02-03 10:00:00,2026-02-03 14:00:00,DOWN,Moderate,78351.4,77164.5,time_exit,4.0,0.01514842108756187,0.01434842108756187,BULL
2026-02-03 10:00:00,2026-02-03 11:00:00,2026-02-03 15:00:00,DOWN,Strong,78077.3,78094.1,time_exit,4.0,-0.00021517137503468398,-0.001015171375034684,CHOPPY
2026-02-03 11:00:00,2026-02-03 12:00:00,2026-02-03 16:00:00,DOWN,Moderate,78040.1,76458.2,time_exit,4.0,0.020270348192788168,0.01947034819278817,CHOPPY
2026-02-03 12:00:00,2026-02-03 13:00:00,2026-02-03 17:00:00,DOWN,Strong,78289.8,74882.4,time_exit,4.0,0.04352291103055583,0.04272291103055583,CHOPPY
2026-02-03 13:00:00,2026-02-03 14:00:00,2026-02-03 18:00:00,DOWN,Strong,78260.4,73111.7,time_exit,4.0,0.06578933918047947,0.06498933918047947,BEAR
2026-02-03 14:00:00,2026-02-03 15:00:00,2026-02-03 19:00:00,DOWN,Moderate,77164.5,74893.8,time_exit,4.0,0.02942674416344304,0.028626744163443043,BEAR
2026-02-03 15:00:00,2026-02-03 16:00:00,2026-02-03 20:00:00,DOWN,Strong,78094.2,76431.9,time_exit,4.0,0.02128583172629983,0.020485831726299832,BEAR
2026-02-03 16:00:00,2026-02-03 17:00:00,2026-02-03 21:00:00,DOWN,Moderate,76458.2,76199.9,time_exit,4.0,0.00337831651804521,0.0025783165180452102,BEAR
2026-02-03 17:00:00,2026-02-03 18:00:00,2026-02-03 22:00:00,DOWN,Moderate,74882.4,75672.5,time_exit,4.0,-0.010551210965460633,-0.011351210965460634,BEAR
2026-02-03 20:00:00,2026-02-03 21:00:00,2026-02-04 01:00:00,UP,Moderate,76431.9,76392.0,time_exit,4.0,-0.0005220333394825305,-0.0013220333394825304,BEAR
2026-02-03 22:00:00,2026-02-03 23:00:00,2026-02-04 03:00:00,UP,Moderate,75672.5,76661.1,time_exit,4.0,0.013064191086590293,0.012264191086590293,BEAR
2026-02-04 01:00:00,2026-02-04 02:00:00,2026-02-04 06:00:00,UP,Moderate,76392.1,76616.9,time_exit,4.0,0.002942712662696634,0.002142712662696634,BEAR
2026-02-04 02:00:00,2026-02-04 03:00:00,2026-02-04 07:00:00,UP,Moderate,75926.9,76478.9,time_exit,4.0,0.007270150631726091,0.006470150631726091,BEAR
2026-02-04 03:00:00,2026-02-04 04:00:00,2026-02-04 08:00:00,UP,Strong,76661.1,76541.3,time_exit,4.0,-0.0015627221628701227,-0.0023627221628701226,BEAR
2026-02-04 08:00:00,2026-02-04 09:00:00,2026-02-04 13:00:00,UP,Moderate,76541.2,74838.4,time_exit,4.0,-0.02224684222353457,-0.023046842223534567,BEAR
2026-02-04 09:00:00,2026-02-04 10:00:00,2026-02-04 14:00:00,UP,Moderate,76082.0,74328.9,time_exit,4.0,-0.023042243894745185,-0.023842243894745183,BEAR
2026-02-04 11:00:00,2026-02-04 12:00:00,2026-02-04 16:00:00,UP,Moderate,75987.6,73609.1,time_exit,4.0,-0.031301159662892375,-0.03210115966289238,BEAR
2026-02-04 13:00:00,2026-02-04 14:00:00,2026-02-04 18:00:00,DOWN,Moderate,74838.3,73398.4,time_exit,4.0,0.019240148426674653,0.018440148426674654,BEAR
2026-02-04 15:00:00,2026-02-04 16:00:00,2026-02-04 20:00:00,DOWN,Moderate,74107.0,73488.9,time_exit,4.0,0.008340642584371283,0.0075406425843712824,BEAR
2026-02-04 17:00:00,2026-02-04 18:00:00,2026-02-04 22:00:00,DOWN,Moderate,72544.3,72511.1,time_exit,4.0,0.0004576513937001314,-0.0003423486062998686,CHOPPY
2026-02-04 20:00:00,2026-02-04 21:00:00,2026-02-05 01:00:00,DOWN,Moderate,73488.9,72389.2,time_exit,4.0,0.014964164656158907,0.014164164656158907,BEAR
2026-02-04 21:00:00,2026-02-04 22:00:00,2026-02-05 02:00:00,DOWN,Strong,72772.9,71429.1,time_exit,4.0,0.018465665103355677,0.01766566510335568,BEAR
2026-02-04 22:00:00,2026-02-04 23:00:00,2026-02-05 03:00:00,DOWN,Moderate,72511.0,71198.9,time_exit,4.0,0.01809518555805334,0.01729518555805334,BEAR
2026-02-04 23:00:00,2026-02-05 00:00:00,2026-02-05 04:00:00,DOWN,Moderate,73137.5,70873.2,time_exit,4.0,0.030959494103572127,0.03015949410357213,BEAR
2026-02-05 00:00:00,2026-02-05 01:00:00,2026-02-05 05:00:00,DOWN,Moderate,72838.9,70694.9,time_exit,4.0,0.029434821228766506,0.028634821228766507,BEAR
2026-02-05 01:00:00,2026-02-05 02:00:00,2026-02-05 06:00:00,DOWN,Moderate,72389.1,70911.4,time_exit,4.0,0.020413294266678483,0.019613294266678485,BEAR
2026-02-05 04:00:00,2026-02-05 05:00:00,2026-02-05 09:00:00,DOWN,Moderate,70863.9,71531.7,time_exit,4.0,-0.00942369810298338,-0.01022369810298338,BEAR
2026-02-05 16:00:00,2026-02-05 17:00:00,2026-02-05 21:00:00,UP,Moderate,68262.7,63188.8,time_exit,4.0,-0.0743290259541447,-0.0751290259541447,BEAR
2026-02-05 20:00:00,2026-02-05 21:00:00,2026-02-06 01:00:00,UP,Moderate,63750.9,65666.0,time_exit,4.0,0.0300403602145225,0.0292403602145225,BEAR
2026-02-05 22:00:00,2026-02-05 23:00:00,2026-02-06 03:00:00,UP,Moderate,63878.7,64138.1,time_exit,4.0,0.0040608215257982305,0.0032608215257982306,BEAR
2026-02-05 23:00:00,2026-02-06 00:00:00,2026-02-06 04:00:00,UP,Moderate,62868.1,64865.1,time_exit,4.0,0.03176491734281783,0.030964917342817835,BEAR
2026-02-06 02:00:00,2026-02-06 03:00:00,2026-02-06 07:00:00,UP,Moderate,64955.6,64811.2,time_exit,4.0,-0.002223056980460547,-0.003023056980460547,BEAR
2026-02-06 06:00:00,2026-02-06 07:00:00,2026-02-06 11:00:00,UP,Moderate,64947.6,66586.1,time_exit,4.0,0.025228029981092526,0.024428029981092527,BEAR
2026-02-07 04:00:00,2026-02-07 05:00:00,2026-02-07 09:00:00,UP,Moderate,70728.6,68107.4,time_exit,4.0,-0.0370599729105342,-0.0378599729105342,BULL
2026-02-07 05:00:00,2026-02-07 06:00:00,2026-02-07 10:00:00,UP,Moderate,70124.6,67954.8,time_exit,4.0,-0.030942065979699063,-0.031742065979699065,BULL
2026-02-07 06:00:00,2026-02-07 07:00:00,2026-02-07 11:00:00,UP,Moderate,68733.6,67935.1,time_exit,4.0,-0.011617316712641323,-0.012417316712641324,BULL
2026-02-07 07:00:00,2026-02-07 08:00:00,2026-02-07 12:00:00,UP,Moderate,68050.5,68988.7,time_exit,4.0,0.013786820082144935,0.012986820082144935,BULL
2026-02-07 08:00:00,2026-02-07 09:00:00,2026-02-07 13:00:00,UP,Moderate,68458.6,69062.8,time_exit,4.0,0.008825772072464266,0.008025772072464266,BULL
2026-02-07 09:00:00,2026-02-07 10:00:00,2026-02-07 14:00:00,UP,Moderate,68107.3,68615.9,time_exit,4.0,0.007467628286541794,0.006667628286541794,BULL
2026-02-07 11:00:00,2026-02-07 12:00:00,2026-02-07 16:00:00,UP,Moderate,67935.0,68924.3,time_exit,4.0,0.014562449400161936,0.013762449400161936,BULL
2026-02-07 12:00:00,2026-02-07 13:00:00,2026-02-07 17:00:00,UP,Moderate,68988.7,69154.3,time_exit,4.0,0.0024003931078568908,0.0016003931078568908,BULL
2026-02-07 13:00:00,2026-02-07 14:00:00,2026-02-07 18:00:00,UP,Moderate,69062.9,69475.0,time_exit,4.0,0.005967024263388909,0.005167024263388909,BULL
2026-02-07 15:00:00,2026-02-07 16:00:00,2026-02-07 20:00:00,UP,Moderate,69122.1,69596.5,time_exit,4.0,0.00686321740803586,0.0060632174080358595,BEAR
2026-02-07 16:00:00,2026-02-07 17:00:00,2026-02-07 21:00:00,UP,Moderate,68924.4,69466.3,time_exit,4.0,0.007862237465977362,0.007062237465977362,BEAR
2026-02-07 17:00:00,2026-02-07 18:00:00,2026-02-07 22:00:00,UP,Moderate,69154.2,69368.2,time_exit,4.0,0.0030945336653449562,0.0022945336653449563,CHOPPY
2026-02-07 19:00:00,2026-02-07 20:00:00,2026-02-08 00:00:00,UP,Moderate,69341.3,69100.2,time_exit,4.0,-0.003477004324983879,-0.004277004324983879,CHOPPY
2026-02-07 20:00:00,2026-02-07 21:00:00,2026-02-08 01:00:00,UP,Moderate,69596.5,69341.5,time_exit,4.0,-0.00366397735518309,-0.0044639773551830905,BEAR
2026-02-07 21:00:00,2026-02-07 22:00:00,2026-02-08 02:00:00,UP,Moderate,69466.2,69335.7,time_exit,4.0,-0.001878611468599134,-0.002678611468599134,BEAR
2026-02-07 22:00:00,2026-02-07 23:00:00,2026-02-08 03:00:00,UP,Moderate,69368.2,69064.7,time_exit,4.0,-0.004375203623562363,-0.005175203623562363,BEAR
2026-02-07 23:00:00,2026-02-08 00:00:00,2026-02-08 04:00:00,UP,Moderate,69254.3,69303.4,time_exit,4.0,0.00070898124737373,-9.101875262627001e-05,BEAR
2026-02-08 00:00:00,2026-02-08 01:00:00,2026-02-08 05:00:00,UP,Moderate,69100.3,69190.7,time_exit,4.0,0.0013082432348339168,0.0005082432348339168,BEAR
2026-02-08 01:00:00,2026-02-08 02:00:00,2026-02-08 06:00:00,UP,Moderate,69341.4,69321.8,time_exit,4.0,-0.0002826594213556355,-0.0010826594213556354,BEAR
2026-02-08 02:00:00,2026-02-08 03:00:00,2026-02-08 07:00:00,UP,Moderate,69335.7,69665.0,time_exit,4.0,0.004749357113290831,0.00394935711329083,BEAR
2026-02-08 03:00:00,2026-02-08 04:00:00,2026-02-08 08:00:00,UP,Moderate,69064.7,70624.5,time_exit,4.0,0.022584619928849303,0.021784619928849305,BEAR
2026-02-08 04:00:00,2026-02-08 05:00:00,2026-02-08 09:00:00,UP,Moderate,69303.4,70066.8,time_exit,4.0,0.011015332581085557,0.010215332581085557,BEAR
2026-02-08 05:00:00,2026-02-08 06:00:00,2026-02-08 10:00:00,UP,Moderate,69190.8,70231.1,time_exit,4.0,0.015035235898414268,0.014235235898414267,BULL
2026-02-08 06:00:00,2026-02-08 07:00:00,2026-02-08 11:00:00,UP,Moderate,69321.7,70954.0,time_exit,4.0,0.023546739332705346,0.022746739332705348,BULL
2026-02-08 09:00:00,2026-02-08 10:00:00,2026-02-08 14:00:00,UP,Moderate,70066.9,71218.3,time_exit,4.0,0.016432866303490057,0.015632866303490058,BULL
2026-02-08 10:00:00,2026-02-08 11:00:00,2026-02-08 15:00:00,UP,Moderate,70231.1,71152.6,time_exit,4.0,0.01312096777638394,0.01232096777638394,BULL
2026-02-08 16:00:00,2026-02-08 17:00:00,2026-02-08 21:00:00,UP,Moderate,70388.6,70665.4,time_exit,4.0,0.003932454971401489,0.003132454971401489,BULL
2026-02-08 17:00:00,2026-02-08 18:00:00,2026-02-08 22:00:00,UP,Moderate,70754.4,71036.2,time_exit,4.0,0.003982791176237788,0.0031827911762377877,BULL
2026-02-08 18:00:00,2026-02-08 19:00:00,2026-02-08 23:00:00,UP,Moderate,71103.0,70288.1,time_exit,4.0,-0.011460838501891502,-0.012260838501891502,BULL
2026-02-08 19:00:00,2026-02-08 20:00:00,2026-02-09 00:00:00,UP,Moderate,71381.0,70454.1,time_exit,4.0,-0.01298524817528468,-0.01378524817528468,BULL
2026-02-08 20:00:00,2026-02-08 21:00:00,2026-02-09 01:00:00,UP,Strong,70801.5,70328.0,time_exit,4.0,-0.006687711418543407,-0.007487711418543408,BULL
2026-02-08 21:00:00,2026-02-08 22:00:00,2026-02-09 02:00:00,UP,Moderate,70665.5,70593.0,time_exit,4.0,-0.0010259603342508417,-0.0018259603342508416,BULL
2026-02-08 22:00:00,2026-02-08 23:00:00,2026-02-09 03:00:00,UP,Moderate,71036.2,71269.9,time_exit,4.0,0.003289871924455401,0.002489871924455401,BULL
2026-02-08 23:00:00,2026-02-09 00:00:00,2026-02-09 04:00:00,UP,Strong,70288.2,70967.0,time_exit,4.0,0.00965738203567601,0.00885738203567601,BULL
2026-02-09 00:00:00,2026-02-09 01:00:00,2026-02-09 05:00:00,UP,Strong,70453.8,71014.2,time_exit,4.0,0.007954148676153627,0.007154148676153627,BULL
2026-02-09 01:00:00,2026-02-09 02:00:00,2026-02-09 06:00:00,UP,Strong,70327.9,70622.4,time_exit,4.0,0.004187527282913273,0.0033875272829132727,BULL
2026-02-09 02:00:00,2026-02-09 03:00:00,2026-02-09 07:00:00,UP,Strong,70593.1,70393.5,time_exit,4.0,-0.002827471806734705,-0.003627471806734705,BULL
2026-02-09 03:00:00,2026-02-09 04:00:00,2026-02-09 08:00:00,UP,Moderate,71269.8,69832.2,time_exit,4.0,-0.020171236624769606,-0.020971236624769605,BULL
2026-02-09 07:00:00,2026-02-09 08:00:00,2026-02-09 12:00:00,DOWN,Moderate,70393.5,69109.7,time_exit,4.0,0.018237479312720684,0.017437479312720685,BEAR
2026-02-09 08:00:00,2026-02-09 09:00:00,2026-02-09 13:00:00,DOWN,Moderate,69832.1,68556.9,time_exit,4.0,0.018260943033361565,0.017460943033361567,BEAR
2026-02-09 22:00:00,2026-02-09 23:00:00,2026-02-10 03:00:00,DOWN,Moderate,70334.2,69473.3,time_exit,4.0,0.012240133533899522,0.011440133533899522,CHOPPY
2026-02-09 23:00:00,2026-02-10 00:00:00,2026-02-10 04:00:00,DOWN,Moderate,70110.6,69800.5,time_exit,4.0,0.0044230116416063,0.0036230116416063004,BEAR
2026-02-10 00:00:00,2026-02-10 01:00:00,2026-02-10 05:00:00,DOWN,Moderate,69793.3,69415.3,time_exit,4.0,0.005415992652589852,0.004615992652589851,CHOPPY
2026-02-10 06:00:00,2026-02-10 07:00:00,2026-02-10 11:00:00,DOWN,Moderate,68872.4,68489.9,time_exit,4.0,0.0055537486714561934,0.004753748671456193,BEAR
2026-02-10 07:00:00,2026-02-10 08:00:00,2026-02-10 12:00:00,DOWN,Moderate,68882.2,68564.8,time_exit,4.0,0.004607866763837287,0.0038078667638372873,BEAR
2026-02-10 08:00:00,2026-02-10 09:00:00,2026-02-10 13:00:00,DOWN,Moderate,69091.8,68981.9,time_exit,4.0,0.0015906373838865395,0.0007906373838865395,BEAR
2026-02-10 09:00:00,2026-02-10 10:00:00,2026-02-10 14:00:00,DOWN,Moderate,69115.0,68426.3,time_exit,4.0,0.009964551833899993,0.009164551833899992,CHOPPY
2026-02-10 11:00:00,2026-02-10 12:00:00,2026-02-10 16:00:00,DOWN,Moderate,68489.9,69473.5,time_exit,4.0,-0.014361241584525786,-0.015161241584525786,BEAR
2026-02-10 12:00:00,2026-02-10 13:00:00,2026-02-10 17:00:00,DOWN,Moderate,68564.7,69886.6,time_exit,4.0,-0.019279600144097575,-0.020079600144097574,BULL
2026-02-10 13:00:00,2026-02-10 14:00:00,2026-02-10 18:00:00,DOWN,Moderate,68981.8,68860.0,time_exit,4.0,0.0017656831222149227,0.0009656831222149227,BEAR
2026-02-10 16:00:00,2026-02-10 17:00:00,2026-02-10 21:00:00,DOWN,Moderate,69473.5,68623.3,time_exit,4.0,0.012237759721332564,0.011437759721332564,BEAR
2026-02-10 23:00:00,2026-02-11 00:00:00,2026-02-11 04:00:00,DOWN,Moderate,68805.3,67548.8,time_exit,4.0,0.018261674609368783,0.017461674609368785,BEAR
2026-02-11 00:00:00,2026-02-11 01:00:00,2026-02-11 05:00:00,DOWN,Moderate,69156.9,67367.8,time_exit,4.0,0.025870159015224714,0.025070159015224715,BEAR
2026-02-11 01:00:00,2026-02-11 02:00:00,2026-02-11 06:00:00,DOWN,Moderate,68947.5,66788.0,time_exit,4.0,0.031320932593640105,0.030520932593640106,BEAR
2026-02-11 02:00:00,2026-02-11 03:00:00,2026-02-11 07:00:00,DOWN,Moderate,68641.3,67000.0,time_exit,4.0,0.02391126042193259,0.02311126042193259,BEAR
2026-02-11 06:00:00,2026-02-11 07:00:00,2026-02-11 11:00:00,UP,Moderate,66786.3,67023.0,time_exit,4.0,0.0035441400406970303,0.0027441400406970303,BEAR
2026-02-11 10:00:00,2026-02-11 11:00:00,2026-02-11 15:00:00,UP,Moderate,66506.1,66489.3,time_exit,4.0,-0.00025260840734919743,-0.0010526084073491974,BEAR
2026-02-11 20:00:00,2026-02-11 21:00:00,2026-02-12 01:00:00,DOWN,Moderate,67523.3,67668.4,time_exit,4.0,-0.0021488878653737054,-0.0029488878653737053,BEAR
2026-02-11 22:00:00,2026-02-11 23:00:00,2026-02-12 03:00:00,DOWN,Moderate,67392.1,67550.2,time_exit,4.0,-0.002345972302391308,-0.003145972302391308,BEAR
2026-02-12 00:00:00,2026-02-12 01:00:00,2026-02-12 05:00:00,DOWN,Moderate,67431.7,67110.1,time_exit,4.0,0.0047692702393680175,0.003969270239368017,BEAR
2026-02-12 01:00:00,2026-02-12 02:00:00,2026-02-12 06:00:00,DOWN,Moderate,67668.3,67096.1,time_exit,4.0,0.008455953526244842,0.007655953526244841,BEAR
2026-02-12 02:00:00,2026-02-12 03:00:00,2026-02-12 07:00:00,DOWN,Moderate,67408.3,67181.5,time_exit,4.0,0.0033645708317818768,0.002564570831781877,BEAR
2026-02-12 03:00:00,2026-02-12 04:00:00,2026-02-12 08:00:00,DOWN,Moderate,67550.3,67107.3,time_exit,4.0,0.006558075981897948,0.005758075981897948,BEAR
2026-02-12 04:00:00,2026-02-12 05:00:00,2026-02-12 09:00:00,DOWN,Moderate,66989.8,67517.7,time_exit,4.0,-0.00788030416570873,-0.00868030416570873,CHOPPY
2026-02-12 08:00:00,2026-02-12 09:00:00,2026-02-12 13:00:00,DOWN,Moderate,67107.4,68339.9,time_exit,4.0,-0.018366081833002035,-0.019166081833002033,BULL
2026-02-12 09:00:00,2026-02-12 10:00:00,2026-02-12 14:00:00,DOWN,Moderate,67517.7,67547.5,time_exit,4.0,-0.000441365745574851,-0.001241365745574851,BULL
2026-02-12 10:00:00,2026-02-12 11:00:00,2026-02-12 15:00:00,DOWN,Moderate,67979.4,67107.0,time_exit,4.0,0.01283329949955414,0.01203329949955414,BULL
2026-02-12 15:00:00,2026-02-12 16:00:00,2026-02-12 20:00:00,UP,Moderate,67107.0,65401.0,time_exit,4.0,-0.025422087114608027,-0.026222087114608026,CHOPPY
2026-02-12 17:00:00,2026-02-12 18:00:00,2026-02-12 22:00:00,UP,Moderate,65383.8,66262.4,time_exit,4.0,0.013437579339224515,0.012637579339224514,BEAR
2026-02-12 18:00:00,2026-02-12 19:00:00,2026-02-12 23:00:00,UP,Moderate,65559.4,66243.1,time_exit,4.0,0.01042871045189564,0.00962871045189564,BEAR
2026-02-12 19:00:00,2026-02-12 20:00:00,2026-02-13 00:00:00,UP,Moderate,65760.7,65881.4,time_exit,4.0,0.0018354427492408565,0.0010354427492408566,BEAR
2026-02-15 04:00:00,2026-02-15 05:00:00,2026-02-15 09:00:00,UP,Moderate,70156.9,70382.5,time_exit,4.0,0.003215649494205275,0.002415649494205275,CHOPPY
2026-02-15 07:00:00,2026-02-15 08:00:00,2026-02-15 12:00:00,DOWN,Moderate,70784.0,69284.9,time_exit,4.0,0.021178514918625768,0.02037851491862577,CHOPPY
2026-02-15 08:00:00,2026-02-15 09:00:00,2026-02-15 13:00:00,UP,Strong,70405.1,68907.2,time_exit,4.0,-0.021275447375261325,-0.022075447375261324,CHOPPY
2026-02-15 10:00:00,2026-02-15 11:00:00,2026-02-15 15:00:00,UP,Strong,70389.6,69068.1,time_exit,4.0,-0.018774080261856896,-0.019574080261856894,CHOPPY
2026-02-15 12:00:00,2026-02-15 13:00:00,2026-02-15 17:00:00,DOWN,Strong,69285.0,68607.8,time_exit,4.0,0.009774121382694623,0.008974121382694622,CHOPPY
2026-02-15 14:00:00,2026-02-15 15:00:00,2026-02-15 19:00:00,UP,Moderate,69139.9,68263.6,time_exit,4.0,-0.012674302392684855,-0.013474302392684856,CHOPPY
2026-02-15 15:00:00,2026-02-15 16:00:00,2026-02-15 20:00:00,UP,Moderate,69068.1,68420.1,time_exit,4.0,-0.009382044677644252,-0.010182044677644253,CHOPPY
2026-02-15 16:00:00,2026-02-15 17:00:00,2026-02-15 21:00:00,UP,Strong,68977.6,68809.0,time_exit,4.0,-0.0024442717635870803,-0.0032442717635870802,CHOPPY
2026-02-15 17:00:00,2026-02-15 18:00:00,2026-02-15 22:00:00,UP,Strong,68607.8,68962.2,time_exit,4.0,0.005165593416491809,0.004365593416491809,CHOPPY
2026-02-15 18:00:00,2026-02-15 19:00:00,2026-02-15 23:00:00,UP,Strong,68420.0,68796.9,time_exit,4.0,0.005508623209587782,0.0047086232095877815,CHOPPY
2026-02-15 19:00:00,2026-02-15 20:00:00,2026-02-16 00:00:00,UP,Strong,68263.7,68810.4,time_exit,4.0,0.008008648813351726,0.007208648813351726,CHOPPY
2026-02-15 20:00:00,2026-02-15 21:00:00,2026-02-16 01:00:00,UP,Strong,68420.1,68590.8,time_exit,4.0,0.002494880890264728,0.001694880890264728,CHOPPY
2026-02-15 21:00:00,2026-02-15 22:00:00,2026-02-16 02:00:00,DOWN,Moderate,68809.0,68295.1,time_exit,4.0,0.0074684997602056935,0.006668499760205693,CHOPPY
2026-02-15 22:00:00,2026-02-15 23:00:00,2026-02-16 03:00:00,UP,Strong,68962.2,68392.6,time_exit,4.0,-0.008259597286629394,-0.009059597286629395,CHOPPY
2026-02-15 23:00:00,2026-02-16 00:00:00,2026-02-16 04:00:00,UP,Strong,68796.9,68832.4,time_exit,4.0,0.0005160116226166078,-0.0002839883773833922,CHOPPY
2026-02-16 04:00:00,2026-02-16 05:00:00,2026-02-16 09:00:00,DOWN,Strong,68832.4,68961.1,time_exit,4.0,-0.0018697590088390115,-0.0026697590088390114,CHOPPY
2026-02-16 05:00:00,2026-02-16 06:00:00,2026-02-16 10:00:00,UP,Strong,68350.1,68762.0,time_exit,4.0,0.006026326223370404,0.005226326223370404,CHOPPY
2026-02-16 06:00:00,2026-02-16 07:00:00,2026-02-16 11:00:00,UP,Strong,68414.8,68769.4,time_exit,4.0,0.0051830890392137174,0.004383089039213717,CHOPPY
2026-02-16 07:00:00,2026-02-16 08:00:00,2026-02-16 12:00:00,UP,Strong,68552.5,69739.3,time_exit,4.0,0.017312278910324164,0.016512278910324165,CHOPPY
2026-02-16 09:00:00,2026-02-16 10:00:00,2026-02-16 14:00:00,DOWN,Moderate,68961.0,68386.7,time_exit,4.0,0.008327895477153846,0.007527895477153846,CHOPPY
2026-02-16 10:00:00,2026-02-16 11:00:00,2026-02-16 15:00:00,DOWN,Strong,68762.0,67505.5,time_exit,4.0,0.0182731741368779,0.017473174136877902,CHOPPY
2026-02-16 12:00:00,2026-02-16 13:00:00,2026-02-16 17:00:00,DOWN,Strong,69739.3,67917.2,time_exit,4.0,0.02612730555081577,0.025327305550815773,BEAR
2026-02-16 13:00:00,2026-02-16 14:00:00,2026-02-16 18:00:00,DOWN,Strong,68355.5,67833.0,time_exit,4.0,0.0076438618691985205,0.00684386186919852,BEAR
2026-02-16 14:00:00,2026-02-16 15:00:00,2026-02-16 19:00:00,DOWN,Strong,68386.6,67883.6,time_exit,4.0,0.0073552421088342035,0.006555242108834203,BEAR
2026-02-16 15:00:00,2026-02-16 16:00:00,2026-02-16 20:00:00,UP,Strong,67505.5,68508.9,time_exit,4.0,0.014863974046559036,0.014063974046559036,BEAR
2026-02-16 16:00:00,2026-02-16 17:00:00,2026-02-16 21:00:00,UP,Strong,67854.1,68835.1,time_exit,4.0,0.014457490409570006,0.013657490409570006,BEAR
2026-02-16 17:00:00,2026-02-16 18:00:00,2026-02-16 22:00:00,UP,Strong,67917.2,68561.1,time_exit,4.0,0.009480661746950725,0.008680661746950724,BEAR
2026-02-16 18:00:00,2026-02-16 19:00:00,2026-02-16 23:00:00,UP,Strong,67833.0,68862.5,time_exit,4.0,0.01517697875665247,0.01437697875665247,BEAR
2026-02-16 19:00:00,2026-02-16 20:00:00,2026-02-17 00:00:00,UP,Strong,67883.5,68849.9,time_exit,4.0,0.014236154588375571,0.013436154588375571,CHOPPY
2026-02-16 20:00:00,2026-02-16 21:00:00,2026-02-17 01:00:00,UP,Strong,68508.9,68582.6,time_exit,4.0,0.00107577263684,0.00027577263684,CHOPPY
2026-02-16 21:00:00,2026-02-16 22:00:00,2026-02-17 02:00:00,UP,Strong,68835.2,68806.3,time_exit,4.0,-0.0004198433359675624,-0.0012198433359675623,BEAR
2026-02-16 22:00:00,2026-02-16 23:00:00,2026-02-17 03:00:00,UP,Strong,68561.1,68443.6,time_exit,4.0,-0.0017137998077627614,-0.0025137998077627613,CHOPPY
2026-02-16 23:00:00,2026-02-17 00:00:00,2026-02-17 04:00:00,UP,Strong,68862.6,68450.1,time_exit,4.0,-0.0059901891592824,-0.0067901891592824,CHOPPY
2026-02-17 00:00:00,2026-02-17 01:00:00,2026-02-17 05:00:00,UP,Moderate,68849.9,68207.3,time_exit,4.0,-0.00933334688939258,-0.01013334688939258,CHOPPY
2026-02-17 01:00:00,2026-02-17 02:00:00,2026-02-17 06:00:00,UP,Strong,68582.7,68370.8,time_exit,4.0,-0.0030897004638195114,-0.0038897004638195113,BULL
2026-02-17 02:00:00,2026-02-17 03:00:00,2026-02-17 07:00:00,UP,Strong,68806.3,68353.4,time_exit,4.0,-0.006582246102464606,-0.0073822461024646065,CHOPPY
2026-02-17 03:00:00,2026-02-17 04:00:00,2026-02-17 08:00:00,UP,Strong,68443.6,68140.0,time_exit,4.0,-0.0044357690127346805,-0.005235769012734681,BEAR
2026-02-19 04:00:00,2026-02-19 05:00:00,2026-02-19 09:00:00,DOWN,Moderate,66776.5,66811.8,time_exit,4.0,-0.0005286290835848639,-0.0013286290835848639,CHOPPY
2026-02-19 05:00:00,2026-02-19 06:00:00,2026-02-19 10:00:00,DOWN,Moderate,66847.6,66810.1,time_exit,4.0,0.0005609775070458678,-0.00023902249295413224,CHOPPY
2026-02-19 06:00:00,2026-02-19 07:00:00,2026-02-19 11:00:00,DOWN,Moderate,67123.8,66468.9,time_exit,4.0,0.009756599000652622,0.008956599000652621,CHOPPY
2026-02-19 10:00:00,2026-02-19 11:00:00,2026-02-19 15:00:00,DOWN,Moderate,66810.0,66362.7,time_exit,4.0,0.006695105523125355,0.005895105523125355,CHOPPY
2026-02-19 12:00:00,2026-02-19 13:00:00,2026-02-19 17:00:00,UP,Moderate,66489.5,66336.1,time_exit,4.0,-0.0023071312011669898,-0.0031071312011669897,CHOPPY
2026-02-19 13:00:00,2026-02-19 14:00:00,2026-02-19 18:00:00,UP,Strong,65871.2,67003.2,time_exit,4.0,0.017185052040952664,0.016385052040952666,BEAR
2026-02-19 14:00:00,2026-02-19 15:00:00,2026-02-19 19:00:00,UP,Strong,66382.0,67022.9,time_exit,4.0,0.009654725678647669,0.008854725678647668,CHOPPY
2026-02-19 15:00:00,2026-02-19 16:00:00,2026-02-19 20:00:00,UP,Strong,66362.6,67118.7,time_exit,4.0,0.011393465596585939,0.010593465596585938,CHOPPY
2026-02-19 16:00:00,2026-02-19 17:00:00,2026-02-19 21:00:00,UP,Strong,66267.6,66893.2,time_exit,4.0,0.00944051089823672,0.00864051089823672,CHOPPY
2026-02-19 17:00:00,2026-02-19 18:00:00,2026-02-19 22:00:00,UP,Strong,66336.0,66873.9,time_exit,4.0,0.008108719247467366,0.007308719247467366,CHOPPY
2026-02-19 20:00:00,2026-02-19 21:00:00,2026-02-20 01:00:00,DOWN,Moderate,67118.6,67249.2,time_exit,4.0,-0.0019458093583595293,-0.002745809358359529,CHOPPY
2026-02-20 03:00:00,2026-02-20 04:00:00,2026-02-20 08:00:00,DOWN,Moderate,67327.2,67839.9,time_exit,4.0,-0.0076150500837699475,-0.008415050083769948,CHOPPY
2026-02-20 04:00:00,2026-02-20 05:00:00,2026-02-20 09:00:00,DOWN,Moderate,67228.5,68174.1,time_exit,4.0,-0.014065463307972204,-0.014865463307972204,CHOPPY
2026-02-20 05:00:00,2026-02-20 06:00:00,2026-02-20 10:00:00,DOWN,Moderate,67756.1,67909.7,time_exit,4.0,-0.0022669545620246367,-0.0030669545620246367,CHOPPY
2026-02-20 07:00:00,2026-02-20 08:00:00,2026-02-20 12:00:00,DOWN,Strong,67794.8,67498.9,time_exit,4.0,0.004364641535929192,0.0035646415359291924,CHOPPY
2026-02-20 08:00:00,2026-02-20 09:00:00,2026-02-20 13:00:00,DOWN,Strong,67839.8,66784.8,time_exit,4.0,0.015551343016931063,0.014751343016931063,CHOPPY
2026-02-20 09:00:00,2026-02-20 10:00:00,2026-02-20 14:00:00,DOWN,Moderate,68174.2,67043.2,time_exit,4.0,0.016589853639646712,0.015789853639646714,CHOPPY
2026-02-20 11:00:00,2026-02-20 12:00:00,2026-02-20 16:00:00,UP,Moderate,67290.4,67763.2,time_exit,4.0,0.007026262290014573,0.006226262290014573,CHOPPY
2026-02-20 14:00:00,2026-02-20 15:00:00,2026-02-20 19:00:00,UP,Strong,67043.2,67616.5,time_exit,4.0,0.008551202806548641,0.007751202806548641,CHOPPY
2026-02-20 15:00:00,2026-02-20 16:00:00,2026-02-20 20:00:00,DOWN,Moderate,67547.6,67719.7,time_exit,4.0,-0.002547832935589023,-0.0033478329355890227,CHOPPY
2026-02-20 16:00:00,2026-02-20 17:00:00,2026-02-20 21:00:00,UP,Moderate,67763.2,67792.3,time_exit,4.0,0.00042943662636951707,-0.00037056337363048297,CHOPPY
2026-02-20 17:00:00,2026-02-20 18:00:00,2026-02-20 22:00:00,UP,Moderate,67581.9,68049.8,time_exit,4.0,0.006923451397489622,0.006123451397489621,CHOPPY
2026-02-20 18:00:00,2026-02-20 19:00:00,2026-02-20 23:00:00,UP,Moderate,67901.0,67979.3,time_exit,4.0,0.0011531494381527008,0.00035314943815270073,CHOPPY
2026-02-20 19:00:00,2026-02-20 20:00:00,2026-02-21 00:00:00,UP,Moderate,67616.5,67805.2,time_exit,4.0,0.002790738946854665,0.001990738946854665,CHOPPY
2026-02-20 20:00:00,2026-02-20 21:00:00,2026-02-21 01:00:00,UP,Moderate,67719.4,67916.1,time_exit,4.0,0.002904632941225227,0.002104632941225227,CHOPPY
2026-02-20 21:00:00,2026-02-20 22:00:00,2026-02-21 02:00:00,UP,Moderate,67792.3,67970.3,time_exit,4.0,0.0026256669267747945,0.0018256669267747946,CHOPPY
2026-02-20 22:00:00,2026-02-20 23:00:00,2026-02-21 03:00:00,DOWN,Moderate,68049.8,67637.0,time_exit,4.0,0.00606614567566699,0.005266145675666989,CHOPPY
2026-02-21 07:00:00,2026-02-21 08:00:00,2026-02-21 12:00:00,UP,Moderate,67821.0,68175.9,time_exit,4.0,0.005232892466934924,0.004432892466934924,CHOPPY
2026-02-21 14:00:00,2026-02-21 15:00:00,2026-02-21 19:00:00,DOWN,Moderate,68416.6,68516.3,time_exit,4.0,-0.0014572486794139916,-0.0022572486794139915,CHOPPY
2026-02-21 15:00:00,2026-02-21 16:00:00,2026-02-21 20:00:00,DOWN,Moderate,68571.5,68180.9,time_exit,4.0,0.005696244066412559,0.004896244066412559,CHOPPY
2026-02-21 16:00:00,2026-02-21 17:00:00,2026-02-21 21:00:00,DOWN,Moderate,68292.3,68351.0,time_exit,4.0,-0.0008595405338522877,-0.0016595405338522876,CHOPPY
2026-02-21 17:00:00,2026-02-21 18:00:00,2026-02-21 22:00:00,DOWN,Moderate,68408.8,67936.6,time_exit,4.0,0.006902620715463437,0.006102620715463436,CHOPPY
2026-02-21 18:00:00,2026-02-21 19:00:00,2026-02-21 23:00:00,DOWN,Moderate,68547.3,67933.1,time_exit,4.0,0.008960236216451922,0.008160236216451922,CHOPPY
2026-02-21 19:00:00,2026-02-21 20:00:00,2026-02-22 00:00:00,DOWN,Moderate,68516.3,67912.0,time_exit,4.0,0.008819799084305524,0.008019799084305524,CHOPPY
2026-02-21 20:00:00,2026-02-21 21:00:00,2026-02-22 01:00:00,DOWN,Strong,68180.9,68132.3,time_exit,4.0,0.0007128095991691952,-8.719040083080486e-05,CHOPPY
2026-02-21 21:00:00,2026-02-21 22:00:00,2026-02-22 02:00:00,DOWN,Moderate,68351.1,67871.5,time_exit,4.0,0.00701671224018352,0.00621671224018352,CHOPPY
2026-02-21 22:00:00,2026-02-21 23:00:00,2026-02-22 03:00:00,DOWN,Moderate,67936.7,68010.5,time_exit,4.0,-0.001086305340118221,-0.001886305340118221,CHOPPY
2026-02-22 02:00:00,2026-02-22 03:00:00,2026-02-22 07:00:00,DOWN,Moderate,67871.5,67973.0,time_exit,4.0,-0.0014954730630676316,-0.0022954730630676315,CHOPPY
2026-02-22 04:00:00,2026-02-22 05:00:00,2026-02-22 09:00:00,DOWN,Moderate,67950.2,68022.4,time_exit,4.0,-0.0010625428622725863,-0.0018625428622725862,CHOPPY
2026-02-22 05:00:00,2026-02-22 06:00:00,2026-02-22 10:00:00,DOWN,Moderate,67944.5,68096.6,time_exit,4.0,-0.002238591791830169,-0.003038591791830169,CHOPPY
2026-02-22 08:00:00,2026-02-22 09:00:00,2026-02-22 13:00:00,DOWN,Moderate,67909.3,67622.4,time_exit,4.0,0.00422475272164502,0.00342475272164502,CHOPPY
2026-02-22 09:00:00,2026-02-22 10:00:00,2026-02-22 14:00:00,DOWN,Moderate,68022.4,67420.1,time_exit,4.0,0.0088544361857269,0.008054436185726899,CHOPPY
2026-02-22 10:00:00,2026-02-22 11:00:00,2026-02-22 15:00:00,DOWN,Moderate,68096.6,67659.9,time_exit,4.0,0.006412948664103801,0.005612948664103801,CHOPPY
2026-02-22 11:00:00,2026-02-22 12:00:00,2026-02-22 16:00:00,DOWN,Moderate,68183.4,67601.6,time_exit,4.0,0.008532868704112517,0.007732868704112517,CHOPPY
2026-02-22 12:00:00,2026-02-22 13:00:00,2026-02-22 17:00:00,DOWN,Moderate,67892.4,67365.0,time_exit,4.0,0.007768174346465817,0.006968174346465817,CHOPPY
2026-02-22 15:00:00,2026-02-22 16:00:00,2026-02-22 20:00:00,UP,Moderate,67660.0,67374.9,time_exit,4.0,-0.004213715637008675,-0.005013715637008675,CHOPPY
2026-02-22 17:00:00,2026-02-22 18:00:00,2026-02-22 22:00:00,UP,Moderate,67364.9,67631.2,time_exit,4.0,0.0039530972360977135,0.0031530972360977135,CHOPPY
2026-02-23 02:00:00,2026-02-23 03:00:00,2026-02-23 07:00:00,UP,Strong,64742.5,65915.8,time_exit,4.0,0.018122562458972036,0.017322562458972037,BEAR
2026-02-23 03:00:00,2026-02-23 04:00:00,2026-02-23 08:00:00,DOWN,Moderate,64894.1,65639.0,time_exit,4.0,-0.011478701453599083,-0.012278701453599083,BEAR
2026-02-27 04:00:00,2026-02-27 05:00:00,2026-02-27 09:00:00,UP,Strong,67709.1,67318.4,time_exit,4.0,-0.005770273124292125,-0.006570273124292125,CHOPPY
2026-02-27 05:00:00,2026-02-27 06:00:00,2026-02-27 10:00:00,UP,Moderate,67685.8,66575.1,time_exit,4.0,-0.016409645745488644,-0.017209645745488642,CHOPPY
2026-02-27 08:00:00,2026-02-27 09:00:00,2026-02-27 13:00:00,DOWN,Moderate,67897.5,66240.0,time_exit,4.0,0.0244117971943002,0.0236117971943002,CHOPPY
2026-02-27 09:00:00,2026-02-27 10:00:00,2026-02-27 14:00:00,UP,Strong,67318.3,65855.5,time_exit,4.0,-0.02172960398584045,-0.02252960398584045,CHOPPY
2026-02-27 10:00:00,2026-02-27 11:00:00,2026-02-27 15:00:00,UP,Strong,66575.2,66072.6,time_exit,4.0,-0.007549357718790062,-0.008349357718790062,BEAR
2026-02-27 11:00:00,2026-02-27 12:00:00,2026-02-27 16:00:00,UP,Strong,66094.0,65449.3,time_exit,4.0,-0.009754289345477618,-0.010554289345477618,BEAR
2026-02-27 12:00:00,2026-02-27 13:00:00,2026-02-27 17:00:00,UP,Moderate,65902.5,65673.0,time_exit,4.0,-0.0034824172072379644,-0.004282417207237965,BEAR
2026-02-27 13:00:00,2026-02-27 14:00:00,2026-02-27 18:00:00,UP,Strong,66240.0,65284.8,time_exit,4.0,-0.014420289855072377,-0.015220289855072377,BEAR
2026-02-27 14:00:00,2026-02-27 15:00:00,2026-02-27 19:00:00,UP,Strong,65855.4,65365.4,time_exit,4.0,-0.007440543979688741,-0.008240543979688741,BEAR
2026-02-27 15:00:00,2026-02-27 16:00:00,2026-02-27 20:00:00,UP,Strong,66072.5,65564.2,time_exit,4.0,-0.007693064436792962,-0.008493064436792963,BEAR
2026-02-27 16:00:00,2026-02-27 17:00:00,2026-02-27 21:00:00,UP,Strong,65449.3,65502.3,time_exit,4.0,0.0008097871176619975,9.787117661997475e-06,BEAR
2026-02-27 17:00:00,2026-02-27 18:00:00,2026-02-27 22:00:00,UP,Moderate,65672.9,65609.0,time_exit,4.0,-0.0009730040853989097,-0.0017730040853989096,CHOPPY
2026-02-27 18:00:00,2026-02-27 19:00:00,2026-02-27 23:00:00,UP,Moderate,65284.8,65836.0,time_exit,4.0,0.008443006641668527,0.007643006641668526,CHOPPY
2026-02-27 19:00:00,2026-02-27 20:00:00,2026-02-28 00:00:00,UP,Moderate,65365.4,65906.3,time_exit,4.0,0.00827502011767689,0.00747502011767689,CHOPPY
2026-02-27 20:00:00,2026-02-27 21:00:00,2026-02-28 01:00:00,UP,Moderate,65564.3,65747.2,time_exit,4.0,0.0027896278920083173,0.0019896278920083174,CHOPPY
2026-02-27 22:00:00,2026-02-27 23:00:00,2026-02-28 03:00:00,UP,Moderate,65609.0,65763.8,time_exit,4.0,0.0023594323949458484,0.0015594323949458485,BEAR
2026-02-28 00:00:00,2026-02-28 01:00:00,2026-02-28 05:00:00,DOWN,Moderate,65906.3,65558.6,time_exit,4.0,0.0052756716732694775,0.004475671673269477,BEAR
2026-02-28 01:00:00,2026-02-28 02:00:00,2026-02-28 06:00:00,DOWN,Moderate,65747.3,63173.8,time_exit,4.0,0.039142291774719284,0.03834229177471928,BEAR
2026-02-28 02:00:00,2026-02-28 03:00:00,2026-02-28 07:00:00,DOWN,Strong,65927.0,63788.4,time_exit,4.0,0.03243890970315655,0.03163890970315655,CHOPPY
2026-02-28 05:00:00,2026-02-28 06:00:00,2026-02-28 10:00:00,UP,Moderate,65558.6,63964.5,time_exit,4.0,-0.024315650425726032,-0.02511565042572603,BEAR
2026-02-28 06:00:00,2026-02-28 07:00:00,2026-02-28 11:00:00,UP,Moderate,63173.8,63810.4,time_exit,4.0,0.010076962284997881,0.009276962284997881,BEAR
2026-02-28 07:00:00,2026-02-28 08:00:00,2026-02-28 12:00:00,UP,Strong,63787.4,63980.0,time_exit,4.0,0.0030194050862708544,0.0022194050862708544,BEAR
2026-02-28 08:00:00,2026-02-28 09:00:00,2026-02-28 13:00:00,UP,Strong,63439.6,65069.5,time_exit,4.0,0.025692154427203295,0.024892154427203297,BEAR
2026-02-28 09:00:00,2026-02-28 10:00:00,2026-02-28 14:00:00,UP,Strong,63621.3,64402.4,time_exit,4.0,0.012277334791964245,0.011477334791964245,BEAR
2026-02-28 10:00:00,2026-02-28 11:00:00,2026-02-28 15:00:00,UP,Strong,63964.5,64800.0,time_exit,4.0,0.013061932790844999,0.012261932790844999,BEAR
2026-02-28 11:00:00,2026-02-28 12:00:00,2026-02-28 16:00:00,UP,Strong,63810.4,65053.8,time_exit,4.0,0.019485851836064327,0.01868585183606433,BEAR
2026-02-28 12:00:00,2026-02-28 13:00:00,2026-02-28 17:00:00,UP,Strong,63979.9,65395.4,time_exit,4.0,0.022124135861419036,0.021324135861419038,BEAR
2026-02-28 13:00:00,2026-02-28 14:00:00,2026-02-28 18:00:00,UP,Strong,65069.5,65873.0,time_exit,4.0,0.012348335241549435,0.011548335241549435,BEAR
2026-02-28 14:00:00,2026-02-28 15:00:00,2026-02-28 19:00:00,UP,Strong,64402.5,66318.1,time_exit,4.0,0.029744186949264506,0.028944186949264507,BEAR
2026-02-28 15:00:00,2026-02-28 16:00:00,2026-02-28 20:00:00,UP,Strong,64800.1,66918.6,time_exit,4.0,0.03269285078263784,0.03189285078263784,BEAR
2026-02-28 16:00:00,2026-02-28 17:00:00,2026-02-28 21:00:00,UP,Strong,65053.7,66684.8,time_exit,4.0,0.025073131889500555,0.024273131889500556,CHOPPY
2026-02-28 17:00:00,2026-02-28 18:00:00,2026-02-28 22:00:00,UP,Strong,65395.3,67081.4,time_exit,4.0,0.025783198486741377,0.024983198486741378,BULL
2026-02-28 18:00:00,2026-02-28 19:00:00,2026-02-28 23:00:00,UP,Strong,65872.9,66937.1,time_exit,4.0,0.016155353719056187,0.015355353719056187,BULL
2026-02-28 19:00:00,2026-02-28 20:00:00,2026-03-01 00:00:00,UP,Strong,66318.1,66755.6,time_exit,4.0,0.006596992374630739,0.005796992374630739,BULL
2026-02-28 21:00:00,2026-02-28 22:00:00,2026-03-01 02:00:00,UP,Moderate,66684.8,67588.3,time_exit,4.0,0.013548814722395441,0.012748814722395441,BULL
2026-02-28 22:00:00,2026-02-28 23:00:00,2026-03-01 03:00:00,UP,Moderate,67081.4,67474.7,time_exit,4.0,0.005863026114541592,0.0050630261145415915,BULL
2026-02-28 23:00:00,2026-03-01 00:00:00,2026-03-01 04:00:00,UP,Moderate,66937.0,67313.0,time_exit,4.0,0.0056172221641244136,0.004817222164124413,BULL
2026-03-01 00:00:00,2026-03-01 01:00:00,2026-03-01 05:00:00,UP,Moderate,66755.5,67264.2,time_exit,4.0,0.007620345889102653,0.006820345889102653,BULL
2026-03-01 01:00:00,2026-03-01 02:00:00,2026-03-01 06:00:00,UP,Moderate,67311.7,66890.1,time_exit,4.0,-0.006263398487929894,-0.007063398487929895,BULL
2026-03-01 03:00:00,2026-03-01 04:00:00,2026-03-01 08:00:00,DOWN,Strong,67474.8,66535.0,time_exit,4.0,0.013928162810412203,0.013128162810412203,BULL
2026-03-05 04:00:00,2026-03-05 05:00:00,2026-03-05 09:00:00,DOWN,Strong,72784.1,72563.2,time_exit,4.0,0.003035003524121449,0.002235003524121449,BULL
2026-03-05 05:00:00,2026-03-05 06:00:00,2026-03-05 10:00:00,DOWN,Strong,72375.0,73347.0,time_exit,4.0,-0.013430051813471566,-0.014230051813471567,BULL
2026-03-05 06:00:00,2026-03-05 07:00:00,2026-03-05 11:00:00,DOWN,Strong,72520.3,72879.9,time_exit,4.0,-0.004958611588754991,-0.005758611588754991,BULL
2026-03-05 07:00:00,2026-03-05 08:00:00,2026-03-05 12:00:00,DOWN,Moderate,72025.4,72842.2,time_exit,4.0,-0.011340443787885901,-0.012140443787885901,BULL
2026-03-05 08:00:00,2026-03-05 09:00:00,2026-03-05 13:00:00,DOWN,Moderate,72307.6,72435.5,time_exit,4.0,-0.0017688320453175255,-0.0025688320453175254,BULL
2026-03-05 10:00:00,2026-03-05 11:00:00,2026-03-05 15:00:00,DOWN,Moderate,73346.9,71611.7,time_exit,4.0,0.0236574415551305,0.0228574415551305,BULL
2026-03-05 20:00:00,2026-03-05 21:00:00,2026-03-06 01:00:00,DOWN,Moderate,71205.8,71217.0,time_exit,4.0,-0.0001572905577915673,-0.0009572905577915673,BEAR
2026-03-05 22:00:00,2026-03-05 23:00:00,2026-03-06 03:00:00,DOWN,Moderate,71170.9,71045.4,time_exit,4.0,0.0017633611490088796,0.0009633611490088796,BEAR
2026-03-06 03:00:00,2026-03-06 04:00:00,2026-03-06 08:00:00,DOWN,Moderate,71045.4,70750.2,time_exit,4.0,0.0041550895624488104,0.0033550895624488105,BEAR
2026-03-06 08:00:00,2026-03-06 09:00:00,2026-03-06 13:00:00,DOWN,Moderate,70750.2,69189.6,time_exit,4.0,0.022057888175580964,0.021257888175580966,BEAR
2026-03-06 10:00:00,2026-03-06 11:00:00,2026-03-06 15:00:00,DOWN,Moderate,70506.8,68468.4,time_exit,4.0,0.02891068662880758,0.02811068662880758,CHOPPY
2026-03-06 11:00:00,2026-03-06 12:00:00,2026-03-06 16:00:00,DOWN,Moderate,70185.6,68410.2,time_exit,4.0,0.025295787170017903,0.024495787170017904,CHOPPY
2026-03-06 12:00:00,2026-03-06 13:00:00,2026-03-06 17:00:00,DOWN,Strong,69895.2,67930.7,time_exit,4.0,0.028106364957822594,0.027306364957822595,CHOPPY
2026-03-07 00:00:00,2026-03-07 01:00:00,2026-03-07 05:00:00,DOWN,Moderate,68243.1,67990.1,time_exit,4.0,0.0037073345144050807,0.0029073345144050807,CHOPPY
2026-03-07 01:00:00,2026-03-07 02:00:00,2026-03-07 06:00:00,DOWN,Moderate,68222.2,67665.7,time_exit,4.0,0.008157168780836721,0.007357168780836721,CHOPPY
2026-03-07 02:00:00,2026-03-07 03:00:00,2026-03-07 07:00:00,DOWN,Moderate,68320.0,67809.4,time_exit,4.0,0.007473653395784652,0.0066736533957846515,CHOPPY
2026-03-07 03:00:00,2026-03-07 04:00:00,2026-03-07 08:00:00,DOWN,Moderate,68063.3,67767.6,time_exit,4.0,0.004344485207152693,0.003544485207152693,CHOPPY
2026-03-07 04:00:00,2026-03-07 05:00:00,2026-03-07 09:00:00,DOWN,Strong,68028.0,67970.5,time_exit,4.0,0.0008452401952137034,4.524019521370338e-05,CHOPPY
2026-03-07 05:00:00,2026-03-07 06:00:00,2026-03-07 10:00:00,DOWN,Moderate,67990.0,67851.6,time_exit,4.0,0.0020355934696277833,0.0012355934696277834,CHOPPY
2026-03-07 06:00:00,2026-03-07 07:00:00,2026-03-07 11:00:00,DOWN,Strong,67665.9,67975.9,time_exit,4.0,-0.004581332694902462,-0.005381332694902463,CHOPPY
2026-03-07 07:00:00,2026-03-07 08:00:00,2026-03-07 12:00:00,DOWN,Strong,67809.5,67954.6,time_exit,4.0,-0.0021398181670710947,-0.0029398181670710947,CHOPPY
2026-03-07 08:00:00,2026-03-07 09:00:00,2026-03-07 13:00:00,DOWN,Strong,67767.6,67891.3,time_exit,4.0,-0.0018253560698622273,-0.0026253560698622272,CHOPPY
2026-03-07 09:00:00,2026-03-07 10:00:00,2026-03-07 14:00:00,DOWN,Moderate,67970.5,67980.1,time_exit,4.0,-0.00014123774284446888,-0.0009412377428444689,CHOPPY
2026-03-07 10:00:00,2026-03-07 11:00:00,2026-03-07 15:00:00,DOWN,Strong,67851.7,67844.8,time_exit,4.0,0.00010169236732449072,-0.0006983076326755093,CHOPPY
2026-03-07 11:00:00,2026-03-07 12:00:00,2026-03-07 16:00:00,DOWN,Strong,67976.0,67757.5,time_exit,4.0,0.0032143697775685043,0.0024143697775685044,CHOPPY
2026-03-07 12:00:00,2026-03-07 13:00:00,2026-03-07 17:00:00,DOWN,Moderate,67954.6,67749.7,time_exit,4.0,0.0030152484158542103,0.0022152484158542104,CHOPPY
2026-03-07 13:00:00,2026-03-07 14:00:00,2026-03-07 18:00:00,DOWN,Strong,67891.2,67530.8,time_exit,4.0,0.0053084935897435015,0.004508493589743501,CHOPPY
2026-03-07 14:00:00,2026-03-07 15:00:00,2026-03-07 19:00:00,DOWN,Strong,67980.1,67042.6,time_exit,4.0,0.013790800543100112,0.012990800543100112,CHOPPY
2026-03-07 15:00:00,2026-03-07 16:00:00,2026-03-07 20:00:00,DOWN,Strong,67844.8,67354.4,time_exit,4.0,0.007228262151263043,0.006428262151263043,CHOPPY
2026-03-07 16:00:00,2026-03-07 17:00:00,2026-03-07 21:00:00,DOWN,Strong,67757.6,67416.4,time_exit,4.0,0.005035597482791809,0.004235597482791809,CHOPPY
2026-03-07 17:00:00,2026-03-07 18:00:00,2026-03-07 22:00:00,DOWN,Strong,67749.7,67220.0,time_exit,4.0,0.007818484805098724,0.007018484805098724,CHOPPY
2026-03-07 18:00:00,2026-03-07 19:00:00,2026-03-07 23:00:00,DOWN,Strong,67530.8,67232.1,time_exit,4.0,0.004423166910505927,0.003623166910505927,CHOPPY
2026-03-07 19:00:00,2026-03-07 20:00:00,2026-03-08 00:00:00,DOWN,Moderate,67042.6,67161.0,time_exit,4.0,-0.0017660412931479463,-0.0025660412931479463,CHOPPY
2026-03-07 20:00:00,2026-03-07 21:00:00,2026-03-08 01:00:00,DOWN,Moderate,67354.4,67266.3,time_exit,4.0,0.0013080066038743121,0.0005080066038743121,CHOPPY
2026-03-07 21:00:00,2026-03-07 22:00:00,2026-03-08 02:00:00,DOWN,Moderate,67416.3,66894.8,time_exit,4.0,0.0077355179682064845,0.006935517968206484,CHOPPY
2026-03-07 22:00:00,2026-03-07 23:00:00,2026-03-08 03:00:00,DOWN,Moderate,67220.0,66974.9,time_exit,4.0,0.003646236239214562,0.002846236239214562,CHOPPY
2026-03-08 00:00:00,2026-03-08 01:00:00,2026-03-08 05:00:00,DOWN,Moderate,67161.0,67115.4,time_exit,4.0,0.0006789654710324111,-0.00012103452896758892,CHOPPY
2026-03-08 01:00:00,2026-03-08 02:00:00,2026-03-08 06:00:00,DOWN,Moderate,67266.2,67134.3,time_exit,4.0,0.0019608659326674216,0.0011608659326674217,CHOPPY
2026-03-08 02:00:00,2026-03-08 03:00:00,2026-03-08 07:00:00,DOWN,Strong,66894.9,67277.2,time_exit,4.0,-0.005714934920300285,-0.006514934920300286,CHOPPY
2026-03-08 03:00:00,2026-03-08 04:00:00,2026-03-08 08:00:00,DOWN,Strong,66974.9,67490.9,time_exit,4.0,-0.007704378804596956,-0.008504378804596957,CHOPPY
2026-03-08 05:00:00,2026-03-08 06:00:00,2026-03-08 10:00:00,DOWN,Moderate,67115.3,67869.1,time_exit,4.0,-0.011231418171415486,-0.012031418171415486,CHOPPY
2026-03-08 06:00:00,2026-03-08 07:00:00,2026-03-08 11:00:00,DOWN,Moderate,67134.4,67490.0,time_exit,4.0,-0.00529683738887976,-0.006096837388879761,CHOPPY
2026-03-08 07:00:00,2026-03-08 08:00:00,2026-03-08 12:00:00,DOWN,Moderate,67277.1,67286.0,time_exit,4.0,-0.0001322886985317684,-0.0009322886985317684,CHOPPY
2026-03-08 08:00:00,2026-03-08 09:00:00,2026-03-08 13:00:00,DOWN,Moderate,67491.0,67196.9,time_exit,4.0,0.004357618052777457,0.0035576180527774567,CHOPPY
2026-03-08 09:00:00,2026-03-08 10:00:00,2026-03-08 14:00:00,DOWN,Moderate,67663.0,67304.1,time_exit,4.0,0.005304228307937753,0.004504228307937752,CHOPPY
2026-03-08 10:00:00,2026-03-08 11:00:00,2026-03-08 15:00:00,DOWN,Moderate,67869.0,67174.7,time_exit,4.0,0.010230001915454867,0.009430001915454867,CHOPPY
2026-03-08 14:00:00,2026-03-08 15:00:00,2026-03-08 19:00:00,DOWN,Moderate,67304.1,67299.0,time_exit,4.0,7.577547281678587e-05,-0.0007242245271832142,CHOPPY
2026-03-08 15:00:00,2026-03-08 16:00:00,2026-03-08 20:00:00,DOWN,Strong,67174.6,67195.7,time_exit,4.0,-0.0003141068201373276,-0.0011141068201373275,CHOPPY
2026-03-08 16:00:00,2026-03-08 17:00:00,2026-03-08 21:00:00,DOWN,Strong,66830.0,66977.1,time_exit,4.0,-0.0022011072871466197,-0.0030011072871466197,CHOPPY
2026-03-08 17:00:00,2026-03-08 18:00:00,2026-03-08 22:00:00,DOWN,Moderate,67017.1,66198.4,time_exit,4.0,0.012216285097385815,0.011416285097385815,CHOPPY
2026-03-08 18:00:00,2026-03-08 19:00:00,2026-03-08 23:00:00,DOWN,Strong,66777.6,65934.3,time_exit,4.0,0.01262848619896495,0.01182848619896495,CHOPPY
2026-03-08 19:00:00,2026-03-08 20:00:00,2026-03-09 00:00:00,DOWN,Strong,67299.0,66326.9,time_exit,4.0,0.01444449397465053,0.01364449397465053,CHOPPY
2026-03-08 20:00:00,2026-03-08 21:00:00,2026-03-09 01:00:00,DOWN,Moderate,67195.6,66150.1,time_exit,4.0,0.015559054461899313,0.014759054461899313,CHOPPY
2026-03-08 21:00:00,2026-03-08 22:00:00,2026-03-09 02:00:00,DOWN,Moderate,66977.1,66500.0,time_exit,4.0,0.007123330212863932,0.006323330212863932,CHOPPY
2026-03-09 02:00:00,2026-03-09 03:00:00,2026-03-09 07:00:00,DOWN,Moderate,66500.1,67504.8,time_exit,4.0,-0.015108247957521748,-0.015908247957521746,CHOPPY
2026-03-15 23:00:00,2026-03-16 00:00:00,2026-03-16 04:00:00,UP,Moderate,72778.8,73799.5,time_exit,4.0,0.01402468850819183,0.013224688508191829,CHOPPY
2026-03-17 04:00:00,2026-03-17 05:00:00,2026-03-17 09:00:00,UP,Moderate,74203.3,73890.1,time_exit,4.0,-0.004220836539614803,-0.005020836539614803,CHOPPY
2026-03-17 05:00:00,2026-03-17 06:00:00,2026-03-17 10:00:00,UP,Moderate,73996.0,73706.1,time_exit,4.0,-0.0039177793394237215,-0.004717779339423722,CHOPPY
2026-03-17 06:00:00,2026-03-17 07:00:00,2026-03-17 11:00:00,DOWN,Moderate,74045.0,73997.1,time_exit,4.0,0.000646903909784502,-0.00015309609021549808,CHOPPY
2026-03-17 07:00:00,2026-03-17 08:00:00,2026-03-17 12:00:00,DOWN,Strong,74212.8,73711.1,time_exit,4.0,0.006760289330142499,0.005960289330142499,CHOPPY
2026-03-17 08:00:00,2026-03-17 09:00:00,2026-03-17 13:00:00,DOWN,Moderate,74150.1,73580.6,time_exit,4.0,0.0076803672550677105,0.00688036725506771,CHOPPY
2026-03-17 09:00:00,2026-03-17 10:00:00,2026-03-17 14:00:00,DOWN,Strong,73890.0,74340.2,time_exit,4.0,-0.006092840709162273,-0.006892840709162273,CHOPPY
2026-03-17 11:00:00,2026-03-17 12:00:00,2026-03-17 16:00:00,DOWN,Strong,73997.1,74120.0,time_exit,4.0,-0.001660875899190506,-0.002460875899190506,CHOPPY
2026-03-17 12:00:00,2026-03-17 13:00:00,2026-03-17 17:00:00,DOWN,Moderate,73711.0,74480.1,time_exit,4.0,-0.010433992212831367,-0.011233992212831367,CHOPPY
2026-03-17 13:00:00,2026-03-17 14:00:00,2026-03-17 18:00:00,DOWN,Strong,73580.7,74637.0,time_exit,4.0,-0.014355666635408548,-0.015155666635408549,CHOPPY
2026-03-17 14:00:00,2026-03-17 15:00:00,2026-03-17 19:00:00,DOWN,Strong,74340.2,74460.8,time_exit,4.0,-0.0016222716645906132,-0.002422271664590613,CHOPPY
2026-03-17 15:00:00,2026-03-17 16:00:00,2026-03-17 20:00:00,DOWN,Strong,73878.5,74469.9,time_exit,4.0,-0.00800503529443608,-0.00880503529443608,CHOPPY
2026-03-17 16:00:00,2026-03-17 17:00:00,2026-03-17 21:00:00,DOWN,Strong,74120.0,74650.3,time_exit,4.0,-0.007154614139233795,-0.007954614139233795,CHOPPY
2026-03-17 17:00:00,2026-03-17 18:00:00,2026-03-17 22:00:00,DOWN,Strong,74480.1,74265.8,time_exit,4.0,0.0028772786287881713,0.0020772786287881714,CHOPPY
2026-03-17 18:00:00,2026-03-17 19:00:00,2026-03-17 23:00:00,DOWN,Strong,74637.1,73872.4,time_exit,4.0,0.010245574921855405,0.009445574921855404,CHOPPY
2026-03-17 19:00:00,2026-03-17 20:00:00,2026-03-18 00:00:00,DOWN,Strong,74460.8,73821.3,time_exit,4.0,0.00858841162061108,0.00778841162061108,CHOPPY
2026-03-17 20:00:00,2026-03-17 21:00:00,2026-03-18 01:00:00,DOWN,Strong,74470.0,74035.2,time_exit,4.0,0.005838592721901459,0.0050385927219014585,CHOPPY
2026-03-17 21:00:00,2026-03-17 22:00:00,2026-03-18 02:00:00,DOWN,Strong,74650.2,74300.0,time_exit,4.0,0.004691213151471807,0.003891213151471807,CHOPPY
2026-03-17 22:00:00,2026-03-17 23:00:00,2026-03-18 03:00:00,DOWN,Strong,74265.8,74414.6,time_exit,4.0,-0.002003614045765323,-0.002803614045765323,CHOPPY
2026-03-18 00:00:00,2026-03-18 01:00:00,2026-03-18 05:00:00,DOWN,Moderate,73821.3,73911.2,time_exit,4.0,-0.001217805701064556,-0.002017805701064556,CHOPPY
2026-03-18 01:00:00,2026-03-18 02:00:00,2026-03-18 06:00:00,DOWN,Strong,74035.2,73910.0,time_exit,4.0,0.0016910874827108513,0.0008910874827108513,CHOPPY
2026-03-18 02:00:00,2026-03-18 03:00:00,2026-03-18 07:00:00,DOWN,Strong,74299.9,73840.0,time_exit,4.0,0.0061897795286399715,0.005389779528639971,CHOPPY
2026-03-18 03:00:00,2026-03-18 04:00:00,2026-03-18 08:00:00,DOWN,Strong,74414.7,74005.8,time_exit,4.0,0.0054948820595930314,0.004694882059593031,CHOPPY
2026-03-18 06:00:00,2026-03-18 07:00:00,2026-03-18 11:00:00,DOWN,Moderate,73910.1,72906.4,time_exit,4.0,0.013580011392218538,0.012780011392218538,CHOPPY
2026-03-18 07:00:00,2026-03-18 08:00:00,2026-03-18 12:00:00,DOWN,Moderate,73840.1,72325.1,time_exit,4.0,0.020517306991729378,0.01971730699172938,CHOPPY
2026-03-18 08:00:00,2026-03-18 09:00:00,2026-03-18 13:00:00,DOWN,Strong,74005.9,72104.4,time_exit,4.0,0.02569389737845229,0.024893897378452292,CHOPPY
2026-03-18 09:00:00,2026-03-18 10:00:00,2026-03-18 14:00:00,DOWN,Strong,74136.0,71160.3,time_exit,4.0,0.04013839430236321,0.03933839430236321,CHOPPY
2026-03-18 10:00:00,2026-03-18 11:00:00,2026-03-18 15:00:00,DOWN,Strong,73895.0,71436.4,time_exit,4.0,0.03327153393328375,0.032471533933283746,CHOPPY
2026-03-18 11:00:00,2026-03-18 12:00:00,2026-03-18 16:00:00,DOWN,Strong,72906.4,71289.5,time_exit,4.0,0.02217775119879728,0.02137775119879728,CHOPPY
2026-03-18 12:00:00,2026-03-18 13:00:00,2026-03-18 17:00:00,DOWN,Strong,72325.1,71556.6,time_exit,4.0,0.010625633424634073,0.009825633424634073,CHOPPY
2026-03-18 13:00:00,2026-03-18 14:00:00,2026-03-18 18:00:00,DOWN,Strong,72104.5,71066.5,time_exit,4.0,0.014395772801974904,0.013595772801974904,CHOPPY
2026-03-18 15:00:00,2026-03-18 16:00:00,2026-03-18 20:00:00,UP,Moderate,71436.3,71172.3,time_exit,4.0,-0.0036956001360652913,-0.004495600136065292,CHOPPY
2026-03-18 16:00:00,2026-03-18 17:00:00,2026-03-18 21:00:00,UP,Moderate,71289.5,71219.7,time_exit,4.0,-0.0009791063200050854,-0.0017791063200050853,CHOPPY
2026-03-18 18:00:00,2026-03-18 19:00:00,2026-03-18 23:00:00,UP,Moderate,71066.5,71202.9,time_exit,4.0,0.0019193290791019724,0.0011193290791019724,CHOPPY
2026-03-18 19:00:00,2026-03-18 20:00:00,2026-03-19 00:00:00,UP,Moderate,71030.3,70970.1,time_exit,4.0,-0.0008475256334268266,-0.0016475256334268266,CHOPPY
2026-03-18 20:00:00,2026-03-18 21:00:00,2026-03-19 01:00:00,UP,Moderate,71172.3,71078.5,time_exit,4.0,-0.001317928463742235,-0.002117928463742235,CHOPPY
2026-03-18 23:00:00,2026-03-19 00:00:00,2026-03-19 04:00:00,DOWN,Moderate,71202.9,70790.7,time_exit,4.0,0.005789090051107393,0.0049890900511073925,CHOPPY
2026-03-19 00:00:00,2026-03-19 01:00:00,2026-03-19 05:00:00,DOWN,Moderate,70970.0,70792.8,time_exit,4.0,0.002496829646329357,0.0016968296463293572,CHOPPY
2026-03-19 02:00:00,2026-03-19 03:00:00,2026-03-19 07:00:00,DOWN,Moderate,71020.7,70145.1,time_exit,4.0,0.012328799913264632,0.011528799913264632,CHOPPY
2026-03-19 03:00:00,2026-03-19 04:00:00,2026-03-19 08:00:00,DOWN,Strong,71180.0,69957.4,time_exit,4.0,0.01717617308232655,0.016376173082326553,CHOPPY
2026-03-19 08:00:00,2026-03-19 09:00:00,2026-03-19 13:00:00,UP,Moderate,69957.4,69866.3,time_exit,4.0,-0.0013022210659628941,-0.002102221065962894,BEAR
2026-03-19 16:00:00,2026-03-19 17:00:00,2026-03-19 21:00:00,UP,Moderate,69426.3,70376.1,time_exit,4.0,0.013680694491856826,0.012880694491856826,CHOPPY
2026-03-19 17:00:00,2026-03-19 18:00:00,2026-03-19 22:00:00,UP,Moderate,69820.0,70157.0,time_exit,4.0,0.00482669722142659,0.00402669722142659,CHOPPY
2026-03-19 19:00:00,2026-03-19 20:00:00,2026-03-20 00:00:00,UP,Moderate,70233.0,70159.9,time_exit,4.0,-0.0010408212663564065,-0.0018408212663564064,CHOPPY
2026-03-19 22:00:00,2026-03-19 23:00:00,2026-03-20 03:00:00,UP,Moderate,70156.9,70696.1,time_exit,4.0,0.007685630351398354,0.006885630351398353,CHOPPY
2026-03-19 23:00:00,2026-03-20 00:00:00,2026-03-20 04:00:00,UP,Moderate,69887.4,70743.4,time_exit,4.0,0.012248273651616737,0.011448273651616736,CHOPPY
2026-03-20 00:00:00,2026-03-20 01:00:00,2026-03-20 05:00:00,UP,Moderate,70159.9,70570.2,time_exit,4.0,0.0058480699088796495,0.005048069908879649,CHOPPY
2026-03-20 01:00:00,2026-03-20 02:00:00,2026-03-20 06:00:00,UP,Moderate,70370.8,70462.0,time_exit,4.0,0.0012959920876272069,0.0004959920876272068,CHOPPY
2026-03-20 08:00:00,2026-03-20 09:00:00,2026-03-20 13:00:00,UP,Moderate,71000.4,69831.1,time_exit,4.0,-0.016468921301851625,-0.017268921301851623,CHOPPY
2026-03-20 09:00:00,2026-03-20 10:00:00,2026-03-20 14:00:00,UP,Moderate,70545.0,69706.0,time_exit,4.0,-0.011893117868027492,-0.012693117868027492,CHOPPY
2026-03-20 10:00:00,2026-03-20 11:00:00,2026-03-20 15:00:00,UP,Moderate,70580.9,69829.5,time_exit,4.0,-0.010645939623892486,-0.011445939623892487,CHOPPY
2026-03-20 11:00:00,2026-03-20 12:00:00,2026-03-20 16:00:00,UP,Moderate,70440.0,69792.1,time_exit,4.0,-0.009197898921067482,-0.009997898921067483,CHOPPY
2026-03-20 12:00:00,2026-03-20 13:00:00,2026-03-20 17:00:00,UP,Moderate,70304.7,69970.8,time_exit,4.0,-0.004749326858659475,-0.005549326858659475,CHOPPY
2026-03-20 13:00:00,2026-03-20 14:00:00,2026-03-20 18:00:00,UP,Moderate,69831.0,69733.3,time_exit,4.0,-0.0013990920937692053,-0.0021990920937692052,CHOPPY
2026-03-20 15:00:00,2026-03-20 16:00:00,2026-03-20 20:00:00,UP,Moderate,69829.5,70019.7,time_exit,4.0,0.002723777200180466,0.0019237772001804662,CHOPPY
2026-03-20 16:00:00,2026-03-20 17:00:00,2026-03-20 21:00:00,UP,Moderate,69792.1,70498.3,time_exit,4.0,0.010118623741082411,0.00931862374108241,CHOPPY
2026-03-20 17:00:00,2026-03-20 18:00:00,2026-03-20 22:00:00,UP,Strong,69970.9,70739.2,time_exit,4.0,0.010980278944532795,0.010180278944532795,CHOPPY
2026-03-20 18:00:00,2026-03-20 19:00:00,2026-03-20 23:00:00,UP,Moderate,69733.6,70472.7,time_exit,4.0,0.010598907843564431,0.009798907843564431,CHOPPY
2026-03-20 21:00:00,2026-03-20 22:00:00,2026-03-21 02:00:00,DOWN,Moderate,70498.3,70703.7,time_exit,4.0,-0.002913545433010256,-0.003713545433010256,CHOPPY
2026-03-21 02:00:00,2026-03-21 03:00:00,2026-03-21 07:00:00,UP,Moderate,70703.7,70687.3,time_exit,4.0,-0.00023195391471719784,-0.0010319539147171978,CHOPPY
2026-03-22 08:00:00,2026-03-22 09:00:00,2026-03-22 13:00:00,UP,Strong,68756.6,68660.3,time_exit,4.0,-0.0014005928158169478,-0.0022005928158169478,CHOPPY
2026-03-22 11:00:00,2026-03-22 12:00:00,2026-03-22 16:00:00,UP,Strong,68177.0,68761.9,time_exit,4.0,0.008579139592531204,0.007779139592531204,CHOPPY
2026-03-22 12:00:00,2026-03-22 13:00:00,2026-03-22 17:00:00,UP,Moderate,68614.4,68635.0,time_exit,4.0,0.0003002285234587898,-0.0004997714765412102,CHOPPY
2026-03-22 22:00:00,2026-03-22 23:00:00,2026-03-23 03:00:00,UP,Moderate,68301.5,68045.1,time_exit,4.0,-0.0037539439104558037,-0.004553943910455804,CHOPPY
2026-03-22 23:00:00,2026-03-23 00:00:00,2026-03-23 04:00:00,UP,Moderate,67830.7,68504.5,time_exit,4.0,0.009933555160126728,0.009133555160126728,CHOPPY
2026-03-23 00:00:00,2026-03-23 01:00:00,2026-03-23 05:00:00,UP,Strong,67642.5,68864.2,time_exit,4.0,0.01806113020660094,0.01726113020660094,CHOPPY
2026-03-23 04:00:00,2026-03-23 05:00:00,2026-03-23 09:00:00,UP,Moderate,68504.4,68305.0,time_exit,4.0,-0.0029107619364594495,-0.0037107619364594494,CHOPPY
2026-03-23 06:00:00,2026-03-23 07:00:00,2026-03-23 11:00:00,UP,Strong,67845.2,70097.3,time_exit,4.0,0.0331946843697124,0.0323946843697124,BEAR
2026-03-23 07:00:00,2026-03-23 08:00:00,2026-03-23 12:00:00,UP,Strong,68305.9,70710.0,time_exit,4.0,0.03519608115843598,0.034396081158435975,BEAR
2026-03-23 08:00:00,2026-03-23 09:00:00,2026-03-23 13:00:00,UP,Moderate,68400.2,71450.0,time_exit,4.0,0.044587588925178556,0.043787588925178554,BEAR
2026-03-23 09:00:00,2026-03-23 10:00:00,2026-03-23 14:00:00,UP,Moderate,68304.9,71409.8,time_exit,4.0,0.04545647530411445,0.04465647530411445,CHOPPY
2026-03-23 10:00:00,2026-03-23 11:00:00,2026-03-23 15:00:00,UP,Strong,68512.2,70112.2,time_exit,4.0,0.023353504923210755,0.022553504923210756,BULL
2026-03-23 11:00:00,2026-03-23 12:00:00,2026-03-23 16:00:00,DOWN,Moderate,70097.2,70539.6,time_exit,4.0,-0.006311236397459563,-0.0071112363974595635,BULL
2026-03-23 12:00:00,2026-03-23 13:00:00,2026-03-23 17:00:00,UP,Moderate,70710.0,71052.7,time_exit,4.0,0.00484655635695086,0.004046556356950859,BULL
2026-03-23 13:00:00,2026-03-23 14:00:00,2026-03-23 18:00:00,UP,Strong,71449.9,71040.5,time_exit,4.0,-0.005729889055128057,-0.006529889055128057,BULL
2026-03-23 14:00:00,2026-03-23 15:00:00,2026-03-23 19:00:00,UP,Strong,71409.8,70647.1,time_exit,4.0,-0.01068060686348371,-0.01148060686348371,BULL
2026-03-23 15:00:00,2026-03-23 16:00:00,2026-03-23 20:00:00,UP,Moderate,70112.2,70876.6,time_exit,4.0,0.010902524810232794,0.010102524810232794,BULL
2026-03-23 16:00:00,2026-03-23 17:00:00,2026-03-23 21:00:00,UP,Moderate,70539.6,70813.7,time_exit,4.0,0.00388576062240209,0.0030857606224020903,BULL
2026-03-23 17:00:00,2026-03-23 18:00:00,2026-03-23 22:00:00,UP,Moderate,71052.6,70745.1,time_exit,4.0,-0.004327779701235435,-0.005127779701235435,BULL
2026-03-23 18:00:00,2026-03-23 19:00:00,2026-03-23 23:00:00,DOWN,Moderate,71040.5,70865.9,time_exit,4.0,0.002457752971896432,0.001657752971896432,BULL
2026-03-23 23:00:00,2026-03-24 00:00:00,2026-03-24 04:00:00,DOWN,Strong,70866.0,70339.9,time_exit,4.0,0.007423870403296395,0.006623870403296395,BULL
2026-03-24 00:00:00,2026-03-24 01:00:00,2026-03-24 05:00:00,DOWN,Moderate,70650.1,70249.6,time_exit,4.0,0.0056687817851638345,0.004868781785163834,BULL
2026-03-24 02:00:00,2026-03-24 03:00:00,2026-03-24 07:00:00,DOWN,Strong,70416.0,71255.2,time_exit,4.0,-0.0119177459668256,-0.0127177459668256,BULL
2026-03-24 03:00:00,2026-03-24 04:00:00,2026-03-24 08:00:00,DOWN,Strong,70512.1,70933.8,time_exit,4.0,-0.005980533837454782,-0.006780533837454783,BULL
2026-03-24 04:00:00,2026-03-24 05:00:00,2026-03-24 09:00:00,DOWN,Moderate,70340.0,71288.5,time_exit,4.0,-0.013484503838498751,-0.014284503838498752,BULL
2026-03-24 08:00:00,2026-03-24 09:00:00,2026-03-24 13:00:00,DOWN,Strong,70933.8,70067.0,time_exit,4.0,0.012219844418316805,0.011419844418316805,BULL
2026-03-24 09:00:00,2026-03-24 10:00:00,2026-03-24 14:00:00,DOWN,Moderate,71288.5,69847.6,time_exit,4.0,0.020212236195178646,0.019412236195178647,BULL
2026-03-24 11:00:00,2026-03-24 12:00:00,2026-03-24 16:00:00,DOWN,Moderate,71116.4,69448.3,time_exit,4.0,0.023455911716565914,0.022655911716565915,CHOPPY
2026-03-24 13:00:00,2026-03-24 14:00:00,2026-03-24 18:00:00,UP,Moderate,70067.0,69399.5,time_exit,4.0,-0.009526595972426444,-0.010326595972426444,BEAR
2026-03-24 15:00:00,2026-03-24 16:00:00,2026-03-24 20:00:00,UP,Moderate,69837.6,70066.6,time_exit,4.0,0.003279035934797392,0.002479035934797392,CHOPPY
2026-03-24 16:00:00,2026-03-24 17:00:00,2026-03-24 21:00:00,UP,Strong,69448.4,70296.2,time_exit,4.0,0.012207624653699733,0.011407624653699733,CHOPPY
2026-03-24 17:00:00,2026-03-24 18:00:00,2026-03-24 22:00:00,UP,Strong,69205.0,70277.9,time_exit,4.0,0.01550321508561514,0.01470321508561514,CHOPPY
2026-03-24 18:00:00,2026-03-24 19:00:00,2026-03-24 23:00:00,UP,Strong,69399.5,70523.9,time_exit,4.0,0.01620184583462403,0.015401845834624029,CHOPPY
2026-03-24 19:00:00,2026-03-24 20:00:00,2026-03-25 00:00:00,UP,Strong,69342.6,70804.3,time_exit,4.0,0.02107939419635252,0.02027939419635252,CHOPPY
2026-03-24 20:00:00,2026-03-24 21:00:00,2026-03-25 01:00:00,UP,Strong,70066.6,70643.1,time_exit,4.0,0.008227886039853471,0.007427886039853471,CHOPPY
2026-03-24 21:00:00,2026-03-24 22:00:00,2026-03-25 02:00:00,DOWN,Moderate,70296.2,70500.0,time_exit,4.0,-0.0028991609788295847,-0.0036991609788295846,CHOPPY
2026-03-24 23:00:00,2026-03-25 00:00:00,2026-03-25 04:00:00,UP,Strong,70524.0,70938.1,time_exit,4.0,0.005871759968237855,0.005071759968237855,CHOPPY
2026-03-28 01:00:00,2026-03-28 02:00:00,2026-03-28 06:00:00,UP,Moderate,66137.2,66358.2,time_exit,4.0,0.0033415384987571795,0.0025415384987571795,CHOPPY
2026-03-28 02:00:00,2026-03-28 03:00:00,2026-03-28 07:00:00,UP,Moderate,66020.0,66520.8,time_exit,4.0,0.007585580127234204,0.0067855801272342035,CHOPPY
2026-03-28 03:00:00,2026-03-28 04:00:00,2026-03-28 08:00:00,UP,Moderate,66191.8,66374.9,time_exit,4.0,0.002766203668732148,0.001966203668732148,CHOPPY
2026-03-28 04:00:00,2026-03-28 05:00:00,2026-03-28 09:00:00,UP,Moderate,66243.6,66270.9,time_exit,4.0,0.0004121152835894204,-0.00038788471641057964,CHOPPY
2026-03-29 04:00:00,2026-03-29 05:00:00,2026-03-29 09:00:00,UP,Moderate,66701.9,66600.1,time_exit,4.0,-0.001526193406784393,-0.002326193406784393,CHOPPY
2026-03-29 05:00:00,2026-03-29 06:00:00,2026-03-29 10:00:00,UP,Strong,66741.3,66473.4,time_exit,4.0,-0.00401400631992499,-0.00481400631992499,CHOPPY
2026-03-29 06:00:00,2026-03-29 07:00:00,2026-03-29 11:00:00,UP,Moderate,66704.4,66780.8,time_exit,4.0,0.001145351730920341,0.0003453517309203409,CHOPPY
2026-03-29 07:00:00,2026-03-29 08:00:00,2026-03-29 12:00:00,UP,Moderate,66632.4,66818.6,time_exit,4.0,0.002794436340278983,0.001994436340278983,CHOPPY
2026-03-29 11:00:00,2026-03-29 12:00:00,2026-03-29 16:00:00,UP,Moderate,66780.8,66467.8,time_exit,4.0,-0.0046869758972638564,-0.005486975897263857,CHOPPY
2026-03-29 12:00:00,2026-03-29 13:00:00,2026-03-29 17:00:00,UP,Moderate,66818.7,66356.6,time_exit,4.0,-0.006915728680743416,-0.007715728680743416,CHOPPY
2026-03-29 22:00:00,2026-03-29 23:00:00,2026-03-30 03:00:00,UP,Strong,65820.2,67139.8,time_exit,4.0,0.020048556522161975,0.019248556522161977,CHOPPY
2026-03-29 23:00:00,2026-03-30 00:00:00,2026-03-30 04:00:00,UP,Strong,65978.0,67579.1,time_exit,4.0,0.024267179969080788,0.02346717996908079,CHOPPY
2026-03-30 00:00:00,2026-03-30 01:00:00,2026-03-30 05:00:00,UP,Strong,66251.2,67459.0,time_exit,4.0,0.01823061318134611,0.017430613181346113,CHOPPY
2026-03-30 01:00:00,2026-03-30 02:00:00,2026-03-30 06:00:00,UP,Strong,66624.2,67273.4,time_exit,4.0,0.009744207059897203,0.008944207059897203,CHOPPY
2026-03-30 02:00:00,2026-03-30 03:00:00,2026-03-30 07:00:00,UP,Strong,67087.1,67595.9,time_exit,4.0,0.007584170429188131,0.00678417042918813,CHOPPY
2026-03-30 03:00:00,2026-03-30 04:00:00,2026-03-30 08:00:00,UP,Strong,67140.0,67634.0,time_exit,4.0,0.007357759904676797,0.006557759904676797,CHOPPY
2026-03-30 04:00:00,2026-03-30 05:00:00,2026-03-30 09:00:00,UP,Strong,67579.2,67466.2,time_exit,4.0,-0.00167211212917584,-0.00247211212917584,CHOPPY
2026-03-30 05:00:00,2026-03-30 06:00:00,2026-03-30 10:00:00,UP,Moderate,67459.0,67463.0,time_exit,4.0,5.929527564885184e-05,-0.0007407047243511482,CHOPPY
2026-03-30 06:00:00,2026-03-30 07:00:00,2026-03-30 11:00:00,UP,Moderate,67273.5,67651.5,time_exit,4.0,0.0056188543780240074,0.004818854378024007,CHOPPY
2026-03-30 07:00:00,2026-03-30 08:00:00,2026-03-30 12:00:00,UP,Moderate,67595.9,67859.3,time_exit,4.0,0.0038966860416091986,0.0030966860416091987,CHOPPY
2026-03-30 08:00:00,2026-03-30 09:00:00,2026-03-30 13:00:00,UP,Strong,67633.9,67490.9,time_exit,4.0,-0.0021143243255231647,-0.0029143243255231647,CHOPPY
2026-03-30 09:00:00,2026-03-30 10:00:00,2026-03-30 14:00:00,UP,Strong,67466.2,67762.7,time_exit,4.0,0.004394793244617334,0.0035947932446173344,CHOPPY
2026-03-30 10:00:00,2026-03-30 11:00:00,2026-03-30 15:00:00,UP,Moderate,67463.1,67590.2,time_exit,4.0,0.001883992879070151,0.001083992879070151,CHOPPY
2026-03-30 11:00:00,2026-03-30 12:00:00,2026-03-30 16:00:00,UP,Strong,67651.5,67333.0,time_exit,4.0,-0.004707951782295994,-0.005507951782295994,CHOPPY
2026-03-30 12:00:00,2026-03-30 13:00:00,2026-03-30 17:00:00,UP,Strong,67859.4,66805.2,time_exit,4.0,-0.015535062202141403,-0.0163350622021414,CHOPPY
2026-03-30 13:00:00,2026-03-30 14:00:00,2026-03-30 18:00:00,UP,Moderate,67490.8,66620.6,time_exit,4.0,-0.012893609203032064,-0.013693609203032064,CHOPPY
2026-03-30 14:00:00,2026-03-30 15:00:00,2026-03-30 19:00:00,UP,Strong,67762.8,66516.0,time_exit,4.0,-0.018399475818590805,-0.019199475818590803,CHOPPY
2026-03-30 15:00:00,2026-03-30 16:00:00,2026-03-30 20:00:00,UP,Strong,67590.2,66614.9,time_exit,4.0,-0.014429606658953542,-0.015229606658953542,CHOPPY
2026-03-30 16:00:00,2026-03-30 17:00:00,2026-03-30 21:00:00,UP,Strong,67332.9,66770.6,time_exit,4.0,-0.00835104384335128,-0.00915104384335128,CHOPPY
2026-03-30 17:00:00,2026-03-30 18:00:00,2026-03-30 22:00:00,UP,Strong,66805.1,66746.5,time_exit,4.0,-0.0008771785387643449,-0.0016771785387643449,CHOPPY
2026-03-30 18:00:00,2026-03-30 19:00:00,2026-03-30 23:00:00,UP,Strong,66620.6,66764.4,time_exit,4.0,0.0021584915176384722,0.0013584915176384723,CHOPPY
2026-03-30 19:00:00,2026-03-30 20:00:00,2026-03-31 00:00:00,UP,Moderate,66515.9,67172.5,time_exit,4.0,0.009871323999224302,0.009071323999224301,CHOPPY
2026-03-30 20:00:00,2026-03-30 21:00:00,2026-03-31 01:00:00,UP,Strong,66614.9,67896.2,time_exit,4.0,0.019234435539196237,0.01843443553919624,CHOPPY
2026-03-30 21:00:00,2026-03-30 22:00:00,2026-03-31 02:00:00,UP,Strong,66770.6,67911.8,time_exit,4.0,0.017091354578212536,0.016291354578212538,CHOPPY
2026-03-30 23:00:00,2026-03-31 00:00:00,2026-03-31 04:00:00,UP,Moderate,66764.4,67510.1,time_exit,4.0,0.011169126061194357,0.010369126061194356,CHOPPY
2026-03-31 02:00:00,2026-03-31 03:00:00,2026-03-31 07:00:00,DOWN,Moderate,67911.8,67343.8,time_exit,4.0,0.008363789503444186,0.007563789503444185,CHOPPY
2026-03-31 03:00:00,2026-03-31 04:00:00,2026-03-31 08:00:00,DOWN,Moderate,67670.8,66745.1,time_exit,4.0,0.013679459973873431,0.012879459973873431,CHOPPY
2026-03-31 04:00:00,2026-03-31 05:00:00,2026-03-31 09:00:00,DOWN,Moderate,67510.1,66099.3,time_exit,4.0,0.020897613838521956,0.020097613838521957,CHOPPY
2026-03-31 05:00:00,2026-03-31 06:00:00,2026-03-31 10:00:00,DOWN,Moderate,67649.0,66329.4,time_exit,4.0,0.019506570681015356,0.018706570681015357,CHOPPY
2026-03-31 06:00:00,2026-03-31 07:00:00,2026-03-31 11:00:00,DOWN,Strong,67465.4,66652.4,time_exit,4.0,0.012050621503763459,0.011250621503763459,CHOPPY
2026-03-31 07:00:00,2026-03-31 08:00:00,2026-03-31 12:00:00,UP,Moderate,67343.9,66623.8,time_exit,4.0,-0.010692876414938768,-0.011492876414938768,CHOPPY
2026-03-31 08:00:00,2026-03-31 09:00:00,2026-03-31 13:00:00,UP,Moderate,66745.1,67255.6,time_exit,4.0,0.007648501537940611,0.00684850153794061,CHOPPY
2026-03-31 09:00:00,2026-03-31 10:00:00,2026-03-31 14:00:00,UP,Strong,66099.3,66555.9,time_exit,4.0,0.006907788736037812,0.006107788736037812,CHOPPY
2026-03-31 10:00:00,2026-03-31 11:00:00,2026-03-31 15:00:00,UP,Strong,66329.4,66700.0,time_exit,4.0,0.005587265978585831,0.004787265978585831,BEAR
2026-03-31 11:00:00,2026-03-31 12:00:00,2026-03-31 16:00:00,UP,Strong,66652.4,67632.6,time_exit,4.0,0.014706147115482793,0.013906147115482792,CHOPPY
2026-03-31 12:00:00,2026-03-31 13:00:00,2026-03-31 17:00:00,UP,Strong,66623.8,67493.9,time_exit,4.0,0.013059897514101415,0.012259897514101415,CHOPPY
2026-03-31 13:00:00,2026-03-31 14:00:00,2026-03-31 18:00:00,DOWN,Moderate,67255.6,67814.6,time_exit,4.0,-0.00831157554166495,-0.009111575541664951,BEAR
2026-03-31 14:00:00,2026-03-31 15:00:00,2026-03-31 19:00:00,UP,Strong,66556.0,67803.0,time_exit,4.0,0.018736101929202498,0.0179361019292025,BEAR
2026-03-31 15:00:00,2026-03-31 16:00:00,2026-03-31 20:00:00,UP,Strong,66700.0,68227.2,time_exit,4.0,0.02289655172413796,0.02209655172413796,CHOPPY
2026-03-31 16:00:00,2026-03-31 17:00:00,2026-03-31 21:00:00,UP,Strong,67632.6,68234.6,time_exit,4.0,0.00890103293382194,0.00810103293382194,BULL
2026-03-31 17:00:00,2026-03-31 18:00:00,2026-03-31 22:00:00,UP,Strong,67493.8,68141.6,time_exit,4.0,0.00959791862363657,0.00879791862363657,BULL
2026-03-31 18:00:00,2026-03-31 19:00:00,2026-03-31 23:00:00,UP,Strong,67814.5,68241.5,time_exit,4.0,0.006296588487712862,0.005496588487712862,BULL
2026-03-31 19:00:00,2026-03-31 20:00:00,2026-04-01 00:00:00,UP,Strong,67803.0,68288.0,time_exit,4.0,0.007153075822603716,0.006353075822603716,BULL
2026-03-31 20:00:00,2026-03-31 21:00:00,2026-04-01 01:00:00,UP,Strong,68227.3,67746.4,time_exit,4.0,-0.007048498181812968,-0.007848498181812968,BULL
2026-03-31 21:00:00,2026-03-31 22:00:00,2026-04-01 02:00:00,DOWN,Strong,68234.7,67623.8,time_exit,4.0,0.008952922779758565,0.008152922779758565,BULL
2026-03-31 22:00:00,2026-03-31 23:00:00,2026-04-01 03:00:00,DOWN,Moderate,68141.7,68134.0,time_exit,4.0,0.00011299982242884976,-0.0006870001775711503,BULL
2026-03-31 23:00:00,2026-04-01 00:00:00,2026-04-01 04:00:00,DOWN,Moderate,68241.4,68272.3,time_exit,4.0,-0.0004528043094076395,-0.0012528043094076394,BULL
2026-04-01 00:00:00,2026-04-01 01:00:00,2026-04-01 05:00:00,UP,Moderate,68288.0,68418.2,time_exit,4.0,0.0019066307403936555,0.0011066307403936556,CHOPPY
2026-04-01 01:00:00,2026-04-01 02:00:00,2026-04-01 06:00:00,UP,Moderate,67746.4,69069.1,time_exit,4.0,0.019524284685238147,0.018724284685238148,CHOPPY
2026-04-01 02:00:00,2026-04-01 03:00:00,2026-04-01 07:00:00,UP,Moderate,67623.9,68651.9,time_exit,4.0,0.015201726016985218,0.014401726016985217,BULL
2026-04-01 04:00:00,2026-04-01 05:00:00,2026-04-01 09:00:00,UP,Strong,68272.3,68608.4,time_exit,4.0,0.004922933605576274,0.004122933605576274,BULL
2026-04-01 05:00:00,2026-04-01 06:00:00,2026-04-01 10:00:00,UP,Moderate,68418.3,68545.1,time_exit,4.0,0.0018533053291298618,0.0010533053291298619,BULL
2026-04-01 06:00:00,2026-04-01 07:00:00,2026-04-01 11:00:00,DOWN,Strong,69069.1,68669.9,time_exit,4.0,0.005779719150821538,0.004979719150821538,BULL
2026-04-01 07:00:00,2026-04-01 08:00:00,2026-04-01 12:00:00,UP,Moderate,68651.9,68363.8,time_exit,4.0,-0.004196533526384383,-0.004996533526384383,BULL
2026-04-01 08:00:00,2026-04-01 09:00:00,2026-04-01 13:00:00,DOWN,Strong,68630.9,68091.4,time_exit,4.0,0.007860890648381469,0.0070608906483814685,BULL
2026-04-01 09:00:00,2026-04-01 10:00:00,2026-04-01 14:00:00,DOWN,Strong,68608.4,68559.1,time_exit,4.0,0.0007185709038541876,-8.142909614581239e-05,BULL
2026-04-01 10:00:00,2026-04-01 11:00:00,2026-04-01 15:00:00,DOWN,Moderate,68545.2,68877.0,time_exit,4.0,-0.004840601530085253,-0.005640601530085254,BULL
2026-04-01 11:00:00,2026-04-01 12:00:00,2026-04-01 16:00:00,DOWN,Strong,68670.0,68781.1,time_exit,4.0,-0.0016178826270569768,-0.0024178826270569768,BULL
2026-04-01 12:00:00,2026-04-01 13:00:00,2026-04-01 17:00:00,DOWN,Strong,68364.1,68239.7,time_exit,4.0,0.0018196685102269683,0.0010196685102269684,BULL
2026-04-01 13:00:00,2026-04-01 14:00:00,2026-04-01 18:00:00,DOWN,Moderate,68091.4,68054.2,time_exit,4.0,0.0005463244991290583,-0.0002536755008709417,BULL
2026-04-01 14:00:00,2026-04-01 15:00:00,2026-04-01 19:00:00,DOWN,Strong,68559.2,68143.8,time_exit,4.0,0.0060589971878317606,0.00525899718783176,BULL
2026-04-01 15:00:00,2026-04-01 16:00:00,2026-04-01 20:00:00,DOWN,Strong,68876.9,68159.8,time_exit,4.0,0.010411328035959677,0.009611328035959677,CHOPPY
2026-04-01 16:00:00,2026-04-01 17:00:00,2026-04-01 21:00:00,DOWN,Moderate,68781.1,68324.7,time_exit,4.0,0.006635543775833863,0.005835543775833863,CHOPPY
2026-04-01 17:00:00,2026-04-01 18:00:00,2026-04-01 22:00:00,DOWN,Moderate,68239.7,68088.4,time_exit,4.0,0.002217184424902263,0.0014171844249022633,CHOPPY
2026-04-01 18:00:00,2026-04-01 19:00:00,2026-04-01 23:00:00,DOWN,Moderate,68054.2,68086.5,time_exit,4.0,-0.00047462169858736303,-0.001274621698587363,CHOPPY
2026-04-01 19:00:00,2026-04-01 20:00:00,2026-04-02 00:00:00,DOWN,Moderate,68143.7,68565.1,time_exit,4.0,-0.006183990596342781,-0.006983990596342781,CHOPPY
2026-04-01 20:00:00,2026-04-01 21:00:00,2026-04-02 01:00:00,DOWN,Moderate,68159.7,67316.4,time_exit,4.0,0.012372413610975408,0.011572413610975408,CHOPPY
2026-04-01 21:00:00,2026-04-01 22:00:00,2026-04-02 02:00:00,DOWN,Moderate,68324.8,66821.6,time_exit,4.0,0.02200079619698847,0.02120079619698847,CHOPPY
2026-04-01 22:00:00,2026-04-01 23:00:00,2026-04-02 03:00:00,DOWN,Strong,68088.5,66538.4,time_exit,4.0,0.02276595900923073,0.02196595900923073,CHOPPY
2026-04-01 23:00:00,2026-04-02 00:00:00,2026-04-02 04:00:00,DOWN,Strong,68086.4,66300.2,time_exit,4.0,0.026234314048033003,0.025434314048033004,CHOPPY
2026-04-02 00:00:00,2026-04-02 01:00:00,2026-04-02 05:00:00,DOWN,Strong,68565.2,66558.2,time_exit,4.0,0.029271408819634415,0.028471408819634416,BEAR
2026-04-02 01:00:00,2026-04-02 02:00:00,2026-04-02 06:00:00,DOWN,Moderate,67316.4,66652.9,time_exit,4.0,0.009856439144101614,0.009056439144101614,BEAR
2026-04-02 03:00:00,2026-04-02 04:00:00,2026-04-02 08:00:00,UP,Strong,66538.4,66418.2,time_exit,4.0,-0.0018064756591682496,-0.0026064756591682495,BEAR
2026-04-02 04:00:00,2026-04-02 05:00:00,2026-04-02 09:00:00,UP,Moderate,66300.2,66428.6,time_exit,4.0,0.0019366457416418736,0.0011366457416418737,BEAR
2026-04-02 05:00:00,2026-04-02 06:00:00,2026-04-02 10:00:00,UP,Moderate,66558.2,66424.0,time_exit,4.0,-0.0020162804883545604,-0.0028162804883545603,BEAR
2026-04-02 06:00:00,2026-04-02 07:00:00,2026-04-02 11:00:00,UP,Moderate,66653.0,66180.6,time_exit,4.0,-0.007087452927850069,-0.007887452927850069,BEAR
2026-04-02 08:00:00,2026-04-02 09:00:00,2026-04-02 13:00:00,UP,Moderate,66418.1,66227.3,time_exit,4.0,-0.0028727109026004394,-0.0036727109026004393,BEAR
2026-04-02 09:00:00,2026-04-02 10:00:00,2026-04-02 14:00:00,UP,Moderate,66428.7,66822.4,time_exit,4.0,0.005926655195721109,0.0051266551957211085,BEAR
2026-04-02 13:00:00,2026-04-02 14:00:00,2026-04-02 18:00:00,UP,Moderate,66227.3,66941.6,time_exit,4.0,0.010785582380679948,0.009985582380679947,BEAR
2026-04-02 14:00:00,2026-04-02 15:00:00,2026-04-02 19:00:00,UP,Moderate,66822.3,66943.2,time_exit,4.0,0.0018092762446069166,0.0010092762446069167,BEAR
2026-04-02 16:00:00,2026-04-02 17:00:00,2026-04-02 21:00:00,UP,Moderate,67050.0,66910.7,time_exit,4.0,-0.0020775540641312373,-0.0028775540641312373,BEAR
2026-04-02 17:00:00,2026-04-02 18:00:00,2026-04-02 22:00:00,UP,Moderate,66641.4,66954.0,time_exit,4.0,0.004690777804787993,0.0038907778047879934,BEAR
2026-04-04 04:00:00,2026-04-04 05:00:00,2026-04-04 09:00:00,DOWN,Moderate,66833.5,66952.1,time_exit,4.0,-0.0017745591656879167,-0.0025745591656879166,CHOPPY
2026-04-04 06:00:00,2026-04-04 07:00:00,2026-04-04 11:00:00,DOWN,Moderate,66981.5,67128.9,time_exit,4.0,-0.0022006076304650346,-0.0030006076304650345,CHOPPY
2026-04-04 15:00:00,2026-04-04 16:00:00,2026-04-04 20:00:00,DOWN,Moderate,67357.4,67240.2,time_exit,4.0,0.0017399721485686914,0.0009399721485686914,CHOPPY
2026-04-04 18:00:00,2026-04-04 19:00:00,2026-04-04 23:00:00,DOWN,Moderate,67265.6,67271.0,time_exit,4.0,-8.027877548100193e-05,-0.000880278775481002,CHOPPY
2026-04-04 19:00:00,2026-04-04 20:00:00,2026-04-05 00:00:00,DOWN,Moderate,67262.8,67177.0,time_exit,4.0,0.001275593641656303,0.0004755936416563029,CHOPPY
2026-04-04 23:00:00,2026-04-05 00:00:00,2026-04-05 04:00:00,DOWN,Moderate,67271.1,67066.2,time_exit,4.0,0.0030458844882870206,0.0022458844882870207,CHOPPY
2026-04-05 01:00:00,2026-04-05 02:00:00,2026-04-05 06:00:00,DOWN,Moderate,67060.6,66771.6,time_exit,4.0,0.004309534957933625,0.003509534957933625,CHOPPY
2026-04-05 03:00:00,2026-04-05 04:00:00,2026-04-05 08:00:00,DOWN,Moderate,67113.4,66892.5,time_exit,4.0,0.00329144403353121,0.00249144403353121,CHOPPY
2026-04-05 22:00:00,2026-04-05 23:00:00,2026-04-06 03:00:00,UP,Moderate,68313.0,69092.4,time_exit,4.0,0.011409248605682487,0.010609248605682487,CHOPPY
2026-04-06 04:00:00,2026-04-06 05:00:00,2026-04-06 09:00:00,DOWN,Moderate,69107.6,69699.4,time_exit,4.0,-0.008563457564724875,-0.009363457564724875,CHOPPY
2026-04-06 05:00:00,2026-04-06 06:00:00,2026-04-06 10:00:00,DOWN,Strong,69167.0,69739.2,time_exit,4.0,-0.008272731215753115,-0.009072731215753116,CHOPPY
2026-04-06 06:00:00,2026-04-06 07:00:00,2026-04-06 11:00:00,DOWN,Moderate,68958.8,69583.6,time_exit,4.0,-0.00906048249099456,-0.00986048249099456,CHOPPY
2026-04-06 08:00:00,2026-04-06 09:00:00,2026-04-06 13:00:00,DOWN,Moderate,69191.7,69399.8,time_exit,4.0,-0.0030075861700176176,-0.0038075861700176176,CHOPPY
2026-04-06 09:00:00,2026-04-06 10:00:00,2026-04-06 14:00:00,DOWN,Strong,69699.4,69620.0,time_exit,4.0,0.0011391776686742183,0.0003391776686742183,CHOPPY
2026-04-06 10:00:00,2026-04-06 11:00:00,2026-04-06 15:00:00,DOWN,Strong,69739.2,69922.5,time_exit,4.0,-0.0026283639617317167,-0.0034283639617317166,CHOPPY
2026-04-06 11:00:00,2026-04-06 12:00:00,2026-04-06 16:00:00,DOWN,Moderate,69583.5,69759.2,time_exit,4.0,-0.0025250238921583623,-0.0033250238921583622,CHOPPY
2026-04-06 12:00:00,2026-04-06 13:00:00,2026-04-06 17:00:00,DOWN,Moderate,69337.4,69540.6,time_exit,4.0,-0.002930597339963814,-0.003730597339963814,CHOPPY
2026-04-06 17:00:00,2026-04-06 18:00:00,2026-04-06 22:00:00,UP,Moderate,69540.6,68777.1,time_exit,4.0,-0.010979197763608561,-0.011779197763608562,CHOPPY
2026-04-06 18:00:00,2026-04-06 19:00:00,2026-04-06 23:00:00,DOWN,Strong,69852.8,68817.9,time_exit,4.0,0.014815440469100882,0.014015440469100882,CHOPPY
2026-04-06 19:00:00,2026-04-06 20:00:00,2026-04-07 00:00:00,DOWN,Moderate,69704.8,68738.7,time_exit,4.0,0.013859877655484354,0.013059877655484354,CHOPPY
2026-04-06 20:00:00,2026-04-06 21:00:00,2026-04-07 01:00:00,DOWN,Moderate,69779.5,68363.9,time_exit,4.0,0.020286760438237628,0.01948676043823763,CHOPPY
2026-04-06 21:00:00,2026-04-06 22:00:00,2026-04-07 02:00:00,DOWN,Moderate,69476.5,68640.3,time_exit,4.0,0.012035724309658602,0.011235724309658602,CHOPPY
2026-04-06 22:00:00,2026-04-06 23:00:00,2026-04-07 03:00:00,UP,Moderate,68777.0,68746.3,time_exit,4.0,-0.00044637015281268067,-0.0012463701528126806,CHOPPY
2026-04-06 23:00:00,2026-04-07 00:00:00,2026-04-07 04:00:00,UP,Moderate,68817.9,68819.3,time_exit,4.0,2.0343544339551656e-05,-0.0007796564556604484,CHOPPY
2026-04-07 00:00:00,2026-04-07 01:00:00,2026-04-07 05:00:00,UP,Moderate,68738.6,68627.5,time_exit,4.0,-0.00161626800662229,-0.00241626800662229,CHOPPY
2026-04-07 01:00:00,2026-04-07 02:00:00,2026-04-07 06:00:00,UP,Strong,68363.9,68540.0,time_exit,4.0,0.002575920917326391,0.001775920917326391,CHOPPY
2026-04-07 02:00:00,2026-04-07 03:00:00,2026-04-07 07:00:00,UP,Moderate,68640.3,68592.1,time_exit,4.0,-0.000702211383108664,-0.001502211383108664,CHOPPY
2026-04-07 06:00:00,2026-04-07 07:00:00,2026-04-07 11:00:00,DOWN,Moderate,68539.9,68310.8,time_exit,4.0,0.003342578556431941,0.002542578556431941,CHOPPY
2026-04-07 07:00:00,2026-04-07 08:00:00,2026-04-07 12:00:00,DOWN,Strong,68592.0,68367.0,time_exit,4.0,0.0032802659202239015,0.0024802659202239016,CHOPPY
2026-04-07 08:00:00,2026-04-07 09:00:00,2026-04-07 13:00:00,DOWN,Strong,68907.1,68208.1,time_exit,4.0,0.010144092553597495,0.009344092553597494,CHOPPY
2026-04-07 09:00:00,2026-04-07 10:00:00,2026-04-07 14:00:00,DOWN,Strong,69109.9,67831.0,time_exit,4.0,0.0185053082119927,0.0177053082119927,CHOPPY
2026-04-07 10:00:00,2026-04-07 11:00:00,2026-04-07 15:00:00,DOWN,Moderate,68196.1,68138.4,time_exit,4.0,0.0008460894391323359,4.608943913233588e-05,CHOPPY
2026-04-07 11:00:00,2026-04-07 12:00:00,2026-04-07 16:00:00,DOWN,Moderate,68310.7,68207.2,time_exit,4.0,0.0015151359889445937,0.0007151359889445936,CHOPPY
2026-04-07 12:00:00,2026-04-07 13:00:00,2026-04-07 17:00:00,DOWN,Moderate,68366.9,68670.0,time_exit,4.0,-0.004433431967808987,-0.005233431967808988,CHOPPY
2026-04-07 16:00:00,2026-04-07 17:00:00,2026-04-07 21:00:00,UP,Strong,68207.2,69886.7,time_exit,4.0,0.024623500158341027,0.02382350015834103,CHOPPY
2026-04-07 17:00:00,2026-04-07 18:00:00,2026-04-07 22:00:00,UP,Strong,68670.1,71479.9,time_exit,4.0,0.04091737160714759,0.04011737160714759,CHOPPY
2026-04-07 18:00:00,2026-04-07 19:00:00,2026-04-07 23:00:00,UP,Strong,68413.7,71890.2,time_exit,4.0,0.05081584536430572,0.05001584536430572,BEAR
2026-04-07 21:00:00,2026-04-07 22:00:00,2026-04-08 02:00:00,UP,Moderate,69886.7,71330.0,time_exit,4.0,0.02065199816274066,0.01985199816274066,BULL
2026-04-07 22:00:00,2026-04-07 23:00:00,2026-04-08 03:00:00,UP,Moderate,71479.9,71259.6,time_exit,4.0,-0.003081985285373734,-0.003881985285373734,BULL
2026-04-07 23:00:00,2026-04-08 00:00:00,2026-04-08 04:00:00,UP,Strong,71890.2,71528.6,time_exit,4.0,-0.005029892808755432,-0.005829892808755432,BULL
2026-04-08 01:00:00,2026-04-08 02:00:00,2026-04-08 06:00:00,UP,Moderate,71446.5,71697.5,time_exit,4.0,0.0035131182073300238,0.002713118207330024,BULL
2026-04-08 02:00:00,2026-04-08 03:00:00,2026-04-08 07:00:00,UP,Moderate,71329.9,71612.0,time_exit,4.0,0.003954863248091023,0.003154863248091023,BULL
2026-04-08 03:00:00,2026-04-08 04:00:00,2026-04-08 08:00:00,UP,Strong,71259.7,71776.0,time_exit,4.0,0.007245329407785883,0.006445329407785883,BULL
2026-04-12 13:00:00,2026-04-12 14:00:00,2026-04-12 18:00:00,UP,Moderate,70861.4,71092.6,time_exit,4.0,0.0032627072002531232,0.0024627072002531233,BEAR
2026-04-13 15:00:00,2026-04-13 16:00:00,2026-04-13 20:00:00,UP,Moderate,71823.6,73098.9,time_exit,4.0,0.017756002205403076,0.016956002205403078,CHOPPY
2026-04-13 16:00:00,2026-04-13 17:00:00,2026-04-13 21:00:00,UP,Moderate,72157.4,73140.0,time_exit,4.0,0.013617452957007892,0.012817452957007891,CHOPPY
2026-04-13 17:00:00,2026-04-13 18:00:00,2026-04-13 22:00:00,UP,Moderate,72100.9,74599.9,time_exit,4.0,0.03465976152863548,0.03385976152863548,CHOPPY
2026-04-13 18:00:00,2026-04-13 19:00:00,2026-04-13 23:00:00,UP,Moderate,72380.1,74385.0,time_exit,4.0,0.027699602515055766,0.026899602515055767,CHOPPY
2026-04-13 20:00:00,2026-04-13 21:00:00,2026-04-14 01:00:00,UP,Moderate,73098.8,74345.5,time_exit,4.0,0.017054999534876103,0.016254999534876104,CHOPPY
2026-04-13 23:00:00,2026-04-14 00:00:00,2026-04-14 04:00:00,UP,Moderate,74384.9,74355.5,time_exit,4.0,-0.00039524150734882024,-0.0011952415073488202,BULL
2026-04-14 00:00:00,2026-04-14 01:00:00,2026-04-14 05:00:00,UP,Moderate,74127.9,74184.5,time_exit,4.0,0.0007635451699024021,-3.645483009759797e-05,BULL
2026-04-14 01:00:00,2026-04-14 02:00:00,2026-04-14 06:00:00,UP,Moderate,74345.5,74485.0,time_exit,4.0,0.0018763744947576377,0.0010763744947576378,BULL
2026-04-14 02:00:00,2026-04-14 03:00:00,2026-04-14 07:00:00,UP,Moderate,74294.5,74513.4,time_exit,4.0,0.0029463823028621494,0.0021463823028621495,BULL
2026-04-14 03:00:00,2026-04-14 04:00:00,2026-04-14 08:00:00,UP,Moderate,74408.8,74713.9,time_exit,4.0,0.004100321467353174,0.003300321467353174,BULL
2026-04-14 16:00:00,2026-04-14 17:00:00,2026-04-14 21:00:00,DOWN,Moderate,74597.2,74230.3,time_exit,4.0,0.0049184151683976385,0.004118415168397638,BULL
2026-04-14 17:00:00,2026-04-14 18:00:00,2026-04-14 22:00:00,DOWN,Moderate,74699.9,73987.5,time_exit,4.0,0.009536826689192313,0.008736826689192312,BULL
2026-04-14 18:00:00,2026-04-14 19:00:00,2026-04-14 23:00:00,DOWN,Moderate,74049.9,74106.9,time_exit,4.0,-0.0007697512083069125,-0.0015697512083069124,BULL
2026-04-14 19:00:00,2026-04-14 20:00:00,2026-04-15 00:00:00,DOWN,Moderate,74176.5,74520.3,time_exit,4.0,-0.004634891104325467,-0.005434891104325467,BULL
2026-04-15 03:00:00,2026-04-15 04:00:00,2026-04-15 08:00:00,DOWN,Moderate,74296.8,74070.4,time_exit,4.0,0.0030472375660863804,0.0022472375660863805,CHOPPY
2026-04-15 11:00:00,2026-04-15 12:00:00,2026-04-15 16:00:00,DOWN,Moderate,74155.0,73900.4,time_exit,4.0,0.0034333490661453414,0.0026333490661453415,CHOPPY
2026-04-15 12:00:00,2026-04-15 13:00:00,2026-04-15 17:00:00,DOWN,Moderate,74228.8,74099.1,time_exit,4.0,0.0017473002392601744,0.0009473002392601744,CHOPPY
2026-04-16 00:00:00,2026-04-16 01:00:00,2026-04-16 05:00:00,DOWN,Moderate,74772.1,75006.1,time_exit,4.0,-0.0031295095363110814,-0.003929509536311082,CHOPPY
2026-04-16 03:00:00,2026-04-16 04:00:00,2026-04-16 08:00:00,DOWN,Moderate,74851.9,74634.3,time_exit,4.0,0.0029070738351330006,0.0021070738351330006,CHOPPY
2026-04-16 04:00:00,2026-04-16 05:00:00,2026-04-16 09:00:00,DOWN,Moderate,74900.0,74558.7,time_exit,4.0,0.004556742323097551,0.0037567423230975513,CHOPPY
2026-04-16 05:00:00,2026-04-16 06:00:00,2026-04-16 10:00:00,DOWN,Moderate,75006.0,74267.8,time_exit,4.0,0.0098418793163213,0.0090418793163213,CHOPPY
2026-04-16 06:00:00,2026-04-16 07:00:00,2026-04-16 11:00:00,DOWN,Moderate,74985.9,74528.4,time_exit,4.0,0.006101147015638908,0.005301147015638908,CHOPPY
2026-04-16 07:00:00,2026-04-16 08:00:00,2026-04-16 12:00:00,DOWN,Moderate,74667.7,74577.7,time_exit,4.0,0.0012053404618060926,0.0004053404618060925,CHOPPY
2026-04-16 13:00:00,2026-04-16 14:00:00,2026-04-16 18:00:00,UP,Strong,73756.0,75000.0,time_exit,4.0,0.016866424426487336,0.016066424426487338,CHOPPY
2026-04-16 14:00:00,2026-04-16 15:00:00,2026-04-16 19:00:00,UP,Strong,73936.8,75309.4,time_exit,4.0,0.018564503738327742,0.017764503738327744,CHOPPY
2026-04-16 15:00:00,2026-04-16 16:00:00,2026-04-16 20:00:00,UP,Moderate,74659.5,75188.9,time_exit,4.0,0.007090859167286023,0.006290859167286023,CHOPPY
2026-04-16 16:00:00,2026-04-16 17:00:00,2026-04-16 21:00:00,UP,Moderate,74140.6,74902.2,time_exit,4.0,0.010272374380568605,0.009472374380568605,CHOPPY
2026-04-16 17:00:00,2026-04-16 18:00:00,2026-04-16 22:00:00,UP,Moderate,74301.6,74833.9,time_exit,4.0,0.007164044919624635,0.006364044919624634,CHOPPY
2026-04-16 18:00:00,2026-04-16 19:00:00,2026-04-16 23:00:00,UP,Strong,75000.1,75106.8,time_exit,4.0,0.0014226647697803685,0.0006226647697803684,CHOPPY
2026-04-16 19:00:00,2026-04-16 20:00:00,2026-04-17 00:00:00,UP,Moderate,75309.5,74900.2,time_exit,4.0,-0.005434905290833236,-0.006234905290833237,CHOPPY
2026-04-17 08:00:00,2026-04-17 09:00:00,2026-04-17 13:00:00,UP,Moderate,75749.8,77294.3,time_exit,4.0,0.020389492777538765,0.019589492777538766,BULL
2026-04-17 10:00:00,2026-04-17 11:00:00,2026-04-17 15:00:00,UP,Moderate,75229.6,77736.2,time_exit,4.0,0.03331933175239521,0.03251933175239521,BULL
2026-04-17 13:00:00,2026-04-17 14:00:00,2026-04-17 18:00:00,DOWN,Strong,77294.2,77112.1,time_exit,4.0,0.0023559335629321776,0.0015559335629321777,BULL
2026-04-17 14:00:00,2026-04-17 15:00:00,2026-04-17 19:00:00,DOWN,Moderate,77825.1,77348.8,time_exit,4.0,0.006120133478787704,0.005320133478787703,BULL
2026-04-17 15:00:00,2026-04-17 16:00:00,2026-04-17 20:00:00,DOWN,Moderate,77736.2,77283.7,time_exit,4.0,0.005820968866499743,0.005020968866499742,BULL
2026-04-17 16:00:00,2026-04-17 17:00:00,2026-04-17 21:00:00,DOWN,Moderate,77805.1,77400.1,time_exit,4.0,0.005205314304589259,0.004405314304589259,BULL
2026-04-17 18:00:00,2026-04-17 19:00:00,2026-04-17 23:00:00,DOWN,Moderate,77112.0,77030.6,time_exit,4.0,0.0010556074281563577,0.0002556074281563576,BULL
2026-04-17 19:00:00,2026-04-17 20:00:00,2026-04-18 00:00:00,DOWN,Moderate,77349.2,77135.1,time_exit,4.0,0.0027679665723755464,0.0019679665723755465,BULL
2026-04-17 23:00:00,2026-04-18 00:00:00,2026-04-18 04:00:00,DOWN,Moderate,77030.6,77065.9,time_exit,4.0,-0.0004582594449475952,-0.0012582594449475951,BULL
2026-04-20 19:00:00,2026-04-20 20:00:00,2026-04-21 00:00:00,UP,Moderate,76252.5,76050.0,time_exit,4.0,-0.0026556506344054265,-0.0034556506344054264,CHOPPY
2026-04-21 13:00:00,2026-04-21 14:00:00,2026-04-21 18:00:00,DOWN,Moderate,75860.0,75563.1,time_exit,4.0,0.003913788557869724,0.003113788557869724,CHOPPY
2026-04-21 14:00:00,2026-04-21 15:00:00,2026-04-21 19:00:00,DOWN,Moderate,75628.9,74988.6,time_exit,4.0,0.008466340248238335,0.007666340248238335,CHOPPY
2026-04-21 15:00:00,2026-04-21 16:00:00,2026-04-21 20:00:00,DOWN,Moderate,75800.0,75649.4,time_exit,4.0,0.0019868073878628323,0.0011868073878628324,CHOPPY
2026-04-21 23:00:00,2026-04-22 00:00:00,2026-04-22 04:00:00,UP,Moderate,76288.3,77475.5,time_exit,4.0,0.015562019339793842,0.014762019339793842,CHOPPY
2026-04-22 00:00:00,2026-04-22 01:00:00,2026-04-22 05:00:00,UP,Moderate,76327.1,77954.4,time_exit,4.0,0.021320081596182483,0.020520081596182484,CHOPPY
2026-04-22 04:00:00,2026-04-22 05:00:00,2026-04-22 09:00:00,DOWN,Moderate,77475.4,77959.9,time_exit,4.0,-0.006253597916241693,-0.007053597916241694,BULL
2026-04-22 05:00:00,2026-04-22 06:00:00,2026-04-22 10:00:00,DOWN,Strong,77954.4,78117.8,time_exit,4.0,-0.0020960972055459326,-0.0028960972055459325,BULL
2026-04-22 07:00:00,2026-04-22 08:00:00,2026-04-22 12:00:00,UP,Strong,77979.7,78196.6,time_exit,4.0,0.0027814931321870073,0.0019814931321870074,BULL
2026-04-22 09:00:00,2026-04-22 10:00:00,2026-04-22 14:00:00,DOWN,Moderate,77959.9,78996.8,time_exit,4.0,-0.013300427527485503,-0.014100427527485504,BULL
2026-04-22 10:00:00,2026-04-22 11:00:00,2026-04-22 15:00:00,DOWN,Strong,78117.8,79234.3,time_exit,4.0,-0.01429251719838498,-0.01509251719838498,BULL
2026-04-22 11:00:00,2026-04-22 12:00:00,2026-04-22 16:00:00,DOWN,Strong,78263.2,78705.1,time_exit,4.0,-0.005646331864784582,-0.006446331864784582,BULL
2026-04-22 12:00:00,2026-04-22 13:00:00,2026-04-22 17:00:00,DOWN,Moderate,78196.6,78869.8,time_exit,4.0,-0.008609069959563342,-0.009409069959563343,BULL
2026-04-22 17:00:00,2026-04-22 18:00:00,2026-04-22 22:00:00,DOWN,Moderate,78869.8,78552.1,time_exit,4.0,0.004028157799309762,0.0032281577993097618,BULL
2026-04-22 18:00:00,2026-04-22 19:00:00,2026-04-22 23:00:00,DOWN,Strong,78989.5,78139.8,time_exit,4.0,0.010757125947119528,0.009957125947119528,BULL
2026-04-22 19:00:00,2026-04-22 20:00:00,2026-04-23 00:00:00,DOWN,Strong,78791.3,78389.9,time_exit,4.0,0.005094471090082431,0.0042944710900824305,CHOPPY
2026-04-22 20:00:00,2026-04-22 21:00:00,2026-04-23 01:00:00,DOWN,Moderate,78395.8,78311.0,time_exit,4.0,0.0010816906007720117,0.0002816906007720117,CHOPPY
2026-04-22 21:00:00,2026-04-22 22:00:00,2026-04-23 02:00:00,DOWN,Strong,78713.9,77897.6,time_exit,4.0,0.01037046824004384,0.00957046824004384,BULL
2026-04-22 22:00:00,2026-04-22 23:00:00,2026-04-23 03:00:00,DOWN,Strong,78552.1,77704.3,time_exit,4.0,0.010792836856048482,0.009992836856048482,CHOPPY
2026-04-23 03:00:00,2026-04-23 04:00:00,2026-04-23 08:00:00,UP,Moderate,77704.3,77822.1,time_exit,4.0,0.0015160036188472947,0.0007160036188472947,CHOPPY
2026-04-23 04:00:00,2026-04-23 05:00:00,2026-04-23 09:00:00,DOWN,Strong,77871.5,77613.0,time_exit,4.0,0.003319571345100636,0.002519571345100636,CHOPPY
2026-04-23 05:00:00,2026-04-23 06:00:00,2026-04-23 10:00:00,DOWN,Strong,77992.0,77362.9,time_exit,4.0,0.008066211919171229,0.0072662119191712286,CHOPPY
2026-04-23 06:00:00,2026-04-23 07:00:00,2026-04-23 11:00:00,DOWN,Strong,78167.0,77649.9,time_exit,4.0,0.006615323602031653,0.005815323602031653,CHOPPY
2026-04-23 07:00:00,2026-04-23 08:00:00,2026-04-23 12:00:00,DOWN,Strong,78009.1,77826.8,time_exit,4.0,0.0023369068480472155,0.0015369068480472156,CHOPPY
2026-04-23 08:00:00,2026-04-23 09:00:00,2026-04-23 13:00:00,DOWN,Strong,77822.1,77486.7,time_exit,4.0,0.004309829727031422,0.0035098297270314224,CHOPPY
2026-04-23 09:00:00,2026-04-23 10:00:00,2026-04-23 14:00:00,DOWN,Moderate,77613.0,78132.8,time_exit,4.0,-0.006697331632587344,-0.007497331632587345,CHOPPY
2026-04-23 11:00:00,2026-04-23 12:00:00,2026-04-23 16:00:00,UP,Moderate,77650.0,78049.0,time_exit,4.0,0.005138441725692111,0.004338441725692111,CHOPPY
2026-04-23 12:00:00,2026-04-23 13:00:00,2026-04-23 17:00:00,UP,Strong,77826.8,77715.2,time_exit,4.0,-0.0014339533425504758,-0.0022339533425504757,CHOPPY
2026-04-23 13:00:00,2026-04-23 14:00:00,2026-04-23 18:00:00,UP,Strong,77486.6,77631.7,time_exit,4.0,0.001872581839956755,0.0010725818399567552,CHOPPY
2026-04-23 16:00:00,2026-04-23 17:00:00,2026-04-23 21:00:00,UP,Strong,78049.1,77819.6,time_exit,4.0,-0.0029404567125053127,-0.0037404567125053126,CHOPPY
2026-04-23 17:00:00,2026-04-23 18:00:00,2026-04-23 22:00:00,UP,Strong,77715.1,78194.2,time_exit,4.0,0.006164825111207417,0.005364825111207417,CHOPPY
2026-04-23 18:00:00,2026-04-23 19:00:00,2026-04-23 23:00:00,UP,Moderate,77631.5,78216.8,time_exit,4.0,0.007539465294371439,0.006739465294371439,CHOPPY
2026-04-23 19:00:00,2026-04-23 20:00:00,2026-04-24 00:00:00,DOWN,Strong,77670.4,78376.7,time_exit,4.0,-0.009093554301252471,-0.009893554301252471,CHOPPY
2026-04-23 21:00:00,2026-04-23 22:00:00,2026-04-24 02:00:00,DOWN,Moderate,77819.5,78074.0,time_exit,4.0,-0.003270388527297108,-0.004070388527297108,CHOPPY
2026-04-23 22:00:00,2026-04-23 23:00:00,2026-04-24 03:00:00,DOWN,Strong,78194.1,77690.1,time_exit,4.0,0.006445499084969275,0.005645499084969275,CHOPPY
2026-04-23 23:00:00,2026-04-24 00:00:00,2026-04-24 04:00:00,DOWN,Strong,78217.4,77620.5,time_exit,4.0,0.007631294315586956,0.006831294315586956,CHOPPY
2026-04-24 00:00:00,2026-04-24 01:00:00,2026-04-24 05:00:00,DOWN,Strong,78376.7,77911.0,time_exit,4.0,0.00594181689201001,0.00514181689201001,CHOPPY
2026-04-24 01:00:00,2026-04-24 02:00:00,2026-04-24 06:00:00,DOWN,Moderate,78369.8,77741.9,time_exit,4.0,0.008012014832244119,0.007212014832244118,CHOPPY
2026-04-24 02:00:00,2026-04-24 03:00:00,2026-04-24 07:00:00,DOWN,Strong,78074.0,77620.5,time_exit,4.0,0.005808591848758815,0.005008591848758815,CHOPPY
2026-04-24 03:00:00,2026-04-24 04:00:00,2026-04-24 08:00:00,UP,Moderate,77690.1,77744.6,time_exit,4.0,0.0007015050823722113,-9.849491762778872e-05,CHOPPY
2026-04-24 05:00:00,2026-04-24 06:00:00,2026-04-24 10:00:00,UP,Moderate,77911.1,77715.2,time_exit,4.0,-0.0025144042376504805,-0.0033144042376504804,CHOPPY
2026-04-24 14:00:00,2026-04-24 15:00:00,2026-04-24 19:00:00,UP,Moderate,77986.3,77596.1,time_exit,4.0,-0.005003442912408951,-0.005803442912408951,CHOPPY
2026-04-24 19:00:00,2026-04-24 20:00:00,2026-04-25 00:00:00,DOWN,Moderate,77596.0,77419.9,time_exit,4.0,0.002269446878705117,0.001469446878705117,CHOPPY
2026-04-24 20:00:00,2026-04-24 21:00:00,2026-04-25 01:00:00,DOWN,Moderate,77688.2,77490.0,time_exit,4.0,0.0025512239954071925,0.0017512239954071925,CHOPPY
2026-04-24 21:00:00,2026-04-24 22:00:00,2026-04-25 02:00:00,DOWN,Moderate,77490.0,77567.6,time_exit,4.0,-0.0010014195380050328,-0.0018014195380050327,CHOPPY
2026-04-24 22:00:00,2026-04-24 23:00:00,2026-04-25 03:00:00,DOWN,Moderate,77294.6,77629.0,time_exit,4.0,-0.0043263048130139925,-0.005126304813013993,CHOPPY
2026-04-25 00:00:00,2026-04-25 01:00:00,2026-04-25 05:00:00,DOWN,Moderate,77420.0,77475.8,time_exit,4.0,-0.000720743993800177,-0.0015207439938001769,CHOPPY
2026-04-25 03:00:00,2026-04-25 04:00:00,2026-04-25 08:00:00,DOWN,Moderate,77629.0,77603.3,time_exit,4.0,0.0003310618454442915,-0.0004689381545557085,CHOPPY
2026-04-25 04:00:00,2026-04-25 05:00:00,2026-04-25 09:00:00,DOWN,Moderate,77579.5,77672.5,time_exit,4.0,-0.0011987702936986366,-0.0019987702936986366,CHOPPY
2026-04-26 05:00:00,2026-04-26 06:00:00,2026-04-26 10:00:00,UP,Strong,77949.4,77961.4,time_exit,4.0,0.00015394602139329194,-0.0006460539786067081,CHOPPY
2026-04-26 06:00:00,2026-04-26 07:00:00,2026-04-26 11:00:00,UP,Strong,77963.3,78050.0,time_exit,4.0,0.0011120617008257838,0.0003120617008257838,CHOPPY
2026-04-26 07:00:00,2026-04-26 08:00:00,2026-04-26 12:00:00,UP,Strong,78061.5,77795.5,time_exit,4.0,-0.0034075696726298954,-0.004207569672629896,CHOPPY
2026-04-26 08:00:00,2026-04-26 09:00:00,2026-04-26 13:00:00,UP,Moderate,77989.1,77940.1,time_exit,4.0,-0.0006282929281142824,-0.0014282929281142823,CHOPPY
2026-04-26 09:00:00,2026-04-26 10:00:00,2026-04-26 14:00:00,UP,Moderate,77971.8,78053.4,time_exit,4.0,0.0010465322077981565,0.00024653220779815644,CHOPPY
2026-04-26 10:00:00,2026-04-26 11:00:00,2026-04-26 15:00:00,UP,Moderate,77961.5,78007.9,time_exit,4.0,0.000595165562489175,-0.00020483443751082508,CHOPPY
2026-04-26 11:00:00,2026-04-26 12:00:00,2026-04-26 16:00:00,UP,Moderate,78050.0,77890.0,time_exit,4.0,-0.002049967969250499,-0.002849967969250499,CHOPPY
2026-04-26 12:00:00,2026-04-26 13:00:00,2026-04-26 17:00:00,UP,Moderate,77795.4,77976.7,time_exit,4.0,0.0023304719816339414,0.0015304719816339415,CHOPPY
2026-04-26 13:00:00,2026-04-26 14:00:00,2026-04-26 18:00:00,UP,Strong,77940.0,78238.1,time_exit,4.0,0.0038247369771620132,0.0030247369771620133,CHOPPY
2026-04-26 14:00:00,2026-04-26 15:00:00,2026-04-26 19:00:00,UP,Moderate,78053.5,78183.1,time_exit,4.0,0.0016603995977118036,0.0008603995977118035,CHOPPY
2026-04-26 15:00:00,2026-04-26 16:00:00,2026-04-26 20:00:00,UP,Moderate,78007.9,78150.1,time_exit,4.0,0.001822892296805989,0.0010228922968059891,CHOPPY
2026-04-26 16:00:00,2026-04-26 17:00:00,2026-04-26 21:00:00,UP,Moderate,77890.1,78369.7,time_exit,4.0,0.006157393558359647,0.005357393558359647,CHOPPY
2026-04-26 17:00:00,2026-04-26 18:00:00,2026-04-26 22:00:00,UP,Moderate,77976.7,78274.7,time_exit,4.0,0.0038216544172811062,0.0030216544172811063,CHOPPY
2026-04-26 18:00:00,2026-04-26 19:00:00,2026-04-26 23:00:00,UP,Strong,78238.1,78613.5,time_exit,4.0,0.004798173779782422,0.003998173779782422,CHOPPY
2026-04-26 19:00:00,2026-04-26 20:00:00,2026-04-27 00:00:00,UP,Strong,78183.2,79263.7,time_exit,4.0,0.013820104574895797,0.013020104574895797,CHOPPY
2026-04-26 20:00:00,2026-04-26 21:00:00,2026-04-27 01:00:00,UP,Moderate,78150.0,79245.3,time_exit,4.0,0.014015355086372416,0.013215355086372416,CHOPPY
2026-04-26 21:00:00,2026-04-26 22:00:00,2026-04-27 02:00:00,UP,Strong,78369.6,79082.9,time_exit,4.0,0.009101743533206585,0.008301743533206585,CHOPPY
2026-04-26 22:00:00,2026-04-26 23:00:00,2026-04-27 03:00:00,UP,Strong,78274.7,79065.1,time_exit,4.0,0.010097771055015414,0.009297771055015414,CHOPPY
2026-04-26 23:00:00,2026-04-27 00:00:00,2026-04-27 04:00:00,UP,Strong,78614.4,78882.6,time_exit,4.0,0.003411588716571101,0.0026115887165711013,CHOPPY
2026-04-27 00:00:00,2026-04-27 01:00:00,2026-04-27 05:00:00,UP,Strong,79264.1,77730.6,time_exit,4.0,-0.019346715600126685,-0.020146715600126684,CHOPPY
2026-04-27 01:00:00,2026-04-27 02:00:00,2026-04-27 06:00:00,UP,Strong,79245.3,77657.9,time_exit,4.0,-0.020031471898018016,-0.020831471898018015,CHOPPY
2026-04-27 02:00:00,2026-04-27 03:00:00,2026-04-27 07:00:00,UP,Strong,79082.9,77556.7,time_exit,4.0,-0.019298735883484297,-0.020098735883484296,CHOPPY
2026-04-27 04:00:00,2026-04-27 05:00:00,2026-04-27 09:00:00,UP,Moderate,78882.6,77856.1,time_exit,4.0,-0.013013009206086057,-0.013813009206086057,CHOPPY
2026-04-27 05:00:00,2026-04-27 06:00:00,2026-04-27 10:00:00,UP,Strong,77730.5,77806.7,time_exit,4.0,0.0009803101742558162,0.0001803101742558162,CHOPPY
2026-04-27 06:00:00,2026-04-27 07:00:00,2026-04-27 11:00:00,UP,Strong,77657.9,77804.3,time_exit,4.0,0.0018851913327557757,0.0010851913327557757,CHOPPY
2026-04-27 07:00:00,2026-04-27 08:00:00,2026-04-27 12:00:00,UP,Strong,77556.7,77627.4,time_exit,4.0,0.0009115911326809112,0.00011159113268091115,CHOPPY
2026-04-27 08:00:00,2026-04-27 09:00:00,2026-04-27 13:00:00,UP,Moderate,77763.4,77700.0,time_exit,4.0,-0.0008152935699826669,-0.0016152935699826668,CHOPPY
2026-04-27 09:00:00,2026-04-27 10:00:00,2026-04-27 14:00:00,UP,Strong,77856.1,77776.0,time_exit,4.0,-0.0010288211199893649,-0.0018288211199893648,CHOPPY
2026-04-27 10:00:00,2026-04-27 11:00:00,2026-04-27 15:00:00,UP,Moderate,77806.7,76760.0,time_exit,4.0,-0.01345256899470093,-0.014252568994700931,CHOPPY
2026-04-27 12:00:00,2026-04-27 13:00:00,2026-04-27 17:00:00,UP,Moderate,77627.3,76702.3,time_exit,4.0,-0.011915911026146753,-0.012715911026146753,CHOPPY
2026-04-27 13:00:00,2026-04-27 14:00:00,2026-04-27 18:00:00,UP,Strong,77700.3,76790.7,time_exit,4.0,-0.011706518507650587,-0.012506518507650588,CHOPPY
2026-04-27 16:00:00,2026-04-27 17:00:00,2026-04-27 21:00:00,UP,Strong,76587.9,76741.4,time_exit,4.0,0.002004233044645476,0.001204233044645476,BEAR
2026-04-27 17:00:00,2026-04-27 18:00:00,2026-04-27 22:00:00,UP,Strong,76702.3,77025.8,time_exit,4.0,0.0042176049479611954,0.0034176049479611955,CHOPPY
2026-04-27 18:00:00,2026-04-27 19:00:00,2026-04-27 23:00:00,UP,Strong,76790.6,77331.2,time_exit,4.0,0.007039924157383748,0.0062399241573837475,CHOPPY
2026-04-27 19:00:00,2026-04-27 20:00:00,2026-04-28 00:00:00,UP,Strong,76844.3,77334.9,time_exit,4.0,0.006384338200751349,0.005584338200751349,CHOPPY
2026-04-27 20:00:00,2026-04-27 21:00:00,2026-04-28 01:00:00,UP,Moderate,76915.8,77047.2,time_exit,4.0,0.001708361611008291,0.000908361611008291,CHOPPY
2026-04-27 21:00:00,2026-04-27 22:00:00,2026-04-28 02:00:00,UP,Moderate,76741.4,76845.0,time_exit,4.0,0.001349988402609359,0.0005499884026093589,BEAR
2026-04-27 22:00:00,2026-04-27 23:00:00,2026-04-28 03:00:00,UP,Moderate,77025.8,76770.6,time_exit,4.0,-0.0033131755853232914,-0.004113175585323292,CHOPPY
2026-04-27 23:00:00,2026-04-28 00:00:00,2026-04-28 04:00:00,UP,Strong,77331.2,76845.2,time_exit,4.0,-0.0062846561284449765,-0.007084656128444977,CHOPPY
2026-04-28 00:00:00,2026-04-28 01:00:00,2026-04-28 05:00:00,UP,Moderate,77334.9,76848.0,time_exit,4.0,-0.006295993141518186,-0.007095993141518186,CHOPPY
2026-04-28 03:00:00,2026-04-28 04:00:00,2026-04-28 08:00:00,UP,Moderate,76770.6,76820.1,time_exit,4.0,0.0006447780791083435,-0.00015522192089165653,CHOPPY
