freshness board — 2026-08-20 11:19 UTC
artifact                    age   limit  status
bat-train heartbeat         1.2h    2.5h  ok
sweep shadow log            1.3h    2.5h  ok
kline caches                1.3h    3.5h  ok
weather station row         0.1h    2.5h  ok
raid signals row            0.1h    2.5h  ok
v7 veto clock row           1.2h    2.5h  ok
indicator bars              1.3h    2.5h  ok
okx balance snapshots       0.0h    1.5h  ok
coinglass parquets       3094.4h   48.0h  RED  <-- STALE-DATA guard threshold; stalest file reported  [cg_etf_flow_daily.parquet]
daily collect log          15.3h   30.0h  ok
portfolio clocks           81.8h  195.0h  ok
tracked signals             6.3h  336.0h  ok

1 red / 12 tracked: coinglass parquets
freshness board — 2026-08-20 17:20 UTC
artifact                    age   limit  status
bat-train heartbeat         7.2h    2.5h  RED  <-- hourly train ran at all (29h outage family)
sweep shadow log            7.3h    2.5h  RED  <-- frozen shadow accounting
kline caches                7.3h    3.5h  RED  <-- stalest coin of the 29; feeds every regime instrument  [BTCUSDT_1h.csv]
weather station row         0.1h    2.5h  ok
raid signals row            0.1h    2.5h  ok
v7 veto clock row           7.2h    2.5h  RED  <-- site trigger countdown (build-time-snapshot family)
indicator bars              1.3h    2.5h  ok
okx balance snapshots       0.0h    1.5h  ok
coinglass parquets       3100.4h   48.0h  RED  <-- STALE-DATA guard threshold; stalest file reported  [cg_etf_flow_daily.parquet]
daily collect log          21.3h   30.0h  ok
portfolio clocks           87.8h  195.0h  ok
tracked signals             2.3h  336.0h  ok

5 red / 12 tracked: bat-train heartbeat, sweep shadow log, kline caches, v7 veto clock row, coinglass parquets
freshness board — 2026-08-20 23:20 UTC
artifact                    age   limit  status
bat-train heartbeat        13.2h    2.5h  RED  <-- hourly train ran at all (29h outage family)
sweep shadow log           13.3h    2.5h  RED  <-- frozen shadow accounting
kline caches               13.3h    3.5h  RED  <-- stalest coin of the 29; feeds every regime instrument  [BTCUSDT_1h.csv]
weather station row         0.1h    2.5h  ok
raid signals row            0.1h    2.5h  ok
v7 veto clock row          13.2h    2.5h  RED  <-- site trigger countdown (build-time-snapshot family)
indicator bars              1.3h    2.5h  ok
okx balance snapshots       0.0h    1.5h  ok
coinglass parquets       3106.4h   48.0h  RED  <-- STALE-DATA guard threshold; stalest file reported  [cg_etf_flow_daily.parquet]
daily collect log           3.3h   30.0h  ok
portfolio clocks           93.8h  195.0h  ok
tracked signals             3.3h  336.0h  ok

5 red / 12 tracked: bat-train heartbeat, sweep shadow log, kline caches, v7 veto clock row, coinglass parquets
freshness board — 2026-08-21 05:20 UTC
artifact                    age   limit  status
bat-train heartbeat        19.2h    2.5h  RED  <-- hourly train ran at all (29h outage family)
sweep shadow log           19.3h    2.5h  RED  <-- frozen shadow accounting
kline caches               19.3h    3.5h  RED  <-- stalest coin of the 29; feeds every regime instrument  [BTCUSDT_1h.csv]
weather station row         0.1h    2.5h  ok
raid signals row            0.1h    2.5h  ok
v7 veto clock row          19.2h    2.5h  RED  <-- site trigger countdown (build-time-snapshot family)
indicator bars              1.3h    2.5h  ok
okx balance snapshots       0.0h    1.5h  ok
coinglass parquets       3112.4h   48.0h  RED  <-- STALE-DATA guard threshold; stalest file reported  [cg_etf_flow_daily.parquet]
daily collect log           9.3h   30.0h  ok
portfolio clocks           99.8h  195.0h  ok
tracked signals             1.3h  336.0h  ok

5 red / 12 tracked: bat-train heartbeat, sweep shadow log, kline caches, v7 veto clock row, coinglass parquets
freshness board — 2026-08-21 11:20 UTC
artifact                    age   limit  status
bat-train heartbeat        25.2h    2.5h  RED  <-- hourly train ran at all (29h outage family)
sweep shadow log           25.3h    2.5h  RED  <-- frozen shadow accounting
kline caches               25.3h    3.5h  RED  <-- stalest coin of the 29; feeds every regime instrument  [BTCUSDT_1h.csv]
weather station row         0.1h    2.5h  ok
raid signals row            0.1h    2.5h  ok
v7 veto clock row          25.2h    2.5h  RED  <-- site trigger countdown (build-time-snapshot family)
indicator bars              1.3h    2.5h  ok
okx balance snapshots       0.0h    1.5h  ok
coinglass parquets       3118.4h   48.0h  RED  <-- STALE-DATA guard threshold; stalest file reported  [cg_etf_flow_daily.parquet]
daily collect log          15.3h   30.0h  ok
portfolio clocks          105.8h  195.0h  ok
tracked signals             7.3h  336.0h  ok

5 red / 12 tracked: bat-train heartbeat, sweep shadow log, kline caches, v7 veto clock row, coinglass parquets
freshness board — 2026-08-21 17:20 UTC
artifact                    age   limit  status
bat-train heartbeat         2.3h    2.5h  ok
sweep shadow log            2.3h    2.5h  ok
kline caches                2.3h    3.5h  ok
weather station row         0.1h    2.5h  ok
raid signals row            0.1h    2.5h  ok
v7 veto clock row           2.3h    2.5h  ok
indicator bars              1.3h    2.5h  ok
okx balance snapshots       0.0h    1.5h  ok
cloud train parity          0.2h    2.5h  ok
coinglass parquets          2.2h   48.0h  ok
daily collect log           2.1h   30.0h  ok
portfolio clocks          111.8h  195.0h  ok
tracked signals             5.3h  336.0h  ok

0 red / 13 tracked
freshness board — 2026-08-21 23:20 UTC
artifact                    age   limit  status
bat-train heartbeat         8.3h    2.5h  RED  <-- hourly train ran at all (29h outage family)
sweep shadow log            8.3h    2.5h  RED  <-- frozen shadow accounting
kline caches                8.3h    3.5h  RED  <-- stalest coin of the 29; feeds every regime instrument  [BTCUSDT_1h.csv]
weather station row         0.1h    2.5h  ok
raid signals row            0.1h    2.5h  ok
v7 veto clock row           8.3h    2.5h  RED  <-- site trigger countdown (build-time-snapshot family)
indicator bars              1.3h    2.5h  ok
okx balance snapshots       0.0h    1.5h  ok
cloud train parity          0.2h    2.5h  ok
coinglass parquets          3.3h   48.0h  ok
daily collect log           3.3h   30.0h  ok
portfolio clocks          117.8h  195.0h  ok
tracked signals             4.3h  336.0h  ok

4 red / 13 tracked: bat-train heartbeat, sweep shadow log, kline caches, v7 veto clock row
freshness board — 2026-08-22 05:20 UTC
artifact                    age   limit  status
bat-train heartbeat        14.3h    2.5h  RED  <-- hourly train ran at all (29h outage family)
sweep shadow log           14.3h    2.5h  RED  <-- frozen shadow accounting
kline caches               14.3h    3.5h  RED  <-- stalest coin of the 29; feeds every regime instrument  [BTCUSDT_1h.csv]
weather station row         0.1h    2.5h  ok
raid signals row            0.1h    2.5h  ok
v7 veto clock row          14.3h    2.5h  RED  <-- site trigger countdown (build-time-snapshot family)
indicator bars              1.3h    2.5h  ok
okx balance snapshots       0.0h    1.5h  ok
cloud train parity          0.2h    2.5h  ok
coinglass parquets          9.3h   48.0h  ok
daily collect log           9.3h   30.0h  ok
portfolio clocks          123.8h  195.0h  ok
tracked signals             4.3h  336.0h  ok

4 red / 13 tracked: bat-train heartbeat, sweep shadow log, kline caches, v7 veto clock row
freshness board — 2026-08-22 11:20 UTC
artifact                    age   limit  status
bat-train heartbeat        20.3h    2.5h  RED  <-- hourly train ran at all (29h outage family)
sweep shadow log           20.3h    2.5h  RED  <-- frozen shadow accounting
kline caches               20.3h    3.5h  RED  <-- stalest coin of the 29; feeds every regime instrument  [BTCUSDT_1h.csv]
weather station row         0.1h    2.5h  ok
raid signals row            0.1h    2.5h  ok
v7 veto clock row          20.3h    2.5h  RED  <-- site trigger countdown (build-time-snapshot family)
indicator bars              1.3h    2.5h  ok
okx balance snapshots       0.0h    1.5h  ok
cloud train parity          0.2h    2.5h  ok
coinglass parquets         15.3h   48.0h  ok
daily collect log          15.3h   30.0h  ok
portfolio clocks          129.8h  195.0h  ok
tracked signals             3.3h  336.0h  ok

4 red / 13 tracked: bat-train heartbeat, sweep shadow log, kline caches, v7 veto clock row
freshness board — 2026-08-22 17:20 UTC
artifact                    age   limit  status
bat-train heartbeat         0.2h    2.5h  ok
sweep shadow log            0.2h    2.5h  ok
kline caches                0.3h    3.5h  ok
weather station row         0.1h    2.5h  ok
raid signals row          MISSING    2.5h  RED  <-- follow-bot signal surface
v7 veto clock row           0.2h    2.5h  ok
indicator bars              1.3h    2.5h  ok
okx balance snapshots       0.0h    1.5h  ok
cloud train parity          0.2h    2.5h  ok
coinglass parquets         21.3h   48.0h  ok
daily collect log          21.3h   30.0h  ok
portfolio clocks          135.8h  195.0h  ok
tracked signals             1.3h  336.0h  ok

1 red / 13 tracked: raid signals row
alert DELIVERED: Freshness board transition:
  RED: raid signals row (age MISSING, limit 2h) — follow-bot signal surface
  recovered: bat-train heartbeat
  recovered: kline caches
  recovered: sweep shadow log
  recovered: v7 veto clock row
freshness board — 2026-08-22 23:20 UTC
artifact                    age   limit  status
bat-train heartbeat         0.2h    2.5h  ok
sweep shadow log            0.2h    2.5h  ok
kline caches                0.3h    3.5h  ok
weather station row         0.1h    2.5h  ok
raid signals row            0.1h    2.5h  ok
v7 veto clock row           0.2h    2.5h  ok
indicator bars              1.3h    2.5h  ok
okx balance snapshots       0.0h    1.5h  ok
cloud train parity          0.2h    2.5h  ok
coinglass parquets          3.3h   48.0h  ok
daily collect log           3.3h   30.0h  ok
portfolio clocks          141.8h  195.0h  ok
tracked signals             7.3h  336.0h  ok

0 red / 13 tracked
alert DELIVERED: Freshness board transition:
  recovered: raid signals row
freshness board — 2026-08-23 05:20 UTC
artifact                    age   limit  status
bat-train heartbeat         0.2h    2.5h  ok
sweep shadow log            0.2h    2.5h  ok
kline caches                0.3h    3.5h  ok
weather station row         0.1h    2.5h  ok
raid signals row            0.1h    2.5h  ok
v7 veto clock row           0.2h    2.5h  ok
indicator bars              1.3h    2.5h  ok
okx balance snapshots       0.0h    1.5h  ok
cloud train parity          0.2h    2.5h  ok
coinglass parquets          9.3h   48.0h  ok
daily collect log           9.3h   30.0h  ok
portfolio clocks          147.8h  195.0h  ok
tracked signals            13.3h  336.0h  ok

0 red / 13 tracked
freshness board — 2026-08-23 11:20 UTC
artifact                    age   limit  status
bat-train heartbeat         0.2h    2.5h  ok
sweep shadow log            0.2h    2.5h  ok
kline caches                0.3h    3.5h  ok
weather station row         0.1h    2.5h  ok
raid signals row            0.1h    2.5h  ok
v7 veto clock row           0.2h    2.5h  ok
indicator bars              1.3h    2.5h  ok
okx balance snapshots       0.0h    1.5h  ok
cloud train parity          0.2h    2.5h  ok
coinglass parquets         15.3h   48.0h  ok
daily collect log          15.3h   30.0h  ok
portfolio clocks          153.8h  195.0h  ok
tracked signals            19.3h  336.0h  ok

0 red / 13 tracked
freshness board — 2026-08-23 17:20 UTC
artifact                    age   limit  status
bat-train heartbeat         0.2h    2.5h  ok
sweep shadow log            0.2h    2.5h  ok
kline caches                0.3h    3.5h  ok
weather station row         0.1h    2.5h  ok
raid signals row            0.1h    2.5h  ok
v7 veto clock row           0.2h    2.5h  ok
indicator bars              1.3h    2.5h  ok
okx balance snapshots       0.0h    1.5h  ok
cloud train parity          0.2h    2.5h  ok
coinglass parquets         21.3h   48.0h  ok
daily collect log          21.3h   30.0h  ok
portfolio clocks          159.8h  195.0h  ok
tracked signals             2.3h  336.0h  ok

0 red / 13 tracked
freshness board — 2026-08-23 23:20 UTC
artifact                    age   limit  status
bat-train heartbeat         0.2h    2.5h  ok
sweep shadow log            0.2h    2.5h  ok
kline caches                0.3h    3.5h  ok
weather station row         0.1h    2.5h  ok
raid signals row            0.1h    2.5h  ok
v7 veto clock row           0.2h    2.5h  ok
indicator bars              1.3h    2.5h  ok
okx balance snapshots       0.0h    1.5h  ok
cloud train parity          0.2h    2.5h  ok
coinglass parquets          3.3h   48.0h  ok
daily collect log           3.3h   30.0h  ok
portfolio clocks          165.8h  195.0h  ok
tracked signals             8.3h  336.0h  ok

0 red / 13 tracked
freshness board — 2026-08-24 05:20 UTC
artifact                    age   limit  status
bat-train heartbeat         0.2h    2.5h  ok
sweep shadow log            0.2h    2.5h  ok
kline caches                0.3h    3.5h  ok
weather station row         0.1h    2.5h  ok
raid signals row            0.1h    2.5h  ok
v7 veto clock row           0.2h    2.5h  ok
indicator bars              1.3h    2.5h  ok
okx balance snapshots       0.0h    1.5h  ok
cloud train parity          0.2h    2.5h  ok
coinglass parquets          9.3h   48.0h  ok
daily collect log           9.3h   30.0h  ok
portfolio clocks            3.8h  195.0h  ok
tracked signals             1.3h  336.0h  ok

0 red / 13 tracked
freshness board — 2026-08-24 11:20 UTC
artifact                    age   limit  status
bat-train heartbeat         0.2h    2.5h  ok
sweep shadow log            0.2h    2.5h  ok
kline caches                0.3h    3.5h  ok
weather station row         0.1h    2.5h  ok
raid signals row            0.1h    2.5h  ok
v7 veto clock row           0.2h    2.5h  ok
indicator bars              1.3h    2.5h  ok
okx balance snapshots       0.0h    1.5h  ok
cloud train parity          0.2h    2.5h  ok
coinglass parquets         15.3h   48.0h  ok
daily collect log          15.3h   30.0h  ok
portfolio clocks            9.8h  195.0h  ok
tracked signals             7.3h  336.0h  ok

0 red / 13 tracked
freshness board — 2026-08-24 17:20 UTC
artifact                    age   limit  status
bat-train heartbeat         0.2h    2.5h  ok
sweep shadow log            0.2h    2.5h  ok
kline caches                0.3h    3.5h  ok
weather station row         0.1h    2.5h  ok
raid signals row            0.1h    2.5h  ok
v7 veto clock row           0.2h    2.5h  ok
indicator bars              1.3h    2.5h  ok
okx balance snapshots       0.0h    1.5h  ok
cloud train parity          0.2h    2.5h  ok
coinglass parquets         21.3h   48.0h  ok
daily collect log          21.3h   30.0h  ok
portfolio clocks           15.8h  195.0h  ok
tracked signals            13.3h  336.0h  ok

0 red / 13 tracked
freshness board — 2026-08-24 23:20 UTC
artifact                    age   limit  status
bat-train heartbeat         0.2h    2.5h  ok
sweep shadow log            0.2h    2.5h  ok
kline caches                0.3h    3.5h  ok
weather station row         0.1h    2.5h  ok
raid signals row            0.1h    2.5h  ok
v7 veto clock row           0.2h    2.5h  ok
indicator bars              1.3h    2.5h  ok
okx balance snapshots       0.0h    1.5h  ok
cloud train parity          0.2h    2.5h  ok
coinglass parquets          3.3h   48.0h  ok
daily collect log           3.3h   30.0h  ok
portfolio clocks           21.8h  195.0h  ok
tracked signals            19.3h  336.0h  ok

0 red / 13 tracked
freshness board — 2026-08-25 05:20 UTC
artifact                    age   limit  status
bat-train heartbeat         0.2h    2.5h  ok
sweep shadow log            0.2h    2.5h  ok
kline caches                0.3h    3.5h  ok
weather station row         0.1h    2.5h  ok
raid signals row            0.1h    2.5h  ok
v7 veto clock row           0.2h    2.5h  ok
indicator bars              1.3h    2.5h  ok
okx balance snapshots       0.0h    1.5h  ok
cloud train parity          0.2h    2.5h  ok
coinglass parquets          9.3h   48.0h  ok
daily collect log           9.3h   30.0h  ok
portfolio clocks           27.8h  195.0h  ok
tracked signals            25.3h  336.0h  ok

0 red / 13 tracked
freshness board — 2026-08-25 11:20 UTC
artifact                    age   limit  status
bat-train heartbeat         0.2h    2.5h  ok
sweep shadow log            0.2h    2.5h  ok
kline caches                0.3h    3.5h  ok
weather station row         0.1h    2.5h  ok
raid signals row            0.1h    2.5h  ok
v7 veto clock row           0.2h    2.5h  ok
indicator bars              1.3h    2.5h  ok
okx balance snapshots       0.0h    1.5h  ok
cloud train parity          0.2h    2.5h  ok
coinglass parquets         15.3h   48.0h  ok
daily collect log          15.3h   30.0h  ok
portfolio clocks           33.8h  195.0h  ok
tracked signals             2.3h  336.0h  ok

0 red / 13 tracked
freshness board — 2026-08-25 17:20 UTC
artifact                    age   limit  status
bat-train heartbeat         0.2h    2.5h  ok
sweep shadow log            0.2h    2.5h  ok
kline caches                0.3h    3.5h  ok
weather station row         0.1h    2.5h  ok
raid signals row            0.1h    2.5h  ok
v7 veto clock row           0.2h    2.5h  ok
indicator bars              1.3h    2.5h  ok
okx balance snapshots       0.0h    1.5h  ok
cloud train parity          0.2h    2.5h  ok
coinglass parquets         21.3h   48.0h  ok
daily collect log          21.3h   30.0h  ok
portfolio clocks           39.8h  195.0h  ok
tracked signals             4.3h  336.0h  ok

0 red / 13 tracked
freshness board — 2026-08-25 23:20 UTC
artifact                    age   limit  status
bat-train heartbeat         0.2h    2.5h  ok
sweep shadow log            0.2h    2.5h  ok
kline caches                0.3h    3.5h  ok
weather station row         0.1h    2.5h  ok
raid signals row            0.1h    2.5h  ok
v7 veto clock row           0.2h    2.5h  ok
indicator bars              1.3h    2.5h  ok
okx balance snapshots       0.0h    1.5h  ok
cloud train parity          0.2h    2.5h  ok
coinglass parquets          3.3h   48.0h  ok
daily collect log           3.3h   30.0h  ok
portfolio clocks           45.8h  195.0h  ok
tracked signals             4.3h  336.0h  ok

0 red / 13 tracked
freshness board — 2026-08-26 05:20 UTC
artifact                    age   limit  status
bat-train heartbeat         0.2h    2.5h  ok
sweep shadow log            0.2h    2.5h  ok
kline caches                0.3h    3.5h  ok
weather station row         0.1h    2.5h  ok
raid signals row            0.1h    2.5h  ok
v7 veto clock row           0.2h    2.5h  ok
indicator bars              1.3h    2.5h  ok
okx balance snapshots       0.0h    1.5h  ok
cloud train parity          0.2h    2.5h  ok
coinglass parquets          9.3h   48.0h  ok
daily collect log           9.3h   30.0h  ok
portfolio clocks           51.8h  195.0h  ok
tracked signals            10.3h  336.0h  ok

0 red / 13 tracked
freshness board — 2026-08-26 11:20 UTC
artifact                    age   limit  status
bat-train heartbeat         0.2h    2.5h  ok
sweep shadow log            0.2h    2.5h  ok
kline caches                0.3h    3.5h  ok
weather station row         0.1h    2.5h  ok
raid signals row            0.1h    2.5h  ok
v7 veto clock row           0.2h    2.5h  ok
raid outcomes row           0.4h    2.5h  ok
prereg board row            0.2h    2.5h  ok
indicator bars              1.3h    2.5h  ok
okx balance snapshots       0.0h    1.5h  ok
cloud train parity          0.2h    2.5h  ok
coinglass parquets         15.3h   48.0h  ok
daily collect log          15.3h   30.0h  ok
portfolio clocks            2.7h  195.0h  ok
tracked signals            16.3h  336.0h  ok

0 red / 15 tracked
freshness board — 2026-08-26 17:20 UTC
artifact                    age   limit  status
bat-train heartbeat         0.2h    2.5h  ok
sweep shadow log            0.2h    2.5h  ok
kline caches                0.3h    3.5h  ok
weather station row         0.1h    2.5h  ok
raid signals row            0.1h    2.5h  ok
v7 veto clock row           0.2h    2.5h  ok
raid outcomes row           6.4h    2.5h  RED  <-- skip-vs-taken scoring surface; silent staleness = consumer s
prereg board row            0.2h    2.5h  ok
indicator bars              1.3h    2.5h  ok
okx balance snapshots       0.0h    1.5h  ok
cloud train parity          0.2h    2.5h  ok
coinglass parquets         21.3h   48.0h  ok
daily collect log          21.3h   30.0h  ok
portfolio clocks            8.7h  195.0h  ok
tracked signals             2.3h  336.0h  ok

1 red / 15 tracked: raid outcomes row
alert DELIVERED: Freshness board transition:
  RED: raid outcomes row (age 6.4h, limit 2h) — skip-vs-taken scoring surface; silent staleness = consumer silently scores against stale outcomes
freshness board — 2026-08-26 23:20 UTC
artifact                    age   limit  status
bat-train heartbeat         0.2h    2.5h  ok
sweep shadow log            0.2h    2.5h  ok
kline caches                0.3h    3.5h  ok
weather station row         0.1h    2.5h  ok
raid signals row            0.1h    2.5h  ok
v7 veto clock row           0.2h    2.5h  ok
raid outcomes row           0.2h    2.5h  ok
prereg board row            0.2h    2.5h  ok
indicator bars              1.3h    2.5h  ok
okx balance snapshots       0.0h    1.5h  ok
cloud train parity          0.2h    2.5h  ok
coinglass parquets          3.3h   48.0h  ok
daily collect log           3.3h   30.0h  ok
portfolio clocks           14.7h  195.0h  ok
tracked signals             1.3h  336.0h  ok

0 red / 15 tracked
alert DELIVERED: Freshness board transition:
  recovered: raid outcomes row
freshness board — 2026-08-27 05:20 UTC
artifact                    age   limit  status
bat-train heartbeat         0.2h    2.5h  ok
sweep shadow log            0.2h    2.5h  ok
kline caches                0.3h    3.5h  ok
weather station row         0.1h    2.5h  ok
raid signals row            0.1h    2.5h  ok
v7 veto clock row           0.2h    2.5h  ok
raid outcomes row           0.2h    2.5h  ok
prereg board row            0.0h    2.5h  ok
indicator bars              1.3h    2.5h  ok
okx balance snapshots       0.0h    1.5h  ok
cloud train parity          0.0h    2.5h  ok
coinglass parquets          9.3h   48.0h  ok
daily collect log           9.3h   30.0h  ok
portfolio clocks           20.7h  195.0h  ok
tracked signals             7.3h  336.0h  ok

0 red / 15 tracked
freshness board — 2026-08-27 11:20 UTC
artifact                    age   limit  status
bat-train heartbeat         0.2h    2.5h  ok
sweep shadow log            0.2h    2.5h  ok
kline caches                0.3h    3.5h  ok
weather station row         0.1h    2.5h  ok
raid signals row            0.1h    2.5h  ok
v7 veto clock row           0.2h    2.5h  ok
raid outcomes row           0.2h    2.5h  ok
prereg board row            0.2h    2.5h  ok
indicator bars              1.3h    2.5h  ok
okx balance snapshots       0.0h    1.5h  ok
cloud train parity          0.2h    2.5h  ok
coinglass parquets         15.3h   48.0h  ok
daily collect log          15.3h   30.0h  ok
portfolio clocks           26.7h  195.0h  ok
tracked signals             1.3h  336.0h  ok

0 red / 15 tracked
freshness board — 2026-08-27 17:20 UTC
artifact                    age   limit  status
bat-train heartbeat         0.2h    2.5h  ok
sweep shadow log            0.2h    2.5h  ok
kline caches                0.3h    3.5h  ok
weather station row         0.1h    2.5h  ok
raid signals row            0.1h    2.5h  ok
v7 veto clock row           0.2h    2.5h  ok
raid outcomes row           0.2h    2.5h  ok
prereg board row            0.2h    2.5h  ok
indicator bars              1.3h    2.5h  ok
okx balance snapshots       0.0h    1.5h  ok
cloud train parity          0.2h    2.5h  ok
coinglass parquets         21.3h   48.0h  ok
daily collect log          21.3h   30.0h  ok
portfolio clocks           32.7h  195.0h  ok
tracked signals             2.3h  336.0h  ok

0 red / 15 tracked
freshness board — 2026-08-27 23:20 UTC
artifact                    age   limit  status
bat-train heartbeat         0.2h    2.5h  ok
sweep shadow log            0.2h    2.5h  ok
kline caches                0.3h    3.5h  ok
weather station row         0.1h    2.5h  ok
raid signals row            0.1h    2.5h  ok
v7 veto clock row           0.2h    2.5h  ok
raid outcomes row           0.2h    2.5h  ok
prereg board row            0.2h    2.5h  ok
indicator bars              1.3h    2.5h  ok
okx balance snapshots       0.0h    1.5h  ok
cloud train parity          0.2h    2.5h  ok
coinglass parquets          3.3h   48.0h  ok
daily collect log           3.3h   30.0h  ok
portfolio clocks           38.7h  195.0h  ok
tracked signals             1.3h  336.0h  ok

0 red / 15 tracked
freshness board — 2026-08-28 05:20 UTC
artifact                    age   limit  status
bat-train heartbeat         0.2h    2.5h  ok
sweep shadow log            0.2h    2.5h  ok
kline caches                0.3h    3.5h  ok
weather station row         0.1h    2.5h  ok
raid signals row            0.1h    2.5h  ok
v7 veto clock row           0.2h    2.5h  ok
raid outcomes row           0.2h    2.5h  ok
prereg board row            0.2h    2.5h  ok
indicator bars              1.3h    2.5h  ok
okx balance snapshots       0.0h    1.5h  ok
cloud train parity          0.2h    2.5h  ok
coinglass parquets          9.3h   48.0h  ok
daily collect log           9.3h   30.0h  ok
portfolio clocks           44.7h  195.0h  ok
tracked signals             4.3h  336.0h  ok

0 red / 15 tracked
freshness board — 2026-08-28 11:20 UTC
artifact                    age   limit  status
bat-train heartbeat         0.2h    2.5h  ok
sweep shadow log            0.2h    2.5h  ok
kline caches                0.3h    3.5h  ok
weather station row         0.1h    2.5h  ok
raid signals row            0.1h    2.5h  ok
v7 veto clock row           0.2h    2.5h  ok
raid outcomes row           0.2h    2.5h  ok
prereg board row            0.2h    2.5h  ok
indicator bars              1.3h    2.5h  ok
okx balance snapshots       0.0h    1.5h  ok
cloud train parity          0.2h    2.5h  ok
arb recorder (§0.75)        0.0h    1.0h  ok
coinglass parquets         15.3h   48.0h  ok
daily collect log          15.3h   30.0h  ok
portfolio clocks           50.7h  195.0h  ok
tracked signals            10.3h  336.0h  ok

0 red / 16 tracked
freshness board — 2026-08-28 17:20 UTC
artifact                    age   limit  status
bat-train heartbeat         0.2h    2.5h  ok
sweep shadow log            0.2h    2.5h  ok
kline caches                0.3h    3.5h  ok
weather station row         0.1h    2.5h  ok
raid signals row            0.1h    2.5h  ok
v7 veto clock row           0.2h    2.5h  ok
raid outcomes row           2.2h    2.5h  ok
prereg board row            0.2h    2.5h  ok
indicator bars              1.3h    2.5h  ok
okx balance snapshots       0.0h    1.5h  ok
cloud train parity          0.2h    2.5h  ok
arb recorder (§0.75)        0.0h    1.0h  ok
coinglass parquets         21.3h   48.0h  ok
daily collect log          21.3h   30.0h  ok
portfolio clocks           56.7h  195.0h  ok
tracked signals            16.3h  336.0h  ok

0 red / 16 tracked
freshness board — 2026-08-28 23:20 UTC
artifact                    age   limit  status
bat-train heartbeat         0.2h    2.5h  ok
sweep shadow log            0.2h    2.5h  ok
kline caches                0.3h    3.5h  ok
weather station row         0.1h    2.5h  ok
raid signals row            0.1h    2.5h  ok
v7 veto clock row           0.2h    2.5h  ok
raid outcomes row           1.2h    2.5h  ok
prereg board row            0.2h    2.5h  ok
indicator bars              1.3h    2.5h  ok
okx balance snapshots       0.0h    1.5h  ok
cloud train parity          0.2h    2.5h  ok
arb recorder (§0.75)        0.0h    1.0h  ok
coinglass parquets          3.3h   48.0h  ok
daily collect log           3.3h   30.0h  ok
portfolio clocks           62.7h  195.0h  ok
tracked signals             6.3h  336.0h  ok

0 red / 16 tracked
freshness board — 2026-08-29 05:20 UTC
artifact                    age   limit  status
bat-train heartbeat         0.2h    2.5h  ok
sweep shadow log            0.2h    2.5h  ok
kline caches                0.3h    3.5h  ok
weather station row         0.1h    2.5h  ok
raid signals row            0.1h    2.5h  ok
v7 veto clock row           0.2h    2.5h  ok
raid outcomes row           1.2h    2.5h  ok
prereg board row            0.2h    2.5h  ok
indicator bars              1.3h    2.5h  ok
okx balance snapshots       0.0h    1.5h  ok
cloud train parity          0.0h    2.5h  ok
arb recorder (§0.75)        0.0h    1.0h  ok
coinglass parquets          9.3h   48.0h  ok
daily collect log           9.3h   30.0h  ok
portfolio clocks           68.7h  195.0h  ok
tracked signals            12.3h  336.0h  ok

0 red / 16 tracked
freshness board — 2026-08-29 11:20 UTC
artifact                    age   limit  status
bat-train heartbeat         0.2h    2.5h  ok
sweep shadow log            0.2h    2.5h  ok
kline caches                0.3h    3.5h  ok
weather station row         0.1h    2.5h  ok
raid signals row            0.1h    2.5h  ok
v7 veto clock row           0.2h    2.5h  ok
raid outcomes row           7.2h    2.5h  RED  <-- skip-vs-taken scoring surface; silent staleness = consumer s
prereg board row            0.2h    2.5h  ok
indicator bars              1.3h    2.5h  ok
okx balance snapshots       0.0h    1.5h  ok
cloud train parity          0.2h    2.5h  ok
arb recorder (§0.75)        0.0h    1.0h  ok
coinglass parquets         15.3h   48.0h  ok
daily collect log          15.3h   30.0h  ok
portfolio clocks           74.7h  195.0h  ok
tracked signals            18.3h  336.0h  ok

1 red / 16 tracked: raid outcomes row
alert DELIVERED: Freshness board transition:
  RED: raid outcomes row (age 7.2h, limit 2h) — skip-vs-taken scoring surface; silent staleness = consumer silently scores against stale outcomes
freshness board — 2026-08-29 17:20 UTC
artifact                    age   limit  status
bat-train heartbeat         0.2h    2.5h  ok
sweep shadow log            0.2h    2.5h  ok
kline caches                0.3h    3.5h  ok
weather station row         0.1h    2.5h  ok
raid signals row            0.1h    2.5h  ok
v7 veto clock row           0.2h    2.5h  ok
raid outcomes row           1.2h    2.5h  ok
prereg board row            0.2h    2.5h  ok
indicator bars              1.3h    2.5h  ok
okx balance snapshots       0.0h    1.5h  ok
cloud train parity          0.2h    2.5h  ok
arb recorder (§0.75)        0.0h    1.0h  ok
coinglass parquets         21.3h   48.0h  ok
daily collect log          21.3h   30.0h  ok
portfolio clocks           80.7h  195.0h  ok
tracked signals            24.3h  336.0h  ok

0 red / 16 tracked
alert DELIVERED: Freshness board transition:
  recovered: raid outcomes row
freshness board — 2026-08-29 23:20 UTC
artifact                    age   limit  status
bat-train heartbeat         0.2h    2.5h  ok
sweep shadow log            0.2h    2.5h  ok
kline caches                0.3h    3.5h  ok
weather station row         0.1h    2.5h  ok
raid signals row            0.1h    2.5h  ok
v7 veto clock row           0.2h    2.5h  ok
raid outcomes row           4.2h    2.5h  RED  <-- skip-vs-taken scoring surface; silent staleness = consumer s
prereg board row            0.2h    2.5h  ok
indicator bars              1.3h    2.5h  ok
okx balance snapshots       0.0h    1.5h  ok
cloud train parity          0.2h    2.5h  ok
arb recorder (§0.75)        0.0h    1.0h  ok
coinglass parquets          3.3h   48.0h  ok
daily collect log           3.3h   30.0h  ok
portfolio clocks           86.7h  195.0h  ok
tracked signals            30.3h  336.0h  ok

1 red / 16 tracked: raid outcomes row
alert DELIVERED: Freshness board transition:
  RED: raid outcomes row (age 4.2h, limit 2h) — skip-vs-taken scoring surface; silent staleness = consumer silently scores against stale outcomes
freshness board — 2026-08-30 05:20 UTC
artifact                    age   limit  status
bat-train heartbeat         0.2h    2.5h  ok
sweep shadow log            0.2h    2.5h  ok
kline caches                0.3h    3.5h  ok
weather station row         0.1h    2.5h  ok
raid signals row            0.1h    2.5h  ok
v7 veto clock row           0.2h    2.5h  ok
raid outcomes row           1.2h    2.5h  ok
prereg board row            0.2h    2.5h  ok
indicator bars              1.3h    2.5h  ok
okx balance snapshots       0.0h    1.5h  ok
cloud train parity          0.2h    2.5h  ok
arb recorder (§0.75)        0.0h    1.0h  ok
coinglass parquets          9.3h   48.0h  ok
daily collect log           9.3h   30.0h  ok
portfolio clocks           92.7h  195.0h  ok
tracked signals            36.3h  336.0h  ok

0 red / 16 tracked
alert DELIVERED: Freshness board transition:
  recovered: raid outcomes row
freshness board — 2026-08-30 11:20 UTC
artifact                    age   limit  status
bat-train heartbeat         0.2h    2.5h  ok
sweep shadow log            0.2h    2.5h  ok
kline caches                0.3h    3.5h  ok
weather station row         0.1h    2.5h  ok
raid signals row            0.1h    2.5h  ok
v7 veto clock row           0.2h    2.5h  ok
raid outcomes row           0.2h    2.5h  ok
prereg board row            0.2h    2.5h  ok
indicator bars              1.3h    2.5h  ok
okx balance snapshots       0.0h    1.5h  ok
cloud train parity          0.2h    2.5h  ok
arb recorder (§0.75)        0.0h    1.0h  ok
coinglass parquets         15.3h   48.0h  ok
daily collect log          15.3h   30.0h  ok
portfolio clocks            1.8h  195.0h  ok
tracked signals            42.3h  336.0h  ok

0 red / 16 tracked
freshness board — 2026-08-30 17:20 UTC
artifact                    age   limit  status
bat-train heartbeat         0.2h    2.5h  ok
sweep shadow log            0.2h    2.5h  ok
kline caches                0.3h    3.5h  ok
weather station row         0.1h    2.5h  ok
raid signals row            0.1h    2.5h  ok
v7 veto clock row           0.2h    2.5h  ok
raid outcomes row           0.2h    2.5h  ok
prereg board row            0.2h    2.5h  ok
indicator bars              1.3h    2.5h  ok
okx balance snapshots       0.0h    1.5h  ok
cloud train parity          0.2h    2.5h  ok
arb recorder (§0.75)        0.0h    1.0h  ok
arb recorder NBIS (§0.75)      0.0h    1.0h  ok
arb recorder ANTH (§0.75)      0.0h    1.0h  ok
arb recorder BTC (§0.75)      0.0h    1.0h  ok
arb recorder ZEC (§0.75)      0.0h    1.0h  ok
arb recorder NEAR (§0.75)      0.0h    1.0h  ok
arb scanner (§0.75b)        0.0h    0.5h  ok
coinglass parquets         21.3h   48.0h  ok
daily collect log          21.3h   30.0h  ok
portfolio clocks            7.8h  195.0h  ok
tracked signals            48.3h  336.0h  ok

0 red / 22 tracked
freshness board — 2026-08-30 23:20 UTC
artifact                    age   limit  status
bat-train heartbeat         0.2h    2.5h  ok
sweep shadow log            0.2h    2.5h  ok
kline caches                0.3h    3.5h  ok
weather station row         0.1h    2.5h  ok
raid signals row            0.1h    2.5h  ok
v7 veto clock row           0.2h    2.5h  ok
raid outcomes row           0.2h    2.5h  ok
prereg board row            0.2h    2.5h  ok
indicator bars              1.3h    2.5h  ok
okx balance snapshots       0.0h    1.5h  ok
cloud train parity          0.2h    2.5h  ok
arb recorder (§0.75)        0.0h    1.0h  ok
arb recorder NBIS (§0.75)      0.0h    1.0h  ok
arb recorder ANTH (§0.75)      0.0h    1.0h  ok
arb recorder BTC (§0.75)      0.0h    1.0h  ok
arb recorder ZEC (§0.75)      0.0h    1.0h  ok
arb recorder NEAR (§0.75)      0.0h    1.0h  ok
arb scanner (§0.75b)        0.0h    0.5h  ok
coinglass parquets          3.3h   48.0h  ok
daily collect log           3.3h   30.0h  ok
portfolio clocks           13.8h  195.0h  ok
tracked signals             1.3h  336.0h  ok

0 red / 22 tracked
freshness board — 2026-08-31 05:20 UTC
artifact                    age   limit  status
bat-train heartbeat         0.2h    2.5h  ok
sweep shadow log            0.2h    2.5h  ok
kline caches                0.3h    3.5h  ok
weather station row         0.1h    2.5h  ok
raid signals row            0.1h    2.5h  ok
v7 veto clock row           0.2h    2.5h  ok
raid outcomes row           0.2h    2.5h  ok
prereg board row            0.2h    2.5h  ok
indicator bars              1.3h    2.5h  ok
okx balance snapshots       0.0h    1.5h  ok
cloud train parity          0.2h    2.5h  ok
arb recorder (§0.75)        0.0h    1.0h  ok
arb recorder NBIS (§0.75)      0.0h    1.0h  ok
arb recorder ANTH (§0.75)      0.0h    1.0h  ok
arb recorder BTC (§0.75)      0.0h    1.0h  ok
arb recorder ZEC (§0.75)      0.0h    1.0h  ok
arb recorder NEAR (§0.75)      0.0h    1.0h  ok
arb scanner (§0.75b)        5.3h    0.5h  RED  <-- cross-venue REST scanner, ~2 min cycle over ~110 pairs  [scan_20260830.csv]
coinglass parquets          9.3h   48.0h  ok
daily collect log           9.3h   30.0h  ok
portfolio clocks            3.8h  195.0h  ok
tracked signals             6.3h  336.0h  ok

1 red / 22 tracked: arb scanner (§0.75b)
alert DELIVERED: Freshness board transition:
  RED: arb scanner (§0.75b) (age 5.3h, limit 0h) — cross-venue REST scanner, ~2 min cycle over ~110 pairs
freshness board — 2026-08-31 11:20 UTC
artifact                    age   limit  status
bat-train heartbeat         0.2h    2.5h  ok
sweep shadow log            0.2h    2.5h  ok
kline caches                0.3h    3.5h  ok
weather station row         0.1h    2.5h  ok
raid signals row            0.1h    2.5h  ok
v7 veto clock row           0.2h    2.5h  ok
raid outcomes row           2.2h    2.5h  ok
prereg board row            0.2h    2.5h  ok
indicator bars              1.3h    2.5h  ok
okx balance snapshots       0.0h    1.5h  ok
cloud train parity          0.2h    2.5h  ok
arb recorder (§0.75)        0.0h    1.0h  ok
arb recorder NBIS (§0.75)      0.0h    1.0h  ok
arb recorder ANTH (§0.75)      0.0h    1.0h  ok
arb recorder BTC (§0.75)      0.0h    1.0h  ok
arb recorder ZEC (§0.75)      0.0h    1.0h  ok
arb recorder NEAR (§0.75)      0.0h    1.0h  ok
arb scanner (§0.75b)       11.3h    0.5h  RED  <-- cross-venue REST scanner, ~2 min cycle over ~110 pairs  [scan_20260830.csv]
coinglass parquets         15.3h   48.0h  ok
daily collect log          15.3h   30.0h  ok
portfolio clocks            9.8h  195.0h  ok
tracked signals             2.3h  336.0h  ok

1 red / 22 tracked: arb scanner (§0.75b)
freshness board — 2026-08-31 17:20 UTC
artifact                    age   limit  status
bat-train heartbeat         0.2h    2.5h  ok
sweep shadow log            0.2h    2.5h  ok
kline caches                0.3h    3.5h  ok
weather station row         0.1h    2.5h  ok
raid signals row            0.1h    2.5h  ok
v7 veto clock row           0.2h    2.5h  ok
raid outcomes row           8.2h    2.5h  RED  <-- skip-vs-taken scoring surface; silent staleness = consumer s
prereg board row            0.2h    2.5h  ok
indicator bars              1.3h    2.5h  ok
okx balance snapshots       0.0h    1.5h  ok
cloud train parity          0.2h    2.5h  ok
arb recorder (§0.75)        0.0h    1.0h  ok
arb recorder NBIS (§0.75)      0.0h    1.0h  ok
arb recorder ANTH (§0.75)      0.0h    1.0h  ok
arb recorder BTC (§0.75)      0.0h    1.0h  ok
arb recorder ZEC (§0.75)      0.0h    1.0h  ok
arb recorder NEAR (§0.75)      0.0h    1.0h  ok
arb scanner (§0.75b)       17.3h    0.5h  RED  <-- cross-venue REST scanner, ~2 min cycle over ~110 pairs  [scan_20260830.csv]
coinglass parquets         21.3h   48.0h  ok
daily collect log          21.3h   30.0h  ok
portfolio clocks           15.8h  195.0h  ok
tracked signals             3.3h  336.0h  ok

2 red / 22 tracked: raid outcomes row, arb scanner (§0.75b)
alert DELIVERED: Freshness board transition:
  RED: raid outcomes row (age 8.2h, limit 2h) — skip-vs-taken scoring surface; silent staleness = consumer silently scores against stale outcomes
freshness board — 2026-08-31 23:20 UTC
artifact                    age   limit  status
bat-train heartbeat         0.2h    2.5h  ok
sweep shadow log            0.2h    2.5h  ok
kline caches                0.3h    3.5h  ok
weather station row         0.1h    2.5h  ok
raid signals row            0.1h    2.5h  ok
v7 veto clock row           0.2h    2.5h  ok
raid outcomes row           2.2h    2.5h  ok
prereg board row            0.2h    2.5h  ok
indicator bars              1.3h    2.5h  ok
okx balance snapshots       0.0h    1.5h  ok
cloud train parity          0.2h    2.5h  ok
arb recorder (§0.75)        0.0h    1.0h  ok
arb recorder NBIS (§0.75)      0.0h    1.0h  ok
arb recorder ANTH (§0.75)      0.0h    1.0h  ok
arb recorder BTC (§0.75)      0.0h    1.0h  ok
arb recorder ZEC (§0.75)      0.0h    1.0h  ok
arb recorder NEAR (§0.75)      0.0h    1.0h  ok
arb scanner (§0.75b)       23.3h    0.5h  RED  <-- cross-venue REST scanner, ~2 min cycle over ~110 pairs  [scan_20260830.csv]
coinglass parquets          3.3h   48.0h  ok
daily collect log           3.3h   30.0h  ok
portfolio clocks           21.8h  195.0h  ok
tracked signals             9.3h  336.0h  ok

1 red / 22 tracked: arb scanner (§0.75b)
alert DELIVERED: Freshness board transition:
  recovered: raid outcomes row
freshness board — 2026-09-01 05:20 UTC
artifact                    age   limit  status
bat-train heartbeat         0.2h    2.5h  ok
sweep shadow log            0.2h    2.5h  ok
kline caches                0.3h    3.5h  ok
weather station row         0.1h    2.5h  ok
raid signals row            0.1h    2.5h  ok
v7 veto clock row           0.2h    2.5h  ok
raid outcomes row           2.2h    2.5h  ok
prereg board row            0.2h    2.5h  ok
indicator bars              1.3h    2.5h  ok
okx balance snapshots       0.0h    1.5h  ok
cloud train parity          0.2h    2.5h  ok
arb recorder (§0.75)        0.0h    1.0h  ok
arb recorder NBIS (§0.75)      0.0h    1.0h  ok
arb recorder ANTH (§0.75)      0.0h    1.0h  ok
arb recorder BTC (§0.75)      0.0h    1.0h  ok
arb recorder ZEC (§0.75)      0.0h    1.0h  ok
arb recorder NEAR (§0.75)      0.0h    1.0h  ok
arb scanner (§0.75b)       29.3h    0.5h  RED  <-- cross-venue REST scanner, ~2 min cycle over ~110 pairs  [scan_20260830.csv]
coinglass parquets          9.3h   48.0h  ok
daily collect log           9.3h   30.0h  ok
portfolio clocks           27.8h  195.0h  ok
tracked signals            15.3h  336.0h  ok

1 red / 22 tracked: arb scanner (§0.75b)
freshness board — 2026-09-01 11:20 UTC
artifact                    age   limit  status
bat-train heartbeat         0.2h    2.5h  ok
sweep shadow log            0.2h    2.5h  ok
kline caches                0.3h    3.5h  ok
weather station row         0.1h    2.5h  ok
raid signals row            0.1h    2.5h  ok
v7 veto clock row           0.2h    2.5h  ok
raid outcomes row           0.2h    2.5h  ok
prereg board row            0.2h    2.5h  ok
indicator bars              1.3h    2.5h  ok
okx balance snapshots       0.0h    1.5h  ok
cloud train parity          0.2h    2.5h  ok
arb recorder (§0.75)        0.0h    1.0h  ok
arb recorder NBIS (§0.75)      0.0h    1.0h  ok
arb recorder ANTH (§0.75)      0.0h    1.0h  ok
arb recorder BTC (§0.75)      0.0h    1.0h  ok
arb recorder ZEC (§0.75)      0.0h    1.0h  ok
arb recorder NEAR (§0.75)      0.0h    1.0h  ok
arb scanner (§0.75b)        0.0h    0.5h  ok
coinglass parquet CONTENT     35.0h   48.0h  ok
coinglass parquets         15.3h   48.0h  ok
daily collect log           1.1h   30.0h  ok
portfolio clocks           33.8h  195.0h  ok
tracked signals             3.3h  336.0h  ok

0 red / 23 tracked
freshness board — 2026-09-01 17:20 UTC
artifact                    age   limit  status
bat-train heartbeat         0.2h    2.5h  ok
sweep shadow log            0.2h    2.5h  ok
kline caches                0.3h    3.5h  ok
weather station row         0.1h    2.5h  ok
raid signals row            0.1h    2.5h  ok
v7 veto clock row           0.2h    2.5h  ok
raid outcomes row           1.2h    2.5h  ok
arb status row              0.2h    2.5h  ok
prereg board row            0.2h    2.5h  ok
degradation guard           0.3h    2.5h  ok
indicator bars              1.3h    2.5h  ok
okx balance snapshots       0.0h    1.5h  ok
cloud train parity          0.2h    2.5h  ok
arb recorder (§0.75)        0.0h    1.0h  ok
arb recorder NBIS (§0.75)      0.0h    1.0h  ok
arb recorder ANTH (§0.75)      0.0h    1.0h  ok
arb recorder BTC (§0.75)      0.0h    1.0h  ok
arb recorder ZEC (§0.75)      0.0h    1.0h  ok
arb recorder NEAR (§0.75)      0.0h    1.0h  ok
arb recorder HYPE (§0.75)      0.0h    1.0h  ok
arb scanner (§0.75b)        0.0h    0.5h  ok
coinglass parquet CONTENT     41.0h   48.0h  ok
coinglass parquets         21.3h   48.0h  ok
daily collect log           7.1h   30.0h  ok
portfolio clocks           39.8h  195.0h  ok
tracked signals             9.3h  336.0h  ok

0 red / 26 tracked
freshness board — 2026-09-01 23:20 UTC
artifact                    age   limit  status
bat-train heartbeat         0.2h    2.5h  ok
sweep shadow log            0.2h    2.5h  ok
kline caches                0.3h    3.5h  ok
weather station row         0.1h    2.5h  ok
raid signals row            0.1h    2.5h  ok
v7 veto clock row           0.2h    2.5h  ok
raid outcomes row           0.2h    2.5h  ok
arb status row              0.2h    2.5h  ok
prereg board row            0.2h    2.5h  ok
degradation guard           0.3h    2.5h  ok
indicator bars              1.3h    2.5h  ok
okx balance snapshots       0.0h    1.5h  ok
cloud train parity          0.2h    2.5h  ok
arb recorder (§0.75)        0.0h    1.0h  ok
arb recorder NBIS (§0.75)      0.0h    1.0h  ok
arb recorder ANTH (§0.75)      0.0h    1.0h  ok
arb recorder BTC (§0.75)      0.0h    1.0h  ok
arb recorder ZEC (§0.75)      0.0h    1.0h  ok
arb recorder NEAR (§0.75)      0.0h    1.0h  ok
arb recorder HYPE (§0.75)      0.0h    1.0h  ok
arb scanner (§0.75b)        0.0h    0.5h  ok
coinglass parquet CONTENT     23.0h   48.0h  ok
coinglass parquets          3.3h   48.0h  ok
daily collect log           3.3h   30.0h  ok
portfolio clocks           45.8h  195.0h  ok
tracked signals             5.3h  336.0h  ok

0 red / 26 tracked
freshness board — 2026-09-02 05:20 UTC
artifact                    age   limit  status
bat-train heartbeat         0.2h    2.5h  ok
sweep shadow log            0.2h    2.5h  ok
kline caches                0.3h    3.5h  ok
weather station row         0.1h    2.5h  ok
raid signals row            0.1h    2.5h  ok
v7 veto clock row           0.2h    2.5h  ok
raid outcomes row           1.2h    2.5h  ok
basis obs (§0.91)         MISSING    1.0h  RED  <-- Bitget in-venue basis recorder (10-min cadence; 6 missed = d
ops board row               0.2h    2.5h  ok
arb status row              0.2h    2.5h  ok
prereg board row            0.2h    2.5h  ok
degradation guard           0.3h    2.5h  ok
indicator bars              1.3h    2.5h  ok
okx balance snapshots       0.0h    1.5h  ok
cloud train parity          0.2h    2.5h  ok
arb recorder (§0.75)        0.0h    1.0h  ok
arb recorder NBIS (§0.75)      0.0h    1.0h  ok
arb recorder ANTH (§0.75)      0.0h    1.0h  ok
arb recorder BTC (§0.75)      0.0h    1.0h  ok
arb recorder ZEC (§0.75)      0.0h    1.0h  ok
arb recorder NEAR (§0.75)      0.0h    1.0h  ok
arb recorder HYPE (§0.75)      0.0h    1.0h  ok
arb scanner (§0.75b)        0.0h    0.5h  ok
coinglass parquet CONTENT     29.0h   48.0h  ok
coinglass parquets          9.3h   48.0h  ok
daily collect log           9.3h   30.0h  ok
freshness board self        3.6h    7.0h  ok
revalidation report       672.7h  840.0h  ok
portfolio clocks           51.8h  195.0h  ok
tracked signals            11.3h  336.0h  ok

1 red / 30 tracked: basis obs (§0.91)
alert DELIVERED: Freshness board transition:
  RED: basis obs (§0.91) (age MISSING, limit 1h) — Bitget in-venue basis recorder (10-min cadence; 6 missed = dead)
freshness board — 2026-09-02 11:20 UTC
artifact                    age   limit  status
bat-train heartbeat         0.2h    2.5h  ok
sweep shadow log            0.2h    2.5h  ok
kline caches                0.3h    3.5h  ok
weather station row         0.1h    2.5h  ok
raid signals row            0.1h    2.5h  ok
v7 veto clock row           0.2h    2.5h  ok
raid outcomes row           0.2h    2.5h  ok
basis obs (§0.91)         MISSING    1.0h  RED  <-- Bitget in-venue basis recorder (10-min cadence; 6 missed = d
ops board row               0.2h    2.5h  ok
arb status row              0.2h    2.5h  ok
prereg board row            0.2h    2.5h  ok
degradation guard           0.3h    2.5h  ok
indicator bars              1.3h    2.5h  ok
okx balance snapshots       0.0h    1.5h  ok
cloud train parity          0.2h    2.5h  ok
arb recorder (§0.75)        0.0h    1.0h  ok
arb recorder NBIS (§0.75)      0.0h    1.0h  ok
arb recorder ANTH (§0.75)      0.0h    1.0h  ok
arb recorder BTC (§0.75)      0.0h    1.0h  ok
arb recorder ZEC (§0.75)      0.0h    1.0h  ok
arb recorder NEAR (§0.75)      0.0h    1.0h  ok
arb recorder HYPE (§0.75)      0.0h    1.0h  ok
arb scanner (§0.75b)        0.0h    0.5h  ok
coinglass parquet CONTENT     35.0h   48.0h  ok
coinglass parquets         15.3h   48.0h  ok
daily collect log          15.3h   30.0h  ok
freshness board self        6.0h    7.0h  ok
revalidation report       678.7h  840.0h  ok
portfolio clocks           57.8h  195.0h  ok
tracked signals             1.3h  336.0h  ok

1 red / 30 tracked: basis obs (§0.91)
freshness board — 2026-09-02 17:20 UTC
artifact                    age   limit  status
bat-train heartbeat         0.2h    2.5h  ok
sweep shadow log            0.2h    2.5h  ok
kline caches                0.3h    3.5h  ok
weather station row         0.1h    2.5h  ok
raid signals row            0.1h    2.5h  ok
v7 veto clock row           0.2h    2.5h  ok
raid outcomes row           3.2h    2.5h  RED  <-- skip-vs-taken scoring surface; silent staleness = consumer s
basis obs (§0.91)         MISSING    1.0h  RED  <-- Bitget in-venue basis recorder (10-min cadence; 6 missed = d
ops board row               0.2h    2.5h  ok
arb status row              0.2h    2.5h  ok
prereg board row            0.2h    2.5h  ok
degradation guard           0.1h    2.5h  ok
indicator bars              1.3h    2.5h  ok
okx balance snapshots       0.0h    1.5h  ok
cloud train parity          0.1h    2.5h  ok
arb recorder (§0.75)        0.0h    1.0h  ok
arb recorder NBIS (§0.75)      0.0h    1.0h  ok
arb recorder ANTH (§0.75)      0.0h    1.0h  ok
arb recorder BTC (§0.75)      0.0h    1.0h  ok
arb recorder ZEC (§0.75)      0.0h    1.0h  ok
arb recorder NEAR (§0.75)      0.0h    1.0h  ok
arb recorder HYPE (§0.75)      0.0h    1.0h  ok
arb scanner (§0.75b)        0.0h    0.5h  ok
coinglass parquet CONTENT     41.0h   48.0h  ok
coinglass parquets         21.3h   48.0h  ok
daily collect log          21.3h   30.0h  ok
freshness board self        6.0h    7.0h  ok
revalidation report       684.7h  840.0h  ok
portfolio clocks           63.8h  195.0h  ok
tracked signals             7.3h  336.0h  ok

2 red / 30 tracked: raid outcomes row, basis obs (§0.91)
alert DELIVERED: Freshness board transition:
  RED: raid outcomes row (age 3.2h, limit 2h) — skip-vs-taken scoring surface; silent staleness = consumer silently scores against stale outcomes
freshness board — 2026-09-02 23:20 UTC
artifact                    age   limit  status
bat-train heartbeat         0.2h    2.5h  ok
sweep shadow log            0.2h    2.5h  ok
kline caches                0.3h    3.5h  ok
weather station row         0.1h    2.5h  ok
raid signals row            0.1h    2.5h  ok
v7 veto clock row           0.2h    2.5h  ok
raid outcomes row           0.2h    2.5h  ok
basis obs (§0.91)         MISSING    1.0h  RED  <-- Bitget in-venue basis recorder (10-min cadence; 6 missed = d
ops board row               0.2h    2.5h  ok
arb status row              0.2h    2.5h  ok
prereg board row            0.2h    2.5h  ok
degradation guard           0.3h    2.5h  ok
indicator bars              1.3h    2.5h  ok
okx balance snapshots       0.0h    1.5h  ok
cloud train parity          0.2h    2.5h  ok
arb recorder (§0.75)        0.0h    1.0h  ok
arb recorder NBIS (§0.75)      0.0h    1.0h  ok
arb recorder ANTH (§0.75)      0.0h    1.0h  ok
arb recorder BTC (§0.75)      0.0h    1.0h  ok
arb recorder ZEC (§0.75)      0.0h    1.0h  ok
arb recorder NEAR (§0.75)      0.0h    1.0h  ok
arb recorder HYPE (§0.75)      0.0h    1.0h  ok
arb scanner (§0.75b)        0.0h    0.5h  ok
coinglass parquet CONTENT     23.0h   48.0h  ok
coinglass parquets          3.3h   48.0h  ok
daily collect log           3.3h   30.0h  ok
freshness board self        6.0h    7.0h  ok
revalidation report       690.7h  840.0h  ok
portfolio clocks           69.8h  195.0h  ok
tracked signals             2.3h  336.0h  ok

1 red / 30 tracked: basis obs (§0.91)
alert DELIVERED: Freshness board transition:
  recovered: raid outcomes row
freshness board — 2026-09-03 05:20 UTC
artifact                    age   limit  status
bat-train heartbeat         0.2h    2.5h  ok
sweep shadow log            0.2h    2.5h  ok
kline caches                0.2h    3.5h  ok
weather station row         0.1h    2.5h  ok
raid signals row            0.1h    2.5h  ok
v7 veto clock row           0.2h    2.5h  ok
raid outcomes row           1.2h    2.5h  ok
basis obs (§0.91)         MISSING    1.0h  RED  <-- Bitget in-venue basis recorder (10-min cadence; 6 missed = d
ops board row               0.2h    2.5h  ok
arb status row              0.2h    2.5h  ok
prereg board row            0.2h    2.5h  ok
degradation guard           0.3h    2.5h  ok
indicator bars              1.3h    2.5h  ok
okx balance snapshots       0.0h    1.5h  ok
cloud train parity          0.2h    2.5h  ok
arb recorder (§0.75)        0.0h    1.0h  ok
arb recorder NBIS (§0.75)      0.0h    1.0h  ok
arb recorder ANTH (§0.75)      0.0h    1.0h  ok
arb recorder BTC (§0.75)      0.0h    1.0h  ok
arb recorder ZEC (§0.75)      0.0h    1.0h  ok
arb recorder NEAR (§0.75)      0.0h    1.0h  ok
arb recorder HYPE (§0.75)      0.0h    1.0h  ok
arb scanner (§0.75b)        0.0h    0.5h  ok
coinglass parquet CONTENT     29.0h   48.0h  ok
coinglass parquets          9.3h   48.0h  ok
daily collect log           9.3h   30.0h  ok
freshness board self        6.0h    7.0h  ok
revalidation report       696.7h  840.0h  ok
portfolio clocks           75.8h  195.0h  ok
tracked signals             2.3h  336.0h  ok

1 red / 30 tracked: basis obs (§0.91)
freshness board — 2026-09-03 11:20 UTC
artifact                    age   limit  status
bat-train heartbeat         0.2h    2.5h  ok
sweep shadow log            0.2h    2.5h  ok
kline caches                0.2h    3.5h  ok
weather station row         0.1h    2.5h  ok
raid signals row            0.1h    2.5h  ok
v7 veto clock row           0.2h    2.5h  ok
raid outcomes row           0.2h    2.5h  ok
basis obs (§0.91)         MISSING    1.0h  RED  <-- Bitget in-venue basis recorder (10-min cadence; 6 missed = d
ops board row               0.2h    2.5h  ok
arb status row              0.0h    2.5h  ok
prereg board row            0.2h    2.5h  ok
degradation guard           0.1h    2.5h  ok
indicator bars              1.3h    2.5h  ok
okx balance snapshots       0.0h    1.5h  ok
cloud train parity          0.1h    2.5h  ok
arb recorder (§0.75)        0.0h    1.0h  ok
arb recorder NBIS (§0.75)      0.0h    1.0h  ok
arb recorder ANTH (§0.75)      0.0h    1.0h  ok
arb recorder BTC (§0.75)      0.0h    1.0h  ok
arb recorder ZEC (§0.75)      0.0h    1.0h  ok
arb recorder NEAR (§0.75)      0.0h    1.0h  ok
arb recorder HYPE (§0.75)      0.0h    1.0h  ok
arb scanner (§0.75b)        0.0h    0.5h  ok
coinglass parquet CONTENT     35.0h   48.0h  ok
coinglass parquets         15.3h   48.0h  ok
daily collect log          15.3h   30.0h  ok
freshness board self        6.0h    7.0h  ok
revalidation report       702.7h  840.0h  ok
portfolio clocks           81.8h  195.0h  ok
tracked signals             6.3h  336.0h  ok

1 red / 30 tracked: basis obs (§0.91)
freshness board — 2026-09-03 17:20 UTC
artifact                    age   limit  status
bat-train heartbeat         0.2h    2.5h  ok
sweep shadow log            0.2h    2.5h  ok
kline caches                0.2h    3.5h  ok
weather station row         0.1h    2.5h  ok
raid signals row            0.1h    2.5h  ok
v7 veto clock row           0.2h    2.5h  ok
raid outcomes row           0.2h    2.5h  ok
basis obs (§0.91)           0.2h    2.5h  ok
v7 export pipe (§0.81)      0.2h    2.5h  ok
ops board row               0.2h    2.5h  ok
arb status row              0.2h    2.5h  ok
prereg board row            0.2h    2.5h  ok
degradation guard           0.3h    2.5h  ok
indicator bars              1.3h    2.5h  ok
okx balance snapshots       0.0h    1.5h  ok
cloud train parity          0.2h    2.5h  ok
arb recorder (§0.75)        0.0h    1.0h  ok
arb recorder NBIS (§0.75)      0.0h    1.0h  ok
arb recorder ANTH (§0.75)      0.0h    1.0h  ok
arb recorder BTC (§0.75)      0.0h    1.0h  ok
arb recorder ZEC (§0.75)      0.0h    1.0h  ok
arb recorder NEAR (§0.75)      0.0h    1.0h  ok
arb recorder HYPE (§0.75)      0.0h    1.0h  ok
arb recorder GOLD_LL (§1.02)      0.0h    1.0h  ok
arb recorder NVDA_LL (§1.02)      0.0h    1.0h  ok
arb scanner (§0.75b)        0.0h    0.5h  ok
coinglass parquet CONTENT     41.0h   48.0h  ok
coinglass parquets         21.3h   48.0h  ok
daily collect log          21.3h   30.0h  ok
freshness board self        0.4h    7.0h  ok
revalidation report       708.7h  840.0h  ok
portfolio clocks           87.8h  195.0h  ok
tracked signals            12.3h  336.0h  ok

0 red / 33 tracked
freshness board — 2026-09-03 23:20 UTC
artifact                    age   limit  status
bat-train heartbeat         0.2h    2.5h  ok
sweep shadow log            0.2h    2.5h  ok
kline caches                0.2h    3.5h  ok
weather station row         0.1h    2.5h  ok
raid signals row            0.1h    2.5h  ok
v7 veto clock row           0.2h    2.5h  ok
raid outcomes row           0.2h    2.5h  ok
basis obs (§0.91)           0.2h    2.5h  ok
v7 export pipe (§0.81)      0.2h    2.5h  ok
ops board row               0.2h    2.5h  ok
arb status row              0.2h    2.5h  ok
prereg board row            0.2h    2.5h  ok
degradation guard           0.3h    2.5h  ok
indicator bars              1.3h    2.5h  ok
okx balance snapshots       0.0h    1.5h  ok
cloud train parity          0.2h    2.5h  ok
arb recorder (§0.75)        0.0h    1.0h  ok
arb recorder NBIS (§0.75)      0.0h    1.0h  ok
arb recorder ANTH (§0.75)      0.0h    1.0h  ok
arb recorder BTC (§0.75)      0.0h    1.0h  ok
arb recorder ZEC (§0.75)      0.0h    1.0h  ok
arb recorder NEAR (§0.75)      0.0h    1.0h  ok
arb recorder HYPE (§0.75)      0.0h    1.0h  ok
arb recorder GOLD_LL (§1.02)      0.0h    1.0h  ok
arb recorder NVDA_LL (§1.02)      0.0h    1.0h  ok
arb scanner (§0.75b)        0.0h    0.5h  ok
coinglass parquet CONTENT     23.0h   48.0h  ok
coinglass parquets          3.3h   48.0h  ok
daily collect log           3.3h   30.0h  ok
freshness board self        6.0h    7.0h  ok
revalidation report       714.7h  840.0h  ok
portfolio clocks           93.8h  195.0h  ok
tracked signals            18.3h  336.0h  ok

0 red / 33 tracked
freshness board — 2026-09-04 05:20 UTC
artifact                    age   limit  status
bat-train heartbeat         0.2h    2.5h  ok
sweep shadow log            0.2h    2.5h  ok
kline caches                0.2h    3.5h  ok
weather station row         0.1h    2.5h  ok
raid signals row            0.1h    2.5h  ok
v7 veto clock row           0.2h    2.5h  ok
raid outcomes row           0.2h    2.5h  ok
basis obs (§0.91)           0.2h    2.5h  ok
v7 export pipe (§0.81)      0.2h    2.5h  ok
ops board row               0.2h    2.5h  ok
arb status row              0.2h    2.5h  ok
prereg board row            0.2h    2.5h  ok
degradation guard           0.3h    2.5h  ok
indicator bars              1.3h    2.5h  ok
okx balance snapshots       0.0h    1.5h  ok
cloud train parity          0.2h    2.5h  ok
arb recorder (§0.75)        0.0h    1.0h  ok
arb recorder NBIS (§0.75)      0.0h    1.0h  ok
arb recorder ANTH (§0.75)      0.0h    1.0h  ok
arb recorder BTC (§0.75)      0.0h    1.0h  ok
arb recorder ZEC (§0.75)      0.0h    1.0h  ok
arb recorder NEAR (§0.75)      0.0h    1.0h  ok
arb recorder HYPE (§0.75)      0.0h    1.0h  ok
arb recorder GOLD_LL (§1.02)      0.0h    1.0h  ok
arb recorder NVDA_LL (§1.02)      0.0h    1.0h  ok
arb scanner (§0.75b)        0.0h    0.5h  ok
coinglass parquet CONTENT     29.0h   48.0h  ok
coinglass parquets          9.3h   48.0h  ok
daily collect log           9.3h   30.0h  ok
freshness board self        1.9h    7.0h  ok
revalidation report       720.7h  840.0h  ok
portfolio clocks           99.8h  195.0h  ok
tracked signals             3.3h  336.0h  ok

0 red / 33 tracked
freshness board — 2026-09-04 11:20 UTC
artifact                    age   limit  status
bat-train heartbeat         0.2h    2.5h  ok
sweep shadow log            0.2h    2.5h  ok
kline caches                0.2h    3.5h  ok
weather station row         0.1h    2.5h  ok
raid signals row            0.1h    2.5h  ok
v7 veto clock row           0.2h    2.5h  ok
raid outcomes row           1.2h    2.5h  ok
basis obs (§0.91)           0.2h    2.5h  ok
v7 export pipe (§0.81)      0.2h    2.5h  ok
ops board row               0.2h    2.5h  ok
arb status row              0.2h    2.5h  ok
prereg board row            0.2h    2.5h  ok
degradation guard           0.3h    2.5h  ok
indicator bars              1.3h    2.5h  ok
okx balance snapshots       0.0h    1.5h  ok
cloud train parity          0.2h    2.5h  ok
arb recorder (§0.75)        0.0h    1.0h  ok
arb recorder NBIS (§0.75)      0.0h    1.0h  ok
arb recorder ANTH (§0.75)      0.0h    1.0h  ok
arb recorder BTC (§0.75)      0.0h    1.0h  ok
arb recorder ZEC (§0.75)      0.0h    1.0h  ok
arb recorder NEAR (§0.75)      0.0h    1.0h  ok
arb recorder HYPE (§0.75)      0.0h    1.0h  ok
arb recorder GOLD_LL (§1.02)      0.0h    1.0h  ok
arb recorder NVDA_LL (§1.02)      0.0h    1.0h  ok
arb scanner (§0.75b)        0.0h    0.5h  ok
coinglass parquet CONTENT     35.0h   48.0h  ok
coinglass parquets         15.3h   48.0h  ok
daily collect log          15.3h   30.0h  ok
freshness board self        1.2h    7.0h  ok
revalidation report       726.7h  840.0h  ok
portfolio clocks          105.8h  195.0h  ok
tracked signals             9.3h  336.0h  ok

0 red / 33 tracked
freshness board — 2026-09-04 17:20 UTC
artifact                    age   limit  status
bat-train heartbeat         0.2h    2.5h  ok
sweep shadow log            0.2h    2.5h  ok
kline caches                0.2h    3.5h  ok
weather station row         0.1h    2.5h  ok
raid signals row            0.1h    2.5h  ok
v7 veto clock row           0.2h    2.5h  ok
raid outcomes row           4.2h    2.5h  RED  <-- skip-vs-taken scoring surface; silent staleness = consumer s
basis obs (§0.91)           0.2h    2.5h  ok
v7 export pipe (§0.81)      0.2h    2.5h  ok
ops board row               0.2h    2.5h  ok
arb status row              0.2h    2.5h  ok
prereg board row            0.2h    2.5h  ok
degradation guard           0.1h    2.5h  ok
indicator bars              1.3h    2.5h  ok
okx balance snapshots       0.0h    1.5h  ok
cloud train parity          0.0h    2.5h  ok
arb recorder (§0.75)        0.0h    1.0h  ok
arb recorder NBIS (§0.75)      0.0h    1.0h  ok
arb recorder ANTH (§0.75)      0.0h    1.0h  ok
arb recorder BTC (§0.75)      0.0h    1.0h  ok
arb recorder ZEC (§0.75)      0.0h    1.0h  ok
arb recorder NEAR (§0.75)      0.0h    1.0h  ok
arb recorder HYPE (§0.75)      0.0h    1.0h  ok
arb recorder GOLD_LL (§1.02)      0.0h    1.0h  ok
arb recorder NVDA_LL (§1.02)      0.0h    1.0h  ok
arb scanner (§0.75b)        0.0h    0.5h  ok
coinglass parquet CONTENT     41.0h   48.0h  ok
coinglass parquets         21.3h   48.0h  ok
daily collect log          21.3h   30.0h  ok
freshness board self        5.1h    7.0h  ok
revalidation report       732.7h  840.0h  ok
portfolio clocks            3.9h  195.0h  ok
tracked signals             5.3h  336.0h  ok

1 red / 33 tracked: raid outcomes row
alert DELIVERED: Freshness board transition:
  RED: raid outcomes row (age 4.2h, limit 2h) — skip-vs-taken scoring surface; silent staleness = consumer silently scores against stale outcomes
freshness board — 2026-09-04 23:20 UTC
artifact                    age   limit  status
bat-train heartbeat         0.2h    2.5h  ok
sweep shadow log            0.2h    2.5h  ok
kline caches                0.2h    3.5h  ok
weather station row         0.1h    2.5h  ok
raid signals row            0.1h    2.5h  ok
v7 veto clock row           0.2h    2.5h  ok
raid outcomes row           1.2h    2.5h  ok
basis obs (§0.91)           0.2h    2.5h  ok
v7 export pipe (§0.81)      0.2h    2.5h  ok
ops board row               0.2h    2.5h  ok
arb status row              0.2h    2.5h  ok
prereg board row            0.2h    2.5h  ok
degradation guard           0.3h    2.5h  ok
indicator bars              1.3h    2.5h  ok
okx balance snapshots       0.0h    1.5h  ok
cloud train parity          0.2h    2.5h  ok
arb recorder (§0.75)        0.0h    1.0h  ok
arb recorder NBIS (§0.75)      0.0h    1.0h  ok
arb recorder ANTH (§0.75)      0.0h    1.0h  ok
arb recorder BTC (§0.75)      0.0h    1.0h  ok
arb recorder ZEC (§0.75)      0.0h    1.0h  ok
arb recorder NEAR (§0.75)      0.0h    1.0h  ok
arb recorder HYPE (§0.75)      0.0h    1.0h  ok
arb recorder GOLD_LL (§1.02)      0.0h    1.0h  ok
arb recorder NVDA_LL (§1.02)      0.0h    1.0h  ok
arb scanner (§0.75b)        0.0h    0.5h  ok
coinglass parquet CONTENT     23.0h   48.0h  ok
coinglass parquets          3.3h   48.0h  ok
daily collect log           3.3h   30.0h  ok
freshness board self        6.0h    7.0h  ok
revalidation report       738.7h  840.0h  ok
portfolio clocks            9.9h  195.0h  ok
tracked signals             4.3h  336.0h  ok

0 red / 33 tracked
alert DELIVERED: Freshness board transition:
  recovered: raid outcomes row
freshness board — 2026-09-05 05:20 UTC
artifact                    age   limit  status
bat-train heartbeat         0.2h    2.5h  ok
sweep shadow log            0.2h    2.5h  ok
kline caches                0.2h    3.5h  ok
weather station row         0.1h    2.5h  ok
raid signals row            0.1h    2.5h  ok
v7 veto clock row           0.2h    2.5h  ok
raid outcomes row           1.2h    2.5h  ok
basis obs (§0.91)           0.2h    2.5h  ok
gex snapshots (§0.88d)      0.3h    2.5h  ok
gex recorder flag (§0.88d)      0.2h    2.5h  ok
v7 export pipe (§0.81)      0.2h    2.5h  ok
ops board row               0.2h    2.5h  ok
arb status row              0.2h    2.5h  ok
prereg board row            0.2h    2.5h  ok
degradation guard           0.3h    2.5h  ok
indicator bars              1.3h    2.5h  ok
okx balance snapshots       0.0h    1.5h  ok
cloud train parity          0.2h    2.5h  ok
arb recorder (§0.75)        0.0h    1.0h  ok
arb recorder NBIS (§0.75)      0.0h    1.0h  ok
arb recorder ANTH (§0.75)      0.0h    1.0h  ok
arb recorder BTC (§0.75)      0.0h    1.0h  ok
arb recorder ZEC (§0.75)      0.0h    1.0h  ok
arb recorder NEAR (§0.75)      0.0h    1.0h  ok
arb recorder HYPE (§0.75)      0.0h    1.0h  ok
arb recorder GOLD_LL (§1.02)      0.0h    1.0h  ok
arb recorder NVDA_LL (§1.02)      0.0h    1.0h  ok
arb scanner (§0.75b)        0.0h    0.5h  ok
coinglass parquet CONTENT     29.0h   48.0h  ok
coinglass parquets          9.3h   48.0h  ok
daily collect log           3.7h   30.0h  ok
freshness board self        3.7h    7.0h  ok
revalidation report         4.3h  840.0h  ok
portfolio clocks           15.9h  195.0h  ok
tracked signals             1.3h  336.0h  ok

0 red / 35 tracked
alert DELIVERED: Freshness board transition:
  recovered: gex recorder flag (§0.88d)
freshness board — 2026-09-05 11:20 UTC
artifact                    age   limit  status
bat-train heartbeat         0.2h    2.5h  ok
sweep shadow log            0.2h    2.5h  ok
kline caches                0.2h    3.5h  ok
weather station row         0.1h    2.5h  ok
raid signals row            0.1h    2.5h  ok
v7 veto clock row           0.2h    2.5h  ok
raid outcomes row           0.2h    2.5h  ok
basis obs (§0.91)           0.2h    2.5h  ok
gex snapshots (§0.88d)      0.3h    2.5h  ok
gex recorder flag (§0.88d)      0.2h    2.5h  ok
liq recorder flag (路徑C)      0.0h    1.0h  ok
lighter recorder flag (路徑A)      0.0h    1.0h  ok
v7 export pipe (§0.81)      0.2h    2.5h  ok
ops board row               0.2h    2.5h  ok
arb status row              0.2h    2.5h  ok
prereg board row            0.2h    2.5h  ok
degradation guard           0.3h    2.5h  ok
indicator bars              1.3h    2.5h  ok
okx balance snapshots       2.8h    1.5h  RED  <-- executor WS alive — the aliveness signal per mistake 2026-07
cloud train parity          0.2h    2.5h  ok
arb recorder (§0.75)        0.0h    1.0h  ok
arb recorder NBIS (§0.75)      0.0h    1.0h  ok
arb recorder ANTH (§0.75)      0.0h    1.0h  ok
arb recorder BTC (§0.75)      0.0h    1.0h  ok
arb recorder ZEC (§0.75)      0.0h    1.0h  ok
arb recorder NEAR (§0.75)      0.0h    1.0h  ok
arb recorder HYPE (§0.75)      0.0h    1.0h  ok
arb recorder GOLD_LL (§1.02)      0.0h    1.0h  ok
arb recorder NVDA_LL (§1.02)      0.0h    1.0h  ok
arb scanner (§0.75b)        0.0h    0.5h  ok
coinglass parquet CONTENT     35.0h   48.0h  ok
coinglass parquets         15.3h   48.0h  ok
daily collect log           9.7h   30.0h  ok
freshness board self        5.9h    7.0h  ok
revalidation report        10.3h  840.0h  ok
portfolio clocks           21.9h  195.0h  ok
tracked signals             1.3h  336.0h  ok

1 red / 37 tracked: okx balance snapshots
[TG-CUTOVER] blocked outbound telegram from okx.send_critical (帳號遭盜用 2026-09-05；設 TELEGRAM_REENABLE=I_ROTATED_ALL_TOKENS 才恢復)
[WARN] freshness alert NOT delivered: Freshness board transition:
  RED: okx balance snapshots (age 2.8h, limit 2h) — executor WS alive — the aliveness signal per mistake 2026-07-28
freshness board — 2026-09-05 17:20 UTC
artifact                    age   limit  status
bat-train heartbeat         0.2h    2.5h  ok
sweep shadow log            0.2h    2.5h  ok
kline caches                0.2h    3.5h  ok
weather station row         0.1h    2.5h  ok
raid signals row            0.1h    2.5h  ok
v7 veto clock row           0.2h    2.5h  ok
raid outcomes row           0.2h    2.5h  ok
basis obs (§0.91)           0.2h    2.5h  ok
gex snapshots (§0.88d)      0.3h    2.5h  ok
gex recorder flag (§0.88d)      0.2h    2.5h  ok
liq recorder flag (路徑C)      0.0h    1.0h  ok
lighter recorder flag (路徑A)      0.0h    1.0h  ok
v7 export pipe (§0.81)      0.2h    2.5h  ok
ops board row               0.2h    2.5h  ok
arb status row              0.2h    2.5h  ok
prereg board row            0.2h    2.5h  ok
degradation guard           0.3h    2.5h  ok
indicator bars              1.3h    2.5h  ok
okx balance snapshots       8.8h    1.5h  RED  <-- executor WS alive — the aliveness signal per mistake 2026-07
cloud train parity          0.2h    2.5h  ok
arb recorder (§0.75)        0.0h    1.0h  ok
arb recorder NBIS (§0.75)      0.0h    1.0h  ok
arb recorder ANTH (§0.75)      0.0h    1.0h  ok
arb recorder BTC (§0.75)      0.0h    1.0h  ok
arb recorder ZEC (§0.75)      0.0h    1.0h  ok
arb recorder NEAR (§0.75)      0.0h    1.0h  ok
arb recorder HYPE (§0.75)      0.0h    1.0h  ok
arb recorder GOLD_LL (§1.02)      0.0h    1.0h  ok
arb recorder NVDA_LL (§1.02)      0.0h    1.0h  ok
arb scanner (§0.75b)        0.0h    0.5h  ok
coinglass parquet CONTENT     41.0h   48.0h  ok
coinglass parquets         21.3h   48.0h  ok
daily collect log          15.7h   30.0h  ok
freshness board self        6.0h    7.0h  ok
revalidation report        16.3h  840.0h  ok
portfolio clocks           27.9h  195.0h  ok
tracked signals             6.3h  336.0h  ok

1 red / 37 tracked: okx balance snapshots
freshness board — 2026-09-05 23:20 UTC
artifact                    age   limit  status
bat-train heartbeat         0.2h    2.5h  ok
sweep shadow log            0.2h    2.5h  ok
kline caches                0.2h    3.5h  ok
weather station row         0.1h    2.5h  ok
raid signals row            0.1h    2.5h  ok
v7 veto clock row           0.2h    2.5h  ok
raid outcomes row           0.2h    2.5h  ok
basis obs (§0.91)           0.2h    2.5h  ok
gex snapshots (§0.88d)      0.3h    2.5h  ok
gex recorder flag (§0.88d)      0.2h    2.5h  ok
liq recorder flag (路徑C)      0.0h    1.0h  ok
lighter recorder flag (路徑A)      0.0h    1.0h  ok
v7 export pipe (§0.81)      0.2h    2.5h  ok
ops board row               0.2h    2.5h  ok
arb status row              0.2h    2.5h  ok
prereg board row            0.2h    2.5h  ok
degradation guard           0.3h    2.5h  ok
indicator bars              1.3h    2.5h  ok
okx balance snapshots      14.8h    1.5h  RED  <-- executor WS alive — the aliveness signal per mistake 2026-07
cloud train parity          0.2h    2.5h  ok
arb recorder (§0.75)        0.0h    1.0h  ok
arb recorder NBIS (§0.75)      0.0h    1.0h  ok
arb recorder ANTH (§0.75)      0.0h    1.0h  ok
arb recorder BTC (§0.75)      0.0h    1.0h  ok
arb recorder ZEC (§0.75)      0.0h    1.0h  ok
arb recorder NEAR (§0.75)      0.0h    1.0h  ok
arb recorder HYPE (§0.75)      0.0h    1.0h  ok
arb recorder GOLD_LL (§1.02)      0.0h    1.0h  ok
arb recorder NVDA_LL (§1.02)      0.0h    1.0h  ok
arb scanner (§0.75b)        0.0h    0.5h  ok
coinglass parquet CONTENT     23.0h   48.0h  ok
coinglass parquets          3.3h   48.0h  ok
daily collect log           3.3h   30.0h  ok
freshness board self        6.0h    7.0h  ok
revalidation report        22.3h  840.0h  ok
portfolio clocks           33.9h  195.0h  ok
tracked signals            12.3h  336.0h  ok

1 red / 37 tracked: okx balance snapshots
freshness board — 2026-09-06 05:20 UTC
artifact                    age   limit  status
bat-train heartbeat         0.2h    2.5h  ok
sweep shadow log            0.2h    2.5h  ok
kline caches                0.2h    3.5h  ok
weather station row         0.1h    2.5h  ok
raid signals row            0.1h    2.5h  ok
v7 veto clock row           0.2h    2.5h  ok
raid outcomes row           0.2h    2.5h  ok
basis obs (§0.91)           0.2h    2.5h  ok
gex snapshots (§0.88d)      0.3h    2.5h  ok
gex recorder flag (§0.88d)      0.2h    2.5h  ok
v7 Q2 clock json (§0.60)      0.2h    2.5h  ok
sweep_forward gate json (Gate F)      2.6h  864.0h  ok
liq recorder flag (路徑C)      0.0h    1.0h  ok
lighter recorder flag (路徑A)      0.0h    1.0h  ok
v7 export pipe (§0.81)      0.2h    2.5h  ok
ops board row               0.2h    2.5h  ok
arb status row              0.2h    2.5h  ok
prereg board row            0.2h    2.5h  ok
degradation guard           0.3h    2.5h  ok
indicator bars              1.3h    2.5h  ok
okx balance snapshots (retired 09-06)     20.8h 87600.0h  ok
cloud train parity          0.2h    2.5h  ok
arb recorder (§0.75)        0.0h    1.0h  ok
arb recorder NBIS (§0.75)      0.0h    1.0h  ok
arb recorder ANTH (§0.75)      0.0h    1.0h  ok
arb recorder BTC (§0.75)      0.0h    1.0h  ok
arb recorder ZEC (§0.75)      0.0h    1.0h  ok
arb recorder NEAR (§0.75)      0.0h    1.0h  ok
arb recorder HYPE (§0.75)      0.0h    1.0h  ok
arb recorder GOLD_LL (§1.02)      0.0h    1.0h  ok
arb recorder NVDA_LL (§1.02)      0.0h    1.0h  ok
arb scanner (§0.75b)        0.0h    0.5h  ok
coinglass parquet CONTENT     29.0h   48.0h  ok
coinglass parquets          9.3h   48.0h  ok
daily collect log           9.3h   30.0h  ok
freshness board self        1.9h    7.0h  ok
revalidation report        28.3h  840.0h  ok
portfolio clocks           39.9h  195.0h  ok
tracked signals            18.3h  336.0h  ok

0 red / 39 tracked
freshness board — 2026-09-06 11:20 UTC
artifact                    age   limit  status
bat-train heartbeat         0.2h    2.5h  ok
sweep shadow log            0.2h    2.5h  ok
kline caches                0.2h    3.5h  ok
weather station row         0.1h    2.5h  ok
raid signals row            0.1h    2.5h  ok
v7 veto clock row           0.2h    2.5h  ok
raid outcomes row           0.2h    2.5h  ok
basis obs (§0.91)           0.2h    2.5h  ok
gex snapshots (§0.88d)      0.3h    2.5h  ok
gex recorder flag (§0.88d)      0.2h    2.5h  ok
v7 Q2 clock json (§0.60)      0.2h    2.5h  ok
sweep_forward gate json (Gate F)      8.6h  864.0h  ok
liq recorder flag (路徑C)      0.0h    1.0h  ok
lighter recorder flag (路徑A)      0.0h    1.0h  ok
v7 export pipe (§0.81)      0.2h    2.5h  ok
ops board row               0.2h    2.5h  ok
arb status row              0.2h    2.5h  ok
prereg board row            0.2h    2.5h  ok
degradation guard           0.3h    2.5h  ok
indicator bars              1.3h    2.5h  ok
okx balance snapshots (retired 09-06)     26.8h 87600.0h  ok
cloud train parity          0.2h    2.5h  ok
arb recorder (§0.75)        0.0h    1.0h  ok
arb recorder NBIS (§0.75)      0.0h    1.0h  ok
arb recorder ANTH (§0.75)      0.0h    1.0h  ok
arb recorder BTC (§0.75)      0.0h    1.0h  ok
arb recorder ZEC (§0.75)      0.0h    1.0h  ok
arb recorder NEAR (§0.75)      0.0h    1.0h  ok
arb recorder HYPE (§0.75)      0.0h    1.0h  ok
arb recorder GOLD_LL (§1.02)      0.0h    1.0h  ok
arb recorder NVDA_LL (§1.02)      0.0h    1.0h  ok
arb scanner (§0.75b)        0.0h    0.5h  ok
coinglass parquet CONTENT     35.0h   48.0h  ok
coinglass parquets         15.3h   48.0h  ok
daily collect log          15.3h   30.0h  ok
freshness board self        6.0h    7.0h  ok
revalidation report        34.3h  840.0h  ok
portfolio clocks           45.9h  195.0h  ok
tracked signals            24.3h  336.0h  ok

0 red / 39 tracked
freshness board — 2026-09-06 17:20 UTC
artifact                    age   limit  status
bat-train heartbeat         0.2h    2.5h  ok
sweep shadow log            0.2h    2.5h  ok
kline caches                0.2h    3.5h  ok
weather station row         0.1h    2.5h  ok
raid signals row            0.1h    2.5h  ok
v7 veto clock row           0.2h    2.5h  ok
raid outcomes row           0.2h    2.5h  ok
basis obs (§0.91)           0.2h    2.5h  ok
gex snapshots (§0.88d)      0.3h    2.5h  ok
gex recorder flag (§0.88d)      0.2h    2.5h  ok
v7 Q2 clock json (§0.60)      0.2h    2.5h  ok
sweep_forward gate json (Gate F)     14.6h  864.0h  ok
liq recorder flag (路徑C)      0.0h    1.0h  ok
lighter recorder flag (路徑A)      0.0h    1.0h  ok
v7 export pipe (§0.81)      0.2h    2.5h  ok
ops board row               0.2h    2.5h  ok
arb status row              0.2h    2.5h  ok
prereg board row            0.2h    2.5h  ok
degradation guard           0.3h    2.5h  ok
indicator bars              1.3h    2.5h  ok
okx balance snapshots (retired 09-06)     32.8h 87600.0h  ok
cloud train parity          0.2h    2.5h  ok
arb recorder (§0.75)        0.0h    1.0h  ok
arb recorder NBIS (§0.75)      0.0h    1.0h  ok
arb recorder ANTH (§0.75)      0.0h    1.0h  ok
arb recorder BTC (§0.75)      0.0h    1.0h  ok
arb recorder ZEC (§0.75)      0.0h    1.0h  ok
arb recorder NEAR (§0.75)      0.0h    1.0h  ok
arb recorder HYPE (§0.75)      0.0h    1.0h  ok
arb recorder GOLD_LL (§1.02)      0.0h    1.0h  ok
arb recorder NVDA_LL (§1.02)      0.0h    1.0h  ok
arb scanner (§0.75b)        0.0h    0.5h  ok
coinglass parquet CONTENT     41.0h   48.0h  ok
coinglass parquets         21.3h   48.0h  ok
daily collect log          21.3h   30.0h  ok
freshness board self        6.0h    7.0h  ok
revalidation report        40.3h  840.0h  ok
portfolio clocks           51.9h  195.0h  ok
tracked signals             2.3h  336.0h  ok

0 red / 39 tracked
freshness board — 2026-09-06 23:20 UTC
artifact                    age   limit  status
bat-train heartbeat         0.2h    2.5h  ok
sweep shadow log            0.2h    2.5h  ok
kline caches                0.2h    3.5h  ok
weather station row         0.1h    2.5h  ok
raid signals row            0.1h    2.5h  ok
v7 veto clock row           0.2h    2.5h  ok
raid outcomes row           4.2h    2.5h  RED  <-- skip-vs-taken scoring surface; silent staleness = consumer s
basis obs (§0.91)           0.2h    2.5h  ok
gex snapshots (§0.88d)      0.3h    2.5h  ok
gex recorder flag (§0.88d)      0.2h    2.5h  ok
v7 Q2 clock json (§0.60)      0.2h    2.5h  ok
sweep_forward gate json (Gate F)     20.6h  864.0h  ok
liq recorder flag (路徑C)      0.0h    1.0h  ok
lighter recorder flag (路徑A)      0.0h    1.0h  ok
v7 export pipe (§0.81)      0.2h    2.5h  ok
ops board row               0.2h    2.5h  ok
arb status row              0.2h    2.5h  ok
prereg board row            0.2h    2.5h  ok
degradation guard           0.3h    2.5h  ok
indicator bars              1.3h    2.5h  ok
okx balance snapshots (retired 09-06)     38.8h 87600.0h  ok
cloud train parity          0.2h    2.5h  ok
arb recorder (§0.75)        0.0h    1.0h  ok
arb recorder NBIS (§0.75)      0.0h    1.0h  ok
arb recorder ANTH (§0.75)      0.0h    1.0h  ok
arb recorder BTC (§0.75)      0.0h    1.0h  ok
arb recorder ZEC (§0.75)      0.0h    1.0h  ok
arb recorder NEAR (§0.75)      0.0h    1.0h  ok
arb recorder HYPE (§0.75)      0.0h    1.0h  ok
arb recorder GOLD_LL (§1.02)      0.0h    1.0h  ok
arb recorder NVDA_LL (§1.02)      0.0h    1.0h  ok
arb scanner (§0.75b)        0.0h    0.5h  ok
coinglass parquet CONTENT     23.0h   48.0h  ok
coinglass parquets          3.3h   48.0h  ok
daily collect log           3.3h   30.0h  ok
freshness board self        6.0h    7.0h  ok
revalidation report        46.3h  840.0h  ok
portfolio clocks           57.9h  195.0h  ok
tracked signals             6.3h  336.0h  ok

1 red / 39 tracked: raid outcomes row
[TG-CUTOVER] blocked outbound telegram from okx.send_critical (帳號遭盜用 2026-09-05；設 TELEGRAM_REENABLE=I_ROTATED_ALL_TOKENS 才恢復)
[WARN] freshness alert NOT delivered: Freshness board transition:
  RED: raid outcomes row (age 4.2h, limit 2h) — skip-vs-taken scoring surface; silent staleness = consumer silently scores against stale outcomes
freshness board — 2026-09-07 05:20 UTC
artifact                    age   limit  status
bat-train heartbeat         0.2h    2.5h  ok
sweep shadow log            0.2h    2.5h  ok
kline caches                0.2h    3.5h  ok
weather station row         0.1h    2.5h  ok
raid signals row            0.1h    2.5h  ok
v7 veto clock row           0.2h    2.5h  ok
raid outcomes row           1.2h    2.5h  ok
basis obs (§0.91)           0.2h    2.5h  ok
gex snapshots (§0.88d)      0.3h    2.5h  ok
gex recorder flag (§0.88d)      0.2h    2.5h  ok
v7 Q2 clock json (§0.60)      0.2h    2.5h  ok
sweep_forward gate json (Gate F)      3.8h  864.0h  ok
conj clock flag (交會前瞻)      2.1h   30.0h  ok
liq recorder flag (路徑C)      0.0h    1.0h  ok
lighter recorder flag (路徑A)      0.0h    1.0h  ok
v7 export pipe (§0.81)      0.2h    2.5h  ok
ops board row               0.2h    2.5h  ok
arb status row              0.2h    2.5h  ok
prereg board row            0.2h    2.5h  ok
degradation guard           0.3h    2.5h  ok
indicator bars              1.3h    2.5h  ok
okx balance snapshots (retired 09-06)     44.8h 87600.0h  ok
cloud train parity          0.2h    2.5h  ok
arb recorder (§0.75)        0.0h    1.0h  ok
arb recorder NBIS (§0.75)      0.0h    1.0h  ok
arb recorder ANTH (§0.75)      0.0h    1.0h  ok
arb recorder BTC (§0.75)      0.0h    1.0h  ok
arb recorder ZEC (§0.75)      0.0h    1.0h  ok
arb recorder NEAR (§0.75)      0.0h    1.0h  ok
arb recorder HYPE (§0.75)      0.0h    1.0h  ok
arb recorder GOLD_LL (§1.02)      0.0h    1.0h  ok
arb recorder NVDA_LL (§1.02)      0.0h    1.0h  ok
arb scanner (§0.75b)        0.0h    0.5h  ok
coinglass parquet CONTENT     29.0h   48.0h  ok
coinglass parquets          9.3h   48.0h  ok
daily collect log           9.3h   30.0h  ok
freshness board self        2.2h    7.0h  ok
revalidation report        52.3h  840.0h  ok
portfolio clocks            3.7h  195.0h  ok
tracked signals            12.3h  336.0h  ok

0 red / 40 tracked
freshness board — 2026-09-07 11:20 UTC
artifact                    age   limit  status
bat-train heartbeat         0.2h    2.5h  ok
sweep shadow log            0.2h    2.5h  ok
kline caches                0.2h    3.5h  ok
weather station row         0.1h    2.5h  ok
raid signals row            0.1h    2.5h  ok
v7 veto clock row           0.2h    2.5h  ok
raid outcomes row           1.2h    2.5h  ok
basis obs (§0.91)           0.2h    2.5h  ok
gex snapshots (§0.88d)      0.3h    2.5h  ok
gex recorder flag (§0.88d)      0.2h    2.5h  ok
v7 Q2 clock json (§0.60)      0.2h    2.5h  ok
sweep_forward gate json (Gate F)      9.8h  864.0h  ok
conj clock flag (交會前瞻)      8.1h   30.0h  ok
conj watch flag (交會 shadow)      0.0h    0.5h  ok
liq recorder flag (路徑C)      0.0h    1.0h  ok
lighter recorder flag (路徑A)      0.0h    1.0h  ok
v7 export pipe (§0.81)      0.2h    2.5h  ok
ops board row               0.2h    2.5h  ok
arb status row              0.2h    2.5h  ok
prereg board row            0.2h    2.5h  ok
degradation guard           0.3h    2.5h  ok
indicator bars              1.3h    2.5h  ok
okx balance snapshots (retired 09-06)     50.8h 87600.0h  ok
cloud train parity          0.2h    2.5h  ok
arb recorder (§0.75)        0.0h    1.0h  ok
arb recorder NBIS (§0.75)      0.0h    1.0h  ok
arb recorder ANTH (§0.75)      0.0h    1.0h  ok
arb recorder BTC (§0.75)      0.0h    1.0h  ok
arb recorder ZEC (§0.75)      0.0h    1.0h  ok
arb recorder NEAR (§0.75)      0.0h    1.0h  ok
arb recorder HYPE (§0.75)      0.0h    1.0h  ok
arb recorder GOLD_LL (§1.02)      0.0h    1.0h  ok
arb recorder NVDA_LL (§1.02)      0.0h    1.0h  ok
arb scanner (§0.75b)        0.0h    0.5h  ok
coinglass parquet CONTENT     35.0h   48.0h  ok
coinglass parquets         15.3h   48.0h  ok
daily collect log          15.3h   30.0h  ok
freshness board self        2.2h    7.0h  ok
revalidation report        58.3h  840.0h  ok
portfolio clocks            9.7h  195.0h  ok
tracked signals            18.3h  336.0h  ok

0 red / 41 tracked
freshness board — 2026-09-07 17:20 UTC
artifact                    age   limit  status
bat-train heartbeat         0.2h    2.5h  ok
sweep shadow log            0.2h    2.5h  ok
kline caches                0.2h    3.5h  ok
weather station row         0.1h    2.5h  ok
raid signals row            0.1h    2.5h  ok
v7 veto clock row           0.2h    2.5h  ok
raid outcomes row           0.2h    2.5h  ok
basis obs (§0.91)           0.2h    2.5h  ok
gex snapshots (§0.88d)      0.3h    2.5h  ok
gex recorder flag (§0.88d)      0.2h    2.5h  ok
v7 Q2 clock json (§0.60)      0.2h    2.5h  ok
sweep_forward gate json (Gate F)     15.8h  864.0h  ok
conj clock flag (交會前瞻)     14.1h   30.0h  ok
conj watch flag (交會 shadow)      0.0h    0.5h  ok
liq recorder flag (路徑C)      0.0h    1.0h  ok
lighter recorder flag (路徑A)      0.0h    1.0h  ok
v7 export pipe (§0.81)      0.2h    2.5h  ok
ops board row               0.2h    2.5h  ok
arb status row              0.2h    2.5h  ok
prereg board row            0.2h    2.5h  ok
degradation guard           0.3h    2.5h  ok
indicator bars              1.3h    2.5h  ok
okx balance snapshots (retired 09-06)     56.8h 87600.0h  ok
cloud train parity          0.2h    2.5h  ok
arb recorder (§0.75)        0.0h    1.0h  ok
arb recorder NBIS (§0.75)      0.0h    1.0h  ok
arb recorder ANTH (§0.75)      0.0h    1.0h  ok
arb recorder BTC (§0.75)      0.0h    1.0h  ok
arb recorder ZEC (§0.75)      0.0h    1.0h  ok
arb recorder NEAR (§0.75)      0.0h    1.0h  ok
arb recorder HYPE (§0.75)      0.0h    1.0h  ok
arb recorder GOLD_LL (§1.02)      0.0h    1.0h  ok
arb recorder NVDA_LL (§1.02)      0.0h    1.0h  ok
arb scanner (§0.75b)        0.0h    0.5h  ok
coinglass parquet CONTENT     41.0h   48.0h  ok
coinglass parquets         21.3h   48.0h  ok
daily collect log          21.3h   30.0h  ok
freshness board self        1.0h    7.0h  ok
revalidation report        64.3h  840.0h  ok
portfolio clocks           15.7h  195.0h  ok
tracked signals            24.3h  336.0h  ok

0 red / 41 tracked
freshness board — 2026-09-07 23:20 UTC
artifact                    age   limit  status
bat-train heartbeat         0.2h    2.5h  ok
sweep shadow log            0.2h    2.5h  ok
kline caches                0.2h    3.5h  ok
weather station row         0.1h    2.5h  ok
raid signals row            0.1h    2.5h  ok
v7 veto clock row           0.2h    2.5h  ok
raid outcomes row           1.2h    2.5h  ok
basis obs (§0.91)           0.2h    2.5h  ok
gex snapshots (§0.88d)      0.3h    2.5h  ok
gex recorder flag (§0.88d)      0.2h    2.5h  ok
v7 Q2 clock json (§0.60)      0.2h    2.5h  ok
sweep_forward gate json (Gate F)     21.8h  864.0h  ok
conj clock flag (交會前瞻)      1.8h   30.0h  ok
conj watch flag (交會 shadow)      0.0h    0.5h  ok
liq recorder flag (路徑C)      0.0h    1.0h  ok
lighter recorder flag (路徑A)      0.0h    1.0h  ok
v7 export pipe (§0.81)      0.2h    2.5h  ok
ops board row               0.2h    2.5h  ok
arb status row              0.2h    2.5h  ok
prereg board row            0.2h    2.5h  ok
degradation guard           0.3h    2.5h  ok
indicator bars              1.3h    2.5h  ok
okx balance snapshots (retired 09-06)     62.8h 87600.0h  ok
cloud train parity          0.2h    2.5h  ok
arb recorder (§0.75)        0.0h    1.0h  ok
arb recorder NBIS (§0.75)      0.0h    1.0h  ok
arb recorder ANTH (§0.75)      0.0h    1.0h  ok
arb recorder BTC (§0.75)      0.0h    1.0h  ok
arb recorder ZEC (§0.75)      0.0h    1.0h  ok
arb recorder NEAR (§0.75)      0.0h    1.0h  ok
arb recorder HYPE (§0.75)      0.0h    1.0h  ok
arb recorder GOLD_LL (§1.02)      0.0h    1.0h  ok
arb recorder NVDA_LL (§1.02)      0.0h    1.0h  ok
arb scanner (§0.75b)        0.0h    0.5h  ok
coinglass parquet CONTENT     23.0h   48.0h  ok
coinglass parquets          3.3h   48.0h  ok
daily collect log           3.3h   30.0h  ok
freshness board self        0.2h    7.0h  ok
revalidation report        70.3h  840.0h  ok
portfolio clocks           21.7h  195.0h  ok
tracked signals             2.3h  336.0h  ok

0 red / 41 tracked
freshness board — 2026-09-08 05:20 UTC
artifact                    age   limit  status
bat-train heartbeat         0.2h    2.5h  ok
sweep shadow log            0.2h    2.5h  ok
kline caches                0.2h    3.5h  ok
weather station row         0.1h    2.5h  ok
raid signals row            0.1h    2.5h  ok
v7 veto clock row           0.2h    2.5h  ok
raid outcomes row           0.2h    2.5h  ok
basis obs (§0.91)           0.2h    2.5h  ok
gex snapshots (§0.88d)      0.3h    2.5h  ok
gex recorder flag (§0.88d)      0.2h    2.5h  ok
v7 Q2 clock json (§0.60)      0.2h    2.5h  ok
sweep_forward gate json (Gate F)     27.8h  864.0h  ok
conj clock flag (交會前瞻)      7.8h   30.0h  ok
conj watch flag (交會 shadow)      0.0h    0.5h  ok
liq recorder flag (路徑C)      0.0h    1.0h  ok
lighter recorder flag (路徑A)      0.0h    1.0h  ok
v7 export pipe (§0.81)      0.2h    2.5h  ok
ops board row               0.2h    2.5h  ok
arb status row              0.2h    2.5h  ok
prereg board row            0.2h    2.5h  ok
degradation guard           0.3h    2.5h  ok
indicator bars              1.3h    2.5h  ok
okx balance snapshots (retired 09-06)     68.8h 87600.0h  ok
cloud train parity          0.2h    2.5h  ok
arb recorder (§0.75)        0.0h    1.0h  ok
arb recorder NBIS (§0.75)      0.0h    1.0h  ok
arb recorder ANTH (§0.75)      0.0h    1.0h  ok
arb recorder BTC (§0.75)      0.0h    1.0h  ok
arb recorder ZEC (§0.75)      0.0h    1.0h  ok
arb recorder NEAR (§0.75)      0.0h    1.0h  ok
arb recorder HYPE (§0.75)      0.0h    1.0h  ok
arb recorder GOLD_LL (§1.02)      0.0h    1.0h  ok
arb recorder NVDA_LL (§1.02)      0.0h    1.0h  ok
arb scanner (§0.75b)        0.0h    0.5h  ok
coinglass parquet CONTENT     29.0h   48.0h  ok
coinglass parquets          9.3h   48.0h  ok
daily collect log           9.3h   30.0h  ok
freshness board self        6.0h    7.0h  ok
revalidation report        76.3h  840.0h  ok
portfolio clocks           27.7h  195.0h  ok
tracked signals             4.3h  336.0h  ok

0 red / 41 tracked
freshness board — 2026-09-08 11:20 UTC
artifact                    age   limit  status
bat-train heartbeat         0.2h    2.5h  ok
sweep shadow log            0.2h    2.5h  ok
kline caches                0.2h    3.5h  ok
weather station row         0.1h    2.5h  ok
raid signals row            0.1h    2.5h  ok
v7 veto clock row           0.2h    2.5h  ok
raid outcomes row           3.2h    2.5h  RED  <-- skip-vs-taken scoring surface; silent staleness = consumer s
basis obs (§0.91)           0.2h    2.5h  ok
gex snapshots (§0.88d)      0.3h    2.5h  ok
gex recorder flag (§0.88d)      0.2h    2.5h  ok
v7 Q2 clock json (§0.60)      0.2h    2.5h  ok
sweep_forward gate json (Gate F)     33.8h  864.0h  ok
conj clock flag (交會前瞻)      5.2h   30.0h  ok
conj watch flag (交會 shadow)      0.0h    0.5h  ok
liq recorder flag (路徑C)      0.0h    1.0h  ok
lighter recorder flag (路徑A)      0.0h    1.0h  ok
v7 export pipe (§0.81)      0.2h    2.5h  ok
ops board row               0.2h    2.5h  ok
arb status row              0.2h    2.5h  ok
prereg board row            0.2h    2.5h  ok
degradation guard           0.3h    2.5h  ok
indicator bars              1.3h    2.5h  ok
okx balance snapshots (retired 09-06)     74.8h 87600.0h  ok
cloud train parity          0.2h    2.5h  ok
arb recorder (§0.75)        0.0h    1.0h  ok
arb recorder NBIS (§0.75)      0.0h    1.0h  ok
arb recorder ANTH (§0.75)      0.0h    1.0h  ok
arb recorder BTC (§0.75)      0.0h    1.0h  ok
arb recorder ZEC (§0.75)      0.0h    1.0h  ok
arb recorder NEAR (§0.75)      0.0h    1.0h  ok
arb recorder HYPE (§0.75)      0.0h    1.0h  ok
arb recorder GOLD_LL (§1.02)      0.0h    1.0h  ok
arb recorder NVDA_LL (§1.02)      0.0h    1.0h  ok
arb scanner (§0.75b)        0.0h    0.5h  ok
coinglass parquet CONTENT     35.0h   48.0h  ok
coinglass parquets         15.3h   48.0h  ok
daily collect log          15.3h   30.0h  ok
freshness board self        6.0h    7.0h  ok
revalidation report        82.3h  840.0h  ok
portfolio clocks           33.7h  195.0h  ok
tracked signals             2.3h  336.0h  ok

1 red / 41 tracked: raid outcomes row
[TG-CUTOVER] blocked outbound telegram from okx.send_critical (帳號遭盜用 2026-09-05；設 TELEGRAM_REENABLE=I_ROTATED_ALL_TOKENS 才恢復)
[WARN] freshness alert NOT delivered: Freshness board transition:
  RED: raid outcomes row (age 3.2h, limit 2h) — skip-vs-taken scoring surface; silent staleness = consumer silently scores against stale outcomes
freshness board — 2026-09-08 17:20 UTC
artifact                    age   limit  status
bat-train heartbeat         0.2h    2.5h  ok
sweep shadow log            0.2h    2.5h  ok
kline caches                0.2h    3.5h  ok
weather station row         0.1h    2.5h  ok
raid signals row            0.1h    2.5h  ok
v7 veto clock row           0.2h    2.5h  ok
raid outcomes row           0.2h    2.5h  ok
basis obs (§0.91)           0.2h    2.5h  ok
gex snapshots (§0.88d)      0.3h    2.5h  ok
gex recorder flag (§0.88d)      0.2h    2.5h  ok
v7 Q2 clock json (§0.60)      0.2h    2.5h  ok
sweep_forward gate json (Gate F)     39.8h  864.0h  ok
conj clock flag (交會前瞻)      4.0h   30.0h  ok
conj watch flag (交會 shadow)      0.0h    0.5h  ok
liq recorder flag (路徑C)      0.0h    1.0h  ok
lighter recorder flag (路徑A)      0.0h    1.0h  ok
v7 export pipe (§0.81)      0.2h    2.5h  ok
ops board row               0.2h    2.5h  ok
arb status row              0.2h    2.5h  ok
prereg board row            0.2h    2.5h  ok
degradation guard           0.2h    2.5h  ok
indicator bars              1.3h    2.5h  ok
okx balance snapshots (retired 09-06)     80.8h 87600.0h  ok
cloud train parity          0.2h    2.5h  ok
arb recorder (§0.75)        0.0h    1.0h  ok
arb recorder NBIS (§0.75)      0.0h    1.0h  ok
arb recorder ANTH (§0.75)      0.0h    1.0h  ok
arb recorder BTC (§0.75)      0.0h    1.0h  ok
arb recorder ZEC (§0.75)      0.0h    1.0h  ok
arb recorder NEAR (§0.75)      0.0h    1.0h  ok
arb recorder HYPE (§0.75)      0.0h    1.0h  ok
arb recorder GOLD_LL (§1.02)      0.0h    1.0h  ok
arb recorder NVDA_LL (§1.02)      0.0h    1.0h  ok
arb scanner (§0.75b)        0.0h    0.5h  ok
coinglass parquet CONTENT     41.0h   48.0h  ok
coinglass parquets         21.3h   48.0h  ok
daily collect log          21.3h   30.0h  ok
freshness board self        6.0h    7.0h  ok
revalidation report        88.3h  840.0h  ok
portfolio clocks           39.7h  195.0h  ok
tracked signals             5.3h  336.0h  ok

0 red / 41 tracked
[TG-CUTOVER] blocked outbound telegram from okx.send_critical (帳號遭盜用 2026-09-05；設 TELEGRAM_REENABLE=I_ROTATED_ALL_TOKENS 才恢復)
[WARN] freshness alert NOT delivered: Freshness board transition:
  recovered: raid outcomes row
freshness board — 2026-09-08 23:20 UTC
artifact                    age   limit  status
bat-train heartbeat         0.2h    2.5h  ok
sweep shadow log            0.2h    2.5h  ok
kline caches                0.2h    3.5h  ok
weather station row         0.1h    2.5h  ok
raid signals row            0.1h    2.5h  ok
v7 veto clock row           0.2h    2.5h  ok
raid outcomes row           0.2h    2.5h  ok
basis obs (§0.91)           0.2h    2.5h  ok
gex snapshots (§0.88d)      0.3h    2.5h  ok
gex recorder flag (§0.88d)      0.2h    2.5h  ok
v7 Q2 clock json (§0.60)      0.2h    2.5h  ok
sweep_forward gate json (Gate F)     45.8h  864.0h  ok
conj clock flag (交會前瞻)      1.8h   30.0h  ok
conj watch flag (交會 shadow)      0.0h    0.5h  ok
liq recorder flag (路徑C)      0.0h    1.0h  ok
lighter recorder flag (路徑A)      0.0h    1.0h  ok
v7 export pipe (§0.81)      0.2h    2.5h  ok
ops board row               0.2h    2.5h  ok
arb status row              0.2h    2.5h  ok
prereg board row            0.2h    2.5h  ok
degradation guard           0.3h    2.5h  ok
indicator bars              1.3h    2.5h  ok
okx balance snapshots (retired 09-06)     86.8h 87600.0h  ok
cloud train parity          0.2h    2.5h  ok
arb recorder (§0.75)        0.0h    1.0h  ok
arb recorder NBIS (§0.75)      0.0h    1.0h  ok
arb recorder ANTH (§0.75)      0.0h    1.0h  ok
arb recorder BTC (§0.75)      0.0h    1.0h  ok
arb recorder ZEC (§0.75)      0.0h    1.0h  ok
arb recorder NEAR (§0.75)      0.0h    1.0h  ok
arb recorder HYPE (§0.75)      0.0h    1.0h  ok
arb recorder GOLD_LL (§1.02)      0.0h    1.0h  ok
arb recorder NVDA_LL (§1.02)      0.0h    1.0h  ok
arb scanner (§0.75b)        0.0h    0.5h  ok
coinglass parquet CONTENT     23.0h   48.0h  ok
coinglass parquets          3.3h   48.0h  ok
daily collect log           3.3h   30.0h  ok
freshness board self        6.0h    7.0h  ok
revalidation report        94.3h  840.0h  ok
portfolio clocks           45.7h  195.0h  ok
tracked signals            11.3h  336.0h  ok

0 red / 41 tracked
freshness board — 2026-09-09 05:20 UTC
artifact                    age   limit  status
bat-train heartbeat         0.2h    2.5h  ok
sweep shadow log            0.2h    2.5h  ok
kline caches                0.2h    3.5h  ok
weather station row         0.1h    2.5h  ok
raid signals row            0.1h    2.5h  ok
v7 veto clock row           0.2h    2.5h  ok
raid outcomes row           1.2h    2.5h  ok
basis obs (§0.91)           0.2h    2.5h  ok
gex snapshots (§0.88d)      0.3h    2.5h  ok
gex recorder flag (§0.88d)      0.2h    2.5h  ok
v7 Q2 clock json (§0.60)      0.2h    2.5h  ok
sweep_forward gate json (Gate F)     51.8h  864.0h  ok
conj clock flag (交會前瞻)      7.8h   30.0h  ok
conj watch flag (交會 shadow)      0.0h    0.5h  ok
liq recorder flag (路徑C)      0.0h    1.0h  ok
lighter recorder flag (路徑A)      0.0h    1.0h  ok
v7 export pipe (§0.81)      0.2h    2.5h  ok
ops board row               0.2h    2.5h  ok
arb status row              0.2h    2.5h  ok
prereg board row            0.2h    2.5h  ok
degradation guard           0.3h    2.5h  ok
indicator bars              1.3h    2.5h  ok
okx balance snapshots (retired 09-06)     92.8h 87600.0h  ok
cloud train parity          0.2h    2.5h  ok
arb recorder (§0.75)        0.0h    1.0h  ok
arb recorder NBIS (§0.75)      0.0h    1.0h  ok
arb recorder ANTH (§0.75)      0.0h    1.0h  ok
arb recorder BTC (§0.75)      0.0h    1.0h  ok
arb recorder ZEC (§0.75)      0.0h    1.0h  ok
arb recorder NEAR (§0.75)      0.0h    1.0h  ok
arb recorder HYPE (§0.75)      0.0h    1.0h  ok
arb recorder GOLD_LL (§1.02)      0.0h    1.0h  ok
arb recorder NVDA_LL (§1.02)      0.0h    1.0h  ok
arb scanner (§0.75b)        0.0h    0.5h  ok
coinglass parquet CONTENT     29.0h   48.0h  ok
coinglass parquets          9.3h   48.0h  ok
daily collect log           9.3h   30.0h  ok
freshness board self        6.0h    7.0h  ok
revalidation report       100.3h  840.0h  ok
portfolio clocks           51.7h  195.0h  ok
tracked signals             4.3h  336.0h  ok

0 red / 41 tracked
freshness board — 2026-09-09 11:20 UTC
artifact                    age   limit  status
bat-train heartbeat         0.2h    2.5h  ok
sweep shadow log            0.2h    2.5h  ok
kline caches                0.2h    3.5h  ok
weather station row         0.1h    2.5h  ok
raid signals row            0.1h    2.5h  ok
v7 veto clock row           0.2h    2.5h  ok
raid outcomes row           0.2h    2.5h  ok
basis obs (§0.91)           0.2h    2.5h  ok
gex snapshots (§0.88d)      0.3h    2.5h  ok
gex recorder flag (§0.88d)      0.2h    2.5h  ok
v7 Q2 clock json (§0.60)      0.2h    2.5h  ok
sweep_forward gate json (Gate F)     57.8h  864.0h  ok
conj clock flag (交會前瞻)     13.8h   30.0h  ok
conj watch flag (交會 shadow)      0.0h    0.5h  ok
liq recorder flag (路徑C)      0.0h    1.0h  ok
lighter recorder flag (路徑A)      0.0h    1.0h  ok
v7 export pipe (§0.81)      0.2h    2.5h  ok
ops board row               0.2h    2.5h  ok
arb status row              0.2h    2.5h  ok
prereg board row            0.2h    2.5h  ok
degradation guard           0.3h    2.5h  ok
indicator bars              1.3h    2.5h  ok
okx balance snapshots (retired 09-06)     98.8h 87600.0h  ok
cloud train parity          0.2h    2.5h  ok
arb recorder (§0.75)        0.0h    1.0h  ok
arb recorder NBIS (§0.75)      0.0h    1.0h  ok
arb recorder ANTH (§0.75)      0.0h    1.0h  ok
arb recorder BTC (§0.75)      0.0h    1.0h  ok
arb recorder ZEC (§0.75)      0.0h    1.0h  ok
arb recorder NEAR (§0.75)      0.0h    1.0h  ok
arb recorder HYPE (§0.75)      0.0h    1.0h  ok
arb recorder GOLD_LL (§1.02)      0.0h    1.0h  ok
arb recorder NVDA_LL (§1.02)      0.0h    1.0h  ok
arb scanner (§0.75b)        0.0h    0.5h  ok
coinglass parquet CONTENT     35.0h   48.0h  ok
coinglass parquets         15.3h   48.0h  ok
daily collect log          15.3h   30.0h  ok
freshness board self        6.0h    7.0h  ok
revalidation report       106.3h  840.0h  ok
portfolio clocks           57.7h  195.0h  ok
tracked signals            10.3h  336.0h  ok

0 red / 41 tracked
freshness board — 2026-09-09 17:20 UTC
artifact                    age   limit  status
bat-train heartbeat         0.2h    2.5h  ok
sweep shadow log            0.2h    2.5h  ok
kline caches                0.2h    3.5h  ok
weather station row         0.1h    2.5h  ok
raid signals row            0.1h    2.5h  ok
v7 veto clock row           0.2h    2.5h  ok
raid outcomes row           3.2h    2.5h  RED  <-- skip-vs-taken scoring surface; silent staleness = consumer s
basis obs (§0.91)           0.2h    2.5h  ok
gex snapshots (§0.88d)      0.3h    2.5h  ok
gex recorder flag (§0.88d)      0.2h    2.5h  ok
v7 Q2 clock json (§0.60)      0.2h    2.5h  ok
sweep_forward gate json (Gate F)     63.8h  864.0h  ok
conj clock flag (交會前瞻)     19.8h   30.0h  ok
conj watch flag (交會 shadow)      0.0h    0.5h  ok
liq recorder flag (路徑C)      0.0h    1.0h  ok
lighter recorder flag (路徑A)      0.0h    1.0h  ok
v7 export pipe (§0.81)      0.2h    2.5h  ok
ops board row               0.2h    2.5h  ok
arb status row              0.2h    2.5h  ok
prereg board row            0.2h    2.5h  ok
degradation guard           0.3h    2.5h  ok
indicator bars              1.3h    2.5h  ok
okx balance snapshots (retired 09-06)    104.8h 87600.0h  ok
cloud train parity          0.2h    2.5h  ok
arb recorder (§0.75)        0.0h    1.0h  ok
arb recorder NBIS (§0.75)      0.0h    1.0h  ok
arb recorder ANTH (§0.75)      0.0h    1.0h  ok
arb recorder BTC (§0.75)      0.0h    1.0h  ok
arb recorder ZEC (§0.75)      0.0h    1.0h  ok
arb recorder NEAR (§0.75)      0.0h    1.0h  ok
arb recorder HYPE (§0.75)      0.0h    1.0h  ok
arb recorder GOLD_LL (§1.02)      0.0h    1.0h  ok
arb recorder NVDA_LL (§1.02)      0.0h    1.0h  ok
arb scanner (§0.75b)        0.0h    0.5h  ok
coinglass parquet CONTENT     41.0h   48.0h  ok
coinglass parquets         21.3h   48.0h  ok
daily collect log          21.3h   30.0h  ok
freshness board self        6.0h    7.0h  ok
revalidation report       112.3h  840.0h  ok
portfolio clocks           63.7h  195.0h  ok
tracked signals             2.3h  336.0h  ok

1 red / 41 tracked: raid outcomes row
[TG-CUTOVER] blocked outbound telegram from okx.send_critical (帳號遭盜用 2026-09-05；設 TELEGRAM_REENABLE=I_ROTATED_ALL_TOKENS 才恢復)
[WARN] freshness alert NOT delivered: Freshness board transition:
  RED: raid outcomes row (age 3.2h, limit 2h) — skip-vs-taken scoring surface; silent staleness = consumer silently scores against stale outcomes
freshness board — 2026-09-10 05:20 UTC
artifact                    age   limit  status
bat-train heartbeat         0.2h    2.5h  ok
sweep shadow log            0.2h    2.5h  ok
kline caches                0.2h    3.5h  ok
weather station row         0.1h    2.5h  ok
raid signals row            0.1h    2.5h  ok
v7 veto clock row           0.2h    2.5h  ok
raid outcomes row           0.2h    2.5h  ok
basis obs (§0.91)           0.2h    2.5h  ok
gex snapshots (§0.88d)      0.3h    2.5h  ok
gex recorder flag (§0.88d)      0.2h    2.5h  ok
v7 Q2 clock json (§0.60)      0.2h    2.5h  ok
sweep_forward gate json (Gate F)     75.8h  864.0h  ok
conj clock flag (交會前瞻)      5.2h   30.0h  ok
conj watch flag (交會 shadow)      0.0h    0.5h  ok
liq recorder flag (路徑C)      0.0h    1.0h  ok
lighter recorder flag (路徑A)      0.0h    1.0h  ok
v7 export pipe (§0.81)      0.2h    2.5h  ok
ops board row               0.2h    2.5h  ok
arb status row              0.2h    2.5h  ok
prereg board row            0.2h    2.5h  ok
degradation guard           0.3h    2.5h  ok
indicator bars              1.3h    2.5h  ok
okx balance snapshots (retired 09-06)    116.8h 87600.0h  ok
cloud train parity          0.2h    2.5h  ok
arb recorder (§0.75)        0.0h    1.0h  ok
arb recorder NBIS (§0.75)      0.0h    1.0h  ok
arb recorder ANTH (§0.75)      0.0h    1.0h  ok
arb recorder BTC (§0.75)      0.0h    1.0h  ok
arb recorder ZEC (§0.75)      0.0h    1.0h  ok
arb recorder NEAR (§0.75)      0.0h    1.0h  ok
arb recorder HYPE (§0.75)      0.0h    1.0h  ok
arb recorder GOLD_LL (§1.02)      0.0h    1.0h  ok
arb recorder NVDA_LL (§1.02)      0.0h    1.0h  ok
arb scanner (§0.75b)        0.0h    0.5h  ok
coinglass parquet CONTENT     53.0h   48.0h  RED  <-- last DATA row age of the stalest CG parquet — mtime lies in   [cg_fear_greed_daily.parquet]
coinglass parquets         33.3h   48.0h  ok
daily collect log          33.3h   30.0h  RED  <-- 04:00 daily task heartbeat
freshness board self       12.0h    7.0h  RED  <-- the board's own 6-hourly run — nothing else watches the watc
revalidation report       124.3h  840.0h  ok
portfolio clocks           75.7h  195.0h  ok
tracked signals            14.3h  336.0h  ok

3 red / 41 tracked: coinglass parquet CONTENT, daily collect log, freshness board self
[TG-CUTOVER] blocked outbound telegram from okx.send_critical (帳號遭盜用 2026-09-05；設 TELEGRAM_REENABLE=I_ROTATED_ALL_TOKENS 才恢復)
[WARN] freshness alert NOT delivered: Freshness board transition:
  RED: coinglass parquet CONTENT (age 53.0h, limit 48h) — last DATA row age of the stalest CG parquet — mtime lies in an outage
  RED: daily collect log (age 33.3h, limit 30h) — 04:00 daily task heartbeat
  RED: freshness board self (age 12.0h, limit 7h) — the board's own 6-hourly run — nothing else watches the watchman
  recovered: raid outcomes row
freshness board — 2026-09-10 11:20 UTC
artifact                    age   limit  status
bat-train heartbeat         0.2h    2.5h  ok
sweep shadow log            0.2h    2.5h  ok
kline caches                0.2h    3.5h  ok
weather station row         0.1h    2.5h  ok
raid signals row            0.1h    2.5h  ok
v7 veto clock row           0.2h    2.5h  ok
raid outcomes row           0.2h    2.5h  ok
basis obs (§0.91)           0.2h    2.5h  ok
gex snapshots (§0.88d)      0.3h    2.5h  ok
gex recorder flag (§0.88d)      0.2h    2.5h  ok
v7 Q2 clock json (§0.60)      0.2h    2.5h  ok
sweep_forward gate json (Gate F)     81.8h  864.0h  ok
conj clock flag (交會前瞻)     11.2h   30.0h  ok
conj watch flag (交會 shadow)      0.0h    0.5h  ok
research guards (回歸測試)      0.3h   26.0h  ok
liq recorder flag (路徑C)      0.0h    1.0h  ok
lighter recorder flag (路徑A)      0.0h    1.0h  ok
v7 export pipe (§0.81)      0.2h    2.5h  ok
ops board row               0.2h    2.5h  ok
arb status row              0.2h    2.5h  ok
prereg board row            0.2h    2.5h  ok
degradation guard           0.2h    2.5h  ok
indicator bars              1.3h    2.5h  ok
okx balance snapshots (retired 09-06)    122.8h 87600.0h  ok
cloud train parity          0.2h    2.5h  ok
arb recorder (§0.75)        0.0h    1.0h  ok
arb recorder NBIS (§0.75)      0.0h    1.0h  ok
arb recorder ANTH (§0.75)      0.0h    1.0h  ok
arb recorder BTC (§0.75)      0.0h    1.0h  ok
arb recorder ZEC (§0.75)      0.0h    1.0h  ok
arb recorder NEAR (§0.75)      0.0h    1.0h  ok
arb recorder HYPE (§0.75)      0.0h    1.0h  ok
arb recorder GOLD_LL (§1.02)      0.0h    1.0h  ok
arb recorder NVDA_LL (§1.02)      0.0h    1.0h  ok
arb scanner (§0.75b)        0.0h    0.5h  ok
coinglass parquet CONTENT     11.0h   48.0h  ok
coinglass parquets          0.3h   48.0h  ok
daily collect log           0.3h   30.0h  ok
freshness board self        0.3h    7.0h  ok
revalidation report       130.3h  840.0h  ok
portfolio clocks           81.7h  195.0h  ok
tracked signals            20.3h  336.0h  ok

0 red / 42 tracked
freshness board — 2026-09-10 17:20 UTC
artifact                    age   limit  status
bat-train heartbeat         0.2h    2.5h  ok
sweep shadow log            0.2h    2.5h  ok
kline caches                0.2h    3.5h  ok
weather station row         0.1h    2.5h  ok
raid signals row            0.1h    2.5h  ok
v7 veto clock row           0.2h    2.5h  ok
raid outcomes row           5.2h    2.5h  RED  <-- skip-vs-taken scoring surface; silent staleness = consumer s
basis obs (§0.91)           0.2h    2.5h  ok
gex snapshots (§0.88d)      0.3h    2.5h  ok
gex recorder flag (§0.88d)      0.2h    2.5h  ok
v7 Q2 clock json (§0.60)      0.2h    2.5h  ok
sweep_forward gate json (Gate F)     87.8h  864.0h  ok
conj clock flag (交會前瞻)     17.2h   30.0h  ok
conj watch flag (交會 shadow)      0.0h    0.5h  ok
product live fills          1.6h   26.0h  ok
research data manifest      5.5h   26.0h  ok
scheduled task refs         5.5h   26.0h  ok
research guards (回歸測試)      5.5h   26.0h  ok
liq recorder flag (路徑C)      0.0h    1.0h  ok
lighter recorder flag (路徑A)      0.0h    1.0h  ok
v7 export pipe (§0.81)      0.2h    2.5h  ok
ops board row               0.2h    2.5h  ok
arb status row              0.2h    2.5h  ok
prereg board row            0.2h    2.5h  ok
degradation guard           0.3h    2.5h  ok
indicator bars              1.3h    2.5h  ok
okx balance snapshots (retired 09-06)    128.8h 87600.0h  ok
cloud train parity          0.2h    2.5h  ok
arb recorder (§0.75)        0.0h    1.0h  ok
arb recorder NBIS (§0.75)      0.0h    1.0h  ok
arb recorder ANTH (§0.75)      0.0h    1.0h  ok
arb recorder BTC (§0.75)      0.0h    1.0h  ok
arb recorder ZEC (§0.75)      0.0h    1.0h  ok
arb recorder NEAR (§0.75)      0.0h    1.0h  ok
arb recorder HYPE (§0.75)      0.0h    1.0h  ok
arb recorder GOLD_LL (§1.02)      0.0h    1.0h  ok
arb recorder NVDA_LL (§1.02)      0.0h    1.0h  ok
arb scanner (§0.75b)        0.0h    0.5h  ok
coinglass parquet CONTENT     17.0h   48.0h  ok
coinglass parquets          5.5h   48.0h  ok
daily collect log           5.5h   30.0h  ok
freshness board self        1.6h    7.0h  ok
revalidation report       136.3h  840.0h  ok
portfolio clocks           87.7h  195.0h  ok
tracked signals             3.3h  336.0h  ok

1 red / 45 tracked: raid outcomes row
freshness board — 2026-09-10 23:20 UTC
artifact                    age   limit  status
bat-train heartbeat         0.2h    2.5h  ok
sweep shadow log            0.2h    2.5h  ok
kline caches                0.2h    3.5h  ok
weather station row         0.1h    2.5h  ok
raid signals row            0.1h    2.5h  ok
v7 veto clock row           0.2h    2.5h  ok
raid outcomes row           1.2h    2.5h  ok
basis obs (§0.91)           0.2h    2.5h  ok
gex snapshots (§0.88d)      0.3h    2.5h  ok
gex recorder flag (§0.88d)      0.2h    2.5h  ok
v7 Q2 clock json (§0.60)      0.2h    2.5h  ok
sweep_forward gate json (Gate F)     93.8h  864.0h  ok
conj clock flag (交會前瞻)      1.8h   30.0h  ok
conj watch flag (交會 shadow)      0.0h    0.5h  ok
hl onchain recorder         0.1h    2.5h  ok
product live fills          3.3h   26.0h  ok
research data manifest      3.2h   26.0h  ok
scheduled task refs         3.3h   26.0h  RED  <-- check_schedules.py 每日自報；紅 = 排程引用的檔案不見了，或在 repo 內卻沒被追蹤  [FlowBot_HLRecord -> UNTRACKED research/ops/hl_record.bat]
research guards (回歸測試)      3.3h   26.0h  ok
liq recorder flag (路徑C)      0.0h    1.0h  ok
lighter recorder flag (路徑A)      0.0h    1.0h  ok
v7 export pipe (§0.81)      0.2h    2.5h  ok
ops board row               0.2h    2.5h  ok
arb status row              0.2h    2.5h  ok
prereg board row            0.2h    2.5h  ok
degradation guard           0.3h    2.5h  ok
indicator bars              1.3h    2.5h  ok
okx balance snapshots (retired 09-06)    134.8h 87600.0h  ok
cloud train parity          0.2h    2.5h  ok
arb recorder (§0.75)        0.0h    1.0h  ok
arb recorder NBIS (§0.75)      0.0h    1.0h  ok
arb recorder ANTH (§0.75)      0.0h    1.0h  ok
arb recorder BTC (§0.75)      0.0h    1.0h  ok
arb recorder ZEC (§0.75)      0.0h    1.0h  ok
arb recorder NEAR (§0.75)      0.0h    1.0h  ok
arb recorder HYPE (§0.75)      0.0h    1.0h  ok
arb recorder GOLD_LL (§1.02)      0.0h    1.0h  ok
arb recorder NVDA_LL (§1.02)      0.0h    1.0h  ok
arb scanner (§0.75b)        0.0h    0.5h  ok
coinglass parquet CONTENT     23.0h   48.0h  ok
coinglass parquets          3.3h   48.0h  ok
daily collect log           3.3h   30.0h  ok
freshness board self        3.3h    7.0h  ok
revalidation report       142.3h  840.0h  ok
portfolio clocks           93.7h  195.0h  ok
tracked signals             9.3h  336.0h  ok

1 red / 46 tracked: scheduled task refs
[TG-CUTOVER] blocked outbound telegram from okx.send_critical (帳號遭盜用 2026-09-05；設 TELEGRAM_REENABLE=I_ROTATED_ALL_TOKENS 才恢復)
[WARN] freshness alert NOT delivered: Freshness board transition:
  RED: scheduled task refs (age 3.3h, limit 26h) — check_schedules.py 每日自報；紅 = 排程引用的檔案不見了，或在 repo 內卻沒被追蹤
freshness board — 2026-09-11 05:20 UTC
artifact                    age   limit  status
bat-train heartbeat         0.2h    2.5h  ok
sweep shadow log            0.2h    2.5h  ok
kline caches                0.2h    3.5h  ok
weather station row         0.1h    2.5h  ok
raid signals row            0.1h    2.5h  ok
v7 veto clock row           0.2h    2.5h  ok
raid outcomes row           1.2h    2.5h  ok
basis obs (§0.91)           0.2h    2.5h  ok
gex snapshots (§0.88d)      0.3h    2.5h  ok
gex recorder flag (§0.88d)      0.2h    2.5h  ok
v7 Q2 clock json (§0.60)      0.2h    2.5h  ok
sweep_forward gate json (Gate F)     99.8h  864.0h  ok
conj clock flag (交會前瞻)      7.8h   30.0h  ok
conj watch flag (交會 shadow)      0.0h    0.5h  ok
hl 單位驗證                     0.8h   26.0h  ok
hl onchain recorder         0.8h    2.5h  ok
hl mid/queue                0.0h    0.6h  ok
hl trade tape               0.0h    0.6h  ok
product live fills          9.3h   26.0h  ok
research data manifest      2.1h   26.0h  ok
scheduled task refs         2.2h   26.0h  ok
research guards (回歸測試)      9.3h   26.0h  ok
liq recorder flag (路徑C)      0.0h    1.0h  ok
lighter recorder flag (路徑A)      0.0h    1.0h  ok
v7 export pipe (§0.81)      0.2h    2.5h  ok
ops board row               0.2h    2.5h  ok
arb status row              0.2h    2.5h  ok
prereg board row            0.2h    2.5h  ok
degradation guard           0.1h    2.5h  ok
indicator bars              1.3h    2.5h  ok
okx balance snapshots (retired 09-06)    140.8h 87600.0h  ok
cloud train parity          0.1h    2.5h  ok
arb recorder (§0.75)        0.0h    1.0h  ok
arb recorder NBIS (§0.75)      0.0h    1.0h  ok
arb recorder ANTH (§0.75)      0.0h    1.0h  ok
arb recorder BTC (§0.75)      0.0h    1.0h  ok
arb recorder ZEC (§0.75)      0.0h    1.0h  ok
arb recorder NEAR (§0.75)      0.0h    1.0h  ok
arb recorder HYPE (§0.75)      0.0h    1.0h  ok
arb recorder GOLD_LL (§1.02)      0.0h    1.0h  ok
arb recorder NVDA_LL (§1.02)      0.0h    1.0h  ok
arb scanner (§0.75b)        0.0h    0.5h  ok
coinglass parquet CONTENT     29.0h   48.0h  ok
coinglass parquets          9.3h   48.0h  ok
daily collect log           9.3h   30.0h  ok
freshness board self        0.2h    7.0h  ok
revalidation report       148.3h  840.0h  ok
portfolio clocks           99.7h  195.0h  ok
tracked signals             5.3h  336.0h  ok

0 red / 49 tracked
freshness board — 2026-09-11 11:20 UTC
artifact                    age   limit  status
bat-train heartbeat         0.2h    2.5h  ok
sweep shadow log            0.2h    2.5h  ok
kline caches                0.2h    3.5h  ok
weather station row         0.1h    2.5h  ok
raid signals row            0.1h    2.5h  ok
v7 veto clock row           0.2h    2.5h  ok
raid outcomes row           1.2h    2.5h  ok
basis obs (§0.91)           0.2h    2.5h  ok
gex snapshots (§0.88d)      0.3h    2.5h  ok
gex recorder flag (§0.88d)      0.2h    2.5h  ok
v7 Q2 clock json (§0.60)      0.2h    2.5h  ok
sweep_forward gate json (Gate F)    105.8h  864.0h  ok
conj clock flag (交會前瞻)     13.8h   30.0h  ok
conj watch flag (交會 shadow)      0.0h    0.5h  ok
hl 單位驗證                     0.8h   26.0h  RED  <-- hl_verify.py 每日自報十關；紅 = 名目與 |數量|x價格 不符、szDecimals 違反、成交量對不上交  [V1: positionValue vs |szi|xmark_snap：中位 54.2 bps、p99 950.7 b]
hl onchain recorder         0.8h    2.5h  ok
hl mid/queue                0.0h    0.6h  ok
hl trade tape               0.0h    0.6h  ok
product live fills         15.3h   26.0h  ok
research data manifest      8.1h   26.0h  ok
scheduled task refs         8.2h   26.0h  ok
research guards (回歸測試)     15.3h   26.0h  ok
liq recorder flag (路徑C)      0.0h    1.0h  ok
lighter recorder flag (路徑A)      0.0h    1.0h  ok
v7 export pipe (§0.81)      0.2h    2.5h  ok
ops board row               0.2h    2.5h  ok
arb status row              0.2h    2.5h  ok
prereg board row            0.2h    2.5h  ok
degradation guard           0.3h    2.5h  ok
indicator bars              1.3h    2.5h  ok
okx balance snapshots (retired 09-06)    146.8h 87600.0h  ok
cloud train parity          0.2h    2.5h  ok
arb universe recorder (§1.25)      0.0h    0.6h  ok
arb recorder (§0.75)        0.0h    1.0h  ok
arb recorder NBIS (§0.75)      0.0h    1.0h  ok
arb recorder ANTH (§0.75)      0.0h    1.0h  ok
arb recorder BTC (§0.75)      0.0h    1.0h  ok
arb recorder ZEC (§0.75)      0.0h    1.0h  ok
arb recorder NEAR (§0.75)      0.0h    1.0h  ok
arb recorder HYPE (§0.75)      0.0h    1.0h  ok
arb recorder GOLD_LL (§1.02)      0.0h    1.0h  ok
arb recorder NVDA_LL (§1.02)      0.0h    1.0h  ok
arb scanner (§0.75b)        0.0h    0.5h  ok
coinglass parquet CONTENT     35.0h   48.0h  ok
coinglass parquets         15.3h   48.0h  ok
daily collect log          15.3h   30.0h  ok
freshness board self        1.0h    7.0h  ok
revalidation report       154.3h  840.0h  ok
portfolio clocks          105.7h  195.0h  ok
tracked signals             1.3h  336.0h  ok

1 red / 50 tracked: hl 單位驗證
