sym,ts,day,R_frozen,R_prevatr,atr_j,atr_jm1
BTC,1708167600,2024-02-17,-1.0142857142857142,-1.0142857142857142,226.83322073656313,226.6480838701451
BTC,1708254000,2024-02-18,0.26668115232358985,0.2685239603508318,263.27095375694086,261.63795019978244
BTC,1708297200,2024-02-18,-0.3949951600629838,-0.43162505275157226,253.44584274207165,230.41244602992353
BTC,1708437600,2024-02-20,0.34664429871170993,0.40482610231341437,307.19851515907754,265.9584009405451
BTC,1708520400,2024-02-21,0.4208321029088847,0.45548788468356877,397.33300838709204,368.88631672456074
BTC,1708635600,2024-02-22,0.611896030061902,0.6482547694490978,356.03905475231494,336.91282819480074
BTC,1708675200,2024-02-23,0.07327457774722441,0.07574799156483406,315.0134040845559,307.5444351679832
BTC,1708732800,2024-02-24,0.3520041203818825,0.36485711196061593,277.71471094795845,268.64199640549344
BTC,1708894800,2024-02-25,0.46066724812115883,0.4796785721944719,192.55573766689363,185.35310210280832
BTC,1708938000,2024-02-26,3.6554382875435567,3.5783768071347617,172.38980437745698,176.0728662526458
BTC,1709452800,2024-03-03,1.1557139878476836,1.2387842588886917,309.7781237524601,289.47336404111104
BTC,1709506800,2024-03-03,-0.7969190893218197,-1.0142857142857142,354.1514375220175,340.48000963909595
BTC,1709650800,2024-03-05,1.4897019075226996,1.5701707964572287,933.9161574474844,886.9097080203677
BTC,1709823600,2024-03-07,0.27324364293695186,0.2918194492838835,774.2962753528336,729.4036811492059
BTC,1709910000,2024-03-08,-0.1050420580338888,-0.1110533724456792,538.7315776884433,499.46862212601627
BTC,1710255600,2024-03-12,0.5669189411259101,0.6238122732925175,646.7610890093035,590.358095856173
BTC,1710316800,2024-03-13,-0.02670955744382848,-0.026727969565612266,627.6328212244518,633.901499780179
BTC,1710392400,2024-03-14,0.8572589409877194,0.909008344650388,569.4221443575722,537.9930785389238
BTC,1710424800,2024-03-14,-1.0142857142857142,-1.0142857142857142,600.3680759701058,526.6425433524215
BTC,1710446400,2024-03-14,-0.39421972783901105,-0.42661680162955523,916.4387921002291,841.8494684156309
BTC,1710496800,2024-03-15,0.872745553171424,0.9399751883629431,1315.9600527703547,1224.6154414449973
BTC,1710633600,2024-03-17,0.2775576822984466,0.2991206949020656,859.6746249437613,803.1057499394348
BTC,1710774000,2024-03-18,0.27694350462759115,0.2903963276927635,757.4939524640414,725.5457949612749
BTC,1710835200,2024-03-19,0.11544004922759397,0.1218159874485403,870.9623242920655,834.0363492376091
BTC,1710964800,2024-03-20,-0.27260193947499917,-0.2688525388983423,1128.6527789738295,1146.2645312025859
BTC,1711108800,2024-03-22,-0.44138502235400834,-0.4495479071781823,711.0438605933283,697.2564652543535
BTC,1711306800,2024-03-24,-0.7036271281390275,-0.7160369317173187,571.8046677440849,561.482719109014
BTC,1711389600,2024-03-25,0.0219335088262074,0.022119619586495495,678.8586631793781,676.3662526547142
BTC,1711440000,2024-03-26,0.6267123074811878,0.6728673388656918,619.1472800792442,578.4070708545703
BTC,1711548000,2024-03-27,0.9112837830570425,1.112773645591102,644.7680067428561,530.9424687999988
BTC,1711864800,2024-03-31,-0.2577631923710516,-0.2675844821486688,267.24969325239755,256.26813119489003
BTC,1711951200,2024-04-01,-0.10387299987239507,-0.12530978345090094,390.54392784221227,304.00115306084354
BTC,1711987200,2024-04-01,0.5505113691779697,0.5865273965805364,488.4078279095521,459.80996851797863
BTC,1712448000,2024-04-07,-0.1464650285384924,-0.15805984908549656,412.18764825114806,375.2790058089287
BTC,1712505600,2024-04-07,0.334441656185897,0.3483785412548611,354.97343046502357,341.8490789623333
BTC,1712566800,2024-04-08,0.011045969508966363,0.01782323163412749,507.064380851116,432.9931793781246
BTC,1712674800,2024-04-09,0.10363885723864026,0.12543600726709872,640.170636789411,549.5653011578278
BTC,1712754000,2024-04-10,0.8982048648199606,1.0619153587130614,557.076953702012,473.44518090985963
BTC,1712934000,2024-04-12,-1.0142857142857142,-1.0142857142857142,492.2118822978955,464.41279632081006
BTC,1712944800,2024-04-12,-0.5032795693085481,-0.5682457628973809,591.0458693179581,519.8955515731857
BTC,1713038400,2024-04-13,0.037360832656177984,-1.0142857142857142,800.3885744074825,593.3769262849811
BTC,1713211200,2024-04-15,-0.05601895161710774,-0.05712944584470278,902.08504274849,867.0069691137585
BTC,1713376800,2024-04-17,-0.0030180608300952702,0.0005181365664879804,742.7592398829098,652.4676429508256
BTC,1713495600,2024-04-19,1.691393710223933,1.8464707732549739,862.5723000138076,791.2324769379469
BTC,1713672000,2024-04-21,0.24321685242764385,0.249281746475722,468.60004240004207,458.3715841231222
BTC,1713758400,2024-04-22,-0.19998636510740506,-0.22531967546942547,499.9064276609407,435.538460557936
BTC,1713826800,2024-04-22,0.45018611880913234,0.4681397740682101,457.8995325343722,441.3487273447087
BTC,1713985200,2024-04-24,-0.002497457682996855,-0.0009181393749981421,487.73326132629796,459.87812758216717
BTC,1714042800,2024-04-25,0.6626443874300728,0.6808234490193481,471.6533941601535,459.5667321724731
BTC,1714183200,2024-04-27,-0.02744932084604923,-0.027382469117077004,509.2457332800168,480.6123281477101
BTC,1714352400,2024-04-29,-1.0142857142857142,-1.0142857142857142,317.8191634239564,277.2852529181067
BTC,1714363200,2024-04-29,0.13587123914906418,0.14487694161313813,366.76264990995406,347.71977682610435
BTC,1714438800,2024-04-30,1.4903520791824088,1.6270418933565507,504.4907483695638,462.8392674749149
BTC,1714471200,2024-04-30,-0.7251255826087276,-0.7241092711699484,558.6110640322491,559.4272997270375
BTC,1714507200,2024-04-30,0.2712683748718083,0.29661904176590326,651.7575548632991,600.9489052373987
BTC,1714676400,2024-05-02,-0.14622990856898607,-0.14586367349894855,612.6690935256833,614.5821007199664
BTC,1714924800,2024-05-05,0.17975644466142665,0.18786972993953258,441.5841446788184,425.03138657718927
BTC,1714986000,2024-05-06,1.4285906861879243,1.6167322747543653,417.2513483465539,369.53837514244293
BTC,1715025600,2024-05-06,0.28664545341158876,0.29175212527735644,583.8066575876773,574.4994774021137
BTC,1715126400,2024-05-08,-0.21491841755118465,-0.2185128879235734,496.784446162109,487.38324971304047
BTC,1715252400,2024-05-09,1.0474485349023281,1.0741620856729317,416.0623815250859,405.98333395009223
BTC,1715346000,2024-05-10,1.847375887525166,1.8886912478173619,414.1191533577764,405.1952420776056
BTC,1715529600,2024-05-12,-0.02614603905780449,-0.02599235499814161,248.5609587543025,233.74949404309498
BTC,1715781600,2024-05-15,-1.0142857142857142,-1.0142857142857142,551.4199222287021,507.0929931693717
BTC,1715864400,2024-05-16,0.714667342319718,0.7653914539749066,462.8429928788515,433.2732231003016
BTC,1715958000,2024-05-17,-0.19539872577061904,-0.20941587590340208,465.8196223046446,429.7142086357709
BTC,1716116400,2024-05-19,1.5538890029686554,1.7268672505053473,255.87459913760048,230.66110676357022
BTC,1716249600,2024-05-21,0.1381730322513286,0.16641654208522574,668.0710250132427,571.3026423219538
BTC,1716415200,2024-05-22,0.18380000269230537,0.1929333957125882,536.068875216725,513.9649425410886
BTC,1716634800,2024-05-25,0.05235225024212657,0.05413003890699876,334.28322795053083,327.09732240826304
BTC,1716739200,2024-05-26,-0.014676172551315916,-0.01263818011515822,274.2971101727863,239.21227249377026
BTC,1716829200,2024-05-27,1.0737450051233886,1.2346800067411852,384.1287452752066,335.19172568099185
BTC,1716868800,2024-05-28,0.018460102417974186,0.02243107270979537,489.762617327449,451.6305109680223
BTC,1716922800,2024-05-28,0.652467294319626,0.6668579058226498,563.3285722725942,551.6715393704865
BTC,1716998400,2024-05-29,0.17057387026323745,0.1761739278781399,437.71342802794345,425.74138403009255
BTC,1717095600,2024-05-30,0.22079547411358832,0.2376867260452792,458.1545112780381,429.089473684041
BTC,1717174800,2024-05-31,0.25791687160521193,0.2710963491169663,434.1738011954394,415.0787089797037
BTC,1717322400,2024-06-02,0.19702719804389918,0.22039850002344055,177.837962056419,161.14395913768197
BTC,1717380000,2024-06-03,-0.4520851841571362,-0.5038124519756879,302.22664829415953,269.3310058552491
BTC,1717423200,2024-06-03,0.3284791299310254,0.3548925126265117,366.08661002986565,340.87019541677773
BTC,1717527600,2024-06-04,-0.4436527273009086,-0.4873498252601893,454.0108868991683,410.7678781991045
BTC,1717603200,2024-06-05,0.2566157364796353,0.2827015850525776,457.70442911783795,419.34707751151734
BTC,1717707600,2024-06-06,0.6218637448267192,0.6516055259977438,398.3882251200053,380.9680885907745
BTC,1717765200,2024-06-07,2.0744840140964347,2.620241170086398,370.7517228277696,294.36262458375205
BTC,1717902000,2024-06-09,0.30018794484871386,0.2979506513412111,173.52682855878223,174.71581537099573
BTC,1718035200,2024-06-10,0.5010880136259646,0.5662688389469782,240.7422929013073,214.36246927833037
BTC,1718074800,2024-06-11,-1.0142857142857142,-1.0142857142857142,362.3436266660796,311.57852102500925
BTC,1718100000,2024-06-11,-0.12213072421004981,-0.1281130834163039,428.05550378723945,402.32977330933437
BTC,1718294400,2024-06-13,-0.14465181146694958,-0.15391502149478611,596.2616937315386,552.1964394031953
BTC,1718395200,2024-06-14,0.20816384421593778,0.2463439054545429,470.2057467129856,404.90388107552315
BTC,1718535600,2024-06-16,-0.15552707619636716,-0.1672841617646067,189.13241766421717,173.10183440761858
BTC,1718618400,2024-06-17,1.2191531850941388,1.3370175086666443,284.948408457413,260.35443987721413
BTC,1718650800,2024-06-17,0.9399927972696925,0.9945901211256615,442.0976829163214,418.5067354483462
BTC,1718722800,2024-06-18,0.31665923940395146,0.34808656500401564,501.7928642615264,459.9246230508744
BTC,1718870400,2024-06-20,0.717837890476813,0.7516009172255135,321.36331273895576,307.45587525733725
BTC,1718942400,2024-06-21,-0.6470696726881418,-0.6688844642681159,338.03537472102283,326.51886508417846
BTC,1719223200,2024-06-24,-0.14941461421117988,-0.20145714827706646,468.1155261597517,327.20210509511736
BTC,1719327600,2024-06-25,-0.13994337493296113,-0.14764562575285997,531.398247730532,497.025036017496
BTC,1719619200,2024-06-29,0.2389844856032025,0.25940438746429884,400.8774883112384,372.45191048902626
BTC,1719781200,2024-06-30,-1.0142857142857142,-1.0142857142857142,251.64910301001717,237.81441862617234
BTC,1719860400,2024-07-01,0.5224441224331722,0.5311042017291806,352.4194028181804,346.96627995804005
BTC,1719910800,2024-07-02,-0.37359797532407457,-0.3788277555607171,289.18685763815114,284.86892361031664
BTC,1719979200,2024-07-03,-0.5588904345266378,-0.6075274318223902,368.6190992412274,337.65210687516776
BTC,1720062000,2024-07-04,-0.34062893575553893,-0.3732393055455276,586.0275157757753,530.5811708354507
BTC,1720141200,2024-07-05,-1.0142857142857142,-1.0142857142857142,640.6568221006949,624.0919622622868
BTC,1720274400,2024-07-06,-0.7027967139708786,-0.7250004904246561,451.92185676724466,437.51353805703246
BTC,1720396800,2024-07-08,-1.0142857142857142,-1.0142857142857142,445.58861010894236,418.06542627116875
BTC,1720551600,2024-07-09,-0.0010580893341358456,-7.421079228320615e-05,589.0129927867066,568.677069154915
BTC,1720598400,2024-07-10,0.5457327611902731,0.6074467158290185,555.4050175113258,501.51309578142775
BTC,1720702800,2024-07-11,1.125415677717956,1.2613122838346043,497.64854119261645,445.21842897666403
BTC,1720749600,2024-07-12,0.12338811346995728,0.13055723559808244,507.3530876800267,484.4956328861826
BTC,1720864800,2024-07-13,-0.11957804298313789,-0.1323112503272956,367.69697850174316,322.5652076172616
BTC,1720915200,2024-07-14,-0.44546474580833634,-0.4762732175618356,378.3085005046088,352.2753082357327
BTC,1721084400,2024-07-15,0.827988444897784,0.9241783148681222,550.9747441605081,495.3481860190085
BTC,1721149200,2024-07-16,-0.30752167167405736,-0.31711609553606823,692.6376059846135,669.6066525988145
BTC,1721314800,2024-07-18,0.052218143349279246,0.059882365388059,473.6113366265683,432.57451636707384
BTC,1721397600,2024-07-19,-1.0142857142857142,-1.0142857142857142,482.9735071151681,418.22762304710426
BTC,1721419200,2024-07-19,0.3556958274800377,0.35969055399653693,527.4602795159034,522.0333779402041
BTC,1721498400,2024-07-20,0.05213474932818486,0.06176267550501224,350.44228185403597,313.09168815050026
BTC,1721584800,2024-07-21,-0.3543784591079891,-0.4123590414779629,414.4609325707391,351.8463889223346
BTC,1721714400,2024-07-23,0.37550805559042144,0.3854407276730274,472.20554100723456,460.87673646932984
BTC,1721757600,2024-07-23,0.022653501761341562,0.021354256203688297,564.2341913419236,578.9175906759184
BTC,1721858400,2024-07-24,-0.6419683037423204,-0.6821996399885474,520.320317989784,488.2941886043826
BTC,1721962800,2024-07-26,-0.13968177475493507,-0.14343212272045663,565.6924658526594,547.221886302863
BTC,1722067200,2024-07-27,-0.3771719382535661,-0.37027265387122593,350.79860192996426,357.8815713091922
BTC,1722099600,2024-07-27,0.2721283566776259,0.31724526496871075,365.37628830554246,317.70754125212324
BTC,1722222000,2024-07-29,-0.14442074401866098,-0.15932027236332674,443.9757413819786,393.3823368728999
BTC,1722261600,2024-07-29,1.812943711469204,2.018749997208526,430.0247799427097,386.7966860921485
BTC,1722351600,2024-07-30,0.16022208056789833,0.16934840572279464,493.3583658012476,470.6090093244201
BTC,1722456000,2024-07-31,-0.8579737119938786,-1.0142857142857142,538.1706910163475,449.4161287868361
BTC,1722531600,2024-08-01,0.7380023529573349,0.8354963295163595,525.3468779665424,466.07125319473795
BTC,1722632400,2024-08-02,-0.273331356367809,-0.2841196121663678,709.7450322900211,679.7823424661764
BTC,1722704400,2024-08-03,0.09318058883190691,0.09916754167945127,559.8733864088445,533.6328776710633
BTC,1722794400,2024-08-04,-1.0142857142857142,-1.0142857142857142,598.243644117977,519.0908475116673
BTC,1722823200,2024-08-05,-1.0142857142857142,-1.0142857142857142,1051.3507109773113,825.0061502832583
BTC,1722841200,2024-08-05,0.8072058783293683,0.9659192008361358,1299.078104939346,1091.7548822423728
BTC,1722956400,2024-08-06,0.041256202847232644,0.04346522863117959,1039.2529426277522,1007.3839382145021
BTC,1723122000,2024-08-08,-1.0142857142857142,-1.0142857142857142,681.5991017435052,619.7205711083905
BTC,1723158000,2024-08-08,0.4050069214450396,0.44790125472530135,879.4917260377276,800.3157049637067
BTC,1723370400,2024-08-11,0.9860818946380046,1.1204753704435844,340.00916439143356,300.2414078061594
BTC,1723575600,2024-08-13,-0.13153634918925441,-0.14570522752088463,670.7971123965125,589.6553518116289
BTC,1723640400,2024-08-14,1.5167020702219456,1.6365034502335039,492.66174787285206,457.21495924768675
BTC,1723687200,2024-08-15,-0.04439404612052448,-0.04519362124717512,559.4161992454079,532.5066761104389
BTC,1723748400,2024-08-15,0.09077804728557673,0.10383398919089401,593.1919042691512,534.6997430590856
BTC,1723950000,2024-08-18,-0.1870086735319817,-0.21164895803377148,314.9151307617741,272.5309100511411
BTC,1724270400,2024-08-21,0.26560759833959224,0.2871591116150063,549.2088133617451,511.720260543418
BTC,1724425200,2024-08-23,-1.0142857142857142,-1.0142857142857142,437.6896041265722,354.5888044440008
BTC,1724547600,2024-08-25,0.4357202166995662,0.43665974241464456,389.6504070536038,388.86351528849656
BTC,1724623200,2024-08-25,0.9311054232567763,0.9754885658518472,231.80421871524396,221.55762015487798
BTC,1724655600,2024-08-26,-0.027110088254211667,-0.026990668752015657,299.13829926569457,276.5397069015174
BTC,1724796000,2024-08-27,-0.5719721148717121,-0.7402993092568695,480.09298427476335,366.54859844974527
BTC,1724864400,2024-08-28,0.39326119907263096,0.43149907599717313,652.9197579644241,598.6535855001492
BTC,1724932800,2024-08-29,0.406436377876115,0.43722572676572674,463.68954404705624,433.0395089737529
BTC,1725037200,2024-08-30,0.7417748227716273,0.780238800730209,555.4830505999588,529.066362184571
BTC,1725202800,2024-09-01,-0.3344102984386247,-0.3780154965107332,372.9695034450728,326.42869601777073
BTC,1725289200,2024-09-02,-0.2546777675326787,-0.266065183146169,433.6771065668701,412.8830378412448
BTC,1725411600,2024-09-04,-0.3880343399645033,-0.4179432721428603,422.06619389236647,389.6459011148563
BTC,1725552000,2024-09-05,-0.03192745312284519,-0.032146065966222985,477.60590493302533,448.39712838941193
BTC,1725609600,2024-09-06,-1.0142857142857142,-1.0142857142857142,456.6538538781735,402.62722725341763
BTC,1725642000,2024-09-06,-0.27482240059000745,-0.291817278041436,648.0844614062584,606.2448045913552
BTC,1725811200,2024-09-08,1.114622909437453,1.1883569978903552,307.6567271877912,289.01570620223686
BTC,1725912000,2024-09-09,0.20272580537332321,0.21032660370572476,491.6493851556731,476.00703016764794
BTC,1726106400,2024-09-12,0.05935731279421741,0.06159392799171776,512.0704969320315,499.3682274652648
BTC,1726153200,2024-09-12,0.2108213341229638,0.23669627533349855,461.50100260565665,416.48492588301497
BTC,1726250400,2024-09-13,-0.24204428603064232,-0.24445508808933314,460.30609376946603,455.1657932901944
BTC,1726408800,2024-09-15,1.2846977722600803,1.3302039271287758,184.87124660503125,178.67980403618745
BTC,1726441200,2024-09-15,-1.0142857142857142,-1.0142857142857142,254.43631986687106,252.61219062586102
BTC,1726495200,2024-09-16,-0.14774727042227923,-0.15484340059072074,340.40935476957475,321.2793051364652
BTC,1726585200,2024-09-17,0.022816486881198708,0.03341852575809131,454.8595814483705,377.0657030982451
BTC,1726808400,2024-09-20,0.5908387779741462,0.5903811219971759,467.5138608997894,467.85954250746573
BTC,1726844400,2024-09-20,0.3319634046736712,0.36262859594782476,471.5613306598465,434.5968176336809
BTC,1727046000,2024-09-22,-0.02017320951275767,-1.0142857142857142,376.95066818310033,279.6337965048773
BTC,1727139600,2024-09-24,0.3213268524935594,0.3377713120261143,379.35106543045407,362.3226858481812
BTC,1727229600,2024-09-25,0.6810441715920927,0.7165734909161825,449.10834209513877,427.6943684101496
BTC,1727316000,2024-09-26,1.2769999264345486,1.3088006596672574,370.2790448274658,361.47435596804024
BTC,1727362800,2024-09-26,-0.15915999082267793,-0.17204926354309913,380.6721485744153,346.4746215416782
BTC,1727431200,2024-09-27,-0.05632600327833154,-0.05595421253331424,385.2132012229537,390.4434474708732
BTC,1727643600,2024-09-29,2.1875251876065196,2.2704307273621356,187.976590313441,181.19786649139868
BTC,1727791200,2024-10-01,-1.0142857142857142,-1.0142857142857142,379.4852256760907,318.98408918963617
BTC,1727899200,2024-10-02,0.517229681866768,0.5400773231255326,608.2801842111552,583.8401983812441
BTC,1727964000,2024-10-03,0.47156042710656076,0.490648615833072,511.44798250187887,492.64551961740824
BTC,1728072000,2024-10-04,0.24917727173839488,0.23833008587659052,452.9274119363031,471.3349051621728
BTC,1728223200,2024-10-06,-1.0142857142857142,-1.0142857142857142,167.23098256965457,168.6287504596276
BTC,1728313200,2024-10-07,1.3098096756529565,1.4854399077916378,407.02265360143457,359.80670387846783
BTC,1728478800,2024-10-09,-1.0142857142857142,-1.0142857142857142,313.9193827195673,302.68318139030345
BTC,1728507600,2024-10-09,0.10160799285912386,0.11241192073569746,411.54189445271015,380.00434787214954
BTC,1728579600,2024-10-10,0.16943425388260044,-1.0142857142857142,400.493556635241,371.6892148379521
BTC,1728651600,2024-10-11,-1.0142857142857142,-1.0142857142857142,333.8049756325595,332.7245891427565
BTC,1728676800,2024-10-11,0.40526153309185126,0.4216518575991718,405.9626989262611,391.183675766743
BTC,1728748800,2024-10-12,0.19197729645483935,0.19963696273416723,294.4992248932358,284.6145498850232
BTC,1728882000,2024-10-14,-0.5153975163083685,-0.5176248356938168,394.2857136536459,392.4899993193112
BTC,1728918000,2024-10-14,-0.03328867575483005,-0.0338964446278653,476.6702572818154,422.26566168810945
BTC,1729000800,2024-10-15,0.030156422623392635,0.04807439312317186,494.5815945037253,378.9601786963193
BTC,1729080000,2024-10-16,0.14286668379481893,0.15031510900649608,533.2869863289314,511.08213912346486
BTC,1729263600,2024-10-18,-0.031399839787546485,-0.03154698360275622,404.0632904944202,384.08200514783664
BTC,1729465200,2024-10-20,0.5705558980453705,0.7098130791855989,231.76566430586414,188.05533079093058
BTC,1729558800,2024-10-22,0.17573168246459453,0.19332882725473705,411.1817674225416,378.57421107042927
BTC,1729674000,2024-10-23,-0.7075151472521031,-0.7503720119372275,356.89892850787254,335.70807685463166
BTC,1729774800,2024-10-24,-0.5976883097427518,-0.5954504558761013,369.4395521734511,370.89797926371693
BTC,1729976400,2024-10-26,0.04872615428088852,0.048834147689982614,305.01785420883647,304.5923045325929
BTC,1730034000,2024-10-27,-1.0142857142857142,-1.0142857142857142,200.405850514859,186.70245440061717
BTC,1730113200,2024-10-28,-1.0142857142857142,-1.0142857142857142,282.6441955344152,282.4191336524466
BTC,1730145600,2024-10-28,-1.0142857142857142,-1.0142857142857142,394.90227730089697,367.58783709327327
BTC,1730210400,2024-10-29,-1.0142857142857142,-1.0142857142857142,430.51518193695546,394.65096516287514
BTC,1730232000,2024-10-29,-0.20177380409106052,-0.21089948528285465,470.1024272823757,446.57338322717305
BTC,1730491200,2024-11-01,0.2844995422427214,0.2830881110801641,673.5122784102405,676.5624536725667
BTC,1730646000,2024-11-03,0.6837779834737594,0.7205148442681748,365.72341148550714,347.78752006131543
BTC,1730743200,2024-11-04,0.19705970664252973,0.20314438413120545,509.0989384937971,495.7303953010123
BTC,1730818800,2024-11-05,0.0472990793999995,0.06304763288842595,481.98664285135527,399.13715383992115
BTC,1730876400,2024-11-06,-0.4728853196055167,-0.5405541715549158,859.7525481612525,746.11889801981
BTC,1730937600,2024-11-07,0.05543161288006696,0.0549735531449346,874.4581337517242,879.2526055787796
BTC,1731002400,2024-11-07,0.29657681495338134,0.30166586059721723,605.3151040384611,595.9870351183425
BTC,1731092400,2024-11-08,0.2395421833110434,0.24399540722452862,541.9024701928103,533.0488140537957
BTC,1731207600,2024-11-10,-1.0142857142857142,-1.0142857142857142,367.1167540079668,331.0026581624253
BTC,1731528000,2024-11-13,-0.07105442079878832,-0.07696960882809006,1237.4027504286125,1086.168346615429
BTC,1731708000,2024-11-15,0.13355132250897223,0.13017798825958316,1053.875176176902,1076.2694204982022
BTC,1731880800,2024-11-17,1.271121932533677,1.2974128069451727,593.071759569518,581.3126641517885
BTC,1731913200,2024-11-18,-0.23740710982342753,-0.261169236060812,628.6692515449301,564.4445785868481
BTC,1732024800,2024-11-19,0.24990224286051443,0.2785767150471693,787.7738839231754,714.2295673018808
BTC,1732111200,2024-11-20,-0.13204526048208723,-0.1361470223465088,704.222218149727,677.370850315091
BTC,1732305600,2024-11-22,0.290325939725308,0.2901300014620571,756.0426142358721,756.5074307155545
BTC,1732453200,2024-11-24,-0.11622766957805801,-0.12464210867282761,479.8615210943617,437.83240733238915
BTC,1732528800,2024-11-25,1.7716544354776362,1.7902836407464087,588.4483837029919,582.4213362955295
BTC,1732654800,2024-11-26,0.4275288990196066,0.43150737477079304,1122.6915856529238,1112.9832460877647
BTC,1732856400,2024-11-29,-0.49741784666635214,-0.5187123170366835,610.3491227740568,583.8321322182144
BTC,1733018400,2024-12-01,0.5088011082430912,0.5185849845814088,382.80439980798343,375.95935363936724
BTC,1733144400,2024-12-02,-0.1664702797781724,-0.17903136635640413,594.638746316015,544.9955729557084
BTC,1733234400,2024-12-03,0.7340830975808392,0.7881916527447633,645.3998841919549,602.6437214374903
BTC,1733346000,2024-12-04,-1.0142857142857142,-1.0142857142857142,807.3207093568778,725.4623023843303
BTC,1733439600,2024-12-05,1.183148840326739,1.7080642507687882,1732.4696345448303,1208.8134525867406
BTC,1733652000,2024-12-08,0.4197630212960726,0.4279689239859318,520.6444813951769,511.286364579421
BTC,1733716800,2024-12-09,-0.05267121383349359,-0.0533718483160596,671.6123861563726,652.6387235530163
BTC,1733907600,2024-12-11,-0.49508907793846363,-0.5041701768210104,925.948737754121,908.2686406582835
BTC,1733950800,2024-12-11,0.21041688860095037,0.2057764597371894,875.2848658789305,892.6167786388481
BTC,1734022800,2024-12-12,0.9328865090604984,0.9640472174266197,765.2217976801714,741.1996282709542
BTC,1734141600,2024-12-14,0.3838297623607504,0.41700354815547347,685.4767512490556,634.441885960522
BTC,1734238800,2024-12-15,-0.1029535705257848,-0.11022766792285996,517.213239100244,471.1388728771864
BTC,1734375600,2024-12-16,-0.10351217396068157,-0.10508482676668898,833.0009791265287,815.8795159824155
BTC,1734447600,2024-12-17,0.6520895213602583,0.7004233685991915,696.5204714063074,650.3397384375621
BTC,1734501600,2024-12-18,0.19073139651391283,0.18987197849726772,894.9529683866916,898.4739659548992
BTC,1734555600,2024-12-18,0.15889935827226215,0.18445705427454073,1052.5068413928293,926.234290730739
BTC,1734631200,2024-12-19,-0.32090464296728327,-0.36918150228855107,1142.9325386362443,980.9373493005712
BTC,1734685200,2024-12-20,0.2951997206196574,0.3201241189430457,1329.501676692742,1234.470267207568
BTC,1734843600,2024-12-22,0.18609078593377268,0.19117359545742377,768.7958914978466,751.0132677669117
BTC,1734966000,2024-12-23,0.33245777639666874,0.36437203308761623,934.6691417185442,858.7567680045862
BTC,1735164000,2024-12-25,0.5728776785615822,0.6089599944370763,674.2810147626194,636.1187851289748
BTC,1735286400,2024-12-27,-0.4479230250641257,-0.5145255018962522,703.9575305178508,607.4765713269159
BTC,1735502400,2024-12-29,-0.1827898642560376,-0.18592220212171898,407.12197609186705,399.0175127143187
BTC,1735567200,2024-12-30,-0.14792359409049205,-0.16056299365838672,538.0715106483855,486.54624223672323
BTC,1735653600,2024-12-31,0.8375246694235507,0.9149079510050574,740.6469444400482,679.8997863200518
BTC,1735826400,2025-01-02,-0.368786563936572,-0.3788757835916524,555.1445300217445,539.1556477157249
BTC,1735923600,2025-01-03,-0.1317264511021471,-0.13911521526733525,555.3361618301477,518.217405047851
BTC,1736089200,2025-01-05,0.7027402214124777,0.7691036194816866,331.6233236614548,304.03357932771985
BTC,1736121600,2025-01-06,-0.22849500059265346,-0.23414434950247062,378.8018981743223,368.39204418773136
BTC,1736265600,2025-01-07,-0.03190533230020195,-0.03299522393172423,711.3068535725262,536.0619961550277
BTC,1736312400,2025-01-08,-0.32669283648717107,-0.32309051856255433,686.2113229121172,694.6045015976644
BTC,1736359200,2025-01-08,0.5514515351322188,0.6283861306784588,930.500104901335,821.531651432206
BTC,1736431200,2025-01-09,-0.04396440874033199,-0.04513231205998074,827.4643842439026,769.1101061088176
BTC,1736496000,2025-01-10,0.33890904412961975,0.3431964448724321,808.7504563590054,799.4235683866211
BTC,1736676000,2025-01-12,0.9482395754183903,0.9877612064028858,339.56268927538287,326.3582807581045
BTC,1736730000,2025-01-13,1.7703998436617465,2.1190482048581116,474.7491042143219,397.6774968461933
BTC,1736776800,2025-01-13,0.938204198972334,1.0492605980346943,648.3879986489801,581.5801523912094
BTC,1736859600,2025-01-14,-0.2206150020534318,-0.24269328297170517,812.4495470312228,728.6772044951625
BTC,1736906400,2025-01-15,0.1405161002696041,0.14097736220642562,739.1100134403142,737.0992452434153
BTC,1737079200,2025-01-17,-0.5293605942839072,-0.5778869457383248,830.0442008679521,756.7183701654869
BTC,1737118800,2025-01-17,-1.0142857142857142,-1.0142857142857142,704.8041959136889,700.269134060895
BTC,1737255600,2025-01-19,0.20960334302498476,0.21512806600369022,750.5292926660303,733.5146228711095
BTC,1737316800,2025-01-19,1.2844001646393925,1.3434808209676212,790.5469696777,756.5059673452153
BTC,1737352800,2025-01-20,1.1068918158147873,1.3201537369314862,1111.1789513053584,935.4781014057711
BTC,1737745200,2025-01-24,0.4526515656664171,0.45588312562116756,978.2218696519525,971.6966288559487
BTC,1737943200,2025-01-27,-1.0142857142857142,-1.0142857142857142,541.0452582753427,512.1841242965237
BTC,1737979200,2025-01-27,0.6708905712485685,0.7526676719126104,750.1683949225538,671.6436560704423
BTC,1738080000,2025-01-28,0.5361091855377382,0.5603457598348266,844.2952191820323,809.5486975806501
BTC,1738180800,2025-01-29,-0.6175796994128365,-0.7371051603651045,813.958980140802,676.6489016900941
BTC,1738213200,2025-01-30,0.18660018466333203,0.18520525201755403,823.2764146841315,828.6484465829107
BTC,1738404000,2025-02-01,0.2000559371261352,0.20166446369632937,554.4893026459735,550.6154028495095
BTC,1738443600,2025-02-01,-1.0142857142857142,-1.0142857142857142,492.0866614684081,478.43178927366984
BTC,1738472400,2025-02-02,-0.6983077989890291,-1.0142857142857142,630.0133541795894,554.8589968087894
BTC,1738519200,2025-02-02,-1.0142857142857142,-1.0142857142857142,788.8524798574344,729.4272860003136
BTC,1738706400,2025-02-04,-0.0768508601550279,-0.08014099104759288,1230.929393310447,1152.396269718943
BTC,1738868400,2025-02-06,0.44559756678552037,0.4536591755670587,779.734056646584,766.6989840809365
BTC,1738940400,2025-02-07,0.9320460085766586,0.9988346055499095,785.8636086759981,734.776963189536
BTC,1739138400,2025-02-09,0.8077236195963915,0.9700383097255554,520.0112784305154,435.4882998482475
BTC,1739253600,2025-02-11,0.7307880277104836,0.7252239572438642,520.3520973439911,524.1930279089136
BTC,1739368800,2025-02-12,1.3401140817434234,1.7398451056479924,645.7854168806217,499.81275664066897
BTC,1739556000,2025-02-14,0.24371103980676456,0.279493568989738,670.9209046329969,592.9917434509197
BTC,1739750400,2025-02-17,-0.11810180054241172,-0.12904405539726785,347.1766782443062,309.36642272463695
BTC,1739822400,2025-02-17,0.5067021408616407,0.5009520683899639,455.5480992665471,460.4948761332042
BTC,1739869200,2025-02-18,-0.7094658985348536,-0.7174054138241739,462.7694257438584,457.43553541646287
BTC,1739905200,2025-02-18,0.7660627286392404,0.7840326512221474,583.2081828497097,570.3111199919955
BTC,1740009600,2025-02-20,-0.25116379574486347,-0.24683827860395074,508.42457002691964,518.5003061828363
BTC,1740132000,2025-02-21,1.689084402900205,1.8430536961487152,379.66694544297013,348.43363355396804
BTC,1740168000,2025-02-21,0.3480528046102344,0.3838314063310465,743.4086540858942,678.9131659386549
BTC,1740373200,2025-02-24,0.26799888452079124,0.2791087799968351,353.2094209943974,340.45553030165803
BTC,1740409200,2025-02-24,-1.0142857142857142,-1.0142857142857142,478.258836311477,421.04797756620604
BTC,1740445200,2025-02-25,-1.0142857142857142,-1.0142857142857142,787.9125974027866,752.339720279924
BTC,1740470400,2025-02-25,-0.4078239836357078,-0.49412193425737616,950.7422527722158,774.5055029854626
BTC,1740582000,2025-02-26,-1.0142857142857142,-1.0142857142857142,973.0580450629415,869.2463562216292
BTC,1740708000,2025-02-28,-1.0142857142857142,-1.0142857142857142,1136.5720029614758,970.6029262662049
BTC,1740733200,2025-02-28,1.0793956242920715,1.0702248691511436,1323.3993315535006,1334.444664749924
BTC,1740898800,2025-03-02,-1.0142857142857142,-1.0142857142857142,599.1408876063923,593.9678789607302
BTC,1741053600,2025-03-04,-0.09416459606388489,-0.10115095848576973,1578.822977437563,1426.8485910866057
BTC,1741096800,2025-03-04,1.17630082130824,1.1980036470082265,1190.6798774728352,1169.6121757399762
BTC,1741183200,2025-03-05,-0.39047062858135534,-0.41942980893606757,1169.9706121478473,1083.2860438515283
BTC,1741219200,2025-03-06,-0.08619517135459558,-0.0846373460394991,1102.025902444649,1132.6463564788523
BTC,1741521600,2025-03-09,-1.0142857142857142,-1.0142857142857142,492.66262149423676,494.146669301485
BTC,1741564800,2025-03-10,-0.07853971627363095,-0.08352633174890511,855.0566019060618,777.4686482065283
BTC,1741618800,2025-03-10,-0.3595977664586146,-0.3854175513160137,1211.9363664639168,1124.246086961141
BTC,1741784400,2025-03-12,0.28827133169212477,0.3089040575808716,928.5994092314683,871.8262868646574
BTC,1741888800,2025-03-13,0.5166145887649736,0.5218271567913331,848.6382621222568,840.6012053624297
BTC,1741968000,2025-03-14,0.0668599265238629,0.0788994424520677,726.6554500507256,645.2512539007811
BTC,1742140800,2025-03-16,-1.0142857142857142,-1.0142857142857142,391.45050711292026,320.7813153523761
BTC,1742166000,2025-03-16,0.5377659306984487,0.5494104298918482,598.5377446250187,586.4791095961738
BTC,1742281200,2025-03-18,-0.4684965183878152,-0.48283578520611015,549.3078055974172,531.9684060279876
BTC,1742400000,2025-03-19,-1.0142857142857142,-1.0142857142857142,509.17104976151995,488.6334382047135
BTC,1742562000,2025-03-21,0.36466580856797093,0.39137386730527685,536.767942915639,502.63009237068826
BTC,1742731200,2025-03-23,-1.0142857142857142,-1.0142857142857142,213.28768574864495,186.20596926777105
BTC,1742778000,2025-03-24,-0.5360855478872864,-0.586782353845231,355.62135174909156,323.32376342209824
BTC,1743015600,2025-03-26,0.7160257120260581,0.7211857541275205,521.9236496543747,518.3316227047115
BTC,1743084000,2025-03-27,0.8821304971592637,0.9807456694500245,467.6800727256788,421.985462935346
BTC,1743145200,2025-03-28,-1.0142857142857142,-1.0142857142857142,485.5939670477962,476.65888758993435
BTC,1743184800,2025-03-28,0.09227480540764782,0.09039968045794261,535.0364734438774,543.4692790934062
BTC,1743375600,2025-03-30,0.1433547775649849,0.1655429873852345,479.7739456907696,424.93347997467515
BTC,1743433200,2025-03-31,0.3838036903147265,0.41141443675976136,682.2013362559828,639.3906698141361
BTC,1743505200,2025-04-01,-0.5689980624333301,-0.5890969934436763,543.9776309676093,524.4720641189638
BTC,1743602400,2025-04-02,-1.0142857142857142,-1.0142857142857142,603.7176870819931,522.1113553190689
BTC,1743627600,2025-04-02,1.56781279538453,1.9876316157877514,882.5748527739398,698.8029183719352
BTC,1743685200,2025-04-03,0.18134693948627822,0.1934300277841752,737.1028557581402,696.983844662613
BTC,1743948000,2025-04-06,-1.0142857142857142,-1.0142857142857142,361.2575023700147,342.16654101386183
BTC,1743966000,2025-04-06,-0.684433108811063,-1.0142857142857142,588.2032928940865,470.8481615782477
BTC,1744012800,2025-04-07,0.47777868136795837,0.553839944863738,1017.5060212309627,884.6226382487287
BTC,1744394400,2025-04-11,0.2801993040255625,0.2917747634510928,937.135451816542,903.2727942639679
BTC,1744470000,2025-04-12,-0.2933572247708923,-0.30523796274811527,600.9169978076159,575.1121514851244
BTC,1744642800,2025-04-14,0.3250584984386092,0.35413385758142313,769.7473926690209,711.2671921050991
BTC,1744696800,2025-04-15,0.2805951221747382,0.27253414521965913,603.5674192194989,619.7256822363827
BTC,1744758000,2025-04-15,-0.21427775252286066,-0.21314571566754117,532.4535960652497,535.7192573010382
BTC,1745071200,2025-04-19,0.22436361395662274,0.22935801189414826,237.3844942271816,232.78791686004175
BTC,1745136000,2025-04-20,-0.1428327532493544,-0.14486138246613783,225.9982300716684,222.0557862310275
BTC,1745287200,2025-04-22,0.08559404813212068,0.09681970141758425,629.9627705033175,573.5652913112648
BTC,1745337600,2025-04-22,-1.0142857142857142,-1.0142857142857142,646.1512790305933,614.6536851098689
BTC,1745359200,2025-04-22,0.005227576887525843,0.013628524418177058,788.1888723722658,631.2803240932093
BTC,1745485200,2025-04-24,0.469085236676664,0.4740864117600148,617.6777084221012,611.5321475314931
BTC,1745586000,2025-04-25,0.017289975719970374,0.018452689850843897,544.2484892396797,530.7914499504241
BTC,1745733600,2025-04-27,0.049964351324487746,0.051429424285159044,419.135620742078,411.4598992606995
BTC,1745805600,2025-04-28,1.1416646756702853,1.1821358485444624,356.0185100900456,344.11762625081747
BTC,1745841600,2025-04-28,0.57253310407418,0.5857654399299123,427.4654650174172,418.2581930956798
BTC,1746021600,2025-04-30,0.34176524447601875,0.41476502072730626,516.9427471697594,431.8229584905101
BTC,1746093600,2025-05-01,-1.0142857142857142,-1.0142857142857142,453.55225314033913,436.31781107421097
BTC,1746115200,2025-05-01,-0.06092354786436549,-0.06145392373725317,556.1128286069761,547.143046192128
BTC,1746198000,2025-05-02,0.2819914686960775,0.3195512015544567,493.92341153412696,440.63290472906004
BTC,1746316800,2025-05-04,-0.23568408714548364,-0.24374211353994493,282.82743923251985,272.2357037888672
BTC,1746540000,2025-05-06,1.909136285438989,2.000900609695004,404.8730923726368,386.5664071705319
BTC,1746666000,2025-05-08,-1.0142857142857142,-1.0142857142857142,551.8511136449098,524.6311993099023
BTC,1746702000,2025-05-08,-1.0142857142857142,-1.0142857142857142,552.9044717578366,549.9771234315159
BTC,1746720000,2025-05-08,-1.0142857142857142,-1.0142857142857142,623.5369390477966,501.57593435916573
BTC,1746921600,2025-05-11,0.2903462679965259,0.3464004657416081,480.114915242762,408.3429856460507
BTC,1747015200,2025-05-12,0.191005035461745,0.2138126367690343,594.5862341485803,538.6374829292405
BTC,1747062000,2025-05-12,-0.11378720481348197,-1.0142857142857142,717.5398380697383,629.985210228949
BTC,1747288800,2025-05-15,-0.39788978028383365,-0.4045930729153176,475.3158253006546,466.84242724685873
BTC,1747364400,2025-05-16,0.2738488245665663,0.2694084733156557,666.2819066063037,676.2105148067891
BTC,1747414800,2025-05-16,0.8107719945303354,0.8291862483364357,557.0476551617553,545.0890132511215
BTC,1747591200,2025-05-18,-1.0142857142857142,-1.0142857142857142,340.76126848271906,297.74444298139
BTC,1747612800,2025-05-19,1.2639490754516047,1.3357374231832564,712.5700719677061,675.0754621190681
BTC,1747771200,2025-05-20,-0.08763082946088455,-0.09532425507469211,807.9033142174023,714.790492234126
BTC,1747846800,2025-05-21,-0.13829250268562565,-0.1410609076648055,866.3005656734427,844.9806091867839
BTC,1747936800,2025-05-22,0.17048036223486904,0.1694370841545228,871.6755108092176,876.2682424099266
BTC,1748044800,2025-05-24,0.2941222050903366,0.30243314487723677,828.0565327441498,807.2654968013923
BTC,1748167200,2025-05-25,0.29271477272276814,0.29289055479797493,545.4326992385637,545.134445333838
BTC,1748221200,2025-05-26,-0.11996752572114043,-0.12316585601749844,645.635571636166,623.8060002235636
BTC,1748354400,2025-05-27,0.6435114333952968,0.6944678315062399,593.1283940270566,551.3275012599075
BTC,1748444400,2025-05-28,0.10872663514816362,0.11337833762630745,551.8962442838482,533.8105707672215
BTC,1748530800,2025-05-29,-0.5000006413025445,-0.5489127219096384,612.6597726357815,555.069755146226
BTC,1748624400,2025-05-30,-0.3030642114268526,-0.33929375736947914,737.0581505004656,651.1187774620406
BTC,1748800800,2025-06-01,-0.11809335973074322,-0.12226319566383707,405.26382228549477,387.2271932305324
BTC,1748872800,2025-06-02,1.1305671327561224,1.2083759358149584,478.9270891885912,448.8007114338669
BTC,1748916000,2025-06-03,0.321378424436389,0.3274442225072713,534.4765782651282,525.3701612085995
BTC,1748962800,2025-06-03,0.6164086923277564,0.7405556556908733,497.5169947582402,417.2113789704132
BTC,1749038400,2025-06-04,-0.37123084055957734,-0.3906835442186367,435.584541487248,412.184890832421
BTC,1749135600,2025-06-05,-1.0142857142857142,-1.0142857142857142,535.3813122271343,497.5037208599914
BTC,1749153600,2025-06-05,0.30965717381211727,0.3438751941226379,656.3608116981569,596.0585664441684
BTC,1749301200,2025-06-07,-0.32500159291727204,-0.33270282788490796,416.0363185638271,405.5014199918134
BTC,1749391200,2025-06-08,0.179069114557786,0.19352247217295615,315.724192728339,295.17759216898037
BTC,1749463200,2025-06-09,-1.0142857142857142,-1.0142857142857142,372.11065452059364,319.5037817914085
BTC,1749682800,2025-06-11,-0.4027372977014399,-0.40473474749173083,532.6132892587984,529.7850807402441
BTC,1749776400,2025-06-13,0.32079186169011814,0.39046065011325115,784.504698968115,654.0719835041235
BTC,1750024800,2025-06-15,1.2543994728277836,1.3417727679271199,382.67653351093884,358.2770360887037
BTC,1750104000,2025-06-16,0.6238699127338223,0.6388966584209522,488.9416014741273,477.934032356753
BTC,1750176000,2025-06-17,0.23146491333021052,0.23982042017506375,596.3781787803213,577.8118848403457
BTC,1750424400,2025-06-20,1.2826463982467362,1.476816868818191,439.7809117863213,383.0563665391155
BTC,1750536000,2025-06-21,-1.0142857142857142,-1.0142857142857142,396.19720106572873,384.6131396092457
BTC,1750600800,2025-06-22,0.22525425785945688,-1.0142857142857142,684.147802990671,541.2722493745688
BTC,1750716000,2025-06-23,-0.5737217883151513,-0.560351685129318,876.607432429311,898.6472349238735
BTC,1750784400,2025-06-24,-0.15709292482391235,-0.16301929610090057,696.3370978693547,665.6430284746896
BTC,1750816800,2025-06-25,-0.3138763560899723,-0.3137783091514396,602.7035256974847,602.9107199819069
BTC,1750910400,2025-06-26,0.5305529252103369,0.5281702809240024,517.5541735928202,519.7691100230376
BTC,1751032800,2025-06-27,0.4012221069225366,0.41560175584654796,440.32437856717763,426.06933076465293
BTC,1751212800,2025-06-29,-1.0142857142857142,-1.0142857142857142,183.3743524657942,173.0639180400858
BTC,1751245200,2025-06-30,0.8561856082964888,0.8971899725257045,338.98894797672426,323.9742516672409
BTC,1751295600,2025-06-30,-0.11074248442568906,-0.12065607425023475,359.87645849261105,321.1331091458893
BTC,1751356800,2025-07-01,-0.5302772127326678,-0.5511479020569567,370.6042297780876,355.80301668409396
BTC,1751475600,2025-07-02,-0.04219851486167304,-0.04334972635727871,494.6031643481739,456.0741769903414
BTC,1751536800,2025-07-03,0.0027738506731515775,0.005153409474462348,467.14712695987663,434.18613672602106
BTC,1751619600,2025-07-04,-0.4875686303170296,-0.4845945186166334,407.7398029000624,410.3990185077596
BTC,1751796000,2025-07-06,0.9226737911337757,0.9469482582612111,179.98663754072317,175.50791735154866
BTC,1751914800,2025-07-07,0.04246250295305694,0.0449345267033205,408.2958175117105,394.5647265510726
BTC,1752066000,2025-07-09,-1.0142857142857142,-1.0142857142857142,307.55075242381736,292.1985026102645
BTC,1752091200,2025-07-09,0.41231652849776046,0.5842656343724025,537.8755607643833,386.95906543856717
BTC,1752411600,2025-07-13,-1.0142857142857142,-1.0142857142857142,333.297730837747,309.13678705603525
BTC,1752418800,2025-07-13,-0.18336018760204034,-0.204429659176229,399.9182985284659,352.0043214921938
BTC,1752552000,2025-07-15,0.07898133172839282,0.08553363355894855,807.9224138185747,761.5287533430798
BTC,1752670800,2025-07-16,-0.3518532148014627,-0.3507294632031682,713.1593501137559,715.6469924301992
BTC,1752757200,2025-07-17,1.061702313538591,1.0681432052251059,678.3774700707281,674.3934293069382
BTC,1752789600,2025-07-17,-0.09523348394834845,-0.10050796822945936,802.1697712729573,743.3535998324145
BTC,1752850800,2025-07-18,0.1319410041345217,0.1497311386952263,838.8669286150405,755.1690000469664
BTC,1753023600,2025-07-20,0.9862846909498576,1.027021098700806,347.6298550386672,334.2144592724109
BTC,1753084800,2025-07-21,0.5714066828124059,0.6100320922526354,532.5718097189268,500.3596412357673
BTC,1753149600,2025-07-22,0.9449206348895551,1.0713419655290048,730.4982879737545,646.5366178178895
BTC,1753210800,2025-07-22,0.34518253131688553,0.3571504020699737,812.2685081899656,787.0660857430393
BTC,1753344000,2025-07-24,0.5095162305661088,0.5592663848489582,652.5596336423974,597.3319131533519
BTC,1753416000,2025-07-25,0.13264958783307057,0.14152608622508442,654.0090265617625,619.8797209126672
BTC,1753635600,2025-07-27,0.35263429916424727,0.4256018482367148,308.96702601926006,259.3283357130501
BTC,1753804800,2025-07-29,0.14542121445488732,0.14969567772995043,520.9908295654766,508.49858568589787
BTC,1753902000,2025-07-30,0.6868728249704193,0.7819121672364353,605.1744343254408,534.210160042783
BTC,1753948800,2025-07-31,0.11910769136095622,0.11522449075186111,490.38753774505216,503.6304252639026
BTC,1754006400,2025-08-01,-0.6097788029322868,-0.6324195468851213,580.1912423121769,558.4374917208055
BTC,1754154000,2025-08-02,0.17825751167223328,0.17911821768236053,532.406841747675,530.2004449590349
BTC,1754319600,2025-08-04,-0.06590840329035273,-0.0687876403430981,421.10688563340346,390.9581845282811
BTC,1754377200,2025-08-05,-1.0142857142857142,-1.0142857142857142,379.1653189667518,377.9511127334252
BTC,1754582400,2025-08-07,-1.0142857142857142,-1.0142857142857142,457.34948305006895,385.45713559238214
BTC,1754737200,2025-08-09,0.5426712416870385,0.5545137369513675,368.1397658231468,360.6628247326188
BTC,1754802000,2025-08-10,-0.3818340078013958,-0.4476511610738177,410.8235062567907,346.3030067380826
BTC,1754841600,2025-08-10,-0.1543937272382708,-0.15614995530429832,463.01127442762237,456.63752630667057
BTC,1754906400,2025-08-11,0.566846500692549,0.6968601793188656,587.7216368552733,482.3886858441403
BTC,1755086400,2025-08-13,-1.0142857142857142,-1.0142857142857142,536.7825164188272,543.5796330664294
BTC,1755118800,2025-08-13,0.05030461496368036,0.05555809913174935,725.91296787927,680.5831961776757
BTC,1755176400,2025-08-14,-0.07743957520980105,-0.09225053825769701,882.5497669826283,677.2797490582153
BTC,1755273600,2025-08-15,0.22123355017815535,0.22511692481184947,635.0210847096326,625.300398918066
BTC,1755414000,2025-08-17,-0.35580283073219626,-0.37322593790187497,303.123196357233,287.79959607702
BTC,1755478800,2025-08-18,-1.0142857142857142,-1.0142857142857142,342.8358311462134,328.9193566189991
BTC,1755579600,2025-08-19,0.22003920314350453,0.23179710652508553,634.221813550918,605.5811838240653
BTC,1755655200,2025-08-20,0.5307849161531468,0.5509406701101972,583.4256824306616,563.1338118484047
BTC,1755702000,2025-08-20,0.7773877314882264,0.8776985707986119,604.5077661162268,537.5975942790137
BTC,1755795600,2025-08-21,0.19619221256002298,0.19771899108787847,584.84293949727,580.8970117662908
BTC,1755867600,2025-08-22,2.681170735404166,2.8853029068464893,538.6142392766997,500.8814884518304
BTC,1756044000,2025-08-24,-1.0142857142857142,-1.0142857142857142,328.13381691953134,329.1894951441104
BTC,1756065600,2025-08-24,0.4670397195505159,0.8429568951418006,622.1524988978797,353.7988449669473
BTC,1756130400,2025-08-25,-0.23898932836188844,-0.2497290656134238,715.2704899896314,680.5359122965256
BTC,1756306800,2025-08-27,0.4914944190583363,0.5444352643066469,609.2580144579252,552.9678617239197
BTC,1756357200,2025-08-28,0.016404295953628512,0.0189676880237067,668.6781821052147,632.6218884210012
BTC,1756468800,2025-08-29,-1.0142857142857142,-1.0142857142857142,581.0222340331586,519.6039443434022
BTC,1756479600,2025-08-29,-0.008499758437379887,-0.006942168589155238,752.5888072508035,698.3925616547115
BTC,1756519200,2025-08-30,0.4007523964136838,0.4182070464335066,663.1158393813834,637.2093654876442
BTC,1756702800,2025-09-01,1.108685038533657,1.1213168712386112,420.4378942797668,415.819270762825
BTC,1756904400,2025-09-03,-0.1402046667917923,-0.1452059678126208,530.9734507322952,508.20525463477895
BTC,1756969200,2025-09-04,-0.5940510836854125,-0.5885895037368005,514.55684734189,519.5750663681887
BTC,1757062800,2025-09-05,0.9871953024482569,1.0733205592631794,553.3019512477239,510.05517826678
BTC,1757178000,2025-09-06,0.23968764120569327,0.24334109772790657,361.8037702799139,356.94252183990733
BTC,1757401200,2025-09-09,1.2541674708153672,1.3856882722336947,455.18894898073,412.85809890232537
BTC,1757433600,2025-09-09,-0.08165203699687555,-0.08605972504545464,541.1715339710653,499.6793442765324
BTC,1757509200,2025-09-10,-0.2373664657053778,-0.26587429357933506,488.0110519529361,429.3849790262393
BTC,1757563200,2025-09-11,0.19163809684645072,0.19874524054779458,437.4275549748444,423.7512130498323
BTC,1757638800,2025-09-12,0.3292877204018666,0.35414082368954075,493.94533477765293,461.86882206824146
BTC,1757703600,2025-09-12,0.209895393642616,0.22173105639031723,449.07115561950525,427.83662912869835
BTC,1757898000,2025-09-15,-0.2514591961166235,-0.2500516533481353,331.59545829982744,333.7028012459671
BTC,1758045600,2025-09-16,0.014830063114391346,0.01740264594933433,471.0832160729818,444.72269423244273
BTC,1758135600,2025-09-17,1.5066014942099826,1.7933275754804272,529.4052281459442,446.08870723409336
BTC,1758168000,2025-09-18,0.1147649196400893,0.12226947690425954,606.68491338761,576.5014451866563
BTC,1758222000,2025-09-18,0.558905327705059,0.5530184009507889,446.6656961015424,451.18690349396877
BTC,1758502800,2025-09-22,-1.0142857142857142,-1.0142857142857142,284.55656601976017,222.66937879051122
BTC,1758549600,2025-09-22,-0.5054550081450462,-1.0142857142857142,471.3639217493973,361.5934541916583
BTC,1758596400,2025-09-23,0.65865662880511,0.695626241867499,488.9165092295574,463.9577791702922
BTC,1758661200,2025-09-23,0.6432157926221408,0.6477972620473638,492.8601384659818,489.52168757874887
BTC,1758726000,2025-09-24,-0.038684137561727276,-0.039795813234576684,466.17436720573374,420.0039339138672
BTC,1758805200,2025-09-25,-1.0142857142857142,-1.0142857142857142,498.92791474636687,488.3216004960876
BTC,1758823200,2025-09-25,0.08992289602982426,0.11513370793182313,705.4707978259111,581.7070130432893
BTC,1758888000,2025-09-26,0.2893391243192397,0.28890605592399166,590.3996706231828,591.2050299018898
BTC,1759071600,2025-09-28,-1.0142857142857142,-1.0142857142857142,226.5864185115992,214.3669122432605
BTC,1759158000,2025-09-29,-0.25714396591117983,-0.2798602996728861,464.94774460293996,422.91680188008985
BTC,1759309200,2025-10-01,-1.0142857142857142,-1.0142857142857142,579.0500209852053,461.48694567637415
BTC,1759338000,2025-10-01,-0.37889773993406395,-0.3930286995333834,585.0626986755053,562.378290881313
BTC,1759413600,2025-10-02,-0.47606529214892723,-0.49848021415141,511.1450778021081,486.76316070996256
BTC,1759633200,2025-10-05,-1.0142857142857142,-1.0142857142857142,479.8306028240203,361.334495348945
BTC,1759654800,2025-10-05,0.6354524389840887,0.7735720926712975,609.6811830472421,504.70127405087624
BTC,1759752000,2025-10-06,-0.4513025689803953,-0.4640756235395736,576.2257570921207,559.3254307145909
BTC,1759852800,2025-10-07,0.11963630326664174,0.13433015156136233,779.0031213785063,708.7364384076221
BTC,1760029200,2025-10-09,0.3109026069997114,0.3394979211147509,882.9036266016521,814.3108286479331
BTC,1760112000,2025-10-10,-1.0142857142857142,-1.0142857142857142,786.9604599730654,683.9151107402241
BTC,1760133600,2025-10-10,0.9914999340125271,1.7980347464432487,1945.466129631644,1086.4489088340779
BTC,1760418000,2025-10-14,-1.0142857142857142,-1.0142857142857142,714.4742575959411,737.1076620263979
BTC,1760608800,2025-10-16,-0.42467581381251585,-0.46829540092393457,872.6487584569744,786.0840475690491
BTC,1760864400,2025-10-19,1.6528455403185647,1.8035250190651693,446.82041544246266,410.07198586111457
BTC,1761058800,2025-10-21,1.085017917517156,1.4346782357473307,945.4062122739939,719.4905362950705
BTC,1761134400,2025-10-22,0.07055179966733494,0.07681661706266714,846.017643795839,795.7259240878258
BTC,1761210000,2025-10-23,-0.7780898428708402,-0.8291861829193359,792.0628805906337,741.5123329437604
BTC,1761282000,2025-10-24,0.11434702492155195,0.12127372317043368,711.0348420121239,678.166752936133
BTC,1761548400,2025-10-27,0.49904115737340327,0.5169301741983732,538.344138149211,520.6898410837651
BTC,1761663600,2025-10-28,1.3276256671755644,1.582587317349406,609.1718861867151,512.7720312780014
BTC,1761757200,2025-10-29,-0.3516901737241521,-0.349355877261727,622.1772827265847,626.7047660132445
BTC,1761854400,2025-10-30,1.006351546070539,0.9988828979756369,943.4325296892579,950.2904165884318
BTC,1762059600,2025-11-02,-0.03183591777857785,-0.0321290381535362,364.0910884200204,334.09271060617533
BTC,1762124400,2025-11-02,-1.0142857142857142,-1.0142857142857142,397.9479214602472,386.9700692648814
BTC,1762185600,2025-11-03,0.10220958018022237,0.13002811460364788,804.1578240789021,663.1076567003563
BTC,1762268400,2025-11-04,-1.0142857142857142,-1.0142857142857142,946.42480462475,882.3628665189618
BTC,1762290000,2025-11-04,0.5313014038181255,0.5466221659156931,1128.6032276605076,1098.5419374805472
BTC,1762516800,2025-11-07,1.26646859491368,1.2963230555690575,768.2365987266987,750.9255678595218
BTC,1762660800,2025-11-09,0.33261546636719563,0.32804298553632,500.6509758868593,507.0702817243103
BTC,1762704000,2025-11-09,-1.0142857142857142,-1.0142857142857142,579.142836548623,531.7345932062096
BTC,1762826400,2025-11-11,0.5553755383737368,0.6048685232580139,730.8540401068161,673.7497354996477
BTC,1762866000,2025-11-11,-0.8633044833636307,-0.9074961566891643,695.8871422009339,660.8984608317745
BTC,1762966800,2025-11-12,0.19012157973959867,0.1942752636800734,793.0229355202786,778.2416228679929
BTC,1763053200,2025-11-13,-0.513080594939686,-0.5160267011665375,918.7442279712437,913.1914762767245
BTC,1763121600,2025-11-14,-0.41565471766382495,-0.42135552503640794,1038.6395159105682,1023.5648632883041
BTC,1763308800,2025-11-16,0.1888235136852896,0.20721164970733183,589.3027098125698,543.3444567212294
BTC,1763402400,2025-11-17,-0.5930899375517737,-0.6288044199233408,978.8366896410663,920.5948965365333
BTC,1763575200,2025-11-19,1.013384831457755,1.0429785265396758,915.6019109961688,890.3151349189509
BTC,1763665200,2025-11-20,-0.18474963545290812,-0.1896409817741685,1039.910956940897,1008.3310305517356
BTC,1763712000,2025-11-21,0.4268968922889857,0.5190462497107694,1182.6822218868874,983.6685466474173
BTC,1763881200,2025-11-23,-0.5996665490469342,-0.6312054016931989,734.1484043489714,695.7267431450457
BTC,1764010800,2025-11-24,0.07435257668288828,0.08188699944391867,848.1153483654379,790.2649905473947
BTC,1764331200,2025-11-28,0.39021258168410133,0.42093234901058196,510.93504845342244,476.01697525753224
BTC,1764442800,2025-11-29,0.4895152655003313,0.5060750183730102,401.87427445661325,389.4269109532756
BTC,1764493200,2025-11-30,-0.3117682249847149,-0.32482361851808295,325.40723229014895,311.0670193893911
BTC,1764561600,2025-12-01,-0.40276515337415525,-0.4014541472347749,668.96594076993,671.3179362137707
BTC,1764594000,2025-12-01,0.4915598917916248,0.5496675363101912,639.7560189701184,575.4664819678195
BTC,1764702000,2025-12-02,-0.23464338198650594,-0.23535434919795525,871.9561847593449,868.9581989716027
BTC,1764738000,2025-12-03,-0.018337723090404143,-0.018294091068226756,812.9997502299884,809.5481925553725
BTC,1764802800,2025-12-03,0.17236884451887907,0.17335390863464395,797.5504239908007,793.6596873747081
BTC,1764878400,2025-12-04,0.09426146935348498,0.10093064413128666,770.2450253129051,730.5784887985129
BTC,1764946800,2025-12-05,-1.0142857142857142,-1.0142857142857142,609.1576931127322,568.5505925829422
BTC,1765033200,2025-12-06,0.3369226860170379,0.3490338520293424,445.2993337458911,431.0169748032672
BTC,1765116000,2025-12-07,0.4855678376464785,0.5409698431236276,382.89792295191234,345.65160933282823
BTC,1765180800,2025-12-08,0.7400401954535258,0.7265776640090946,662.2404584778872,674.0466475915712
BTC,1765260000,2025-12-09,0.2974221476340696,0.29960459069553536,653.4659877819919,649.1202945344522
BTC,1765314000,2025-12-09,-0.1389384003009058,-0.16808292852678922,696.7146466858331,551.1680810462824
BTC,1765425600,2025-12-11,0.1661266532777733,0.1642888078825743,781.150846397983,788.594757659367
BTC,1765465200,2025-12-11,1.4593114239836424,1.5881730832581764,599.8456118150362,552.0352742623476
BTC,1765713600,2025-12-14,-0.6878922894441792,-1.0142857142857142,304.061796935889,237.72578131557324
BTC,1765756800,2025-12-15,1.257216423214391,1.3957457045780146,455.69170398450194,411.37106582946353
BTC,1765983600,2025-12-17,0.7198357506937599,0.8910581012990407,737.8565547691962,600.4778282129806
BTC,1766088000,2025-12-18,0.5540795127325796,0.5819377538636584,959.5061180300081,915.7227424938548
BTC,1766307600,2025-12-21,0.23906308504575566,0.2701562669714761,265.7462080716174,238.0859163848186
BTC,1766365200,2025-12-22,-0.2711588443417263,-0.30148145497402623,414.5663166790253,368.5044948851034
BTC,1766408400,2025-12-22,1.3258035869888618,1.3865519843724783,463.5432737303633,443.6442947865454
BTC,1766462400,2025-12-23,-0.08603260237295329,-0.08606895904694446,551.0304619293705,550.6820359239377
BTC,1766502000,2025-12-23,0.3276771185698129,0.3703859957922402,513.1569799748474,458.2229015113739
BTC,1766588400,2025-12-24,0.6051558240152076,0.6658885114720587,481.30214452563206,439.2107710276033
BTC,1766678400,2025-12-25,1.069087425766282,1.2337405869732356,325.9795010993504,283.459462722377
BTC,1766721600,2025-12-26,-0.07874878350401099,-0.09463074905075873,490.6026411757871,372.6520751123856
BTC,1766764800,2025-12-26,0.2371221014866046,0.24394056471375972,547.752463834918,534.0472687452964
BTC,1766876400,2025-12-27,-0.06784638747481501,-0.07172342197807337,209.8756401791356,191.0191509621464
BTC,1766919600,2025-12-28,0.6680555619738319,0.673746082536951,189.99715005809108,188.45770006256
BTC,1766991600,2025-12-29,1.391729028376375,1.6241043047208257,377.41108948812143,324.34501944874586
BTC,1767283200,2026-01-01,-1.0142857142857142,-1.0142857142857142,224.8175927152167,226.95279215484894
BTC,1767351600,2026-01-02,-1.0142857142857142,-1.0142857142857142,309.5886184592086,304.34774295607065
BTC,1767373200,2026-01-02,0.15607730018669047,0.18822855061289095,544.446903304288,463.7058958661561
BTC,1767625200,2026-01-05,-0.2175118541719295,-0.24655459596509866,460.7801624416906,399.38863647566717
BTC,1767801600,2026-01-07,0.03679990046663942,0.040490369673324665,575.9187090512964,545.1432251321654
BTC,1767884400,2026-01-08,0.8554679537330319,0.890088360440269,577.214104047983,555.4613428209047
BTC,1767974400,2026-01-09,0.4516184489236022,0.573720029228461,614.1023126601955,489.60633671097946
BTC,1768111200,2026-01-11,-0.5080725880409699,-0.49464432594225705,175.8732526626719,180.9404259444159
BTC,1768165200,2026-01-11,2.129913740552614,2.2434052577976673,226.06594985223884,214.77333061010373
BTC,1768230000,2026-01-12,0.6202914184903007,0.6831643264945105,466.838696476431,425.5993654361567
BTC,1768298400,2026-01-13,-0.6804299330063316,-0.7053792130188917,488.16904388323434,470.1735857204062
BTC,1768338000,2026-01-13,-1.0142857142857142,-1.0142857142857142,569.0069837769237,583.0175209905336
BTC,1768345200,2026-01-13,0.3172884119731143,0.39876064795874394,692.1879094811236,560.2200563642866
BTC,1768402800,2026-01-14,-0.1763995664686323,-0.20349336275448626,612.0427690163987,517.2429820176599
BTC,1768489200,2026-01-15,-0.10944165481505877,-0.12066633188758698,608.3821238706929,534.2315180145926
BTC,1768586400,2026-01-16,0.10976916500159714,0.1317560263040414,492.2013619630981,424.7022359602605
BTC,1768701600,2026-01-18,0.1837955610749713,0.18550837205110796,213.90195510775106,212.19056703911698
BTC,1768924800,2026-01-20,-1.0142857142857142,-1.0142857142857142,490.9683143916072,455.73664626788496
BTC,1768950000,2026-01-20,0.31518251836686373,0.3699086391979304,626.6857914052736,540.6185445902947
BTC,1769014800,2026-01-21,0.7887582054665295,0.9905297024968357,775.0710913280742,621.6150214302337
BTC,1769187600,2026-01-23,0.38005158250961346,0.40730473352256047,552.2100032711045,517.683080445805
BTC,1769335200,2026-01-25,-1.0142857142857142,-1.0142857142857142,250.94882875084141,222.25258480859844
BTC,1769367600,2026-01-25,0.3000516288597642,0.3614798105249343,379.40994803433733,319.6576363446719
BTC,1769486400,2026-01-27,0.44879525864948044,0.43467187142089053,522.5333201446634,538.4643447711765
BTC,1769547600,2026-01-27,-0.06345945971690134,-0.06590548916162524,606.8393049511038,567.0807899473427
BTC,1769594400,2026-01-28,-0.04265740025802486,-0.043258616363996395,468.14560337100505,448.9821882456986
BTC,1769698800,2026-01-29,-1.0142857142857142,-1.0142857142857142,489.016064218973,444.5380691588943
BTC,1769713200,2026-01-29,-0.330129404196353,-0.34364859241777773,780.300085905823,746.8193232831939
BTC,1769871600,2026-01-31,-1.0142857142857142,-1.0142857142857142,658.4437039827925,547.3670658276226
BTC,1769882400,2026-01-31,0.11277787092046472,0.13425937717956704,880.5945909803926,764.4218672096528
BTC,1769990400,2026-02-02,0.3179134502536009,0.34663546999302447,957.6835164296571,884.3730176934768
BTC,1770130800,2026-02-03,-1.0142857142857142,-1.0142857142857142,714.8155723948395,671.4652318098275
BTC,1770145200,2026-02-03,0.6456075785203365,0.7166047037403545,967.1742438871564,875.0261088015538
BTC,1770228000,2026-02-04,-0.47057778360728314,-0.49796638291311957,963.8258319217674,907.5878189926727
BTC,1770307200,2026-02-05,-1.0142857142857142,-1.0142857142857142,1181.6537312604767,1049.7701721266674
BTC,1770332400,2026-02-05,-0.01746900378954041,-1.0142857142857142,1440.8692849908075,1293.6284607593311
BTC,1770595200,2026-02-09,0.6679647879564631,0.7908538968795673,770.0717413038911,654.5841829426518
BTC,1770735600,2026-02-10,0.17942543490223326,0.20543932692955447,732.5522552789128,651.1178133772909
BTC,1770786000,2026-02-11,-0.17278330503949368,-0.17733834839302165,684.528523411855,663.5691790589208
BTC,1770915600,2026-02-12,0.23910088385600894,0.26748890920088236,746.0614741546482,674.524664474237
BTC,1770998400,2026-02-13,-0.13873494789293606,-0.15243190096154013,663.6887253111828,590.2955503351196
BTC,1771074000,2026-02-14,-0.3311643829221898,-0.34390748572522317,427.62774544692195,410.346802788993
BTC,1771142400,2026-02-15,0.8802176606331846,0.900022925796513,484.8712638829917,474.529822643222
BTC,1771261200,2026-02-16,0.24936829746871897,0.2742100885630135,635.399838874958,583.2682880191855
BTC,1771340400,2026-02-17,0.07835823517746936,0.09627223727722267,559.540042246181,479.2508147266562
BTC,1771462800,2026-02-19,0.07819762372667007,0.08510873362193794,575.180047491345,540.2123588368335
BTC,1771509600,2026-02-19,0.6508405526153239,0.6957249715213423,439.51451672935207,412.2779410931486
BTC,1771549200,2026-02-20,-0.5520585533701535,-0.5559139279163802,490.58376710417093,486.9971338044924
BTC,1771686000,2026-02-21,0.39700485242379996,0.40981561910478054,335.87398166489567,326.058903331426
BTC,1771772400,2026-02-22,-0.2139822952203526,-0.22666103888864308,256.3881163834677,239.97797148988823
BTC,1771822800,2026-02-23,0.6032233871191254,0.9197235904241652,458.85602404950856,305.70956436100903
BTC,1771869600,2026-02-23,-0.12020077285888023,-0.13040650295251255,564.07382032081,507.5433449608722
BTC,1772028000,2026-02-25,-1.0142857142857142,-1.0142857142857142,567.6036105509321,560.5954267471571
BTC,1772038800,2026-02-25,-0.0300735546508042,-0.0301309518511075,627.6817610715732,604.5803580770787
BTC,1772470800,2026-03-02,0.3589764995844815,0.36760091266752626,905.9303458079355,886.2088339470076
BTC,1772614800,2026-03-04,-0.7244226690757972,-0.8085345242259288,859.3462338641745,766.6736364691112
BTC,1772866800,2026-03-07,0.051939047076600235,0.051133134077703146,470.8171698231102,475.57772134796534
BTC,1772913600,2026-03-07,-0.5995965494138763,-0.6331744191475489,381.58941682928406,360.3970642776897
BTC,1773010800,2026-03-08,0.7348315750735477,0.8481518388750352,522.8955061665407,455.3090066408908
BTC,1773050400,2026-03-09,-0.09672238241821433,-0.09867926568310763,655.5615194702378,637.2631748141022
BTC,1773230400,2026-03-11,0.6539885055556991,0.6569156512833965,573.0109052100335,570.5640517646508
BTC,1773363600,2026-03-13,-0.1301859723101258,-0.1434440463324384,645.4925265432743,570.9927208927566
BTC,1773410400,2026-03-13,1.302140867582838,1.3584965680363932,589.1903602369374,565.2519264090096
BTC,1773633600,2026-03-16,0.06412306134804358,0.08424249333335938,570.846074672349,469.0403881086841
BTC,1773910800,2026-03-19,-0.27269030115501847,-0.29459369203990027,541.7033046255526,497.1012511352106
BTC,1774105200,2026-03-21,1.746448686144768,1.8285675583197067,322.8341685292749,308.55910456998805
BTC,1774137600,2026-03-22,-0.01994432817494105,-0.016698331581854544,378.2101740908679,274.8109567132417
BTC,1774180800,2026-03-22,-0.06695921195383042,-0.06849053142999628,387.32560513999255,372.46757476614613
BTC,1774267200,2026-03-23,0.15138821914339276,0.20828816139835596,716.6844753923276,544.5178965763523
BTC,1774429200,2026-03-25,0.32454282672002177,0.33578071276376337,502.4678804941754,486.9700251475733
BTC,1774540800,2026-03-26,-0.10870855372649695,-0.11367039383770336,492.2277185435923,463.5275430469454
BTC,1774634400,2026-03-27,0.19096581443810787,0.19473843346472705,565.7484599888927,556.1906492188075
BTC,1774807200,2026-03-29,-1.0142857142857142,-1.0142857142857142,295.41484422324123,288.31290916349013
BTC,1774825200,2026-03-29,1.8513050092035948,2.5120388232634525,390.35848289808376,288.8383661979367
BTC,1774922400,2026-03-31,0.9534703639935036,1.089813396227614,525.5144401840904,461.4486278905593
BTC,1774980000,2026-03-31,0.27542874972707,0.292886783957195,694.9995923770266,657.2549456367973
BTC,1775023200,2026-04-01,-0.0306362853230299,-0.03064872311191651,561.782312065503,558.4186437628498
BTC,1775134800,2026-04-02,0.547199755061962,0.530694834217974,465.4031356601045,479.137992249344
BTC,1775318400,2026-04-04,0.2699599515225934,0.29364552218954587,197.1460611469076,182.65421969667022
BTC,1775404800,2026-04-05,-1.0142857142857142,-1.0142857142857142,246.89228190100908,186.87322666262523
BTC,1775437200,2026-04-06,-0.35755475464100683,-0.3714156164290392,363.0231746253172,348.3464957503411
BTC,1775606400,2026-04-08,0.06908258982133449,0.08056297881468866,661.4898589972321,591.9044635354803
BTC,1775656800,2026-04-08,0.8664191181499755,0.982070663924839,541.4773872555741,479.5141093521567
BTC,1775775600,2026-04-09,0.6474648771575098,0.7076751806032946,581.1818043948883,533.6527124252646
BTC,1775833200,2026-04-10,0.08001539496913254,0.08781555566073548,479.6688270954225,447.5218137950703
BTC,1775937600,2026-04-11,1.7423671659178663,1.9199615559932397,317.4216697651212,288.49102897782245
BTC,1776024000,2026-04-12,-0.3777967724008794,-0.3841038591056648,343.372231806988,337.2808650229103
BTC,1776124800,2026-04-14,0.04490325276660695,0.04424908551720439,559.7263375190473,564.7545173282048
BTC,1776178800,2026-04-14,1.0432118491064597,1.1380337716083702,498.08843659090587,457.6037009440525
BTC,1776240000,2026-04-15,0.05991170384019943,0.06038406729691091,470.21068481346214,467.71381441449785
BTC,1776348000,2026-04-16,0.7445733643034419,0.9231040508038039,500.3387325107271,406.4770965500143
BTC,1776416400,2026-04-17,-1.0142857142857142,-1.0142857142857142,459.8077294055741,426.8152470521573
BTC,1776711600,2026-04-20,0.25085552903158126,0.2513620622438952,542.2935205368085,541.3122528857936
BTC,1776762000,2026-04-21,0.6034535429396212,0.6496688840950161,457.9385063482581,426.73454529812324
BTC,1776837600,2026-04-22,-0.3728347523313565,-0.3922557839183399,591.5322460688993,559.943957304969
BTC,1776873600,2026-04-22,0.5143897188118935,0.5203892117650605,492.3846127372634,487.00342910166853
BTC,1777136400,2026-04-25,0.199663202838435,0.2045599560865304,246.71352932173383,241.53149311571323
BTC,1777204800,2026-04-26,-0.4076790416445,-0.44143969889806195,232.7797395394517,213.74510411940986
BTC,1777240800,2026-04-26,0.893593351500773,-1.0142857142857142,298.1741660792854,235.1683327007689
BTC,1777309200,2026-04-27,0.04949734399091742,0.06178240175780019,456.3009763527249,394.25951299524246
BTC,1777363200,2026-04-28,-0.27731977900418164,-0.28307572283571797,384.32415665745054,375.6321687080231
BTC,1777492800,2026-04-29,-0.12487091302295131,-0.13894423768684389,503.1921316415548,439.03152638321296
BTC,1777600800,2026-05-01,-0.5633180055248089,-0.5617860009149367,339.38639742154635,340.361504915511
BTC,1777640400,2026-05-01,-0.25604952077688287,-0.2761346662948595,370.59769723546225,340.53059702280535
BTC,1777759200,2026-05-02,0.6883523223239741,0.8223462844017806,249.4068777361552,210.13279140816704
BTC,1777842000,2026-05-03,-1.0142857142857142,-1.0142857142857142,236.0113655415887,212.93839366017195
BTC,1777917600,2026-05-04,0.007318733070589217,0.007805867496267938,643.4712093147011,634.8543792619855
BTC,1778058000,2026-05-06,0.19716110378775573,0.20680444700320844,428.88937940161753,411.3177932017414
BTC,1778130000,2026-05-07,-0.19033105691827792,-0.1861887879787391,401.76014307615475,412.31861562047436
BTC,1778299200,2026-05-09,0.06645030786874277,0.06495239625065,306.78694858183223,311.70056001120366
BTC,1778346000,2026-05-09,-0.05065343761169805,-0.05097090708565747,244.54296663652445,241.07704099317974
BTC,1778443200,2026-05-10,-1.0142857142857142,-1.0142857142857142,206.20911484033854,183.08596982805707
BTC,1778457600,2026-05-11,0.6563023643105973,0.8475002663633381,392.2933412896886,306.67744446581827
BTC,1778594400,2026-05-12,0.12779776236849752,0.13408791900806855,353.48578183487723,339.81622659140714
BTC,1778680800,2026-05-13,-0.34275486026434776,-0.36998834333528796,377.51376891350367,347.4009819068504
BTC,1778774400,2026-05-14,-0.14822769034947586,-0.14928687536276367,463.30331595995534,459.2381864184139
BTC,1778853600,2026-05-15,0.1715062720421408,0.2156098350839177,503.70430933056167,412.72617927906657
BTC,1778918400,2026-05-16,0.07320682822356687,0.07910103327105651,342.14436599162303,323.41470183713216
BTC,1779260400,2026-05-20,-0.06324618840003564,-0.06251341791013784,336.5148449839186,343.7798330596041
BTC,1779292800,2026-05-20,-0.1547614648448303,-0.15940962067407932,378.3183000008733,364.87816923171016
BTC,1779465600,2026-05-22,-1.0142857142857142,-1.0142857142857142,313.0088844251819,301.6526447655806
BTC,1779534000,2026-05-23,0.9206479570684573,1.1246079945860448,349.7249627512926,287.86995988600773
BTC,1779620400,2026-05-24,0.5023150206298622,0.5378104432185754,339.50762968459446,318.2305242757171
BTC,1779692400,2026-05-25,-0.09709897180474207,-0.09815686421398696,357.1869310098159,351.75669493364796
BTC,1779807600,2026-05-26,1.2553613457294925,1.500355351575327,439.6113565048232,369.16838392827157
BTC,1779922800,2026-05-27,-1.0142857142857142,-1.0142857142857142,435.81918842266094,429.7598952244044
BTC,1779951600,2026-05-28,-0.2604540643215886,-0.2979733355800859,469.5971659074621,404.19694790034356
BTC,1780066800,2026-05-29,0.6273853424914255,0.6700003807155581,382.4119596772634,359.0836488832072
BTC,1780315200,2026-06-01,-1.0142857142857142,-1.0142857142857142,356.165387915154,346.78503313939655
BTC,1780369200,2026-06-02,-0.6317275571442577,-0.6618215766686797,475.7261499374749,453.1181614711264
BTC,1780412400,2026-06-02,-0.5708970176979319,-0.6353475838572418,511.64836320358876,457.3020834500191
BTC,1780459200,2026-06-03,0.5577031891097592,0.5983491564855035,665.9970107549005,622.817550043739
BTC,1780516800,2026-06-03,-1.0142857142857142,-1.0142857142857142,599.8836486824173,584.2593139656801
BTC,1780534800,2026-06-04,0.06292308863807314,0.07003543305531357,736.96843794669,683.8121639425892
BTC,1780642800,2026-06-05,-0.342674129910125,-0.3620112245058921,860.091752492864,810.2126565307768
BTC,1780678800,2026-06-05,0.2766256273829676,0.2960161766403905,991.3501357704821,932.1278385220578
BTC,1780873200,2026-06-07,-0.16830375480501802,-0.20637697196877663,662.4706961066632,520.6169034994836
BTC,1781010000,2026-06-09,-1.0142857142857142,-1.0142857142857142,446.4172308631672,444.3000947757183
BTC,1781085600,2026-06-10,0.6510272525169433,0.6747514475406794,463.29863729708944,447.6708401660964
BTC,1781161200,2026-06-11,0.03359718572582632,0.033157126959393095,498.87368513625177,502.430122454425
BTC,1781258400,2026-06-12,0.13115827924373757,0.1337367312906556,427.54368930827667,420.75166540891365
BTC,1781388000,2026-06-13,0.09279721031677172,0.10405105661606309,255.04352687682663,233.4014904827364
BTC,1781622000,2026-06-16,-0.012269944735866479,-0.010816352474693616,438.34747546882056,402.46035819719106
BTC,1781683200,2026-06-17,0.3897166906733691,0.4007947707362401,343.7138707907903,334.84570700546647
BTC,1781794800,2026-06-18,-0.4853333984097071,-0.4986024026662322,450.88817596063825,438.15957411145655
BTC,1782014400,2026-06-21,0.19029411128253873,0.18985380781369093,245.42139319933403,245.91611575312913
BTC,1782075600,2026-06-21,0.36777045936751135,0.41104841686520066,250.55568767188547,225.88997133895367
BTC,1782140400,2026-06-22,0.5630435652642439,0.5945833590116778,388.0467670805016,368.4065183943867
BTC,1782205200,2026-06-23,0.027384321056859538,0.03357361396002825,438.8671945291314,395.15851718521833
BTC,1782331200,2026-06-24,0.3384964086233293,0.36643087247761735,469.06860954054133,435.89619488981396
BTC,1782396000,2026-06-25,0.3680938101807356,0.5437927902810826,652.0575693555392,451.89507469058077
BTC,1782576000,2026-06-27,0.46090469732263706,0.4622505126518798,358.39483277204954,357.41212760066884
BTC,1782666000,2026-06-28,-0.3325882002906172,-0.33808781190191195,293.71499871318923,288.4961524603573
BTC,1782738000,2026-06-29,0.011109409201688512,0.016370041813567722,470.10816205402523,415.07955913510386
BTC,1782828000,2026-06-30,-0.24888232835475846,-0.26892217936133633,378.7115653212898,347.13553188446616
BTC,1782871200,2026-07-01,0.3367750267133429,0.3981103452059294,426.1864650208475,364.92234694552843
BTC,1782943200,2026-07-01,0.27713026760776693,0.2899989166044402,473.4400573511751,454.3154463781887
BTC,1782986400,2026-07-02,-0.26460191620506773,-0.285376629669721,517.3181582049831,475.46878575921255
BTC,1783087200,2026-07-03,-0.34498225560660567,-0.3447450937263943,341.3283957820818,341.5844262268574
BTC,1783180800,2026-07-04,-0.04158084397599423,-0.04214894569069112,251.02698193251464,240.5236728504004
BTC,1783296000,2026-07-06,0.4921708224492205,0.594436951239881,306.1454238260639,255.8919948896071
BTC,1783350000,2026-07-06,1.2316093376591675,1.3659321469446284,363.9908638554408,328.93016107508964
BTC,1783382400,2026-07-07,0.5089218367563009,0.5475065081630892,475.75346931718053,443.88835157234826
BTC,1783479600,2026-07-08,-0.25187212764543104,-0.2542585033812052,475.20803183477494,470.18326505283466
BTC,1783623600,2026-07-09,-0.48086412047373894,-0.4809128730068265,419.4123545514088,419.3671510553633
BTC,1783674000,2026-07-10,0.3013487739672024,0.30598538653090757,363.51647352479455,358.4785099497786
BTC,1783782000,2026-07-11,0.661843698963719,0.67933300802256,203.1903831344895,198.17041260637353
BTC,1783839600,2026-07-12,0.6300245323875664,0.6524169358120492,225.5881259203142,218.17028945264633
BTC,1783904400,2026-07-13,-1.0142857142857142,-1.0142857142857142,245.9596807659213,198.95657928637675
BTC,1784044800,2026-07-14,-0.11358765144214415,-0.11948593732675984,418.67639507360167,391.51381007926324
BTC,1784167200,2026-07-16,-0.2524263875956511,-0.2577419373151729,336.5189178734237,328.7134500175334
BTC,1784246400,2026-07-17,-1.0142857142857142,-1.0142857142857142,320.3970817573704,324.90147266178326
BTC,1784509200,2026-07-20,0.8791750955926743,1.0310804123080028,241.65021514032853,207.00869322804627
BTC,1784563200,2026-07-20,0.004608355952892447,0.009557741585424096,472.0602429283578,410.7841077690006
BTC,1784613600,2026-07-21,-0.8333779264104464,-0.8465106040996616,370.3818434444847,364.4350621709833
BTC,1784793600,2026-07-23,-0.8225101505694361,-0.8563108982868844,286.75476831861204,275.04513511235115
BTC,1785193200,2026-07-27,-0.2741438640519897,-0.31643671576142157,353.70419253293977,301.7383611893196
BTC,1785247200,2026-07-28,0.6145607061345327,0.7066077168525509,321.7823527402944,281.4940721818556
BTC,1785416400,2026-07-30,-0.020812594906545422,-0.02081133774740643,341.7303019950271,341.67494061002935
BTC,1785463200,2026-07-31,1.036617960787698,1.2027145929080778,337.41283476810867,291.8968989810405
BTC,1785506400,2026-07-31,-0.31654801300205343,-0.3387225008362596,314.8470269130918,292.3367982140986
BTC,1785610800,2026-08-01,1.5022558451716763,1.6973177786673168,185.8845525800938,164.8756720093318
BTC,1785661200,2026-08-02,-0.23581494475702333,-0.2700638067100229,207.18208051772743,177.79916363447597
BTC,1785708000,2026-08-02,1.4572471747463787,1.5257092138262334,194.29405018962896,185.73590020421557
BTC,1785769200,2026-08-03,0.21040833457643393,0.24378674591746,330.3686786340208,289.88088468279165
BTC,1785870000,2026-08-04,0.025071705955415143,0.02654191429276877,322.4483992165916,313.8467376178682
BTC,1785934800,2026-08-05,-0.22038683472104872,-0.2353260483170162,274.0283390055565,254.22821123675317
BTC,1786078800,2026-08-07,1.120413381166568,1.1161358357494877,208.19372592573922,208.97170484310362
BTC,1786284000,2026-08-09,0.2986379843104814,0.35937903627326584,100.77425775702817,84.99612373833807
BTC,1786316400,2026-08-09,0.4557070864814306,0.6087985462969759,122.02541280988666,92.71582917987827
BTC,1786370400,2026-08-10,-1.0142857142857142,-1.0142857142857142,220.45862714500535,202.36236769462124
BTC,1786381200,2026-08-10,0.16359292787146903,0.1786939212834243,268.81750504284844,249.2319285076829
BTC,1786460400,2026-08-11,-0.30103058915531034,-0.33760204074011857,216.3050256338931,190.706950682654
BTC,1786640400,2026-08-13,0.30733811998065624,0.35678050939451283,287.3732794662115,250.50199327130431
BTC,1786698000,2026-08-14,0.2317205421334474,0.23752069436831955,232.06906506618884,227.0105316097417
BTC,1786899600,2026-08-16,0.4709132825396013,0.5824719239072396,74.89432728653446,61.220814000883145
BTC,1786986000,2026-08-17,-0.2785661540863687,-0.29738679156639236,217.21601138185017,202.00801225737723
BTC,1787083200,2026-08-18,0.3138266757627849,0.39220881627909077,245.15322642694125,199.48655153670597
BTC,1787148000,2026-08-19,-1.0142857142857142,-1.0142857142857142,203.7321859947246,186.74466184047267
BTC,1787277600,2026-08-21,-1.0142857142857142,-1.0142857142857142,729.8310355142652,623.0626536307466
BTC,1787302800,2026-08-21,0.3446622763594565,0.4349369860676001,924.208370596091,744.2059375650206
BTC,1787461200,2026-08-23,0.59901731914757,0.6110455660379673,449.6210996177456,441.1657995883408
BTC,1787572800,2026-08-24,-1.0142857142857142,-1.0142857142857142,555.2422428776333,509.49164617591276
BTC,1787641200,2026-08-25,0.1708238391856127,0.19008239057300677,713.5718853479741,650.7220303747417
BTC,1787756400,2026-08-26,0.551319398889795,0.5714151212649013,577.8181214529315,558.4649000262335
BTC,1787882400,2026-08-28,0.9037218985644201,0.9811906132072993,523.0511992993039,482.9228300146348
BTC,1787936400,2026-08-28,0.04240984158347773,0.05051037473024243,650.1916416923766,583.5909987456363
BTC,1788134400,2026-08-31,0.3196078337231746,0.3991906737091906,425.32277899786925,346.19376199770534
BTC,1788289200,2026-09-01,0.4937628281707594,0.529879729519157,488.73466338406257,457.12656056745203
BTC,1788346800,2026-09-02,0.5455662519245876,0.5485936794066123,458.56098946457,456.1556809618445
BTC,1788404400,2026-09-03,-0.1298433507345548,-0.13388057596862635,441.21663920706845,424.30176529991985
BTC,1788465600,2026-09-03,0.17718923986105745,0.178623472069153,566.9971582737078,563.0723242947619
ETH,1708182000,2024-02-17,0.6206957123371035,0.6614203271349307,20.211799298042553,19.01886078250738
ETH,1708297200,2024-02-18,-0.8552119488127461,-1.0142857142857142,20.299029129495597,17.95741598561066
ETH,1708437600,2024-02-20,-0.1378702305880269,-0.1547757525501173,27.52611531931038,23.838893420795795
ETH,1708527600,2024-02-21,0.7608380636962172,0.7784175202238298,33.782937359878794,33.04700946448486
ETH,1708635600,2024-02-22,0.6230837708168436,0.6609763531749633,32.308935360371635,30.533468849631003
ETH,1708830000,2024-02-25,-0.09555346123001764,-0.10088956300774635,18.51242715072996,17.146460008478417
ETH,1708869600,2024-02-25,-1.0142857142857142,-1.0142857142857142,17.73999495531214,17.589994567259225
ETH,1708963200,2024-02-26,-0.3687285612705537,-0.3895783426204202,26.844736428048,25.294331537897847
ETH,1709107200,2024-02-28,-1.0142857142857142,-1.0142857142857142,26.1841507699795,24.562162367670194
ETH,1709143200,2024-02-28,0.942083300368205,1.4261489291327694,58.552525444730385,39.068873555863476
ETH,1709190000,2024-02-29,0.07559611752024997,0.07216289499130488,53.704689456369145,55.53505018378213
ETH,1709452800,2024-03-03,1.1318496281117087,1.2807436336755738,22.285014435980838,19.750784777210132
ETH,1709485200,2024-03-03,-0.2346155319596869,-0.26360039614875513,25.19571531560036,22.08846264756961
ETH,1709668800,2024-03-05,1.1356999233935539,1.648697297120742,85.7139407800933,59.498090070869715
ETH,1709715600,2024-03-06,-0.11497230208365708,-0.11551945490074852,82.7041903077865,82.18374340838545
ETH,1709845200,2024-03-07,0.039406724513698664,0.04155390758332811,50.18419031120926,48.64758956591767
ETH,1710082800,2024-03-10,0.061169648570792656,0.06776898886149436,26.934631654935334,25.089603320699585
ETH,1710118800,2024-03-11,2.021072003557388,2.617316343282425,42.09930862898914,32.61233236968059
ETH,1710421200,2024-03-14,-1.0142857142857142,-1.0142857142857142,34.18410362861299,32.47518852312167
ETH,1710471600,2024-03-15,-0.1871127686933824,-0.21673910803630703,60.58807298036708,51.04869397885686
ETH,1710615600,2024-03-16,-0.2577104869142021,-0.2679232726166274,43.828656779386336,41.958553454723756
ETH,1710813600,2024-03-19,-1.0142857142857142,-1.0142857142857142,50.17538235842646,47.728104078305435
ETH,1710889200,2024-03-19,0.05237051764278874,0.05666524978057675,65.23193778941635,61.94516377321761
ETH,1710943200,2024-03-20,-0.7358495588993401,-0.7221131003178188,64.90071610382678,66.18615580412114
ETH,1711108800,2024-03-22,-0.637742458432289,-0.6412005680515063,44.32721816896772,44.07700418196524
ETH,1711324800,2024-03-25,-0.15300567250268415,-0.1524893086151724,31.020399835695315,31.14966136151802
ETH,1711382400,2024-03-25,-0.11435881609299747,-0.11427362198666804,35.569664254681925,35.6050230435036
ETH,1711440000,2024-03-26,0.9623505399134052,0.9963156718861158,33.81266673999162,32.69210264306789
ETH,1711533600,2024-03-27,-0.7350258623547637,-0.7530540691822531,32.91284966095878,32.09383809641715
ETH,1711699200,2024-03-29,-0.6133527449636487,-0.674649537016105,28.39645149431662,25.702332378494816
ETH,1711735200,2024-03-29,0.3944029680198079,0.4146573811772612,31.2345822297991,29.80724240132211
ETH,1711868400,2024-03-31,-0.10118560298322038,-0.10234562098610649,23.21467260860938,22.849647424656286
ETH,1711987200,2024-04-01,0.34562305120103193,0.39249787018130955,31.366424390546907,27.874610882127456
ETH,1712059200,2024-04-02,-0.23927305420725678,-0.24635387886135923,39.24303575551313,37.96711542901411
ETH,1712239200,2024-04-04,0.5294231489245095,0.5372361978432415,28.223520556857064,27.833791368922995
ETH,1712296800,2024-04-05,0.47529568300156894,0.4926020721051667,38.45118141130913,37.17434921217909
ETH,1712498400,2024-04-07,-0.13212055227527444,-0.1328361894000623,20.39059816157653,20.250644174005494
ETH,1712534400,2024-04-08,-1.0142857142857142,-1.0142857142857142,23.223223327334598,21.9380866602065
ETH,1712581200,2024-04-08,-0.21244002653377816,-0.21454674691975767,31.326719536847623,30.97185180891282
ETH,1712624400,2024-04-09,0.37920332456632244,0.3866916078246686,34.234586355777026,33.61724684468297
ETH,1712754000,2024-04-10,0.43341484042168504,0.5170656158932895,38.81376953152654,32.863290264720916
ETH,1712790000,2024-04-10,-0.24370154693248636,-0.2491047792154175,38.793797676007,37.84332057416142
ETH,1712930400,2024-04-12,-1.0142857142857142,-1.0142857142857142,28.01983551528253,26.515976708765827
ETH,1712944800,2024-04-12,-1.0142857142857142,-1.0142857142857142,36.48330180528908,29.125094251849788
ETH,1713038400,2024-04-13,0.004134762468610212,-1.0142857142857142,52.67678956402876,39.811157992030985
ETH,1713139200,2024-04-15,-0.7609311805212953,-0.811999908740329,57.4151860702604,53.672508075665064
ETH,1713366000,2024-04-17,0.01079029663552883,0.016279620112118635,39.269475044276426,34.46328081691308
ETH,1713495600,2024-04-19,1.2526111184417867,1.358402391898625,41.956773326019515,38.75652512032871
ETH,1713639600,2024-04-20,-0.38050708174905445,-0.41604235966582465,30.77672998922289,27.954170757624627
ETH,1713758400,2024-04-22,-0.10282220393482447,-0.11125384762837452,28.01317548295318,25.156496673949572
ETH,1713859200,2024-04-23,0.7855940488562294,0.7917883755060633,23.421002188422598,23.24415620291666
ETH,1713934800,2024-04-24,0.1634308438862138,0.1733291369317618,23.660434247513283,22.50046765116817
ETH,1713996000,2024-04-24,0.027460081964861976,0.0317680291689359,29.728170270109132,27.605721829348283
ETH,1714042800,2024-04-25,0.549960453220041,0.6047620840416876,30.095884288196544,27.49172154113472
ETH,1714183200,2024-04-27,0.4207711848979683,0.4485524707555096,27.246151991526983,25.65970214472134
ETH,1714276800,2024-04-28,0.11338410235309351,0.12711040077360308,27.95644102575758,25.491551873892778
ETH,1714330800,2024-04-28,1.856844807679353,1.939217349362649,24.608434978477273,23.578314592206294
ETH,1714467600,2024-04-30,-0.6841778063744065,-1.0142857142857142,35.50911154649571,30.11442781930308
ETH,1714550400,2024-05-01,0.15310161668713318,0.17535491814826623,40.622426896057036,36.18953665729219
ETH,1714687200,2024-05-02,0.2815888512396658,0.2824651857142172,31.062280831554006,30.974763972442787
ETH,1714899600,2024-05-05,0.20065087587397407,0.23553348526334103,25.178302719677905,21.852787544268526
ETH,1714978800,2024-05-06,1.0690862111444397,1.1346923726948894,21.52115221370115,20.307394691678184
ETH,1715011200,2024-05-06,-0.03785245641528746,-0.038009886673271334,30.784767648700647,30.271288237062233
ETH,1715126400,2024-05-08,-0.2317216337608935,-0.238349141896911,28.212762896710853,27.321436965688598
ETH,1715202000,2024-05-08,0.4238379511304869,0.4753005789215034,29.006598297107455,26.044028935346493
ETH,1715353200,2024-05-10,-0.33956995334876133,-0.43881089669008444,24.33635797465692,18.449154741938194
ETH,1715533200,2024-05-12,0.503000990599395,0.5335280248159907,15.017440437013777,14.201858932168692
ETH,1715569200,2024-05-13,1.411961036496971,1.6492096129170908,17.362627485275777,14.907444984143131
ETH,1715709600,2024-05-14,0.2591634289318431,0.2683986307320247,23.46406212306658,22.734374594071713
ETH,1715799600,2024-05-15,-0.2318477940411964,-0.2332476591957446,23.950504119454838,23.78669674402829
ETH,1715936400,2024-05-17,-0.3557618310987992,-0.377503061740707,23.08834750632362,21.649758852963863
ETH,1716004800,2024-05-18,0.003538308834497498,0.004318832964670369,21.444318272258787,20.935419677817162
ETH,1716184800,2024-05-20,0.633058580699338,0.6257860890546795,19.812540611661802,20.032736043328107
ETH,1716224400,2024-05-20,-1.0142857142857142,-1.0142857142857142,23.729364983057028,22.63008536636911
ETH,1716238800,2024-05-20,-0.5383721579505547,-1.0142857142857142,52.60879095379769,44.37639025793597
ETH,1716289200,2024-05-21,0.07976680131376569,0.08084316103218347,48.63076897374639,48.15236658711151
ETH,1716447600,2024-05-23,-1.0142857142857142,-1.0142857142857142,38.82717062358022,38.691568363855616
ETH,1716469200,2024-05-23,0.4274186743236996,0.5633476190980803,56.780680999524115,43.741502614872125
ETH,1716710400,2024-05-26,-1.0142857142857142,-1.0142857142857142,23.011621235049223,22.007899791591473
ETH,1716800400,2024-05-27,0.07068542601308261,0.07464684896870051,32.46986977723646,31.22370591394695
ETH,1716915600,2024-05-28,0.15183681993854414,0.15698943772259039,36.07690603022307,35.07512957100947
ETH,1716994800,2024-05-29,-0.08464636636730995,-0.0855226307177723,32.966089686993534,32.45886581676227
ETH,1717092000,2024-05-30,0.4196371844797863,0.4374138324970265,31.044217601181625,29.85992664742636
ETH,1717160400,2024-05-31,0.38804681579452666,0.41466174908407843,27.322032332454192,25.68141943495066
ETH,1717398000,2024-06-03,0.5507094068335343,0.5728231016126222,20.601899777925194,19.844353606996343
ETH,1717462800,2024-06-04,-0.07132889188924592,-0.07363717431377545,23.855484419601712,22.633598605724938
ETH,1717610400,2024-06-05,-0.3821283034926193,-0.41461036584850475,23.120143586821257,21.174770016576748
ETH,1717786800,2024-06-07,0.5420439039115329,0.7179130203714675,31.99553502654626,24.457499259357526
ETH,1717938000,2024-06-09,-0.15515489124660742,-0.1646788995833214,11.782175490455176,10.957727451259421
ETH,1718006400,2024-06-10,0.7618147787665456,0.8595657664569513,13.888327953133023,12.3597377956817
ETH,1718071200,2024-06-11,-1.0142857142857142,-1.0142857142857142,20.14680096701716,16.70809334909541
ETH,1718132400,2024-06-11,0.06995992788862994,0.08598368479947771,34.76775727839306,29.904507838269467
ETH,1718298000,2024-06-13,0.4044616989983106,0.41036069366123945,36.315268473730775,35.82721220247931
ETH,1718398800,2024-06-14,0.97397251284651,1.1294936086273888,28.18829063994022,24.40277453532023
ETH,1718434800,2024-06-15,-0.3502891781494092,-0.35149792385067724,29.475703952599954,29.365373487415344
ETH,1718550000,2024-06-16,-0.47697010011674584,-0.5057576147644403,19.12838596863666,17.97441565853178
ETH,1718676000,2024-06-18,0.42328465435839935,0.5115552508735812,40.30360386728874,33.716958010926355
ETH,1718773200,2024-06-19,0.27642946961750475,0.2705183405967695,34.92261378466706,35.61281484502607
ETH,1718820000,2024-06-19,0.28416804474322316,0.29735871977661477,30.148325469248704,28.928196659190895
ETH,1718895600,2024-06-20,-0.020371430334931082,-0.02011323302091926,30.66202750015012,29.726029615546288
ETH,1718956800,2024-06-21,0.004203181276391357,0.007073931605457042,25.80394670267746,23.72578875672956
ETH,1719158400,2024-06-23,-1.0142857142857142,-1.0142857142857142,12.142851507130018,11.720763161524662
ETH,1719208800,2024-06-24,-1.0142857142857142,-1.0142857142857142,23.186575388235905,20.701696571946343
ETH,1719540000,2024-06-28,0.4057192803864524,0.46538480958332934,19.861613679031905,17.462507038957455
ETH,1719716400,2024-06-30,0.46178261982153396,0.4928358200835731,13.966584860503175,13.134783695926481
ETH,1719770400,2024-06-30,-1.0142857142857142,-1.0142857142857142,13.741465007569404,12.620808469690132
ETH,1719806400,2024-07-01,0.18011987175864413,0.2374151108446618,20.919483844363732,16.413290293930174
ETH,1719939600,2024-07-02,-0.5192688724023067,-0.5751513971733111,17.345573486138143,15.572156061994917
ETH,1719979200,2024-07-03,-1.0142857142857142,-1.0142857142857142,19.10133663972235,16.59836253508562
ETH,1720015200,2024-07-03,-1.0142857142857142,-1.0142857142857142,20.693716978807004,17.62707982333062
ETH,1720062000,2024-07-04,-1.0142857142857142,-1.0142857142857142,30.323780062847277,24.61330160614319
ETH,1720141200,2024-07-05,-1.0142857142857142,-1.0142857142857142,37.82911820235979,35.354434987156694
ETH,1720148400,2024-07-05,0.1140616496559782,0.15444337874738523,49.31735191938166,38.43560975933407
ETH,1720281600,2024-07-06,-0.2481995108584874,-0.24494862713058554,27.78723503527488,28.204714653372935
ETH,1720389600,2024-07-07,-1.0142857142857142,-1.0142857142857142,25.492947303932986,22.002404788850917
ETH,1720432800,2024-07-08,0.5981496973039094,0.6149289043698895,41.12104651879061,40.04881932792835
ETH,1720515600,2024-07-09,0.2929513456928495,0.305937711681302,40.01493926877854,38.461473058684575
ETH,1720587600,2024-07-10,0.0511841655051223,0.054747900462171296,32.06223822605368,30.690871935750128
ETH,1720630800,2024-07-10,0.04952687489742769,0.051089581583050894,29.632983195447302,29.051674210481707
ETH,1720695600,2024-07-11,0.49211117437529617,0.48524312665828534,24.36362231793716,24.689285573163087
ETH,1720778400,2024-07-12,0.8562904961000807,0.8690374010024825,28.19487507933292,27.794480854666215
ETH,1720864800,2024-07-13,0.0376057486372364,0.04359644258975319,20.205498535039485,18.528229191580966
ETH,1720922400,2024-07-14,-0.46266956793693287,-1.0142857142857142,17.626034017589657,14.940344326635017
ETH,1721181600,2024-07-17,0.12960766471569973,0.13597414704763272,35.02359183424836,33.66848351380593
ETH,1721322000,2024-07-18,0.3342099104038738,0.35624429230136423,30.612694459651745,28.859824802701873
ETH,1721408400,2024-07-19,0.026081449288597174,0.026964239643395525,29.014287038564497,28.553078349223288
ETH,1721602800,2024-07-21,0.5941679543502157,0.5940977310804612,28.16128759171408,28.164463560307478
ETH,1721754000,2024-07-23,0.2022390554680705,0.21493158934504458,39.871919948325136,37.793606098196314
ETH,1721847600,2024-07-24,-1.0142857142857142,-1.0142857142857142,27.732232717518666,25.73778908040473
ETH,1722024000,2024-07-26,0.20310008609934277,0.2033784126827168,27.00868454214088,26.97627566076708
ETH,1722092400,2024-07-27,0.5289010716911332,0.5303328025687934,19.142520153733802,19.093483242482574
ETH,1722373200,2024-07-30,0.4101257579686966,0.43923364447742735,28.122229263520687,26.372400745329944
ETH,1722459600,2024-07-31,-0.45650872872830783,-0.4810911860546402,31.95394677975667,30.218096532045646
ETH,1722538800,2024-08-01,0.7242886825596144,0.7453071143156011,30.64124541532007,29.809033524190845
ETH,1722610800,2024-08-02,-0.4617793784657902,-0.5728882383713503,36.913977629745894,29.378898985880202
ETH,1722704400,2024-08-03,-0.08900738163255886,-0.09189939437954624,29.736320288109304,28.378344925656183
ETH,1722783600,2024-08-04,-1.0142857142857142,-1.0142857142857142,26.428475674800698,23.72912764978537
ETH,1722794400,2024-08-04,-1.0142857142857142,-1.0142857142857142,39.70676058948148,28.392665250210833
ETH,1722956400,2024-08-06,0.38693525421642555,0.4135947217396706,59.20482393916154,55.63519501140473
ETH,1723042800,2024-08-07,-0.4812629605108711,-0.5192822366702371,45.05748709227314,41.56652456090956
ETH,1723348800,2024-08-11,-1.0142857142857142,-1.0142857142857142,21.17740457814086,19.4718203149209
ETH,1723410000,2024-08-11,-0.018418845331127868,-0.017453279679585473,29.54912980265195,26.982909018240573
ETH,1723474800,2024-08-12,-0.04272946977528174,-0.045041574322883124,46.41481456940801,39.89903107474709
ETH,1723507200,2024-08-13,0.5057426818380459,0.5169202690326128,43.43084682515755,42.54091196555429
ETH,1723633200,2024-08-14,0.7932966560989442,0.8287136046089373,28.137987977704828,26.975525514451355
ETH,1723701600,2024-08-15,0.2152891938147818,0.2149228807177495,25.99845738915236,26.037569496010253
ETH,1723759200,2024-08-15,0.3142243803572066,0.352593449353635,31.11389931822251,27.981891573470403
ETH,1723834800,2024-08-16,0.26905352887413647,0.26581627511866357,31.73696979844794,32.08596747525164
ETH,1723950000,2024-08-18,-0.3767588781720877,-0.411950624026894,15.123216795302701,13.73500270263371
ETH,1723986000,2024-08-18,0.45027557793319944,0.5083528239069721,19.15911677354754,17.086741140743516
ETH,1724072400,2024-08-19,0.25458589327368747,0.296364271064975,21.048369723103924,18.342090471034997
ETH,1724133600,2024-08-20,1.321599927556102,1.3633714275495636,21.954885213886218,21.296030230339003
ETH,1724169600,2024-08-20,0.1344435111038464,0.1391153704462053,22.977736231880556,22.337562095871352
ETH,1724248800,2024-08-21,1.1081543473068771,1.3378866375549376,20.29136206389997,16.879928376507632
ETH,1724374800,2024-08-23,-0.39009336853376647,-0.4138468389782751,17.51326232672935,16.43351327493932
ETH,1724425200,2024-08-23,-1.0142857142857142,-1.0142857142857142,20.032301155805335,16.483247398559588
ETH,1724450400,2024-08-23,0.2604544992226921,0.2652442874412443,24.20939502052954,23.814733099031802
ETH,1724518800,2024-08-24,0.5262976502753,0.6212865642623568,20.591730051820967,17.581863132730287
ETH,1724641200,2024-08-26,0.06620750395794431,0.07117759245761004,18.358510204371544,17.44378022009243
ETH,1724770800,2024-08-27,-1.0142857142857142,-1.0142857142857142,22.83235169523917,20.134071056411425
ETH,1724878800,2024-08-28,0.04335829783918594,0.04507848820419383,37.89412836292901,37.009061313923546
ETH,1725231600,2024-09-01,0.08475552751850708,0.10989678452099727,25.211502679692384,20.633925962745657
ETH,1725271200,2024-09-02,-0.11301669735519039,-0.12166481217641513,26.59372535677527,24.123242691911823
ETH,1725310800,2024-09-02,0.3451482084085602,0.3714896660317393,22.95838685206515,21.446724302224
ETH,1725411600,2024-09-04,-0.023358893192905964,-0.022684817216574265,24.117684885603712,21.355968338342457
ETH,1725609600,2024-09-06,-1.0142857142857142,-1.0142857142857142,22.679174916228252,19.914496063630434
ETH,1725811200,2024-09-08,0.7904776256314477,0.8419799489141643,17.602294738224217,16.560932795010704
ETH,1725876000,2024-09-09,-0.015130586439983398,-0.014829538450325449,19.131454311283218,18.712335412151162
ETH,1725994800,2024-09-10,0.41816159686281745,0.4569007463975953,21.169562845616902,19.48029844912589
ETH,1726030800,2024-09-11,-0.4589704355846301,-0.4718638848560467,21.51491952609462,20.889144105024968
ETH,1726228800,2024-09-13,-1.0142857142857142,-1.0142857142857142,15.192601708093084,14.405878762561812
ETH,1726423200,2024-09-15,-1.0142857142857142,-1.0142857142857142,10.846228737186284,10.419015563123684
ETH,1726437600,2024-09-15,-1.0142857142857142,-1.0142857142857142,13.57299612043883,12.543995822011027
ETH,1726444800,2024-09-16,-1.0142857142857142,-1.0142857142857142,16.9550323691539,13.438496397550347
ETH,1726707600,2024-09-19,-0.44831496568224266,-0.4635071828348828,25.307970709868822,24.423968456781797
ETH,1726765200,2024-09-19,0.09911337391481079,0.11156551781929407,23.316344617157046,21.24452497232297
ETH,1726815600,2024-09-20,0.025006874012829527,0.025572623191935543,24.316879781850606,24.062793611223736
ETH,1726880400,2024-09-21,0.21761599053768535,0.2280131518925048,21.980930589430564,21.09023294246369
ETH,1726970400,2024-09-22,0.24155706513628314,0.2930282588386791,16.129889880692808,13.548342948438403
ETH,1727060400,2024-09-23,-0.1784965070906685,-0.18247751867390177,25.593735851539112,24.931715532426715
ETH,1727110800,2024-09-23,0.654351957458677,0.6930775684912837,24.905533734089353,23.56903632901929
ETH,1727190000,2024-09-24,0.5724149709941101,0.6255184322536944,20.822910008167355,19.132364624180212
ETH,1727283600,2024-09-25,-0.11172861950688504,-0.11224772309014844,18.072485685857792,17.960369200154563
ETH,1727420400,2024-09-27,-0.27260319705688957,-0.26819497492348005,20.372054844674043,20.746828294264354
ETH,1727456400,2024-09-27,0.033075017638786265,0.03920299857670539,23.034580049558183,20.951855437985728
ETH,1727593200,2024-09-29,0.31674120550974716,0.33027960516968613,13.552935914009343,13.041623292010076
ETH,1727658000,2024-09-30,-0.4720808053763037,-0.5346864994600844,14.642950192105621,12.831638668421435
ETH,1727791200,2024-10-01,-1.0142857142857142,-1.0142857142857142,19.298464516916187,16.463731018217427
ETH,1727798400,2024-10-01,-1.0142857142857142,-1.0142857142857142,25.31898215999406,21.874288479993613
ETH,1728162000,2024-10-05,0.5680145815590433,0.5577711998590879,12.83493532720988,13.05916112161067
ETH,1728226800,2024-10-06,0.011395475195734524,0.01741678335894085,11.509523046364908,10.002563280700642
ETH,1728313200,2024-10-07,1.2606756579130807,1.4021454361199195,19.99173469886708,18.014945060318393
ETH,1728403200,2024-10-08,0.4106350507285449,0.4382104242746436,22.794355373320847,21.447767325114743
ETH,1728522000,2024-10-10,-0.0666169305520474,-0.07324434267572648,22.22902161062325,18.931254042209623
ETH,1728586800,2024-10-10,0.7222582932800194,0.7789596559656229,22.71011399146781,21.11550737542687
ETH,1728644400,2024-10-11,-0.6673721585554653,-0.6617522112244612,17.103478084609044,17.25528409111746
ETH,1728745200,2024-10-12,-0.09545662816993813,-0.09978252995235204,11.91807547750076,11.194081283462364
ETH,1728835200,2024-10-13,-0.022615199512716462,-0.022191710906204764,10.553177562086121,9.85265275916968
ETH,1728882000,2024-10-14,-0.8154826615908343,-1.0142857142857142,17.424365031386333,12.968546956877598
ETH,1729000800,2024-10-15,0.90965949263262,1.111339337766124,24.030026911478185,19.77849052005345
ETH,1729141200,2024-10-17,0.6091229832322719,0.6116419302142293,21.290986099031922,21.207215798957446
ETH,1729177200,2024-10-17,0.17484398064328635,0.1796776693567189,19.973202416384442,19.50960260226017
ETH,1729216800,2024-10-18,0.25818311670784505,0.29971255734319135,20.744471278661145,18.120199838558182
ETH,1729267200,2024-10-18,0.1532631968074037,0.15874332886386985,18.792586120622087,18.24278505297763
ETH,1729436400,2024-10-20,-1.0142857142857142,-1.0142857142857142,13.19388275606484,9.59264296806981
ETH,1729476000,2024-10-21,0.3684465011861864,0.42780498386970156,16.537576249321493,14.386620576192374
ETH,1729558800,2024-10-22,-0.1545294539002818,-0.17779603745297445,19.30348276801428,16.293750673246127
ETH,1729656000,2024-10-23,-0.6368522869607817,-0.6372771921684671,16.4209859488591,16.40952332954056
ETH,1729699200,2024-10-23,-1.0142857142857142,-1.0142857142857142,18.718701491363536,17.44014006762226
ETH,1729843200,2024-10-25,0.35462034844799517,0.3818064952979761,18.133404329861616,16.932127739850973
ETH,1729882800,2024-10-25,-0.12933465459626337,-0.13858060785065113,27.75956038221135,25.426449642381442
ETH,1730052000,2024-10-27,0.3622044149441665,0.3673871025627549,13.160632183887358,12.988373121109491
ETH,1730113200,2024-10-28,0.33277667027845054,0.37033860341060243,16.833787592125457,15.248694329981257
ETH,1730152800,2024-10-28,-1.0142857142857142,-1.0142857142857142,20.28607245218769,19.315001102355982
ETH,1730271600,2024-10-30,-0.0444187820791474,-0.044952384204379844,21.995560861408496,21.279065543055307
ETH,1730383200,2024-10-31,-1.0142857142857142,-1.0142857142857142,21.5280916758129,19.834867958567738
ETH,1730430000,2024-11-01,0.46348347737476886,0.49442107449027717,25.415282186174597,23.911842354341868
ETH,1730556000,2024-11-02,0.1318873023869295,0.14039989154061727,17.396551466887068,16.520132348955308
ETH,1730602800,2024-11-03,0.1856308174977281,0.22684793626103145,16.36637500328707,13.725326926616862
ETH,1730646000,2024-11-03,0.5962635022633748,0.6106262026196007,16.662686507488495,16.288277777295285
ETH,1730739600,2024-11-04,-0.030112565526292108,-0.030224937962699542,20.39310739345808,19.007192577570216
ETH,1730854800,2024-11-06,-1.0142857142857142,-1.0142857142857142,27.35322231198818,23.785777874448804
ETH,1730865600,2024-11-06,-0.3945461350695822,-0.4264212039888321,36.3647301091246,33.45124780982651
ETH,1730934000,2024-11-06,-1.0142857142857142,-1.0142857142857142,33.695216872984226,31.61792586321379
ETH,1731006000,2024-11-07,-0.19951939155659493,-0.20499847243749936,37.471720480636044,36.30800667145421
ETH,1731078000,2024-11-08,-0.0915131971614891,-0.09421784752431592,30.912926809966155,29.639305795348182
ETH,1731214800,2024-11-10,-0.20163428934823296,-0.2131409986189357,31.367627948624115,29.412060867749013
ETH,1731340800,2024-11-11,-0.6513664043693084,-1.0142857142857142,43.09604451386991,40.11189409185992
ETH,1731402000,2024-11-12,0.885908829466324,0.9005507978755485,52.59505870618516,51.76621706819941
ETH,1731466800,2024-11-13,-0.23436518151727476,-0.2386741398612129,55.075946436858985,53.94640385507892
ETH,1731596400,2024-11-14,-0.38117348831538456,-0.40599973622589225,46.89219832207492,43.80775203915762
ETH,1731686400,2024-11-15,0.43390432317927785,0.4366915744251745,43.32582363787102,43.06627161001496
ETH,1731729600,2024-11-16,-0.37143709096928945,-0.3802780757655512,37.315739420529276,36.377719375954584
ETH,1731949200,2024-11-18,0.11244116625828654,0.11670690006912754,37.9094810089108,36.7963641634424
ETH,1732125600,2024-11-20,-0.11146260871093903,-0.1116670923284652,31.67664257277063,31.59869200144529
ETH,1732197600,2024-11-21,-0.29188455273249897,-0.3111461920034197,43.77189447900092,40.78819405430868
ETH,1732366800,2024-11-23,0.04045143035366208,0.04734066553999873,35.9301257383661,32.66936617977887
ETH,1732532400,2024-11-25,0.23741819428234998,0.25628010046614247,35.99495954603066,33.61149489572532
ETH,1732615200,2024-11-26,-0.4317078728782854,-0.4323171475682754,47.066659395951135,46.9956331956397
ETH,1732647600,2024-11-26,0.5688349140799015,0.5983833495545683,49.49490709680827,47.16220764271659
ETH,1732723200,2024-11-27,-0.5565739113076335,-0.5685439249034266,43.13832529556953,42.182042625997944
ETH,1732939200,2024-11-30,-0.3290198016486387,-0.33733168137021424,31.971264105483563,31.110592113597697
ETH,1733004000,2024-11-30,0.2223838767208821,0.22845126582686776,30.5689037436089,29.84728095465575
ETH,1733068800,2024-12-01,0.3312016232139655,0.34697564171765743,29.49478433353664,28.255921589962508
ETH,1733112000,2024-12-02,1.27042264680489,1.4486685041846512,33.24770470262519,29.2359896797502
ETH,1733162400,2024-12-02,0.5142565514358906,0.5606362517270062,44.81293371315604,41.285467075706535
ETH,1733234400,2024-12-03,0.5801665627987687,0.626851942606974,36.656633938780125,34.045605780224754
ETH,1733277600,2024-12-04,-0.4048389480579148,-0.4375047955402142,39.417243857960024,36.26857030857234
ETH,1733328000,2024-12-04,-0.2812585480421324,-1.0142857142857142,41.20284640244852,36.5522961257138
ETH,1733371200,2024-12-05,-0.22288642913367465,-0.23305072533890198,53.00671574606768,50.371847726534405
ETH,1733497200,2024-12-06,-0.14984342501408135,-0.16189864344368798,51.52526231829855,46.86643634278305
ETH,1733637600,2024-12-08,0.11114087556582355,0.11170369425741646,21.840800567076435,21.75316984146693
ETH,1733716800,2024-12-09,-0.6228396517747521,-0.659347734658532,28.486415338380905,26.83767805671789
ETH,1733760000,2024-12-09,-1.0142857142857142,-1.0142857142857142,43.23926039466273,36.328434271175254
ETH,1733781600,2024-12-09,0.2696122865684806,0.35867585329841706,59.88637859973069,46.11302310740228
ETH,1734202800,2024-12-14,0.35591970945439316,0.36440042567718967,28.542363214490003,27.926391154066145
ETH,1734282000,2024-12-15,-1.0142857142857142,-1.0142857142857142,25.527299576711673,24.937091851843356
ETH,1734310800,2024-12-16,0.5816804813299993,0.6351347670278085,34.31838033286921,31.554409589243768
ETH,1734382800,2024-12-16,-0.02379889261570272,-0.02333747421647475,38.91312447658306,35.482595590166355
ETH,1734476400,2024-12-17,-0.27109232634427693,-0.29019115855737554,43.20098990791282,40.04721990082918
ETH,1734631200,2024-12-19,-0.25359076849327294,-1.0142857142857142,57.010972625851245,44.008739750916696
ETH,1734703200,2024-12-20,0.5769151137624967,0.6070836376298667,68.51632758971361,65.2645066350762
ETH,1734879600,2024-12-22,-0.1034920650415388,-0.1124399755765342,43.01694826288535,38.42748274464577
ETH,1734973200,2024-12-23,-0.14643498199501193,-0.15974922149642165,49.015515732678175,44.04055540442264
ETH,1735052400,2024-12-24,-0.22315492265034292,-0.22397740626236515,38.45576511141468,38.29390088921581
ETH,1735124400,2024-12-25,0.496981739604425,0.5296625498496967,31.77060641665833,29.910653064093605
ETH,1735189200,2024-12-26,-1.0142857142857142,-1.0142857142857142,28.193058706164145,28.137140145099842
ETH,1735524000,2024-12-30,0.14715601526488686,0.16244779603365536,26.437044688600583,24.320663510800603
ETH,1735570800,2024-12-30,0.3171495743717102,0.32944509804062755,29.47876607052671,28.466363460567237
ETH,1735653600,2024-12-31,0.9387901527382473,0.9933239158768432,28.85905683720347,27.318984286219116
ETH,1735826400,2025-01-02,0.10095885159390847,0.1067176499332305,22.91797273025374,21.942432171042494
ETH,1735995600,2025-01-04,-0.39984405338786855,-0.4315840450013618,21.63215932065947,19.92847926840249
ETH,1736132400,2025-01-06,0.22480038369184385,0.2385515193874987,23.376148632914372,22.172775450830862
ETH,1736182800,2025-01-06,0.21695494928070408,0.23329551137714824,29.615671582984106,27.767646320136738
ETH,1736262000,2025-01-07,-1.0142857142857142,-1.0142857142857142,28.72079698959491,22.500089065717585
ETH,1736319600,2025-01-08,0.20751735541401156,0.2148241792282042,39.75501981616026,38.56155980201874
ETH,1736359200,2025-01-08,0.8009453084099573,0.9186626199176768,42.78222469351785,37.465472746865366
ETH,1736452800,2025-01-09,0.2589982002963198,0.2755124538202632,45.70321697254604,43.22115673966498
ETH,1736730000,2025-01-13,1.973654098872217,2.357123792093236,23.78638851264707,19.963033782850705
ETH,1736780400,2025-01-13,0.9076934946122717,1.0926240359510186,44.837736585549024,37.44217786136049
ETH,1736956800,2025-01-15,-1.0142857142857142,-1.0142857142857142,34.08256814063832,34.48584261299511
ETH,1736992800,2025-01-16,0.3651725181054511,0.3964022463488434,37.95795316182768,35.168564943506716
ETH,1737147600,2025-01-17,1.3952794653634613,1.6164014727570446,36.06918608957336,31.220661942617465
ETH,1737190800,2025-01-18,-0.07838370055185728,-0.07862407826331692,41.52734549799781,41.32791053630534
ETH,1737277200,2025-01-19,1.5111752111149739,1.5784539834317641,39.96761442033979,38.29435399113514
ETH,1737356400,2025-01-20,0.4009175947216747,0.44565162703978217,75.23225698221788,68.13550751931153
ETH,1737601200,2025-01-23,0.050206442134745156,0.05069103935803317,30.75555509609823,30.567520872721154
ETH,1737928800,2025-01-26,-1.0142857142857142,-1.0142857142857142,18.42501402726139,16.869245875512256
ETH,1737946800,2025-01-27,-1.0142857142857142,-1.0142857142857142,24.929808493529375,24.41825530072395
ETH,1738184400,2025-01-29,-0.24762394079666353,-0.27138707941509815,40.27736113697273,36.335619685970634
ETH,1738267200,2025-01-30,0.1695264719694318,0.18363843213200268,32.29283520762662,30.145360992828692
ETH,1738332000,2025-01-31,0.568275728319156,0.5642569250846255,31.40789743118599,31.620812618200272
ETH,1738497600,2025-02-02,-1.0142857142857142,-1.0142857142857142,34.57046969929644,32.560505830011564
ETH,1738522800,2025-02-02,-1.0142857142857142,-1.0142857142857142,41.99077237100751,39.540831784161924
ETH,1738537200,2025-02-02,-1.0142857142857142,-1.0142857142857142,56.39979408809727,46.39516286410475
ETH,1738548000,2025-02-03,0.6370000713804445,0.9273753273366779,89.77462012082718,62.50497551473694
ETH,1738706400,2025-02-04,0.3178261085136529,0.33009599671272694,67.23076504684038,64.93082389659732
ETH,1738818000,2025-02-06,0.19718232768388685,0.19018833140893304,44.66307586684848,46.09100477968298
ETH,1738857600,2025-02-06,-0.21259722674377396,-0.22461951165168542,42.86666058192315,40.237942165148006
ETH,1738972800,2025-02-08,-0.2202426366900984,-0.23784435363060816,39.32329185548,36.01585276744002
ETH,1739138400,2025-02-09,0.6605418040484251,0.8634425766161595,30.57345357957116,23.619103854922788
ETH,1739235600,2025-02-11,-0.08150667715202435,-0.08649927333950952,30.33355521641824,27.719213309988863
ETH,1739368800,2025-02-12,1.6382169537661786,2.003449498097144,32.116511693195804,26.343935669595492
ETH,1739404800,2025-02-13,0.3853071075679441,0.45632996565816586,40.32929256763361,34.4223150728362
ETH,1739545200,2025-02-14,-0.08596860169620192,-0.09021903483887357,22.64919906724298,21.087598995492417
ETH,1739631600,2025-02-15,0.17638913811203083,0.19451955269406648,21.760283317757203,19.991843572969294
ETH,1739732400,2025-02-16,0.12818554265157772,0.13664930572226444,17.497513006646837,16.601167853311974
ETH,1739808000,2025-02-17,0.05397977436979554,0.05630682881293763,21.873870051293448,21.274167747546787
ETH,1739898000,2025-02-18,0.26042237899147785,0.27722219900210465,31.804932600252506,30.057619723348854
ETH,1739962800,2025-02-19,0.20358769915021613,0.19723324578067442,25.561285367167955,26.280615010796257
ETH,1740020400,2025-02-20,-0.0756945702359118,-0.0768707282997099,24.313198255578644,23.721136582930832
ETH,1740150000,2025-02-21,1.349170699569892,1.7047156919835609,22.311867636268442,17.73508822367371
ETH,1740301200,2025-02-23,-0.2314208736429442,-0.24312273900970177,23.141723225472248,21.8795480889701
ETH,1740355200,2025-02-24,1.8777983877013742,2.067322155755371,25.193732621340757,22.91555820759774
ETH,1740438000,2025-02-24,-1.0142857142857142,-1.0142857142857142,37.357531875126206,29.60195740398208
ETH,1740596400,2025-02-26,0.09217412138931266,0.1098221063904713,44.05959475715541,38.441102046167366
ETH,1740690000,2025-02-27,-1.0142857142857142,-1.0142857142857142,38.00334977881785,36.80822283872692
ETH,1740916800,2025-03-02,-1.0142857142857142,-1.0142857142857142,23.60741479680028,22.102600550400297
ETH,1740952800,2025-03-02,0.8830388163435758,0.8716751114332578,50.400612040070044,51.03681296622927
ETH,1741035600,2025-03-03,-0.2250564612360063,-0.24266556528532984,52.04322256530725,47.76270122417704
ETH,1741107600,2025-03-04,1.0102848412627283,1.0632985291964707,51.4164348479245,48.9200067593033
ETH,1741165200,2025-03-05,0.18058313809758117,0.17422798929683905,36.93782262923457,38.095347446868004
ETH,1741226400,2025-03-06,-0.2110712917686793,-0.22081497591153362,32.32879135708112,30.690236846087355
ETH,1741309200,2025-03-07,0.21457268631766285,0.2688700777391428,37.226599441065204,30.43095324422409
ETH,1741528800,2025-03-09,-1.0142857142857142,-1.0142857142857142,21.826791618713635,20.34885251246084
ETH,1741564800,2025-03-10,0.6389002404939655,0.6622273209447823,29.492958574973716,28.497032311510168
ETH,1741795200,2025-03-12,0.42027273116952985,0.4235728169773954,37.83050226118497,37.55438705050688
ETH,1741870800,2025-03-13,0.5892580558323776,0.6041218936880146,25.35604836151735,24.76035977394177
ETH,1741964400,2025-03-14,0.13420330856872564,0.15255554327090431,20.08033608899051,18.045746557374397
ETH,1742061600,2025-03-15,0.49085217967470923,0.4910447391732871,12.887911923929108,12.883135918077498
ETH,1742126400,2025-03-16,0.3445714902642762,0.40947438922279006,13.147011608906334,11.199089424976066
ETH,1742562000,2025-03-21,0.35478520605205016,0.3935128304208018,16.262365513535006,14.770239783806923
ETH,1742702400,2025-03-23,-0.09834667440116382,-0.09916901593025955,10.48263696860954,10.360532120041048
ETH,1742778000,2025-03-24,-1.0142857142857142,-1.0142857142857142,12.746039960219488,11.831119957159439
ETH,1742799600,2025-03-24,-0.37662942363004437,-0.395215818355255,16.31091064633292,15.484057619127766
ETH,1742997600,2025-03-26,-1.0142857142857142,-1.0142857142857142,15.53492810069673,13.83223026228878
ETH,1743138000,2025-03-28,-1.0142857142857142,-1.0142857142857142,21.514781027292255,15.115918029391654
ETH,1743163200,2025-03-28,0.1834471929506339,0.21867859009204593,22.787755795901877,19.540660087894327
ETH,1743253200,2025-03-29,-0.6761194226975866,-1.0142857142857142,18.668224653964867,16.9219342427314
ETH,1743343200,2025-03-30,0.10982639249626108,0.1317382509626937,16.45360338461639,14.204649798817647
ETH,1743436800,2025-03-31,0.1820266444684898,0.17740271875251748,23.158535055629166,23.678422367600636
ETH,1743490800,2025-04-01,-1.0142857142857142,-1.0142857142857142,18.297948966705682,17.513945041067657
ETH,1743523200,2025-04-01,0.28861652298418855,0.3178719846488801,21.62755541739768,19.801213526428263
ETH,1743627600,2025-04-02,1.1583809432351975,1.4491206799710128,25.56366865561178,20.533950859889604
ETH,1743685200,2025-04-03,0.650829684535196,0.7114442679107545,24.466926565438857,22.46284399354954
ETH,1743948000,2025-04-06,-1.0142857142857142,-1.0142857142857142,13.882062039981562,11.411451427672452
ETH,1744164000,2025-04-09,0.646718298577271,0.7438557328593021,31.918574869034718,27.90461908972968
ETH,1744221600,2025-04-09,0.015621755598459386,0.028708483051923524,38.855377574555796,29.97809892644471
ETH,1744448400,2025-04-12,-1.0142857142857142,-1.0142857142857142,17.43100367358291,16.817234725396975
ETH,1744632000,2025-04-14,0.3906730622814295,0.4238565398897187,23.450346482618567,21.730373135127675
ETH,1744729200,2025-04-15,-0.2713652434366239,-0.28660126799654717,20.275875419604457,19.078635067266326
ETH,1744783200,2025-04-16,0.3961439699201685,0.4369992755972032,19.50213524697782,17.79076103520688
ETH,1744826400,2025-04-16,0.530859967264479,0.6442706180838922,23.426848016156935,19.47814401739978
ETH,1744909200,2025-04-17,0.4484721653837402,0.4942546248439446,18.369090904678696,16.76055943580783
ETH,1745085600,2025-04-19,0.0010883555516647508,0.0074019004672268825,9.922045051454262,8.180663901566133
ETH,1745146800,2025-04-20,0.3314712501589941,0.37366433024848905,10.022621321716345,8.971284500309906
ETH,1745208000,2025-04-21,0.15281707284308182,0.1616252440185765,12.7587233823442,12.167855950216827
ETH,1745265600,2025-04-21,0.18786815356903092,0.18857093345222153,16.342402910607117,16.289510826807668
ETH,1745337600,2025-04-22,-1.0142857142857142,-1.0142857142857142,21.173833030021846,18.825666340023524
ETH,1745384400,2025-04-23,0.2964351170311795,0.3058486190628505,26.487378623744377,25.7417923640324
ETH,1745470800,2025-04-24,-0.13580164204559783,-0.13353643488524353,21.50246848356465,21.966504520761926
ETH,1745658000,2025-04-26,0.4481198654481569,0.5009567417315433,18.688345141468975,16.823602460043507
ETH,1745715600,2025-04-27,0.5210907260711669,0.5600352861197165,15.859092323376302,14.809791732866787
ETH,1745809200,2025-04-28,0.7496590782793598,0.8067323570232238,13.679384439442714,12.744721704015236
ETH,1745859600,2025-04-28,0.6816467488102945,0.7008447187940335,17.829531186514707,17.36026435470814
ETH,1745917200,2025-04-29,0.019997626350539168,0.02060084680224992,16.412566775769452,16.21122575852095
ETH,1746036000,2025-04-30,0.4593407319844862,0.553016287679156,15.863511151640848,13.30839662484398
ETH,1746068400,2025-05-01,-0.5494231644876552,-0.5441792190132847,15.787327901273889,15.947891585987263
ETH,1746100800,2025-05-01,0.3072605173706623,0.3170635339828674,15.364827743009695,14.92904526170275
ETH,1746295200,2025-05-03,0.5509300448751256,0.5831130830875912,10.42768210220004,9.879042263907738
ETH,1746403200,2025-05-05,0.4423390427283979,0.45867658259864624,11.163784153348404,10.78945985745213
ETH,1746554400,2025-05-06,0.8549242986883733,0.9604287193780207,13.934904484046653,12.448358675127166
ETH,1746702000,2025-05-08,-1.0142857142857142,-1.0142857142857142,21.111451848071034,20.466178913307267
ETH,1746720000,2025-05-08,-1.0142857142857142,-1.0142857142857142,27.332374868034613,22.677942165575725
ETH,1746756000,2025-05-09,-1.0142857142857142,-1.0142857142857142,37.994995968158165,36.7576879657088
ETH,1746781200,2025-05-09,-0.22892262848096018,-0.2696541465146661,42.839060343701064,35.601295754755
ETH,1746900000,2025-05-10,-0.3963755729087838,-0.4117414993900792,41.023386116965575,39.37826197211678
ETH,1747036800,2025-05-12,0.7437311478661882,0.8577138454533036,39.78825445632022,34.671197106806396
ETH,1747076400,2025-05-12,-0.09786032302500103,-0.10227209312652483,44.16292140510766,41.51929997473134
ETH,1747188000,2025-05-14,0.18692288909298974,0.20053637147136513,37.34934413029443,35.13006290954787
ETH,1747296000,2025-05-15,0.3907513921983172,0.4166214923743702,35.267747654239415,33.218343627642454
ETH,1747382400,2025-05-16,0.11926322409842459,0.12030055841572508,33.00985196547972,32.779840578208926
ETH,1747447200,2025-05-17,0.05793395292691277,0.059881502016468975,32.73124194571542,32.010568249231966
ETH,1747490400,2025-05-17,0.04941272848365211,0.05089695426995282,27.148371375581878,26.64132301985742
ETH,1747598400,2025-05-18,-0.37797690540022144,-0.40845185291888475,33.37914805660538,30.701390214805787
ETH,1747710000,2025-05-20,0.49567086566416835,0.5042986392255768,40.00876301838361,39.360975558259256
ETH,1747807200,2025-05-21,0.04249755311466315,0.04543689684306271,32.6845423664186,31.38643024075849
ETH,1747886400,2025-05-22,-0.3024898625991267,-0.31177042636108804,43.547895821298894,42.12081088447571
ETH,1747965600,2025-05-23,0.15936131230428252,0.16404550077149047,32.595247944398,31.80257470935168
ETH,1748134800,2025-05-25,-0.06294389526205044,-0.06821430795314755,23.27444251239754,20.18016885950504
ETH,1748224800,2025-05-26,0.18308703837783533,0.18287788645976216,22.28657764148616,22.308622075446635
ETH,1748329200,2025-05-27,-1.0142857142857142,-1.0142857142857142,24.01323895669453,22.299641953363345
ETH,1748480400,2025-05-29,-0.2758818261542486,-0.29422970300518825,27.657551266963925,25.74736290288424
ETH,1748566800,2025-05-30,0.026954603619448805,0.034768936011013905,33.85799283365352,29.680915359319187
ETH,1748624400,2025-05-30,-0.5768639623189358,-0.6291268792657863,33.35028868756212,30.44800320198994
ETH,1748782800,2025-06-01,0.933640362166141,0.9908755392256612,19.024620631266867,17.956514525979717
ETH,1748880000,2025-06-02,-0.9537290697168155,-1.0142857142857142,22.102796884707317,21.23531972199252
ETH,1748962800,2025-06-03,0.6944493641490378,0.7457114016187657,22.34671951320979,20.867236398841317
ETH,1749052800,2025-06-04,0.48571532927786837,0.5239933309342821,24.266617426025693,22.585587997258447
ETH,1749121200,2025-06-05,-1.0142857142857142,-1.0142857142857142,19.268190012054514,18.224204628366426
ETH,1749157200,2025-06-05,0.10696344132245016,0.14518841739746438,36.84871441715405,28.742461680012052
ETH,1749337200,2025-06-07,0.29461131414781244,0.3118113482163199,14.949525246234314,14.194104111329262
ETH,1749420000,2025-06-08,1.071482873386951,1.0993330217219452,13.209737506192988,12.883563468207813
ETH,1749474000,2025-06-09,-1.0142857142857142,-1.0142857142857142,16.711712177439058,16.890305421857455
ETH,1749513600,2025-06-10,0.046084662913533435,0.04926088200973529,23.613038236969317,22.649425793659276
ETH,1749556800,2025-06-10,0.10843252961397855,0.1463647432672083,28.966837755159634,22.68582527478727
ETH,1749654000,2025-06-11,0.5472817047856425,0.5998013842621782,31.382009621232815,28.75908728440457
ETH,1749780000,2025-06-13,0.45680501294235365,0.4835669722576491,44.619270744989365,42.28767618691164
ETH,1750021200,2025-06-15,1.4634189063105447,1.6396448065211933,18.952631391797826,16.95052611424381
ETH,1750176000,2025-06-17,0.3436083150966426,0.37554321074202657,28.757226380387245,26.484705332724747
ETH,1750406400,2025-06-20,1.0519954528387627,1.1205862965015523,17.4273604858707,16.387157446322274
ETH,1750438800,2025-06-20,-1.0142857142857142,-1.0142857142857142,19.976778860368302,19.95960800347357
ETH,1750449600,2025-06-20,-0.1774853508111554,-0.23066321150406172,27.11058037034199,19.976778860368302
ETH,1750611600,2025-06-22,0.20735625654081194,-1.0142857142857142,36.476068002024746,29.786534771411265
ETH,1750759200,2025-06-24,0.07985721565280728,0.08364266352836874,34.861636674002035,33.68560872584834
ETH,1750910400,2025-06-26,0.4413215139044502,0.4670307238455511,25.549892753136334,24.22449988799296
ETH,1750989600,2025-06-27,0.6041142045567129,0.653319996650434,25.514815411633702,23.67364736637477
ETH,1751191200,2025-06-29,0.2608324752369865,0.2827961089213004,9.833019694157498,9.139405824477313
ETH,1751234400,2025-06-29,0.9959274081926203,1.1215403229578065,11.021416683198352,9.817679504982834
ETH,1751378400,2025-07-01,-0.5015932102810485,-0.5125096813344188,18.32594557747674,17.912556775744196
ETH,1751414400,2025-07-02,0.8526169239139831,0.851954144093659,19.733092680499727,19.74794596361509
ETH,1751479200,2025-07-02,-0.008583185960966569,-0.007636234040217733,23.29941129845091,22.24551985987021
ETH,1751551200,2025-07-03,0.25741385336215095,0.27902949024465584,25.57574174738365,23.778491112567
ETH,1751608800,2025-07-04,-1.0142857142857142,-0.7416445854077708,19.264321721977428,19.41696185443721
ETH,1751824800,2025-07-06,-1.0142857142857142,-1.0142857142857142,13.640670672570128,10.639953031998592
ETH,1752001200,2025-07-08,0.15635145437693362,0.18203768227724368,20.47185413376554,17.97507368251675
ETH,1752040800,2025-07-09,-0.1272418921297007,-0.1382959253044008,19.487667063826468,17.524410684120795
ETH,1752192000,2025-07-11,-0.6957658382691118,-1.0142857142857142,35.25637625398519,23.90378981198404
ETH,1752325200,2025-07-12,0.1455332833272899,0.15889218219089862,26.04344055273657,24.187551364485532
ETH,1752411600,2025-07-13,0.1986317042933763,0.2149923577502738,18.598838107698157,17.349517962136463
ETH,1752465600,2025-07-14,-0.1448707956102553,-0.15505711116722348,26.50794429369518,24.37317077782556
ETH,1752552000,2025-07-15,0.5527419802468444,0.5718741507594225,29.514445386733847,28.574018108790312
ETH,1752602400,2025-07-15,-0.26449593962959295,-0.27502139494589933,39.370947032636195,37.68948141976205
ETH,1752735600,2025-07-17,0.07989444156243235,0.08729392824622952,44.306234576677504,41.47671415949883
ETH,1752789600,2025-07-17,-1.0142857142857142,-1.0142857142857142,46.298157781318295,43.50416991834279
ETH,1752976800,2025-07-20,-1.0142857142857142,-1.0142857142857142,32.60774681941957,32.262188882451845
ETH,1753012800,2025-07-20,0.007679051422953721,0.010460505134939438,36.57094432734758,33.964863121758945
ETH,1753099200,2025-07-21,0.4645793421369476,0.4702942880216244,39.80237402929817,39.34640280078265
ETH,1753160400,2025-07-22,-0.22209979831468787,-0.23429313021586107,49.70847433253477,46.762203127345124
ETH,1753279200,2025-07-23,-0.07061902645543038,-0.07473311165181669,41.517574690716906,37.81738812846434
ETH,1753340400,2025-07-24,1.3732658817632093,1.40354688952257,41.64330798358291,40.7627932130893
ETH,1753372800,2025-07-24,0.5551517243156088,0.5651263346710261,51.29633285019234,50.43451230020714
ETH,1753498800,2025-07-26,0.02489004861830643,0.027441630239507405,40.83046817262862,38.97050418590772
ETH,1753570800,2025-07-26,0.11443385348676194,0.1226779330805631,29.60929591791251,27.995395603905774
ETH,1753642800,2025-07-27,-0.2138874280501732,-0.2159008757590052,30.54242491700914,30.214149910625235
ETH,1753808400,2025-07-29,0.4055533138588056,0.41698877314454125,39.83055302176753,38.808287869595816
ETH,1753905600,2025-07-30,1.0096923540843072,1.1096968980750839,44.48360335518756,40.5754189978943
ETH,1754010000,2025-08-01,-0.46883997712078573,-0.5113820755168239,38.5089640632939,35.11580745277802
ETH,1754060400,2025-08-01,-0.5573411942224574,-0.6001971238184769,46.231301170589006,42.76524741448047
ETH,1754154000,2025-08-02,-0.16368096066811805,-0.16639395612035457,38.40270444322363,37.646758631163905
ETH,1754265600,2025-08-04,-0.4015080821259878,-0.4019536529070367,26.19364799749412,26.162390151147523
ETH,1754560800,2025-08-07,-1.0142857142857142,-1.0142857142857142,27.223375816020763,27.627481648022375
ETH,1754600400,2025-08-07,-0.21347637965453414,-0.21089348430882776,35.27681170595282,35.77656645256455
ETH,1754881200,2025-08-11,1.0015550065384393,1.0166278970163796,40.91037343232773,40.32040215789141
ETH,1754931600,2025-08-11,0.43461041745108,0.43832537280463424,49.23706419315584,48.84529990032168
ETH,1755003600,2025-08-12,-1.0142857142857142,-1.0142857142857142,49.188734930159434,41.383253001710166
ETH,1755277200,2025-08-15,0.13648631697782523,0.14539041215397303,62.76591241159668,59.553290289411834
ETH,1755500400,2025-08-18,0.4490738455289229,0.4704415812655492,52.9980868374872,50.728708901909286
ETH,1755576000,2025-08-19,0.3894521239955622,0.4041273841300369,54.55605107815046,52.70574731493129
ETH,1755622800,2025-08-19,-0.2522291234255819,-0.2562932589767639,55.09695139661004,54.113639965580035
ETH,1755712800,2025-08-20,0.1975387339453243,0.19950120896923068,59.69277411908839,59.17914135901821
ETH,1755849600,2025-08-22,-1.0142857142857142,-1.0142857142857142,43.6072621294805,42.84705152405594
ETH,1755885600,2025-08-22,0.24726016114306404,0.25528825821987555,75.94696260227089,73.79903664859941
ETH,1756051200,2025-08-24,-1.0142857142857142,-1.0142857142857142,33.80878457773508,32.99176800679167
ETH,1756062000,2025-08-24,1.109342713900741,1.3010978032386955,40.218952008353234,34.41887139361118
ETH,1756400400,2025-08-28,-0.09365195540322335,-0.09605477395792741,48.862542373372904,47.122737940555474
ETH,1756468800,2025-08-29,-1.0142857142857142,-1.0142857142857142,44.72467881460549,41.345038723421304
ETH,1756479600,2025-08-29,0.23253406764050108,0.2472680579319749,53.77136905844448,50.89916667832485
ETH,1756519200,2025-08-30,0.6855393007907105,0.7308934513735112,50.84045483834615,47.804335979757425
ETH,1756764000,2025-09-01,0.9441498880832239,1.0038575883619882,45.60401755413477,42.96663428906819
ETH,1756908000,2025-09-03,-0.3940388792595901,-0.4297262269949437,41.31694894187537,37.641329629711905
ETH,1757084400,2025-09-05,0.21756063467302383,0.281172644359148,48.89361246012719,38.85235188013694
ETH,1757178000,2025-09-06,0.38333388135663005,0.43809586248257504,27.02424150194265,23.853029309784397
ETH,1757289600,2025-09-08,0.17261773990930246,0.18858111821264964,19.2569299010595,17.84130912421787
ETH,1757329200,2025-09-08,0.5527774645875503,0.5558543055004963,21.14294654392274,21.031634739609093
ETH,1757509200,2025-09-10,0.370416948834389,0.4243751025617347,24.44038253653192,21.528873500880533
ETH,1757595600,2025-09-11,0.17601493793107253,0.23357983940627852,34.00589675684857,26.538658045836932
ETH,1757638800,2025-09-12,-0.1695428517363597,-0.18955925326942627,33.74544109962533,29.549705799596516
ETH,1757707200,2025-09-12,-1.0142857142857142,-1.0142857142857142,34.04072804126597,33.170784044440246
ETH,1757865600,2025-09-14,-0.060302285213904495,-0.06352147959575166,29.894289941784383,27.140773783460133
ETH,1758031200,2025-09-16,0.5033164678598528,0.5886626127173484,29.275771597559025,25.22775402814052
ETH,1758078000,2025-09-17,0.42186041361148113,0.4414446564154004,29.565278494976017,28.333376840743338
ETH,1758132000,2025-09-17,1.2211907904526011,1.4396831458685875,34.18250235901774,29.095771771249847
ETH,1758175200,2025-09-18,-0.2734530898352807,-0.28583219460633097,45.246344470285415,43.0691401987689
ETH,1758499200,2025-09-22,-1.0142857142857142,-1.0142857142857142,17.782145168010913,17.43384864247326
ETH,1758510000,2025-09-22,-1.0142857142857142,-1.0142857142857142,29.929290427886286,26.17154353772371
ETH,1758524400,2025-09-22,0.4014760982653059,0.5095611859418508,40.865915085143165,32.65790855323112
ETH,1758690000,2025-09-24,0.5369126914000208,0.6033182538734064,37.03021757897867,33.13869585428473
ETH,1758769200,2025-09-25,-0.632862891186456,-1.0142857142857142,33.67816663065066,30.582640986854546
ETH,1759064400,2025-09-28,1.1356698753966796,1.1727071932021402,18.889064059550808,18.306684371823945
ETH,1759161600,2025-09-29,-0.597781440858981,-1.0142857142857142,29.941246244711582,24.239803648150904
ETH,1759435200,2025-10-02,0.057302752613272,0.05616253114265403,39.02719682672025,39.552365813391056
ETH,1759510800,2025-10-03,0.5329555141622484,0.5680160464097304,40.87324547544252,38.47118743509193
ETH,1759651200,2025-10-05,0.5403416390407864,0.5762655264251386,31.679457141845244,29.797876921987164
ETH,1759759200,2025-10-06,-0.5795379884823788,-0.6191568846792234,32.332789338729825,30.163773134016754
ETH,1759842000,2025-10-07,2.1377430547485536,2.247519219880728,31.979264040635634,30.436899736069165
ETH,1759881600,2025-10-08,0.19156774038385926,0.20026542508967046,46.0877286575709,44.33601547738407
ETH,1759978800,2025-10-09,-0.2882690153239285,-0.3109795207576017,40.739693165047065,37.46351571620453
ETH,1760112000,2025-10-10,-1.0142857142857142,-1.0142857142857142,51.62075970503167,39.381587374649534
ETH,1760130000,2025-10-10,-1.0142857142857142,-1.0142857142857142,51.62075970503167,39.381587374649534
ETH,1760378400,2025-10-13,0.19449803775724187,0.20003076102463593,62.22276956340324,60.71682876058809
ETH,1760518800,2025-10-15,0.8426476540446816,0.8960222376534805,56.28238257482235,53.03333508057788
ETH,1760630400,2025-10-16,-0.022377490061945365,-0.02172800611281348,57.660058555003495,52.18775536692682
ETH,1760864400,2025-10-19,-0.5990267481457702,-1.0142857142857142,33.021241472861654,25.672106201543322
ETH,1761048000,2025-10-21,0.3335114956510282,0.3704698210016083,35.8797051789356,32.556605577315274
ETH,1761094800,2025-10-22,0.023274271354251332,0.024300220556650418,54.00640755190455,52.95843890205105
ETH,1761289200,2025-10-24,0.32700300032471086,0.37478349479975037,36.91411198061201,32.541351363736034
ETH,1761418800,2025-10-25,0.35350713655735355,0.3804670306213112,21.49894410202551,20.08193980218135
ETH,1761534000,2025-10-27,0.47656077502434807,0.48056915057488014,31.36943986725968,31.122473703202736
ETH,1761757200,2025-10-29,-0.06009436922353135,-0.06134601568908513,34.26076303981862,32.952360196727746
ETH,1761829200,2025-10-30,-0.2539529247624773,-0.2733392557666876,43.8748149057862,40.399800667769775
ETH,1762016400,2025-11-01,0.40649579708664846,0.40807796065900315,22.32824065198663,22.24733608675486
ETH,1762059600,2025-11-02,0.5880728558058226,0.6380870990979097,19.019995361533383,17.593071927805205
ETH,1762135200,2025-11-03,-1.0142857142857142,-1.0142857142857142,26.220645314555735,25.427618031060046
ETH,1762167600,2025-11-03,-0.36301819444729,-0.37723765420127153,36.734438898040864,35.23631881327477
ETH,1762516800,2025-11-07,1.4741218853895215,1.5121175786555405,41.79162801654145,40.76098401781387
ETH,1762578000,2025-11-08,0.5504662939955803,0.5480205197148474,41.265507898789124,41.440546967926764
ETH,1762873200,2025-11-11,-0.692384597285897,-0.7238603646095736,38.53924319157519,36.79456959092711
ETH,1762966800,2025-11-12,0.09075627282135716,0.09405779653881947,45.54085640515391,44.31476843631959
ETH,1763049600,2025-11-13,-1.0142857142857142,-1.0142857142857142,49.11656267317046,46.68552903264513
ETH,1763060400,2025-11-13,0.14756984614531657,0.15419889960371705,54.71257587206834,52.7281586314582
ETH,1763287200,2025-11-16,1.5967811792920426,1.640828368151629,29.80627960439684,29.019839573965807
ETH,1763409600,2025-11-17,-0.01840279774736785,-0.018202479823249473,52.82351837101222,51.803019784167034
ETH,1763571600,2025-11-19,0.5829184065890842,0.5995244263725341,47.16817105436627,45.92110728931751
ETH,1763672400,2025-11-20,-0.43140832570097953,-0.4834457039493152,45.541295786057255,40.33139546190781
ETH,1763730000,2025-11-21,0.0170186358772207,0.022949853305310595,52.95640055532466,46.859969828811174
ETH,1763863200,2025-11-23,-0.0458206736698873,-0.046367005316944286,31.30571783968133,30.344619211964492
ETH,1763953200,2025-11-24,0.45917467555631863,0.49840512642316465,32.0717213535347,29.684161457652745
ETH,1764212400,2025-11-27,0.2967198569562683,0.2998253966866461,30.80316149184642,30.511866221988477
ETH,1764320400,2025-11-28,0.4133817872774298,0.5044208454140624,23.654733893509825,19.614328808395207
ETH,1764439200,2025-11-29,0.04225192173719447,0.046897640905288265,20.897062812625613,19.610683028981434
ETH,1764550800,2025-12-01,-0.19831104640287242,-0.29307151602651144,29.84403022955227,19.15203255490247
ETH,1764619200,2025-12-01,0.3422847967820436,0.4189255017769811,32.35755308829593,26.815826402780225
ETH,1764738000,2025-12-03,-0.3774354929762475,-0.37686713147647843,30.507175226013572,30.55695793570695
ETH,1764774000,2025-12-03,-1.0142857142857142,-1.0142857142857142,32.54168657936146,26.178739393158512
ETH,1764813600,2025-12-04,0.23993820880870914,0.24463682664402023,37.21068885614467,36.57074184507889
ETH,1765119600,2025-12-07,0.8745050550442531,1.3143167596789296,24.288403155474104,16.333664936664434
ETH,1765191600,2025-12-08,0.24099164707414092,0.2449099631546332,33.23897376724194,32.76274098010668
ETH,1765296000,2025-12-09,-1.0142857142857142,-1.0142857142857142,35.39949767212567,27.208689800750715
ETH,1765393200,2025-12-10,1.6618261654743478,1.8025509359125749,34.89119968447066,32.20975350635302
ETH,1765465200,2025-12-11,0.6007373457314933,0.6305519363060017,31.926185351036025,30.482045762654195
ETH,1765555200,2025-12-12,0.054372175689887246,0.08579877026224211,37.96038834594008,27.529648987935477
ETH,1765713600,2025-12-14,0.03389208210940758,0.047664098487514316,17.793245357397353,14.578879615658693
ETH,1765756800,2025-12-15,1.0169408109131304,1.162040233248815,25.832860112557597,22.684618582754354
ETH,1765825200,2025-12-15,0.19377450902426133,0.19922265801379485,37.88176763621904,36.97574976208206
ETH,1765983600,2025-12-17,1.2949128075418859,1.6003267614292627,32.03233144565835,26.026356941478248
ETH,1766088000,2025-12-18,0.858148442851567,0.8784898016026503,44.76852739686258,43.764567965852
ETH,1766160000,2025-12-19,0.1537946400243524,0.1664950679407195,35.79926616196391,33.468440482114985
ETH,1766325600,2025-12-21,0.5896805607689041,0.7025628513617738,16.128421328765885,13.638299892517106
ETH,1766365200,2025-12-22,-0.1772637946981727,-0.2016789179346871,20.656262667919595,17.74289825775955
ETH,1766408400,2025-12-22,0.898982645611537,0.9377709407843723,22.138100932146187,21.249493311542043
ETH,1766498400,2025-12-23,0.29375372310676295,0.30603627337349265,22.231322155301235,21.415270013401322
ETH,1766588400,2025-12-24,0.5321931002077247,0.5795538289190217,23.71252490968372,21.865796056582447
ETH,1766678400,2025-12-25,1.022613043748648,1.158283750732835,16.025459592771494,14.193571869138523
ETH,1766718000,2025-12-26,0.2723899816504132,0.3404154401660984,22.489831582003028,18.34366478061862
ETH,1766876400,2025-12-27,0.021362908220959327,0.02702871840145391,10.242021908792594,9.19833128639203
ETH,1766937600,2025-12-28,-0.19213419997831757,-0.19887975666557584,10.271285975099142,9.86446181933754
ETH,1766998800,2025-12-29,0.8517345715194685,0.9470267273339417,16.45531699683828,14.848033688902735
ETH,1767193200,2025-12-31,0.5959749986455531,0.6881365192836182,17.457240435176278,15.212412776343692
ETH,1767326400,2026-01-02,-0.4804488023100587,-1.0142857142857142,13.018702605498863,11.327833575152622
ETH,1767488400,2026-01-04,0.08388944290782945,0.09947324191532031,15.827727249368081,13.901398576242556
ETH,1767574800,2026-01-05,-0.04626221668686371,-0.04781621191119559,15.504437252655205,14.25247088747482
ETH,1767636000,2026-01-05,0.010583611203343708,0.016069451499047063,27.14483624511886,23.80905441782033
ETH,1767711600,2026-01-06,-0.3095760426807091,-0.359483084236653,23.832857258843124,20.23846166336952
ETH,1767798000,2026-01-07,-0.1829107661770695,-0.19175358840708773,26.935082925942915,25.475473920246195
ETH,1767855600,2026-01-08,-0.1806070621658515,-0.18704791169208607,27.34321394833446,26.231922713590958
ETH,1768122000,2026-01-11,-1.0142857142857142,-1.0142857142857142,9.186497558825787,8.6985358325816
ETH,1768150800,2026-01-11,0.46127709479292384,0.5319798371507408,11.986212658359586,10.474382862848794
ETH,1768201200,2026-01-12,0.2505483882320869,0.28500224797648605,18.670937202201426,16.619470833140017
ETH,1768320000,2026-01-13,-1.0142857142857142,-1.0142857142857142,22.37375744937909,19.844815714715942
ETH,1768410000,2026-01-14,0.3750596218388682,0.4052880202116549,30.261016098414125,28.152632721369052
ETH,1768449600,2026-01-15,0.7543985398033154,0.7757590799543622,32.455176568491574,31.593267073760167
ETH,1768503600,2026-01-15,0.11931770274467515,0.11950309082191948,33.248845357221,33.2072180770072
ETH,1768579200,2026-01-16,0.1988501465621975,0.22674393742048926,24.10878184989963,21.474841992199607
ETH,1768744800,2026-01-18,-1.0142857142857142,-1.0142857142857142,10.525895790863064,10.110195467083278
ETH,1768867200,2026-01-20,-1.0142857142857142,-1.0142857142857142,18.02270084152834,16.906754752415154
ETH,1768950000,2026-01-20,0.2146425285399794,0.24890287244859105,30.35540077774041,26.607354683720448
ETH,1769000400,2026-01-21,1.2555608954251418,1.3230165979353496,26.970963246602395,25.624883496341056
ETH,1769180400,2026-01-23,0.5468105198843536,0.5946473979212512,25.021888322673526,23.10126434749458
ETH,1769313600,2026-01-25,-0.06500442540604602,-0.06631028758794653,11.44958947616416,11.053404051253718
ETH,1769360400,2026-01-25,-1.0142857142857142,-1.0142857142857142,15.159581419729449,12.370318452016324
ETH,1769389200,2026-01-26,0.2733146012405504,0.33628263978754946,18.701475815991195,15.473897032605914
ETH,1769490000,2026-01-27,0.40595210844524254,0.39955413296132336,25.38083783513978,25.76013305322747
ETH,1769533200,2026-01-27,-0.6028608686413788,-0.6819410724996471,24.741133019685783,21.746604790430837
ETH,1769598000,2026-01-28,0.1956446121486248,0.1979542293624147,23.548716599595625,23.30861787648759
ETH,1769713200,2026-01-29,-0.3305149623497783,-0.36924616523522696,32.24822447858965,28.581934053865783
ETH,1769799600,2026-01-30,0.018766641662655355,0.02615832392737006,41.40430715295223,35.81233078010241
ETH,1769850000,2026-01-31,-1.0142857142857142,-1.0142857142857142,32.20957903187834,29.022623572792074
ETH,1769871600,2026-01-31,-1.0142857142857142,-1.0142857142857142,35.1650899719825,28.16625073905811
ETH,1769882400,2026-01-31,0.4838499319354301,0.5675723465270928,44.388692663427676,38.15474594522982
ETH,1769990400,2026-02-02,-0.032379391064485265,-0.03269090851862313,50.270603184169545,46.46911112141335
ETH,1770145200,2026-02-03,1.0528168826949895,1.1568130035380244,45.30683862941721,41.3319800624493
ETH,1770224400,2026-02-04,0.22127202648027341,0.22618635749414295,44.08474783542596,43.23434382276643
ETH,1770274800,2026-02-05,-0.7037255402666822,-0.6939056367422555,48.9031204656958,49.62489896305702
ETH,1770339600,2026-02-06,0.6762606820994499,0.7439915211999316,67.69595906870641,61.76103284322229
ETH,1770483600,2026-02-07,0.12339101431686485,0.14443563458452072,43.45058566682029,38.16524610272955
ETH,1770541200,2026-02-08,0.2580183393016554,0.2713461579849602,29.47966876581881,28.169643286266396
ETH,1770595200,2026-02-09,0.8426650986013744,0.9629004545501308,31.216715563336948,27.43107829897823
ETH,1770706800,2026-02-10,0.09937052381563304,0.1090858333696278,31.353504433736266,29.1406970824852
ETH,1770915600,2026-02-12,0.43214986418695384,0.47516755379312514,25.078688343464915,22.937048985269904
ETH,1770994800,2026-02-13,-1.0142857142857142,-1.0142857142857142,20.639079690597523,19.22131658987426
ETH,1771063200,2026-02-14,-0.236361980174426,-0.256124247216121,16.101378334596298,14.703022821872919
ETH,1771347600,2026-02-17,0.3396070740464282,0.3640251205785432,23.67640368778015,22.203819356070937
ETH,1771401600,2026-02-18,0.7667555655835023,0.7947926096880331,18.58355130483707,17.95074755905531
ETH,1771444800,2026-02-18,0.49241469923729725,0.5219037108263248,22.276436293088977,21.08308523871121
ETH,1771509600,2026-02-19,0.3086642825666797,0.34133972582205935,17.09698615919432,15.586754325286188
ETH,1771675200,2026-02-21,0.2979566272209453,0.3045432732460014,11.733841865841772,11.501829701675755
ETH,1771837200,2026-02-23,-1.0142857142857142,-1.0142857142857142,16.713120166790482,11.694129410389747
ETH,1771869600,2026-02-23,-0.08334391347526927,-0.09046694675783476,20.44822326331041,18.095009668180445
ETH,1771941600,2026-02-24,0.7248523795391986,0.7542083716844189,18.48703382960557,17.793728739575226
ETH,1771988400,2026-02-25,0.09131555467558727,0.09358173149691186,21.544099892273888,21.144415268602646
ETH,1772031600,2026-02-25,-1.0142857142857142,-1.0142857142857142,22.330536448544446,21.009039252278633
ETH,1772060400,2026-02-25,-0.19490757944441306,-0.2009577343077965,24.597350305122507,23.734069559362702
ETH,1772467200,2026-03-02,0.21585459762123718,0.25458265938869595,32.799873982418774,28.313710442604823
ETH,1772622000,2026-03-04,-1.0142857142857142,-1.0142857142857142,28.972528224041184,29.23656885665974
ETH,1772791200,2026-03-06,-1.0142857142857142,-1.0142857142857142,22.576733635575774,21.874174684466215
ETH,1772913600,2026-03-07,-0.38290316017466725,-0.4011050173345223,14.151387716809051,13.459956002717432
ETH,1772974800,2026-03-08,0.4022485651853266,0.42916474140876365,16.175134695596338,15.223991210642213
ETH,1773028800,2026-03-09,-0.1077273994429848,-0.11514697699905425,22.198487843629092,20.296063831600556
ETH,1773216000,2026-03-11,0.7779298838976231,0.7715448599662855,20.67484014779662,20.83982785147328
ETH,1773327600,2026-03-12,0.16483410400224022,0.1927523461564355,21.67170977816855,18.937995145719974
ETH,1773406800,2026-03-13,0.561577559805829,0.5839451195309573,22.139687677244495,21.3312021139556
ETH,1773687600,2026-03-16,0.2113657388463742,0.2141271064403702,28.364568770054056,28.041843290827448
ETH,1773907200,2026-03-19,-0.47816292521692627,-0.5000738983190122,24.22516585098247,23.09940937798111
ETH,1774105200,2026-03-21,1.9549054545064501,2.0300914564654833,11.974643503065268,11.537308387916454
ETH,1774137600,2026-03-22,-0.025447100001589472,-0.02384301718963479,14.631715164544874,9.668000946432953
ETH,1774216800,2026-03-22,-0.2442882999911965,-0.2628973773443986,16.979928916776892,15.631461910375098
ETH,1774267200,2026-03-23,0.12125226746971599,0.19047416675737244,29.272500956790278,20.02192410731259
ETH,1774418400,2026-03-25,-0.01281101270019877,-0.013019410416420287,18.49117268286549,18.738955196932068
ETH,1774494000,2026-03-26,-1.0142857142857142,-1.0142857142857142,16.99306407808559,16.62791516101527
ETH,1774602000,2026-03-27,-1.0142857142857142,-1.0142857142857142,17.215820028505753,15.82703695377543
ETH,1774623600,2026-03-27,-0.23445831763306552,-0.26990462507634866,20.010987677640156,17.071832883612473
ETH,1774792800,2026-03-29,-1.0142857142857142,-1.0142857142857142,11.154546446182438,10.583357711273383
ETH,1774825200,2026-03-29,1.651221018178402,2.2674828884847944,15.078393451273522,11.031346793679171
ETH,1774922400,2026-03-31,0.7178998379654561,0.8288931301385362,22.39106374693907,19.492684035165144
ETH,1774976400,2026-03-31,-0.03515115233366064,-0.035727681422638845,26.488302637571753,24.354325917384962
ETH,1775023200,2026-04-01,-0.06412793248150744,-0.06521190804653654,22.33868988622303,21.67781987747097
ETH,1775221200,2026-04-03,0.32443449294484333,0.3656081657842077,15.556193924002988,13.93128576431089
ETH,1775332800,2026-04-04,0.8607325890800808,1.0597245844820355,8.546008844163829,6.98339413986873
ETH,1775372400,2026-04-05,0.4286072352651846,0.4913779361366573,8.243104341190769,7.247958521282379
ETH,1775430000,2026-04-05,-1.0142857142857142,-1.0142857142857142,13.054566749598417,11.135687268798295
ETH,1775469600,2026-04-06,0.3576509488043235,0.39455066456797216,17.022021766205324,15.537561902067258
ETH,1775559600,2026-04-07,0.3880008291098305,0.44511312714122553,17.757166303673507,15.616179096263766
ETH,1775606400,2026-04-08,-0.2695438534476847,-0.29302886696548686,26.98589743700585,24.589428009083232
ETH,1775743200,2026-04-09,0.5816818855309654,0.6162345837389821,16.70968861863791,15.814280050840834
ETH,1775833200,2026-04-10,-0.014213560468910256,-0.013284530627115638,18.90451768260621,17.75563442742206
ETH,1775926800,2026-04-11,-1.0142857142857142,-1.0142857142857142,13.066256046439866,11.925968050012175
ETH,1775959200,2026-04-12,-0.3890394493901362,-0.4820076734392196,21.670240133055245,17.227181681751777
ETH,1776092400,2026-04-13,-1.0142857142857142,-1.0142857142857142,16.384722526736045,15.215855028792635
ETH,1776121200,2026-04-13,-0.250970086955753,-0.31816943419393123,25.925130698183843,19.909371521121056
ETH,1776178800,2026-04-14,0.9037686039499931,1.0504702079807895,22.73235619516166,19.64176821017411
ETH,1776348000,2026-04-16,0.5840358667462059,0.7161996182536019,18.515706929307402,15.229992077715663
ETH,1776420000,2026-04-17,-1.0142857142857142,-1.0142857142857142,18.740639606430623,17.972996499232995
ETH,1776448800,2026-04-17,-0.07324381202500695,-0.08191049375529938,23.664348651584337,19.819298547860086
ETH,1776585600,2026-04-19,-0.13656487350800992,-0.14360760065250955,15.21256353866684,14.28122227241043
ETH,1776632400,2026-04-19,-0.27964659027120364,-0.2910199000877928,16.94427153002354,16.20998472464075
ETH,1776711600,2026-04-20,0.24643614200940236,0.25135170471829865,22.087703627418193,21.69983467568112
ETH,1777298400,2026-04-27,-0.2739300246862762,-0.27774818044985844,14.392927850693749,14.172383839208635
ETH,1777330800,2026-04-27,-0.23035837759048933,-0.26349485955368035,17.316708197792046,14.874147289929917
ETH,1777384800,2026-04-28,0.37486303886486655,0.4072173964950819,14.227837389492178,13.17151718868388
ETH,1777496400,2026-04-29,-0.16526350751456492,-0.19233686982332232,20.818428600373448,17.376769261940645
ETH,1777615200,2026-05-01,-1.0142857142857142,-1.0142857142857142,13.744838203356819,12.59059498823042
ETH,1777759200,2026-05-02,0.6433421456891937,0.8204112667966087,8.840422678670553,6.996609038568293
ETH,1777842000,2026-05-03,-1.0142857142857142,-1.0142857142857142,9.697575057270184,9.207388523214068
ETH,1777989600,2026-05-05,0.5536549183601673,0.5553484882997816,15.418647583458688,15.373928166801663
ETH,1778068800,2026-05-06,0.8930020284285276,0.9721171880240161,16.56483720289589,15.255209295426368
ETH,1778162400,2026-05-07,-0.47253777667772895,-0.5068400490362398,14.293232612744761,13.268096659878983
ETH,1778367600,2026-05-09,-0.08752115475414715,-0.08931689441562836,9.838892180811687,9.54803773318179
ETH,1778443200,2026-05-10,-1.0142857142857142,-1.0142857142857142,8.152150450295823,7.182315869549366
ETH,1778511600,2026-05-11,0.5223784520090694,0.5539942079720958,14.54112044272982,13.75197586140133
ETH,1778551200,2026-05-12,-0.2971401709804759,-0.3394393842496264,14.680997898303378,12.68338235201905
ETH,1778598000,2026-05-12,0.16195576088571512,0.16788220801885326,14.021245886427907,13.598264800768517
ETH,1778684400,2026-05-13,0.016394798403132224,0.017519581949493507,15.12246069444169,14.753419209398773
ETH,1778824800,2026-05-15,-0.4677994289018672,-0.49529506405706336,16.45094183494299,15.481783514553978
ETH,1778925600,2026-05-16,0.10723278834245202,0.12282872080378407,13.359568322066147,11.98338126991739
ETH,1779123600,2026-05-18,0.5392327340795277,0.5492795944388245,16.82672714070794,16.534167689993158
ETH,1779292800,2026-05-20,0.056403921911018985,0.05962317870463509,13.550147953391743,13.055543949806491
ETH,1779328800,2026-05-21,0.8994401439328118,0.92680815728987,13.254145060722093,12.874463911546865
ETH,1779476400,2026-05-22,-0.5681626580625943,-1.0142857142857142,12.543887036403403,10.658032193049822
ETH,1779523200,2026-05-23,0.9359005657419015,1.1890563109511567,14.51867677384108,11.500113448751932
ETH,1779724800,2026-05-25,0.825726074393396,0.8484763782346771,11.501513526159394,11.203168412787031
ETH,1779811200,2026-05-26,-0.04840752769616561,-0.05006410464408002,16.70835426584119,15.420535363213604
ETH,1779890400,2026-05-27,-0.6510215033436574,-0.7086926312278284,13.641943210523063,12.485169611332543
ETH,1780070400,2026-05-29,0.24335241130529206,0.29105031666334824,16.033901264326957,13.641124438505964
ETH,1780246800,2026-05-31,-0.29578474723077625,-0.31526454854225117,7.805427873799995,7.275076171784607
ETH,1780300800,2026-06-01,0.008019571944753792,0.009334414153543155,13.039896433875318,12.587580774942664
ETH,1780412400,2026-06-02,-1.0142857142857142,-1.0142857142857142,16.372049801444412,13.829899786170898
ETH,1780459200,2026-06-03,0.47003159921398696,0.49806305062828676,23.517134137341735,22.26537522482956
ETH,1780506000,2026-06-03,-0.8226677214380229,-0.861189921561829,20.562457695939084,19.61110828793441
ETH,1780542000,2026-06-04,0.23783281214465873,0.26025473609230654,30.683767241517852,28.30174933701922
ETH,1780722000,2026-06-06,0.14594064478639915,0.15779842127203178,32.36779736717302,30.30839716464788
ETH,1780894800,2026-06-08,-0.443546559925444,-0.5735738243513765,22.645074721661256,17.24238816178904
ETH,1781028000,2026-06-09,-0.5095764442184946,-0.5517679922456581,18.063369707035584,16.606705838346013
ETH,1781085600,2026-06-10,0.27329083494195855,0.2794881199045538,16.19470871142745,15.868917073844942
ETH,1781128800,2026-06-10,0.7284988105020543,0.753695296840673,19.179197980057804,18.561443978523787
ETH,1781179200,2026-06-11,-0.11272592776124452,-0.11364268901278454,14.972461509846811,14.811112395219647
ETH,1781388000,2026-06-13,0.5572749592078207,0.6434363421575438,8.38835199260023,7.31284060741564
ETH,1781474400,2026-06-14,0.025317083413438763,0.05452868558959988,11.187118008128904,7.254588624138824
ETH,1781701200,2026-06-17,-0.38967448941411914,-0.4048783016344818,15.112424814145243,14.501842107541034
ETH,1782093600,2026-06-22,-0.01263009031150328,-0.010296446428190458,13.262912308941436,11.56929017886001
ETH,1782205200,2026-06-23,0.05423009059944959,0.06921754943548096,16.424819418993124,13.90749783583876
ETH,1782316800,2026-06-24,-1.0142857142857142,-1.0142857142857142,15.3774368213651,13.91108580762395
ETH,1782331200,2026-06-24,0.47528308501846234,0.5583738725579613,17.913334191267584,15.3774368213651
ETH,1782396000,2026-06-25,0.19052352359794825,0.28024391514164554,22.62554571914837,16.052126159082864
ETH,1782442800,2026-06-26,0.13091424981279629,0.14231149524769704,21.927629443427286,20.465139400613996
ETH,1782572400,2026-06-27,0.5294987616535961,0.5246309929432053,10.602864945638677,10.696162249149339
ETH,1782676800,2026-06-28,0.3288612085434887,0.3490621587081302,10.463510076158721,9.903780082017084
ETH,1782770400,2026-06-29,0.23529673494458417,0.2773535249282712,18.73229826968961,16.15709044428112
ETH,1782824400,2026-06-30,0.2901061395793517,0.32017905549829406,12.847737410712933,11.73987105769085
ETH,1782943200,2026-07-01,0.32265410160795926,0.33395612277344583,15.00053662352075,14.532885594560797
ETH,1782986400,2026-07-02,-1.0142857142857142,-1.0142857142857142,15.332958758983919,14.080878663521133
ETH,1783000800,2026-07-02,-0.07975855226040943,-0.0888474439863349,17.917452496754976,15.21571807342844
ETH,1783069200,2026-07-03,-0.2896081068414778,-0.2967935798924714,14.425996801179565,14.039535016654913
ETH,1783173600,2026-07-04,-0.2677727914826065,-0.2791683344708523,10.69033564868277,10.204207621658352
ETH,1783292400,2026-07-05,0.8347097559390423,0.908480626819063,11.692929135261782,10.772385222589605
ETH,1783342800,2026-07-06,1.3727833621619616,1.4774601115038244,13.474715516528843,12.538155171646439
ETH,1783375200,2026-07-06,0.4993044206000075,0.5641393972781713,16.832962333210588,14.991651743457558
ETH,1783476000,2026-07-08,-0.3326378777504204,-0.35244727696445144,17.129714385243776,16.082000107185603
ETH,1783782000,2026-07-11,0.8292540698685705,0.8847273543611317,8.459929053566748,7.946077442302661
ETH,1783904400,2026-07-13,1.3005055750737267,1.6304426032831105,11.599886849941361,9.292955069167627
ETH,1784070000,2026-07-14,0.4200624581519276,0.4433617680262582,14.666747641507099,13.942651306238401
ETH,1784401200,2026-07-18,-0.40128521707183135,-0.4357660876394799,8.363368765305038,7.6551663626362005
ETH,1784509200,2026-07-20,0.3589041116369885,0.41484851102564907,11.22282822351153,9.80689193301241
ETH,1784548800,2026-07-20,-0.29798692920333747,-0.3214748322669926,13.924323443267358,12.807732938903305
ETH,1784624400,2026-07-21,0.5406684985751954,0.5649085437255245,13.958462691721243,13.38834443723827
ETH,1784703600,2026-07-22,0.6510262421289023,0.6336309100408462,11.784283222040017,12.09384346988925
ETH,1784901600,2026-07-24,-0.03258354638706844,-0.03296511646195685,12.818310376644218,11.705103482539911
ETH,1785081600,2026-07-26,-1.0142857142857142,-1.0142857142857142,7.349808168650669,6.395178027777645
ETH,1785110400,2026-07-27,-0.2472053090277987,-0.2673449902550631,10.193165962747909,9.333409498343908
ETH,1785247200,2026-07-28,0.8453361280890613,0.9717967884279176,14.905139778731566,13.020919761710928
ETH,1785351600,2026-07-29,0.3024415966330607,0.34369812565245905,16.986815365901315,15.104262701739874
ETH,1785420000,2026-07-30,0.17936467770834702,0.18659295466209228,13.809186979605471,13.345278285728975
ETH,1785517200,2026-07-31,-0.14040086742855212,-0.14989051704043413,12.697908659044497,11.704670863586388
ETH,1785610800,2026-08-01,1.2256624174107351,1.6901359541269254,9.077824141157972,6.624579844323969
ETH,1785697200,2026-08-02,0.7874631428534504,0.8514562539417869,9.617939856233047,8.918550614404817
ETH,1785826800,2026-08-04,0.05053215666473496,0.05889645218607454,12.38881900326299,11.204112772744761
ETH,1785934800,2026-08-05,-1.0142857142857142,-1.0142857142857142,9.884229794810366,9.273785932872707
ETH,1786104000,2026-08-07,0.1676654100435007,0.16781283466724678,8.299009707179025,8.292779684654326
ETH,1786291200,2026-08-09,0.8380548579459811,0.8182703608382473,4.595818526186796,4.703189182047333
ETH,1786366800,2026-08-10,-1.0142857142857142,-1.0142857142857142,8.972775195396283,8.252219441196003
ETH,1786464000,2026-08-11,0.7621738737419883,0.8640041830191733,9.701516466787533,8.594710041155793
ETH,1786543200,2026-08-12,0.6480263171822388,0.7298389026754126,8.17113486302428,7.289683698641523
ETH,1786640400,2026-08-13,0.4331502167293041,0.47653309672670596,10.049344766970611,9.18621744135297
ETH,1786899600,2026-08-16,-0.3212937255290188,-0.36287104694732847,3.152671157779252,2.760568939146887
ETH,1786935600,2026-08-17,-0.21280586162158088,-0.24389752478922538,6.91665338117772,5.917934410499094
ETH,1787065200,2026-08-18,-0.000851497788347384,0.003977345491822646,8.864173855164378,7.5491103055616335
ETH,1787130000,2026-08-19,-1.0142857142857142,-1.0142857142857142,7.772142681399697,7.245384426122741
ETH,1787155200,2026-08-19,-1.0142857142857142,-1.0142857142857142,21.094152089282936,11.362933019227786
ETH,1787176800,2026-08-19,0.45759064247862546,0.5624697474481205,35.614225677640675,29.29455072976688
ETH,1787241600,2026-08-20,-0.09364941467556925,-0.09791471311060478,31.478715787135652,29.542463155376847
ETH,1787295600,2026-08-21,-0.14909019372468263,-0.1500321452568362,26.36222544350507,26.157781246851616
ETH,1787374800,2026-08-22,0.25492532033614357,0.2906526301747805,35.09236513966097,31.164854765788732
ETH,1787461200,2026-08-23,0.8779461597783985,0.9456699444604174,23.55954603817462,21.921818810341904
ETH,1787493600,2026-08-23,-0.14879716819050934,-0.16240813021136577,24.572822123165675,22.073808440332268
ETH,1787569200,2026-08-24,0.1274506877754986,0.12994438070899142,24.209022064180193,23.828177607578677
ETH,1787695200,2026-08-25,0.40136039953383235,0.4095762090120072,23.525324372610473,23.084195478195877
ETH,1787821200,2026-08-27,0.3808553575325786,0.4336621105268526,20.034979198389212,17.746131444419152
ETH,1787936400,2026-08-28,0.2952683272854808,0.34215601584765215,25.709364385122665,22.4577770301321
ETH,1788094800,2026-08-30,-1.0142857142857142,-1.0142857142857142,8.324537567194985,7.844117380056126
ETH,1788109200,2026-08-30,2.5659900922642387,3.5029322536684195,12.519594113303205,9.198024429711158
ETH,1788289200,2026-09-01,0.364386761198529,0.39565310953982924,19.733106259536473,18.27872981796237
ETH,1788350400,2026-09-02,0.1259371478377908,0.13541626683191926,18.898627298631386,17.806214013910726
ETH,1788444000,2026-09-03,-1.0142857142857142,-1.0142857142857142,17.38416954184672,17.156797968142612
ETH,1788451200,2026-09-03,-0.17859089943753315,-0.18750495891963892,21.95905434985765,20.727443146000528
ETH,1788512400,2026-09-04,1.2349703477326617,1.2989428560059388,19.10276597877506,18.182209515603933
SOL,1708196400,2024-02-17,0.07987404273793539,0.08858709026241528,1.1592396085923649,1.0730272707917774
SOL,1708351200,2024-02-19,0.41231965817179217,0.46554798936076996,1.283115723416204,1.1448938559866815
SOL,1708390800,2024-02-20,-0.44059068971145565,-0.44646757412193666,1.23433896552372,1.2169804244101603
SOL,1708444800,2024-02-20,0.3508228314613927,0.40812258372526955,1.7998615550959267,1.5636970593340747
SOL,1708509600,2024-02-21,-0.39084794454196226,-0.41543297453009387,1.4511409449378814,1.3589210176254114
SOL,1708704000,2024-02-23,0.04203391672750756,0.04515366946586766,1.335390598070348,1.2788821825372985
SOL,1708941600,2024-02-26,1.949291896008162,2.2403523771481817,1.0458616643852854,0.9116971770303068
SOL,1709118000,2024-02-28,0.15181712819074536,0.17110590455429156,1.5205272396925442,1.3736447196688943
SOL,1709258400,2024-03-01,0.007460480809369085,0.008496776235101457,4.2026241193112295,4.085133666950556
SOL,1709452800,2024-03-03,0.41376133597474474,0.47761118139027253,2.0152894899005735,1.7610809891236943
SOL,1709506800,2024-03-03,0.2908403294513051,0.3019376622795134,1.663772726208617,1.607909089763125
SOL,1709575200,2024-03-04,0.16176758623837934,0.16945139789921088,2.2666323657274083,2.1786810092449014
SOL,1709650800,2024-03-05,1.4183772278359408,1.667156095206847,2.4662737083096267,2.1044486089488275
SOL,1709812800,2024-03-07,-0.3587296951629608,-0.381916684362331,3.3403893055374674,3.1211884828865033
SOL,1709902800,2024-03-08,0.5625803500527266,0.5492072732787704,2.474588076621855,2.5318640825158445
SOL,1710082800,2024-03-10,0.36131176579627805,0.3915456473560971,1.7514403101281935,1.6253972570611324
SOL,1710147600,2024-03-11,0.19424385589938675,0.19337120784919892,2.6030530238421337,2.61328787182999
SOL,1710216000,2024-03-12,-0.17789651931974118,-0.18547004577178808,2.1812428446019405,2.075953832648243
SOL,1710342000,2024-03-13,-1.0142857142857142,-1.0142857142857142,2.5840212069260957,2.4420228382281026
SOL,1710471600,2024-03-15,0.22969315850339997,0.23661308657934638,4.502580690709354,4.385086897686996
SOL,1710529200,2024-03-15,-0.06802428684072168,-0.06898089139345497,6.155628603622839,6.009907726978441
SOL,1710702000,2024-03-17,-0.3722963064512571,-0.36485071466788616,4.970752885593513,5.080810799869936
SOL,1710838800,2024-03-19,0.28276391473963175,0.30328350278829963,5.965088439340326,5.596249088520351
SOL,1710889200,2024-03-19,0.13133766630695332,0.13433636629408438,6.003410879976075,5.892904024589619
SOL,1711206000,2024-03-23,0.5247776167852296,0.5365131816298812,2.8346871504231244,2.7758169312249033
SOL,1711314000,2024-03-24,-1.0142857142857142,-1.0142857142857142,2.282950547028542,2.144715973723044
SOL,1711432800,2024-03-26,0.3972576671129743,0.39857502815667717,2.5093903620042757,2.501651159081527
SOL,1711472400,2024-03-26,0.22752406732708627,0.2461538458971331,2.6998857164695305,2.516800002351801
SOL,1711530000,2024-03-27,-0.35015232226892884,-0.3523939206119593,2.532133376840746,2.5146051750592657
SOL,1711756800,2024-03-30,-1.0142857142857142,-1.0142857142857142,2.4864829823212697,2.3800585963459824
SOL,1711782000,2024-03-30,0.0025222132731900484,0.0059912898049964075,2.5728732709977282,2.3146327533821682
SOL,1711915200,2024-03-31,-0.19460266699011874,-0.20428623986634975,1.858514286289287,1.7560923083115398
SOL,1711951200,2024-04-01,-0.2602997394083436,-0.31219638519394033,2.4536122777487144,2.0046593760370777
SOL,1712026800,2024-04-02,-0.35450975907608,-0.4052612883547616,3.0855968494319983,2.6698735301575383
SOL,1712289600,2024-04-05,-1.0142857142857142,-1.0142857142857142,2.6723096954727565,2.510948902816814
SOL,1712311200,2024-04-05,0.2977196502338089,0.29419905498872867,2.9596711293805105,2.9919535239482404
SOL,1712570400,2024-04-08,0.34370127225159014,0.3820656857989567,2.0952382441032755,1.8994873398035261
SOL,1712649600,2024-04-09,-0.22094647839413042,-0.22000504966633178,1.8267887220949963,1.8357724699484592
SOL,1712746800,2024-04-10,0.2829817230258846,-1.0142857142857142,2.0175415506111247,1.9358139775812127
SOL,1712862000,2024-04-11,0.20572571897162806,0.20848755003089584,2.353543682503619,2.3261239657731294
SOL,1712944800,2024-04-12,-1.0142857142857142,-1.0142857142857142,2.292244958980467,1.976263801978964
SOL,1713031200,2024-04-13,-1.0142857142857142,-1.0142857142857142,3.7682271448618043,3.341167694466559
SOL,1713164400,2024-04-15,0.7693820243474215,0.7824123876847188,4.185707810126709,4.11845456475184
SOL,1713243600,2024-04-16,-0.13892091143308155,-0.14165369241727663,3.9873317807173554,3.890972686926382
SOL,1713459600,2024-04-18,0.42697613089011477,0.4575574637379244,3.5812475284839915,3.3559588768289124
SOL,1713628800,2024-04-20,-0.15951714767964867,-0.17361607845949747,2.509218558721045,2.2653122940072787
SOL,1713769200,2024-04-22,0.2889133105167737,0.3049842549772842,2.3488193097278858,2.235651564322339
SOL,1713830400,2024-04-23,0.30263263905705856,0.3139852108297387,2.061741414429434,1.9934138309240068
SOL,1713888000,2024-04-23,0.349138523619724,0.35477951257483326,1.9894328096716136,1.9601584104155836
SOL,1713970800,2024-04-24,-1.0142857142857142,-1.0142857142857142,2.031001171388001,1.8287704922640011
SOL,1714096800,2024-04-26,0.012162674684370293,0.013345999097794922,2.384804116904902,2.317481356666818
SOL,1714140000,2024-04-26,-0.3432509738797186,-0.3616671438393158,2.0247355337908908,1.9127921133132675
SOL,1714172400,2024-04-26,-0.5269849955178122,-1.0142857142857142,2.0120984045464696,1.8568752048961978
SOL,1714478400,2024-04-30,-1.0142857142857142,-1.0142857142857142,1.9740675084686246,1.986688086043134
SOL,1714510800,2024-04-30,-0.1745395921133559,-0.18895107602077701,2.4075699995199926,2.1912292302523
SOL,1714550400,2024-05-01,0.3381976499867002,0.3659346924598462,2.6018706866927843,2.418937662592229
SOL,1714647600,2024-05-02,-0.22930279577255955,-0.2364842577396792,2.9606021349430796,2.85834076070793
SOL,1714770000,2024-05-03,-0.06271613693116396,-0.06305747532310645,2.2592917277288866,2.2369295529388
SOL,1714960800,2024-05-06,-1.0142857142857142,-1.0142857142857142,1.3153722263865342,1.3011700899547292
SOL,1715047200,2024-05-07,-0.03643787824904942,-0.03699542731166371,2.5424430104602176,2.374169395880235
SOL,1715173200,2024-05-08,-0.46570317881213397,-0.45937190186397103,2.274567596012436,2.3079958726287773
SOL,1715212800,2024-05-09,0.050099723412535435,0.05832350806662898,2.542227931793569,2.3016300803930734
SOL,1715490000,2024-05-12,0.3645227292221236,0.3646245793372639,1.3155699388807949,1.3152291649485488
SOL,1715551200,2024-05-12,-1.0142857142857142,-1.0142857142857142,1.2639306689605598,1.1842330281113713
SOL,1715580000,2024-05-13,0.8934972460959706,0.9850971361689264,1.57719891613311,1.4346757558356562
SOL,1715616000,2024-05-13,0.11926482705274703,0.12363158217810458,1.9519665683702876,1.895963996706463
SOL,1715781600,2024-05-15,-0.6988785708876434,-0.7724084035076716,2.131219165642586,1.9205437168458614
SOL,1715821200,2024-05-16,-0.5893357757560301,-0.622491284929995,2.236742975160668,2.111877050173026
SOL,1716030000,2024-05-18,0.5332522292424959,0.5254587120890946,1.8968839615281,1.9235673431841065
SOL,1716138000,2024-05-19,0.04902862727805331,0.05286154003100243,1.6936659386366226,1.6139479339163638
SOL,1716184800,2024-05-20,-0.1314516418676875,-0.13759054141012758,2.1939523498489564,2.070410222914262
SOL,1716235200,2024-05-20,0.19952865882490992,0.24528392310698377,2.8057858605198964,2.3370001574829646
SOL,1716462000,2024-05-23,-0.46831407773211964,-0.49930428431937723,2.2415708087347346,2.0939993324835604
SOL,1716498000,2024-05-23,0.10388485472017148,0.13095123540854092,3.0414347499865397,2.5253912692162737
SOL,1716537600,2024-05-24,0.0032841611932597214,0.0025720619679906057,2.9597855504229322,3.0274613619939283
SOL,1716717600,2024-05-26,-0.15034628016322354,-0.15568314988330012,1.5719877209972626,1.5059867764585901
SOL,1716825600,2024-05-27,0.09816260676144545,0.10339082735800546,1.7359188431280952,1.6671433695225644
SOL,1716904800,2024-05-28,0.39842261498053577,0.4278948503421677,2.1746706835699023,2.0342607361522025
SOL,1716966000,2024-05-29,0.6725065609297378,0.6790999023645014,1.8909654925232597,1.8733474534865873
SOL,1717063200,2024-05-30,0.525186977141359,0.5418281036306177,1.9503089955083308,1.8934096874705102
SOL,1717257600,2024-06-01,0.3001696198363643,0.29331663064470753,0.9125723771126232,0.9320010215059022
SOL,1717365600,2024-06-02,0.46478381578508204,0.5070018178278498,1.1408759697918849,1.0509433520835683
SOL,1717513200,2024-06-04,-1.0142857142857142,-1.0142857142857142,1.1894989670693927,1.1556142722285772
SOL,1717552800,2024-06-05,0.06354823754059426,0.06683082590902813,1.3957001148383976,1.3476770467490429
SOL,1717603200,2024-06-05,0.1895001596494123,0.1985890367723561,1.5722228909065006,1.5093169594377709
SOL,1717704000,2024-06-06,0.4603067312751515,0.5037049978192571,1.2039225249009615,1.105762719124113
SOL,1717786800,2024-06-07,0.749677541196306,1.1684714560100122,2.2908570548949547,1.4893845206561047
SOL,1718035200,2024-06-10,0.7991341102117352,0.9015974884676664,1.3980127024932083,1.24401367960807
SOL,1718071200,2024-06-11,-0.327960111129717,-0.3770786346392983,1.6700698093444295,1.4346905639093863
SOL,1718377200,2024-06-14,-0.39190552299474407,-1.0142857142857142,1.6906910849109926,1.4753596299041452
SOL,1718470800,2024-06-15,0.17671788757168794,0.1702161585537731,1.2525876259609665,1.293555904881041
SOL,1718546400,2024-06-16,-1.0142857142857142,-1.0142857142857142,0.9651049574176322,0.964728415680527
SOL,1718557200,2024-06-16,-0.023487807530382113,-0.023379097628366183,1.1240581601481554,1.1005241724672439
SOL,1718622000,2024-06-17,0.23115205015202292,0.24970842388881226,1.6391058975748876,1.5298063512344942
SOL,1718676000,2024-06-18,0.894330356716238,1.2761453022799496,2.934842549607999,2.0759842841932286
SOL,1718902800,2024-06-20,0.21757756178696663,0.21810795566056967,2.0428974424188455,2.0385049379895266
SOL,1718942400,2024-06-21,-0.139414763267355,-0.13787650230548126,1.7012428315039165,1.7251845877734495
SOL,1719183600,2024-06-23,-1.0142857142857142,-1.0142857142857142,1.1449114006586056,1.0875968930169588
SOL,1719288000,2024-06-25,-0.22898370358326348,-0.24009010070042217,2.3237812438723515,2.201764416477915
SOL,1719370800,2024-06-26,0.3671275776392899,0.3669171110575266,1.8628878151650297,1.86387918556234
SOL,1719421200,2024-06-26,0.08551997795537337,0.0865339660324882,1.6778526731862418,1.6630721095851853
SOL,1719493200,2024-06-27,-1.0142857142857142,-1.0142857142857142,1.4366805824446127,1.4048867810941987
SOL,1719716400,2024-06-30,0.48955083434508684,0.5241343999267778,1.196628758065751,1.121754047147733
SOL,1719763200,2024-06-30,-1.0142857142857142,-1.0142857142857142,1.2071004730165602,1.1568774324793714
SOL,1719853200,2024-07-01,0.26376610568027753,0.26706702292574147,1.4757891850353426,1.4593114300380592
SOL,1719892800,2024-07-02,-0.2704485042911275,-0.2713667872942671,1.3820479402235415,1.3768208587022763
SOL,1719925200,2024-07-02,-0.5354871075224542,-0.5733256435634192,1.3978092570300686,1.300717661416995
SOL,1719997200,2024-07-03,-0.6562167685568041,-0.6572297742477888,1.7434777964116057,1.7406683961355753
SOL,1720058400,2024-07-04,-0.08894981122402161,-0.10567616421736338,2.460672546104501,1.9268781265740775
SOL,1720101600,2024-07-04,0.0010537988804433544,0.002688324215207025,2.4110725071935843,2.285001161593092
SOL,1720141200,2024-07-05,0.10101960045703019,0.10773792259900741,2.535448873542563,2.4104834022766064
SOL,1720198800,2024-07-05,0.18345631022005263,0.17985133303973366,3.328405470608392,3.385975122193652
SOL,1720396800,2024-07-08,1.1730724198881433,1.2029061502720035,1.9544654862438182,1.9071166774933412
SOL,1720508400,2024-07-09,0.1355762314423912,0.13500923698774042,2.57607779983911,2.585006861365197
SOL,1720587600,2024-07-10,0.3150627816397014,0.3396410495667082,2.120194692268212,1.9786712070580734
SOL,1720670400,2024-07-11,0.592926336160827,0.62488445661491,1.723945977328085,1.639634129430246
SOL,1720713600,2024-07-11,-0.4734963678129603,-0.5102396468712727,1.7723695819697565,1.637167242121276
SOL,1720864800,2024-07-13,0.22993037364178628,0.24521792178667895,1.3152712943933793,1.2418306247313329
SOL,1720951200,2024-07-14,0.19153057549259392,0.19749546857837344,1.4668523543439809,1.428148689293518
SOL,1720994400,2024-07-14,-1.0142857142857142,-1.0142857142857142,1.3818279688022745,1.26812242794091
SOL,1721070000,2024-07-15,-0.511441620180656,-0.5322663886046846,1.7040959602722001,1.6336418033700613
SOL,1721145600,2024-07-16,-0.15669598434958673,-0.17389207452862734,2.363771261627089,2.084061358675327
SOL,1721181600,2024-07-17,0.12712266347631926,0.12962100598844337,2.1654184350133923,2.1312198530913444
SOL,1721361600,2024-07-19,-0.34552253802548194,-0.36345260706976384,2.0282533289265285,1.9196574311516463
SOL,1721498400,2024-07-20,-0.0019260812703881924,0.0024716423462740264,1.8228859253611314,1.564646381158141
SOL,1721577600,2024-07-21,-1.0142857142857142,-1.0142857142857142,1.6990731772616832,1.5751557293587357
SOL,1721617200,2024-07-22,0.016323452849641307,0.022630817087333683,2.8638326798451224,2.511050578294746
SOL,1721721600,2024-07-23,-0.6477655976460617,-0.6712842365232881,2.371746217775552,2.2849574652967486
SOL,1721754000,2024-07-23,0.10391553651422245,0.12164952225995937,2.868206693045871,2.5296072078955527
SOL,1721876400,2024-07-25,-0.1069642901089247,-0.11534311296226259,3.3166285156670554,2.9963691707183657
SOL,1722002400,2024-07-26,-0.012467827922761984,-0.009492242595380321,2.4839165397032685,2.096525504295829
SOL,1722060000,2024-07-27,-0.0619887188230779,-0.061449581079197485,1.8809766556111558,1.9118210137350917
SOL,1722214800,2024-07-29,-0.4621087119949163,-0.5125083245776567,2.0561751099911834,1.842034733836659
SOL,1722297600,2024-07-30,-0.23311678290210555,-0.23205292113750933,2.220953469083876,2.232565274398021
SOL,1722362400,2024-07-30,0.2513218638975423,0.25597675329138575,2.3172096153155417,2.2793026626475066
SOL,1722456000,2024-07-31,-1.0142857142857142,-1.0142857142857142,2.6173169437637123,2.3186490163609212
SOL,1722546000,2024-08-01,-0.3875597941332722,-0.427614357351747,2.403579685672288,2.162316584570157
SOL,1722610800,2024-08-02,-0.49439527361354796,-0.5747140375132768,3.1526325760301908,2.6889889280325128
SOL,1722726000,2024-08-03,-0.28648921705395647,-0.29877271564187985,2.891286754983947,2.759847274598097
SOL,1722762000,2024-08-04,-1.0142857142857142,-1.0142857142857142,2.4305059260572017,2.3682371511385267
SOL,1722794400,2024-08-04,-1.0142857142857142,-1.0142857142857142,2.490665390064705,2.1768704200696827
SOL,1722823200,2024-08-05,-1.0142857142857142,-1.0142857142857142,4.111511587553702,3.529320171211679
SOL,1722837600,2024-08-05,0.7344201687816092,0.8182745335948618,4.984140265829896,4.490612593970657
SOL,1723071600,2024-08-07,0.9209236295575796,0.9442922581414426,3.4063217987241607,3.3245003986260193
SOL,1723381200,2024-08-11,-1.0142857142857142,-1.0142857142857142,1.6476171069644057,1.531279961346281
SOL,1723417200,2024-08-11,0.6563890898125473,0.6944588538398344,1.8937483582312151,1.7940366934797702
SOL,1723640400,2024-08-14,0.96706386330708,1.097199191529976,1.9858103396601021,1.7562572888647254
SOL,1723676400,2024-08-14,-0.18738409854137247,-0.18779767752040982,1.9249993452798582,1.919999294916772
SOL,1723755600,2024-08-15,0.23132727389660465,0.26112496297369187,2.2206453963110784,1.992233503719623
SOL,1723824000,2024-08-16,0.12422580768748383,0.12823670933863487,2.2438700545353716,2.186475443345786
SOL,1724119200,2024-08-20,0.20730925193823643,0.2143708077019,1.7563359296342784,1.7052848472984523
SOL,1724234400,2024-08-21,0.38554433300728924,0.38957853063878817,1.1728949505872655,1.161579177555517
SOL,1724274000,2024-08-21,0.2867729995850268,0.2935369151060321,1.4768432359401888,1.4458311771663575
SOL,1724328000,2024-08-22,0.22054710343469755,0.22199420652012838,1.1813079979070962,1.1744855362076412
SOL,1724374800,2024-08-23,0.12238961124002541,0.13552457229982856,1.0977288307052384,1.0098618176825638
SOL,1724439600,2024-08-23,-1.0142857142857142,-1.0142857142857142,1.4604778296360517,1.424360739608055
SOL,1724497200,2024-08-24,-0.5106928400499761,-0.5172824765116737,1.5230307072109361,1.502494607765622
SOL,1724533200,2024-08-24,0.05359909126567732,0.054076313960997574,1.4603777636782103,1.4519452839611502
SOL,1724684400,2024-08-26,-0.0662738256366337,-0.07282061481759815,1.9703180717456592,1.6788040772645547
SOL,1724763600,2024-08-27,-1.0142857142857142,-1.0142857142857142,1.7161781292737666,1.6135764469102114
SOL,1724864400,2024-08-28,0.07041171100232649,0.0754690329497452,2.1937358026621703,2.0871000951746437
SOL,1724958000,2024-08-29,-0.30872114657956057,-0.35514265588189153,1.8153558468213977,1.557306296576891
SOL,1725040800,2024-08-30,0.28240747427724616,0.3272845681294522,1.8375155555379854,1.6057859828870618
SOL,1725170400,2024-09-01,-0.07033507797226415,-0.07493601455258163,1.2314194800118048,1.109220978474252
SOL,1725332400,2024-09-03,0.27392418417539294,0.28939347917663766,1.6906974841205695,1.608443444437537
SOL,1725411600,2024-09-04,0.46580532238833183,0.48536034701962816,1.612419790362965,1.5510674665447326
SOL,1725548400,2024-09-05,0.8817435310384543,0.9663084090098774,1.7482175313372716,1.5996188799016766
SOL,1725609600,2024-09-06,-0.28530372939867554,-0.3043136602741427,1.5135276212590494,1.4091835921251297
SOL,1725656400,2024-09-06,0.5030787284647594,0.5581784078334285,2.305490310672201,2.088989565339293
SOL,1725782400,2024-09-08,0.40877305110124756,0.42963682021425287,1.1432635445043597,1.0912068940816189
SOL,1725836400,2024-09-08,0.3509772556258241,0.39564202510972263,1.249604422391391,1.1180355318061148
SOL,1725912000,2024-09-09,0.20149801300460637,0.20506810100433728,1.626838017781734,1.6019794037649453
SOL,1725994800,2024-09-10,0.610943752085336,0.6346147232341963,1.5368785176417137,1.4820230189987684
SOL,1726225200,2024-09-13,1.2980211185524082,1.3162112064594869,0.9950304657310765,0.981571270787314
SOL,1726401600,2024-09-15,-1.0142857142857142,-1.0142857142857142,0.6759067859449301,0.6640534617868491
SOL,1726441200,2024-09-15,-0.16701166217602054,-0.16737133627286316,0.9287143283696092,0.9263077382441939
SOL,1726509600,2024-09-16,0.31206056208038757,0.34718534418878855,1.3001043795379261,1.17857394719469
SOL,1726552800,2024-09-17,-0.28527028931961007,-0.2908975704614804,1.235466554929374,1.2089639822316347
SOL,1726657200,2024-09-18,0.29528630227023733,0.30294828316494893,1.1380658649511395,1.111763239178151
SOL,1726707600,2024-09-19,-0.5423504243855798,-0.5543937459378708,1.7183597423209918,1.6790027994226073
SOL,1726750800,2024-09-19,-0.22305628771450242,-0.223691437745074,1.410319114270632,1.4057282769068347
SOL,1726808400,2024-09-20,-0.006447702758916432,-1.0142857142857142,1.678869890977026,1.4749368056675656
SOL,1727002800,2024-09-22,-0.012265241440678027,-0.012312685652266375,1.2265283011675414,1.2301074012573519
SOL,1727211600,2024-09-24,-0.24744314086742367,-0.24584187997004125,1.5925832759056386,1.6043204509753033
SOL,1727352000,2024-09-26,-1.0142857142857142,-1.0142857142857142,1.4134970126677096,1.4414583213344556
SOL,1727420400,2024-09-27,-0.19249492458627784,-0.19177382236789578,1.7081138873137822,1.7156611094148435
SOL,1727650800,2024-09-29,0.39317912405670397,0.40983187702851226,1.1313390205882048,1.08836509909499
SOL,1727694000,2024-09-30,-0.016608732365082483,-0.016205841714137522,1.433026204724485,1.3863359127802153
SOL,1727740800,2024-10-01,0.4368456898192893,0.4674618279395094,1.6145271450839507,1.5148753870134857
SOL,1727798400,2024-10-01,-0.33490177759766104,-0.3776212985079952,1.902707794738388,1.6698391635644172
SOL,1727895600,2024-10-02,0.04810151916685639,0.052652496817468655,2.1985776410584266,2.0753913057552276
SOL,1728162000,2024-10-05,0.2527039998643981,0.2561929187141951,1.0868858592247312,1.0735693868574037
SOL,1728223200,2024-10-06,-0.16086904726886406,-0.15761818956414936,0.9070458046145397,0.9298954818925801
SOL,1728262800,2024-10-07,0.32729065971672133,0.38500856221442287,1.2685492112973953,1.0915145352433493
SOL,1728313200,2024-10-07,1.1985543825033462,1.3996931641821373,1.6391380193257208,1.408302482350775
SOL,1728482400,2024-10-09,-0.4296134683742291,-0.4462179533582542,1.3251193607779448,1.272436234683941
SOL,1728662400,2024-10-11,-0.24514082829905734,-0.2548468927442421,1.2005389511490858,1.149041947391323
SOL,1728730800,2024-10-12,-0.08332359948629879,-0.0851530834148745,0.8871142049682649,0.8584306822735167
SOL,1728813600,2024-10-13,0.6374288676701385,0.6683926302240573,0.8494204715925432,0.8116835847919693
SOL,1728860400,2024-10-13,-1.0142857142857142,-1.0142857142857142,1.1236608844970595,1.0993271063814467
SOL,1728878400,2024-10-14,-0.18459465562385377,-0.21406428081317486,1.373421882972064,1.1552235662776067
SOL,1728921600,2024-10-14,-0.049014684033362864,-0.05077278878372063,1.537356488407146,1.41561467982308
SOL,1729000800,2024-10-15,0.8194340788454353,0.9970387044188587,1.836241443627086,1.518260016213785
SOL,1729195200,2024-10-17,0.34719347661668254,0.3589824542451688,1.6195536628594098,1.5702885600024399
SOL,1729350000,2024-10-19,-0.892046528793385,-0.9740137339783363,1.0389909991755888,0.9489133837275566
SOL,1729389600,2024-10-20,-0.12377450376309088,-0.13025199669301588,1.1104083087806913,1.039670486379206
SOL,1729461600,2024-10-20,-1.0142857142857142,-1.0142857142857142,1.3483874066945678,1.3598018225941486
SOL,1729717200,2024-10-23,-0.19500271066977395,-0.20830170472984433,2.472062741098455,2.289144490413721
SOL,1729897200,2024-10-25,0.308326949910742,0.3276872386929707,2.7307937905337245,2.582393312882473
SOL,1730052000,2024-10-27,0.40488476558202635,0.40868391148792327,1.6083352056010678,1.5943609906473022
SOL,1730113200,2024-10-28,0.2999036415906391,0.29665178597113334,1.6091675642557468,1.6252573768908036
SOL,1730156400,2024-10-28,-0.16168956916856334,-0.16368374088319665,1.8458362219609583,1.8185928544194923
SOL,1730221200,2024-10-29,0.4325412134622197,0.4538727959518424,1.7906997346085236,1.7115227911168722
SOL,1730293200,2024-10-30,-0.24867220171970125,-0.2551594293878683,1.661576560968794,1.6140055271971627
SOL,1730559600,2024-11-02,0.4908089188394856,0.5081391372987781,1.5072906527165297,1.4586207029254947
SOL,1730602800,2024-11-03,0.24730295191386012,0.27289946634982276,1.5638587775698842,1.4310786835367968
SOL,1730646000,2024-11-03,0.5353988332114459,0.5689899057049456,1.7275480292271237,1.6304363391676708
SOL,1730757600,2024-11-04,0.442253086368503,0.47958440754637416,2.0511130051023225,1.9004293901101945
SOL,1730818800,2024-11-05,0.019992692182689602,0.02625001032847026,1.8238038122808866,1.6156348747640317
SOL,1730858400,2024-11-06,-1.0142857142857142,-1.0142857142857142,2.5777439442658383,2.5406473245939796
SOL,1730865600,2024-11-06,-0.2939274448468647,-0.3138623052503911,3.14402411520881,2.9243336625325647
SOL,1730995200,2024-11-07,-1.0142857142857142,-1.0142857142857142,2.5474694472936497,2.3288132509316215
SOL,1731067200,2024-11-08,0.6091210280900836,0.5975673653490914,2.683783622576233,2.733305439697482
SOL,1731175200,2024-11-09,0.7703003144011117,0.7999942516389201,2.2102600339125624,2.1310492672904533
SOL,1731207600,2024-11-10,-0.4165381312245291,-0.4532325993155492,2.3124223058519715,2.112608637071354
SOL,1731254400,2024-11-10,-0.07492873287382104,-0.08124827459111687,3.020020298996669,2.657714168150257
SOL,1731322800,2024-11-11,-0.22560513435300705,-0.23488560862410915,3.6976994655883155,3.5313686552489565
SOL,1731466800,2024-11-13,0.16717037865304515,0.17415406772763412,4.378946272626911,4.228095985905904
SOL,1731510000,2024-11-13,-0.007581527973059706,-0.006469516560273849,4.491956207408092,4.265952838747175
SOL,1731567600,2024-11-14,0.5697931975158124,0.5731869550112596,4.583922617205707,4.558070510836916
SOL,1731646800,2024-11-15,0.6087970218436201,0.6176165685161183,3.949274325554885,3.895372350597568
SOL,1731902400,2024-11-18,-0.07429710540040597,-0.07689079322798884,4.31142567621722,4.079996882080083
SOL,1732057200,2024-11-19,0.10917105715047971,0.11016710355238592,3.4847635969710153,3.459745412122632
SOL,1732158000,2024-11-21,0.7489055071898936,0.8113978394208852,3.527895191091774,3.2654255904065264
SOL,1732197600,2024-11-21,-0.5155078613097532,-0.5405514014344166,3.802197672942477,3.6162128785534366
SOL,1732446000,2024-11-24,-1.0142857142857142,-1.0142857142857142,2.9098501094724596,2.670607810201112
SOL,1732550400,2024-11-25,-0.4232274008532506,-0.49887346813722333,3.989007705074141,3.347392913156766
SOL,1732622400,2024-11-26,0.04889410154255441,0.05496485636554948,4.057104028375801,3.7622658767124
SOL,1732881600,2024-11-29,0.30343514443357483,0.32142873436984554,2.409590848636467,2.2857132216085025
SOL,1732978800,2024-11-30,-0.19900783624909338,-0.20083724450164783,2.3636800865871117,2.3385785547861184
SOL,1733108400,2024-12-02,-1.0142857142857142,-1.0142857142857142,2.3735785121718496,2.184623013108147
SOL,1733144400,2024-12-02,0.006839507042568888,0.007549960342032863,3.066042359200233,3.0057379252925593
SOL,1733209200,2024-12-03,0.5675214617293397,0.587517329226225,3.2209745011909727,3.116434078205664
SOL,1733263200,2024-12-03,0.07896451743427511,0.09487691224246977,4.383916159565529,3.818832787224417
SOL,1733403600,2024-12-05,0.4547934485916056,0.4688955898669812,4.238147050722626,4.118004516162827
SOL,1733450400,2024-12-06,0.5882537277239396,0.6107178939009902,5.127639673214951,4.947458109616101
SOL,1733583600,2024-12-07,0.2746237878342751,0.3045379328430546,2.4406717519244086,2.221492655918594
SOL,1733652000,2024-12-08,0.09220495601044316,0.09376284287427428,2.4366163576143784,2.4055868466616377
SOL,1733706000,2024-12-09,-1.0142857142857142,-1.0142857142857142,2.228304381396943,2.0704816415044003
SOL,1733760000,2024-12-09,-1.0142857142857142,-1.0142857142857142,3.0960486597404446,2.6534370181820157
SOL,1733781600,2024-12-09,0.8841933659657276,1.1700216140694604,4.285253544876221,3.263349971405161
SOL,1734055200,2024-12-13,0.019929068940189375,0.020079440854237598,2.7687492123877773,2.7601914594945294
SOL,1734184800,2024-12-14,-0.438350379498089,-0.4462525697474595,1.8058516630163344,1.7716864063252833
SOL,1734282000,2024-12-15,-0.5529665575554477,-0.5504545644615776,2.02682497245228,2.0365807395639934
SOL,1734350400,2024-12-16,0.12464494356343402,0.1340527094046716,2.4428571768836203,2.3015384981823623
SOL,1734397200,2024-12-17,0.8816606354770927,0.941720174838141,2.7151631644749754,2.5470987925115116
SOL,1734429600,2024-12-17,-0.6795084299787407,-0.7360205906028874,2.66868046122312,2.455502035163358
SOL,1734573600,2024-12-19,0.5643074254325497,0.5873911587037163,3.436018747143882,3.3072509584626433
SOL,1734634800,2024-12-19,0.07714328389970844,0.08337989365207216,4.054037688353288,3.8281944336112326
SOL,1734699600,2024-12-20,0.2622365652061991,0.2953053322565059,4.9025966143299184,4.402027123124529
SOL,1734897600,2024-12-22,0.5953262370515876,0.6156034098710498,3.1506998567647266,3.051522922669706
SOL,1734984000,2024-12-23,-0.2898925239354832,-0.2985187501371241,3.3347042657025354,3.2281430553719614
SOL,1735034400,2024-12-24,-0.3391290312093887,-0.3387991073862143,2.778412557051573,2.781367369132465
SOL,1735189200,2024-12-26,-0.7953415854749656,-0.7875948489884902,2.202187204820827,2.2246631436531987
SOL,1735408800,2024-12-28,0.07252105149113452,0.07585709888827336,1.8653358633078467,1.8057463143315284
SOL,1735570800,2024-12-30,0.31250844333077693,0.32138456502775153,2.3538684308153512,2.2941660024165325
SOL,1735657200,2024-12-31,1.0083756342686117,1.0228961822972895,2.3144865210638272,2.282523945761046
SOL,1735725600,2025-01-01,0.5243688995621296,0.5216493348515225,1.880853949485848,1.8901504071386062
SOL,1735786800,2025-01-02,-1.0142857142857142,-1.0142857142857142,1.9757958705783112,1.9777801683151053
SOL,1735898400,2025-01-03,-1.0142857142857142,-1.0142857142857142,2.1246825088550385,1.9911965479977347
SOL,1736071200,2025-01-05,-0.2268641008140114,-0.2347680001509524,1.5417326432531422,1.4826351542726144
SOL,1736182800,2025-01-06,0.20863596600717002,0.24265763796656042,2.071725345247374,1.8118580641125577
SOL,1736262000,2025-01-07,-1.0142857142857142,-1.0142857142857142,1.7404683661054539,1.6058890096520266
SOL,1736276400,2025-01-07,-1.0142857142857142,-1.0142857142857142,2.2007113443444877,2.1376891400632956
SOL,1736431200,2025-01-09,-0.02539531531075593,-0.025157775118722473,2.698716282430684,2.510925227233045
SOL,1736730000,2025-01-13,1.9718421382754212,2.168863779715218,1.703933369110361,1.5511590128880812
SOL,1736769600,2025-01-13,0.7943899535672433,0.8247804471235803,2.1941664881305645,2.116025448755992
SOL,1736928000,2025-01-15,-1.0142857142857142,-1.0142857142857142,1.8009597470960677,1.827956650718841
SOL,1737036000,2025-01-16,-0.362586295706267,-1.0142857142857142,2.985324772206398,2.1972728316068912
SOL,1737111600,2025-01-17,-0.030640205277970987,-0.030669883478806337,2.7621568322059837,2.7230919731449066
SOL,1737172800,2025-01-18,-1.0142857142857142,-1.0142857142857142,3.4710226019450645,3.0080243405562226
SOL,1737183600,2025-01-18,-1.0142857142857142,-1.0142857142857142,4.720611026411556,4.154504182289368
SOL,1737216000,2025-01-18,-0.024006957799218295,-0.023147005628891857,6.2595271165651045,5.267183048608575
SOL,1737262800,2025-01-19,-0.4389306169080614,-0.4909409256307677,8.45948785867275,7.507910001647576
SOL,1737435600,2025-01-21,0.2678418479150667,0.2635778226255914,8.935400802440423,9.065816248781992
SOL,1737554400,2025-01-22,-0.029706395683017105,-0.029753632668433987,5.034758854175574,4.833586458342923
SOL,1737932400,2025-01-26,-1.0142857142857142,-1.0142857142857142,2.8153884040165336,2.7011875120178046
SOL,1737957600,2025-01-27,0.5321217154339605,0.5255337828651466,3.572109208522607,3.6145791476397293
SOL,1738180800,2025-01-29,1.156022143835786,1.4417817330797504,3.825302345867239,3.0818640647801026
SOL,1738252800,2025-01-30,0.406306433340204,0.41307719150771904,3.3769744500579755,3.3252032539085903
SOL,1738404000,2025-02-01,-0.4644868284155585,-0.4670107636827563,2.484099307444404,2.469799254170898
SOL,1738440000,2025-02-01,-1.0142857142857142,-1.0142857142857142,2.558278877832648,2.466608022281313
SOL,1738515600,2025-02-02,-1.0142857142857142,-1.0142857142857142,3.5793437005363637,3.3777547544237776
SOL,1738548000,2025-02-03,0.6328844410048027,0.7662866629835772,6.911161850233937,5.751251223328855
SOL,1738771200,2025-02-05,-0.3967919758946659,-0.40240940396466685,3.6391233725034207,3.5844405550036824
SOL,1738854000,2025-02-06,-0.5724077549766701,-0.6122039630475689,2.9420616503792494,2.7414510081007295
SOL,1739080800,2025-02-09,0.502718872540226,0.5682891855177143,2.4092289983870634,2.144554305955299
SOL,1739196000,2025-02-10,0.6048044302679143,0.653983482489111,3.2839900210462534,3.0473738688190433
SOL,1739282400,2025-02-11,-0.2860625625769539,-0.3044959219608091,2.574291132070294,2.402313526844932
SOL,1739336400,2025-02-12,-0.2154483519905053,-0.21129328851760018,2.385068619279234,2.439304666916098
SOL,1739534400,2025-02-14,-1.0142857142857142,-1.0142857142857142,1.8635300297700912,1.7968784935985604
SOL,1739692800,2025-02-16,-0.43351723517550766,-0.4618478099891036,1.59456963174731,1.4903057572663345
SOL,1739732400,2025-02-16,-0.35286244099650016,-0.3682184212926241,1.56825631635087,1.4973529560701668
SOL,1739818800,2025-02-17,0.20988829335487735,0.2162493095690254,2.504166541498367,2.439102429305934
SOL,1739869200,2025-02-18,-0.5528733133283481,-0.6319991314718514,2.920890837801559,2.5378824407093705
SOL,1740027600,2025-02-20,-0.011224398020186025,-0.011247295593709678,2.6352801754312902,2.6387632658490814
SOL,1740124800,2025-02-21,0.26864874927055316,0.26347256071667746,1.8841251090890943,1.9175193482497925
SOL,1740326400,2025-02-23,-0.13255808355025947,-0.14050328306165374,1.4562308159581068,1.352863955647191
SOL,1740369600,2025-02-24,-0.2905501010126916,-0.29548178975237105,1.7013380576398798,1.6699025236121794
SOL,1740409200,2025-02-24,-1.0142857142857142,-1.0142857142857142,2.308500459861215,2.1930004952351543
SOL,1740438000,2025-02-24,-0.7118282291160871,-1.0142857142857142,3.4289554688508437,2.7596443510701394
SOL,1740470400,2025-02-25,0.6784575842554892,0.7041817401482675,4.016808290008938,3.8757935430865493
SOL,1740596400,2025-02-26,0.591534931194148,0.6099651024954377,3.0685980120837613,2.9800286283978967
SOL,1740708000,2025-02-28,-0.05644667679325588,-0.05959653696453817,2.76743211500628,2.486465354622149
SOL,1740754800,2025-02-28,-0.11630368525474391,-0.12924044433191953,3.5497613215710198,3.0935891155380197
SOL,1740934800,2025-03-02,0.10648355706615356,0.16115357135347472,4.717655213800346,3.3582440764003736
SOL,1741039200,2025-03-03,-0.2061139906491693,-0.20774749948396318,5.149670611857995,5.102722197385535
SOL,1741107600,2025-03-04,0.7795421539637244,0.8358652527385115,4.493710599488158,4.200919107141092
SOL,1741172400,2025-03-05,0.16622814028264538,0.17038909682101905,3.2707611258634146,3.2023581355452158
SOL,1741233600,2025-03-06,0.06287265446137498,0.06276961951929347,2.780778218252713,2.783915004272152
SOL,1741309200,2025-03-07,0.28116455330397244,0.3490778914735905,3.154760551959164,2.5874344405714074
SOL,1741435200,2025-03-08,-0.011120260301105538,-0.011523855464219088,2.4558323083752254,2.5139732551733185
SOL,1741525200,2025-03-09,-1.0142857142857142,-1.0142857142857142,1.658044869399274,1.6309713978146012
SOL,1741564800,2025-03-10,0.0550002518090119,0.05591500223456116,2.0512758705841843,2.029066322167583
SOL,1741618800,2025-03-10,-0.6404083739561661,-0.682144185067324,2.6664433779864267,2.496169791677691
SOL,1741784400,2025-03-12,0.2765034894039273,0.30466742877429076,2.4443644553385764,2.237777105749235
SOL,1741885200,2025-03-13,0.1889196962299974,0.1880306955062812,2.049344708301236,2.0577558397090234
SOL,1741960800,2025-03-14,-1.0142857142857142,-1.0142857142857142,1.5614369887125241,1.40693214169041
SOL,1742061600,2025-03-15,0.3164463497740106,0.3247433778811957,1.4326383894073305,1.3989951885925094
SOL,1742263200,2025-03-18,-0.14909999991478362,-0.15336721585715798,1.5645371588636363,1.511040017237763
SOL,1742392800,2025-03-19,-0.7831886575745974,-0.8892312113587291,1.5220583156955894,1.3345243399798647
SOL,1742554800,2025-03-21,0.3243869657589712,0.3407868558417872,1.2870800683110069,1.2299323812580085
SOL,1742644800,2025-03-22,0.21523658207153895,0.22707503152172262,1.2421952094947994,1.1846717640713218
SOL,1742745600,2025-03-23,-0.9219602144662989,-1.0142857142857142,0.924249664592785,0.889191946484538
SOL,1742778000,2025-03-24,-1.0142857142857142,-1.0142857142857142,1.1393764703765414,0.9993285065593517
SOL,1742806800,2025-03-24,-0.5145256965675745,-1.0142857142857142,1.4875003482074134,1.4265388365310605
SOL,1742911200,2025-03-25,0.21122451198633962,0.2434402580862129,1.834893447222489,1.617577558547296
SOL,1743012000,2025-03-26,0.18461661633437196,0.18462972710713338,1.6886500373840136,1.688546194105861
SOL,1743084000,2025-03-27,0.5376803058016868,0.5675053673592729,1.5086677221951121,1.4331806239024278
SOL,1743170400,2025-03-28,-0.09120608694389444,-0.09382825778144006,1.6421761614070978,1.5761897122845667
SOL,1743249600,2025-03-29,-0.17963667455752802,-0.18183242753314002,1.4752376789407469,1.4541021157823428
SOL,1743361200,2025-03-30,0.39316052592856265,0.41586750485825813,1.3820559164130175,1.311444833060173
SOL,1743436800,2025-03-31,0.47126219352178184,0.45694984334932376,1.7834505964113165,1.8360237192121862
SOL,1743505200,2025-04-01,0.1589832904041843,0.1777333417585884,1.5081313037712907,1.3710644809844674
SOL,1743562800,2025-04-02,0.16901705794001362,0.17132847172295723,1.4604668200376867,1.4435796523482776
SOL,1743609600,2025-04-02,-1.0142857142857142,-1.0142857142857142,1.603304849587999,1.4535590687870759
SOL,1743634800,2025-04-02,-0.023159932356155162,-0.02233696937935417,2.639882523690276,2.291411948589528
SOL,1743984000,2025-04-07,-1.0142857142857142,-1.0142857142857142,1.891568255561807,1.827842736758869
SOL,1744009200,2025-04-07,0.8866214013317967,1.044537315053649,2.5505944081014538,2.175255516416951
SOL,1744380000,2025-04-11,-0.03658013973362072,-0.03738859542397198,1.7837719448740794,1.6202159406336243
SOL,1744599600,2025-04-14,0.040183507239105354,0.048341006109616294,2.5348829466729286,2.266027788724692
SOL,1744743600,2025-04-15,-0.22129006626678552,-0.21680784815691242,1.8828336853996248,1.9276670458149796
SOL,1744873200,2025-04-17,0.14917927929054392,0.15264891986346701,2.1538993991205246,2.112660891360565
SOL,1744916400,2025-04-17,0.20713700630938198,0.2069185158410735,1.9636851056738833,1.9655070368795668
SOL,1745060400,2025-04-19,0.2762868584357638,0.27604223411048007,1.162132470675948,1.1630657376510203
SOL,1745157600,2025-04-20,-0.23391327307186863,-0.25334377762330373,1.2383531223474766,1.1313033625280522
SOL,1745197200,2025-04-21,0.30251428180422946,0.3902312638248057,1.5015533487651689,1.1870574525163353
SOL,1745262000,2025-04-21,0.5855832971687747,0.6363808371623106,1.7259494319162665,1.5940993882175178
SOL,1745330400,2025-04-22,-1.0142857142857142,-1.0142857142857142,1.5713059475022904,1.458329481925542
SOL,1745384400,2025-04-23,0.10004673707903168,0.10814409629320647,1.9548449486666335,1.8390637908717609
SOL,1745470800,2025-04-24,-0.04109357112922268,-0.04119714507626245,1.825338016370546,1.810364017629818
SOL,1745546400,2025-04-25,0.1776744712818466,0.18396949935053705,1.7039299771708463,1.6534630523378333
SOL,1745719200,2025-04-27,0.15687128080157997,0.19003866274808234,1.355828828637534,1.150123353917344
SOL,1745805600,2025-04-28,1.5716614658482766,1.7103265472409468,1.3551598871224417,1.247095263054938
SOL,1745971200,2025-04-30,0.2268955565714346,0.2290975069336409,1.5210240507364552,1.5080259007931056
SOL,1746018000,2025-04-30,0.32473991101803507,0.37426484311139485,1.439442699921187,1.2624767537612773
SOL,1746090000,2025-05-01,-0.20681345809816462,-0.2069420302921085,1.4266316141085604,1.4256032767322961
SOL,1746216000,2025-05-02,-0.09030207976259648,-0.09262981542326243,1.249668611205228,1.2042585043748606
SOL,1746266400,2025-05-03,-0.20923494885169303,-0.21132564134462634,0.9488831567249582,0.9380280149345701
SOL,1746403200,2025-05-05,0.4968332805725077,0.5247971384303363,1.0440930943790534,0.9913310247159044
SOL,1746486000,2025-05-05,0.42996649172898793,0.4236312341747748,1.2960448590519305,1.3142021559020787
SOL,1746529200,2025-05-06,0.37535187740556614,0.38234794514975884,1.1954178818407948,1.1750654112131629
SOL,1746579600,2025-05-07,0.19261638060446495,0.20552041884096806,1.4854861567445123,1.4036004764940915
SOL,1746669600,2025-05-08,-1.0142857142857142,-1.0142857142857142,1.3996407495899466,1.3488438841737882
SOL,1746702000,2025-05-08,-1.0142857142857142,-1.0142857142857142,1.4875273031459488,1.4204140187725613
SOL,1746921600,2025-05-11,0.41122530131034163,0.454109821559996,2.046399936265893,1.8645845467478848
SOL,1747058400,2025-05-12,0.7062569726120308,0.7577008986000152,2.647848508006303,2.474606085545249
SOL,1747166400,2025-05-13,-0.0492843920475312,-0.05171567454207738,2.620856950205989,2.3455382540679888
SOL,1747288800,2025-05-15,-0.4987261285176888,-0.5000828688174531,2.236345976226011,2.2299110513203204
SOL,1747436400,2025-05-16,0.20982023203365094,0.21405215847993303,2.217239593154508,2.178565715704855
SOL,1747580400,2025-05-18,0.18277810718656995,0.19285001833564583,1.6087094716371533,1.5355332771477033
SOL,1747843200,2025-05-21,-0.272454461059819,-0.27640625178777145,2.120454432054323,2.0866432345200403
SOL,1747886400,2025-05-22,-0.2227559445481462,-0.2274312203044196,2.79557378777939,2.72984869453165
SOL,1747962000,2025-05-23,-0.8712764051248014,-1.0142857142857142,2.024094236028575,1.9805630234153886
SOL,1747994400,2025-05-23,0.9865974570331429,0.9723174839749541,2.2712617756612477,2.3036665276351904
SOL,1748044800,2025-05-24,0.13526729245670782,0.13484181431500594,2.877394113370852,2.884885968245533
SOL,1748134800,2025-05-25,-0.09333945507418212,-0.10284396986555477,1.940992994574893,1.692607840311424
SOL,1748246400,2025-05-26,0.4495209357244218,0.45458896597925325,1.6016032526310062,1.5848035028333896
SOL,1748354400,2025-05-27,0.3905970480398293,0.4118272944328221,1.6290756126931654,1.550542967515716
SOL,1748451600,2025-05-28,0.3052973646588837,0.3320852849219351,1.4804789315686189,1.3705157724585129
SOL,1748538000,2025-05-29,-1.0142857142857142,-1.0142857142857142,1.6184210095351996,1.5521457025763676
SOL,1748570400,2025-05-30,-0.12403873580410697,-0.1488362087937634,2.0051740954838038,1.5917259489825581
SOL,1748617200,2025-05-30,-0.6099564641164367,-0.610388674586244,1.9313485456407344,1.9299138183823281
SOL,1748775600,2025-06-01,0.6802443611779707,0.7374899464134241,1.5115754853702927,1.3986197534757008
SOL,1748826000,2025-06-02,0.8343172410766988,0.814594240200616,1.4800783717135342,1.5146997849222676
SOL,1748912400,2025-06-03,-0.1960643559784011,-0.20416752700325363,1.6375957990110153,1.5620262450887854
SOL,1748962800,2025-06-03,1.1464299815686865,1.271826788185936,1.7483261692773142,1.5797358746063386
SOL,1749070800,2025-06-04,-0.3601550870857153,-0.3609237817300841,1.4562151374427335,1.4528470710921746
SOL,1749121200,2025-06-05,-1.0142857142857142,-1.0142857142857142,1.3164940041507365,1.2962243121623327
SOL,1749153600,2025-06-05,0.3877083134319013,0.4530072175465032,1.9835562541202756,1.7145990428987592
SOL,1749283200,2025-06-07,0.29483842844254904,0.2924059328439068,1.475350385261218,1.4865311841274647
SOL,1749420000,2025-06-08,0.4843576251064343,0.50721729611488,1.0806284228029508,1.0345229168647179
SOL,1749466800,2025-06-09,-0.12321899017540815,-0.12890978482862545,1.3584230422057433,1.2813786608369533
SOL,1749531600,2025-06-10,-0.245525204557092,-0.26422114514366773,1.5408153776858295,1.418570406738586
SOL,1749564000,2025-06-10,-0.5196995928380277,-0.56283145739893,1.8150630248618338,1.6685294113896671
SOL,1749780000,2025-06-13,0.35471295011352094,0.3786756237860918,2.6686637904904478,2.5116379282204813
SOL,1750017600,2025-06-15,-1.0142857142857142,-1.0142857142857142,1.5070280087109356,1.276799393996392
SOL,1750093200,2025-06-16,1.0280680217185563,1.0350199868742511,1.714329869977348,1.7031244753602197
SOL,1750176000,2025-06-17,0.09299079895424998,0.09701297668791575,1.7862691525374095,1.7290590873479794
SOL,1750244400,2025-06-18,-0.19047922554158686,-0.1952569231961526,1.5882055216293811,1.5426828694470252
SOL,1750345200,2025-06-19,0.6621164218935346,0.6727992273817814,1.4023287479566757,1.3809694208764218
SOL,1750410000,2025-06-20,2.084927455312054,2.093649753383331,1.291020993376519,1.2857149159439427
SOL,1750449600,2025-06-20,-0.047606208648950155,-0.053011542016882796,1.8012141010338631,1.4028459549595456
SOL,1750543200,2025-06-21,0.48745345135828966,0.6439922236867424,1.9102068990327297,1.4656074297275552
SOL,1750611600,2025-06-22,0.2464330045034824,0.2997585203195223,2.233730225426522,1.870940242767022
SOL,1750730400,2025-06-24,-0.19563863579289034,-0.21578604552706585,2.496856588916921,2.22815324960284
SOL,1750838400,2025-06-25,0.6446406496441506,0.6449494417858954,1.4811719655801243,1.480492886009364
SOL,1750870800,2025-06-25,0.4035895248567472,0.40001418325471205,1.6263781752646573,1.6399457272080913
SOL,1750910400,2025-06-26,0.8578367441058459,0.8901335347289407,1.5923009454724981,1.5363240951242292
SOL,1750946400,2025-06-26,-0.6793727939187568,-0.6952014971555788,1.413641779176358,1.3800757621899244
SOL,1751238000,2025-06-29,0.45077946936300894,0.5171829449062816,1.2278508940060995,1.0784548089296444
SOL,1751299200,2025-06-30,0.6093166880699357,0.8980735274696364,1.8095425893232053,1.2456612500403739
SOL,1751356800,2025-07-01,-0.21069898753527966,-0.22041821967417455,1.6158219874023776,1.5339621402794832
SOL,1751619600,2025-07-04,-0.66261934838617,-0.6634131141980905,1.4464882361112947,1.4446796388890868
SOL,1751659200,2025-07-04,0.0007659129250075828,0.0015904581128528585,1.4608393491400269,1.4209039144584892
SOL,1751806800,2025-07-06,-1.0142857142857142,-1.0142857142857142,0.8296988431467375,0.804291061850333
SOL,1751839200,2025-07-06,0.6052872102224214,0.6601581386356612,1.2035130487592052,1.1076294371252986
SOL,1751907600,2025-07-07,-0.361780248674862,-0.3744783802966232,1.2861947304947985,1.2389789405328595
SOL,1752040800,2025-07-09,-0.06142533562455268,-0.0649219561599539,1.2175112060590456,1.1003966834482024
SOL,1752091200,2025-07-09,-0.2899491669632292,-0.3183272817339745,1.4429035137549715,1.3015883994284305
SOL,1752170400,2025-07-10,-0.8652771829301513,-1.0142857142857142,1.4888319809262482,1.3556652102282674
SOL,1752325200,2025-07-12,0.16147604358365222,0.17615575934993244,1.5785529615211409,1.465364727791997
SOL,1752472800,2025-07-14,0.24783898961726833,0.26753005515419664,1.705538360376673,1.592118234251801
SOL,1752548400,2025-07-15,0.008150392820774906,0.009173336901977669,1.7895159668805405,1.7410171951021216
SOL,1752591600,2025-07-15,0.9170027774236877,1.0516127097967811,1.885475652311046,1.6505122409503576
SOL,1752681600,2025-07-16,-1.0142857142857142,-1.0142857142857142,1.6793841634242683,1.543952175995366
SOL,1752703200,2025-07-16,0.19136013038881075,0.19269987591819843,1.9096850037603545,1.89812231174192
SOL,1752746400,2025-07-17,0.12496179987854501,0.13885835510262037,2.2703321755850228,2.0818961890915633
SOL,1752800400,2025-07-18,-0.09124635853939572,-0.09554649875118708,2.5072681728272457,2.346288801506265
SOL,1753113600,2025-07-21,-0.19249929809918123,-0.2013941339413479,2.4923853994347676,2.3641073532374426
SOL,1753200000,2025-07-22,-0.0009139424279057201,-0.0009926116080263088,3.9255711096814743,3.93676888734928
SOL,1753412400,2025-07-25,0.14512600231588219,0.15448550868251937,3.141752200516589,2.9811177544024794
SOL,1753657200,2025-07-27,-0.4654962961129494,-0.490379373145338,1.6936550308152771,1.6023977254933757
SOL,1753729200,2025-07-28,-0.023442547312591388,-0.023337439273777714,2.2282776402528865,2.1835297664261852
SOL,1753801200,2025-07-29,0.07999461742505426,0.08430537397679781,2.131684628507806,2.0502757537776377
SOL,1753873200,2025-07-30,-1.0142857142857142,-1.0142857142857142,1.9656867747549047,1.933047295889896
SOL,1753905600,2025-07-30,1.126486719603078,1.2879514611383793,2.382069314672182,2.0899208004161953
SOL,1753956000,2025-07-31,0.8191544880739751,0.7992585859044089,1.6144031953005427,1.6532034410928933
SOL,1754010000,2025-08-01,-0.19966150933752547,-0.21572068014922596,2.2878507606978142,2.0915315884437997
SOL,1754157600,2025-08-02,0.15127398849233623,0.1622217690961852,2.1764723161657726,2.051585571255449
SOL,1754265600,2025-08-04,-0.20865180198817274,-0.20986074946725522,1.380336034711506,1.3711311143046987
SOL,1754316000,2025-08-04,-0.895403286926061,-1.0142857142857142,1.479937695520541,1.3953175182528916
SOL,1754553600,2025-08-07,0.31873558002455504,0.316205806337258,1.4149687719093471,1.425350985133143
SOL,1754719200,2025-08-09,-0.2625592876094959,-0.28500909753354153,1.819386217149974,1.660108233853817
SOL,1754888400,2025-08-11,0.9867179124838631,0.9648584625003332,1.8488747800619585,1.8895574554513404
SOL,1754920800,2025-08-11,-0.42703937273955817,-0.4399985150398231,2.0220303728480506,1.9583404015286683
SOL,1755064800,2025-08-13,-1.0142857142857142,-1.0142857142857142,2.669456282368849,2.46633753485876
SOL,1755140400,2025-08-14,0.21283466565698678,0.2323090351850132,3.1718929389983694,2.935115472767475
SOL,1755176400,2025-08-14,-0.30190945995760665,-0.37735165167100165,4.055679419909223,3.178423990671471
SOL,1755277200,2025-08-15,0.08891307729364424,0.09106269367747237,3.039914536075305,2.985292577311867
SOL,1755388800,2025-08-17,-0.6621379026245195,-0.6568474128657326,1.6956164164009828,1.7098946022779822
SOL,1755489600,2025-08-18,-0.041843832110142545,-0.04213329325397881,2.152694384864025,2.1067477990843346
SOL,1755576000,2025-08-19,0.22715288278818607,0.24350358883888248,2.2680675017416503,2.1317650018756216
SOL,1755622800,2025-08-19,0.2656817900037053,0.2620140790630502,2.1652876397686103,2.1926174582123497
SOL,1755705600,2025-08-20,-0.5703326399372171,-0.5977902450537967,2.3784859483072354,2.263754098177022
SOL,1755867600,2025-08-22,3.39456133972829,3.488622006902723,1.8921681674532511,1.84156571879581
SOL,1756000800,2025-08-24,0.48838138512143225,0.5246464109789752,2.100219317810599,1.9625438807191073
SOL,1756090800,2025-08-25,1.08494817613747,1.1643205580255813,3.705111493562653,3.458581608452088
SOL,1756371600,2025-08-28,0.26720746473805945,0.26987874764947445,3.0814523687966218,3.0538717817809773
SOL,1756429200,2025-08-29,0.7717934221684037,0.7832831624511436,3.277076873669114,3.230698171643662
SOL,1756494000,2025-08-29,0.28033004156706676,0.26957055504359684,3.598003502315037,3.7278499255700397
SOL,1756558800,2025-08-30,0.05256347998597076,0.05431127429823971,2.6763185046204603,2.6198814665143417
SOL,1756695600,2025-09-01,0.2152401395031415,0.24384004427040615,2.2031065276548873,1.9718070297821855
SOL,1756767600,2025-09-01,0.7309291082229282,0.7594800100947737,2.2909792892893353,2.207977696157745
SOL,1756839600,2025-09-02,-0.4421961367702282,-0.4467998334538318,2.7906594828733655,2.7599409815559324
SOL,1756908000,2025-09-03,0.2296287678511972,0.24421174098485837,2.312712637001438,2.189075147540009
SOL,1757167200,2025-09-06,-0.2828811093138015,-0.27892276648214664,1.3594224360830316,1.3809164696278793
SOL,1757329200,2025-09-08,-0.5163976009808094,-0.6025424662914888,1.8332056885525922,1.5580676645950995
SOL,1757401200,2025-09-09,0.6347373030605672,0.6950874585907039,2.2743126339672264,2.08464437504163
SOL,1757494800,2025-09-10,-0.3999867687644442,-0.42530327962789505,2.0769970648699596,1.9444583775522652
SOL,1757595600,2025-09-11,-0.12796786016225734,-0.14502251983642261,2.0696345172744666,1.7665294801417317
SOL,1757689200,2025-09-12,-0.07472663601826646,-0.07572186035198213,2.228505699505802,2.1814676763908634
SOL,1757822400,2025-09-14,-0.10553143835556575,-0.11070038353693899,2.0790018146927713,1.9481558004383692
SOL,1757930400,2025-09-15,-0.2643189280252255,-0.28613015826381627,3.0177565958360972,2.762199410900412
SOL,1758128400,2025-09-17,1.85957685207001,1.8960006717544267,1.9822898345598337,1.9447736679875132
SOL,1758211200,2025-09-18,0.00567462717022248,0.005040351164988629,2.252605605877761,2.2951137294068182
SOL,1758384000,2025-09-20,-0.16582509883191002,-0.17286966184453434,1.4987889600611397,1.4256188800658438
SOL,1758427200,2025-09-21,0.3363397996718431,0.3355762942925256,1.3467071807967237,1.3495308100887793
SOL,1758474000,2025-09-21,-1.0142857142857142,-1.0142857142857142,1.3478012347309019,1.272247483556357
SOL,1758502800,2025-09-22,-1.0142857142857142,-1.0142857142857142,1.723689311199046,1.4108961812912788
SOL,1758596400,2025-09-23,0.5007031681362185,0.5342984052982025,2.612740440329462,2.456797397277881
SOL,1758693600,2025-09-24,0.4290644492545743,0.4849994567919087,3.0092545708718674,2.681504922477395
SOL,1758776400,2025-09-25,-0.4439309222937,-0.4697624862501754,2.76524660187356,2.6033424943253722
SOL,1758823200,2025-09-25,0.17743419348814685,0.18903366492248663,3.148319070553689,2.980497460596279
SOL,1758888000,2025-09-26,0.8095019911633938,0.8151086652818686,2.9455312272670824,2.925956706287628
SOL,1759060800,2025-09-28,1.3486337881569868,1.3642784179151344,1.4397688294903948,1.4235972009896554
SOL,1759158000,2025-09-29,-0.2752981672662564,-0.29670699494092734,2.026533494687195,1.8647283788939026
SOL,1759251600,2025-09-30,0.749942732380772,0.7449341537248082,2.2056668244064097,2.219948887822287
SOL,1759309200,2025-10-01,-0.15152673350583665,-0.17165842686242963,2.6722834671241698,2.296305272287569
SOL,1759363200,2025-10-02,-0.4406412401271899,-0.46075979688325297,2.0870250037319726,1.9898730809421228
SOL,1759510800,2025-10-03,0.4783370024940996,0.4878572081728286,2.6378390557287896,2.5892112907848497
SOL,1759590000,2025-10-04,0.07732772416176956,0.08092194710199564,1.9695287751442712,1.904877142463061
SOL,1759654800,2025-10-05,1.0492040448660804,1.0555058637342087,1.9431558482270053,1.931860144244467
SOL,1759773600,2025-10-06,0.43456288411321653,0.4351267384384227,2.313429478411653,2.3106163613663964
SOL,1759845600,2025-10-07,-0.548162866465832,-0.604523430707377,2.3150057047352623,2.0884676820225905
SOL,1760029200,2025-10-09,0.3309849903359659,0.33768676567738365,2.9162917790698244,2.862929608229043
SOL,1760126400,2025-10-10,-1.0142857142857142,-1.0142857142857142,3.0781192104778445,2.9487437651299873
SOL,1760133600,2025-10-10,0.4553065656285342,0.6887432784636905,5.804296666177327,3.915396409729428
SOL,1760374800,2025-10-13,-0.6819277543457523,-0.6886560560188765,3.6820861615798277,3.6445543278551975
SOL,1760518800,2025-10-15,0.6623996938983835,0.6782733508592871,3.444427592708813,3.36707586907103
SOL,1760608800,2025-10-16,-0.08989169969962685,-0.09842387013604677,3.214970408899512,2.822275824968706
SOL,1760868000,2025-10-19,-0.2658343362478449,-0.30138203210860964,2.0230722311413105,1.7594624027675658
SOL,1760936400,2025-10-20,-0.043267951331051026,-0.043047001580150096,2.33291335960906,2.3685220795789874
SOL,1761022800,2025-10-21,0.15118066270212388,0.1540431156670433,2.0186532478497514,1.9870111899920393
SOL,1761062400,2025-10-21,0.9587146751604311,1.0448148323698545,2.5553455409946,2.3503721210711075
SOL,1761134400,2025-10-22,-0.34456109528473566,-0.3643953867449154,2.296639296033433,2.1609961649590814
SOL,1761472800,2025-10-26,-1.0142857142857142,-1.0142857142857142,1.161119362401927,1.0596670056636124
SOL,1761494400,2025-10-26,-1.0142857142857142,-1.0142857142857142,1.4198354880664696,1.3652074486869676
SOL,1761602400,2025-10-27,0.4119867934232661,0.4116647823577136,1.8677602681696122,1.8691264426441982
SOL,1761663600,2025-10-28,-0.41027988835803053,-0.466132743997161,2.3877609941841937,2.082973378352209
SOL,1761764400,2025-10-29,0.6577012795076973,0.7981424591875683,2.864334050550131,2.377744362130911
SOL,1762009200,2025-11-01,0.35167428870011624,0.3580993962135542,1.480245844439576,1.4556493709349272
SOL,1762059600,2025-11-02,0.4032549431547111,0.4488294675163036,1.3431324207495003,1.214911837730232
SOL,1762095600,2025-11-02,0.7470791398210267,0.7637970839322614,1.4439491771677706,1.4134837292575988
SOL,1762131600,2025-11-03,2.3910815495662465,2.51053625866706,1.5822812044387249,1.5078412970878587
SOL,1762185600,2025-11-03,-0.040621451834216636,-0.04444221304156675,2.8452819997103895,2.160303691995804
SOL,1762236000,2025-11-04,0.2714264312864696,0.3159410316073616,3.104784053692119,2.703613596283819
SOL,1762279200,2025-11-04,0.014236530348794818,0.01626070891356317,3.2704198829218236,3.1227598739158102
SOL,1762516800,2025-11-07,1.2288894789092746,1.2435918183665509,2.251703058587556,2.225680216940445
SOL,1762722000,2025-11-09,-0.41873824062592757,-0.43500099575723233,1.9405619180062226,1.8629128347759327
SOL,1762826400,2025-11-11,0.829475443772072,0.8975727553839392,2.2343101745790865,2.0700263418544003
SOL,1762905600,2025-11-12,0.3692341248706124,0.38334427494045664,2.07567309850186,2.0045710291558496
SOL,1762966800,2025-11-12,-0.13217890119229775,-0.13846891890109092,2.3164352331827556,2.1838533280429657
SOL,1763060400,2025-11-13,-0.09316296780679373,-0.09463152346649897,2.521338627087153,2.4652877522477032
SOL,1763096400,2025-11-14,-0.1527630430937579,-0.1642744793631422,2.6916931193097082,2.463361820795071
SOL,1763229600,2025-11-15,0.4001130566637986,0.4062267772870057,1.826184921125804,1.8005068381354816
SOL,1763308800,2025-11-16,0.2667907989973817,0.28965299253952126,1.7218566935846764,1.5981533623219604
SOL,1763398800,2025-11-17,-0.32412519372529447,-0.3395338102638241,2.378102483286696,2.2602642127702883
SOL,1763521200,2025-11-19,0.45436689430350163,0.4662043555363394,2.1357356055085375,2.084638344393809
SOL,1763607600,2025-11-20,0.1295412206556485,0.14459510340349846,2.276857681911164,2.0789236574427927
SOL,1763701200,2025-11-21,-1.0142857142857142,-1.0142857142857142,2.388534062152121,2.373036682317669
SOL,1763712000,2025-11-21,0.5021731406994889,0.6163796622404941,2.783152089849928,2.290317635223001
SOL,1764003600,2025-11-24,-0.5494807670972415,-0.5657702265667791,1.8648707166159462,1.8083223102017885
SOL,1764115200,2025-11-26,0.26811694677276005,0.2689961287463985,1.8682421029900076,1.8627222647584698
SOL,1764439200,2025-11-29,-0.11192715669195176,-0.11919226648438688,0.9940185842697787,0.9143277061366847
SOL,1764514800,2025-11-30,1.2400402086019262,1.4372050170596322,1.040507560644132,0.9005466037706048
SOL,1764550800,2025-12-01,-0.27389827050924054,-0.3398712083807286,1.653770466001969,1.3032912710790427
SOL,1764604800,2025-12-01,0.4186737237461405,0.46363070448379123,1.4629241052592545,1.3293028825868893
SOL,1764698400,2025-12-02,-0.004760622228932844,-0.005034011029016272,1.9198965821118212,1.9421963191973464
SOL,1764759600,2025-12-03,-0.09904486606536876,-0.10142345303133939,1.6216849688301216,1.5687376587401307
SOL,1764799200,2025-12-03,0.1056326981653094,0.1231316725956461,1.7883205668541267,1.5820375335352135
SOL,1764878400,2025-12-04,-0.07156904715965853,-0.07430219673816625,1.7276704321024976,1.624414311494998
SOL,1765051200,2025-12-06,0.2959284408440029,0.3006274540409585,1.0037424246149809,0.9894149188161333
SOL,1765119600,2025-12-07,0.3662898879916217,0.47414595590977976,1.0926078431379849,0.8581930618409068
SOL,1765206000,2025-12-08,0.5578042048537818,0.5515852866666167,1.5104895824892028,1.5266810888345275
SOL,1765310400,2025-12-09,0.2295727732691663,0.2836484478476898,1.9036978863930787,1.5739823391925465
SOL,1765710000,2025-12-14,-0.4728426802343276,-0.5074975241397954,0.8296089994386872,0.7695789224724313
SOL,1765756800,2025-12-15,0.888235598146556,1.0233034269102796,1.0564616111623293,0.9208048120209694
SOL,1765807200,2025-12-15,1.8378709729958425,1.911087479858987,1.0531877565917136,1.0134329686372305
SOL,1765839600,2025-12-15,-0.411027775208336,-0.46501462309333785,1.591218014612243,1.3943886311208777
SOL,1765983600,2025-12-17,1.1991161353903523,1.50274394579442,1.5988246525222987,1.2818111642547845
SOL,1766080800,2025-12-18,-0.3734902838008025,-0.4429458851533326,1.9880452324309237,1.6548179426179173
SOL,1766286000,2025-12-21,-0.01680349257599451,-0.016508404247579832,0.7283714471896031,0.7105538662041875
SOL,1766325600,2025-12-21,0.7386115622388962,0.8500643091019077,0.8304965891773535,0.7251501729602278
SOL,1766365200,2025-12-22,0.44463218644655605,0.5108293793775074,0.9902110079053822,0.8686887777442571
SOL,1766419200,2025-12-22,0.41010049830364914,0.44487502195546247,1.1919092853325775,1.1043638457427758
SOL,1766498400,2025-12-23,0.10250404056956762,0.11172679749729685,1.0244915785215467,0.9571447768693574
SOL,1766545200,2025-12-24,-0.05793525860648998,-0.05829236898309294,1.167617243553596,1.1535878007500269
SOL,1766678400,2025-12-25,1.1161417462595813,1.305075168246297,0.7812312585794515,0.6705567400086403
SOL,1766710800,2025-12-26,0.8663995328616649,0.9809497640766914,0.9736948001454456,0.8632097847720175
SOL,1766757600,2025-12-26,0.5276503659305416,0.537670791889142,1.0324761092828318,1.014205040766127
SOL,1766869200,2025-12-27,-0.01931077371275703,-0.019398878257012635,0.617049852466167,0.6229767641943331
SOL,1766966400,2025-12-29,-1.0142857142857142,-1.0142857142857142,0.6965785357653163,0.6186230385164949
SOL,1766973600,2025-12-29,0.8508791025570644,1.0707682264447385,1.0915906762466243,0.8732514974963651
SOL,1767013200,2025-12-29,0.061396219913919754,0.0699411502998485,1.1750255507845253,1.0731044393064118
SOL,1767182400,2025-12-31,-1.0142857142857142,-1.0142857142857142,0.7598100015337648,0.7705646170363627
SOL,1767214800,2025-12-31,0.897591164216935,1.5788812705550466,1.499273928124122,0.8638334610567463
SOL,1767394800,2026-01-02,0.5677384103009487,0.5706530239256302,1.269713843015925,1.2635379847863812
SOL,1767481200,2026-01-03,-0.20402373793461737,-0.2119679176467307,0.8956442791389712,0.8568476852265838
SOL,1767546000,2026-01-04,-0.48127589311974994,-0.47948191695483067,0.8330884421896283,0.8364029377426773
SOL,1767643200,2026-01-05,-0.16992144854724886,-0.17230533252601912,1.4149272850064238,1.391460153083841
SOL,1767711600,2026-01-06,0.2711248821966164,0.32832273530763667,1.4204855729564407,1.1928306170300136
SOL,1767801600,2026-01-07,0.09653142971296064,0.10623949854444677,1.461654396748277,1.3563970426519896
SOL,1767859200,2026-01-08,0.7124567318033022,0.7426841240031802,1.4574344913611117,1.4003140676196575
SOL,1767895200,2026-01-08,-0.14948932585677338,-0.14963563042858463,1.5358709494925453,1.5340148686842794
SOL,1768136400,2026-01-11,-1.0142857142857142,-1.0142857142857142,0.5665380603624252,0.551656372697997
SOL,1768150800,2026-01-11,0.008546735622661153,0.01708818721608258,0.9236910022389418,0.750898002411169
SOL,1768190400,2026-01-12,0.7898903788555285,0.8261838741199616,1.2951123563509588,1.2401209991471849
SOL,1768323600,2026-01-13,-0.28569035215068767,-0.288954528100681,1.4445788985814099,1.4264695830876717
SOL,1768449600,2026-01-15,0.267700472467782,0.2687024887015519,1.456191322617119,1.4512829628184372
SOL,1768492800,2026-01-15,-0.18556830099063015,-0.19710984192489914,1.3649043511742336,1.271435455110712
SOL,1768579200,2026-01-16,0.8377790958707125,0.997476388478714,1.1278839564067356,0.9523365684380233
SOL,1768698000,2026-01-18,-0.3800291325297577,-0.39311513071222165,0.634093776711094,0.6113317595350238
SOL,1768780800,2026-01-19,-1.0142857142857142,-1.0142857142857142,0.9528739552613736,0.6323257979737866
SOL,1768917600,2026-01-20,-1.0142857142857142,-1.0142857142857142,1.1112092262180229,1.0089945513117171
SOL,1769180400,2026-01-23,0.18318769381294847,0.20497750040250873,0.9444693468127054,0.8563516042598364
SOL,1769313600,2026-01-25,0.17726667786174194,0.18449227011755093,0.5413408302254731,0.5229824325505094
SOL,1769360400,2026-01-25,-1.0142857142857142,-1.0142857142857142,0.8159409139762908,0.6179363688975439
SOL,1769382000,2026-01-25,0.8550769481133239,1.1201044660238244,1.1801720801770814,0.9078776248060879
SOL,1769533200,2026-01-27,-0.45849549699112396,-0.4873566049641155,0.9902080785547123,0.9279163922896893
SOL,1769598000,2026-01-28,0.5259392232706935,0.521322364825794,0.9429163193171731,0.9508329592646488
SOL,1769659200,2026-01-29,-0.09944134095241937,-0.09944878642164488,1.0885135108979727,1.0883991655824319
SOL,1769702400,2026-01-29,0.14719608365185272,0.18995023440965872,1.219142898338951,0.9806154289804091
SOL,1769850000,2026-01-31,-1.0142857142857142,-1.0142857142857142,1.3880736413143164,1.2456177675692643
SOL,1769882400,2026-01-31,0.5307419672411533,0.6291764956466808,2.196570720046025,1.8678453908187964
SOL,1770004800,2026-02-02,0.7843272583528308,0.8544851361030524,2.4251836091503693,2.23250542523886
SOL,1770130800,2026-02-03,-1.0142857142857142,-1.0142857142857142,1.4115213632326964,1.2970230065582882
SOL,1770184800,2026-02-04,-0.5767057491561278,-0.5806614901045999,1.8295828325206702,1.8164738196376449
SOL,1770292800,2026-02-05,-1.0142857142857142,-1.0142857142857142,2.0177284470903794,2.0067844814819473
SOL,1770595200,2026-02-09,0.9025652631955686,1.0004702062668138,1.3501163344312002,1.2216637447720617
SOL,1770627600,2026-02-09,0.7500019447728571,0.7706734440444495,1.3321067643090783,1.2976534384866998
SOL,1770750000,2026-02-10,0.08660309506551515,0.09523505769431045,1.1907395213125693,1.1077194844904585
SOL,1770919200,2026-02-12,0.24974794011115692,0.25072790854474775,1.118961188014707,1.1150351255542996
SOL,1771110000,2026-02-14,-0.7089885021454416,-0.716934907115395,0.8608165615799681,0.8508793740091968
SOL,1771290000,2026-02-17,0.23837099017814634,0.23491382508827666,1.0489153477801962,1.062678066840212
SOL,1771416000,2026-02-18,-0.5311404675272084,-0.5542754382938343,0.9096120566692599,0.8695822148745871
SOL,1771509600,2026-02-19,0.6245272625748409,0.6566771981930236,0.8137033171753114,0.7755266492657198
SOL,1771560000,2026-02-20,-0.35694174340495144,-0.36534626876594517,0.9136026810221696,0.8908028872546435
SOL,1771675200,2026-02-21,-0.024327410532601547,-0.024381611445781767,0.6732164733989688,0.681925432891197
SOL,1771768800,2026-02-22,-0.2333807081226027,-0.24413770929272005,0.5580104306609971,0.5301650791733813
SOL,1771830000,2026-02-23,-0.09577408177708933,-0.1191689559392143,0.8928218922603655,0.6622697301265473
SOL,1771898400,2026-02-24,0.009007955552430705,0.014115245788285722,1.064413399329948,0.9370605838937903
SOL,1771945200,2026-02-24,0.9539613884768029,1.0265209825869879,0.9450793016370539,0.8800854017629807
SOL,1771995600,2026-02-25,-0.7654454710871257,-1.0142857142857142,1.0430160166146112,0.8570941717388125
SOL,1772060400,2026-02-25,0.08379176267600257,0.08694263713144923,1.1442486382244683,1.1130369950109662
SOL,1772334000,2026-03-01,0.5686219985581192,0.5897878499493505,1.4879122713095012,1.4369824460256164
SOL,1772467200,2026-03-02,0.3648676507880863,0.413653799126562,1.4378700932180373,1.2792447157732707
SOL,1772618400,2026-03-04,-0.4199312105309705,-0.434973562145361,1.5258155913542166,1.469339867612233
SOL,1772654400,2026-03-04,0.5065566757726758,0.5099425140229285,1.6177701725746092,1.6075986473880406
SOL,1772726400,2026-03-05,-0.17957066374888267,-0.187685543718641,1.419117878536823,1.3467423307319633
SOL,1772773200,2026-03-06,-0.6314438712630022,-0.6239668666374993,1.0994981623272757,1.1133057132755275
SOL,1772899200,2026-03-07,-0.27214888050770775,-0.27577304226195865,0.6803350819091378,0.6703608574406098
SOL,1772974800,2026-03-08,0.18805735210322647,0.20408374716814506,0.7385906872655864,0.6877130478244773
SOL,1773028800,2026-03-09,0.00752346632741835,0.00997551759648838,1.029033530834471,0.9635745716678921
SOL,1773133200,2026-03-10,-0.2786802898449156,-0.27574347674539856,1.0052765429755879,1.0172208924352477
SOL,1773223200,2026-03-11,0.852408315543783,0.8480697002825041,0.9405113274239701,0.9451660449181221
SOL,1773381600,2026-03-13,-0.47256623452092766,-1.0142857142857142,1.216230444059342,0.9690174012946756
SOL,1773414000,2026-03-13,1.129750392552522,1.2408032850753534,1.1790456337851711,1.0758952979224914
SOL,1773608400,2026-03-15,-1.0142857142857142,-1.0142857142857142,0.6202123696183506,0.5894594749736086
SOL,1773619200,2026-03-16,0.008518076938990055,0.010796830275782205,0.9244047288817481,0.8708974003341899
SOL,1773925200,2026-03-19,0.1467101425900587,0.15731815493203458,0.9128170117358975,0.8607260126386587
SOL,1774062000,2026-03-21,0.1595622015591556,0.16174484671481465,0.7745254562575857,0.7656427990466307
SOL,1774144800,2026-03-22,-0.3831725960561585,-0.5055809041268777,0.6365300129024641,0.47318616774111477
SOL,1774216800,2026-03-22,-0.24101773558992437,-0.26236383230189536,0.6858875908895044,0.6232635594194662
SOL,1774267200,2026-03-23,-0.12034930361875558,-0.16070631008341435,1.1829804134759654,0.8216712145125775
SOL,1774422000,2026-03-25,0.12533932720498883,0.1263927128335414,0.9096180399723162,0.9034348122778794
SOL,1774494000,2026-03-26,-1.0142857142857142,-1.0142857142857142,0.7673272079165939,0.7355831469871017
SOL,1774602000,2026-03-27,-0.9121044004970924,-1.0142857142857142,0.8052088535847292,0.7317633807835541
SOL,1774742400,2026-03-29,0.24381436783357277,0.2601324660287875,0.6398487607869681,0.603683280847504
SOL,1774800000,2026-03-29,-1.0142857142857142,-1.0142857142857142,0.5653236907302852,0.5480408977095375
SOL,1774825200,2026-03-29,1.436488760501525,1.947954141438326,0.7332707026634083,0.5435222951759779
SOL,1774861200,2026-03-30,0.33052177925941906,0.3325717748078573,0.8195245910202292,0.8148726364833241
SOL,1774962000,2026-03-31,0.2388323504993046,0.2733270256336281,0.9616276106361085,0.8517528114542706
SOL,1775062800,2026-04-01,1.7317269850790815,1.9533196802819714,0.9170523030455957,0.8145178648183338
SOL,1775098800,2026-04-02,-0.1908125800152965,-0.18967925398117386,1.144680520703359,1.1527328684497709
SOL,1775138400,2026-04-02,0.5533860435121194,0.5859210114550173,0.9180837774499926,0.8694748372538383
SOL,1775203200,2026-04-03,-0.29067562498501265,-0.28982828176945097,0.7412537339888509,0.7436578673726092
SOL,1775318400,2026-04-04,0.09475469679523404,0.11399304253130703,0.4865149198648128,0.4208622213928751
SOL,1775372400,2026-04-05,-0.008113132802978568,-0.005810424545425914,0.41897080130451453,0.3765839398664003
SOL,1775455200,2026-04-06,-0.29161664153087735,-0.32540645827934217,0.6734312141622858,0.5967720767901538
SOL,1775574000,2026-04-07,3.2352770922728467,3.25318800016114,0.6162750993444589,0.612911645447879
SOL,1775606400,2026-04-08,0.4718909125102293,0.5081763279164782,1.0219121988743767,0.9528285218647131
SOL,1775743200,2026-04-09,1.063802987592758,1.1001955374900148,0.5989573763391479,0.5796464052883126
SOL,1775934000,2026-04-11,1.6439786100134015,1.7883694703102913,0.5705573479243399,0.5252156054569816
SOL,1776002400,2026-04-12,0.04053633993560914,0.03946213877535219,0.5788061293851438,0.5879450624147695
SOL,1776088800,2026-04-13,-1.0142857142857142,-1.0142857142857142,0.6339290313994539,0.5765389568917199
SOL,1776121200,2026-04-13,0.09673787993740891,0.11845261465839135,0.8664274814330729,0.7384603646202322
SOL,1776175200,2026-04-14,1.3778032832652563,1.5064535160493944,0.7130796184094044,0.6533165121332052
SOL,1776348000,2026-04-16,-1.0142857142857142,-1.0142857142857142,0.7070185591663931,0.5706353714099615
SOL,1776391200,2026-04-17,-0.02857142857143112,-0.028571428571429268,1.0276349919091892,0.9074530682098959
SOL,1776438000,2026-04-17,0.47976827445251824,0.4839357722298188,0.9948353093530826,0.9867457177648575
SOL,1776502800,2026-04-18,-0.2660830831093304,-0.2845887753793163,0.7217690928140118,0.6695974845689354
SOL,1776643200,2026-04-20,0.30927755726662787,0.3480514798462607,0.7526608779213712,0.6751732531460917
SOL,1776762000,2026-04-21,0.38968027611037315,0.3964311246147379,0.6216352428205961,0.6117610307298728
SOL,1776794400,2026-04-21,0.9679243250235047,1.0112862099706328,0.6938600279370866,0.6649261839322477
SOL,1776826800,2026-04-22,-0.47675015414848915,-0.5063698574917281,0.7586259244283101,0.7115971493843347
SOL,1777035600,2026-04-24,0.07412474880336507,0.07664959746474947,0.5564263305956791,0.5430745098722696
SOL,1777230000,2026-04-26,-0.6716059949432073,-1.0142857142857142,0.34657101579248195,0.33015340162267376
SOL,1777273200,2026-04-27,-0.687676371388253,-0.6920442996996307,0.5895440973493287,0.5856628740685077
SOL,1777305600,2026-04-27,0.20764062492818508,0.2398448133973149,0.6289747977305004,0.5535113206328466
SOL,1777370400,2026-04-28,0.07246598077250466,0.07309584048183161,0.509005246299508,0.5058518037071628
SOL,1777482000,2026-04-29,0.3404116017930931,0.3444428242951352,0.5962333817429374,0.5897897957231628
SOL,1777604400,2026-05-01,-0.14151195042131826,-0.1402785799395385,0.4553597821774455,0.46038745772955664
SOL,1777759200,2026-05-02,0.9470763895690208,1.0787210125309339,0.3221302896825343,0.2838326196581144
SOL,1777856400,2026-05-04,1.0192053578567968,1.0490495014092682,0.41175618415757365,0.40035281370815606
SOL,1777892400,2026-05-04,0.4931868218216576,0.589576984183188,0.6078348677839248,0.5130529345365352
SOL,1777989600,2026-05-05,-0.4320246750003326,-0.45293304007171925,0.48155694868091115,0.4578305601179049
SOL,1778072400,2026-05-06,-0.6647410586974668,-0.7496602653137292,0.6242719525359577,0.5507544104233392
SOL,1778140800,2026-05-07,0.5782463450913375,0.6141203126205049,0.7533445409542548,0.7112941210276592
SOL,1778209200,2026-05-08,0.3879334057679562,0.3905934969422755,0.6928405261589069,0.6884436435557458
SOL,1778292000,2026-05-09,0.004045536999314109,0.006442573927163923,0.7883714890189157,0.7344000650972943
SOL,1778407200,2026-05-10,-1.0142857142857142,-1.0142857142857142,0.48849656605384106,0.46915014805798305
SOL,1778443200,2026-05-10,0.2653599156523866,0.30402803075329277,0.6609901193040988,0.5841432054044142
SOL,1778518800,2026-05-11,0.3747014687730644,0.3912445890856556,0.991884162397118,0.9527983287353579
SOL,1778601600,2026-05-12,0.031087357700819423,0.03311268096583519,0.8620452181826053,0.8337410041966515
SOL,1778677200,2026-05-13,-0.5820916644803151,-0.6887158154835489,0.7742651501578958,0.6492086232469643
SOL,1778731200,2026-05-14,0.3562181961177711,0.3672068317461709,0.705394724839078,0.6858097036728525
SOL,1778864400,2026-05-15,-0.21264388496716008,-0.23558639819398322,0.8071355784594746,0.7176844691102034
SOL,1778907600,2026-05-16,-1.0142857142857142,-1.0142857142857142,0.5881804613257083,0.5641943429661469
SOL,1779152400,2026-05-19,0.3761866709318159,0.37291316751803577,0.7270656588389182,0.7329937864419115
SOL,1779289200,2026-05-20,-0.11760114449846316,-0.13238384634711736,0.6418402726308667,0.5504433705255489
SOL,1779339600,2026-05-21,0.44109118278011705,0.43192830781198255,0.6205062195390177,0.6328528518112503
SOL,1779386400,2026-05-21,0.01811977461925138,0.024111550458292594,0.7343077912491986,0.6507930059606759
SOL,1779476400,2026-05-22,-0.2907893918829248,-0.3375773944254864,0.6973478877948623,0.5917592637790831
SOL,1779541200,2026-05-23,1.1380935278549669,1.456722458294471,0.746939870464469,0.5867044758848129
SOL,1779818400,2026-05-26,0.07130231717057635,0.0767047957539918,0.743796217252173,0.7056266955023406
SOL,1779858000,2026-05-27,0.20138682633817273,0.20821649556120106,0.596381535408541,0.5791801150553513
SOL,1779919200,2026-05-27,-1.0142857142857142,-1.0142857142857142,0.716873605719648,0.6397100369288516
SOL,1779951600,2026-05-28,-0.07789261998978866,-0.08348439419925621,0.7530811011395716,0.6763950319964618
SOL,1780070400,2026-05-29,0.25306374367751644,0.2981189194741594,0.7304282489704408,0.6296919604297061
SOL,1780192800,2026-05-31,0.35109445759719854,0.34611928807803133,0.39884692553419676,0.4041428428829813
SOL,1780297200,2026-06-01,-1.0142857142857142,-1.0142857142857142,0.6094831404639873,0.5994433820381395
SOL,1780394400,2026-06-02,-1.0142857142857142,-1.0142857142857142,0.723387254349783,0.7128785816074588
SOL,1780416000,2026-06-02,-0.2876469928700545,-1.0142857142857142,0.8602013218053309,0.7794475773288182
SOL,1780506000,2026-06-03,-1.0142857142857142,-1.0142857142857142,0.9850032911819868,0.9484650828113698
SOL,1780542000,2026-06-04,0.20970472016281055,0.24197338245467997,1.4389066831844215,1.2672841203524536
SOL,1780635600,2026-06-05,-0.6180650118004221,-0.6291338586666931,1.2020002400877325,1.1798464124021726
SOL,1780873200,2026-06-07,-0.028571428571431412,-0.028571428571425184,1.0595028384698337,0.8802338260444363
SOL,1780956000,2026-06-08,0.27196359181586993,0.26982402068541245,0.8270963838127511,0.8330268748752704
SOL,1781017200,2026-06-09,-0.1454944759429333,-0.1550709645333224,0.8063911812539307,0.7453443490426951
SOL,1781082000,2026-06-10,0.1680477024066711,0.1759158043762425,0.7265678682765532,0.6986115504516729
SOL,1781179200,2026-06-11,-0.36027981160392947,-0.36407334826797577,0.714913668972977,0.706830105047821
SOL,1781258400,2026-06-12,0.12801051069999317,0.12803610291655648,0.6386432590201957,0.6385388943294416
SOL,1781391600,2026-06-13,0.2830996942227337,0.3241972209409866,0.5408631606937696,0.47785263459329047
SOL,1781542800,2026-06-15,0.6188336757337723,0.6386867236225559,0.8076197413028952,0.7835904906338866
SOL,1781622000,2026-06-16,0.22022699989900008,0.248670514628398,0.8612824269152589,0.7729195366779719
SOL,1781686800,2026-06-17,0.7397314575930543,0.7761517909151088,0.717722894653446,0.6852400403960187
SOL,1781917200,2026-06-20,-1.0142857142857142,-1.0142857142857142,0.637705842007394,0.6475293683156547
SOL,1782039600,2026-06-21,-0.08467793337448452,-0.08411105769732244,0.6110826972034877,0.6173198277576021
SOL,1782093600,2026-06-22,0.3029692112894179,0.3364769716010585,0.7842175852381841,0.7122343225641984
SOL,1782140400,2026-06-22,1.1039174110642607,1.2362327208438406,0.7669580468897509,0.6867240504966546
SOL,1782316800,2026-06-24,-1.0142857142857142,-1.0142857142857142,0.7476258141906217,0.6774431845129764
SOL,1782338400,2026-06-24,0.47206098296577204,0.5239261429478607,0.7476258141906217,0.6774431845129764
SOL,1782396000,2026-06-25,0.648387708044699,0.8770428811479783,1.0298152716094857,0.7698010617332925
SOL,1782464400,2026-06-26,-0.7438421897375497,-1.0142857142857142,1.1584024869415772,1.0936642167063138
SOL,1782687600,2026-06-28,0.8972556633404216,0.9955893499380348,0.7961992726100089,0.7197530628107783
SOL,1782738000,2026-06-29,-0.474394717536291,-0.5269048551430976,1.0253902576607774,0.9173433544039147
SOL,1782774000,2026-06-29,0.1627857666264961,0.17847909582545007,1.2541989850539266,1.1591373685196136
SOL,1782882000,2026-07-01,-0.10395729141493648,-0.1021551349926429,0.9096059391636088,0.9318833190992706
SOL,1782990000,2026-07-02,0.19214362650763933,0.2229162432242316,1.0614849730200195,0.9315992017138672
SOL,1783108800,2026-07-03,-0.1734964914093109,-0.17955576167896864,0.749155642546676,0.7190906919733433
SOL,1783141200,2026-07-04,0.6643600086727638,0.7109465114600747,0.7256953802774782,0.6799796402988221
SOL,1783213200,2026-07-05,-0.7206476687209852,-0.7311618013184688,0.6027411908443897,0.5937212824478044
SOL,1783342800,2026-07-06,1.3025082250992712,1.417365912003416,0.6739963717939922,0.6204576311627605
SOL,1783375200,2026-07-06,0.41005325529730086,0.4465780906741414,0.8402888440308,0.7756956781870159
SOL,1783465200,2026-07-07,-0.8280763299495807,-0.8265750198782936,0.7790535640037811,0.7805192227733035
SOL,1783648800,2026-07-10,-0.28493815483747637,-0.31636178405091253,0.6241059529463264,0.5559602570191203
SOL,1783695600,2026-07-10,0.36596911880644933,0.43972534165207106,0.6300275858170511,0.5307989385722088
SOL,1783825200,2026-07-12,-0.1023065755775305,-0.11188584843788268,0.46498468746357835,0.411521971114622
SOL,1783915200,2026-07-13,0.06374493267567977,0.06922629867174117,0.6189894875718996,0.5842963712312772
SOL,1784091600,2026-07-15,-0.10856053938530144,-0.10930482398189091,0.5715063619178741,0.5662376205269413
SOL,1784124000,2026-07-15,0.6074169388042618,0.6670628313808673,0.6289423211473811,0.5750148073894864
SOL,1784296800,2026-07-17,0.45361128536292966,0.4874603785369522,0.545140120665803,0.5093816684093259
SOL,1784401200,2026-07-18,-0.3090070957245884,-0.3164467770212129,0.3667762517560432,0.35729750189112386
SOL,1784473200,2026-07-19,0.1125371506713577,0.12044159907514437,0.3847088148503789,0.3643018006080999
SOL,1784566800,2026-07-20,-0.20663768893048312,-0.2309857928929706,0.7059972251946657,0.6210739348250245
SOL,1784700000,2026-07-22,0.2775753901616092,0.2897106222311257,0.44796433851710377,0.4308846722491885
SOL,1784811600,2026-07-23,-0.5735461241645561,-1.0142857142857142,0.49805720086354605,0.44098467785304996
SOL,1784862000,2026-07-24,-0.12998866499652514,-0.1323399086448493,0.4789267612049308,0.46807497360530975
SOL,1784998800,2026-07-25,-0.4593232634867036,-0.4620428522772369,0.3051143623205202,0.3032000824990218
SOL,1785110400,2026-07-27,0.08938368301435573,0.11367729866446917,0.36333434203039944,0.30128313757120034
SOL,1785160800,2026-07-27,1.935233828283452,2.163062315547506,0.4422900007725213,0.3963123085242532
SOL,1785204000,2026-07-28,-0.13485791359379465,-0.1380540481587988,0.6451566119341986,0.6263225051599062
SOL,1785247200,2026-07-28,0.2949073455370222,0.3250520987874074,0.5122879736731237,0.4686178178018257
SOL,1785358800,2026-07-29,0.3827127570692557,0.3872772280153664,0.6738475896201336,0.6664512503601442
SOL,1785420000,2026-07-30,-0.11344471068907024,-0.11647502051943111,0.5386180971642461,0.5200502584845726
SOL,1785603600,2026-08-01,-1.0142857142857142,-1.0142857142857142,0.27210455196799155,0.25688182519629865
SOL,1785632400,2026-08-02,0.9316272372631892,1.1579472846293617,0.3362399411131351,0.27210455196799155
SOL,1785697200,2026-08-02,0.5895233737117791,0.6251190069131617,0.35130995494662515,0.3321799514809803
SOL,1785740400,2026-08-03,0.7228562873600501,0.7423753717802185,0.3536125698862488,0.3446596906467295
SOL,1785870000,2026-08-04,0.3018201806492604,0.3097191372367171,0.4756260533174957,0.4645203651111488
SOL,1785938400,2026-08-05,0.3724479239681093,0.4023330700476819,0.44173144268740366,0.4110953998172037
SOL,1786010400,2026-08-06,-0.3408788158149136,-0.36725025860635374,0.4025338203616414,0.3711902680817675
SOL,1786161600,2026-08-08,-0.46870552011649375,-0.5441003206629543,0.38949169064997075,0.33252951300766115
SOL,1786284000,2026-08-09,-0.03717185505069153,-0.0376065709198068,0.33220943915154744,0.31622554985551327
SOL,1786370400,2026-08-10,-0.028571428571433827,-0.02857142857143641,0.45140043962695353,0.4376620119059503
SOL,1786435200,2026-08-11,-0.5376170052135119,-0.546925714738934,0.3648284048342842,0.35827674366769047
SOL,1786536000,2026-08-12,0.5267535887334687,0.5728386385357029,0.380729419421217,0.35155475937669484
SOL,1786640400,2026-08-13,0.45181854434364804,0.4822098116040805,0.43417107002835864,0.40833807541515466
SOL,1786719600,2026-08-14,0.24157953860164808,0.2444066266358275,0.31728291262926234,0.3139969828315133
SOL,1786831200,2026-08-15,0.4179500005181467,0.4177620255068941,0.211156079290435,0.2112450084666228
SOL,1786906800,2026-08-16,-1.0142857142857142,-1.0142857142857142,0.20338650218903384,0.19980084851126723
SOL,1786921200,2026-08-16,1.2028808483896531,1.5224410691299266,0.26913635033138067,0.2136853003568708
SOL,1786953600,2026-08-17,-0.31430432274999426,-0.3381187573817627,0.31997915987733455,0.295362172175591
SOL,1787040000,2026-08-18,-0.7131812757557298,-0.7075191089143185,0.35891141023588063,0.3619045956386412
SOL,1787083200,2026-08-18,0.30663392606606127,0.3021500884274507,0.4006073066193667,0.40603863789777966
SOL,1787130000,2026-08-19,-1.0142857142857142,-1.0142857142857142,0.3864435794771789,0.36001616251388463
SOL,1787144400,2026-08-19,-1.0142857142857142,-1.0142857142857142,0.44366397005017977,0.35317658313096356
SOL,1787155200,2026-08-19,-1.0142857142857142,-1.0142857142857142,0.7272520926385723,0.6062714843800011
SOL,1787176800,2026-08-19,0.2746260446325917,0.3443023793381095,1.0177242749110562,0.8275492191349839
SOL,1787216400,2026-08-20,0.07473969657971344,0.08338847725033986,0.9679499652501399,0.8931768856539969
SOL,1787349600,2026-08-21,-1.0142857142857142,-1.0142857142857142,1.276783675644746,1.2065362660789574
SOL,1787374800,2026-08-22,0.3512667049308637,0.3662374530255415,1.4066142052651254,1.3532768364393652
SOL,1787572800,2026-08-24,-0.10045772368280283,-0.10482432068769744,1.192359205346285,1.124079144219076
SOL,1787619600,2026-08-25,0.4989410068551157,0.5762646781783803,1.581547008671203,1.3793583170305266
SOL,1787760000,2026-08-26,1.226333981319518,1.2418196389839777,1.1998627735975258,1.185236833105028
SOL,1787839200,2026-08-27,-0.6183813608693062,-0.6394187202016708,1.49200607146704,1.440621923118351
SOL,1788094800,2026-08-30,0.605382282616637,0.6426787389525265,0.6444814839962653,0.6086723673805935
SOL,1788134400,2026-08-31,0.20929056890154402,0.2536643318764447,1.1531296180125425,0.9718318963212004
SOL,1788289200,2026-09-01,-0.03403093763960268,-0.03462404029111013,1.0466665853893418,0.9441024765731376
SOL,1788343200,2026-09-02,0.33574248111763766,0.34205809686738287,0.9332610997207896,0.9173581073916195
SOL,1788451200,2026-09-03,0.3478277555335953,0.3669788472297173,1.1537902647645943,1.0979279774387942
SOL,1788667200,2026-09-06,-0.3562575844923432,-0.43297596673381344,0.7847229811103623,0.6358555181188518
BNB,1708052400,2024-02-16,0.5025339020485896,0.5151314158166689,4.841654608185998,4.729474193431074
BNB,1708182000,2024-02-17,0.2538339394749859,0.27031225616517923,3.8445242497509597,3.6325645766548775
BNB,1708362000,2024-02-19,0.2240996550088556,0.23837083725664476,2.713861340988806,2.5687737518341014
BNB,1708408800,2024-02-20,0.32627402724654664,0.35327944097810393,2.657092340900135,2.4691763671232203
BNB,1708444800,2024-02-20,0.3629194913376306,0.38516819956394877,3.6490537990083474,3.4528271681628366
BNB,1708506000,2024-02-21,-0.35759903619205624,-0.38547287726545876,3.473438448286289,3.2021644827698497
BNB,1708635600,2024-02-22,0.40372952179260363,0.41619067512999053,4.031582954859406,3.918627797540899
BNB,1708862400,2024-02-25,-0.17869662832546424,-0.21401642145670566,2.474125410238297,2.002904287948933
BNB,1709110800,2024-02-28,-1.0142857142857142,-1.0142857142857142,2.9275475051351676,2.59120500553018
BNB,1709341200,2024-03-02,0.04697033942962986,0.047500704248481386,3.0257622322028372,3.004667019295362
BNB,1709452800,2024-03-03,1.2764978729405212,1.5233609924615539,2.933615421139657,2.466970453535015
BNB,1709578800,2024-03-04,0.7092798424880536,0.7458597823520148,3.4075779400304547,3.2466223969558747
BNB,1709614800,2024-03-05,0.2541928761516175,0.27791231578870357,3.7386008045756367,3.449262404927609
BNB,1709661600,2024-03-05,-1.0142857142857142,-1.0142857142857142,4.825589922208609,4.473712223916965
BNB,1709668800,2024-03-05,1.1924169082990896,1.9792074345287933,8.073085188026809,4.909476356336564
BNB,1709722800,2024-03-06,0.06627589631200777,0.08201612618243137,8.73584394277545,7.492447322988947
BNB,1709802000,2024-03-07,-1.0142857142857142,-1.0142857142857142,5.779534207338947,5.847190684826555
BNB,1709910000,2024-03-08,-0.46746921786884493,-0.4850403946349005,5.5984398123222245,5.382935182500854
BNB,1709956800,2024-03-09,0.0725540858849376,0.0758950625059982,6.498289384983963,6.290465491521192
BNB,1710050400,2024-03-10,-1.0142857142857142,-1.0142857142857142,4.162341234077791,4.136367482853006
BNB,1710216000,2024-03-12,0.24624165241779442,0.25459973171367817,5.926105928834177,5.751191000282965
BNB,1710529200,2024-03-15,-0.03241076624735319,-0.03241307896224308,14.883519493783806,14.874559454844098
BNB,1710774000,2024-03-18,0.15087901031670986,0.1532996485349596,10.826705996903218,10.682606458203463
BNB,1710835200,2024-03-19,0.5071616012655646,0.5407464858461449,11.092945201951343,10.438556371332215
BNB,1710939600,2024-03-20,-0.45450000408658986,-0.44833288749009664,11.001173800200931,11.162802554062543
BNB,1710990000,2024-03-21,0.04223501432592314,0.042187606863849016,10.08786326579344,10.09462197854678
BNB,1711083600,2024-03-22,0.5606097690541483,0.5706113851755182,8.874301233037901,8.726170558656206
BNB,1711119600,2024-03-22,0.24567504462768788,0.25630899905489785,9.897249297769532,9.527806936059493
BNB,1711202400,2024-03-23,0.13137392932190697,0.13034768695945959,7.859827091582396,7.910583021704116
BNB,1711314000,2024-03-24,-1.0142857142857142,-1.0142857142857142,4.9037307689082965,4.834786981901237
BNB,1711346400,2024-03-25,-0.1268773913586062,-0.1244286254466565,4.940842568886789,5.067061228031931
BNB,1711378800,2024-03-25,0.13441587828834012,0.14593397737587088,6.135447104849442,5.73048149753017
BNB,1711465200,2024-03-26,0.2925943374296451,0.338217173211286,5.693544026623632,4.9853551055946825
BNB,1711533600,2024-03-27,-0.3844566678910755,-0.3884289443727693,4.89724481461775,4.843186723434497
BNB,1711587600,2024-03-28,-0.18687047057503786,-0.2046693593104994,6.136667405772404,5.5164110523702865
BNB,1711782000,2024-03-30,0.11355401523501638,0.1139341019400544,5.025741311024405,5.012336796487818
BNB,1711940400,2024-04-01,-1.0142857142857142,-1.0142857142857142,3.0089485210808755,2.848098407317873
BNB,1711951200,2024-04-01,0.040823841774238104,0.07155660852035386,4.528921246652574,3.1388382656258558
BNB,1711990800,2024-04-01,0.18890573907573383,0.1891551775456164,5.911950664173788,5.905177638341002
BNB,1712026800,2024-04-02,-0.2341552467903645,-0.29039989051174475,6.670897463184791,5.23788957573747
BNB,1712066400,2024-04-02,0.35101068025590587,0.35685563946409665,6.849637903199161,6.7457638957529396
BNB,1712106000,2024-04-03,0.7502891294433583,0.8165126737125427,6.786470609305089,6.254660656174707
BNB,1712192400,2024-04-04,-0.8955999111497066,-0.9326998712224163,6.19521581973366,5.941001652020864
BNB,1712419200,2024-04-06,-0.166417500314452,-0.16689986979213503,3.7308695690979072,3.717859535951594
BNB,1712581200,2024-04-08,0.1081936194573562,0.15107259497262418,4.387085798951399,3.3399385527168914
BNB,1712649600,2024-04-09,0.04825191115125563,0.053513452539704,4.0910186334023315,3.828789297510203
BNB,1712768400,2024-04-10,0.05509570455970475,0.06610938263095403,6.488296210727486,5.733549765398826
BNB,1712898000,2024-04-12,0.3856795622311971,0.40850172872103163,5.241818654968894,4.968112397658811
BNB,1712948400,2024-04-12,0.33284101156754786,0.4225004553673561,9.486589413615665,7.6009424454322545
BNB,1713038400,2024-04-13,0.09890193619111266,-1.0142857142857142,10.758550023240304,8.863053871181858
BNB,1713164400,2024-04-15,0.2951018756291313,0.3012911359961923,9.003787697239169,8.834848289334486
BNB,1713243600,2024-04-16,-0.031809989797736034,-0.03195692695707391,8.822259816904461,8.439356725897115
BNB,1713369600,2024-04-17,0.4895808988538479,0.5322682595289703,7.388891694447885,6.8264987478669585
BNB,1713412800,2024-04-18,0.23241376405254308,0.2332177713188611,7.115893581819511,7.094039241959474
BNB,1713510000,2024-04-19,-0.18357860395718387,-0.19947025221530204,7.741577104502759,7.021698420233738
BNB,1713628800,2024-04-20,-0.23542393487916877,-0.2541931138135397,4.4199885735274,4.052295386875658
BNB,1713747600,2024-04-22,-1.0142857142857142,-1.0142857142857142,4.050847299149622,4.085527860622667
BNB,1713783600,2024-04-22,0.1517492027460505,0.165617728916175,5.704125041357703,5.296750044539064
BNB,1713834000,2024-04-23,0.1978258450920346,0.19989032607535445,4.921815957651916,4.877340262086679
BNB,1713956400,2024-04-24,0.8232892360346385,0.8789529849913251,4.729143621667679,4.439077746411346
BNB,1714179600,2024-04-27,0.099310720055647,0.10834158915839771,4.468399831902436,4.173661357433387
BNB,1714374000,2024-04-29,0.4354201940864489,0.5092195898840088,4.741464915676265,4.090808370728281
BNB,1714474800,2024-04-30,-1.0142857142857142,-1.0142857142857142,5.72111293127971,5.784275464455074
BNB,1714482000,2024-04-30,0.513909440203668,0.5378437656792977,6.583510639725881,6.3053191504740225
BNB,1714554000,2024-05-01,0.08812671101385519,0.10445396652343636,7.589789253384005,6.658234580567386
BNB,1714705200,2024-05-03,0.17945348961482188,0.1780249395684441,4.944462603516165,4.97865203455587
BNB,1714759200,2024-05-03,-0.2192229547450214,-0.21503079700366542,4.9454476540545595,5.056635935135679
BNB,1714820400,2024-05-04,-0.049533173393496915,-0.051714768935230776,4.08908163141202,3.7036263722898655
BNB,1714924800,2024-05-05,-0.06834599634592001,-0.06913511253371343,3.5916705284418096,3.521799030629641
BNB,1715054400,2024-05-07,0.5543628768679747,0.6062315786127412,4.558220081317688,4.185775472188282
BNB,1715115600,2024-05-07,0.07440283899874266,0.07642881453373662,4.716851084989112,4.625839629988276
BNB,1715227200,2024-05-09,0.2520404653672097,0.2569390408001344,5.396370385557525,5.303783492138871
BNB,1715270400,2024-05-09,0.43174467067223543,0.4644235192348747,5.58622341398361,5.215932907366967
BNB,1715432400,2024-05-11,-0.24070550872518617,-0.2361376588848706,3.5018283828732817,3.578892104632765
BNB,1715529600,2024-05-12,-0.13898523715392636,-0.14454372683987168,2.587668058753921,2.4636425248119207
BNB,1715569200,2024-05-13,0.6411159822305406,0.7163575363558751,3.2424509351732667,2.9149471609558257
BNB,1715670000,2024-05-14,-1.0142857142857142,-1.0142857142857142,3.2076341549591234,2.785144474571369
BNB,1715695200,2024-05-14,-0.7163632558770217,-0.7903270971728212,3.4478871037455874,3.113109188649098
BNB,1716138000,2024-05-19,-0.08788216468115244,-0.0914812636468508,2.408621983596543,2.270823674642436
BNB,1716210000,2024-05-20,2.0635487836713238,2.1305588836601874,3.277604612304745,3.1758818901743386
BNB,1716249600,2024-05-21,-1.0142857142857142,-1.0142857142857142,4.903970236345273,4.511967946833372
BNB,1716278400,2024-05-21,0.06206782681015758,0.07981995294059012,6.934869730838043,5.799090479364051
BNB,1716458400,2024-05-23,-1.0142857142857142,-1.0142857142857142,4.087033491220585,3.9937283751606336
BNB,1716634800,2024-05-25,0.3057425588370171,0.30374599948942815,2.8202742881504954,2.837218464162079
BNB,1716692400,2024-05-26,0.17272084429810156,0.1728209419506553,1.9871602337127914,1.9861725593830062
BNB,1716732000,2024-05-26,0.11406208065546528,0.11404490706609842,2.003135779683877,2.0033769935057135
BNB,1716778800,2024-05-27,0.3688867260086144,0.37976187418761154,2.2284466314451015,2.1690963723254937
BNB,1716836400,2024-05-27,0.9259110213756963,1.1036116866807981,2.664121423079113,2.24597691716212
BNB,1716868800,2024-05-28,0.19657961108232572,0.21863378029826122,3.4262714159121943,3.1205999863669804
BNB,1716998400,2024-05-29,-0.008627599739358142,-0.008501075128707647,2.8651899103241645,2.847127595733714
BNB,1717063200,2024-05-30,0.6888038935822679,0.7726838790683063,2.6684577168596593,2.3891083104642434
BNB,1717174800,2024-05-31,0.3157670763549659,0.3152173481412959,2.6551945286548255,2.659440261628272
BNB,1717279200,2024-06-01,0.25440113036156387,0.34821242825107696,1.817440235989606,1.3649356387580338
BNB,1717380000,2024-06-03,-1.0142857142857142,-1.0142857142857142,2.695166346762012,2.456332988820632
BNB,1717398000,2024-06-03,0.38605386103061495,0.615524224761779,4.6169053415026235,2.972051906233594
BNB,1717498800,2024-06-04,-1.0142857142857142,-1.0142857142857142,5.920067750534079,4.690842192882855
BNB,1717682400,2024-06-06,0.1542336110566772,0.17780628199508208,6.72066498314697,5.953023828004436
BNB,1717783200,2024-06-07,-0.2646716713913336,-0.28419680599285135,6.1717126578912245,5.7003059392674755
BNB,1717909200,2024-06-09,0.13301566338198584,0.14681662693804157,4.597255473050676,4.235505894054569
BNB,1717970400,2024-06-09,-1.0142857142857142,-1.0142857142857142,3.8857736021211053,3.9616023407457988
BNB,1718053200,2024-06-10,-0.07187156599086729,-0.08651142197173925,7.258307548572333,5.424331206154818
BNB,1718121600,2024-06-11,0.12295847703589859,0.13453307087286745,7.542122713510815,7.006901383780877
BNB,1718384400,2024-06-14,0.5368179433486329,0.6018149390595835,5.255543734997405,4.713662483843363
BNB,1718503200,2024-06-16,0.3596618355461889,0.3522604854553516,2.943738335906437,3.0009489771300055
BNB,1718550000,2024-06-16,-0.14749777883527454,-0.14874766784322674,2.6426919987741724,2.615206767910647
BNB,1718586000,2024-06-17,1.7745766057359673,1.8287576267801533,2.3926408881580614,2.3228440334009837
BNB,1718676000,2024-06-18,-0.03359506601680466,-0.03486431302458392,5.687398599547022,4.54027541489679
BNB,1718715600,2024-06-18,0.4379803252220786,0.457275675690304,5.144123841536782,4.939825675501154
BNB,1718870400,2024-06-20,0.6475313469488821,0.6287890386562994,3.972346191963863,4.0856035913456985
BNB,1718902800,2024-06-20,-0.2574465049964445,-0.2672404347597988,4.369195701077779,4.189903062699144
BNB,1719093600,2024-06-22,-0.4213344290953334,-0.41210989386345775,2.0368517373909483,2.085840332574869
BNB,1719187200,2024-06-24,-1.0142857142857142,-1.0142857142857142,2.821397631984496,2.707658988290999
BNB,1719208800,2024-06-24,0.14042838351427211,0.16519718507061437,4.057485492152689,3.5388305300105913
BNB,1719327600,2024-06-25,-0.028571428571431863,-0.028571428571434507,4.590875221444475,4.382481007709429
BNB,1719471600,2024-06-27,0.9719949223572886,0.982741619000469,3.426630753062036,3.3902177340668103
BNB,1719540000,2024-06-28,0.6074498559339383,0.6629358388856689,3.2793152313076788,3.0161856337159674
BNB,1719612000,2024-06-28,0.18827422578939948,0.19138710042759177,3.2939821477684035,3.2473653899044277
BNB,1719774000,2024-06-30,-1.0142857142857142,-1.0142857142857142,2.2880582549035973,2.2332935052807974
BNB,1719799200,2024-07-01,0.5435350056471913,0.593153528806118,2.846623165138379,2.6194403316874886
BNB,1719939600,2024-07-02,0.22356226305579976,0.21841348705044028,2.606327035874556,2.660659884787985
BNB,1719979200,2024-07-03,-1.0142857142857142,-1.0142857142857142,3.024458506195976,2.580186083595661
BNB,1720036800,2024-07-03,-1.0142857142857142,-1.0142857142857142,4.210794190714906,3.965470666923747
BNB,1720058400,2024-07-04,-0.5207583742118064,-1.0142857142857142,5.05034582434967,3.808064733915027
BNB,1720141200,2024-07-05,-1.0142857142857142,-1.0142857142857142,6.404604952429624,6.089574564154979
BNB,1720148400,2024-07-05,0.13614649252984115,-1.0142857142857142,8.499378760003092,6.868561741541792
BNB,1720310400,2024-07-07,1.1078041719018592,1.105539111411492,4.9279481165097625,4.937790279318201
BNB,1720587600,2024-07-10,-0.08955266032485601,-0.09526243483630255,4.685282299142936,4.28415016830778
BNB,1720688400,2024-07-11,-1.0142857142857142,-1.0142857142857142,3.7991311781603834,3.9144489610957924
BNB,1720749600,2024-07-12,0.034034618106526776,0.03943228631981835,5.02005366833706,4.621596258209138
BNB,1720864800,2024-07-13,0.7119791574891782,0.731076699749751,3.240831950139806,3.1593574847659482
BNB,1720947600,2024-07-14,0.2827249935827302,0.27895192660965296,3.212372288380417,3.2517855413327617
BNB,1720998000,2024-07-14,-1.0142857142857142,-1.0142857142857142,3.1892364164949862,3.1499469100715203
BNB,1721084400,2024-07-15,1.2180928778359532,1.3162771175239856,4.514905415710319,4.1852827553803476
BNB,1721311200,2024-07-18,0.3382828657396293,0.3520811886108822,3.738346784256804,3.602834998430404
BNB,1721397600,2024-07-19,-1.0142857142857142,-1.0142857142857142,4.136478546224748,3.970053819011271
BNB,1721404800,2024-07-19,0.25205580857506943,0.3111358257413904,5.090637113836649,4.205301507208697
BNB,1721574000,2024-07-21,-0.4030333939367644,-0.45768699403078206,2.8993980327348106,2.5301209583297926
BNB,1721692800,2024-07-23,0.22785546336335805,0.26023322865577375,4.67969638810416,4.155057648727557
BNB,1721757600,2024-07-23,0.3158306667140466,0.3188799156432017,5.475327564866298,5.427275839086789
BNB,1721880000,2024-07-25,-0.05159207622174095,-0.05708647245795359,4.964487360291658,4.0079094649294795
BNB,1722024000,2024-07-26,-0.2864708167336073,-0.28677825845946786,3.5451255654424174,3.540904455091841
BNB,1722088800,2024-07-27,0.4873422749752214,0.5262623947976923,2.824392620559872,2.6262689759875557
BNB,1722222000,2024-07-29,-0.03671175673101291,-0.03879290126311724,3.5098620118667543,2.795236012779585
BNB,1722276000,2024-07-29,-0.12294853766557048,-0.12572948502252249,3.9355790296358912,3.8229312626848078
BNB,1722448800,2024-07-31,1.4042409444493822,1.503063928486249,3.5893444526965017,3.357755564442385
BNB,1722481200,2024-08-01,0.12674628439662058,0.12581730201067434,4.230958881541111,4.256417257044267
BNB,1722614400,2024-08-02,-1.0142857142857142,-1.0142857142857142,5.949118878222104,5.3836664842391935
BNB,1722650400,2024-08-03,0.5133289180650091,0.532015751035839,6.9069104053705805,6.676672744245242
BNB,1722708000,2024-08-03,0.1813729707003797,0.1854755796694069,5.44361815233531,5.339281087130338
BNB,1722762000,2024-08-04,-1.0142857142857142,-1.0142857142857142,4.6529448696030835,4.533940628803317
BNB,1722801600,2024-08-04,-1.0142857142857142,-1.0142857142857142,5.103933173718009,4.088851110157854
BNB,1722841200,2024-08-05,0.803079698035661,0.9277628853009313,13.43283044298272,11.681509707827546
BNB,1723006800,2024-08-07,0.23523109971940145,0.230923093788169,7.906346839158681,8.037604288324735
BNB,1723042800,2024-08-07,-0.148218846214171,-0.160407590684281,7.402702901277385,6.718295432144875
BNB,1723316400,2024-08-10,-1.0142857142857142,-1.0142857142857142,3.7662002362760867,3.4328310236819375
BNB,1723539600,2024-08-13,0.007378644876999111,0.006809559686696137,5.563270970418022,5.652753352757863
BNB,1723611600,2024-08-14,0.4543136682070148,0.44056119222016715,4.200940228027363,4.324089476337159
BNB,1723708800,2024-08-15,1.0928731992382674,1.0907078723960006,3.898033360743363,3.905574388492856
BNB,1723741200,2024-08-15,1.0320236551158077,1.0334131381067762,3.9331019307824127,3.927955925457983
BNB,1723813200,2024-08-16,0.6362186764218635,0.7132274924719667,4.383768188479803,3.9286734337474747
BNB,1723910400,2024-08-17,-0.26540531910491805,-1.0142857142857142,3.498534043016561,3.098421277094754
BNB,1724029200,2024-08-19,-0.1433336877397758,-0.15368211401982787,2.9875426411237442,2.740430536594798
BNB,1724184000,2024-08-20,0.5647394143091305,0.5597597010774614,5.393462867565082,5.439113857377776
BNB,1724248800,2024-08-21,0.6804413552553686,0.7193064362297249,4.714805175746626,4.469790189265599
BNB,1724313600,2024-08-22,0.218217066836691,0.22314505964816414,4.862463292770381,4.767268161445025
BNB,1724443200,2024-08-23,0.6603977784974342,0.6691262739173034,4.644619769893637,4.586513598346987
BNB,1724572800,2024-08-25,0.0025998223920014087,0.004673949571768245,4.58297753352052,4.297052728406718
BNB,1724641200,2024-08-26,-0.41821916097553624,-0.41315906600073493,3.739641568429889,3.7888447660014264
BNB,1724778000,2024-08-27,-1.0142857142857142,-1.0142857142857142,4.937419122995901,4.640297517072503
BNB,1724799600,2024-08-27,0.13360735646219715,0.16165844335508697,6.3422070177562935,5.406992172968316
BNB,1725033600,2024-08-30,0.7780560408902959,0.8334980234055135,5.065181190073766,4.739425897002522
BNB,1725174000,2024-09-01,0.0042732232600020525,-1.0142857142857142,3.479583673843443,2.816474725677552
BNB,1725231600,2024-09-01,-0.4534071449304602,-0.5168704240700391,4.573196339300294,3.9788268269387776
BNB,1725274800,2024-09-02,0.06444763369267553,0.07061801021257322,5.528820671460944,5.184883800034863
BNB,1725415200,2024-09-04,-0.21555332068447436,-0.24746824536351666,5.0425050907449025,4.3073131746483595
BNB,1725447600,2024-09-04,0.5922055938691588,0.6143866443212977,4.970728899698606,4.799246507367725
BNB,1725634800,2024-09-06,-1.0142857142857142,-1.0142857142857142,4.755039048668512,4.413118975489167
BNB,1725796800,2024-09-08,0.2470063371439514,0.27581686577888576,3.3177049386125437,3.003682241582737
BNB,1725836400,2024-09-08,-0.11217535059003973,-0.11930638413185399,3.75922213572408,3.4637776846259345
BNB,1725926400,2024-09-10,-0.4502585776690885,-0.5130835173345946,4.133057283311936,3.5971386127974716
BNB,1726102800,2024-09-12,-0.38741966578383735,-0.411323707397595,4.85680842797494,4.553485999357631
BNB,1726149600,2024-09-12,0.2794787119933967,0.29240437931786134,4.266466854635707,4.0946566126846085
BNB,1726228800,2024-09-13,-0.4420181422323698,-0.4558134727630637,3.662589795132692,3.5443274716813566
BNB,1726264800,2024-09-13,0.3505638785982614,0.3641534117324556,4.0694103494998055,3.9285957609997837
BNB,1726408800,2024-09-15,-0.6589560131756615,-0.6809835197648982,2.084895072602195,2.014502385879287
BNB,1726444800,2024-09-16,0.09473066197654272,0.12676497149490795,3.939221821428149,3.1268542692303143
BNB,1726506000,2024-09-16,-0.2016075506403684,-0.19995689408870743,4.4581938279985724,4.501131814767695
BNB,1726686000,2024-09-18,-0.47716086198936397,-0.5522623334175442,4.713186617384919,4.037277895645297
BNB,1726750800,2024-09-19,-0.055045331749966696,-0.0573437789682192,4.316919704471962,3.9720673740467234
BNB,1726815600,2024-09-20,0.11356619301201043,0.11373796871100882,4.824298296786696,4.818475088847213
BNB,1726902000,2024-09-21,-0.38309120668059377,-0.3972520367954301,3.8684120213069813,3.719828330638282
BNB,1726959600,2024-09-21,0.2483823454408937,0.24841749070429425,3.094895024267635,3.094502333826682
BNB,1727038800,2024-09-22,-0.2137541294532484,-0.2340042928071475,3.8571946023270054,3.4769788025060007
BNB,1727107200,2024-09-23,-0.18329793719677068,-1.0142857142857142,4.616440457628852,4.217705108215681
BNB,1727190000,2024-09-24,0.31296978359532773,0.3444525130760577,4.768301366150409,4.3658630097004405
BNB,1727272800,2024-09-25,-0.7412375232981373,-0.800053477729551,4.570363149367894,4.221929545473114
BNB,1727442000,2024-09-27,0.33733044192369244,0.3526844882755954,4.528926990453682,4.346536758950112
BNB,1727492400,2024-09-28,0.7737421576514814,0.8722408082048831,4.91435918643618,4.377002200777428
BNB,1727596800,2024-09-29,0.25615576799361567,0.26306452408977987,3.2110937252068577,3.1350240117612365
BNB,1727665200,2024-09-30,-0.14070496782222694,-0.14844798727362882,4.076771857886266,3.813446616185209
BNB,1727740800,2024-10-01,1.0548777922594426,1.147672487106176,4.245699670606042,3.9107534914218895
BNB,1727794800,2024-10-01,-1.0142857142857142,-1.0142857142857142,4.6115628075416675,4.197067638891026
BNB,1727899200,2024-10-02,0.5931818620350238,0.5895058182868067,5.744124921228816,5.778288376707951
BNB,1727960400,2024-10-03,0.4886925396117325,0.49841118513209093,5.081682835562792,4.987966130606078
BNB,1728032400,2024-10-04,-0.2036350692201766,-0.20337093892606983,4.0801488626578495,4.086314159785377
BNB,1728108000,2024-10-05,-0.3613487092142513,-0.3569924457645907,3.2625853652539463,3.305861162581169
BNB,1728180000,2024-10-06,0.3289912641934058,0.33604431898306114,3.0364305552100075,2.9776944440723194
BNB,1728226800,2024-10-06,-0.4681212163106004,-0.518064480736646,2.6650645822257526,2.3931464731662
BNB,1728345600,2024-10-08,0.31056836269659954,0.3193091311212492,4.296584755491815,4.18862973668349
BNB,1728406800,2024-10-08,0.15810595704942837,0.16411996333705017,5.0507303802298305,4.893094255632123
BNB,1728504000,2024-10-09,-0.20250068760185547,-0.2024786675586874,4.106759945207142,4.107279940992305
BNB,1728554400,2024-10-10,-1.0142857142857142,-1.0142857142857142,3.372439992508234,3.308781530393479
BNB,1728586800,2024-10-10,0.28983217775512804,0.32756676112398275,4.038001643724059,3.6101556163182154
BNB,1728882000,2024-10-14,-0.31265930691253024,-0.38016914421843706,3.1177475465912017,2.5191127424828257
BNB,1728918000,2024-10-14,-0.19117565948819706,-0.19950004148436273,4.0413638282218285,3.844545661161967
BNB,1728997200,2024-10-15,0.07879657167756049,0.0897931359928769,4.257719768298805,3.8621597504756378
BNB,1729080000,2024-10-16,-0.18913440130688336,-0.19385395206080588,4.448632845522593,4.321604602870492
BNB,1729393200,2024-10-20,0.3903976320383668,0.4286182766050292,1.7730596664488176,1.6248334869448857
BNB,1729436400,2024-10-20,-1.0142857142857142,-1.0142857142857142,1.8229318340692906,1.7323881289976977
BNB,1729472400,2024-10-21,-1.0142857142857142,-1.0142857142857142,2.044128193236312,1.7013688234852589
BNB,1729530000,2024-10-21,0.3860928677410527,0.39592779520664034,3.9963480624675674,3.903759451888146
BNB,1729591200,2024-10-22,0.13231394717610825,0.14529864235317258,3.5517744777826485,3.2865263606890065
BNB,1729663200,2024-10-23,-0.32035205910090925,-0.330922297434238,3.2313904495517662,3.1184204841326766
BNB,1729702800,2024-10-23,0.7880399601135235,0.8177990566224508,3.5687546789896674,3.4432742696811856
BNB,1729800000,2024-10-24,0.2495241153481679,0.24895485351772978,3.0821883913057593,3.088510575252356
BNB,1729900800,2024-10-26,0.5489379586220025,0.6661687929448439,4.9473531002291775,4.112534107939109
BNB,1730037600,2024-10-27,-0.4039564561473765,-0.421666227550743,2.2072575294809145,2.1078158009794463
BNB,1730120400,2024-10-28,-0.6497139090383921,-0.6683994976528981,2.3919057743359433,2.3220523723617887
BNB,1730170800,2024-10-29,0.1658385786956344,0.18434704919553227,3.3801904870058457,3.0863589860062923
BNB,1730221200,2024-10-29,0.788343885761953,0.7874608306340017,3.0428053460384805,3.0460980649645175
BNB,1730340000,2024-10-31,-1.0142857142857142,-1.0142857142857142,3.316848006591186,3.2950670840212757
BNB,1730365200,2024-10-31,-0.42314926123364,-0.452196945646839,3.3308655618544263,3.102470605073992
BNB,1730476800,2024-11-01,0.17857580270387505,0.21830319024567127,4.689556145394682,3.93490661811735
BNB,1730552400,2024-11-02,0.19816985135232235,0.21994892665076723,2.898205643735686,2.6442214624845812
BNB,1730602800,2024-11-03,-0.16101222466959803,-0.18289068843816744,3.2359472398048372,2.777173950559052
BNB,1730646000,2024-11-03,0.488989925040762,0.5067647960892109,3.422644598684507,3.309001875506394
BNB,1730757600,2024-11-04,0.9874448464790667,1.0886078097299543,3.858205912897593,3.5088371369666405
BNB,1730818800,2024-11-05,0.10710279973980387,0.129559484721873,3.348356721392944,2.8728456999616343
BNB,1730865600,2024-11-06,-0.30985003779333303,-0.3353584379474862,5.180425419386542,4.7496889131855085
BNB,1730930400,2024-11-06,-1.0142857142857142,-1.0142857142857142,4.446338800466772,4.564518708194988
BNB,1731085200,2024-11-08,2.059535348599597,2.198182528299866,4.813656409394109,4.5139376716552
BNB,1731124800,2024-11-09,0.4998368002411197,0.5146597240414283,6.569595971716103,6.390334123386574
BNB,1731236400,2024-11-10,0.37483510060048025,0.37827967365174525,6.161809752600822,6.109641272031652
BNB,1731369600,2024-11-12,-0.07227186694269283,-0.07909279618090873,9.93778850903357,8.596079932805383
BNB,1731420000,2024-11-12,0.4892806366865231,0.4969737502344995,12.76150443713995,12.57469708615071
BNB,1731470400,2024-11-13,-0.04686685314052412,-0.047240174702144935,10.619360788919481,10.407003926528672
BNB,1731510000,2024-11-13,0.36547349226729964,0.40125557222244906,10.383152668786932,9.518779797155158
BNB,1731574800,2024-11-14,0.031653559633478205,0.04431099054562727,12.097493918846,9.996531912603388
BNB,1731686400,2024-11-15,0.49240996240410095,0.4836858918247115,7.962993497336474,8.098608381746969
BNB,1731740400,2024-11-16,0.14006581710460841,0.13928379477846559,5.269129159512176,5.293677556397725
BNB,1731823200,2024-11-17,0.28615925300602824,0.30320028429464846,7.471240362213963,7.087489620845803
BNB,1731956400,2024-11-18,0.48532784935326795,0.5198031603075801,6.438171001003602,6.03341492415773
BNB,1732028400,2024-11-19,0.1859490805064726,0.18364778273043147,4.528371555727574,4.577477060014312
BNB,1732129200,2024-11-20,-0.11262578908909278,-0.11214858634861069,4.86079991632984,4.88855375604752
BNB,1732194000,2024-11-21,-0.0443481833801188,-0.04601177249126767,5.432947824420473,4.914713041683589
BNB,1732237200,2024-11-22,0.07701448357790643,0.09462597143982927,6.223774022176796,5.334064331575014
BNB,1732327200,2024-11-23,-1.0142857142857142,-1.0142857142857142,6.469403574317659,5.642434618495938
BNB,1732359600,2024-11-23,0.23101986492665288,0.25951636264053723,7.5943555150209345,6.843152093099467
BNB,1732438800,2024-11-24,1.1940335320668651,1.2642387567346995,8.786858788180044,8.30969407957851
BNB,1732550400,2024-11-25,0.0399105434061686,0.045344454366049745,10.471994839422214,9.702148288608539
BNB,1732622400,2024-11-26,-0.06742827864427034,-0.06843117052382601,9.117715759809867,8.88830927979524
BNB,1732953600,2024-11-30,0.9613949437479381,1.179288553480791,5.512452755700644,4.51802604460069
BNB,1733022000,2024-12-01,0.5081895966103008,0.5301543452255938,5.413422639489292,5.200608996373079
BNB,1733126400,2024-12-02,-0.17511647980387388,-0.18005055236179143,5.985482619618433,5.7905197442044685
BNB,1733238000,2024-12-03,3.437032342338294,3.764113005144846,8.79253099480261,8.034264148248965
BNB,1733518800,2024-12-06,-0.29505951836070965,-0.30216719587730434,11.085995312667569,10.797994952103533
BNB,1733551200,2024-12-07,0.011911111760652997,0.01226356337939111,9.386762710116686,9.305744457048734
BNB,1733785200,2024-12-09,0.03511671134758345,0.05689064955603709,13.009823016107452,9.695194017346486
BNB,1733943600,2024-12-11,-0.4745913717794315,-0.47018267508253403,8.641509809098975,8.727779794414284
BNB,1734123600,2024-12-13,-0.08384415398226942,-0.08480154960304567,7.753759659684549,7.621741171967983
BNB,1734249600,2024-12-15,0.8080862668656259,0.8615351904170325,5.245360740127937,4.930388489368546
BNB,1734346800,2024-12-16,1.1574416653220512,1.1463135352446687,4.972240936888427,5.019336393572151
BNB,1734447600,2024-12-17,0.6843519813903001,0.7750740053563514,5.779021901133999,5.126638970451999
BNB,1734498000,2024-12-18,0.40227792221785524,0.4099591499900674,7.314455889640791,7.18633711192085
BNB,1734555600,2024-12-18,0.18569955128581367,-1.0142857142857142,8.46724888034066,7.16472956344379
BNB,1734631200,2024-12-19,0.24038626381629813,0.2921780861073825,9.81567017683282,8.230721728896885
BNB,1734685200,2024-12-20,0.7140324225691423,0.8219827638068287,12.004093031020778,10.480561725714681
BNB,1734897600,2024-12-22,0.48436808985807733,0.5206629120968332,7.525253682575249,7.0279655043118066
BNB,1734991200,2024-12-23,0.1795914332153489,0.17368299749600577,7.384328039827631,7.6000455813528305
BNB,1735056000,2024-12-24,-0.04730963680460141,-0.04725800552453952,6.0990737675419515,6.115925595814409
BNB,1735099200,2024-12-25,-0.1192657965525168,-0.11906679841973652,5.229494673633858,5.240994263913391
BNB,1735196400,2024-12-26,1.1415865679206183,1.2537367785971871,5.269129727949685,4.8082935531765845
BNB,1735398000,2024-12-28,-0.09348877250206866,-0.10650125333185215,5.853597467050279,4.876181887592604
BNB,1735567200,2024-12-30,0.7979524565970479,0.8893425339393269,5.0123864744848765,4.513339280214482
BNB,1735653600,2024-12-31,0.543677709640963,0.5652381087345635,5.557020164213436,5.3552524845375515
BNB,1735779600,2025-01-02,1.2123097356129617,1.3826011965305318,3.6126401723598343,3.1766894163875157
BNB,1735812000,2025-01-02,0.5932071179199881,0.6310350481653033,3.947202308820073,3.720833255652387
BNB,1735894800,2025-01-03,1.0876592569737498,1.1103737908844042,3.5655712134952813,3.494461306841071
BNB,1735952400,2025-01-04,-0.010025876193432271,-0.009265754041738763,3.697459486448292,3.5518794469443122
BNB,1736071200,2025-01-05,-0.28427797623496914,-0.3054082428409635,2.916289365790991,2.6936962400826103
BNB,1736175600,2025-01-06,-1.0142857142857142,-1.0142857142857142,3.651462731301134,3.1754214029396803
BNB,1736182800,2025-01-06,0.23976488576799068,-1.0142857142857142,4.280342865254545,3.8442153933510546
BNB,1736265600,2025-01-07,0.12882226311314962,0.16700440772025563,5.500311203381558,4.426488988257059
BNB,1736319600,2025-01-08,0.4531771456262575,0.48806917212982587,6.411168800478931,5.9781817851311505
BNB,1736359200,2025-01-08,0.6541163396886872,0.7280094835394915,7.600211501950463,6.857920079023576
BNB,1736632800,2025-01-11,0.6966905657386859,0.6966290639408446,2.7930793307888933,2.7933162023880334
BNB,1736740800,2025-01-13,-1.0142857142857142,-1.0142857142857142,3.296904155662508,3.0551275522519274
BNB,1736776800,2025-01-13,0.7374712630455581,0.7823221801567646,4.386178520817976,4.143576868573208
BNB,1736902800,2025-01-15,0.7601108199369331,0.7703214802981938,3.387205146915677,3.3439132351399565
BNB,1736953200,2025-01-15,-0.8186876336554442,-0.8805562893436126,4.248922924933379,3.9403785345436395
BNB,1737032400,2025-01-16,0.1430406914922392,0.15115550783138829,4.744919612808397,4.530682659947507
BNB,1737082800,2025-01-17,-0.45609796641366124,-0.4524317961289885,4.8785609806610895,4.9207579791734775
BNB,1737180000,2025-01-18,0.08968775468178596,0.1004892792005875,5.411841874720696,4.9589066343146
BNB,1737291600,2025-01-19,-0.4958322259076249,-0.5604028387573466,5.429821786049312,4.770577308053106
BNB,1737327600,2025-01-19,0.6770582272456452,0.7299200339343992,7.025133958411628,6.535528878289446
BNB,1737360000,2025-01-20,0.5332706538328573,0.5591287299034456,8.51789930941948,8.14312233322098
BNB,1737396000,2025-01-20,0.22624911487092286,0.2568549937838471,8.734438187939247,7.7978565100884225
BNB,1737763200,2025-01-25,0.24595731374691251,0.2379902044356364,3.6634207304531903,3.7729146327957426
BNB,1737946800,2025-01-27,-1.0142857142857142,-1.0142857142857142,3.4920958961014064,3.173795580416899
BNB,1737964800,2025-01-27,1.3088377344209021,1.486732769970102,5.007549703157871,4.419668911093084
BNB,1738180800,2025-01-29,1.0754353957601654,1.2270304219197887,4.642828443399877,4.082276785199872
BNB,1738245600,2025-01-30,0.057083918963207046,0.05499185345799048,3.33562695077192,3.4191367162159136
BNB,1738324800,2025-01-31,0.4945198739852989,0.5149497159839472,2.8347960205213263,2.7282418682537335
BNB,1738443600,2025-02-01,-0.16412968611281054,-0.16894509399467808,3.0982988983301527,2.9920141982017014
BNB,1738522800,2025-02-02,-1.0142857142857142,-1.0142857142857142,6.981311681190145,6.576027964358619
BNB,1738548000,2025-02-03,0.849907150496436,1.24100461360527,15.419515749703734,10.669478499680947
BNB,1738706400,2025-02-04,0.20792867911732515,0.2147025389688779,9.845963502206615,9.571806848530203
BNB,1739052000,2025-02-08,0.10232932893551369,0.1098232060121086,7.0718787526129745,6.688946348967822
BNB,1739098800,2025-02-09,0.5839213836916817,0.7106162295379349,7.552275215479937,6.257834847439932
BNB,1739318400,2025-02-12,0.09513292057914996,0.09577034239488492,6.975156078036062,6.9393988532696005
BNB,1739358000,2025-02-12,-1.0142857142857142,-1.0142857142857142,6.758396325420905,6.665965273530203
BNB,1739390400,2025-02-12,-0.38235738792769947,-0.3886657138606704,10.466376759537352,10.283021125655608
BNB,1739455200,2025-02-13,1.3656497787909347,1.5923471620487437,12.50467689217587,10.755805883881708
BNB,1739574000,2025-02-14,-0.0553750532682003,-0.056055148762776986,8.421035895994407,8.212654041840132
BNB,1739696400,2025-02-16,1.232775566241678,1.2071683242099884,4.831569535858535,4.9316902693861175
BNB,1739732400,2025-02-16,-0.07877001895634929,-0.08703155951304203,6.147013814637169,5.278322569609254
BNB,1739815200,2025-02-17,-0.02642182529836558,-0.026394759997075086,6.645744572833898,6.563109539974965
BNB,1739862000,2025-02-18,-0.21182102388992574,-0.22247446220272155,5.955967157971835,5.628733862431204
BNB,1740034800,2025-02-20,-0.03496491943194349,-0.034723763987639066,5.362596902650487,5.572796664392833
BNB,1740150000,2025-02-21,0.8904436959520016,0.9288909226072543,3.59390945232801,3.449594794814787
BNB,1740243600,2025-02-22,-1.0142857142857142,-1.0142857142857142,3.9550856990815637,3.9493230605493785
BNB,1740409200,2025-02-24,-1.0142857142857142,-1.0142857142857142,5.259616690717901,4.9195872053885035
BNB,1740459600,2025-02-25,0.3199584804107487,0.31899239927836187,8.320663235097891,8.343791176259268
BNB,1740711600,2025-02-28,-1.0142857142857142,-1.0142857142857142,7.424618279628261,6.642665839599663
BNB,1740733200,2025-02-28,0.7904309054695401,0.8099658142082424,8.665595398398272,8.463718121351988
BNB,1740837600,2025-03-01,-0.4545276325329409,-0.4623430478919165,4.909961521813002,4.82149702349092
BNB,1740934800,2025-03-02,0.8344251832480865,1.04125615344949,5.661336578614619,4.566824007738822
BNB,1740985200,2025-03-03,-0.45549184862736225,-0.49021732530661327,6.471597546201132,5.984797357447377
BNB,1741053600,2025-03-04,0.31653532870921725,0.35045754394621725,9.156586862859541,8.337093544617971
BNB,1741240800,2025-03-06,0.5086051414086302,0.5308627135838222,4.877353455861381,4.683303721696873
BNB,1741309200,2025-03-07,0.568002216448887,0.7392510537390462,5.929096745503044,4.606719572080201
BNB,1741518000,2025-03-09,-1.0142857142857142,-1.0142857142857142,3.329594710955775,2.9634096887216015
BNB,1741543200,2025-03-09,0.12140543530117921,0.13470608015605628,4.915043814818248,4.514662569804267
BNB,1741618800,2025-03-10,-1.0142857142857142,-1.0142857142857142,6.711524987334514,5.99625767866794
BNB,1741791600,2025-03-12,0.11543288374671899,0.14090872483734898,7.003758514836764,5.950970708285742
BNB,1741874400,2025-03-13,1.2836343923517726,1.7917806396862033,7.736155723106384,5.576629240268408
BNB,1741968000,2025-03-14,-0.28588844828237214,-0.28638789195562725,4.896683481782211,4.88719759576546
BNB,1742061600,2025-03-15,0.1316701565989892,0.14481054197740312,4.261422789414795,3.938455311677469
BNB,1742187600,2025-03-17,-1.0142857142857142,-1.0142857142857142,5.765937118486898,5.279470742985888
BNB,1742205600,2025-03-17,0.29257108820545397,0.31116536653626464,6.4679783853908,6.11397672272855
BNB,1742371200,2025-03-19,-0.29496058378852136,-0.30048531354359337,5.877545144201896,5.758125539909729
BNB,1742569200,2025-03-21,0.1262115665256333,0.12690864029205243,4.762427918393685,4.741076219808588
BNB,1742655600,2025-03-22,0.15711823286890308,0.15807450569193907,3.2158110069837016,3.199334930597836
BNB,1742698800,2025-03-23,-0.2297170900542315,-0.22563867068516938,2.9687086101723716,3.030147734031788
BNB,1742814000,2025-03-24,-1.0142857142857142,-1.0142857142857142,2.8701392841695905,2.93168845987494
BNB,1742882400,2025-03-25,0.6802770094727797,0.6892279630295299,3.7001663572736763,3.654025307833193
BNB,1742997600,2025-03-26,-1.0142857142857142,-1.0142857142857142,2.6630474438556058,2.4925126318444897
BNB,1743015600,2025-03-26,0.8148671950011207,0.832626404544079,2.9335693731991848,2.87307470959912
BNB,1743058800,2025-03-27,-0.28148077844784886,-0.3162265218427092,3.4004278624740096,2.9896915442027785
BNB,1743231600,2025-03-29,-0.0044471046647443025,-0.004447977896095404,4.382062109727498,4.38222073355269
BNB,1743375600,2025-03-30,-0.09245342145886959,-0.09817902229644851,4.383081794165855,4.0225496244863095
BNB,1743411600,2025-03-31,0.6853330794800255,0.6994092941956943,4.914622878832681,4.819593869512119
BNB,1743444000,2025-03-31,-0.10750650120722059,-0.10765787752480309,5.610397609950682,5.5996589645622725
BNB,1743501600,2025-04-01,0.33939720888173647,0.3634148634183257,3.9910233620340354,3.746486697575118
BNB,1743634800,2025-04-02,0.5795320348130086,0.6662497838831829,5.990521946023116,5.2428697880249
BNB,1743685200,2025-04-03,0.3178877882999471,0.3326773587446676,6.226253342666026,5.971349753640339
BNB,1743804000,2025-04-04,0.3597277752745451,0.3456538721263743,4.304486218034021,4.466369773267404
BNB,1743930000,2025-04-06,-1.0142857142857142,-1.0142857142857142,2.230547164715584,2.162896946616782
BNB,1743984000,2025-04-07,-1.0142857142857142,-1.0142857142857142,5.601963198244165,5.059806521186017
BNB,1744218000,2025-04-09,-0.6659251404922842,-0.6683244262631728,5.854564744249752,5.832608186115119
BNB,1744412400,2025-04-11,-0.26309775996555357,-0.2605032528175208,3.557322153663258,3.5971161654835115
BNB,1744473600,2025-04-12,0.28598214713018655,0.2857521462462296,2.8066987980915696,2.808752551790923
BNB,1744552800,2025-04-13,-0.17424310343870797,-0.19039805401243615,2.9028096453369523,2.6130257719013366
BNB,1744743600,2025-04-15,0.03742436313597287,0.03729257378965814,2.5975682235708875,2.6027657792301886
BNB,1744894800,2025-04-17,-0.5164664544902621,-0.5181621598825378,2.6410833480925313,2.6319359133304188
BNB,1745002800,2025-04-18,-0.07812650064293487,-0.07710257187714188,2.190924642683098,2.2371496151971804
BNB,1745168400,2025-04-20,1.8320961889714604,1.8427695066071588,1.9271116732011495,1.9161202634473877
BNB,1745200800,2025-04-21,-0.3747068244830077,-1.0142857142857142,2.3359975261760937,2.2241511820357958
BNB,1745330400,2025-04-22,-0.5604172409621122,-0.5666584933772377,2.7720171522244064,2.7398646254724333
BNB,1745366400,2025-04-23,0.2576115484309063,0.281544916664845,3.4443498213601065,3.1785305768493473
BNB,1745485200,2025-04-24,0.10149408097704028,0.1239622640164547,4.195687908414684,3.5776639013696587
BNB,1745686800,2025-04-26,0.5141496251937919,0.5224189069709194,3.3218853964656745,3.272030426963032
BNB,1745733600,2025-04-27,0.1930094915566353,0.19779539340028385,2.8238635589774397,2.764160755821856
BNB,1745834400,2025-04-28,0.40898572337417816,0.40265697008638923,2.644552493308752,2.6833642235632724
BNB,1745910000,2025-04-29,0.8431336033904965,0.8416867129148412,2.504123600094671,2.5082869539481036
BNB,1745971200,2025-04-30,0.3340298953772507,0.33993963980959174,2.474185277022871,2.4345072214092447
BNB,1746021600,2025-04-30,0.6801515967471882,0.8203847425403894,2.729254793741334,2.2784282394137505
BNB,1746097200,2025-05-01,0.46560163016763834,0.47678328651290897,2.353137473386934,2.301071125185931
BNB,1746349200,2025-05-04,-1.0142857142857142,-1.0142857142857142,1.68079962728287,1.6570149832277057
BNB,1746381600,2025-05-04,0.1394420081126593,0.14823516697140432,2.1256803276657097,2.019963429793841
BNB,1746558000,2025-05-06,-0.213315439454941,-0.21361369548234108,2.350743129418832,2.346954139374129
BNB,1746622800,2025-05-07,0.7245429652669566,0.7287755717877359,2.405250233229903,2.391807943478354
BNB,1746676800,2025-05-08,-0.2678024508420959,-0.2775141953414893,3.045472203630427,2.926662373140457
BNB,1746723600,2025-05-08,-0.5212252951168025,-0.5576482413028871,3.39850314385288,3.164541847226174
BNB,1746799200,2025-05-09,-0.091707474946329,-0.09384804941683103,4.977912497394996,4.814674997194609
BNB,1746846000,2025-05-10,0.4386244267754292,0.6023965378360503,6.305095073087287,4.668563924863237
BNB,1746982800,2025-05-11,0.11968563002117695,0.11753561203994613,5.106959927104747,5.18211069072819
BNB,1747040400,2025-05-12,-1.0142857142857142,-1.0142857142857142,5.786674229128859,5.206418400600307
BNB,1747051200,2025-05-12,0.993718614621574,1.124604461322853,6.802654257068552,6.030550738381515
BNB,1747105200,2025-05-13,0.1972452397511963,0.20293552272954413,7.351095967939593,7.1704110423964815
BNB,1747443600,2025-05-17,-0.08702058003260914,-0.08940097456358588,3.910603026002783,3.7575724895414604
BNB,1747602000,2025-05-18,0.21685165402743592,0.22894687221948992,4.0978797717985325,3.9054089850138025
BNB,1747810800,2025-05-21,-0.7217972282274568,-0.7743984382912924,3.4744399729013677,3.229396893893783
BNB,1747846800,2025-05-21,-0.29121593886463754,-0.3150437046031519,4.819115710057081,4.418278456984541
BNB,1747969200,2025-05-23,1.2916112513334397,1.2921350370472051,3.89989317913367,3.898346500605485
BNB,1748278800,2025-05-26,0.7296066891842203,0.7755726096488915,3.206935830100238,3.0236232016464077
BNB,1748329200,2025-05-27,-1.0142857142857142,-1.0142857142857142,3.357793360469752,3.113008234352043
BNB,1748358000,2025-05-27,0.41738313601403904,0.48476815158795433,3.9017427742159803,3.389569141463359
BNB,1748480400,2025-05-29,0.05398052521912081,0.056462925897755395,3.53024438607439,3.427186261926266
BNB,1748530800,2025-05-29,-0.43553370877034775,-0.4539698177176138,3.524370154365805,3.371629397009329
BNB,1748566800,2025-05-30,0.13905517810784887,0.16380484659602584,4.789556734231942,4.173368790711326
BNB,1748628000,2025-05-30,-1.0142857142857142,-1.0142857142857142,4.3735698789855,4.0046137158305415
BNB,1748653200,2025-05-31,0.11699868696585813,0.12322192438855678,4.455388567753894,4.272726149888814
BNB,1748822400,2025-06-02,0.515484832351536,0.5211658471725777,2.935620765457852,2.905283901262299
BNB,1748901600,2025-06-02,-0.2977344546082554,-0.30130187306937933,2.9827913390573384,2.9437752882155945
BNB,1749009600,2025-06-04,0.06763680710499524,0.06906206978512998,3.118236166485512,3.072715871599779
BNB,1749124800,2025-06-05,-1.0142857142857142,-1.0142857142857142,2.6876996435004377,2.719830385308165
BNB,1749157200,2025-06-05,0.2578847183530106,0.3454759356668181,4.727724396303389,3.6206262729421193
BNB,1749315600,2025-06-07,0.1035534338152189,0.10546076198944913,2.4219514345724824,2.387486160308827
BNB,1749402000,2025-06-08,0.44626308785509045,0.44970340744453413,1.8472601017802215,1.8339724173017784
BNB,1749470400,2025-06-09,-0.739303341285661,-0.740328037650839,2.1105004195908124,2.1074619903285687
BNB,1749585600,2025-06-10,-0.14118176464981816,-0.1391801035757517,3.3998401584611178,3.4613663244965864
BNB,1749733200,2025-06-12,-1.0142857142857142,-1.0142857142857142,2.9745692353968285,2.934151484273508
BNB,1749776400,2025-06-13,0.5316514790252932,0.6300580361328731,4.2585089851978815,3.6222404455977206
BNB,1749934800,2025-06-14,1.129153458430923,1.1221976907963556,2.7023444547971422,2.718678643627691
BNB,1750042800,2025-06-16,-0.3262188411664428,-0.3255081391163474,2.3325776906059343,2.3381605898833144
BNB,1750086000,2025-06-16,1.1105463860255107,1.165957141881545,2.177123356531362,2.0761328454953123
BNB,1750186800,2025-06-17,0.4211237182879261,0.45645154987379744,2.9226148502259774,2.7097390694741343
BNB,1750255200,2025-06-18,0.4951616517792594,0.5204882248332094,3.2131961985870743,3.064980521555312
BNB,1750413600,2025-06-20,0.6558928344303243,0.6827178499389399,1.9660840725453916,1.8919366935104167
BNB,1750514400,2025-06-21,-1.0142857142857142,-1.0142857142857142,2.3892039716660953,2.2929888925634883
BNB,1750543200,2025-06-21,0.7625560244863564,0.9618180815033063,3.141989670699412,2.5098350299839898
BNB,1750784400,2025-06-24,-0.22856112881117174,-0.23440287943732133,3.2287377046930272,3.137102143515571
BNB,1750827600,2025-06-25,0.29792623978937666,0.33911586948226374,3.3953425583007673,3.0149842935546696
BNB,1751151600,2025-06-28,-0.20955758816477899,-0.20597920182104734,1.3418547771984755,1.3689205292906652
BNB,1751184000,2025-06-29,0.24775920576990784,0.2524628957957071,1.1580330236015308,1.1386509484939498
BNB,1751238000,2025-06-29,-0.07863136805991681,-0.09460430246258915,1.6551586698623288,1.2547862598517376
BNB,1751306400,2025-06-30,-0.004374415945607339,-0.003210959749389317,2.3615666126447943,2.2532255828482417
BNB,1751374800,2025-07-01,-1.0142857142857142,-1.0142857142857142,1.9238776810770306,1.9341759642367964
BNB,1751497200,2025-07-02,-0.3944242165483507,-0.40870877649366694,2.1632432427397132,2.0819542614119966
BNB,1751583600,2025-07-03,1.0190875591718367,0.999224567121712,2.3371836229323306,2.3823515939271256
BNB,1751616000,2025-07-04,-0.5878290435574841,-0.602219600825392,2.360271840076668,2.3010619816210274
BNB,1751767200,2025-07-06,0.378652921073636,0.37465194142618186,1.389195626949469,1.4029799059455879
BNB,1751839200,2025-07-06,0.49481721832405395,0.5431762198692096,1.9051671507540509,1.7440261623505162
BNB,1751896800,2025-07-07,-0.060746784278176306,-0.06181191789711081,1.687183034756277,1.6331201912759918
BNB,1752087600,2025-07-09,-1.0142857142857142,-1.0142857142857142,1.8369714233513366,1.7275076866860555
BNB,1752170400,2025-07-10,-1.0142857142857142,-1.0142857142857142,2.489701534211874,2.35275549838202
BNB,1752199200,2025-07-11,0.13003498634218344,0.13336877432144958,3.4947244384006715,3.4227801644314964
BNB,1752256800,2025-07-11,0.12085578503491126,0.11859204163829196,3.862367792411248,3.921780699519803
BNB,1752336000,2025-07-12,0.29396728614721823,0.30794230140253703,3.747058487616525,3.591447602048567
BNB,1752465600,2025-07-14,-0.6195145999443616,-1.0142857142857142,3.0556479424562206,2.777620861106702
BNB,1752552000,2025-07-15,0.09171761470688737,0.09946961435460916,4.465434610698777,4.195083426906374
BNB,1752692400,2025-07-16,-0.15675557099453757,-1.0142857142857142,4.636187464780862,4.569740346687082
BNB,1752804000,2025-07-18,-0.36504017356904356,-0.36021895341560545,6.3007338170889975,6.392328726095842
BNB,1752847200,2025-07-18,1.0818598912408033,1.1898894962486264,7.5955041647347326,6.922081408175872
BNB,1752984000,2025-07-20,-0.28159111958059285,-0.2814667792353953,5.646087950204852,5.648863946374455
BNB,1753081200,2025-07-21,-0.4102099474482513,-0.40702193503526735,6.580647516450453,6.636081940792795
BNB,1753236000,2025-07-23,-0.22401569289206857,-0.2480546119579746,8.098764874779686,7.211746788224277
BNB,1753272000,2025-07-23,1.4880749574719463,1.548684320670764,7.85567804329635,7.553807123549917
BNB,1753340400,2025-07-24,0.8865364958743688,0.9097247873579973,10.368800416975827,10.112554295204742
BNB,1753488000,2025-07-26,0.045108648245097395,0.04247040466167997,6.8248726736447765,7.0783244177713
BNB,1753797600,2025-07-29,-0.31171000792459663,-0.3146771315137971,8.829598586357521,8.738029246846564
BNB,1753905600,2025-07-30,0.7453611182112542,0.8310360400997718,8.86012984677894,7.977062911915789
BNB,1754038800,2025-08-01,-0.2941460232659379,-0.3002880774917272,8.316199940404536,8.128215320435654
BNB,1754089200,2025-08-01,0.18550541831358738,0.1959273887669408,8.955395620959102,8.539656822571349
BNB,1754150400,2025-08-02,-0.09731074722571036,-0.0988139684329739,7.440116972946927,7.280895201635153
BNB,1754510400,2025-08-06,0.19573989533239777,0.20074007882327208,5.196858836311321,5.0835402852583496
BNB,1754568000,2025-08-07,-0.44385836166726916,-0.5115283663973152,4.444431400610136,3.821695354503226
BNB,1754661600,2025-08-08,-0.14498378294124295,-0.15324097836554468,4.540509737414142,4.239779717215235
BNB,1754737200,2025-08-09,0.5653825268435397,0.5772733006602377,4.844050335741447,4.748977284644632
BNB,1754881200,2025-08-11,1.131841863223151,1.3227452919152407,5.714712696174912,4.907382903572978
BNB,1754920800,2025-08-11,0.3432859664882146,0.36539629487197856,6.96119389573046,6.570516503094344
BNB,1755010800,2025-08-12,-1.0142857142857142,-1.0142857142857142,6.8301599311406065,6.9417106950745
BNB,1755154800,2025-08-14,0.5230265323238517,0.5761677843880764,7.318995252611657,6.675841041274096
BNB,1755277200,2025-08-15,0.4524334715225806,0.4674144981757845,9.24849503134374,8.96914849529326
BNB,1755385200,2025-08-16,-1.0142857142857142,-1.0142857142857142,4.615947683921994,4.711020582685224
BNB,1755417600,2025-08-17,-0.17037058194770868,-0.17513336749586178,5.1179028113695555,4.95158764301337
BNB,1755500400,2025-08-18,0.7028098164985962,0.737027946064526,6.559018144748259,6.265865694344278
BNB,1755648000,2025-08-20,0.3340486958452078,0.35420045458768856,7.2488294266628515,6.86720092102153
BNB,1755720000,2025-08-20,0.16746279230655517,0.18503338182161957,8.190989708443345,7.517219686015907
BNB,1755986400,2025-08-23,-0.24691336281626977,-0.2494131862367899,5.823107575857693,5.757192774000589
BNB,1756108800,2025-08-25,0.22524095658068885,0.23383042131480486,7.632184126798447,7.382352136552174
BNB,1756155600,2025-08-25,0.045308498427980765,0.05281510659201092,8.972087138938631,8.144555380395449
BNB,1756342800,2025-08-28,0.6100424108242297,0.6283161205760907,5.838538407028429,5.67611828449216
BNB,1756468800,2025-08-29,-0.4216004577366115,-0.44561221977209947,5.604820456993052,5.282114338300214
BNB,1756562400,2025-08-30,0.5581698283702459,0.5525461587336353,4.587079124889499,4.631469826804076
BNB,1756659600,2025-08-31,0.25246266257283434,0.27686753423660043,2.9381285464418734,2.703369203860478
BNB,1756702800,2025-09-01,0.10220667787938842,0.11003846386862234,4.150978765404618,3.9164386704357392
BNB,1756908000,2025-09-03,0.07542719418409033,0.08182865790564751,3.324219845939132,3.131467526395985
BNB,1757131200,2025-09-06,-0.39134508892738923,-0.4042920541216601,3.1975860619587273,3.0874003744170913
BNB,1757163600,2025-09-06,0.4492218717032459,0.4618940081112661,3.0915939095288434,3.0117165179541394
BNB,1757214000,2025-09-07,-0.8525122871555352,-0.8986172205637051,2.996054149825189,2.8372890844271224
BNB,1757289600,2025-09-08,0.9993512709134617,1.1479746295262387,3.1186336164389985,2.724682356165075
BNB,1757401200,2025-09-09,0.7250487753802093,0.7685103186855443,3.6282011813754047,3.430370503019663
BNB,1757433600,2025-09-09,0.3688517396230133,0.3724416646989881,3.8965303296403166,3.8616480473049544
BNB,1757487600,2025-09-10,-1.0142857142857142,-1.0142857142857142,3.542473491222896,3.4211252982400415
BNB,1757512800,2025-09-10,0.5067942739069217,0.6688399640946453,4.541621848715404,3.4863619909242822
BNB,1757638800,2025-09-12,-0.047395037668750944,-0.04847990377297862,4.4017670803068585,4.161903009561233
BNB,1757779200,2025-09-13,-0.26358603770745503,-0.3109542340278238,4.47388600774195,3.7234157006451762
BNB,1757833200,2025-09-14,0.9625563123958968,0.9718561246392132,5.638598535358399,5.586183038078273
BNB,1757941200,2025-09-15,-0.023123431170612503,-0.022566877085501896,5.768830106975808,5.234124730589339
BNB,1758038400,2025-09-16,-1.0142857142857142,-1.0142857142857142,5.471343436425038,4.909908316150043
BNB,1758128400,2025-09-17,2.11330420472124,2.145854841680274,5.53320108189922,5.450370395891467
BNB,1758297600,2025-09-19,0.2780743380028418,0.2914603051193759,6.652627306060916,6.374367868065604
BNB,1758358800,2025-09-20,-1.0142857142857142,-1.0142857142857142,5.9342594811185,5.636125595050687
BNB,1758596400,2025-09-23,0.9455415742745834,0.98441198674223,10.808367610134239,10.393626657067639
BNB,1758708000,2025-09-24,0.2759013713535416,0.2782206459351824,11.035468524045244,10.952043025894879
BNB,1758776400,2025-09-25,-0.07119708566230397,-0.07280113036823187,9.786191829338216,9.43128350851808
BNB,1758823200,2025-09-25,-0.43632873242175524,-0.49654067114316397,11.94688243577528,10.409719546219536
BNB,1759111200,2025-09-29,-0.4278015700833374,-0.43916496561002344,5.596485540456352,5.441599812799148
BNB,1759186800,2025-09-29,0.5342025996890002,0.5309255822589871,7.2954935365537965,7.338223808596395
BNB,1759312800,2025-10-01,0.5587919053667124,0.5733958044500967,7.739186331629311,7.551431434062329
BNB,1759370400,2025-10-02,-0.3394940965352304,-0.36510455073115966,7.213552995493624,6.664595533608526
BNB,1759438800,2025-10-02,-0.3801562947478412,-1.0142857142857142,8.73595216094258,8.410256173322777
BNB,1759730400,2025-10-06,-1.0142857142857142,-1.0142857142857142,10.607699867149467,10.096753703084042
BNB,1759813200,2025-10-07,-1.0142857142857142,-1.0142857142857142,12.14808813766965,11.08101799441347
BNB,1759978800,2025-10-09,0.21855146728062194,0.2595281106676671,19.550712024357015,16.769997564692186
BNB,1760043600,2025-10-09,0.22311650825575294,0.2344311757746522,20.637801635492007,19.749940222837544
BNB,1760112000,2025-10-10,-1.0142857142857142,-1.0142857142857142,16.851946414698862,15.345173061983386
BNB,1760133600,2025-10-10,1.4582520770385898,3.105520927888552,43.80959986936595,20.78341524393256
BNB,1760259600,2025-10-12,-1.0142857142857142,-1.0142857142857142,23.89321728713176,23.37731092460344
BNB,1760284800,2025-10-12,-0.36345888946939525,-0.3858455829802495,29.246498773120003,27.413921755667698
BNB,1760317200,2025-10-13,-0.3806147838640599,-0.3780653409754426,26.392853129425298,26.585380293227235
BNB,1760630400,2025-10-16,0.08517328229689726,0.09991444613804858,17.306927184072133,15.32130619823152
BNB,1760896800,2025-10-19,0.4267571355543408,0.4277541515572889,13.321620393748976,13.292514270191202
BNB,1760940000,2025-10-20,0.6077519113194916,0.6031563476018708,12.347720670578868,12.437545337546469
BNB,1761022800,2025-10-21,0.06526111238733766,0.07164974222560032,10.931328036454715,10.234507116182
BNB,1761091200,2025-10-22,0.14049611618271504,0.14586357183510468,13.299840793460598,12.890597777572959
BNB,1761184800,2025-10-23,-1.0142857142857142,-1.0142857142857142,10.207985649579772,10.514753776470522
BNB,1761210000,2025-10-23,-1.0142857142857142,-1.0142857142857142,10.372516522441108,10.084248562628895
BNB,1761235200,2025-10-23,0.09556914597722617,0.15266275153072945,15.35126039687644,10.51520350432847
BNB,1761433200,2025-10-25,-0.07911493887420869,-0.07900025363177855,5.935480108186523,5.948978578047025
BNB,1761526800,2025-10-27,-0.5270116343433433,-0.5369489827604738,6.953119442575809,6.817205553543176
BNB,1761631200,2025-10-28,0.11239524043670364,0.12294899320354433,11.167786863112477,10.38992431412113
BNB,1761685200,2025-10-28,0.6955863202169599,0.9221763605940498,13.49350826912717,10.277624289829264
BNB,1761832800,2025-10-30,-0.3204977387289651,-0.3444671293089255,12.43953848993226,11.495656835311662
BNB,1762012800,2025-11-01,0.10105267092257561,0.11032268312028484,6.237817132212881,5.8214953731523265
BNB,1762081200,2025-11-02,-0.2133740805369864,-0.22090807963665585,4.8700599825140785,4.679295365784382
BNB,1762135200,2025-11-03,-1.0142857142857142,-1.0142857142857142,5.226980625745917,5.025979135418668
BNB,1762142400,2025-11-03,-1.0142857142857142,-1.0142857142857142,7.45377411097479,6.177910581049777
BNB,1762160400,2025-11-03,-1.0142857142857142,-1.0142857142857142,9.117513203178296,8.771168064961243
BNB,1762236000,2025-11-04,0.006046706388229184,0.011751302333773245,15.2686281103077,13.108522580331368
BNB,1762434000,2025-11-06,0.24305555275879573,0.24844884284371843,9.887509232557296,9.695009942754012
BNB,1762488000,2025-11-07,0.926683136027155,0.9831300790136012,10.815366871102082,10.211933553494543
BNB,1762545600,2025-11-07,-0.43202562496502195,-0.4386982054425192,12.513369482086777,12.309782519170378
BNB,1762657200,2025-11-09,0.19773374593874787,0.20464005585895442,8.787123108764863,8.526901809439078
BNB,1762722000,2025-11-09,-0.06747607616966651,-0.06787653305357037,8.812755391020904,8.722967344176356
BNB,1762848000,2025-11-11,-0.048105005742607246,-0.04870991982210161,9.507438606191917,9.22185696051437
BNB,1763071200,2025-11-13,-0.08492363465556911,-0.0893412151344097,9.886797622633578,9.168089747451543
BNB,1763276400,2025-11-16,0.8443697657750571,0.83017019985266,7.069695658077746,7.186595324083721
BNB,1763316000,2025-11-16,0.27067921748938684,0.2880564199720497,8.602439955175795,8.13031995172778
BNB,1763388000,2025-11-17,-0.05415293091949346,-0.05971969701634098,9.493466785209892,7.796810384072195
BNB,1763438400,2025-11-18,0.6287717403469117,0.6607112610088892,12.830871473365008,12.236323125162311
BNB,1763485200,2025-11-18,0.08671235397085365,0.09010726774027691,11.524356672493155,11.19469180114647
BNB,1763571600,2025-11-19,0.6437658905685009,0.6705781564993494,10.203211698519851,9.811920290713688
BNB,1763661600,2025-11-20,-0.45597456669803893,-0.469000416880405,9.512598114124952,9.231259507519171
BNB,1763694000,2025-11-21,-1.0142857142857142,-1.0142857142857142,10.273263469225638,9.833514505319917
BNB,1763712000,2025-11-21,0.3193585221397408,0.40799233081271585,12.925426074848266,10.301228080605828
BNB,1763863200,2025-11-23,2.814161695087586e-05,-7.09836956613843e-05,9.091045714582378,9.122664615704103
BNB,1763935200,2025-11-23,0.011992841588189331,0.012285295336556876,6.550451534534268,6.503563191036898
BNB,1763996400,2025-11-24,1.0164397492424553,1.072227245756789,7.885083121539126,7.485474130888287
BNB,1764316800,2025-11-28,0.010835245222193157,0.012347658004371823,5.7278187673592225,5.516112518694546
BNB,1764421200,2025-11-29,-0.0739793173046271,-0.07318724797850643,4.719129654867094,4.80290885908764
BNB,1764550800,2025-12-01,-0.49905686637453345,-0.7153939436820927,8.404693103255111,5.757361803505502
BNB,1764604800,2025-12-01,0.37659410655750175,0.41469822051858274,8.835894688971509,8.076348126584708
BNB,1764741600,2025-12-03,0.13358333090404614,0.13480203414457723,7.347478268800054,7.292668904861593
BNB,1764795600,2025-12-03,0.062767336311402,0.06187747582686359,7.820181444341071,7.89711847852115
BNB,1764943200,2025-12-05,-0.21168605238271276,-0.21912420262792956,6.3816390206809235,6.132534329964071
BNB,1765080000,2025-12-07,0.2804737418779069,0.2747713317373694,4.53932718255223,4.624660042748551
BNB,1765119600,2025-12-07,0.7996751655201613,0.9556435557211834,5.643591833193626,4.749252743439291
BNB,1765159200,2025-12-08,-0.09854718603716156,-0.10274386758866152,8.043602002204237,7.5884944639122605
BNB,1765299600,2025-12-09,0.9582372675594405,1.098095270406703,7.3802117587858,6.464074201769317
BNB,1765414800,2025-12-11,-0.5616507617156252,-0.5919535747108386,7.985946166836853,7.556403564285838
BNB,1765465200,2025-12-11,1.0438510642016996,1.0825050920886254,6.513957262916245,6.287338590832876
BNB,1765645200,2025-12-13,-0.02343131290950706,-0.023023102720561944,4.446814889109549,4.119646803656434
BNB,1765756800,2025-12-15,0.9662270913870104,1.0389211694500797,5.3679211346465445,5.002376606542432
BNB,1765810800,2025-12-15,-1.0142857142857142,-1.0142857142857142,5.716769691159401,4.5403673597101255
BNB,1765990800,2025-12-17,-0.011902982938326617,-0.010316197177630505,8.399103496609339,7.669034534810058
BNB,1766080800,2025-12-18,-0.1417626542284928,-0.162877953451906,8.68315664179592,7.318014845010993
BNB,1766160000,2025-12-19,-0.06137094859260015,-0.06288711309987567,6.7074152261372975,6.411062551224785
BNB,1766286000,2025-12-21,0.5421532792972207,0.5908118536560417,2.9486320105918082,2.7169883190988764
BNB,1766325600,2025-12-21,0.6759337077887083,0.8231643100471554,4.031198430536633,3.3343675405779183
BNB,1766365200,2025-12-22,-0.020929759256256817,-0.020256406588742976,4.486678613225421,4.123346198858143
BNB,1766505600,2025-12-23,0.043943227874237524,0.05392119781055743,4.649306411531515,4.086945366264706
BNB,1766545200,2025-12-24,-0.042160101111320375,-0.04262989199777293,5.256478969444076,5.080823505555161
BNB,1766671200,2025-12-25,0.14417677670052403,0.14687172970943982,3.1424763111287333,3.0942052581386372
BNB,1766718000,2025-12-26,0.314685862047644,0.3729038279145735,4.519725039577683,3.864319273391353
BNB,1766764800,2025-12-26,0.49693310634531673,0.5356358292133341,4.762769827007702,4.436059813700603
BNB,1766876400,2025-12-27,-0.07922215364125575,-0.08315136635207945,2.8204362851709806,2.617392922491831
BNB,1766977200,2025-12-29,1.1522919615156215,1.2240107445075339,4.34548874535803,4.096680187308644
BNB,1767193200,2025-12-31,0.8601803247803462,1.0461620530587388,3.8127310756823056,3.1529411584270997
BNB,1767272400,2026-01-01,0.3446926301769717,0.3622850198767827,3.444516704944615,3.28947952840189
BNB,1767366000,2026-01-02,-1.0142857142857142,-1.0142857142857142,3.9585277590087484,3.283029894317113
BNB,1767549600,2026-01-04,-0.46994671884050837,-0.5143402514839415,3.793338121091987,3.446671822714442
BNB,1767646800,2026-01-05,0.46878192366757565,0.47152176519944217,5.377033656748309,5.347574707267411
BNB,1767711600,2026-01-06,-0.09517494398140301,-0.0998340263883553,4.6758578659340015,4.370154624852003
BNB,1767848400,2026-01-08,-0.3680759045807506,-0.36649170659861696,5.537482221437175,5.563442392316963
BNB,1768017600,2026-01-10,0.3029763323318525,0.32958401168613444,4.619028544353021,4.275876893918634
BNB,1768118400,2026-01-11,0.5286441313686344,0.5261060293241616,4.189196932219227,4.208365927005326
BNB,1768230000,2026-01-12,0.519553314996946,0.5522364484809226,4.654831954526207,4.392895951028227
BNB,1768284000,2026-01-13,-0.006831035965216721,-0.00720830032560898,4.205470116598734,4.27973704864479
BNB,1768323600,2026-01-13,-1.0142857142857142,-1.0142857142857142,4.592178275336434,4.402345834977694
BNB,1768334400,2026-01-13,-0.1894665238947162,-0.19181357861267673,5.771284865493491,5.688306778223766
BNB,1768507200,2026-01-15,-0.02476722616704775,-0.02473125729614534,6.0083929369326,5.9521154705427985
BNB,1768579200,2026-01-16,0.6772011952628935,0.7407323139422936,4.865994511983112,4.46414793598182
BNB,1768665600,2026-01-17,0.580341289560224,0.7593315579908939,4.26990588729632,3.2998986478575754
BNB,1768791600,2026-01-19,0.1764206414366474,0.26685978743919997,6.327770908853919,4.390676363381144
BNB,1768870800,2026-01-20,1.0483209041729786,1.1069036095397733,4.489107747629491,4.257500651293299
BNB,1768924800,2026-01-20,-1.0142857142857142,-1.0142857142857142,5.394353266470236,5.124688133121794
BNB,1768957200,2026-01-21,0.13980899628251303,0.1607290105749605,7.058845644334227,6.278756847744549
BNB,1769000400,2026-01-21,1.025988257369855,1.0405581127242882,6.082430231116283,5.999540248894452
BNB,1769050800,2026-01-22,3.193911674071469e-05,-0.0007356729714176809,7.591513681542012,7.8008608878144745
BNB,1769187600,2026-01-23,0.42040282244883104,0.43802554201972127,4.600963821466583,4.427191807733242
BNB,1769313600,2026-01-25,-0.2737963776402888,-0.2895044821342525,2.4234308806762144,2.2775409484205436
BNB,1769367600,2026-01-25,0.2567505863281022,0.2852952073192319,3.6750456460243646,3.34081838802624
BNB,1769533200,2026-01-27,-0.5556982786373715,-0.6224615714167755,4.460840063704631,3.95936622245114
BNB,1769590800,2026-01-28,0.005237338915999539,0.00485554349470701,4.309955569023994,4.359182920487372
BNB,1769655600,2026-01-29,-0.19443965702889374,-0.20259877909840726,4.995359486725753,4.761156370320044
BNB,1769706000,2026-01-29,-1.0142857142857142,-1.0142857142857142,6.495068331130816,5.366227433525489
BNB,1769738400,2026-01-30,-0.27857160136209713,-0.3370017976162061,8.05713728835014,6.5307632336078445
BNB,1769868000,2026-01-31,-1.0142857142857142,-1.0142857142857142,6.307688706145898,6.3659724527725094
BNB,1769875200,2026-01-31,-1.0142857142857142,-1.0142857142857142,8.305711180299266,7.779996655706903
BNB,1769958000,2026-02-01,0.22077282432259557,0.2458245834326001,9.785667693079057,8.892257515623601
BNB,1770004800,2026-02-02,0.751658425546709,0.8377972830248519,13.347714983370638,12.020616135937617
BNB,1770044400,2026-02-02,-0.10804685248962632,-0.10880920511833533,11.971355728883642,11.857613861874698
BNB,1770105600,2026-02-03,0.5953838492576558,0.5859096193025608,8.191979061724801,8.318285143395935
BNB,1770148800,2026-02-03,-0.16100701099850034,-0.16719154427140598,8.974713644091779,8.574307001329611
BNB,1770217200,2026-02-04,-1.0142857142857142,-1.0142857142857142,8.821565013720425,8.41937770708354
BNB,1770292800,2026-02-05,-1.0142857142857142,-1.0142857142857142,10.194577327597313,9.674160198950958
BNB,1770318000,2026-02-05,-1.0142857142857142,-1.0142857142857142,14.16460527446801,13.148805680196318
BNB,1770339600,2026-02-06,0.7472579487662345,0.8535601539183751,19.687686700780734,17.315201062379245
BNB,1770624000,2026-02-09,0.11086286632486095,0.1102258007239075,6.721035580521341,6.751884471330671
BNB,1770735600,2026-02-10,0.14505803472168108,0.16141192010479535,6.318874897924011,5.774942197764312
BNB,1770966000,2026-02-13,0.44434004131108906,0.45595235541251755,5.878478694311644,5.73759244002793
BNB,1771012800,2026-02-13,0.1385531574302679,0.13438086767051152,6.3254777913533475,6.487437621457458
BNB,1771131600,2026-02-15,1.1572656861854975,1.177840355447838,4.739268091766535,4.658442560363964
BNB,1771257600,2026-02-16,0.7713348539925613,0.8300871468226128,6.361459510307478,5.9261871649465165
BNB,1771297200,2026-02-17,0.6315910387553934,0.6807173580840779,5.583041248374452,5.196352113634025
BNB,1771423200,2026-02-18,-0.30397405920282,-0.3210497061684011,4.678863907789169,4.405699593003719
BNB,1771509600,2026-02-19,0.29837103598803744,0.33175360192656944,4.63165810022914,4.202554877169841
BNB,1771585200,2026-02-20,-1.0142857142857142,-1.0142857142857142,3.787617762834337,3.810511436898516
BNB,1771668000,2026-02-21,0.0680513681903095,0.06706452923172783,3.4301281119594442,3.4655225821101685
BNB,1771812000,2026-02-23,1.189764024167163,1.7132989621282284,4.758248513668366,3.3281137839505464
BNB,1771941600,2026-02-24,0.10990114195461848,0.11319606570088925,5.1376858877244915,5.01827710985714
BNB,1772056800,2026-02-25,0.38875303615804385,0.42169452985371325,5.607147909521438,5.196928517946168
BNB,1772193600,2026-02-27,-0.21342720429134943,-0.21721020257941015,4.806836167876804,4.710438950021177
BNB,1772312400,2026-02-28,-0.6069272710571824,-0.6201010601648548,6.002236540930379,5.868562428694253
BNB,1772481600,2026-03-02,-0.061185466881238694,-0.06599297605793963,6.0447239090779075,5.2681642097762005
BNB,1772611200,2026-03-04,-1.0142857142857142,-1.0142857142857142,5.438231716512339,5.326557233167136
BNB,1772809200,2026-03-06,0.03515087162745694,0.039894856180259404,4.976952435065869,4.632102622378626
BNB,1772859600,2026-03-07,0.11703150568397314,0.11498119533509697,3.8068306598372965,3.8612022490555487
BNB,1772910000,2026-03-07,-0.4062936994815247,-0.40914162915795677,3.0256546433004488,3.0030126927850946
BNB,1773010800,2026-03-08,0.7843858792323605,0.8866111178796585,3.8905574899149906,3.455984989139224
BNB,1773208800,2026-03-11,0.6061601436911749,0.6352445136009685,4.5553564652875655,4.355768501078919
BNB,1773252000,2026-03-11,0.44738587257347767,0.46176635571391594,5.516701349886206,5.354909146031298
BNB,1773320400,2026-03-12,0.2852331877177189,0.29973778261610234,4.033446992213787,3.8552506069994608
BNB,1773370800,2026-03-13,-0.5551466575040784,-0.6406524098140737,4.850751751963562,4.173117271345377
BNB,1773410400,2026-03-13,0.8872938381252927,0.931999892999793,4.404889955960768,4.199881491034669
BNB,1773612000,2026-03-15,-1.0142857142857142,-1.0142857142857142,3.3661143449666326,3.1342769868871434
BNB,1773644400,2026-03-16,0.36429522603412806,0.41811115043665154,5.330780023538504,4.68853233304147
BNB,1773745200,2026-03-17,0.08122556690791813,0.08244465649677968,4.944189415085335,4.889896293168824
BNB,1773838800,2026-03-18,-0.29677729074895315,-0.3080365648652877,4.4954807323199635,4.314363865575344
BNB,1773907200,2026-03-19,-0.41008400397333516,-0.43594058014427384,4.246255836503905,3.9767370546965135
BNB,1774105200,2026-03-21,1.632390872853828,1.7410277234192482,2.3858802451185217,2.2394094947430263
BNB,1774144800,2026-03-22,-0.4026611877672646,-0.5762743724273539,2.8335445543300892,1.9353556738939426
BNB,1774216800,2026-03-22,-0.014976116094825817,-0.013790303412321108,3.1523470262903954,2.8994506436973446
BNB,1774267200,2026-03-23,0.4027850027481258,0.5522030061077113,5.5770914979869275,4.142252382447459
BNB,1774400400,2026-03-25,-0.6784877452867213,-0.6789302801511562,4.163173344206982,4.160340524530592
BNB,1774440000,2026-03-25,0.2763319182531882,0.27879421414048966,3.785743011045604,3.7554155503568083
BNB,1774497600,2026-03-26,-1.0142857142857142,-1.0142857142857142,3.389228932289577,3.4560926963118535
BNB,1774540800,2026-03-26,0.14373040577479498,0.1480232268603507,3.548590029517284,3.4623277240955397
BNB,1774602000,2026-03-27,-1.0142857142857142,-1.0142857142857142,3.5984077512551065,3.008285270582424
BNB,1774609200,2026-03-27,0.12751701436190524,0.15516546693516156,4.228371989602617,3.592092911879741
BNB,1774796400,2026-03-29,-1.0142857142857142,-1.0142857142857142,2.291168756045985,2.2035663526649016
BNB,1774825200,2026-03-29,1.1187301383457107,1.5816555291057748,3.075539622989358,2.1913503632193048
BNB,1774980000,2026-03-31,0.2621584752005301,0.26717856749104624,4.972705824056706,4.888298579753381
BNB,1775026800,2026-04-01,0.4547852620392129,0.46265976328496494,3.88946721234974,3.827118536376648
BNB,1775098800,2026-04-02,-1.0142857142857142,-1.0142857142857142,4.430888906752999,4.155572668810923
BNB,1775138400,2026-04-02,0.36562800729321976,0.37892506983856133,4.493736952066171,4.34710133299434
BNB,1775286000,2026-04-04,-0.13521327809810432,-0.13695055766690892,2.143355817495236,2.1089985726871747
BNB,1775372400,2026-04-05,0.6926942858143054,0.7737416517525815,1.9885677160007909,1.7876883095393201
BNB,1775566800,2026-04-07,1.1938045429899957,1.3030724395896727,3.65798140298592,3.3578261262925335
BNB,1775606400,2026-04-08,0.5436621893179974,0.5772677458235139,4.543598835716067,4.291567976924991
BNB,1775811600,2026-04-10,0.8269107775227771,0.8358449777595686,3.0325419930476114,3.0011990694358848
BNB,1775937600,2026-04-11,1.8241403123559143,1.9613157704216826,2.3995714970150113,2.234153919862315
BNB,1776006000,2026-04-12,0.16712525497179198,0.17029628322348486,2.8907709393518237,2.84467639622504
BNB,1776121200,2026-04-13,0.018361497429887443,0.02438366398862654,3.4699976484013595,3.07538208289377
BNB,1776182400,2026-04-14,0.6184438152914653,0.6707877342914922,3.5327054615712434,3.268298189384414
BNB,1776240000,2026-04-15,0.7207219754375075,0.7296430112710931,3.347916070193411,3.3085249986698266
BNB,1776283200,2026-04-15,0.15032617342494595,0.1600112652867518,3.226107285409998,3.0604232304415366
BNB,1776358800,2026-04-16,-0.3068467070392661,-0.3086492914334773,3.737306474819408,3.7132531267285964
BNB,1776477600,2026-04-18,0.8838752678267633,0.8846238076842725,3.651093904530675,3.6481011279561164
BNB,1776643200,2026-04-20,0.4656274781981128,0.4904907421515222,3.364752774802426,3.203579911325687
BNB,1776826800,2026-04-22,-0.19510150402420923,-0.21455188869203815,3.5514820360256465,3.180057577258389
BNB,1776866400,2026-04-22,1.038264043811978,1.2594198907175045,3.428028924621745,2.8394157649772604
BNB,1777039200,2026-04-24,0.40300912486168733,0.4055452795047583,2.8532994863481127,2.8366302160671943
BNB,1777129200,2026-04-25,-0.39741753933326057,-0.3984092662049206,1.9133027707860857,1.9081722146927063
BNB,1777255200,2026-04-27,1.1693812046354835,1.2272213744582336,2.551973068383302,2.4344325351820233
BNB,1777298400,2026-04-27,-0.05244260734661057,-0.052594769240053525,2.6331813543481064,2.6165029969902664
BNB,1777482000,2026-04-29,0.06425164413729154,0.07400373316429582,2.616344576517364,2.3676018516340824
BNB,1777849200,2026-05-03,-1.0142857142857142,-1.0142857142857142,1.6261030803788452,1.5111879327156792
BNB,1777874400,2026-05-04,0.19000573599697795,0.25358744470368105,3.163315677526519,2.4504938065670245
BNB,1778054400,2026-05-06,-1.0142857142857142,-1.0142857142857142,2.883041399026642,2.740198429721007
BNB,1778072400,2026-05-06,0.40920879032507557,0.4907557892660531,4.320498025690184,3.642074796897122
BNB,1778166000,2026-05-07,-0.3523474848505835,-0.36772540700510153,4.076891957884339,3.89203749310621
BNB,1778295600,2026-05-09,0.284012414942782,0.2906830485636205,3.153439648807428,3.0875503910233846
BNB,1778425200,2026-05-10,-1.0142857142857142,-1.0142857142857142,2.1607001499292386,2.134600161462257
BNB,1778454000,2026-05-10,0.8834697885565805,1.093961436772416,4.276122533454119,3.4742858052582783
BNB,1778547600,2026-05-12,0.3341393608067339,0.3709507399515637,3.7810525950434775,3.4326720254314327
BNB,1778652000,2026-05-13,0.2576016154759343,0.3081667630675585,4.362994539642175,3.7078402734608042
BNB,1778763600,2026-05-14,-0.2585945827584636,-0.27309146589116834,4.484020641634663,4.218176075606564
BNB,1778832000,2026-05-15,0.7289834980383638,0.7644624544948025,4.963336476243033,4.741285435954034
BNB,1778907600,2026-05-16,-0.8035979329717649,-0.8113338148960694,4.2357998393838425,4.193938288567217
BNB,1778983200,2026-05-17,0.3397802884048924,0.34552704756178565,3.350834697928222,3.2993604439227022
BNB,1779062400,2026-05-18,-0.3974917158426001,-0.5014030068161475,3.5857533144682017,2.79773433865806
BNB,1779289200,2026-05-20,-0.24769884366193148,-0.2805741767547618,3.0119462675513047,2.619019057362943
BNB,1779386400,2026-05-21,-0.24182409283834666,-0.26816442715156386,3.6308372368870887,3.231670870493784
BNB,1779523200,2026-05-23,0.7416006583237351,0.9215185110739713,3.9545892892491588,3.2057115422683204
BNB,1779699600,2026-05-25,-1.0142857142857142,-1.0142857142857142,2.910002041406905,2.989232967668975
BNB,1779728400,2026-05-25,0.5661268428178108,0.6673957394861041,3.1228321091374043,2.668434579071053
BNB,1779858000,2026-05-27,-0.12132548321369405,-0.12265699831359014,3.141949670583681,3.097484260628577
BNB,1779919200,2026-05-27,-1.0142857142857142,-1.0142857142857142,3.4908200181794227,3.1908830965009174
BNB,1779944400,2026-05-28,-0.19530587643782352,-0.198656767203734,3.8213030678182442,3.746018688419651
BNB,1780070400,2026-05-29,-0.37238444987201236,-0.4140084679250679,3.573370851179361,3.1874763012700873
BNB,1780113600,2026-05-30,-1.0142857142857142,-1.0142857142857142,3.928581209739893,3.924625918181422
BNB,1780128000,2026-05-30,-1.0142857142857142,-1.0142857142857142,4.44684162670193,4.232752521063616
BNB,1780408800,2026-06-02,-1.0142857142857142,-1.0142857142857142,7.01939665311486,7.15550408796985
BNB,1780459200,2026-06-03,0.12234922578522152,0.13345376511972704,8.651660644332049,8.058711463126821
BNB,1780506000,2026-06-03,-1.0142857142857142,-1.0142857142857142,7.888133045210297,7.448758664072625
BNB,1780542000,2026-06-04,-0.5250866361870453,-0.5736541082039366,8.608569584025165,7.841536475104021
BNB,1780642800,2026-06-05,-0.31212166690729454,-0.34413480315789535,8.443955922370586,7.58733714716832
BNB,1780678800,2026-06-05,0.15550422117916365,0.16356856959263066,9.840674602441467,9.427649571860039
BNB,1780812000,2026-06-07,-0.40701971972753287,-0.40750669504618064,5.26208895102955,5.255326562647205
BNB,1780873200,2026-06-07,0.6326556064065428,0.7471939755273164,6.0320755467966425,5.141465973473307
BNB,1781024400,2026-06-09,-0.10703994123264629,-0.11522439095097137,4.879118131244398,4.418281064417044
BNB,1781071200,2026-06-10,0.5834757498759825,0.5724211080859819,4.27137940724992,4.3499470539614515
BNB,1781172000,2026-06-11,-0.4355348043143633,-0.44520129252507684,4.317692848736244,4.217515375562108
BNB,1781258400,2026-06-12,0.07934759970980612,0.07839239818679279,3.891806724811061,3.9265610882580613
BNB,1781431200,2026-06-14,1.0188422522365919,1.0609512700705652,2.1631513195115213,2.0795475748585615
BNB,1781474400,2026-06-14,-0.3888648691371109,-0.49209390726833957,3.2116678430950576,2.4964115233331396
BNB,1781618400,2026-06-16,0.19626376725406397,0.23971690428454423,4.269794132877395,3.578239835406426
BNB,1781690400,2026-06-17,0.4890873092174035,0.47554962293031044,3.5489459039949156,3.644249435071443
BNB,1781726400,2026-06-17,-0.4786001145696016,-0.533065554073243,5.1425293237754035,4.587339271758125
BNB,1781812800,2026-06-18,-0.5030013796536204,-0.6107145270893733,4.859967800209207,3.9607345540714562
BNB,1781845200,2026-06-19,0.42125137615297836,0.4534511678374061,4.319161061759598,4.030634989587264
BNB,1781935200,2026-06-20,-0.31927281537071195,-0.324556034302992,2.7028226262187056,2.6545782128509106
BNB,1782007200,2026-06-21,-0.11836445391669936,-0.12046669308645166,2.4818981429821747,2.4251210770577245
BNB,1782072000,2026-06-21,0.13470841106650205,0.1293379470363555,2.204803733261112,2.2797886358196666
BNB,1782205200,2026-06-23,0.19329661160502012,0.22414497288967133,4.198119615100055,3.6856672778000665
BNB,1782309600,2026-06-24,-1.0142857142857142,-1.0142857142857142,3.6767033706053747,3.2918343991134758
BNB,1782320400,2026-06-24,0.5680861972610194,0.6473946247210921,4.6688656360131215,4.121086069552595
BNB,1782396000,2026-06-25,0.6503991130999756,0.933848733285838,5.794486612925431,4.0879086600735395
BNB,1782669600,2026-06-28,0.33492169744228756,0.34291399710869297,2.680341510086677,2.622675472401041
BNB,1782824400,2026-06-30,-0.08296222748304184,-0.08408432698481376,3.151793591176031,3.0880854058818783
BNB,1782871200,2026-07-01,0.10379100385735603,0.12517865146264057,3.4753063354852594,2.9918683612918184
BNB,1782921600,2026-07-01,0.31899248824742094,0.3331249572923226,4.151343315678999,3.989138955346615
BNB,1782997200,2026-07-02,0.3638757581783863,0.3642724117202844,4.1061030014616104,4.101957078497121
BNB,1783080000,2026-07-03,-0.5971666280900146,-0.5889463801882758,3.01494932728444,3.0591761986140082
BNB,1783112400,2026-07-03,0.09760584079464417,0.10459903780585426,3.102211463246378,2.939304652726867
BNB,1783220400,2026-07-05,0.753055806037057,0.7740473281465876,3.0522404799638623,2.972412824576473
BNB,1783479600,2026-07-08,-0.18311973214605928,-0.18569571421950407,3.808333155124241,3.7458972439799516
BNB,1783659600,2026-07-10,0.13669501313634377,0.1349832364003485,2.6969436814181535,2.725170118450316
BNB,1783706400,2026-07-10,0.27291369936226895,0.26841684505228425,2.9757449838128474,3.02080229025999
BNB,1783760400,2026-07-11,-0.3267304004398584,-0.3310502092356284,2.2519146991319015,2.21975429137282
BNB,1783818000,2026-07-12,0.13116761778584932,0.1453838969997027,2.4146524879810087,2.2173180639795467
BNB,1783861200,2026-07-12,0.7520134861713105,0.7965003396656937,2.657347938845761,2.5140670110646672
BNB,1783915200,2026-07-13,0.007177432177970577,0.009292043999677995,3.1169824462296427,2.9429041728626926
BNB,1784044800,2026-07-14,0.19787072327185526,0.2008254527536947,3.0408270852680777,3.0016599379810103
BNB,1784124000,2026-07-15,0.33710673963648585,0.3529808830623707,2.7971512433183117,2.6807782620351093
BNB,1784181600,2026-07-16,0.5795859842468091,0.6290391786795151,2.583917483051721,2.3896034432864672
BNB,1784296800,2026-07-17,0.5108363812212833,0.5287469655774062,2.7225624136509685,2.635067214701042
BNB,1784509200,2026-07-20,0.9038144246691809,1.0369133197816387,2.11132700236648,1.847582925625434
BNB,1784563200,2026-07-20,0.011880328402762999,0.016380795811716874,3.0371274833756905,2.7330603667122815
BNB,1784793600,2026-07-23,-0.37723837086531076,-0.3804617909086616,1.876534982012155,1.8593453652438576
BNB,1784898000,2026-07-24,-0.019186211214526506,-1.0142857142857142,2.1310108481675196,1.9880116826419434
BNB,1785042000,2026-07-26,-0.06053183147940619,-0.0609197657743322,1.340945011880558,1.324863858948288
BNB,1785106800,2026-07-26,0.11891496252149972,0.13104689689118354,1.4335463079799649,1.3245883316707296
BNB,1785157200,2026-07-27,0.3641410731936106,0.38236318420710064,1.7824744484931287,1.703434021454134
BNB,1785362400,2026-07-29,0.7989097476765771,0.8197479676766355,2.834764527635928,2.765131029761768
BNB,1785405600,2026-07-30,-1.0142857142857142,-1.0142857142857142,2.650575382530358,2.7190811811865396
BNB,1785412800,2026-07-30,-0.6564934595164466,-1.0142857142857142,3.094105712349619,2.650575382530358
BNB,1785445200,2026-07-30,0.15108264941667238,0.14996698905634745,3.2761373143472072,3.296609415450839
BNB,1785510000,2026-07-31,0.07184819563107507,0.07388912557669135,3.4711485064765397,3.402006083897812
BNB,1785578400,2026-08-01,-1.0142857142857142,-1.0142857142857142,2.639486906268993,2.6656012836743037
BNB,1785772800,2026-08-03,0.3872503328501926,0.4087537163350017,2.6110088178222677,2.482624880731666
BNB,1785855600,2026-08-04,0.1005262833799318,0.11563788458447295,2.5230058750925335,2.2586217116381104
BNB,1785891600,2026-08-05,0.3957317726723847,0.5122469199866295,2.7810301608399306,2.1818786347506993
BNB,1786024800,2026-08-06,-0.014165306850249713,-0.014179234516339187,2.3799406217216688,2.3822437464694874
BNB,1786078800,2026-08-07,0.5846833449350087,0.6787489396886643,2.1804035042359637,1.8904345430233422
BNB,1786172400,2026-08-08,-1.0142857142857142,-1.0142857142857142,1.65331175431186,1.6404895815666234
BNB,1786201200,2026-08-08,0.5200030050118895,0.8086856412688528,2.520819524570734,1.6516517956915562
BNB,1786453200,2026-08-11,-0.058438429008194744,-0.06273056474152847,2.4872171024666025,2.1746953411178747
BNB,1786492800,2026-08-12,0.4424514952203466,0.4623478087176609,2.71142399368119,2.601533531656667
BNB,1786622400,2026-08-13,0.17071880466128775,0.17971909466237923,2.279518202757285,2.1810196029693794
BNB,1786708800,2026-08-14,0.2323175768918183,0.24058786160719636,2.015087928986468,1.9531716158315768
BNB,1786917600,2026-08-16,0.43114791434378424,0.45696893346802436,1.3362189861107765,1.2651589081192987
BNB,1787050800,2026-08-18,0.36520158423738125,0.34749290942698513,1.4439065402571953,1.5118993510462146
BNB,1787144400,2026-08-19,-1.0142857142857142,-1.0142857142857142,1.283480390944865,1.1852865748636965
BNB,1787158800,2026-08-19,-1.0142857142857142,-1.0142857142857142,2.3182967998928032,1.6158580921922552
BNB,1787176800,2026-08-19,0.1771000732149667,0.22635880011538906,3.7785636337210855,3.048453144007324
BNB,1787353200,2026-08-21,-1.0142857142857142,-1.0142857142857142,6.816356065818531,6.7091526862661075
BNB,1787522400,2026-08-23,0.07750185953602116,0.08008843617828434,5.467917610062905,5.337757426221592
BNB,1787576400,2026-08-24,0.13917926062075245,0.14235856448512604,5.773874511250286,5.666480242884918
BNB,1787626800,2026-08-25,0.9104192545464656,0.9704245202143188,6.103818359941057,5.737189003013445
BNB,1787666400,2026-08-25,0.16857491729216506,0.17303128178913996,6.043371314895885,5.909784492964802
BNB,1787788800,2026-08-27,-0.14843283168639299,-0.14771888255767648,4.815085107833619,4.84393780843621
BNB,1787882400,2026-08-28,0.8953376772400736,0.9693562544828022,3.8284532914480174,3.544488160020943
BNB,1787936400,2026-08-28,0.13459554277776567,0.14788748285955153,5.113079610335207,4.727931888053299
BNB,1788134400,2026-08-31,0.13302430571247195,0.17366372899830812,4.066585421050503,3.2493996842082384
BNB,1788289200,2026-09-01,0.8496958812373209,0.966667677124866,3.4613607566266,3.0545423532901848
BNB,1788397200,2026-09-03,-1.0142857142857142,-1.0142857142857142,3.1068129939700833,3.0957986088908584
BNB,1788447600,2026-09-03,-0.33627876980433236,-0.3733861193400988,4.856191302744096,4.333590633724413
BNB,1788483600,2026-09-04,0.5984519770783204,0.6343249142638973,4.907540658636494,4.641966863146992
BNB,1788598800,2026-09-05,-1.0142857142857142,-1.0142857142857142,5.4861858339735905,4.80820012889463
XRP,1708167600,2024-02-17,-0.2360309665561649,-0.23492501239110758,0.0044070555789677635,0.004430675238888362
XRP,1708380000,2024-02-19,-0.39638157840679134,-0.3999090810502693,0.004272390449616281,0.0042318050995867615
XRP,1708444800,2024-02-20,0.3818252573145263,0.46061244566283144,0.007240381498242204,0.006074256998106991
XRP,1708509600,2024-02-21,-0.023845928982777976,-0.02335085892766133,0.006046223904036716,0.0054728565120395435
XRP,1708635600,2024-02-22,0.6360681815627648,0.6359127645984006,0.004513724361679706,0.0045147800818089185
XRP,1708678800,2024-02-23,0.18260721587389156,0.20354364357821653,0.00446473716759427,0.004062024642024604
XRP,1708876800,2024-02-25,-0.0858734280951367,-0.08925682662775546,0.0024930568574322103,0.0023540612310808443
XRP,1708970400,2024-02-26,-0.444186199007561,-0.47980301939949793,0.0038497188112949685,0.003545851027548434
XRP,1709060400,2024-02-27,0.0157919994018048,0.01657917864786188,0.006440311282677346,0.006328027535190987
XRP,1709139600,2024-02-28,0.5741513597240657,0.6351854775810652,0.008153475876004885,0.007403743251082183
XRP,1709190000,2024-02-29,-0.031186133856942355,-0.031215407495831304,0.010927208022153164,0.010806224023857256
XRP,1709355600,2024-03-02,-0.45958379421369216,-0.4812725979476375,0.008750163271554045,0.008330945061673587
XRP,1709550000,2024-03-04,-0.18790758269993574,-0.19219410157696465,0.009324401570004057,0.009080124767696682
XRP,1709604000,2024-03-05,0.5132967592923701,0.5299835988785377,0.011020075924681386,0.010690850995810724
XRP,1709658000,2024-03-05,-1.0142857142857142,-1.0142857142857142,0.012658107855077766,0.01106257769008375
XRP,1709668800,2024-03-05,0.2616643479561098,0.36816881525724166,0.017818025859185814,0.013034797079123178
XRP,1709784000,2024-03-07,0.06802429373273745,0.07274651975904796,0.010648208885820501,0.010151917261652847
XRP,1709845200,2024-03-07,0.2558225216408031,0.25744328004589356,0.008941319395013528,0.00889065165616842
XRP,1709964000,2024-03-09,0.4695437532333329,0.46674990237711556,0.006366857882022156,0.00640277002679309
XRP,1710075600,2024-03-10,-0.39549973187114185,-0.4287200852068065,0.004905590503139046,0.004498328234149743
XRP,1710111600,2024-03-10,1.0136470431291265,-1.0142857142857142,0.005400567713396491,0.00477753446058084
XRP,1710151200,2024-03-11,-1.0142857142857142,-1.0142857142857142,0.007294302938938583,0.0072246339342415524
XRP,1710410400,2024-03-14,1.2785582233531283,1.4942301977491856,0.008939981025224858,0.007673825719472925
XRP,1710442800,2024-03-14,-1.0142857142857142,-1.0142857142857142,0.013106814360782421,0.012207338542381072
XRP,1710626400,2024-03-16,-0.03893521259881385,-0.039760403995744244,0.011027411800915793,0.010214135785601626
XRP,1710770400,2024-03-18,1.1325550766559034,1.1909946357882661,0.007578846887382933,0.007215681263335468
XRP,1710806400,2024-03-19,1.4722370985670485,1.8755589629375886,0.009137931632380901,0.007202387911794816
XRP,1710914400,2024-03-20,0.5524338267227275,0.5554147259356319,0.01209725964529004,0.012035510387235424
XRP,1710954000,2024-03-20,1.074608611714965,1.1643881165720216,0.010463257783254092,0.009675816074273643
XRP,1711018800,2024-03-21,-1.0142857142857142,-1.0142857142857142,0.008296107718781405,0.00818811600484151
XRP,1711260000,2024-03-24,0.011531174445233806,0.018823315076887257,0.0056996656420645305,0.004822716845300263
XRP,1711396800,2024-03-25,0.2694192232123712,0.3492370198097908,0.007286901647518762,0.005747432543481745
XRP,1711465200,2024-03-26,0.19870974641611683,0.21621753376958777,0.006788319107122245,0.0063028051922854956
XRP,1711544400,2024-03-27,-1.0142857142857142,-1.0142857142857142,0.0052812306735551175,0.004856709956136278
XRP,1711594800,2024-03-28,0.7107825085158292,0.7337783770420948,0.00610571674517626,0.005921541110189814
XRP,1711724400,2024-03-29,0.29983290229473053,0.3438882927702149,0.006699059035541811,0.005906678961352718
XRP,1711836000,2024-03-30,0.26619508112286183,0.27413979825820756,0.00484645094197792,0.004719254860591609
XRP,1711951200,2024-04-01,-0.10578080647446923,-0.1512818082481216,0.004810666547462285,0.0030268716664978434
XRP,1711987200,2024-04-01,0.5358449796623009,0.5598800308959987,0.006074542445179239,0.0058264303255776435
XRP,1712026800,2024-04-02,-0.2551438727346082,-0.3398308710468549,0.007692273212191401,0.005599371151590745
XRP,1712106000,2024-04-03,0.8781403872994931,1.020450925749782,0.007562648613502766,0.006536698506849139
XRP,1712181600,2024-04-03,0.16654725421622765,0.16655551641281993,0.0062965340428648865,0.006296267430777573
XRP,1712239200,2024-04-04,0.13776342639657266,0.21325999163040868,0.007729674492827515,0.005316572530737322
XRP,1712498400,2024-04-07,0.547920975780515,0.6143474908670755,0.0030727700105952073,0.0027552907806409938
XRP,1712563200,2024-04-08,-1.0142857142857142,-1.0142857142857142,0.003972995311234399,0.0036478411044062772
XRP,1712588400,2024-04-08,0.17253336716223344,0.1834105353406672,0.005398748855060457,0.005121729536218954
XRP,1712667600,2024-04-09,0.4978695469614165,0.5724182247727423,0.007272555911318061,0.006370444827573295
XRP,1712718000,2024-04-10,0.36892708521478756,0.38830606272644586,0.007978466488390974,0.007607579295190276
XRP,1712926800,2024-04-12,-1.0142857142857142,-1.0142857142857142,0.004191158451531918,0.00402893987088053
XRP,1712941200,2024-04-12,-1.0142857142857142,-1.0142857142857142,0.005060872462885335,0.0046578626523380556
XRP,1712948400,2024-04-12,0.417517130057125,0.7035997281264731,0.011464731868508275,0.0069850958583935275
XRP,1713139200,2024-04-15,-0.36768058146936244,-0.38248439703952014,0.012048375134669434,0.011544403991182468
XRP,1713340800,2024-04-17,0.8913631984122803,0.9524142136901961,0.006025272862084907,0.005650293851476052
XRP,1713373200,2024-04-17,0.7527612328554428,0.8029460737701449,0.007788890169522074,0.0073188047979468466
XRP,1713495600,2024-04-19,0.6777425250999501,0.8047972181222894,0.006472233130418232,0.005485481832758093
XRP,1713556800,2024-04-19,-0.2946017547047112,-0.2873607472208551,0.006443948474606715,0.006624252203422617
XRP,1713607200,2024-04-20,-0.331628720289456,-0.3561257531150874,0.006033748332552162,0.005582498204286942
XRP,1713693600,2024-04-21,0.34558513578814665,0.35344001069446135,0.00473445808564297,0.004637108707615506
XRP,1713762000,2024-04-22,0.08482145373495363,0.08858311516838785,0.005291337408452198,0.00512144028602544
XRP,1713801600,2024-04-22,-1.0142857142857142,-1.0142857142857142,0.005175485953843502,0.004604369488754545
XRP,1713920400,2024-04-24,0.1464650811785306,0.14683794351599994,0.005060168801237532,0.0050494125551788826
XRP,1714042800,2024-04-25,0.5596594454735253,0.5781035451853586,0.005877187019052424,0.0056985090974410735
XRP,1714147200,2024-04-26,0.16915412751259928,0.1775540814820454,0.005491016473626103,0.005267248510058874
XRP,1714183200,2024-04-27,-0.038982702986742716,-0.04018950393195589,0.0054885554700975624,0.004918444352412757
XRP,1714359600,2024-04-29,-0.2202998858264631,-0.2365050971365579,0.003278446181493616,0.003022942041608506
XRP,1714485600,2024-04-30,0.03484857383564589,0.036822241964964725,0.004955624445871038,0.004806057095553428
XRP,1714550400,2024-05-01,0.6399163959083902,0.7429198502901849,0.005556250358300785,0.004814423462785462
XRP,1714590000,2024-05-01,0.3658829248801494,0.3942254996193156,0.006518950922782046,0.006081947147611435
XRP,1714662000,2024-05-02,0.14832211486111654,0.1580143249055935,0.005491599933939882,0.005206338390396796
XRP,1714726800,2024-05-03,-0.1827886782545237,-0.19411109902436763,0.004446417551365973,0.004142295824547974
XRP,1714766400,2024-05-03,-0.028571428571427894,-0.028571428571422208,0.004184748499529533,0.0041220368456471885
XRP,1714820400,2024-05-04,0.23170966604094428,0.2540515255623814,0.003402914403112326,0.00313390781873635
XRP,1714971600,2024-05-06,-1.0142857142857142,-1.0142857142857142,0.002818763568582406,0.0026817453815502802
XRP,1714986000,2024-05-06,-1.0142857142857142,-1.0142857142857142,0.0033620576395846044,0.003005292842629573
XRP,1715011200,2024-05-06,0.5889172547467593,0.8625736113777549,0.006570392246447417,0.004552730111558761
XRP,1715119200,2024-05-07,-0.6753366504958838,-0.6928563998587678,0.005212754887154937,0.005075274493859162
XRP,1715209200,2024-05-08,-0.12279474612407364,-0.12139414190255082,0.0048516956207513605,0.004924902976193771
XRP,1715248800,2024-05-09,0.2353197022071213,0.2505352016975777,0.004330790275085718,0.004094697219323076
XRP,1715486400,2024-05-12,0.4188543315001179,0.40759321341353205,0.002107292934377263,0.002161700083175517
XRP,1715547600,2024-05-12,-1.0142857142857142,-1.0142857142857142,0.002056988515128161,0.002030603016291869
XRP,1715601600,2024-05-13,0.062726871884215,0.06769933996808102,0.004068296666804578,0.0038581656411741582
XRP,1715702400,2024-05-14,0.8657898163337099,0.9682608574451258,0.004408573342503628,0.00395538667654237
XRP,1715734800,2024-05-15,0.30906508389911125,0.3118053418036231,0.003892605407717578,0.0038612673621573894
XRP,1715792400,2024-05-15,-0.28792257387012293,-0.30527980986406045,0.0039659413394409395,0.0037171675963210125
XRP,1715850000,2024-05-16,0.22979015477207246,0.24885365356454509,0.0035387835236717516,0.0032956130254926524
XRP,1715932800,2024-05-17,-0.2373366351617829,-0.2477952919953949,0.0031477604332425775,0.0029975881588766226
XRP,1716134400,2024-05-19,-0.2728813173655746,-0.28144281305345437,0.002222002332924719,0.0021467717431496985
XRP,1716228000,2024-05-20,-1.0142857142857142,-1.0142857142857142,0.0035071234011066527,0.0033692098165763887
XRP,1716469200,2024-05-23,-1.0142857142857142,-1.0142857142857142,0.004394589279403076,0.003894173070126388
XRP,1716498000,2024-05-23,0.630263942271104,0.6991845049714038,0.008022814984803854,0.007263031522096464
XRP,1716613200,2024-05-25,0.18662729898855573,0.18344927285815618,0.0038502617462756682,0.0039079741882968744
XRP,1716739200,2024-05-26,-0.19385907156926724,-0.2107537797403298,0.0027657412789703884,0.002509259838891188
XRP,1716818400,2024-05-27,-0.19435453435231712,-0.20530079540806243,0.0031021599689745063,0.002910018428126388
XRP,1716872400,2024-05-28,0.3541814143300113,0.3727916162250187,0.004180243281464055,0.003986415841576672
XRP,1716973200,2024-05-29,0.31917146535002966,0.3507609069757212,0.0036973128946373272,0.003389413886532503
XRP,1717020000,2024-05-29,-0.24612652580018102,-0.25121781474656046,0.0035458997801252013,0.0034648151478271446
XRP,1717142400,2024-05-31,-0.10120001781465045,-0.10048937485119336,0.0027537365393430512,0.0027809470423694428
XRP,1717174800,2024-05-31,0.3591410734119011,0.3862802227022286,0.004053076863371698,0.0037879289297849095
XRP,1717354800,2024-06-02,0.5275835952532416,0.5817429691606771,0.002414537467669164,0.002200271119028331
XRP,1717398000,2024-06-03,-0.12913702589208645,-0.1343663159957725,0.002556966437766773,0.0024305792406719108
XRP,1717491600,2024-06-04,-0.5030358277861264,-0.5519147758377645,0.0025291676298287665,0.0022929497552002065
XRP,1717578000,2024-06-05,0.21527590120687937,0.2503469075795961,0.002694894620089882,0.0023560403600967963
XRP,1717653600,2024-06-06,0.42611269161859916,0.42515354538594136,0.0022621670361866525,0.002266949115893319
XRP,1717711200,2024-06-06,0.12923637887622894,0.13924519236467503,0.0025347288354710174,0.0023835541305072447
XRP,1717786800,2024-06-07,1.2635156330485524,3.0149379047683267,0.007451952515103282,0.003163641170111223
XRP,1718038800,2024-06-10,1.424590240115051,1.612441726662709,0.002732957149233335,0.002420107699174363
XRP,1718071200,2024-06-11,-0.3049001393741361,-1.0142857142857142,0.0035154818643588514,0.002708980469309531
XRP,1718380800,2024-06-14,-0.0015678801975719543,-1.0142857142857142,0.003174186019095676,0.0029798926359491905
XRP,1718481600,2024-06-15,0.6847184154927345,1.0269443390645305,0.0036050261935276643,0.002436182054568255
XRP,1718611200,2024-06-17,-1.0142857142857142,-1.0142857142857142,0.004391219027872062,0.003382851260785301
XRP,1718676000,2024-06-18,0.40872085765493754,0.5418491909317593,0.009147199998696953,0.0070123692293659464
XRP,1718820000,2024-06-19,0.27384181892499526,0.2741311783779736,0.004345992528985519,0.00434183810813825
XRP,1718870400,2024-06-20,0.5746650837814221,0.6353158236150386,0.00393117545584083,0.0035720351062901285
XRP,1718931600,2024-06-21,-0.002663179115634507,-0.0028476213247305253,0.0033083781233667763,0.003332099517471913
XRP,1719176400,2024-06-23,-1.0142857142857142,-1.0142857142857142,0.0022203577468227096,0.0017450006504244593
XRP,1719208800,2024-06-24,0.9841525356727063,1.1175821597359321,0.003103369974268249,0.0027420907415196508
XRP,1719262800,2024-06-24,0.7734732598429898,0.8027054231448981,0.004666644137069816,0.0045025398399213415
XRP,1719327600,2024-06-25,0.2761942657018494,0.2861848772672866,0.003468706868939524,0.0033586073973194863
XRP,1719385200,2024-06-26,-0.4031538857631387,-0.3913874653649057,0.0025933637648476613,0.002677468669835943
XRP,1719540000,2024-06-28,-0.4212476123204357,-0.4355761052393116,0.0024011060050940195,0.002316575697793559
XRP,1719572400,2024-06-28,0.64041634815224,0.6817280727438412,0.0027333405664402032,0.0025743667638586823
XRP,1719781200,2024-06-30,-0.5974084112237484,-0.595809365493866,0.0015570617113965881,0.0015614510738117102
XRP,1719820800,2024-07-01,0.3026908228139993,0.3369365847985332,0.001983754123491335,0.0017978890560675905
XRP,1719918000,2024-07-02,0.18815823468633341,0.22399502090161572,0.0026365960378434534,0.002262488040754488
XRP,1720011600,2024-07-03,-1.0142857142857142,-1.0142857142857142,0.0033263234681516355,0.0029206560426248383
XRP,1720036800,2024-07-03,-1.0142857142857142,-1.0142857142857142,0.0039654714597933466,0.0037628154182389887
XRP,1720062000,2024-07-04,-0.48486383903177716,-0.6186945373619153,0.004508387187653221,0.0034859554328573127
XRP,1720101600,2024-07-04,-0.06117261976315929,-0.06311385046316505,0.0052583529976065035,0.00496284168973008
XRP,1720144800,2024-07-05,-1.0142857142857142,-1.0142857142857142,0.0064395683462789635,0.0059964582190696536
XRP,1720587600,2024-07-10,0.28206458591179556,0.294629388520384,0.0035871105162724247,0.0034476574790626097
XRP,1720663200,2024-07-11,-0.29099143662624793,-0.3112568078339049,0.0031574247509295605,0.0029310728086933734
XRP,1720699200,2024-07-11,0.17016911153500217,0.19394799842361318,0.003306536536485856,0.002953193193138613
XRP,1720767600,2024-07-12,-1.0142857142857142,-1.0142857142857142,0.004302121742258614,0.004171515722432353
XRP,1720882800,2024-07-13,-1.0142857142857142,-1.0142857142857142,0.006948276006325845,0.007013528006812449
XRP,1720904400,2024-07-13,0.27399605313716396,0.31272597660786294,0.007837684863016853,0.006948276006325845
XRP,1721041200,2024-07-15,-0.05096124960577831,-0.0510206705592953,0.00638045041262027,0.006363561982821825
XRP,1721109600,2024-07-16,-1.0142857142857142,-1.0142857142857142,0.0069513735018033205,0.00612455607886512
XRP,1721203200,2024-07-17,0.08279627122611695,0.08894124521683673,0.010775117041848612,0.010211664506606198
XRP,1721451600,2024-07-20,-0.14686882809590024,-0.15110220168787775,0.009177837298863827,0.008860747860314884
XRP,1721541600,2024-07-21,0.7843713070664285,0.8288034845975918,0.007169719554721393,0.006798159520469192
XRP,1721649600,2024-07-22,-0.32544100411381494,-0.3453095382837411,0.008758054762768223,0.00820867435990424
XRP,1721754000,2024-07-23,0.3786732170649035,0.41211523804254624,0.008910053127651762,0.008233903368240356
XRP,1721815200,2024-07-24,0.1380352080124402,0.1470077195500052,0.008231536267393608,0.007810885211039268
XRP,1721941200,2024-07-25,0.27783552226054614,0.28860331941730677,0.011655834052495328,0.011260128979610358
XRP,1722088800,2024-07-27,0.2523169426303854,0.2681648211070322,0.004780750221561524,0.004525423315527795
XRP,1722157200,2024-07-28,0.26230298640860367,0.26594929180388144,0.005598881664044687,0.005529564868971206
XRP,1722333600,2024-07-30,-1.0142857142857142,-1.0142857142857142,0.0051664505470192445,0.004379254435251496
XRP,1722348000,2024-07-30,-0.5996331353024438,-1.0142857142857142,0.007104561222232156,0.0051664505470192445
XRP,1722387600,2024-07-31,-0.3874607425564883,-0.4007879463508097,0.00907561950222476,0.00875066715624205
XRP,1722528000,2024-08-01,0.13582108567274562,0.14092364975585203,0.009559003210416682,0.009271234226602584
XRP,1722582000,2024-08-02,-0.21134030083102232,-0.2235792494142042,0.009692178703781404,0.009083884757918438
XRP,1722715200,2024-08-03,0.3592752767339735,0.36474794840664004,0.009061017320021953,0.008934941729254407
XRP,1722776400,2024-08-04,-1.0142857142857142,-1.0142857142857142,0.007025905186430479,0.006835590200771288
XRP,1722801600,2024-08-04,-1.0142857142857142,-1.0142857142857142,0.007723867227075256,0.006902626244542585
XRP,1722841200,2024-08-05,0.9591566253683833,1.0800069415397051,0.014521058793102918,0.012938063315649295
XRP,1723006800,2024-08-07,0.3172633377440411,0.3132775473137946,0.00883989452452606,0.008942963334104983
XRP,1723042800,2024-08-07,3.7431316914881387,4.09841243911525,0.008022143284878951,0.007331538922177335
XRP,1723388400,2024-08-11,-0.5717893702022867,-0.6023922114670945,0.006732367576378871,0.006373318928408018
XRP,1723568400,2024-08-13,0.24726101970299125,0.24976868028320187,0.007250778552384899,0.007185453825645277
XRP,1723644000,2024-08-14,-0.15665313736658554,-0.16914494395540575,0.005799869082362077,0.005284474396389924
XRP,1723705200,2024-08-15,0.4113550561934357,0.40682648232208724,0.004741051875585716,0.004790363558323079
XRP,1723748400,2024-08-15,0.3650623061455474,0.4167965634906793,0.005298616713361575,0.004683125691312466
XRP,1723986000,2024-08-18,0.9800271325758831,1.385147093680129,0.0035976369274648397,0.002566685921885211
XRP,1724025600,2024-08-19,0.9763218959520361,1.1067517827684865,0.0038099282134120968,0.0033722303836745695
XRP,1724061600,2024-08-19,-1.0142857142857142,-1.0142857142857142,0.004757737238699344,0.004339101641676217
XRP,1724090400,2024-08-19,-0.2976392365663235,-0.3375805510300548,0.006902136940804618,0.006009993628558822
XRP,1724248800,2024-08-21,0.6906290787090054,0.7735749819441505,0.005204191466730609,0.004666052348786811
XRP,1724382000,2024-08-23,0.5607539925262681,0.6053901347399466,0.004072452865735371,0.0037857184707919445
XRP,1724425200,2024-08-23,1.2182300767347713,1.4781205951683378,0.004101924558576544,0.003394380293851665
XRP,1724533200,2024-08-24,0.44498032911696966,0.5509859541347226,0.004766412161916396,0.0038945977128330422
XRP,1724641200,2024-08-26,0.023777367591668125,0.024940408285632442,0.004366316808113836,0.0042714181010456735
XRP,1724677200,2024-08-26,-0.31256106104266457,-0.34344460984843167,0.004527328249718803,0.004083276576620242
XRP,1724774400,2024-08-27,1.6193194158773274,1.6798215546356088,0.005409512252777671,0.005217936272222106
XRP,1725030000,2024-08-30,0.6770461623522249,0.7171613313499771,0.004413560197966604,0.004176141751656337
XRP,1725066000,2024-08-31,-0.028571428571430083,-0.028571428571423176,0.0044580066921648814,0.004577853360792948
XRP,1725231600,2024-09-01,0.044604130493408375,0.0613641046001047,0.004294954740383596,0.0034945666434900227
XRP,1725303600,2024-09-02,-0.347058638387635,-0.33763917286614187,0.004306071104770681,0.004437307343599191
XRP,1725415200,2024-09-04,0.28216304905811884,0.3621567711035674,0.0055168828620603535,0.004387412312988073
XRP,1725552000,2024-09-05,-0.3734198895767553,-0.38650326411913544,0.0037283457260215225,0.003592064628023182
XRP,1725609600,2024-09-06,-1.0142857142857142,-1.0142857142857142,0.004048045660419673,0.003497895326605803
XRP,1725811200,2024-09-08,0.6044363634036033,0.6272804286623511,0.0027532949277279425,0.0026573945375531686
XRP,1725868800,2024-09-09,-0.4848044670061925,-0.48923495864270244,0.0027554840426635735,0.0027289828151761566
XRP,1726002000,2024-09-10,0.9643779788698479,0.9538628941840365,0.0031363991870551034,0.003169968355290109
XRP,1726146000,2024-09-12,0.8498098047406013,1.9538312177314723,0.006407891260777869,0.0028392675116069304
XRP,1726264800,2024-09-13,-0.1681170906910655,-0.16580996009682486,0.005118652227779938,0.005204702399147626
XRP,1726315200,2024-09-14,-0.2317531523944224,-0.2556965703055961,0.005062322581077575,0.004528655087314311
XRP,1726585200,2024-09-17,0.39986280127618434,0.44738383778760327,0.005134977195408752,0.004622283133517124
XRP,1726621200,2024-09-18,-0.49907717719844863,-0.5054245221217669,0.004432919877813716,0.004373913714568619
XRP,1726675200,2024-09-18,1.4997414150483683,1.6018350744467484,0.0042997928067294005,0.004030546099554745
XRP,1726758000,2024-09-19,0.16242592030182987,0.1765925070898685,0.004637311936209354,0.004317105162071618
XRP,1726855200,2024-09-20,0.3569843301520148,0.3553485830929574,0.004446271843952335,0.0044652158319486695
XRP,1726941600,2024-09-21,0.20105846542853592,0.29486412823036845,0.003857138416457424,0.0027384567561849205
XRP,1727312400,2024-09-26,0.7986295950418346,0.9374720494587608,0.003730307624905605,0.003194177442206033
XRP,1727373600,2024-09-26,0.9479052635936065,0.9825049144420173,0.003598944800713964,0.003475786708461185
XRP,1727449200,2024-09-27,0.5400121362520331,0.6091289915551719,0.0038190139598966587,0.0034050919568117876
XRP,1727514000,2024-09-28,-1.0142857142857142,-1.0142857142857142,0.004563853572454134,0.0030072269241813803
XRP,1727524800,2024-09-28,-0.31138859702181515,-0.33685760154378364,0.0063645358231347446,0.005838730886452803
XRP,1727593200,2024-09-29,-1.0142857142857142,-1.0142857142857142,0.00633844875829373,0.005818329432008632
XRP,1727625600,2024-09-29,0.4855402285284366,0.5740519026594721,0.008558452116843071,0.007301409971984843
XRP,1727794800,2024-10-01,-1.0142857142857142,-1.0142857142857142,0.007324063464725353,0.006572068346627304
XRP,1727805600,2024-10-01,0.5936005860653237,0.6925002229505074,0.01024062224198308,0.008836054722135627
XRP,1727877600,2024-10-02,-1.0142857142857142,-1.0142857142857142,0.010339505900027407,0.009857929430798749
XRP,1727942400,2024-10-03,-0.18270247792338204,-0.18695002975218677,0.011493002732911995,0.01118477217390522
XRP,1728061200,2024-10-04,-0.13508578058408774,-0.14081233378975685,0.006974244586014189,0.006618417246476814
XRP,1728151200,2024-10-05,0.33813045892473,0.3311757984215244,0.0037399004973568315,0.0038122005356150475
XRP,1728226800,2024-10-06,0.12596801011756745,0.13330028321229279,0.0029580983405981605,0.0028241059052595634
XRP,1728266400,2024-10-07,0.45492447181231266,0.45155594323592435,0.003191044932609885,0.0032134330043491056
XRP,1728313200,2024-10-07,1.061504735178048,1.101826789360753,0.004167467644858266,0.004018811309847364
XRP,1728345600,2024-10-08,-0.028571428571434833,-0.028571428571423033,0.004799822208528873,0.0047767316091849405
XRP,1728565200,2024-10-10,0.38349221718858845,0.45820868609090354,0.0036055456505367403,0.00305212608519341
XRP,1728676800,2024-10-11,0.3403177138145499,0.3387556158966451,0.0031755571981645866,0.0031890615980234003
XRP,1728741600,2024-10-12,0.2552155387967789,0.2550683599822777,0.002315620281075909,0.0023168218411586737
XRP,1728810000,2024-10-13,-1.0142857142857142,-1.0142857142857142,0.0019495883073828838,0.0018226335617969483
XRP,1728918000,2024-10-14,-0.3398543205051771,-0.35108404857031206,0.0030289398077739988,0.0029234736391412323
XRP,1729144800,2024-10-17,0.2252169053623166,0.2588379551120831,0.004165450951810983,0.003678177948104139
XRP,1729407600,2024-10-20,0.5121667057030534,0.5138741955290667,0.002113513122928841,0.0021068602862310613
XRP,1729472400,2024-10-21,-0.5249727341430227,-0.5325111152556571,0.0027627416689595496,0.002721414105033363
XRP,1729591200,2024-10-22,0.07508747804929028,0.08802920578594571,0.004134439022587474,0.003675549716632664
XRP,1729663200,2024-10-23,-0.22501009292628657,-0.22673491448278565,0.003054388513435009,0.003027803014468474
XRP,1729702800,2024-10-23,1.0272875853791614,1.1622056464864459,0.0035989653446078557,0.003191193448039228
XRP,1729807200,2024-10-24,1.1583167678276334,1.1469726944592737,0.002744270999597781,0.0027707533841822203
XRP,1729839600,2024-10-25,-0.20202320219168646,-0.20812552592415376,0.0026355617333941503,0.0025459895590398524
XRP,1729882800,2024-10-25,-1.0142857142857142,-1.0142857142857142,0.0038872634725763957,0.003363206816620739
XRP,1729900800,2024-10-26,1.070906148806328,1.503011618486841,0.005613055416871143,0.004029444295092
XRP,1730044800,2024-10-27,0.11469489302920023,0.11422563455622047,0.0021937166444590765,0.0022009256171097754
XRP,1730138400,2024-10-28,1.2554925497398262,1.340260875372177,0.0027145954910273154,0.002546487451875569
XRP,1730289600,2024-10-30,0.3455590933862641,0.35243570719607903,0.002672863990800244,0.0026246227593233334
XRP,1730340000,2024-10-31,0.09535756411473062,0.09829755192567204,0.0027665612011015736,0.0027024505242632295
XRP,1730386800,2024-10-31,-0.14772508826857453,-0.16035152975221337,0.0031172233599257035,0.0028185482337661507
XRP,1730563200,2024-11-02,0.15131896932686315,0.15820973630735533,0.003176537370002764,0.0030593479369260507
XRP,1730602800,2024-11-03,-0.010315867340882991,-0.006075782237861155,0.003130161621505964,0.0025401740539295016
XRP,1730642400,2024-11-03,0.47041499116928737,0.5214411482017045,0.003263759020571474,0.002960971252923123
XRP,1730793600,2024-11-05,0.07201642286913681,0.07595191952136511,0.003692578836401859,0.003553546439202006
XRP,1730854800,2024-11-06,-1.0142857142857142,-1.0142857142857142,0.004289304386747895,0.004034635493420815
XRP,1730865600,2024-11-06,0.2032358771605339,0.21719853766325947,0.005176713461255506,0.004882614496736699
XRP,1730930400,2024-11-06,-1.0142857142857142,-1.0142857142857142,0.004921115654608964,0.004968893781886578
XRP,1730973600,2024-11-07,-0.31745793904498887,-0.32781363550438675,0.005241801397384158,0.005060401504875242
XRP,1731196800,2024-11-10,-1.0142857142857142,-1.0142857142857142,0.00403589173117663,0.003769421864344059
XRP,1731218400,2024-11-10,-1.0142857142857142,-1.0142857142857142,0.006058741658326476,0.005132491016659282
XRP,1731358800,2024-11-11,0.46477348252647077,0.5745458893469791,0.010308638381201555,0.008432379795140141
XRP,1731402000,2024-11-12,-0.21978388210396108,-0.3041766859697537,0.015539932240464863,0.01078146548973139
XRP,1731445200,2024-11-12,0.6667354192412269,0.7195708285364002,0.025024922528432053,0.023257608876772976
XRP,1731520800,2024-11-13,0.47706231766647356,0.49850001742304817,0.02531476606384882,0.024285132684144888
XRP,1731596400,2024-11-14,-1.0142857142857142,-1.0142857142857142,0.020886598609446416,0.018277875425557675
XRP,1731913200,2024-11-18,-0.16838584982532173,-0.17218352747958465,0.038622625274070045,0.037601288756690825
XRP,1732028400,2024-11-19,0.25286983824099185,0.2494232791157353,0.025988675353570807,0.02631088114999933
XRP,1732075200,2024-11-20,0.554843284258754,0.5797109741390704,0.02507405299672228,0.024048980150316306
XRP,1732194000,2024-11-21,-1.0142857142857142,-1.0142857142857142,0.024511714677051634,0.02262800042144023
XRP,1732334400,2024-11-23,-0.24024131934112178,-0.2773692987689591,0.05129280701030781,0.04363840754956226
XRP,1732449600,2024-11-24,0.09145687253884154,0.09684178384047565,0.03927645122590443,0.03759002439712785
XRP,1732615200,2024-11-26,-0.227446051628449,-0.2314400108978241,0.03965168689950605,0.038871047430237296
XRP,1732698000,2024-11-27,-0.48351301643330297,-0.4821835380136201,0.036802212832519575,0.03691007535809802
XRP,1732838400,2024-11-29,-1.0142857142857142,-1.0142857142857142,0.02489953762530691,0.0238764251349459
XRP,1732867200,2024-11-29,-1.0142857142857142,-1.0142857142857142,0.03112455262987005,0.028980287447552353
XRP,1733007600,2024-11-30,0.4533764714415869,0.4602637982436409,0.04606307030158317,0.04541407570939726
XRP,1733230800,2024-12-03,0.5238675868021592,0.5580042896328128,0.12826237989224135,0.1207979475762599
XRP,1733364000,2024-12-05,0.36792643532607205,0.3940741680049341,0.09843324512502509,0.09234349475002702
XRP,1733504400,2024-12-06,-0.3199180508649172,-0.33076149387323406,0.058643941540201076,0.05653962935098578
XRP,1733536800,2024-12-07,0.3129296220375065,0.31005417586253387,0.05856497356110002,0.059062279219646185
XRP,1733590800,2024-12-07,-0.5377807246760009,-0.5680569021945423,0.04746855321837006,0.04480459577362929
XRP,1733684400,2024-12-08,0.9587887222898993,1.014306006420678,0.043261099485353706,0.04095810713807323
XRP,1733781600,2024-12-09,0.1186262237382536,0.16665675046305614,0.07686457994915734,0.057954163022169436
XRP,1733850000,2024-12-10,0.7761893629136005,0.8000454537742304,0.08368058913331136,0.08127140368202765
XRP,1733929200,2024-12-11,0.07485946492813085,0.07584227875439196,0.07154535506387731,0.0708719208380217
XRP,1733979600,2024-12-12,0.27077506102823273,0.2813581203623549,0.056790377006710246,0.05485117523799566
XRP,1734033600,2024-12-12,-0.1548731118751217,-0.16587741816949614,0.04750530510011457,0.04369802087704646
XRP,1734156000,2024-12-14,0.533836434871364,0.5722766292377779,0.03876190469057599,0.036282051205235706
XRP,1734307200,2024-12-16,0.5496559737666854,0.6230392239225594,0.030437851836202866,0.027009994285141566
XRP,1734350400,2024-12-16,1.2248492303894123,1.3368299318783805,0.027490485824375945,0.025235907810866407
XRP,1734426000,2024-12-17,-1.0142857142857142,-1.0142857142857142,0.03922716749789506,0.0370907957669639
XRP,1734555600,2024-12-18,0.3254743415492422,0.3806369718460032,0.06238095791452839,0.05397180083103054
XRP,1734642000,2024-12-19,0.4085621638626994,0.41943104817861926,0.06804065772487876,0.06638993908833096
XRP,1734696000,2024-12-20,0.3618032432348181,0.3862271749041401,0.0651388864726149,0.0613034162012776
XRP,1734764400,2024-12-21,0.46418198982592174,0.4480523986148902,0.05624372085418434,0.058147083996813884
XRP,1734847200,2024-12-22,0.09550887941218253,0.09489343439251197,0.04352020145463457,0.04373714002806798
XRP,1734901200,2024-12-22,0.12498924746716791,0.12917429375357828,0.040374919933549455,0.039303759928437876
XRP,1735070400,2024-12-24,-0.014978223771068493,-0.013011093999583908,0.03363024863208887,0.029378729296095692
XRP,1735236000,2024-12-26,0.3472893552069174,0.3770553370950311,0.028505995242654045,0.026414148722858213
XRP,1735318800,2024-12-27,0.1472147845826722,0.1492794788756456,0.032669553771107154,0.03229028867657695
XRP,1735520400,2024-12-30,-1.0142857142857142,-1.0142857142857142,0.017671505786310677,0.016315467769873044
XRP,1735653600,2024-12-31,0.5348047656073525,0.5847295253341613,0.03124022665823689,0.02869716717040894
XRP,1735711200,2025-01-01,-0.30607301718335506,-0.3274747043174666,0.025636918872687094,0.023801297247509172
XRP,1735750800,2025-01-01,-1.0142857142857142,-1.0142857142857142,0.03197888815749881,0.029646494938844907
XRP,1735772400,2025-01-01,-0.1490259663580835,-0.15323101410777967,0.03913746879868935,0.03781727409089624
XRP,1735873200,2025-01-03,0.34226759350395014,0.3542935528081551,0.03351473466577392,0.032462021947756554
XRP,1735923600,2025-01-03,-0.017295267863262066,-0.016951479544583817,0.030405485672858498,0.029505907647693765
XRP,1736179200,2025-01-06,0.3662669426516776,0.37483891413274845,0.02554390611649879,0.02500112966392178
XRP,1736247600,2025-01-07,2.2663974555507873,2.3258615670760032,0.02243416659891075,0.02186756402959617
XRP,1736359200,2025-01-08,0.6379419773591969,0.691091179503778,0.04453881050489191,0.041249488236037454
XRP,1736600400,2025-01-11,-1.0142857142857142,-1.0142857142857142,0.027935831452321792,0.025500126179423495
XRP,1736614800,2025-01-11,-1.0142857142857142,-1.0142857142857142,0.03336401344571256,0.028145860633844298
XRP,1736629200,2025-01-11,0.28649671133916516,0.3200023322964187,0.04080749916761232,0.03688499910358251
XRP,1736751600,2025-01-13,-1.0142857142857142,-1.0142857142857142,0.037546758816976875,0.034496509495205864
XRP,1736848800,2025-01-14,-1.0142857142857142,-1.0142857142857142,0.03764751307571684,0.036943475620002775
XRP,1736956800,2025-01-15,-1.0142857142857142,-1.0142857142857142,0.06706947023212974,0.058328660249985884
XRP,1737028800,2025-01-16,-0.3845741465963736,-0.4034502035631534,0.07391596856415496,0.07019411999216686
XRP,1737198000,2025-01-18,0.1817866867626731,0.205492280981214,0.06397253957029221,0.05749350415262237
XRP,1737280800,2025-01-19,0.5394605938350276,0.5722140776322214,0.05547976957491966,0.05245513646529807
XRP,1737327600,2025-01-19,0.648783104422593,0.7875942721677682,0.0699781247354824,0.058076442022827204
XRP,1737360000,2025-01-20,-0.27379145551120243,-0.273772743488367,0.08668599837632211,0.08669261363603922
XRP,1737550800,2025-01-22,0.4992697118376448,0.4948284677530189,0.041137918309014886,0.041486988948169885
XRP,1737712800,2025-01-24,0.24266284650504555,0.23406452247201923,0.041608732091592604,0.04297094225248432
XRP,1737802800,2025-01-25,0.4517752064964254,0.44962257589683924,0.025279363393774745,0.025393160577911262
XRP,1737932400,2025-01-26,-1.0142857142857142,-1.0142857142857142,0.016961916513734892,0.016058987014791408
XRP,1737939600,2025-01-27,-1.0142857142857142,-1.0142857142857142,0.024204917810312258,0.020736065334182423
XRP,1737968400,2025-01-27,0.45052804197982593,0.610021071854123,0.051167423929897864,0.03838799500142844
XRP,1738040400,2025-01-28,-0.04772025220045777,-0.04787743961062601,0.059682890447876856,0.0591969589438674
XRP,1738080000,2025-01-28,0.6878479060780551,0.6937181779619349,0.05064870883679815,0.05023707105501339
XRP,1738180800,2025-01-29,0.6710110027430474,0.8330047718320496,0.046599226253790406,0.03783762827331272
XRP,1738252800,2025-01-30,0.21293557500066995,0.2166455335430157,0.03158737144570688,0.0311094769415305
XRP,1738296000,2025-01-31,0.11072479977898322,0.10873138716192353,0.025639090259100824,0.026011327971339353
XRP,1738404000,2025-02-01,-0.05494164288749036,-0.05935760793128041,0.028170311168257335,0.024129565873507917
XRP,1738522800,2025-02-02,-1.0142857142857142,-1.0142857142857142,0.06647399407478487,0.05547968592669139
XRP,1738544400,2025-02-03,-1.0142857142857142,-1.0142857142857142,0.11251444591633662,0.09043094175605483
XRP,1738551600,2025-02-03,0.9484161642122204,1.0883438343197671,0.15338694571357597,0.13417055692231258
XRP,1738706400,2025-02-04,0.0486626502549435,0.05120575767979813,0.08915383455526135,0.08631182182874299
XRP,1738782000,2025-02-05,-0.010450086733148109,-0.009809666423660327,0.05991357016514066,0.057868460177843785
XRP,1738857600,2025-02-06,-0.12686942912184543,-0.13346012059248205,0.05173771854195224,0.04848677381441008
XRP,1738911600,2025-02-07,1.1585935743712443,1.240345544869827,0.048543017428685185,0.045415557230891745
XRP,1739138400,2025-02-09,0.3659309845235136,0.43906359042432574,0.03461865480112049,0.02920470517043745
XRP,1739250000,2025-02-11,0.26772616836099455,0.27416178462745533,0.030085582220631235,0.029446011622218236
XRP,1739368800,2025-02-12,0.8556495658052747,1.069684290912752,0.0339604822997206,0.027342057861237567
XRP,1739484000,2025-02-13,-0.5838842007370642,-1.0142857142857142,0.031024986804072095,0.02934998578900072
XRP,1739523600,2025-02-14,-0.251719998346277,-0.3033421688391602,0.044301042555139766,0.03597804582861207
XRP,1739718000,2025-02-16,0.11848499451845211,0.12106927847089487,0.029726199506136777,0.029212830237378067
XRP,1739772000,2025-02-17,0.21983051024862585,0.23255191893851707,0.031285700137221685,0.029761523224700246
XRP,1739858400,2025-02-18,-0.27992602834303076,-0.2877447467622998,0.03375993235622081,0.032741465614391625
XRP,1740009600,2025-02-20,0.16619213894855236,0.16701384521366394,0.04048865188765568,0.040318548186706125
XRP,1740153600,2025-02-21,-1.0142857142857142,-1.0142857142857142,0.03664796994104028,0.02918242916727413
XRP,1740326400,2025-02-23,0.4527581210141993,0.48783962000212916,0.020657067806073622,0.019253765329617718
XRP,1740358800,2025-02-24,1.66649763851624,1.755834595111479,0.021322350719876586,0.02025483923679016
XRP,1740412800,2025-02-24,-1.0142857142857142,-1.0142857142857142,0.03373833993934472,0.03230282762698662
XRP,1740438000,2025-02-24,-1.0142857142857142,-1.0142857142857142,0.04699716841435939,0.04042771983084857
XRP,1740690000,2025-02-27,-1.0142857142857142,-1.0142857142857142,0.04046139435120415,0.039950732378219854
XRP,1740884400,2025-03-02,-0.19392708625183783,-0.2050716672958003,0.029546701662650658,0.027681063329008413
XRP,1740931200,2025-03-02,-1.0142857142857142,-1.0142857142857142,0.06142704663996157,0.027544511766112455
XRP,1740938400,2025-03-02,-0.234117239761514,-1.0142857142857142,0.0859036861656786,0.06142704663996157
XRP,1741057200,2025-03-04,0.41110213546288943,0.4142390183273261,0.09065167005135626,0.0900094908245375
XRP,1741226400,2025-03-06,-0.5839961602960991,-0.6108677065943237,0.0465023790863075,0.04435640824679271
XRP,1741309200,2025-03-07,0.5865416119975451,0.7749243354075546,0.06126632309868666,0.04690219410627792
XRP,1741388400,2025-03-07,-0.08010051373648319,-0.07979843026463966,0.06487320960870022,0.06525576419398486
XRP,1741514400,2025-03-09,-1.0142857142857142,-1.0142857142857142,0.03013145854004299,0.030149263043123216
XRP,1741532400,2025-03-09,-1.0142857142857142,-1.0142857142857142,0.034714556105845694,0.031315675806295365
XRP,1741618800,2025-03-10,-0.37949972189439907,-0.39899967752380194,0.049989862534999305,0.04735831349923002
XRP,1741654800,2025-03-11,0.7728167055484679,0.8664491761507058,0.06339000770929781,0.05675846984078226
XRP,1741784400,2025-03-12,0.21818097688579535,0.2318247446662328,0.0477054258077703,0.04520584317759878
XRP,1741860000,2025-03-13,0.0847339098166095,0.09011178850637093,0.03580716420658144,0.0341846383763185
XRP,1741968000,2025-03-14,-0.30725146582974516,-0.32211245971896574,0.0338329631405632,0.03212011415137577
XRP,1742238000,2025-03-17,0.8619944589987296,0.8739760136386415,0.02694915708649272,0.026591399939299844
XRP,1742281200,2025-03-18,-0.3608286756004337,-0.38476375017435144,0.026313518278486152,0.02454532737683123
XRP,1742403600,2025-03-19,-0.17558261259709687,-1.0142857142857142,0.04023017536715484,0.0226555734723206
XRP,1742490000,2025-03-20,0.17971642064561588,0.19076161280518647,0.04170053278846508,0.039600573772193136
XRP,1742544000,2025-03-21,0.04720651111703728,0.04732680485285056,0.029786279046678556,0.029739069742576892
XRP,1742731200,2025-03-23,0.4055080222665081,0.44967474409821834,0.014678023940385598,0.013322487320415277
XRP,1742774400,2025-03-24,-0.6083945545074085,-0.6265386112789154,0.016852429877913185,0.016341078330060366
XRP,1743001200,2025-03-26,-1.0142857142857142,-1.0142857142857142,0.02045622249355692,0.019383624223830515
XRP,1743026400,2025-03-26,0.02329206991122107,0.02823813329316987,0.02368855677914605,0.02162613806984959
XRP,1743080400,2025-03-27,0.32448959460738835,0.32844424246934206,0.02071677481821995,0.020487295958083
XRP,1743134400,2025-03-28,-1.0142857142857142,-1.0142857142857142,0.0233343635986244,0.023737006952364737
XRP,1743148800,2025-03-28,-0.6521217059895396,-0.6634315940387157,0.026713391783119333,0.026237498843359273
XRP,1743220800,2025-03-29,-0.32277637293167283,-0.34110190697199055,0.028939981728724383,0.027243057246318553
XRP,1743408000,2025-03-31,0.43086696807752617,0.4422372905625,0.031964490545040934,0.03119252827927483
XRP,1743505200,2025-04-01,-0.0037459831561059503,7.037955776646264e-05,0.031074107977640642,0.026933654745151445
XRP,1743627600,2025-04-02,1.2860716707283417,1.6096190395925218,0.03666394326009342,0.029422708126254436
XRP,1743685200,2025-04-03,0.5998403800459553,0.6652078399023653,0.0354180850072063,0.03208101462314523
XRP,1743850800,2025-04-05,0.49052622217393027,0.4860683580080759,0.023777524566204876,0.023983487994374473
XRP,1743973200,2025-04-06,-1.0142857142857142,-1.0142857142857142,0.028169780726201528,0.025259763858986258
XRP,1743984000,2025-04-07,-1.0142857142857142,-1.0142857142857142,0.035668589014382204,0.03288924970779623
XRP,1744005600,2025-04-07,0.7237596008335562,0.7531040435653714,0.04637016542213505,0.04462940891614544
XRP,1744221600,2025-04-09,-0.026550916428641016,-0.025886621605444006,0.05656274558594075,0.042567572169474675
XRP,1744394400,2025-04-11,0.38095098346094175,0.391540310155266,0.02839544573607448,0.02767971079269559
XRP,1744448400,2025-04-12,-1.0142857142857142,-1.0142857142857142,0.021361211730616662,0.021165920325279496
XRP,1744466400,2025-04-12,0.20550947940205638,0.29094235351288467,0.026608626403983173,0.019493905358135725
XRP,1744542000,2025-04-13,0.6621797247863461,0.7377705367865657,0.027340836412519633,0.02464397767502116
XRP,1744574400,2025-04-13,0.20099236107243898,0.224315959847598,0.03310626650566444,0.03005290239071556
XRP,1744711200,2025-04-15,0.7065410618723891,0.7309931608908419,0.02347551304253317,0.02271978327657421
XRP,1744765200,2025-04-16,-0.23455228210154153,-0.24013707512027171,0.023303136761195303,0.022687993435133412
XRP,1745136000,2025-04-20,-0.15584996763757464,-0.15488448900042026,0.010326059082142498,0.010404986703845794
XRP,1745197200,2025-04-21,-0.28557050855963034,-0.32953687264257137,0.015453084779956387,0.013195629763029959
XRP,1745334000,2025-04-22,-1.0142857142857142,-1.0142857142857142,0.018238129961861027,0.016648755343542647
XRP,1745359200,2025-04-22,0.026004349542134094,0.04052823486580915,0.026175924154461728,0.02067407216634339
XRP,1745470800,2025-04-24,-0.11635111644049782,-0.11866396442904423,0.027666667397971575,0.026956411043969376
XRP,1745650800,2025-04-26,0.48753208906156453,0.5420243558133445,0.01976347699930498,0.017876052153097653
XRP,1745719200,2025-04-27,0.2666563401520432,0.30988241853062326,0.01751674171365821,0.015279567999324246
XRP,1745758800,2025-04-27,-0.2935368668234567,-0.4123291338016601,0.01962520106133208,0.013550216527588406
XRP,1745845200,2025-04-28,-0.010846878967572929,-0.008969754862742221,0.025791507674951527,0.023321623649947793
XRP,1745971200,2025-04-30,-0.37448359163665124,-0.3912954300036736,0.019905961746757055,0.018983343419584537
XRP,1746021600,2025-04-30,0.3920878236567519,0.4658967982476141,0.024315574599612182,0.020686003414966975
XRP,1746266400,2025-05-03,-0.3201106718052468,-0.3160486165093762,0.01225024985251912,0.012423345995020608
XRP,1746367200,2025-05-04,-0.3091177477401815,-0.3202119320009502,0.013850526705278036,0.013323644144145599
XRP,1746453600,2025-05-05,0.2944869170363986,0.3106375117240356,0.019456901117622764,0.018530508895901448
XRP,1746500400,2025-05-06,-0.2495701981128553,-0.24924799213626259,0.0212024451332334,0.021233402451174433
XRP,1746684000,2025-05-08,-1.0142857142857142,-1.0142857142857142,0.017531686602013024,0.01739566249447554
XRP,1746720000,2025-05-08,-1.0142857142857142,-1.0142857142857142,0.021172701141316815,0.018762908921418124
XRP,1746781200,2025-05-09,-0.03922990563556223,-0.04103039608860059,0.03216755459471373,0.027518904948153285
XRP,1746874800,2025-05-10,0.06394872639386767,0.06982125614320848,0.02933723700856123,0.027586255239989033
XRP,1746925200,2025-05-11,0.9625696523752864,1.1072163020514536,0.031104120312644718,0.027142898798232788
XRP,1747051200,2025-05-12,-1.0142857142857142,-1.0142857142857142,0.030739140787275274,0.028911382386296453
XRP,1747072800,2025-05-12,0.46382961767560743,0.5969688739906797,0.03905063073104133,0.030739140787275274
XRP,1747209600,2025-05-14,0.42817375321374274,0.4694693246611366,0.03546835444806012,0.03252745863637243
XRP,1747321200,2025-05-15,-0.32039792961761954,-0.330817479249758,0.03514808566175855,0.03393639994343229
XRP,1747443600,2025-05-17,0.11166345465307974,0.11707201630307366,0.029134792940022563,0.02805285393540894
XRP,1747501200,2025-05-17,0.5439825867748775,0.5694273170556384,0.026398008413483744,0.025274778291444037
XRP,1747584000,2025-05-18,0.5457035059250345,0.5631824882012988,0.020448145021606433,0.019844156177114602
XRP,1747638000,2025-05-19,0.42118619801768936,0.46220460324197354,0.032398402406059935,0.02969058720652607
XRP,1747846800,2025-05-21,0.135964393448656,0.14194753700545495,0.024310815425419068,0.023457801227374404
XRP,1747904400,2025-05-22,-0.02170013968485143,-0.021416634148250097,0.024948532110673247,0.023959957657648124
XRP,1747965600,2025-05-23,0.1522282167254494,0.15927309917564825,0.021175768471696187,0.020381596815672826
XRP,1748005200,2025-05-23,0.09811914088710802,0.11057536451383153,0.029994339880551855,0.02730928910213275
XRP,1748044800,2025-05-24,0.4447542726731735,0.4562131063861655,0.026620147536608945,0.025990928116348084
XRP,1748163600,2025-05-25,0.23490417029695448,0.25264368941081644,0.016482957668601677,0.015443185181571019
XRP,1748448000,2025-05-28,0.5161121307071013,0.5452825990976921,0.015474253417407378,0.014687657526438745
XRP,1748574000,2025-05-30,-0.24668192419186846,-0.3311855062047213,0.026068045325102922,0.0187886641962647
XRP,1748649600,2025-05-31,0.02957684753794242,0.029352970521672603,0.026533153621873574,0.02663570390047924
XRP,1748919600,2025-06-03,-0.4995671508753111,-0.5047586360981814,0.016378674686367212,0.016200111200703155
XRP,1749110400,2025-06-05,-0.3317049719988669,-0.3308661668981193,0.01545759084505878,0.015500482448524847
XRP,1749153600,2025-06-05,0.1664622058165816,-1.0142857142857142,0.019923303474844722,0.017625096049832756
XRP,1749294000,2025-06-07,0.28300355737197463,0.2859260729013811,0.013204801090910262,0.013082093482518766
XRP,1749362400,2025-06-08,-1.0142857142857142,-1.0142857142857142,0.009724301381525875,0.008910786103181696
XRP,1749391200,2025-06-08,0.38501926390596247,0.4310673215975725,0.016026887328790002,0.01442126327715845
XRP,1749492000,2025-06-09,0.015619848159274008,0.01895107600049999,0.018103120325652356,0.016834129581471787
XRP,1749632400,2025-06-11,0.25028242720606836,0.27231612138028005,0.017828079004205247,0.016522546619913366
XRP,1749682800,2025-06-11,-0.32598104054989563,-0.3273911040650126,0.01959779103909159,0.019505313426714025
XRP,1749733200,2025-06-12,-0.6113622030261817,-0.6138113420798507,0.015933186818892154,0.015866508881883862
XRP,1749801600,2025-06-13,0.03492420419811929,0.052684866230698096,0.025198583433400024,0.01969078215904618
XRP,1749877200,2025-06-14,-0.0686382747767364,-0.06740719275203787,0.018540444612254577,0.019128171120889517
XRP,1749927600,2025-06-14,0.5427564923361826,0.5609078409051992,0.018353232709258482,0.017788096763816826
XRP,1750042800,2025-06-16,-1.0142857142857142,-1.0142857142857142,0.012981753944660957,0.012918811940404088
XRP,1750078800,2025-06-16,-1.0142857142857142,-1.0142857142857142,0.016379714197117,0.015462769135356751
XRP,1750161600,2025-06-17,-0.4598997744776799,-0.465387458005269,0.022521788346358613,0.02223884898838618
XRP,1750244400,2025-06-18,-0.03000809917000399,-0.03004581068667509,0.019887250842061614,0.01937857782991251
XRP,1750399200,2025-06-20,-0.23403936293946112,-0.23443490540453468,0.012097820973183617,0.012074576432659283
XRP,1750438800,2025-06-20,0.09759609799226233,0.0993661988184388,0.014493201843409019,0.014292678908286626
XRP,1750532400,2025-06-21,-1.0142857142857142,-1.0142857142857142,0.013556462856084379,0.012399267691167797
XRP,1750543200,2025-06-21,1.1244105397518793,1.5390423269595443,0.020096956594321196,0.014781337870807447
XRP,1750626000,2025-06-22,0.9708792926759298,1.0827404203454725,0.031188559784643792,0.028049218229616403
XRP,1750723200,2025-06-24,-0.3261446125280621,-0.3634438497683538,0.03370119341813053,0.02994743906567903
XRP,1750798800,2025-06-24,0.3315725569464307,0.3278790836541613,0.024038004812698893,0.02428708210598343
XRP,1750860000,2025-06-25,0.5309275976948487,0.593433298631681,0.01838379300560052,0.01653639246756977
XRP,1751032800,2025-06-27,1.0034831030799374,1.01580067842869,0.017081046483429854,0.01687958852061678
XRP,1751238000,2025-06-29,0.6630057267715097,0.7804946934447213,0.010700179933402268,0.00914634762058703
XRP,1751331600,2025-07-01,0.43183121153577364,0.458709453310258,0.015142025618717971,0.01430679682015783
XRP,1751396400,2025-07-01,0.26457437624595664,0.2717530662032891,0.02037016553980214,0.01988325519671
XRP,1751536800,2025-07-03,0.17946549161340195,0.17939333054317866,0.017579297241536587,0.01758539702934709
XRP,1751605200,2025-07-04,-0.3456192479362165,-0.3396245650496841,0.017212365213791277,0.017544085614852135
XRP,1751785200,2025-07-06,-1.0142857142857142,-1.0142857142857142,0.00936441144673201,0.009046289250326776
XRP,1751886000,2025-07-07,-1.0142857142857142,-1.0142857142857142,0.013591422341696769,0.012883070214134968
XRP,1751896800,2025-07-07,0.9814982419100468,1.3075032210439432,0.018216565191220033,0.013771685590544648
XRP,1751940000,2025-07-08,0.48947517762640264,0.47019750668304927,0.0209026973616272,0.021710597158675463
XRP,1752058800,2025-07-09,-1.0142857142857142,-1.0142857142857142,0.014805864002835302,0.014098622772284169
XRP,1752174000,2025-07-10,-1.0142857142857142,-1.0142857142857142,0.022728624269561567,0.022146210751835534
XRP,1752235200,2025-07-11,-1.0142857142857142,-1.0142857142857142,0.03134389010098048,0.029593420108748204
XRP,1752462000,2025-07-14,-0.589613904171286,-0.5946929425204509,0.041911774485781365,0.04153575713853377
XRP,1752656400,2025-07-16,-0.6256010791795542,-0.6304321775747169,0.03694480305069576,0.03664824943921082
XRP,1752688800,2025-07-16,-0.14192232508452968,-0.147777561187287,0.03680101966327419,0.03499340579121834
XRP,1752735600,2025-07-17,-0.6294328860877517,-0.6164874536806956,0.047075268236764556,0.0481118273319003
XRP,1752782400,2025-07-17,-1.0142857142857142,-1.0142857142857142,0.05889321778345709,0.0559542345360307
XRP,1753002000,2025-07-20,-0.13099793741643878,-0.1347258657276718,0.03988922723019552,0.038488398555595174
XRP,1753081200,2025-07-21,-0.3564769861564438,-0.36894748243718495,0.04016836026944631,0.038696695674788346
XRP,1753275600,2025-07-23,-1.0142857142857142,-1.0142857142857142,0.040243159763876275,0.03230032589955907
XRP,1753592400,2025-07-27,0.3054302272358906,0.30583083560988744,0.027373688075760565,0.027340894850819066
XRP,1753657200,2025-07-27,-0.37071825987260065,-0.3788992065015579,0.029227217922697588,0.028544696224443555
XRP,1753714800,2025-07-28,-0.28488356300537215,-0.2984260129228198,0.03667403426201238,0.034833575359090256
XRP,1753804800,2025-07-29,0.3050986000285233,0.30733513252648526,0.03690557934122929,0.03665985467517002
XRP,1753876800,2025-07-30,0.2923820066034867,0.31047252034036754,0.03471798685309072,0.03286552430332849
XRP,1753952400,2025-07-31,0.7054681267311725,0.6834264559638272,0.029620824907581257,0.03053781143893366
XRP,1754010000,2025-08-01,-0.2850866128915515,-0.32154339276782956,0.036979153147817065,0.032377549543802994
XRP,1754146800,2025-08-02,-1.0142857142857142,-1.0142857142857142,0.04083008647173555,0.03860932389263828
XRP,1754161200,2025-08-02,0.4064038392282027,0.4399165427963374,0.047359014465827784,0.04397124634781452
XRP,1754316000,2025-08-04,-0.5441051208592327,-0.5850927476903305,0.0307032724831779,0.028441985751114677
XRP,1754582400,2025-08-07,-1.0142857142857142,-1.0142857142857142,0.026208880198363267,0.022786486367468137
XRP,1754600400,2025-08-07,-1.0142857142857142,-1.0142857142857142,0.027984776867717158,0.02847591354984926
XRP,1754607600,2025-08-07,-0.19302140179586574,-0.20707843546852545,0.0434348331155316,0.040014435662880196
XRP,1754812800,2025-08-10,-0.09151508810153523,-0.10131154864068602,0.033590130126994154,0.029066293982916776
XRP,1754942400,2025-08-11,0.04589369116618866,0.048396288718536074,0.041822073546097856,0.04046223304964385
XRP,1755093600,2025-08-13,0.48790879666809855,0.5513086432624082,0.03308106186987238,0.029464220475247185
XRP,1755140400,2025-08-14,1.0437766752423727,1.0725777204663594,0.03447707739673319,0.03357531411955884
XRP,1755176400,2025-08-14,-0.2866038258773318,-0.40483710643064985,0.04794525300155179,0.03287950323244037
XRP,1755334800,2025-08-16,0.46580179939902605,0.4698456282872865,0.027047234386704647,0.02682779087798962
XRP,1755457200,2025-08-17,-1.0142857142857142,-1.0142857142857142,0.020715821379330916,0.01989396148543332
XRP,1755489600,2025-08-18,-0.04115855630650837,-0.042169468752523184,0.024968819011004645,0.02311257431954345
XRP,1755615600,2025-08-19,-0.7491995188339651,-0.8345351523881279,0.03155977049766635,0.02821821438210225
XRP,1755698400,2025-08-20,1.031990711222122,1.095369838269584,0.03254338847227214,0.030708264508600765
XRP,1755864000,2025-08-22,2.74377619773804,2.7562733732716467,0.028062858806623386,0.027936924868671335
XRP,1756062000,2025-08-24,0.9460468342102625,1.1101243653114552,0.02453707941613073,0.021001470140448477
XRP,1756411200,2025-08-28,-0.41363299810830473,-0.43247995061376676,0.02626667139608454,0.025041030734244903
XRP,1756479600,2025-08-29,-0.05692594221058999,-0.058285812756395244,0.02821420286662633,0.02692298770252067
XRP,1756684800,2025-09-01,-1.0142857142857142,-1.0142857142857142,0.017423984141309728,0.01642582907525665
XRP,1756764000,2025-09-01,0.9137722638935305,1.008442077717365,0.03050145862139986,0.02771695543843059
XRP,1756825200,2025-09-02,-0.25808323488057067,-0.26226962437881307,0.028632202748547195,0.028119295267666218
XRP,1756904400,2025-09-03,0.2786255284309965,0.29095522017730724,0.022042629059554956,0.021192062064136097
XRP,1756998000,2025-09-04,-0.2646765027901834,-0.2825477322742524,0.019845885571154017,0.018449415230473536
XRP,1757178000,2025-09-06,0.46623687881368764,0.46028176547869654,0.01235687764944306,0.01250740669940024
XRP,1757257200,2025-09-07,0.1658909599385476,0.27877548743361136,0.014251746019700287,0.009017264944292613
XRP,1757325600,2025-09-08,-0.8120515734799171,-1.0142857142857142,0.02023936785149164,0.01935008845545253
XRP,1757401200,2025-09-09,0.610864935119278,0.6416941831380063,0.022028328517968886,0.021015123019351135
XRP,1757584800,2025-09-11,-0.02689790952343415,-0.02684157924897674,0.017072664100075033,0.016516715184696173
XRP,1757635200,2025-09-12,-0.15853279656622846,-0.1605326444300069,0.020885327356621745,0.020568814076361887
XRP,1757703600,2025-09-12,-0.5626966561738239,-0.5566432942918325,0.022092197466441314,0.022345443425398327
XRP,1757768400,2025-09-13,0.20159816404789388,0.2119866319872563,0.022095508915138822,0.021141317293226426
XRP,1757862000,2025-09-14,0.09281957813295039,0.09967777839240473,0.023301326064950945,0.022055274223793334
XRP,1757941200,2025-09-15,-0.1441902764427924,-0.16007578265584738,0.02668867872777599,0.02346473093760491
XRP,1758132000,2025-09-17,-0.45275602399727766,-0.5152450747716538,0.018994425879738035,0.016555535562794807
XRP,1758319200,2025-09-19,0.3315542009672179,0.33008259812004526,0.018802962122144457,0.01888011305461712
XRP,1758362400,2025-09-20,-0.09857662374812,-0.09819364775718696,0.015509053049190783,0.015594364822205444
XRP,1758434400,2025-09-21,0.6670781524048472,0.6629967318876102,0.013430407202639914,0.01350966929515068
XRP,1758477600,2025-09-21,-1.0142857142857142,-1.0142857142857142,0.01478452583605141,0.014252566284978436
XRP,1758502800,2025-09-22,-1.0142857142857142,-1.0142857142857142,0.020155123910503964,0.015859364211311986
XRP,1758524400,2025-09-22,0.6963121063366826,0.9874829400360228,0.03239929334122792,0.02311462359824543
XRP,1758690000,2025-09-24,0.8183765805744139,0.9136158032916226,0.026144293278625712,0.023501546607750747
XRP,1758744000,2025-09-24,1.6709765224734374,1.8017923007649455,0.024830132020726887,0.023055526791552042
XRP,1758805200,2025-09-25,-0.34364862580957384,-0.3700852154543055,0.028111024646599432,0.025934949619414775
XRP,1758880800,2025-09-26,0.6856660038364762,0.7117775503807314,0.031402122614825986,0.030294593585197194
XRP,1759014000,2025-09-27,0.3305348828284224,0.3551187528707245,0.017185519651190244,0.01608440577820489
XRP,1759078800,2025-09-28,-0.4935675576510485,-0.5192249041686263,0.017204444294696978,0.016304786163519845
XRP,1759312800,2025-10-01,-0.10318626691206848,-0.10705283785254585,0.027187238807788065,0.02584779563915638
XRP,1759406400,2025-10-02,-1.0142857142857142,-1.0142857142857142,0.022246721296729697,0.021850315242631976
XRP,1759449600,2025-10-03,-0.41555321779277726,-0.4648009970630287,0.02901576182994186,0.02574005120147584
XRP,1759593600,2025-10-04,0.11735525764296814,0.12346930674985905,0.021145647624593377,0.020295312826485175
XRP,1759845600,2025-10-07,-1.0142857142857142,-1.0142857142857142,0.02105547304757169,0.01856743251276952
XRP,1759978800,2025-10-09,-0.08461024643822677,-0.08790118686611541,0.02039402661158091,0.0192627978893948
XRP,1760112000,2025-10-10,-1.0142857142857142,-1.0142857142857142,0.025545520968860865,0.020672099504927068
XRP,1760126400,2025-10-10,-1.0142857142857142,-1.0142857142857142,0.029889291555384046,0.026242313982721303
XRP,1760133600,2025-10-10,2.35239206037497,6.745690494750662,0.13749535853499953,0.048325770729999454
XRP,1760284800,2025-10-12,-0.15505771505858518,-0.16044172724935496,0.05082425618704638,0.04874919897066534
XRP,1760389200,2025-10-13,0.9205552362707067,0.8920888900660933,0.041301126026756396,0.0425781357211223
XRP,1760518800,2025-10-15,0.8928769952539183,0.9172379869356435,0.03168923972844583,0.030873027399864743
XRP,1760562000,2025-10-15,0.12417289590260219,0.12724890083390675,0.03254738654642367,0.03190487781922548
XRP,1760608800,2025-10-16,-0.24965661470358155,-0.27856912976027937,0.030757375104884882,0.027200250112952955
XRP,1760644800,2025-10-16,0.2480370116951424,0.25570144644583204,0.03687523052503382,0.03588101748849793
XRP,1760871600,2025-10-19,-0.11472969156220657,-0.11851744095289447,0.025202789564836042,0.024141465685208034
XRP,1760943600,2025-10-20,0.015070271979889612,0.014078424888009254,0.024223227871238356,0.02478655309210287
XRP,1760990400,2025-10-20,1.272671909524887,1.5172833254350047,0.02718279320697686,0.022881469607513544
XRP,1761022800,2025-10-21,-0.18782972490012073,-0.1931596976839155,0.02547523708761354,0.024650255325122272
XRP,1761112800,2025-10-22,0.06370973092701511,0.06788577963318819,0.028793990794921478,0.027547374702223133
XRP,1761174000,2025-10-22,0.5111801535865368,0.5266924944014626,0.027949365568138936,0.027168547534918853
XRP,1761354000,2025-10-25,-0.1264300946486295,-0.13128669353200081,0.022481401884881357,0.021418432799102983
XRP,1761422400,2025-10-25,0.3721758433076533,0.40403606837711376,0.025595041006885765,0.023710044161261594
XRP,1761472800,2025-10-26,0.43221321968536813,0.4462016295774138,0.021330075699687773,0.02070161998427913
XRP,1761526800,2025-10-27,0.6444926245925757,0.6643523144495048,0.021055096472334566,0.02045164235482183
XRP,1761591600,2025-10-27,0.46598865083465596,0.47217382531009233,0.025246102153470062,0.024934263857583138
XRP,1761663600,2025-10-28,-0.08116529444362948,-0.08730971078057473,0.02716232026074753,0.024320960280805014
XRP,1761764400,2025-10-29,0.07992215113857885,0.10764842217386571,0.03107491319246865,0.024749906514966225
XRP,1762084800,2025-11-02,0.9429865431466501,1.0745402161989859,0.016821288712146443,0.014815233997696175
XRP,1762185600,2025-11-03,0.14517985727082514,0.20461158720485498,0.031901099988920475,0.023770415372683595
XRP,1762282800,2025-11-04,0.27120640418697445,0.28837389529330953,0.04489038676848435,0.04245887805836778
XRP,1762513200,2025-11-07,1.8033338909221588,1.840956723803392,0.027028845425250185,0.026484910457961735
XRP,1762660800,2025-11-09,0.3999952874028031,0.40609744775874396,0.021733572317001206,0.021428462495232063
XRP,1762732800,2025-11-10,-1.0142857142857142,-1.0142857142857142,0.02522490132719079,0.024003739890820837
XRP,1762776000,2025-11-10,-0.10626138703854873,-0.10671485046776275,0.03273083411331,0.032540898275872296
XRP,1763064000,2025-11-13,-0.20843618186900031,-0.2089438466016593,0.04225397061216601,0.04213504527464031
XRP,1763125200,2025-11-14,0.2425878899597664,0.25931028113906945,0.04056655717968475,0.038210138501198976
XRP,1763164800,2025-11-15,0.13584021736413693,0.13511060110581985,0.04309739888189634,0.043289506488196065
XRP,1763244000,2025-11-15,0.34527102947623095,0.3639533312736643,0.026749235633169024,0.02547609991264357
XRP,1763308800,2025-11-16,0.5597564139399313,0.5885175335664152,0.025593116234087134,0.024400279021324595
XRP,1763373600,2025-11-17,1.3843082609764925,1.3809905245441092,0.026511204835231283,0.026573605207172148
XRP,1763406000,2025-11-17,0.05255788440589706,0.05199496896503474,0.03838668910158382,0.03865489595555181
XRP,1763564400,2025-11-19,0.008979031074819052,0.009354564455220211,0.025869951542012295,0.02561379396832094
XRP,1763672400,2025-11-20,-0.4311895831585772,-0.4965273872332272,0.03108226882396336,0.02674244334888362
XRP,1763863200,2025-11-23,-0.4086706566371718,-0.43220428166522884,0.027361276298622707,0.02576598986005522
XRP,1763917200,2025-11-23,0.17715525482729755,0.17935848211225597,0.025137373946799272,0.024871018096553066
XRP,1764018000,2025-11-24,-0.10906069224020412,-0.11248222008641823,0.0362071359762774,0.03473076182060643
XRP,1764162000,2025-11-26,0.941070470374414,0.966692294482393,0.022777186412556057,0.022190816136598818
XRP,1764295200,2025-11-28,0.8057923684512025,0.839707355032137,0.01784079599190775,0.017143934145131427
XRP,1764345600,2025-11-28,0.7875659422268455,0.8853365356174588,0.025765970510581198,0.023009506703702838
XRP,1764547200,2025-12-01,-1.0142857142857142,-1.0142857142857142,0.0159496944454244,0.014015055556610914
XRP,1764568800,2025-12-01,0.06346968401671504,0.06243352835415697,0.023591941800454177,0.023860552708181403
XRP,1764741600,2025-12-03,0.5560269400515555,0.551615385449788,0.022970593401076832,0.02314525443192892
XRP,1764853200,2025-12-04,-1.0142857142857142,-1.0142857142857142,0.0176284339519519,0.01771523656364053
XRP,1764928800,2025-12-05,-0.8259401067568596,-0.8504102143834774,0.01802356797376799,0.017486919356365534
XRP,1765083600,2025-12-07,0.3846638986650697,0.41423550055683883,0.013275037065199089,0.012388501454829795
XRP,1765119600,2025-12-07,0.8592880479739262,0.993727925943203,0.015832621297053574,0.013750515242980762
XRP,1765188000,2025-12-08,0.5341052962321418,0.5593823922467593,0.02168207686973169,0.020749928936634143
XRP,1765310400,2025-12-09,0.38218924899728457,0.4375858354124347,0.02330171580220808,0.02053261701776255
XRP,1765396800,2025-12-10,-0.3885573575728652,-0.4373027914053304,0.019683309026464646,0.0173358712592696
XRP,1765465200,2025-12-11,0.8149412898713219,0.8816391903153566,0.017105339508346248,0.015851904085911337
XRP,1765555200,2025-12-12,0.5300111485797526,0.6825750902413857,0.01815820535360524,0.014262682688497971
XRP,1765605600,2025-12-13,0.18358298351500363,0.18872556281259842,0.015218026327239417,0.01485787450625785
XRP,1765710000,2025-12-14,-0.6561576588564482,-0.6614879257997152,0.008923076590537692,0.008847928635963667
XRP,1765756800,2025-12-15,0.5007509844566765,0.6185439809864192,0.013278431548671718,0.01086138782164647
XRP,1765825200,2025-12-15,-0.28146950023452805,-0.29091471551439446,0.018528074393372097,0.01786100319286225
XRP,1765983600,2025-12-17,1.2606781798119537,1.531059934625799,0.019147350617905706,0.015827916050052297
XRP,1766088000,2025-12-18,0.16826521505821093,0.17841649527487433,0.027724222261231148,0.026364547050556613
XRP,1766221200,2025-12-20,0.14404409197985643,0.15211326682035853,0.01638654171732504,0.01565473723404235
XRP,1766336400,2025-12-21,0.03327529740239497,0.041541158440572386,0.013859146844824905,0.012225235063657598
XRP,1766437200,2025-12-22,-0.25878291069515436,-0.2585009770452578,0.015141357214497808,0.015159923154074552
XRP,1766545200,2025-12-24,0.09635896875430355,0.10155690165601468,0.013493227603519871,0.01295424511148294
XRP,1766653200,2025-12-25,0.17302323238687384,0.18133299130626224,0.01062953320624091,0.01020872806825944
XRP,1766703600,2025-12-25,0.3630908325461506,0.4081838757440456,0.011015321471042994,0.009878038507277085
XRP,1766973600,2025-12-29,-1.0142857142857142,-1.0142857142857142,0.00944029374975928,0.008512624038202294
XRP,1766998800,2025-12-29,0.3921176597876992,0.4379625747636024,0.00944029374975928,0.008512624038202294
XRP,1767038400,2025-12-29,0.14259304986050994,0.14019665417354718,0.012018515032958907,0.012189170035494221
XRP,1767196800,2025-12-31,-1.0142857142857142,-1.0142857142857142,0.008837725157206015,0.008417550169298788
XRP,1767214800,2025-12-31,0.506782789802968,0.5560367309182183,0.01083394844185921,0.009921175245079154
XRP,1767326400,2026-01-02,-0.42820560196939095,-0.4578688066101487,0.009008238633323864,0.008385795451271843
XRP,1767366000,2026-01-02,-1.0142857142857142,-1.0142857142857142,0.012039225158933653,0.01021147324808239
XRP,1767376800,2026-01-02,-0.6621281342503598,-0.7186348241310089,0.017001522476012103,0.015609331897243811
XRP,1767416400,2026-01-03,0.5838092037803149,0.5792363074338629,0.020062218882614197,0.020213158796661444
XRP,1767499200,2026-01-04,-1.0142857142857142,-1.0142857142857142,0.01627623971207175,0.015105181228384973
XRP,1767531600,2026-01-04,0.19023811640070418,0.20028147457961779,0.01801958476427132,0.017228783592292175
XRP,1767585600,2026-01-05,-0.1219567057009042,-0.13591632018569508,0.021110700016396873,0.018365369248427403
XRP,1767628800,2026-01-05,-1.0142857142857142,-1.0142857142857142,0.02169900857798306,0.02095277846859713
XRP,1767646800,2026-01-05,-0.48832796325171224,-0.5459105387127832,0.03007803127406935,0.026730187525920844
XRP,1767801600,2026-01-07,-0.3620300675971388,-0.3774358824969346,0.029731680496426598,0.028418732842305554
XRP,1768165200,2026-01-11,0.37033356363995734,0.4522265383354979,0.013035685442724295,0.010815353553703083
XRP,1768237200,2026-01-12,0.7507668052020556,0.75927479199179,0.019467065664121257,0.019256839945976722
XRP,1768323600,2026-01-13,-1.0142857142857142,-1.0142857142857142,0.01849911263926249,0.017899044380744186
XRP,1768345200,2026-01-13,0.21373285792699465,0.24649380209298513,0.024172675365282306,0.02129365039338092
XRP,1768467600,2026-01-15,-0.41443906356231297,-0.4189421994541664,0.022435524703561218,0.022176718911527445
XRP,1768572000,2026-01-16,0.4265993810208633,0.41971633549006876,0.012993552287729812,0.013193056309862894
XRP,1768665600,2026-01-17,0.5253263120748429,0.5322837554811566,0.010419664403567694,0.010290407819226731
XRP,1769180400,2026-01-23,0.3792006096513851,0.40312915750883765,0.012612088767222024,0.011913018672392944
XRP,1769335200,2026-01-25,-1.0142857142857142,-1.0142857142857142,0.00733650521229524,0.007093159459394878
XRP,1769360400,2026-01-25,0.907091514586846,-1.0142857142857142,0.011359401915283035,0.008994740524150977
XRP,1769594400,2026-01-28,0.23846225206993038,0.2569448962082174,0.014444405843783028,0.013509360139458634
XRP,1769655600,2026-01-29,-0.08360813014723674,-0.08646002888482726,0.016093157117969742,0.015300323050121262
XRP,1769702400,2026-01-29,-0.24371222070148144,-0.2740968156691988,0.016866031739707864,0.01477880341199308
XRP,1769745600,2026-01-30,-0.1430956135244037,-0.17776825720807876,0.023451066574427668,0.01800114861861443
XRP,1769853600,2026-01-31,-1.0142857142857142,-1.0142857142857142,0.022264353674060385,0.020730842418218876
XRP,1770130800,2026-02-03,-0.15792063987621194,-0.16583050126780702,0.019437967104116296,0.01831781072750985
XRP,1770224400,2026-02-04,-0.6814887785182803,-0.6991535990495502,0.023017570952578788,0.0224112302566233
XRP,1770314400,2026-02-05,-1.0142857142857142,-1.0142857142857142,0.037593949201819396,0.035347329909651656
XRP,1770541200,2026-02-08,0.1993852590410401,0.21799169628303466,0.02205932838048668,0.020394661332831802
XRP,1770627600,2026-02-09,0.5176484948645641,0.5324067895006016,0.021236867243930396,0.020678164724232735
XRP,1770793200,2026-02-11,-0.3505356538732776,-0.3563170347116815,0.016594567728287612,0.016301842168925124
XRP,1770998400,2026-02-13,-0.11268745057409288,-0.12393374040440015,0.016304011278435518,0.014381242915238257
XRP,1771070400,2026-02-14,-0.5448195348066853,-0.582909031675143,0.013891438021392985,0.01293693325380783
XRP,1771120800,2026-02-15,-1.0142857142857142,-1.0142857142857142,0.01696075323949554,0.015980811180995192
XRP,1771142400,2026-02-15,1.274644727690876,1.5192496087446217,0.02455463726890692,0.020674224751130517
XRP,1771340400,2026-02-17,0.48404162504893516,0.5360898289473007,0.016330892302302384,0.014825576325556426
XRP,1771444800,2026-02-18,-0.1935969326717769,-0.20212222338065938,0.015928273892580173,0.015145833422778645
XRP,1771596000,2026-02-20,0.9911757012110834,1.0812779414907485,0.01347673039863151,0.012382632736987777
XRP,1771668000,2026-02-21,-0.26933265438521137,-0.27309226903695577,0.010917752307028409,0.010749887099876758
XRP,1771830000,2026-02-23,-0.20943670022888566,-0.2416187060319934,0.010426071674420964,0.008851154110914873
XRP,1771898400,2026-02-24,-0.01610572195340176,-0.014823269424112502,0.016044016286313603,0.014547402154491565
XRP,1772024400,2026-02-25,-1.0142857142857142,-1.0142857142857142,0.014881786662927445,0.014326539483152633
XRP,1772042400,2026-02-25,0.4109203328910319,0.4340270338911207,0.017097671385877762,0.016243646107868357
XRP,1772121600,2026-02-26,-0.29051962270614845,-0.30184898803945953,0.018324233980141068,0.01756455967092115
XRP,1772193600,2026-02-27,-0.6009121875471658,-0.6049664846232224,0.015026013550722151,0.014920322285393089
XRP,1772262000,2026-02-28,0.1913225274457972,-1.0142857142857142,0.014942267378448842,0.011614749484483367
XRP,1772334000,2026-03-01,0.6130167130031333,0.6318013040289251,0.022266175697472825,0.021632804597278427
XRP,1772463600,2026-03-02,0.8444197526094119,0.9640161666219655,0.017378673345711356,0.015284725141535309
XRP,1772625600,2026-03-04,-1.0142857142857142,-1.0142857142857142,0.016150470312792483,0.014546660336853432
XRP,1772661600,2026-03-04,0.10271283200714823,0.12114444851325919,0.019804354219932343,0.01736622762146561
XRP,1772773200,2026-03-06,-0.5081233574923202,-0.5087992010210763,0.014239482768711483,0.014219442981689293
XRP,1772938800,2026-03-08,0.426221312151544,0.44791134275536343,0.007790047697826498,0.007435435982274692
XRP,1773010800,2026-03-08,0.15222626407305337,0.17703129570504542,0.01074602841684243,0.00944956906429186
XRP,1773064800,2026-03-09,0.12193867924535613,0.12741508535169876,0.012908482832409807,0.012455289204133644
XRP,1773284400,2026-03-12,0.3959273587291075,0.3937478703651744,0.0115766778641147,0.011636422315200451
XRP,1773363600,2026-03-13,-0.4109498741354855,-0.4882979320446746,0.01292661027366718,0.010751734140872356
XRP,1773410400,2026-03-13,0.9475604620913237,0.9710315437633252,0.01402035361883548,0.013691150051053596
XRP,1773471600,2026-03-14,-0.020852230133197563,-0.02080943044577635,0.011104039674620245,0.011042811957283339
XRP,1773615600,2026-03-15,-0.7782596956714332,-1.0142857142857142,0.011509545776872073,0.009164126221246844
XRP,1773673200,2026-03-16,-1.0142857142857142,-1.0142857142857142,0.015392586616054697,0.013638170201905057
XRP,1773925200,2026-03-19,0.3474100699972329,0.3661926401282154,0.014210425681042986,0.013534304579584763
XRP,1774148400,2026-03-22,-1.0142857142857142,-1.0142857142857142,0.008850158542771828,0.006515555353754285
XRP,1774206000,2026-03-22,-0.09104395751415999,-0.09219602401823793,0.009146877533202443,0.008981252728064163
XRP,1774252800,2026-03-23,1.6137245364301418,1.6292011673736893,0.012038894932929837,0.011926502235462896
XRP,1774494000,2026-03-26,-1.0142857142857142,-1.0142857142857142,0.009143256502174969,0.008946583925419194
XRP,1774540800,2026-03-26,-0.03139821499834904,-0.031526228974214254,0.010107388481616474,0.009669495287894661
XRP,1774609200,2026-03-27,-0.31328646353292233,-0.33659411710641435,0.010737553278689303,0.009925057377050028
XRP,1774814400,2026-03-29,1.3562622600618688,-1.0142857142857142,0.00670529202310096,0.006628776024877954
XRP,1774846800,2026-03-30,0.3049032655567139,0.30408161167432424,0.010538387998146844,0.010564417844158142
XRP,1774940400,2026-03-31,-0.06951280236398164,-0.07057207555660365,0.010467929843853824,0.010203924447227194
XRP,1775030400,2026-04-01,0.17601428238219932,0.175304376131193,0.0117310245608699,0.011771872604013748
XRP,1775145600,2026-04-02,0.32553497243191815,0.327039561300622,0.009763005829172102,0.009721698585262267
XRP,1775300400,2026-04-04,0.2601485865227161,0.270731001268177,0.0053437831192758535,0.005154843359220148
XRP,1775394000,2026-04-05,0.9137023711226735,1.105846740053996,0.006246288804405831,0.005188311020129356
XRP,1775437200,2026-04-06,-0.5565672212091259,-0.5776023221969723,0.009145094517608811,0.008794717172809486
XRP,1775602800,2026-04-07,-0.19294335325679327,-0.2235126128382545,0.012341349853111517,0.010406069072581644
XRP,1775934000,2026-04-11,1.442808805949514,1.5985161229764964,0.0069516846757845035,0.0062864296508448455
XRP,1776002400,2026-04-12,0.08734026464844813,0.0904812108301771,0.007148298895087827,0.006959706502402271
XRP,1776088800,2026-04-13,-1.0142857142857142,-1.0142857142857142,0.007372648129832103,0.006893621062896123
XRP,1776121200,2026-04-13,0.16362198959872282,0.19049295126177138,0.010406183619822833,0.009129736205963057
XRP,1776175200,2026-04-14,0.8889075237754344,1.0278767100507116,0.009778348101043723,0.008492067185739397
XRP,1776240000,2026-04-15,0.8649781238408035,0.8500324130050815,0.008345528053829225,0.008487491750277631
XRP,1776283200,2026-04-15,-0.24975825036002547,-0.27741202987152497,0.009817169729505582,0.008726182785621393
XRP,1776358800,2026-04-16,0.12313584586100804,0.13308121298625875,0.014501611793044447,0.013609428084817096
XRP,1776438000,2026-04-17,0.0825967816969896,0.09503959224752231,0.015420646875095784,0.013868388942410855
XRP,1776582000,2026-04-19,0.1961648597962755,0.20107916413713878,0.010170650687148902,0.009953008432314194
XRP,1776639600,2026-04-19,0.5580915683052966,0.590970211035712,0.011006562356104577,0.010422451768112627
XRP,1776754800,2026-04-21,0.11498520360821263,0.1200184164951132,0.008956146896128312,0.008652773580445866
XRP,1776794400,2026-04-21,0.8015636371242157,0.8489135780146382,0.010049999677902936,0.009507691960818538
XRP,1776830400,2026-04-22,-0.044879809566548245,-0.044795315290223944,0.010511685462824471,0.01056643049842637
XRP,1776916800,2026-04-23,0.18475786127695204,0.18674504636857095,0.009375177695577913,0.009288652902930064
XRP,1777046400,2026-04-24,0.36352539924434624,0.4012935892678898,0.008962800678247118,0.00817532380734306
XRP,1777136400,2026-04-25,-0.2733141074714923,-0.2813897296679098,0.005370071620497125,0.005198538668227687
XRP,1777269600,2026-04-27,-0.5405225895034634,-0.635442368987219,0.007813245296128993,0.006591187241985082
XRP,1777305600,2026-04-27,0.2112787176809496,0.24215035117090328,0.008338539839352515,0.007387658288533466
XRP,1777377600,2026-04-28,-0.05391040633271934,-0.05469288586623995,0.006765409916831505,0.006562749141203153
XRP,1777482000,2026-04-29,0.36796989383206596,0.3895236022409712,0.008502086367680003,0.008063785319040005
XRP,1777640400,2026-05-01,-0.2029208450562633,-0.2109353775125587,0.006554981174580247,0.006266902803394113
XRP,1777759200,2026-05-02,0.8754717180295163,0.9628339357956661,0.004614191907888998,0.0042075912854189195
XRP,1777849200,2026-05-03,-1.0142857142857142,-1.0142857142857142,0.005280222501558323,0.004740239617062811
XRP,1778018400,2026-05-05,-0.2338442686861114,-0.23821637513110733,0.007237753834770058,0.007086811822060072
XRP,1778061600,2026-05-06,0.8749250671928476,0.909817018575624,0.008696373360581145,0.008373017465241222
XRP,1778119200,2026-05-07,-0.13876704390255448,-0.1371418310501351,0.008815492054829626,0.008947452982124222
XRP,1778187600,2026-05-07,-0.012119675661693608,-0.011729282946163447,0.008683399491895009,0.00848212252973308
XRP,1778425200,2026-05-10,-1.0142857142857142,-1.0142857142857142,0.006147000617400207,0.005996769895661762
XRP,1778443200,2026-05-10,0.450840117323012,0.6059254580986518,0.008641546450717531,0.0065293577161573396
XRP,1778688000,2026-05-13,0.47196004029291583,0.5049079391773269,0.011758929561548661,0.01103269337397549
XRP,1778770800,2026-05-14,-1.0142857142857142,-1.0142857142857142,0.01255341131453208,0.01077290449257302
XRP,1778785200,2026-05-14,0.8408603395322973,1.0409515019672981,0.017219785520469353,0.013998230560505462
XRP,1778907600,2026-05-16,-0.45313775739929013,-0.4787023819766083,0.010699993933572193,0.010092301159231579
XRP,1779062400,2026-05-18,0.26347015177742095,0.3657493560319629,0.009881176106043684,0.007318189652662421
XRP,1779120000,2026-05-18,0.4982273601203242,0.4928588431046143,0.011660727539089909,0.011780783503635288
XRP,1779202800,2026-05-19,-0.08808003620472687,-0.09202515025659197,0.010562697625942809,0.009905982058707649
XRP,1779386400,2026-05-21,0.3403414769239461,0.38818176014378836,0.009990743698069019,0.008843877828689702
XRP,1779462000,2026-05-22,-0.6000616490727977,-0.6233563946647921,0.008349099250101924,0.008022106884725154
XRP,1779530400,2026-05-23,0.7415381567131043,0.9076907133161788,0.009646122539595112,0.007934285811871656
XRP,1779818400,2026-05-26,-0.07476723460143705,-0.07762350088636982,0.009277280026092386,0.008737070797330262
XRP,1779933600,2026-05-28,-1.0142857142857142,-1.0142857142857142,0.009820078529133377,0.009613930723682102
XRP,1779962400,2026-05-28,1.0099295045895724,1.1570715971095606,0.010867312609303797,0.009518644348480997
XRP,1780113600,2026-05-30,0.06979496771873446,0.076980157005134,0.01161836954447243,0.01082747489404723
XRP,1780333200,2026-06-01,-0.4863692567496138,-0.5175157166460439,0.009299176612707405,0.008706805582915676
XRP,1780380000,2026-06-02,-1.0142857142857142,-1.0142857142857142,0.01022565111110059,0.009889162735031407
XRP,1780520400,2026-06-03,-0.06611190782663884,-1.0142857142857142,0.014460581048172503,0.013934471898031934
XRP,1780628400,2026-06-05,-0.38614924722145827,-0.39618391069216163,0.017418785796295386,0.016943307780625794
XRP,1780722000,2026-06-06,0.5311192158613276,0.5663974126568084,0.021797755816277083,0.020505275494452246
XRP,1780797600,2026-06-07,-1.0142857142857142,-1.0142857142857142,0.015833803578934425,0.014613326931160147
XRP,1780873200,2026-06-07,0.37112205833243045,0.4326866022341326,0.015940786578194047,0.013813154776516677
XRP,1780930800,2026-06-08,0.039381199573826284,0.040384621452661605,0.015136595252397897,0.014916333348736195
XRP,1781024400,2026-06-09,-0.34602965103771594,-0.3815525580261714,0.01278008433873135,0.011493936980172235
XRP,1781200800,2026-06-11,-0.22201458257466483,-0.2616358681797607,0.012554444953533056,0.010420171488420213
XRP,1781366400,2026-06-13,0.30168644511435433,0.3075172013074625,0.0071805360609958355,0.007055961911841658
XRP,1781481600,2026-06-15,0.13486835260949204,0.14828989964074243,0.009614725130407826,0.008885088601977667
XRP,1781532000,2026-06-15,-1.0142857142857142,-1.0142857142857142,0.012352931985109965,0.012087772907041498
XRP,1781701200,2026-06-17,-0.6081584992086473,-0.6254159985697301,0.011338121404612728,0.011010284589582935
XRP,1781845200,2026-06-19,0.3333956992794003,0.3442555442562367,0.010734992176735847,0.010422299267253977
XRP,1782079200,2026-06-21,-0.15858199457950456,-0.1752117209703263,0.0070323954610655775,0.006234887419609094
XRP,1782133200,2026-06-22,0.7906545859533238,0.824509009322452,0.008509774406361843,0.008172064745312761
XRP,1782169200,2026-06-22,-0.32035955727348797,-0.328709821413495,0.009400167015217684,0.009138641401003648
XRP,1782205200,2026-06-23,-0.22391758379160465,-0.24571123015745475,0.009068151709625074,0.008158009533442393
XRP,1782298800,2026-06-24,-1.0142857142857142,-1.0142857142857142,0.007275634114579989,0.0067122213541630695
XRP,1782324000,2026-06-24,0.5738319365073762,0.5964772062810996,0.010197249050980258,0.00982780667028644
XRP,1782396000,2026-06-25,0.18224824279660864,0.2778246471790432,0.012739391292502716,0.008765498315002923
XRP,1782442800,2026-06-26,0.2014772140329502,0.21266058566183152,0.013040720284358124,0.012436160306231831
XRP,1782579600,2026-06-27,0.5387169233422181,0.5276533696495854,0.00795765627666703,0.008115937528718338
XRP,1782669600,2026-06-28,0.14853807310757838,0.15089726633486636,0.007259431445098557,0.00716400309472151
XRP,1782734400,2026-06-29,-0.17249374458802827,-0.17723645328663679,0.00933043033230702,0.009032771127099876
XRP,1782824400,2026-06-30,0.3203274746751406,0.3345745125213551,0.007615795958134897,0.0073170110318375925
XRP,1782871200,2026-07-01,0.4045574868819571,0.46218708298097305,0.00850950872641732,0.007510240166910953
XRP,1782986400,2026-07-02,-1.0142857142857142,-1.0142857142857142,0.009158649808653465,0.008370853640088358
XRP,1783000800,2026-07-02,0.15163323039108867,0.1581043833782698,0.00951299330525208,0.009183223559502237
XRP,1783076400,2026-07-03,-1.0142857142857142,-1.0142857142857142,0.008567181558669255,0.008180041678566886
XRP,1783180800,2026-07-04,0.3431163509107327,0.3730671247903769,0.01106919823949488,0.010243751950225252
XRP,1783346400,2026-07-06,0.6441781773009192,0.7126179281106915,0.009725545857991387,0.008827510923990735
XRP,1783436400,2026-07-07,0.04916878673630572,0.05505837655392911,0.00918811083116003,0.008541042433556969
XRP,1783501200,2026-07-08,0.18272444863387116,0.20069032042772153,0.010006280019517203,0.009222147713326221
XRP,1783648800,2026-07-10,-0.47304352657361354,-0.5359273047940446,0.007199552040236874,0.006307209889485871
XRP,1783785600,2026-07-11,1.4212406615233535,1.5213541451624226,0.004946453833861881,0.0046269502826204794
XRP,1783897200,2026-07-12,-0.3793240017994254,-1.0142857142857142,0.005539110162405888,0.00494981094412941
XRP,1784037600,2026-07-14,-0.24636208639596557,-0.27546252924585907,0.0077400670100016295,0.0068277644723094425
XRP,1784120400,2026-07-15,0.18862511572342675,0.21324569281089584,0.006971960438882352,0.0062621112418733025
XRP,1784401200,2026-07-18,0.018986244525846744,0.019991861002790098,0.004806194535714883,0.004706671038462181
XRP,1784473200,2026-07-19,0.10306034931431443,0.11424810575399547,0.0045581698404224885,0.004201105981993458
XRP,1784527200,2026-07-20,0.15849901259471555,0.16649782867072369,0.006261965087194991,0.006005193170825371
XRP,1784584800,2026-07-20,-1.0142857142857142,-1.0142857142857142,0.008334441101315456,0.007375551955262787
XRP,1784613600,2026-07-21,-0.5327135944336683,-0.560776792534441,0.007594229738794792,0.007193785872548227
XRP,1785110400,2026-07-27,0.0722473931563605,0.08585213727901388,0.003967513140354634,0.003495783381920375
XRP,1785168000,2026-07-27,-1.0142857142857142,-1.0142857142857142,0.006466812882080544,0.005218106180702111
XRP,1785240000,2026-07-28,0.4518442698735347,0.459480183677098,0.006066175030746935,0.005971265417727463
XRP,1785427200,2026-07-30,0.4306503181565643,0.44077271740809937,0.007341613491630951,0.007183276067910249
XRP,1785510000,2026-07-31,-0.042626879901157044,-0.043493007350098846,0.006098294797051601,0.005744317473747865
XRP,1785607200,2026-08-01,1.4929714586776544,1.5430904756559332,0.003605362906090943,0.0034903908219440847
XRP,1785697200,2026-08-02,0.9052222986395035,0.9339421410207202,0.0044671841862633215,0.004333890662129731
XRP,1785891600,2026-08-05,-0.3086092227147126,-0.3077776945184491,0.005305406330097555,0.005321206817028128
XRP,1785931200,2026-08-05,0.39610790691299774,0.388898566041991,0.0046421579924056855,0.004722323991821503
XRP,1786003200,2026-08-06,-0.5238857617144224,-0.5585579743145077,0.005133825073709296,0.004797965463994622
XRP,1786042800,2026-08-06,-0.6124419487316405,-0.6277481380571555,0.006606161338792251,0.006437404518699354
XRP,1786075200,2026-08-07,0.6607754282814899,0.7056448559355848,0.006631536106944203,0.006226269653632217
XRP,1786125600,2026-08-07,0.6226495636427323,0.6161514027950226,0.007019780728943656,0.007090533092708553
XRP,1786201200,2026-08-08,0.1761699271640099,0.17430328982753404,0.004884211088707104,0.004929150403223037
XRP,1786320000,2026-08-10,0.15454544965185044,0.17390847440489005,0.004680851188920746,0.004233224357299269
XRP,1786370400,2026-08-10,-1.0142857142857142,-1.0142857142857142,0.005495944041201422,0.005441785890524609
XRP,1786402800,2026-08-10,-0.23930787923149488,-0.25902308919919587,0.005965474189231839,0.005455126049941985
XRP,1786640400,2026-08-13,0.5476516901774641,0.5840183890434133,0.005305484555671134,0.004990521829184293
XRP,1786741200,2026-08-14,0.39572321408128686,0.3882356828458673,0.004174996319429071,0.004249996036308232
XRP,1786860000,2026-08-16,0.1122813082655843,0.10866371361385474,0.0024341532195708547,0.002498318851845532
XRP,1786928400,2026-08-17,-0.057698420079415724,-0.06417286271272572,0.002942778545829558,0.002407607664739522
XRP,1786982400,2026-08-17,0.29507687221084206,0.3057749617883527,0.0045905208898774945,0.004443637881406537
XRP,1787130000,2026-08-19,-1.0142857142857142,-1.0142857142857142,0.003947283021381717,0.0037663047922572358
XRP,1787155200,2026-08-19,-1.0142857142857142,-1.0142857142857142,0.008399114377897744,0.005683661637736025
XRP,1787180400,2026-08-19,-0.4810178229874181,-0.5828355939159097,0.010861586643051974,0.008866324077132882
XRP,1787220000,2026-08-20,-1.0142857142857142,-1.0142857142857142,0.014973486472526333,0.01474837004733605
XRP,1787252400,2026-08-20,-1.0142857142857142,-1.0142857142857142,0.01938698349802856,0.018439828382492307
XRP,1787302800,2026-08-21,0.07633364698320136,0.09466756737877621,0.02968670198101032,0.025270294441088043
XRP,1787356800,2026-08-22,-1.0142857142857142,-1.0142857142857142,0.03536047990735484,0.034034362977151365
XRP,1787367600,2026-08-22,-1.0142857142857142,-1.0142857142857142,0.04165987782783114,0.0385952530453566
XRP,1787378400,2026-08-22,0.9348290278059657,1.3251183821649484,0.0677955727360587,0.04824907833114013
XRP,1787493600,2026-08-23,-0.007606402710345481,-0.007774946739510686,0.035433161293456035,0.03572032754679882
XRP,1787626800,2026-08-25,0.47367315008229605,0.49971789050368454,0.028216190226314414,0.026825127936030906
XRP,1787666400,2026-08-25,-0.09783457453292092,-0.09973798691109911,0.024337824427603415,0.023686887845111377
XRP,1787742000,2026-08-26,-0.39403681194877016,-0.4092143703306313,0.0204826903619086,0.01966597423590156
XRP,1788073200,2026-08-30,0.14181533957682807,0.1452047748367358,0.008216600474408963,0.008056338972440423
XRP,1788134400,2026-08-31,0.25095499891958184,0.3072144800939958,0.016456404645846554,0.013699205003219365
XRP,1788242400,2026-09-01,0.3606391164509355,0.36890668292625406,0.013066743310929907,0.012794954334847595
XRP,1788314400,2026-09-02,-0.3323146243447316,-0.337445870095389,0.01439185677986719,0.014152768839856968
XRP,1788444000,2026-09-03,-1.0142857142857142,-1.0142857142857142,0.013618529554819913,0.013227647212882988
XRP,1788465600,2026-09-03,0.345806977468574,0.34198881970885125,0.017781855870264877,0.017965075552592937
DOGE,1708088400,2024-02-16,0.41423622358850737,0.4576343781540579,0.0008517080843188366,0.0007756856292664399
DOGE,1708167600,2024-02-17,-0.25915670061324875,-0.2585477203264791,0.000693886468043705,0.0006957238886624524
DOGE,1708362000,2024-02-19,-1.0142857142857142,-1.0142857142857142,0.0008325178908872957,0.0007650192671093952
DOGE,1708441200,2024-02-20,0.18256276023566384,0.20564511027501825,0.0012449766868278865,0.0011222825858146475
DOGE,1708513200,2024-02-21,0.20659802599831817,0.2108229723100785,0.0009597942306208086,0.0009428553252839476
DOGE,1708635600,2024-02-22,0.513503559996385,0.5155775816866032,0.0007431760390227691,0.0007403434266399049
DOGE,1708722000,2024-02-23,0.1999637885917474,0.1964989727705836,0.0008251307212611766,0.0008378330844351137
DOGE,1708779600,2024-02-24,-0.1957592803744008,-0.19557337367519345,0.0006493978324416898,0.000650120742629512
DOGE,1708837200,2024-02-25,0.056119815677457184,0.058054206184724635,0.0005735118075333721,0.0005607050234974772
DOGE,1708916400,2024-02-26,-0.4031344538226072,-0.40734460899900704,0.00048055998020437446,0.00047521844022009596
DOGE,1708966800,2024-02-26,-1.0142857142857142,-1.0142857142857142,0.0006492360158604486,0.0006276387863112524
DOGE,1709020800,2024-02-27,-1.0142857142857142,-1.0142857142857142,0.0010231577591382718,0.0010095545098412152
DOGE,1709118000,2024-02-28,-1.0142857142857142,-1.0142857142857142,0.002069822381999743,0.002012885642153569
DOGE,1709319600,2024-03-01,-0.4256460077442757,-1.0142857142857142,0.004396439302034441,0.0040869346329601665
DOGE,1709460000,2024-03-03,0.8100240156865346,1.0012236695552021,0.004408732342225276,0.00359017329162722
DOGE,1709510400,2024-03-04,-1.0142857142857142,-1.0142857142857142,0.004736555376128912,0.00431090578967729
DOGE,1710003600,2024-03-09,-0.05909145966174577,-0.06312816731978452,0.004212689960601607,0.003720589188340192
DOGE,1710118800,2024-03-11,1.0205102761750193,1.158600722870501,0.004044353384165255,0.003573919029101044
DOGE,1710194400,2024-03-11,0.4590052538779544,0.4945940271773348,0.003767905487017567,0.0035115905244804575
DOGE,1710266400,2024-03-12,1.0310386916570036,1.2091238426095479,0.004128203035039617,0.0035342186531195875
DOGE,1710392400,2024-03-14,0.4064793146781685,0.5918898318608439,0.004104611504340738,0.0028780431585207935
DOGE,1710446400,2024-03-14,-0.13099304469495338,-0.13491224167344937,0.006192889140908804,0.005964649844055634
DOGE,1710496800,2024-03-15,0.5011208092797315,0.5319106340656994,0.006510519094184737,0.006152866716814332
DOGE,1710601200,2024-03-16,-1.0142857142857142,-1.0142857142857142,0.0035415624061582796,0.003559374898939687
DOGE,1710813600,2024-03-19,-1.0142857142857142,-1.0142857142857142,0.0030536912108726755,0.0028539751501705725
DOGE,1710842400,2024-03-19,0.5360244520100987,0.5586746358419953,0.003876350330996445,0.0037268388179961718
DOGE,1710910800,2024-03-20,0.5927874131704791,0.6010806078714448,0.0038165202007595937,0.003766252523894948
DOGE,1711044000,2024-03-21,0.415196791483073,0.45615664826542635,0.004107678424185646,0.0037605767645076177
DOGE,1711094400,2024-03-22,0.6790925528716703,0.7287778603973577,0.004198925831111413,0.003923458587350752
DOGE,1711198800,2024-03-23,0.038365947842849094,0.04047930144095841,0.0038415437072316975,0.0037239701462495217
DOGE,1711299600,2024-03-24,0.22080995296904982,0.22728431216324096,0.003551645596968962,0.003461772181351192
DOGE,1711378800,2024-03-25,0.5106004614877421,0.5962286820673462,0.00326426513037772,0.0028169009096375465
DOGE,1711512000,2024-03-27,-0.06115626484900493,-0.06159588155570377,0.003682694581546384,0.0036336710878191836
DOGE,1711587600,2024-03-28,0.19236488055739565,0.23353092781332094,0.005651273136111823,0.0047636787619665805
DOGE,1711785600,2024-03-30,-0.3732619998972892,-0.3781676293828491,0.0045838213500371755,0.004519499915424651
DOGE,1711911600,2024-03-31,0.19986908579729804,0.23021078070204914,0.003264369666540992,0.00288162887165953
DOGE,1712106000,2024-04-03,0.6431136117449623,0.7365847733023829,0.005270327292584218,0.004626506315090698
DOGE,1712181600,2024-04-03,0.4196413259570482,0.4310334323547025,0.004462166638037792,0.004351564071733008
DOGE,1712239200,2024-04-04,0.7023220980533792,0.727215015723246,0.0036550174192470477,0.003534634143804513
DOGE,1712311200,2024-04-05,0.5873960342442709,0.6040914621604976,0.003432463306780735,0.0033418835611484857
DOGE,1712440800,2024-04-06,-1.0142857142857142,-1.0142857142857142,0.0024165789848241068,0.002398623522118268
DOGE,1712577600,2024-04-08,0.22873661693112468,0.24427947373099587,0.003464441112548605,0.0032670904288984973
DOGE,1712653200,2024-04-09,-1.0142857142857142,-1.0142857142857142,0.00300749525106772,0.0029042256549960065
DOGE,1712826000,2024-04-11,0.7710038677463761,0.7747193573121379,0.003509005716703771,0.0034927753872194454
DOGE,1712941200,2024-04-12,-1.0142857142857142,-1.0142857142857142,0.0034018472667388653,0.003256604748795702
DOGE,1712948400,2024-04-12,0.5804859211914332,0.7981527112177959,0.005648072388157492,0.004161001033400376
DOGE,1713031200,2024-04-13,-1.0142857142857142,-1.0142857142857142,0.0044957710183539884,0.004114676481304294
DOGE,1713045600,2024-04-13,0.527882706630423,0.6491009061922903,0.006844358209666077,0.005620078071948083
DOGE,1713139200,2024-04-15,-0.255273863428223,-0.28109660099255723,0.005683977013239443,0.0051027444757963236
DOGE,1713243600,2024-04-16,0.07214255871351424,0.07432786750859342,0.005078029231248894,0.004970185325960346
DOGE,1713369600,2024-04-17,0.09416040360541772,0.09965980105363045,0.003422095087725971,0.003275333171397199
DOGE,1713495600,2024-04-19,1.0081918195493462,1.061088035105103,0.003273925576006051,0.0031149967741603635
DOGE,1713567600,2024-04-19,0.09229680939690332,0.09185066752180994,0.0028366190210117885,0.0028471281764742354
DOGE,1713628800,2024-04-20,-0.34194906832852795,-0.3749333908145188,0.0024798924956650342,0.00224373037994696
DOGE,1713848400,2024-04-23,0.3434996471088284,0.3521987148279498,0.0019043980435080772,0.0018608902007010062
DOGE,1713888000,2024-04-23,0.26364497535727466,0.2701981459695343,0.0018675005180319498,0.0018265390194190218
DOGE,1713931200,2024-04-24,0.22835081187432799,0.24539296016446224,0.001957234772609365,0.0018354836012716247
DOGE,1713970800,2024-04-24,-0.4793887151707101,-0.5418664060521171,0.0023195966898309933,0.002037257973664147
DOGE,1714096800,2024-04-26,0.2865789764273149,0.30296159827503055,0.0020579742823875475,0.0019562799964173597
DOGE,1714140000,2024-04-26,-0.03327340804840119,-0.03349293173655143,0.0018229404474028618,0.0017416281741261593
DOGE,1714330800,2024-04-28,1.7367410176365365,1.746973342110191,0.001144273357579911,0.0011376790004706727
DOGE,1714384800,2024-04-29,-0.23793955542171977,-0.27128044238365234,0.0016512269126880397,0.0014243982136640432
DOGE,1714467600,2024-04-30,-1.0142857142857142,-1.0142857142857142,0.0020457874241556276,0.001861617226013753
DOGE,1714507200,2024-04-30,0.24663464600252155,0.258960438817535,0.0023566755551289497,0.002255650597831176
DOGE,1714554000,2024-05-01,0.3871003995904011,0.3975591272843526,0.0025775828402098164,0.0025143199817644173
DOGE,1714654800,2024-05-02,0.03265506766974654,0.03210841729518133,0.002333256867981036,0.0023542766270565024
DOGE,1714777200,2024-05-03,-0.5653361661855724,-0.5595749745306169,0.0021770644505553645,0.0022006847929057763
DOGE,1714827600,2024-05-04,0.25287826404821734,0.29035832051545807,0.0032281841209870904,0.002848813668755328
DOGE,1715018400,2024-05-06,0.18239950273210248,0.18493136744168054,0.0030065076281677273,0.002970854368796014
DOGE,1715108400,2024-05-07,-0.24283306804481347,-0.24350454243652922,0.0023736000052151087,0.0023661846210008865
DOGE,1715292000,2024-05-09,-0.23415578947645463,-0.23151786217654213,0.001973468623431476,0.001999120056003128
DOGE,1715360400,2024-05-10,0.18077214028310806,0.18555711952077653,0.0021154561627104817,0.0020681835598420567
DOGE,1715508000,2024-05-12,-0.24962580217520366,-0.2961556526116637,0.0012666566846665176,0.0010463995065639424
DOGE,1715580000,2024-05-13,1.922150000725181,2.2943965133831083,0.0016184488516544644,0.0013590987633201929
DOGE,1715619600,2024-05-13,0.5743113782166338,0.6199897724911656,0.0027250024786901507,0.0025330795924355465
DOGE,1715810400,2024-05-15,-0.0884174565423812,-0.0898845924347051,0.0025780443500878773,0.0025163554539407913
DOGE,1716120000,2024-05-19,-0.4689039481550616,-0.47952991090652103,0.0013626066059516746,0.0013304994217941109
DOGE,1716156000,2024-05-19,0.2193267926811087,0.2261025431010884,0.001463734354461127,0.0014247908432658293
DOGE,1716224400,2024-05-20,-1.0142857142857142,-1.0142857142857142,0.0015715321068650201,0.0015301114997007907
DOGE,1716242400,2024-05-20,-1.0142857142857142,-1.0142857142857142,0.002058756620296293,0.0019371225141652387
DOGE,1716296400,2024-05-21,0.3468204061589903,0.39352326091961826,0.0025877722463680786,0.002301447034550238
DOGE,1716483600,2024-05-23,-0.2628895749488,-1.0142857142857142,0.0031702928447580082,0.002708776909739395
DOGE,1716530400,2024-05-24,0.3821480045256136,0.5169909127108474,0.003519955885244666,0.002649952491801949
DOGE,1716681600,2024-05-26,0.2705101903553092,0.2973878805291159,0.0023118390689129283,0.0021212113049831525
DOGE,1716868800,2024-05-28,0.06042068380121581,0.061801984317585955,0.0021189678898934274,0.002086580804500615
DOGE,1717074000,2024-05-30,-0.35935868544421057,-0.38947958319533826,0.001995240101567221,0.0018287201093800823
DOGE,1717174800,2024-05-31,0.6078325277119271,0.6425194242532412,0.0018182521427123964,0.0017242715383056586
DOGE,1717398000,2024-06-03,0.10863895922834824,0.11429414559278703,0.0013535001882312042,0.0012999232796336048
DOGE,1717556400,2024-06-05,0.1802983502596034,0.19243486989815498,0.0012311156672927229,0.001163509180161394
DOGE,1717678800,2024-06-06,1.0606886826510324,1.2339070105404506,0.0011567485002144408,0.0009980368463847825
DOGE,1717786800,2024-06-07,0.4689236084829285,0.8312514301028987,0.002526945524092722,0.0014620951797921623
DOGE,1717938000,2024-06-09,0.00486659627802443,0.006440653144898458,0.0011107969836758231,0.001060858290112426
DOGE,1718006400,2024-06-10,0.6928029903824987,0.7150913867151533,0.0010218588818436387,0.0009912326419854566
DOGE,1718089200,2024-06-11,-0.639948563007834,-0.671169575975998,0.0014954529091581847,0.0014227954406318916
DOGE,1718121600,2024-06-11,0.17964650996798012,0.20760842581845668,0.0017289576610224017,0.001524262096485663
DOGE,1718204400,2024-06-12,0.4179811706676583,0.4585283328505567,0.0018874756171912278,0.001730358356975167
DOGE,1718294400,2024-06-13,-0.053088214914507055,-0.054819598963995096,0.001981149890190851,0.0018504691125132249
DOGE,1718377200,2024-06-14,-1.0142857142857142,-1.0142857142857142,0.001299986370961856,0.0012161391687281523
DOGE,1718384400,2024-06-14,0.060278442409388414,0.08956437096251717,0.0018329474321048666,0.0013785587730360102
DOGE,1718586000,2024-06-17,1.4390220992573006,1.5226123985074427,0.0008585483487816555,0.0008122828371494739
DOGE,1718643600,2024-06-17,-1.0142857142857142,-1.0142857142857142,0.0016447723425154688,0.001355908676555119
DOGE,1718676000,2024-06-18,0.6821724879508175,0.9889620099722545,0.002874252027162022,0.002007656029251408
DOGE,1718881200,2024-06-20,0.4135513459456669,0.4241471256706433,0.0013570891041642225,0.0013253267275614709
DOGE,1719072000,2024-06-22,0.28999860602803107,0.2847597285118756,0.0009327395073942239,0.0009483348541168558
DOGE,1719154800,2024-06-23,-1.0142857142857142,-1.0142857142857142,0.0006354267110606492,0.0005981518426806994
DOGE,1719176400,2024-06-23,-1.0142857142857142,-1.0142857142857142,0.0009306187589498129,0.0007683586634844137
DOGE,1719219600,2024-06-24,-0.2185199177270993,-0.2236530549544854,0.0016094588963207934,0.0015671095806531615
DOGE,1719327600,2024-06-25,-0.237771881292076,-0.24674099744544906,0.001570605724310678,0.001506036933873038
DOGE,1719478800,2024-06-27,0.7477927985031183,0.7686526280167162,0.0010819663898802216,0.0010536561121787008
DOGE,1719698400,2024-06-29,-0.2760170081560426,-0.2764207101751863,0.0007736188771281501,0.0007723587907533925
DOGE,1719932400,2024-07-02,0.8125451644957175,0.8823980879009428,0.0008763860601713433,0.0008091849878768311
DOGE,1720058400,2024-07-04,-0.3915905407168877,-0.5064436621507084,0.0015347480022473627,0.001165882463958698
DOGE,1720148400,2024-07-05,0.5711200941238271,0.6947721205321097,0.002706153216179147,0.002243549617423697
DOGE,1720587600,2024-07-10,0.1451089849937635,0.1522284715402559,0.0012831449343221162,0.0012326176215776627
DOGE,1720702800,2024-07-11,1.1311568179252427,1.3063418607387531,0.001138197680350962,0.0009888282711471902
DOGE,1720735200,2024-07-11,0.024855807022301498,0.02435933681063679,0.001229977276271474,0.001241513989830818
DOGE,1720900800,2024-07-13,-0.32878234151002295,-0.33285025979983984,0.001056400162267666,0.001042277097826718
DOGE,1720994400,2024-07-14,-1.0142857142857142,-1.0142857142857142,0.0010279137955017945,0.0008985225490019324
DOGE,1721091600,2024-07-16,0.9232824358712094,1.0137338042053623,0.0017949934253530498,0.0016392236888417458
DOGE,1721293200,2024-07-18,-0.3437294049064026,-0.34953527204595797,0.0015139799496482144,0.0014865937919288465
DOGE,1721408400,2024-07-19,-0.12754649727411743,-0.1290111265545531,0.0015299668230940521,0.0015076565787166714
DOGE,1721458800,2024-07-20,-1.0142857142857142,-1.0142857142857142,0.0013290189106119823,0.0012850972883513665
DOGE,1721595600,2024-07-21,0.4026341271633269,0.5207785864154866,0.002855780856835841,0.002241610153515522
DOGE,1721710800,2024-07-23,-0.5365572557190762,-0.5590594422732893,0.0023397728146182565,0.002240524569588892
DOGE,1721858400,2024-07-24,-0.6341671788805374,-1.0142857142857142,0.0018352648129734566,0.0017233621062791081
DOGE,1721934000,2024-07-25,0.9686302755988774,1.0344956520782889,0.0019884213339836977,0.001865222975059366
DOGE,1722034800,2024-07-26,0.08081357689868982,0.0782787256362786,0.001619443692318896,0.001657862437881887
DOGE,1722272400,2024-07-29,0.08271394165913251,0.08732949261165875,0.0014890931788334102,0.0014297926541282891
DOGE,1722351600,2024-07-30,-0.36988590758811707,-0.3700946129537489,0.0013393596968398712,0.0013385412119813985
DOGE,1722488400,2024-08-01,-0.030356377362924895,-0.03048802358515477,0.0016006861769668446,0.0014907389598104476
DOGE,1722546000,2024-08-01,-0.21526769049486527,-0.23515441802668965,0.0015456733069983855,0.0013968789459982615
DOGE,1722614400,2024-08-02,-0.11664322524234351,-0.12307148466317676,0.0020113460135798445,0.0018745264761629093
DOGE,1722726000,2024-08-03,-0.29367559612193433,-0.30614216831333424,0.0016920572494808785,0.0016160616532870998
DOGE,1722798000,2024-08-04,-1.0142857142857142,-1.0142857142857142,0.001534928048190873,0.0013353071288209407
DOGE,1722823200,2024-08-05,-1.0142857142857142,-1.0142857142857142,0.0027362905179557353,0.002200620557798484
DOGE,1722841200,2024-08-05,1.1319802637247636,1.3084784303552162,0.0032841523533411287,0.0028506256112904465
DOGE,1723024800,2024-08-07,0.8366425551894768,0.8698479459902767,0.00193180947464952,0.0018604102034687137
DOGE,1723064400,2024-08-07,0.5905603049865826,0.6126530405957603,0.002044337605569837,0.0019739020367675166
DOGE,1723122000,2024-08-08,-0.4435603089975093,-0.4999461237353992,0.0018864532997928932,0.0016607958613154231
DOGE,1723312800,2024-08-10,-1.0142857142857142,-1.0142857142857142,0.0009914989221885269,0.0009993065315876443
DOGE,1723410000,2024-08-11,0.026750720425613897,0.027479103639354716,0.0013944298719665799,0.0013763090928870856
DOGE,1723647600,2024-08-14,-0.25045583339436267,-0.2877771770026583,0.0012361649053460673,0.0010581775903726882
DOGE,1723759200,2024-08-15,0.3375544393177739,0.3976830127618943,0.0013656505695230172,0.0011730083056401726
DOGE,1723824000,2024-08-16,0.5893998335830297,0.6178586959809008,0.0013038054276266699,0.0012464058451364128
DOGE,1723903200,2024-08-17,-0.276462732151875,-0.27974678882254017,0.0007607020732384523,0.0007507560788721793
DOGE,1723982400,2024-08-18,0.48960018488001905,0.5158543413161215,0.0007498894545442617,0.0007137271048938203
DOGE,1724115600,2024-08-20,-0.0770979126140788,-0.0887266707488362,0.0011186822073900623,0.000902426992573913
DOGE,1724266800,2024-08-21,0.10302049176763782,0.10505037632483712,0.0010856072507267045,0.0010691155007826042
DOGE,1724392800,2024-08-23,-1.0142857142857142,-1.0142857142857142,0.0007455812467206141,0.000702933650314508
DOGE,1724418000,2024-08-23,-1.0142857142857142,-1.0142857142857142,0.0009108539082879728,0.0007201503627716627
DOGE,1724454000,2024-08-23,0.4305285944215996,0.4586300974744624,0.0014687120028655577,0.0013839975415475246
DOGE,1724677200,2024-08-26,-0.6133240850612872,-0.6689301326077134,0.0010944798504068003,0.0009994398388996312
DOGE,1724756400,2024-08-27,-0.06555782000740412,-0.06635596886827906,0.0010042303588104911,0.000983017309488221
DOGE,1724799600,2024-08-27,0.09501025430386238,0.11462340712973808,0.0014565265321855355,0.0012570285731228847
DOGE,1724943600,2024-08-29,0.4197856158165836,0.41026480576672003,0.0009749882657459792,0.0009961412092649002
DOGE,1725033600,2024-08-30,0.8979103800197948,0.9142861918304844,0.001150280853689692,0.0011303024578196677
DOGE,1725159600,2024-09-01,-0.421503078747353,-0.4248969003096112,0.0007198634742976345,0.0007136991261666826
DOGE,1725213600,2024-09-01,-0.6061834931501028,-0.6205342358063342,0.0009200440988299145,0.0008977397987399077
DOGE,1725310800,2024-09-02,-0.0693255908702731,-0.07181133574943303,0.0011217083884358828,0.0010572244183155658
DOGE,1725415200,2024-09-04,0.3467419464532546,0.4304991662871736,0.0011951916942526445,0.0009771295168874638
DOGE,1725627600,2024-09-06,-1.0142857142857142,-1.0142857142857142,0.0009904769923084478,0.0009158982994090973
DOGE,1725642000,2024-09-06,-0.007818873688765183,-0.005320428359179116,0.0013767667997012074,0.0012288257842936082
DOGE,1725768000,2024-09-08,0.1960153104290163,0.19750222417780441,0.000801472076228164,0.0007962006974764846
DOGE,1725847200,2024-09-09,-0.5774604867896379,-0.6181455359486527,0.0008328511022369863,0.00077537811010137
DOGE,1725901200,2024-09-09,0.055369550186897515,0.08771074842647489,0.0012934258115338132,0.0009336893354979526
DOGE,1726020000,2024-09-11,-0.5351908953304314,-0.57307646334502,0.0009136189452374916,0.0008500511717942213
DOGE,1726182000,2024-09-12,-0.12264462354957106,-0.12604315266290117,0.0008807731349657629,0.0008500633761169751
DOGE,1726225200,2024-09-13,-1.0142857142857142,-1.0142857142857142,0.0009284149218336766,0.0008513699158208824
DOGE,1726455600,2024-09-16,0.30468921536603444,0.31187076149914067,0.0010202224780667525,0.0009987011302257328
DOGE,1726498800,2024-09-16,-0.11428236678204719,-0.12486700959894272,0.0010333736909258976,0.0009197870517663513
DOGE,1726657200,2024-09-18,0.44079711421406415,0.45821628811061593,0.0009009064398471928,0.0008686684736815931
DOGE,1726765200,2024-09-19,0.5411486563168986,0.5959446289306168,0.0010230587938134413,0.0009332940856452448
DOGE,1726812000,2024-09-20,0.6247737424738237,0.6330731602715155,0.0010145588767368938,0.0010018326364858855
DOGE,1726927200,2024-09-21,-0.731734093034881,-0.8126119204509042,0.0008329712530474228,0.0007470459648203021
DOGE,1727175600,2024-09-24,-0.22081603979601105,-0.2260681190953517,0.0010403412544363045,0.001012675197085251
DOGE,1727218800,2024-09-24,0.34142040278639535,0.35310204936989664,0.0011660489093645245,0.001130360363931027
DOGE,1727308800,2024-09-26,1.5219503457522936,1.5439993427453254,0.0010319106938681093,0.0010174422857041178
DOGE,1727348400,2024-09-26,-1.0142857142857142,-1.0142857142857142,0.0013746033728180339,0.0013372651707271135
DOGE,1727373600,2024-09-26,0.34553310541697246,0.36804523853283116,0.0016802026478270732,0.0015848336207368475
DOGE,1727413200,2024-09-27,-0.6742113200111352,-0.7058233441197574,0.0017612648664058722,0.0016790544715140163
DOGE,1727449200,2024-09-27,0.5197629449268913,0.5756951215794202,0.00200607522191634,0.0018203887005252886
DOGE,1727535600,2024-09-28,0.3223204697854925,0.395280960876868,0.0021496241942823772,0.0017795952861502518
DOGE,1727694000,2024-09-30,-0.4461891550560525,-0.45240816176145654,0.0015872342116242802,0.0015639445355953784
DOGE,1727805600,2024-10-01,0.5377466602773183,0.6287774569806754,0.00237120651679518,0.0020428377873178854
DOGE,1727899200,2024-10-02,0.43833002296582657,0.4500708984756105,0.001903124151029822,0.0018564413934167318
DOGE,1727946000,2024-10-03,0.23390667077852573,0.2531272934253034,0.0016110187627248703,0.001501097129088322
DOGE,1728007200,2024-10-04,-0.12464277181280559,-0.1269766175510287,0.001635689185151046,0.001596896045547281
DOGE,1728046800,2024-10-04,-0.03864279572939894,-0.039088552323224425,0.0014184483657124392,0.0013583290092287813
DOGE,1728223200,2024-10-06,-0.28314861115365275,-0.28322630741194893,0.0007968394527723342,0.0007965963337548218
DOGE,1728367200,2024-10-08,-0.04051287777277742,-0.040995130124429485,0.0014355759383808241,0.0013798510105639636
DOGE,1728554400,2024-10-10,-0.39392673007633333,-0.39040602163558447,0.0011104650296386554,0.0011212700319185522
DOGE,1728694800,2024-10-12,0.05172249382645493,0.05280536527625497,0.0008184216656978201,0.0008075310245976522
DOGE,1728835200,2024-10-13,-0.24895518069305955,-0.28117511295617187,0.0008426859236509816,0.0007352002254702875
DOGE,1728882000,2024-10-14,-0.39415691660735463,-0.4536866060194983,0.0011097658386112258,0.0009543632108120887
DOGE,1728918000,2024-10-14,-0.3389550376547226,-0.36617138514590775,0.0011230342658908985,0.0010324984401901987
DOGE,1729058400,2024-10-16,-1.0142857142857142,-1.0142857142857142,0.0019375768439955782,0.0018850827550721614
DOGE,1729112400,2024-10-16,0.6996388660283145,0.705545039077718,0.002444348855269022,0.002424683382597408
DOGE,1729202400,2024-10-17,-0.6283171753194733,-0.6518203946229328,0.0023486142856519255,0.002260046153778997
DOGE,1729263600,2024-10-18,-0.11021204217781878,-0.11383502470083279,0.0023447713456870418,0.0022451383722783525
DOGE,1729303200,2024-10-19,-0.09230572414007683,-0.10509118340218075,0.0026449092606642514,0.0022029792037922703
DOGE,1729429200,2024-10-20,0.1988653369072974,0.22634761484818622,0.0022361003398063137,0.0019950311351760314
DOGE,1729476000,2024-10-21,0.2157677754048818,0.22455368556048455,0.002315282510984782,0.0022349196272143804
DOGE,1729616400,2024-10-22,0.214612862217356,0.2188771162848854,0.002467264633146584,0.002424746528004014
DOGE,1729681200,2024-10-23,0.3422563206929457,0.3416791732292995,0.0019801261252491197,0.001983212750268283
DOGE,1729782000,2024-10-24,0.14318442268105291,0.15484371297305646,0.0021791730037511994,0.0020406478501936005
DOGE,1729872000,2024-10-25,-1.0142857142857142,-1.0142857142857142,0.0018608113228363642,0.0017793352707468533
DOGE,1730034000,2024-10-27,-1.0142857142857142,-1.0142857142857142,0.0013153993298813096,0.001285814662949102
DOGE,1730048400,2024-10-27,0.31575701158586356,0.3482441328737631,0.001485292853517808,0.0013572384576345613
DOGE,1730124000,2024-10-28,-1.0142857142857142,-1.0142857142857142,0.0021060346762709512,0.0020864988821379473
DOGE,1730160000,2024-10-29,-0.2984512966154943,-0.3057992051618141,0.0032501233363565877,0.0031639789776147856
DOGE,1730214000,2024-10-29,-1.0142857142857142,-1.0142857142857142,0.0028745686360179138,0.002881073915711601
DOGE,1730228400,2024-10-29,-0.40868422349602784,-0.43310417421079683,0.0030592423048737766,0.0028745686360179138
DOGE,1730394000,2024-10-31,-0.4217896444636663,-0.4197628439162769,0.0028628233388424316,0.002877655903368772
DOGE,1730552400,2024-11-02,0.21374550644906667,0.23124886430808003,0.0026175872281979057,0.002441247784213129
DOGE,1730768400,2024-11-05,-0.31423946801922714,-0.3405029354220944,0.004110665360239889,0.0037645626956429564
DOGE,1730818800,2024-11-05,0.2350779688869231,0.26521296520955967,0.003955469471618543,0.00354973635405074
DOGE,1730854800,2024-11-06,-1.0142857142857142,-1.0142857142857142,0.005261099084815074,0.004360414399031617
DOGE,1730862000,2024-11-06,-0.06871582457866057,-0.07853610972069386,0.006832478292519121,0.0054895920073282835
DOGE,1731106800,2024-11-08,-0.3678007983979614,-0.37777888797006226,0.004127001151804459,0.004009078163481725
DOGE,1731196800,2024-11-10,-0.7132583793659232,-0.7392399404082474,0.004114497660389049,0.0039640744034959
DOGE,1731510000,2024-11-13,0.18476617678143994,0.20106704945538947,0.02272722345669766,0.021113932953366714
DOGE,1731628800,2024-11-15,-0.05493807305216906,-0.055945903662645326,0.014412148662965701,0.013881544713963063
DOGE,1731812400,2024-11-17,0.6548399480919823,0.7201228616586755,0.008436667112367928,0.007701026121011618
DOGE,1731898800,2024-11-18,0.4087388700987038,0.41147740359488316,0.008428144264890667,0.00837569382372841
DOGE,1732003200,2024-11-19,-0.6890064398325589,-0.7263057862417178,0.008076927514941481,0.007645152708398515
DOGE,1732042800,2024-11-19,0.9843085230653335,1.076626792377232,0.009429971000999626,0.008642276462614985
DOGE,1732122000,2024-11-20,0.10702625334974947,0.12491461667907124,0.008933991748714223,0.007892760344769165
DOGE,1732244400,2024-11-22,0.05749101338963756,0.07016326493488062,0.0075360565397949815,0.00656883011977921
DOGE,1732284000,2024-11-22,-0.36054931522297295,-0.4384938691219862,0.008640850923852006,0.006997839456456008
DOGE,1732316400,2024-11-22,-1.0142857142857142,-1.0142857142857142,0.009759910769783636,0.009697596213613144
DOGE,1732453200,2024-11-24,0.24568362880586414,0.2654356028609361,0.012063848376075135,0.011253375174234765
DOGE,1732550400,2024-11-25,0.008993085566597763,0.012850911284375465,0.010268049369599854,0.009311745474953689
DOGE,1732618800,2024-11-26,0.02051704934196602,0.022859544072560755,0.009603650214217194,0.009166238692233904
DOGE,1732755600,2024-11-28,0.2672153587336384,0.2858173047485051,0.007234941153043651,0.006806859703277776
DOGE,1732906800,2024-11-29,0.24233105741067018,0.25043939331574816,0.006749924874045862,0.006553765248972464
DOGE,1733018400,2024-12-01,0.5126411957381315,0.5542073846610939,0.006672846140711862,0.006196911228458929
DOGE,1733072400,2024-12-01,-0.6061561063120222,-0.677487693231564,0.006331786486180624,0.005635770062040672
DOGE,1733130000,2024-12-02,-0.105380369033441,-0.11559934461003024,0.011308207395478751,0.009980377195130966
DOGE,1733234400,2024-12-03,0.27931569051788996,0.31875195790086913,0.009474715492389854,0.008398924376419844
DOGE,1733346000,2024-12-04,-1.0142857142857142,-1.0142857142857142,0.007325211499909441,0.007150227769133245
DOGE,1733374800,2024-12-05,0.23122589535189556,0.2611136009919598,0.013010141709533468,0.011667844917959117
DOGE,1733518800,2024-12-06,0.33122412291199277,0.3225863592889188,0.007512202782144941,0.007696987611540709
DOGE,1733598000,2024-12-07,-0.14016214377786038,-0.1429024527677185,0.007220262763114294,0.007047206052584626
DOGE,1733634000,2024-12-08,0.48912304415861574,0.5328714873997933,0.008008032737633805,0.007384035255913331
DOGE,1733716800,2024-12-09,-0.45850284065071784,-0.46829899970249433,0.007808554487578832,0.007634597140469509
DOGE,1733778000,2024-12-09,-1.0142857142857142,-1.0142857142857142,0.009283181785448291,0.008479580384328927
DOGE,1733846400,2024-12-10,0.15547650086283674,0.17918109578157662,0.012745127277034,0.011290906298344307
DOGE,1733976000,2024-12-12,0.0822302408857798,0.08235876865600336,0.007684257607304415,0.007675354346327829
DOGE,1734184800,2024-12-14,-0.37137895868039933,-0.4015060120888205,0.004292287777228417,0.0039455406831690664
DOGE,1734310800,2024-12-16,0.816839248477751,0.899615165001484,0.004552309940068973,0.004146333781612741
DOGE,1734354000,2024-12-16,0.42836729890612185,0.4573927816679782,0.004233140239531856,0.003980304873342001
DOGE,1734480000,2024-12-18,-1.0142857142857142,-1.0142857142857142,0.005047849119570284,0.004985375974921842
DOGE,1734555600,2024-12-18,0.41102924142916825,0.5163745654540645,0.007272834359280015,0.005866898540763092
DOGE,1734685200,2024-12-20,-1.0142857142857142,-1.0142857142857142,0.01031564063082618,0.009595305294735883
DOGE,1734840000,2024-12-22,0.2190239895404398,0.22062539880087537,0.008019996092242337,0.007968457330107134
DOGE,1734901200,2024-12-22,0.3872413887108245,0.39796550903946143,0.007159815025908553,0.006979800797132287
DOGE,1734987600,2024-12-23,-0.1083510696646717,-0.11061940004003129,0.00680445706972629,0.0066163383827821595
DOGE,1735070400,2024-12-24,-0.2781273577225564,-0.31070000668157205,0.005358088912939047,0.004739480367780511
DOGE,1735124400,2024-12-25,0.44884598277308846,0.4966742745872379,0.004602142286673597,0.0041830763087254115
DOGE,1735189200,2024-12-26,-0.671880850548127,-0.6676688835679411,0.0040904555125944935,0.004117413628947919
DOGE,1735426800,2024-12-28,-0.49220368341528753,-0.5165179823278657,0.0027916213782874033,0.002652515330463358
DOGE,1735563600,2024-12-30,0.9455654337045217,0.92942150730782,0.00353426430739242,0.0035938231002687615
DOGE,1735664400,2024-12-31,0.30855086078814026,0.32824684326027387,0.004110420252385941,0.0038835295025694745
DOGE,1735779600,2025-01-02,-0.17463613929492983,-0.21139872864810136,0.003951281964576371,0.0031567651926207065
DOGE,1735815600,2025-01-02,0.2101721533781453,0.2212827471935897,0.004080887562839268,0.00389941737536537
DOGE,1735920000,2025-01-03,-1.0142857142857142,-1.0142857142857142,0.005045190973774517,0.0048209748948340935
DOGE,1736031600,2025-01-04,0.23141348743124024,0.24444884436696857,0.005923420572538878,0.005640606770426484
DOGE,1736089200,2025-01-05,0.31640210405972885,0.3344053185410985,0.004869938824542365,0.004628395657199469
DOGE,1736175600,2025-01-06,0.08521121399137621,0.09930432581651849,0.004620338162950529,0.004111133406254418
DOGE,1736262000,2025-01-07,-1.0142857142857142,-1.0142857142857142,0.004945788085300995,0.004400079476477995
DOGE,1736431200,2025-01-09,-0.17010226408893786,-0.182352206806996,0.006096601773755467,0.005610955756352038
DOGE,1736640000,2025-01-12,0.19982858908497686,0.21221582007425296,0.0037152861776394426,0.00352415434515017
DOGE,1736722800,2025-01-12,-0.5251041888629713,-0.5330500714571826,0.0033201664832818866,0.003267871597380493
DOGE,1736773200,2025-01-13,0.8596523218439708,0.8719221382255624,0.0045194532485855355,0.004457872729245959
DOGE,1736852400,2025-01-14,-0.3789485921709154,-0.4167241264041525,0.005121012156878899,0.004622628476638814
DOGE,1737050400,2025-01-16,0.06871340542335379,0.06942149406539315,0.006901677721571644,0.006851806777077155
DOGE,1737104400,2025-01-17,0.1338227887662025,0.1679085220863647,0.006967172784707053,0.005758493768146059
DOGE,1737162000,2025-01-18,0.9456748507122213,1.0544937553279965,0.007900613038832929,0.007106814041820076
DOGE,1737295200,2025-01-19,-0.5578522137838571,-1.0142857142857142,0.008928558182624403,0.008310754965903206
DOGE,1737327600,2025-01-19,0.41437791947842334,0.4529213840249063,0.011217019396114416,0.010319097811200138
DOGE,1737421200,2025-01-21,-0.049867352260852794,-0.05007492646386796,0.012074745425133386,0.01195818738091288
DOGE,1737460800,2025-01-21,0.32921953189930825,0.4597844837140535,0.013216017035059136,0.009682633730063683
DOGE,1737709200,2025-01-24,-0.04176340641994651,-0.04159928035866326,0.0058477097239460615,0.005921379702711143
DOGE,1737936000,2025-01-27,-1.0142857142857142,-1.0142857142857142,0.0031816955367375186,0.0027564413472557898
DOGE,1737964800,2025-01-27,0.7833420324496942,0.8723961992790197,0.005172965102361743,0.0046616547256203384
DOGE,1738184400,2025-01-29,0.04921195933631117,0.0562892248957877,0.005546538702329531,0.005083964756354878
DOGE,1738245600,2025-01-30,0.17540590840624257,0.18052397751864147,0.003922004335646346,0.003826004669157603
DOGE,1738339200,2025-01-31,0.6958250948162963,0.7847553606407764,0.0038613421887527997,0.0034391377417337826
DOGE,1738400400,2025-02-01,-0.12550395862540353,-0.12466606919984838,0.003507594404176555,0.0035381785891132125
DOGE,1738440000,2025-02-01,-1.0142857142857142,-1.0142857142857142,0.0036022522976201445,0.0033947332435909226
DOGE,1738537200,2025-02-02,-1.0142857142857142,-1.0142857142857142,0.008879727123123423,0.007759706132594454
DOGE,1738706400,2025-02-04,0.26173811026688654,0.2607950118060754,0.008040678661908473,0.008066884712824508
DOGE,1738778400,2025-02-05,0.16799037796743863,0.17469826080824036,0.005276421067781483,0.005102299611456977
DOGE,1738965600,2025-02-07,0.200442844622575,0.19950401166104134,0.004553677499278462,0.0045724219222998816
DOGE,1739242800,2025-02-11,-0.4634273724886762,-0.47255827614996265,0.0034165665814079515,0.003346302472285486
DOGE,1739368800,2025-02-12,1.2086676129366467,1.454783356177228,0.003826492339358343,0.0031916071346935995
DOGE,1739523600,2025-02-14,-1.0142857142857142,-1.0142857142857142,0.003216131821109313,0.0031173727304254135
DOGE,1739559600,2025-02-14,-0.1567856412860186,-0.1763279414611159,0.00483565734931541,0.00419609253003198
DOGE,1739700000,2025-02-16,-0.26336333720308147,-0.2683868865565993,0.003151727009302214,0.0030857060100177676
DOGE,1739872800,2025-02-18,-0.5356152175808756,-1.0142857142857142,0.0033076883959456357,0.0032190490417876062
DOGE,1740013200,2025-02-20,0.2156598254022449,0.2186154484839175,0.0027608494134760374,0.002727837829897269
DOGE,1740063600,2025-02-20,0.2744325620236267,0.30314387901960343,0.002395065108842614,0.0021877624249074324
DOGE,1740132000,2025-02-21,1.3403513787902088,1.4450208651276129,0.0023188200950524035,0.002154113948517976
DOGE,1740168000,2025-02-21,0.2699621747672546,0.30000527181325903,0.003943083270955563,0.003582551214875222
DOGE,1740470400,2025-02-25,0.19205092606648577,0.21484409777157137,0.005542761724504768,0.00502374339562052
DOGE,1740708000,2025-02-28,-1.0142857142857142,-1.0142857142857142,0.003997751160490289,0.003364501249758772
DOGE,1740913200,2025-03-02,-1.0142857142857142,-1.0142857142857142,0.0025262718653279864,0.0025044466241993697
DOGE,1740931200,2025-03-02,-1.0142857142857142,-1.0142857142857142,0.003518217464622671,0.0024742341926705697
DOGE,1741032000,2025-03-03,-0.44640403913811383,-0.4731743495491234,0.005743926968134439,0.005398075196452473
DOGE,1741107600,2025-03-04,0.8237779962118242,0.8951627250406881,0.005272820727753279,0.004865345399118916
DOGE,1741226400,2025-03-06,-1.0142857142857142,-1.0142857142857142,0.003295051701355131,0.0031000556783824483
DOGE,1741489200,2025-03-09,-0.5840801317765648,-0.5818080008796274,0.0025459289946776205,0.0025563850711912838
DOGE,1741528800,2025-03-09,-1.0142857142857142,-1.0142857142857142,0.00251896836641486,0.0023496582407544647
DOGE,1741568400,2025-03-10,0.689950972929663,0.7396999200134393,0.003610584317017676,0.003376783110634419
DOGE,1741618800,2025-03-10,-0.7490865751765008,-1.0142857142857142,0.004167653042418362,0.003916703276450542
DOGE,1741770000,2025-03-12,0.18008077851930973,0.18089354943975575,0.003779358194032902,0.0037646934397277407
DOGE,1741968000,2025-03-14,0.14439917414658632,0.15752761486440667,0.0023786040226690896,0.002210804332105173
DOGE,1742047200,2025-03-15,-0.08504059805126554,-0.08758419497338008,0.0019226673523184263,0.0018397956101890744
DOGE,1742284800,2025-03-18,-0.6928317275517377,-1.0142857142857142,0.002185029834925602,0.002020032129919879
DOGE,1742425200,2025-03-19,0.21093965465326342,0.2113418747569266,0.002397741710127674,0.002393721841675956
DOGE,1742554800,2025-03-21,0.2720178438712198,0.27391301765654735,0.0017014199052168388,0.001690759897925826
DOGE,1742637600,2025-03-22,0.1101147090324518,0.10858730079066872,0.001297894678660077,0.001312348115480083
DOGE,1742713200,2025-03-23,-0.6099761536963592,-0.6442986958181561,0.0010958680409863329,0.0010347809672160506
DOGE,1742832000,2025-03-24,-1.0142857142857142,-1.0142857142857142,0.0019094933030966881,0.0014248389417964337
DOGE,1742911200,2025-03-25,-0.06535956383040441,-0.06778031642766419,0.002718267704955237,0.0025504421437979484
DOGE,1743084000,2025-03-27,-0.025834547678535078,-0.025666278667046773,0.003131823746400828,0.002950425573047046
DOGE,1743152400,2025-03-28,-0.008619363965866069,-0.009056502666794931,0.0028640072229377603,0.002928161624702203
DOGE,1743271200,2025-03-29,0.5042818009283724,0.529901392635432,0.002605917261447217,0.002486372435404693
DOGE,1743375600,2025-03-30,-0.1864520925117403,-0.19726060495399766,0.0022259126777008325,0.002083290575985512
DOGE,1743408000,2025-03-31,0.41522446261898527,0.4297271633856317,0.002607376228831216,0.0025248667079720774
DOGE,1743476400,2025-04-01,-0.2811220225327723,-0.282784380004225,0.0023870747377827415,0.002371465102227567
DOGE,1743609600,2025-04-02,1.0070510785494327,1.115247930221655,0.0026595460173446032,0.002407972634063417
DOGE,1743652800,2025-04-03,-0.8371030956809148,-1.0142857142857142,0.0036326874711576835,0.0033044326612467344
DOGE,1743922800,2025-04-06,-1.0142857142857142,-1.0142857142857142,0.0014456069027398296,0.0013983458952582775
DOGE,1743948000,2025-04-06,-1.0142857142857142,-1.0142857142857142,0.0015257941381199847,0.0013870090718215218
DOGE,1743966000,2025-04-06,-1.0142857142857142,-1.0142857142857142,0.002086353496543448,0.001782226842431404
DOGE,1743998400,2025-04-07,-1.0142857142857142,-1.0142857142857142,0.003184054883177374,0.0028928283357294794
DOGE,1744009200,2025-04-07,1.090477687577499,1.3252890884182287,0.0038068034177626414,0.0031465575268213074
DOGE,1744113600,2025-04-08,0.831275621031387,0.877053499891778,0.003379338554521415,0.003208518443330755
DOGE,1744243200,2025-04-10,0.0758578118351263,0.10285290186245101,0.003939783242958008,0.0031305358001086246
DOGE,1744365600,2025-04-11,-0.19280266233732382,-0.19490560403755536,0.002035457608278239,0.0020097235781457953
DOGE,1744441200,2025-04-12,-0.5353450812798962,-0.5618370139996625,0.0017984924167967597,0.0017091456796272805
DOGE,1744599600,2025-04-14,0.3472164021072973,0.3748026070286333,0.002683885283751221,0.002500337997885929
DOGE,1744646400,2025-04-14,-0.21422128459217235,-0.23167246337034325,0.002862531557089805,0.0026165724460967123
DOGE,1744729200,2025-04-15,-0.5288173012680584,-0.5633548848251538,0.002141803920645913,0.0020034811453109834
DOGE,1745035200,2025-04-19,0.3120658804109906,0.31425688857261785,0.0011910447711269711,0.0011834328304444295
DOGE,1745139600,2025-04-20,-1.0142857142857142,-1.0142857142857142,0.0010886489899792728,0.0010985450661315254
DOGE,1745197200,2025-04-21,-0.5249990765358985,-0.6269707660674276,0.0016172691955195094,0.0013416745182517806
DOGE,1745308800,2025-04-22,-1.0142857142857142,-1.0142857142857142,0.0019517441890499528,0.001858801434361488
DOGE,1745341200,2025-04-22,-1.0142857142857142,-1.0142857142857142,0.0021981109569818697,0.0020271964152112436
DOGE,1745370000,2025-04-23,0.02965041581342377,0.03599770940080227,0.002748109437110655,0.002477964009196091
DOGE,1745463600,2025-04-24,-0.17105597125501565,-0.17308982380621576,0.0025867467560317667,0.002550342660341904
DOGE,1745586000,2025-04-25,0.4275710163320184,0.4550982748953962,0.0025806474935522006,0.002433774223825447
DOGE,1745733600,2025-04-27,0.5248682480344482,0.5226209426091739,0.002090820203277375,0.0020993448342987112
DOGE,1745805600,2025-04-28,0.6426208175857837,0.705602215602336,0.0020943541790931766,0.0019146891159464985
DOGE,1745967600,2025-04-29,-0.10935975800373164,-0.10889876308694439,0.0019451182893258933,0.0019562812346586526
DOGE,1746036000,2025-04-30,0.2564774498655928,0.29965626590900835,0.0019445286623296476,0.0016887231748165439
DOGE,1746111600,2025-05-01,-0.012580673565844696,-0.010513740424057965,0.0019654213586282566,0.00174045377083043
DOGE,1746154800,2025-05-02,0.34275768453902566,0.3639249788011224,0.001992841320200718,0.0018853675756007728
DOGE,1746255600,2025-05-03,-0.15371571366746883,-0.1556657297448485,0.0014840013315171022,0.0014612322031722635
DOGE,1746478800,2025-05-05,0.05648613165913077,0.05960923476299875,0.0017803070181898644,0.0017172537118967776
DOGE,1746522000,2025-05-06,0.024004657515841174,0.027241395017378305,0.0017389763718205539,0.0016381284004221353
DOGE,1746669600,2025-05-08,-1.0142857142857142,-1.0142857142857142,0.0016874976466970015,0.0016526897733660016
DOGE,1746702000,2025-05-08,-1.0142857142857142,-1.0142857142857142,0.0018776567833494226,0.0018536303820686092
DOGE,1746738000,2025-05-08,-0.3174719106570694,-0.3509564138170593,0.002561435670365685,0.002295392260393815
DOGE,1746777600,2025-05-09,0.5778275055248584,0.7218158159678475,0.0034253735294545312,0.002768094570181802
DOGE,1746925200,2025-05-11,0.44269139291718457,0.46324395522914236,0.005086636899492362,0.004874070507145619
DOGE,1747076400,2025-05-12,-0.17755094476686953,-0.1834240464966991,0.007019181646035526,0.006752964849576722
DOGE,1747321200,2025-05-15,0.08975437468419903,0.09420171018928596,0.004901720369030463,0.004724160397417423
DOGE,1747393200,2025-05-16,0.13937271206757051,0.13389548402424686,0.00421908990617617,0.004361327591266646
DOGE,1747490400,2025-05-17,-0.05302962023669538,-0.053751771633322135,0.003154070349870454,0.003063614222937412
DOGE,1747580400,2025-05-18,-0.21917438612050563,-0.23552129871523042,0.00313291496008981,0.0028854468800967167
DOGE,1747803600,2025-05-21,0.19963149119077,0.19944118874385394,0.003518172088655911,0.0035211084031679034
DOGE,1747846800,2025-05-21,-0.21054565559402977,-0.22600948287234146,0.0038152969552082416,0.0035164736440704133
DOGE,1747958400,2025-05-23,-0.04981530478932758,-0.05047205356846118,0.003496806021827797,0.0033919449465837806
DOGE,1748008800,2025-05-23,-0.5928271048030116,-0.6854561372396103,0.004567331735773525,0.003923280330833025
DOGE,1748044800,2025-05-24,0.01667182524904522,0.018323105343654437,0.004294247161281804,0.004143035404457326
DOGE,1748138400,2025-05-25,-0.531529101292187,-0.5835902570681168,0.002635836686898161,0.0023885933551210945
DOGE,1748354400,2025-05-27,0.5066158341637249,0.5335342928085951,0.002354316120231604,0.0022415712064032646
DOGE,1748444400,2025-05-28,0.14919617555353604,0.14916060712889884,0.0021054776325983007,0.0021058989889520146
DOGE,1748548800,2025-05-29,-1.0142857142857142,-1.0142857142857142,0.002607357620548215,0.0024848466682826946
DOGE,1748631600,2025-05-30,-1.0142857142857142,-1.0142857142857142,0.0034910182855970484,0.003027250461412206
DOGE,1748905200,2025-06-02,0.007394160756208123,0.008112185938150478,0.002303789383300161,0.0022586962589386346
DOGE,1748984400,2025-06-03,0.2836695377998744,0.3104141134499642,0.0021869556413206897,0.002014413767576126
DOGE,1749049200,2025-06-04,-0.5181218005671273,-0.5383368609248851,0.0019201292732512812,0.001843985371193688
DOGE,1749157200,2025-06-05,0.5827972234482338,0.6323781545629917,0.003280695336747135,0.0030345949780353778
DOGE,1749279600,2025-06-07,-0.3288661387233189,-0.33511593081344476,0.002102696284956834,0.0020598267684150524
DOGE,1749376800,2025-06-08,0.6973606640147181,0.7336996497820663,0.001574330649559372,0.0014992791610639394
DOGE,1749452400,2025-06-09,0.7020136336145884,0.7146644529051309,0.0015721255306462723,0.0015453659560806007
DOGE,1749528000,2025-06-10,-0.5602927838805951,-0.7102902748103259,0.002385782357441378,0.0018608425387830227
DOGE,1749560400,2025-06-10,0.18114350613471428,0.18904453384016112,0.0025068042314245176,0.0024157891723033268
DOGE,1749600000,2025-06-11,-0.3861907478298628,-0.3859579483853532,0.0026524613674071404,0.0026541891648999977
DOGE,1749632400,2025-06-11,0.17543582363719512,0.2140944013183549,0.002885051497921983,0.0024254400746852142
DOGE,1749718800,2025-06-12,0.0673885877847551,0.06461412835451263,0.0023819444519790063,0.002452863255977392
DOGE,1749762000,2025-06-12,-1.0142857142857142,-1.0142857142857142,0.00280746953512366,0.0025872748839793256
DOGE,1749978000,2025-06-15,0.33182616743294857,0.32660603971549684,0.001458706416309996,0.0014801453714107639
DOGE,1750060800,2025-06-16,-0.026802453557785936,-0.0268121011838041,0.0016151403129602262,0.0016239972601110129
DOGE,1750104000,2025-06-16,1.1093145129219963,1.111768568803191,0.0015467279591222214,0.0015433993405931609
DOGE,1750176000,2025-06-17,0.29486490925864534,0.32100932547093974,0.001987584781506191,0.0018389374570066668
DOGE,1750395600,2025-06-20,0.4846068548154363,0.5043736806520861,0.001369615912463093,0.0013188171364987152
DOGE,1750449600,2025-06-20,-0.13459052022193188,-0.14601506676301484,0.0018325540358919087,0.0016542889617297467
DOGE,1750528800,2025-06-21,-1.0142857142857142,-1.0142857142857142,0.0014801761761321158,0.001379420497373049
DOGE,1750543200,2025-06-21,0.5948500401791641,0.7919343514046004,0.002071517642818338,0.001573942076881288
DOGE,1750600800,2025-06-22,0.19931306537573343,0.2531861215183569,0.0026078374355014452,0.002109209545924634
DOGE,1750719600,2025-06-23,0.09494281181010267,0.10774905090049045,0.002845247400971867,0.002577958739508165
DOGE,1750860000,2025-06-25,0.5121668858788264,0.5453560915016648,0.0017753504317074102,0.001672685080300288
DOGE,1750910400,2025-06-26,1.1003825881184386,1.1297619859504309,0.0018500057555002856,0.0018030831213080006
DOGE,1751050800,2025-06-27,0.5888261884737596,0.6072907814783,0.0019019926249565899,0.0018467612884147902
DOGE,1751097600,2025-06-28,0.08419053863067286,0.08220143737275122,0.0013175668379848246,0.0013412258255221178
DOGE,1751133600,2025-06-28,0.09568155865692246,0.1061518312950244,0.0012187117171699924,0.0011239972338753757
DOGE,1751191200,2025-06-29,0.07965076906006532,0.08124686036619035,0.0009504255606357183,0.0009366121422230819
DOGE,1751248800,2025-06-30,0.7166068217870948,0.9667490476799052,0.00129595071414075,0.0009702546152284993
DOGE,1751295600,2025-06-30,0.3934776692841529,0.40651069001837536,0.0013674780021454825,0.00132651477154129
DOGE,1751349600,2025-07-01,-0.5702585324291001,-0.5696258583121597,0.0014926909332216415,0.0014944363896233063
DOGE,1751414400,2025-07-02,0.9262783689711633,0.9116340604036088,0.0013165870280103205,0.001337093722472651
DOGE,1751475600,2025-07-02,0.35827485023594247,0.4674488809998573,0.0017947328236584599,0.0013997122716321883
DOGE,1751544000,2025-07-03,0.004436965231660982,0.007685962394653688,0.001990835607036871,0.0018124383460397086
DOGE,1751612400,2025-07-04,-1.0142857142857142,-1.0142857142857142,0.0016467308926712775,0.0016380178844152232
DOGE,1751799600,2025-07-06,-1.0142857142857142,-1.0142857142857142,0.0009232022780180175,0.0008672947609424794
DOGE,1751860800,2025-07-07,0.7897111201488238,0.8633084511933835,0.0020600638353471387,0.0018900687457584571
DOGE,1752091200,2025-07-09,-0.647983602310958,-1.0142857142857142,0.0018127786156965822,0.0015345308169040124
DOGE,1752174000,2025-07-10,-1.0142857142857142,-1.0142857142857142,0.002106946044456835,0.002002095740184284
DOGE,1752246000,2025-07-11,0.4829884501140395,0.5165288746556478,0.0031779550223755087,0.0029824131010197786
DOGE,1752325200,2025-07-12,-0.01210092582272333,-0.010795783751306395,0.003642876050320316,0.003375404977268031
DOGE,1752465600,2025-07-14,-0.18853054516886392,-0.2009088657448309,0.002911458225205973,0.002702339627144894
DOGE,1752526800,2025-07-14,-0.39383332024279244,-0.39784179283791776,0.0032774918063994394,0.0032419142530455505
DOGE,1752670800,2025-07-16,-1.0142857142857142,-1.0142857142857142,0.0026446995519399316,0.0026542918251660805
DOGE,1752699600,2025-07-16,-0.13027316520836982,-0.1322712955592848,0.0032307356731220657,0.003168484571054533
DOGE,1752793200,2025-07-17,-1.0142857142857142,-1.0142857142857142,0.0046568774648711245,0.004488175731399673
DOGE,1752901200,2025-07-19,0.4721345505773862,0.480558150997963,0.006699112561004183,0.006588275065696813
DOGE,1753030800,2025-07-20,-1.0142857142857142,-1.0142857142857142,0.0048458380436369975,0.004120902508532151
DOGE,1753045200,2025-07-20,-0.30013873323988133,-0.3279566126655046,0.005733911374360476,0.005201135326234359
DOGE,1753081200,2025-07-21,-0.20536271076793422,-0.20661812165959823,0.006238187365094856,0.006194201777794462
DOGE,1753120800,2025-07-21,0.8614986101079333,0.8920821410672601,0.006718572404563577,0.006495385666453086
DOGE,1753293600,2025-07-23,0.29810858533163803,0.30550162593102836,0.005405026970025213,0.005285413660027153
DOGE,1753340400,2025-07-24,0.5767808579348287,0.6192946514034383,0.006135742438047818,0.005733107240974574
DOGE,1753459200,2025-07-25,0.7228240528922462,0.7212431153657741,0.005140910796179543,0.005151750088193353
DOGE,1753491600,2025-07-26,-0.393937582612055,-0.3846049560389692,0.004535567508966898,0.004654457317348967
DOGE,1753570800,2025-07-26,0.2794106613748539,0.2866601504083317,0.0029408018040018662,0.0028731711735404722
DOGE,1753610400,2025-07-27,0.6017231735019143,0.5873862450516515,0.0027243496160277224,0.0027877611249529305
DOGE,1753657200,2025-07-27,-0.022660591629997767,-0.02260204940199475,0.002900241930665215,0.0028717990022548473
DOGE,1753714800,2025-07-28,-0.6815705747351127,-0.7255970909116143,0.0035747148032266997,0.003348923634244139
DOGE,1753801200,2025-07-29,0.10090700848919475,0.1096369101906104,0.003552715111819124,0.003328308581959058
DOGE,1753876800,2025-07-30,-0.0006359260062187732,0.0008779374419795473,0.0032728450549674554,0.0031046023668880296
DOGE,1753952400,2025-07-31,0.8448378239192036,0.8237858564073506,0.002783836517068099,0.0028525931722271835
DOGE,1754006400,2025-08-01,-0.4757630866792288,-0.48442958315694074,0.0032073176864582014,0.0031463421238780626
DOGE,1754089200,2025-08-01,-0.07470807224765605,-0.07970292251525458,0.004334949057056146,0.0039114835999066195
DOGE,1754564400,2025-08-07,-0.6755440776332102,-0.8187548173174675,0.0020976819640072023,0.0017175036535462187
DOGE,1754643600,2025-08-08,-0.19852520265755041,-0.20711136631894042,0.0028242973866338577,0.002688474108682615
DOGE,1754704800,2025-08-09,-0.42320963958702046,-0.4330098101044166,0.003171078057059,0.0030942379076020015
DOGE,1754917200,2025-08-11,-0.46225673871566514,-0.4901892926095713,0.003386260484781032,0.0031813574451488033
DOGE,1754996400,2025-08-12,1.3881783227109548,1.366214003740387,0.002942348445657539,0.002988682941477349
DOGE,1755093600,2025-08-13,-0.2287130191258769,-0.25234518785957266,0.003868689721815032,0.003460127392723879
DOGE,1755147600,2025-08-14,1.6911545946807807,1.846930957819567,0.003995653074106461,0.0036637802336531105
DOGE,1755306000,2025-08-16,0.08689956613724113,0.09512636508715054,0.004354835117908567,0.004065207050055379
DOGE,1755450000,2025-08-17,0.7337035154527379,0.8541497174576641,0.0028336232443861215,0.0024469788785696687
DOGE,1755486000,2025-08-18,-0.3197612607179044,-0.3287552367812044,0.0033753140884491386,0.0032741844029452265
DOGE,1755565200,2025-08-19,-0.13859171194016404,-0.14610977302598724,0.0030903392500860522,0.00289267303855421
DOGE,1755702000,2025-08-20,1.2171727765046931,1.36508122399761,0.0031306587533045617,0.0027984017343279884
DOGE,1755860400,2025-08-22,2.662862603113748,2.7476661774332487,0.0026411836013385676,0.00256050541682615
DOGE,1756036800,2025-08-24,0.4376648006496982,0.4371426454531224,0.0022122445807174255,0.002214724933080303
DOGE,1756076400,2025-08-24,-0.5588461321156687,-0.5786018783768025,0.0040356441400970135,0.003890693689335247
DOGE,1756155600,2025-08-25,0.23598043903283047,0.2609848068920675,0.0036935776186035273,0.0033746220508038
DOGE,1756321200,2025-08-27,0.19474450317344733,0.19464220606010907,0.0024948639033034064,0.0024960072804805907
DOGE,1756468800,2025-08-29,-0.6785641703309346,-0.7026891787880165,0.002593435553066525,0.002500622903302412
DOGE,1756605600,2025-08-31,0.29521412064550523,0.300378058539651,0.0016942430874327956,0.0016676464018507019
DOGE,1756688400,2025-09-01,0.8187728075540728,0.8635197884259402,0.001743261822251993,0.001655820423963683
DOGE,1756760400,2025-09-01,0.6018606209920924,0.6680937792678779,0.002719223610970596,0.002460702350276026
DOGE,1756850400,2025-09-02,-0.12911807492501629,-0.12789775690702623,0.0027847771174320103,0.0028189907418498567
DOGE,1756922400,2025-09-03,0.2622233196401086,0.26124777337688837,0.0021124374427795895,0.002119548015301097
DOGE,1757188800,2025-09-06,0.9239524065886169,0.9552792341362037,0.0014427835436315436,0.0013968438162185843
DOGE,1757257200,2025-09-07,-1.0142857142857142,-1.0142857142857142,0.001588083931151215,0.0012202442335474634
DOGE,1757422800,2025-09-09,0.40822526445898577,0.4778118993151605,0.0030612476661991614,0.0026405744097529444
DOGE,1757566800,2025-09-11,-0.1575512953393959,-0.17032842097587064,0.003278474024305331,0.0029829720261749727
DOGE,1757631600,2025-09-11,-0.4231253661239155,-0.4330286943086357,0.003193479725018306,0.0031152858577120227
DOGE,1757689200,2025-09-12,-1.0142857142857142,-1.0142857142857142,0.003144153180620817,0.0030375495791301124
DOGE,1757757600,2025-09-13,0.3543836889160624,-1.0142857142857142,0.004424240953879059,0.003705336411869756
DOGE,1757858400,2025-09-14,-0.026183203275238237,-0.026158981162047797,0.00478538245398513,0.004737334950445522
DOGE,1758034800,2025-09-16,0.8534430175218971,0.8782437151645109,0.003909880891232628,0.0038029486520966783
DOGE,1758132000,2025-09-17,-1.0142857142857142,-1.0142857142857142,0.0036490911876483545,0.0031036366636213023
DOGE,1758211200,2025-09-18,0.19349523938501315,0.20666913883877236,0.003975640067830069,0.0037529969961246907
DOGE,1758427200,2025-09-21,0.3843867924294511,0.38080785239870757,0.00198567302525807,0.002003032488739461
DOGE,1758474000,2025-09-21,-1.0142857142857142,-1.0142857142857142,0.002032666204251385,0.0018551789891937988
DOGE,1758524400,2025-09-22,0.3994378258216223,0.4992125343980301,0.003965201312176149,0.0032156014131127764
DOGE,1758686400,2025-09-24,0.7469212323503959,0.7890800922922336,0.0032569157813975595,0.0030889862261204485
DOGE,1758722400,2025-09-24,0.266550555123749,0.26778669690997053,0.0028172369981333887,0.002805485997989803
DOGE,1758801600,2025-09-25,-1.0142857142857142,-1.0142857142857142,0.0028756634485048414,0.002924560636851366
DOGE,1759107600,2025-09-29,0.4113706211886204,0.45514941948432286,0.0017275002478497354,0.0015711541130689448
DOGE,1759179600,2025-09-29,0.5621517247787805,0.5970360480307967,0.0025682806718148542,0.002425071492723688
DOGE,1759240800,2025-09-30,0.37778297842566005,0.38645183926129356,0.0021234103235979783,0.002079057271567053
DOGE,1759366800,2025-10-02,-0.8865900887075175,-0.9291024121498968,0.0025407372837954827,0.0024207939979335974
DOGE,1759510800,2025-10-03,0.7432465172251144,0.7917808107686474,0.0032502113253955367,0.003057919888887499
DOGE,1759550400,2025-10-04,-0.3764949408145038,-0.3745946322313072,0.002939890829058238,0.0029560362774473325
DOGE,1759582800,2025-10-04,-0.06880927993787381,-0.06901385423504937,0.002627234857834776,0.0026139452315143744
DOGE,1759762800,2025-10-06,-0.1124677580130378,-0.11555415024066992,0.002894729059942433,0.002792015910707235
DOGE,1759852800,2025-10-07,-0.1723379724781007,-0.17793988290109936,0.003636848522953731,0.0035004522554886314
DOGE,1760022000,2025-10-09,0.47554687486190156,0.5002088811456761,0.003162522970159453,0.003015024737094795
DOGE,1760130000,2025-10-10,-1.0142857142857142,-1.0142857142857142,0.004679401427762845,0.003617816922206141
DOGE,1760137200,2025-10-10,-0.12261252589494888,-0.2972260581324315,0.01336801561149407,0.004679401427762845
DOGE,1760378400,2025-10-13,0.30633217590125256,0.30466843791002546,0.004555681889768233,0.0045784266505196364
DOGE,1760421600,2025-10-14,-0.25202445886885,-0.2584609890265017,0.0037463929490175038,0.003641500098941927
DOGE,1760518800,2025-10-15,0.6615486895260343,0.6747766795977171,0.0032623720311695135,0.00320101603356717
DOGE,1760608800,2025-10-16,-0.27151769492701744,-0.3089056196872124,0.0032811488280956196,0.0028435448917952843
DOGE,1760691600,2025-10-17,0.5095745288649878,0.5163749737521932,0.003424455981488766,0.00338172182621867
DOGE,1760940000,2025-10-20,-0.008232830421278436,-0.008661317975716173,0.0023881404319435686,0.002439535849785382
DOGE,1761048000,2025-10-21,0.4467922832821188,0.4747879985633587,0.0021938089022210307,0.002071794202391879
DOGE,1761112800,2025-10-22,0.04437951042421836,0.049950048991692364,0.002741568549404547,0.0025470738224356664
DOGE,1761170400,2025-10-22,0.8568740111054941,0.9121076976739664,0.002829891231501013,0.002663729018539553
DOGE,1761282000,2025-10-24,-0.006205582099334028,-0.004738088865080107,0.0017884411417155542,0.0016783212295398277
DOGE,1761472800,2025-10-26,-0.6383465076907493,-1.0142857142857142,0.0012463612010803185,0.0010222351396249585
DOGE,1761519600,2025-10-26,-0.13900826818856435,-0.16005009965001865,0.0017075047531708051,0.0014342358880300987
DOGE,1761688800,2025-10-28,0.00332325601898637,0.005939285238561426,0.002508254934242004,0.0023181206984144672
DOGE,1761764400,2025-10-29,0.35395082997622146,0.4505682261682804,0.0027337344751770026,0.0021824832809598477
DOGE,1761829200,2025-10-30,-0.520459032168105,-0.5616960541349996,0.0027822848524021557,0.002567075994894629
DOGE,1762030800,2025-11-01,0.08632170431872653,0.08546843837048013,0.0012185236530529075,0.0012276408571338991
DOGE,1762070400,2025-11-02,1.0698449397948724,1.0954105959075473,0.0011731174677303395,0.001146434196017287
DOGE,1762102800,2025-11-02,0.014170875703660964,0.015769824712910968,0.0014706072572175503,0.0014175770462342854
DOGE,1762142400,2025-11-03,-0.20240820475755528,-0.23981837879988832,0.002038036611461263,0.0016771163508044363
DOGE,1762275600,2025-11-04,-0.0622895483836335,-0.06343436550517965,0.0037283895547691897,0.0036059579820591258
DOGE,1762531200,2025-11-07,-1.0142857142857142,-1.0142857142857142,0.0027530708599115042,0.0024886916952893126
DOGE,1762736400,2025-11-10,-0.15344049548266303,-0.16961907112796507,0.0022881110012409967,0.0020256580013364575
DOGE,1762826400,2025-11-11,0.8092244795454926,0.885652164898956,0.0027794017683916016,0.002547048058267879
DOGE,1762916400,2025-11-12,0.6439366609710646,0.6436928368391289,0.0021199957411429855,0.0021207646443078304
DOGE,1762963200,2025-11-12,-0.07816348019122848,-0.08490559854977874,0.0023045167633291446,0.002028710360508309
DOGE,1763096400,2025-11-14,-0.014886045093974459,-0.013915741919037102,0.002714053077434985,0.0025343648526222917
DOGE,1763164800,2025-11-15,0.34135504394344035,0.3539467747390896,0.003228440793021938,0.003122167007869779
DOGE,1763229600,2025-11-15,0.045082862683563416,0.044443438866709886,0.0018619805418814757,0.001878286737410821
DOGE,1763287200,2025-11-16,1.7705796517019359,1.8171029686844924,0.001581698344800432,0.0015418289867081582
DOGE,1763431200,2025-11-18,0.3239650224809977,0.32507112076446865,0.002950049553444179,0.002940822596016807
DOGE,1763575200,2025-11-19,1.031897501083682,1.1066305197833048,0.0023547534371940342,0.0021997344708243436
DOGE,1763665200,2025-11-20,-0.052360518171544156,-0.05271980765314704,0.002522164614475592,0.0024846388155891
DOGE,1763953200,2025-11-24,0.30506226767155636,0.3272000142524045,0.0019182714672018341,0.0017989077339096676
DOGE,1763996400,2025-11-24,1.106751544219724,1.2089319748751037,0.0020787036434205303,0.0019070654621451857
DOGE,1764115200,2025-11-26,0.38484924003127546,0.3875369424538097,0.001983451874265183,0.0019706404799778887
DOGE,1764190800,2025-11-26,0.14243816152843186,0.16029954818458847,0.0018211175832110586,0.0016488958588426778
DOGE,1764316800,2025-11-28,-0.4313701332710641,-0.4299639564498238,0.0011420096306988166,0.0011460103715218019
DOGE,1764352800,2025-11-28,0.04081922300417429,0.042516326683714876,0.0017705143281914256,0.0017282461995907646
DOGE,1764439200,2025-11-29,0.05766876266619634,0.06086662018858141,0.0011264220979659062,0.0010861468747325133
DOGE,1764594000,2025-12-01,-0.11647849693754558,-0.12363699225458889,0.001430081653851767,0.0013223956272249797
DOGE,1764680400,2025-12-02,-1.0142857142857142,-1.0142857142857142,0.0012759428273075562,0.0013140922755619834
DOGE,1764734400,2025-12-03,-0.4115904751128304,-0.40041648769844346,0.001476987347816218,0.0015213709899559262
DOGE,1764799200,2025-12-03,0.270720739325406,0.27388179113781413,0.001584691365693213,0.0015681291630542295
DOGE,1764878400,2025-12-04,0.04870726372406523,0.05516673628114083,0.001552821307342453,0.00143303833098418
DOGE,1765090800,2025-12-07,0.475071287866217,0.4749498710152605,0.0008225785874876366,0.0008227769403713019
DOGE,1765141200,2025-12-07,-0.13095189025875373,-0.14257865421680987,0.0014790768563932037,0.0013282366145772964
DOGE,1765195200,2025-12-08,-0.1607339544601771,-0.16596515574811307,0.0014916698649419526,0.001434875239168258
DOGE,1765555200,2025-12-12,0.17082046875716955,0.22782070314524813,0.0014472575487652355,0.0011255081294394848
DOGE,1765735200,2025-12-14,0.6422870764007664,0.7316824344349186,0.0009965908214864655,0.000879405500062348
DOGE,1765983600,2025-12-17,1.3580725477907347,1.7335266154338747,0.0013846380417250977,0.0010896101987808743
DOGE,1766080800,2025-12-18,-0.3493248261093646,-0.4302908525168562,0.0020220251244407257,0.001614488595551551
DOGE,1766160000,2025-12-19,-0.09668227788970975,-0.10079474108340004,0.0016779370016611465,0.0015823936940966188
DOGE,1766307600,2025-12-21,0.8661202967424434,0.9718780552058903,0.000779198954699492,0.0006968296435225306
DOGE,1766365200,2025-12-22,0.27976882515557555,0.32877176717018375,0.0011212103562072335,0.0009674573066847121
DOGE,1766415600,2025-12-22,0.37042463455819646,0.3843545021208635,0.001188697729409988,0.0011485975547492165
DOGE,1766502000,2025-12-23,0.09937789334367518,0.1109018849965498,0.001272825368822272,0.0011676580895009082
DOGE,1766545200,2025-12-24,-0.004324823284405532,-0.0033149097015799456,0.0012962050174252751,0.0012443746341502964
DOGE,1766660400,2025-12-25,0.17292767879831158,0.1912240908976891,0.0008933042054112657,0.0008189429904429015
DOGE,1766714400,2025-12-26,0.005075954240972877,0.013854936144775063,0.0010189712072666628,0.0008081228385948666
DOGE,1766872800,2025-12-27,-0.3979504921152197,-0.4025098677857962,0.0005955941246083002,0.0005883321341935534
DOGE,1766970000,2025-12-29,-1.0142857142857142,-1.0142857142857142,0.0007401222483875424,0.0006493624213404298
DOGE,1767013200,2025-12-29,0.009043769239255284,0.013439948524156807,0.0010633999640602726,0.0009521230382187553
DOGE,1767196800,2025-12-31,-1.0142857142857142,-1.0142857142857142,0.0007677564032508212,0.0006421992035008844
DOGE,1767283200,2026-01-01,-0.29131282499233885,-0.4409988645448521,0.0011961788989742399,0.0007620388142799507
DOGE,1767326400,2026-01-02,-1.0142857142857142,-1.0142857142857142,0.0011819541007618804,0.00105056595466664
DOGE,1767366000,2026-01-02,-1.0142857142857142,-1.0142857142857142,0.0020369939597398483,0.0017421473412582969
DOGE,1767394800,2026-01-02,0.32120689832126903,0.33921980675230673,0.0022789944254819248,0.002167378612057457
DOGE,1767506400,2026-01-04,-0.19741882648444825,-0.22453803220766766,0.0018613595363051953,0.0016037718083286704
DOGE,1767607200,2026-01-05,0.6774388280985233,0.7152132033129616,0.0018130048223908102,0.0017209282702670275
DOGE,1767646800,2026-01-05,0.31888024640421575,0.3364547300935961,0.0022449165054526684,0.0021368331597182593
DOGE,1767711600,2026-01-06,0.7076716238505056,0.80930256014032,0.0019364723117240642,0.0017015855664720694
DOGE,1767844800,2026-01-08,-1.0142857142857142,-1.0142857142857142,0.0018568321608426314,0.0018450500193689867
DOGE,1767873600,2026-01-08,0.3415152183935246,0.3822119715635492,0.002246578141219217,0.002024007229005312
DOGE,1767974400,2026-01-09,0.4847686106967411,0.601366487174959,0.0018701054399898273,0.0015239597046044302
DOGE,1768147200,2026-01-11,0.18500440013365896,0.26047055861322566,0.0009899461596870186,0.0007314804796629437
DOGE,1768186800,2026-01-12,0.8700453218666684,0.955342482031465,0.0014339499324302844,0.0013096383887710756
DOGE,1768323600,2026-01-13,-1.0142857142857142,-1.0142857142857142,0.0014572017580521195,0.0014531403548253587
DOGE,1768410000,2026-01-14,0.9998412632978361,1.03073381510062,0.001747491908016355,0.0016965297470945364
DOGE,1768489200,2026-01-15,-0.47461439190602367,-0.5139327478390374,0.0015245168198963401,0.0014010181137345207
DOGE,1768665600,2026-01-17,0.3120218518796765,0.34464358510654247,0.0008472610739390372,0.0007732042334728108
DOGE,1768705200,2026-01-18,0.09652981316824143,0.09474007332278463,0.0007765139321718971,0.000787784234646657
DOGE,1769000400,2026-01-21,1.5547099614533126,1.6154211700719232,0.0011350748315905924,0.0010931575109437148
DOGE,1769180400,2026-01-23,0.42280611566058,0.4865754963687878,0.0009811235594598343,0.0008596715255721287
DOGE,1769328000,2026-01-25,-1.0142857142857142,-1.0142857142857142,0.0005571528152648737,0.0005592414933621716
DOGE,1769360400,2026-01-25,0.8829423255562682,-1.0142857142857142,0.0007930293312456957,0.0006532623567261338
DOGE,1769533200,2026-01-27,-0.10371541855442894,-0.11456200938372466,0.0010266004927381425,0.0008971082229487676
DOGE,1769594400,2026-01-28,0.47248087721558657,0.5009355023278863,0.0010891363624344918,0.0010306083903140687
DOGE,1769662800,2026-01-29,-0.11113003412484673,-0.109403874640361,0.0012458682189173899,0.00127247346652642
DOGE,1769702400,2026-01-29,0.1933886987036194,0.2299283363468872,0.001222870858657506,0.0010500147708619298
DOGE,1769846400,2026-01-31,-1.0142857142857142,-1.0142857142857142,0.0013524208581445149,0.0013041455395402472
DOGE,1769886000,2026-01-31,1.0833708782692653,1.3035427818608725,0.0025566588530428432,0.0021340941494307542
DOGE,1770037200,2026-02-02,-0.24688867807240253,-0.24235205347060043,0.0022509837062892235,0.0022987516836960866
DOGE,1770134400,2026-02-03,0.12010626368394936,0.14320663730453864,0.0018448343535934085,0.001596744688485209
DOGE,1770224400,2026-02-04,0.18541648030135527,0.19070389243070401,0.0017891531576429125,0.0017460110928462131
DOGE,1770289200,2026-02-05,-1.0142857142857142,-1.0142857142857142,0.001976419284916453,0.0019299899991407955
DOGE,1770307200,2026-02-05,-1.0142857142857142,-1.0142857142857142,0.002262260024756211,0.0019639723343528423
DOGE,1770339600,2026-02-06,1.063603891200217,1.2377877960204777,0.0031706055613682596,0.0027344982968581255
DOGE,1770620400,2026-02-09,-0.0016221615297051558,-0.0012122989572013832,0.0012722317914112351,0.0012531726984428679
DOGE,1770735600,2026-02-10,0.06314486819836018,0.0694891603543397,0.0010591668063821807,0.0009906411761038865
DOGE,1770786000,2026-02-11,-0.5197703866477288,-0.5468191427007373,0.0009830174411366228,0.0009317110904548247
DOGE,1771020000,2026-02-13,0.08847510924498436,0.0866209081184512,0.0010496435447739743,0.0010665392020642792
DOGE,1771059600,2026-02-14,-1.0142857142857142,-1.0142857142857142,0.0007805693664308908,0.0007436900869255738
DOGE,1771074000,2026-02-14,-1.0142857142857142,-1.0142857142857142,0.0009351023680935382,0.0007847256271776562
DOGE,1771110000,2026-02-14,-1.0142857142857142,-1.0142857142857142,0.001548320827730302,0.0014474224298634021
DOGE,1771329600,2026-02-17,0.5093621596128876,0.4922556430623049,0.0010994453300914317,0.0011355565093292338
DOGE,1771444800,2026-02-18,0.05893585810030377,0.06325877432058946,0.0012407130046062271,0.00118230631265286
DOGE,1771606800,2026-02-20,0.4518078394784536,0.48574925417900244,0.0013025422355431738,0.0012165839459695714
DOGE,1771772400,2026-02-22,0.000924976942600431,0.0021154303941816957,0.0006780487198850095,0.0006517447752607799
DOGE,1771898400,2026-02-24,-0.026024528463177245,-0.025726402601493083,0.00112181190298184,0.0010042589724419814
DOGE,1772035200,2026-02-25,0.37833624138424554,0.402919986398931,0.0013902767814032893,0.0013110673030496968
DOGE,1772197200,2026-02-27,-0.5686378413711299,-0.5913864227516826,0.0012062008597268116,0.0011574470797057976
DOGE,1772262000,2026-02-28,0.192628673192983,0.2594707022661015,0.0010979070123385384,0.0008431306286722723
DOGE,1772539200,2026-03-03,-0.3627235943385347,-0.3764523582399822,0.0012227107001789935,0.0011744576771158398
DOGE,1772614800,2026-03-04,-1.0142857142857142,-1.0142857142857142,0.0013125767206897693,0.0011920056992043664
DOGE,1772640000,2026-03-04,0.14781819410840755,-1.0142857142857142,0.0015711970632529806,0.0013859045296570553
DOGE,1772791200,2026-03-06,-0.6151041162183183,-0.6074909414258473,0.0010132184050473455,0.0010265428977432956
DOGE,1772895600,2026-03-07,-0.05934518608187533,-0.060635907127184,0.0006499043866583854,0.000623743185632107
DOGE,1772974800,2026-03-08,0.3697854378036279,0.39337628094362675,0.0007817828628447957,0.0007380738522943951
DOGE,1773010800,2026-03-08,0.6577793499822707,0.794605695739103,0.0009491190099635064,0.0007913589338068527
DOGE,1773064800,2026-03-09,0.3454191245366919,0.36136981566796045,0.001077185344680827,0.0010331226788870447
DOGE,1773316800,2026-03-12,0.18801227223139577,0.19014595461409958,0.0009761979809415676,0.0009666747487063033
DOGE,1773367200,2026-03-13,-0.7695059396989721,-1.0142857142857142,0.0012108261171120233,0.0010331973568898716
DOGE,1773406800,2026-03-13,0.9114141475725629,0.9916329081258837,0.001285734014695448,0.001184636631210483
DOGE,1773615600,2026-03-15,-1.0142857142857142,-1.0142857142857142,0.0009292278859714452,0.0008168608002769407
DOGE,1773644400,2026-03-16,0.42231662848659146,0.42702204231055196,0.0012166466154610066,0.001204080970496468
DOGE,1773716400,2026-03-17,0.7630993300792309,0.7955158456941542,0.0015085636310747197,0.001449222371926621
DOGE,1773846000,2026-03-18,0.16482641492749192,0.16932144539627597,0.0011966450465093407,0.0011694638962408287
DOGE,1773907200,2026-03-19,-0.2848528877193268,-0.29926283419899835,0.0009810642262789463,0.0009288383975311734
DOGE,1773943200,2026-03-19,0.5754780508354416,0.5838000148164213,0.0010453259094744727,0.0010311202102032786
DOGE,1774137600,2026-03-22,-0.032649661142624985,-0.03436760045965794,0.0007005836001906206,0.0004929361848206683
DOGE,1774216800,2026-03-22,0.12414540278257458,0.13176240377835857,0.0007109329574796867,0.0006771585695935089
DOGE,1774267200,2026-03-23,-0.03632140625331125,-0.03957789842926121,0.001105993968403357,0.000778762735203615
DOGE,1774364400,2026-03-24,0.652764207760834,0.6862886973939698,0.0010064265673898937,0.0009592286110352705
DOGE,1774414800,2026-03-25,-0.6242412655277023,-0.6166235144079849,0.0008537807305639375,0.0008648407867611632
DOGE,1774508400,2026-03-26,-0.5470527150719027,-0.5365318940732619,0.0008210793654437807,0.0008380854704779173
DOGE,1774623600,2026-03-27,-0.19300164787160112,-0.21130326876315847,0.0007819209213406054,0.0007036071460591139
DOGE,1774706400,2026-03-28,-1.0142857142857142,-1.0142857142857142,0.0006992202573116263,0.0006222372001817508
DOGE,1774782000,2026-03-29,0.0828430030913017,0.08193883014850559,0.0006154627147316452,0.0006204983081725413
DOGE,1774825200,2026-03-29,1.4744643678220792,1.97367362689702,0.0007945823493701,0.0005964732993216452
DOGE,1775026800,2026-04-01,0.24885256125078922,0.25740394830125607,0.0008856994878912632,0.0008592148331136674
DOGE,1775109600,2026-04-02,0.36933024845813295,0.37181575832560765,0.0008975655991425365,0.0008919937221534999
DOGE,1775196000,2026-04-03,-0.14517397719074043,-0.15157151079650172,0.0006860913500372067,0.0006504060692708382
DOGE,1775332800,2026-04-04,0.8291504979778008,0.8961049355274112,0.000499662437563713,0.0004634826250686141
DOGE,1775368800,2026-04-05,-0.33352943968112386,-0.3430159806470599,0.000430972680305463,0.00041797057879049837
DOGE,1775437200,2026-04-06,0.047703454004199654,0.052744543983726015,0.0006367945374844396,0.0005973171942140122
DOGE,1775606400,2026-04-08,-0.15259784938176962,-0.1711174467821883,0.0008293163842439163,0.0007215714907242178
DOGE,1775851200,2026-04-10,0.4725181103808882,0.490704427432834,0.0008039623890361789,0.0007758056497312692
DOGE,1775959200,2026-04-12,0.026975896558506976,0.038339776678273395,0.0008229790652807898,0.0006832082241485436
DOGE,1776006000,2026-04-12,0.0848366290522188,0.08445612719571666,0.0005542564097670759,0.0005561222874414662
DOGE,1776085200,2026-04-13,-0.5732107333815241,-0.6267916583343962,0.0005036098420795319,0.00045850290685488097
DOGE,1776168000,2026-04-14,1.0176418038582498,1.1442930768125128,0.0008028955990636993,0.0007161952605301377
DOGE,1776358800,2026-04-16,-0.0905376346374065,-0.09447546032031932,0.0011988101096042053,0.0011271801180352983
DOGE,1776448800,2026-04-17,0.16451544099879004,0.17260421402605938,0.0011689779124633719,0.0011219762134220925
DOGE,1776502800,2026-04-18,-0.3866051452700215,-0.42383694720547543,0.0010294321774217377,0.0009324654218387945
DOGE,1776538800,2026-04-18,0.0577193048575592,0.06197323493756549,0.0008939877328350294,0.000851986789206955
DOGE,1776585600,2026-04-19,0.14963727322649886,0.16181276391331018,0.0007535306240992534,0.0007053406721068878
DOGE,1776643200,2026-04-20,0.23262752685603022,0.24128374029861457,0.0008750855385212831,0.0008470151953306122
DOGE,1776711600,2026-04-20,0.1796593309325808,0.1775510123082423,0.0007958203970873769,0.00080396042763256
DOGE,1776826800,2026-04-22,-0.6396072996965211,-0.710638449236225,0.0007434681591593723,0.0006660426329408623
DOGE,1776967200,2026-04-23,0.8335679535183532,0.9318715071233755,0.0008152476936541818,0.0007318052085506574
DOGE,1777064400,2026-04-24,0.03365016570764479,0.03434379048614627,0.0007347012921148471,0.0007266013915082974
DOGE,1777230000,2026-04-26,-0.37993879679278714,-0.4073493745564862,0.0005204158365154219,0.0004827555162473777
DOGE,1777305600,2026-04-27,0.5459586343517552,0.6133598420312983,0.0007907083433969143,0.0007076859082736003
DOGE,1777352400,2026-04-28,0.8111879122785419,0.9068654741205294,0.0007383067622355533,0.0006627918977921343
DOGE,1777438800,2026-04-29,-1.0142857142857142,-1.0142857142857142,0.000813090541051791,0.0007694821211326985
DOGE,1777471200,2026-04-29,0.2523396982029667,0.3156499086676052,0.0009967565301351262,0.0008134301093762903
DOGE,1777600800,2026-05-01,-0.010958961277105553,-0.010462841742259634,0.001297781990176697,0.0012622267586518267
DOGE,1777813200,2026-05-03,0.5072719179340562,0.510797401272293,0.0006451779012819105,0.0006409608167651349
DOGE,1777860000,2026-05-04,0.4322052784338115,0.5766435263460703,0.0010603214553679158,0.0008072692596269868
DOGE,1778004000,2026-05-05,-0.5596824482450315,-0.6081608851044598,0.0009629409906480093,0.0008823979899286254
DOGE,1778130000,2026-05-07,-0.5256035547563145,-0.5314265133254819,0.0010864488864028357,0.0010738680315107462
DOGE,1778169600,2026-05-07,-0.0709910198076708,-0.0753190836084243,0.0012797321403543393,0.0011612499973046727
DOGE,1778439600,2026-05-10,0.8480993470692395,0.8730124828853342,0.0007430709332731093,0.0007225379281402718
DOGE,1778648400,2026-05-13,0.36273256357755534,0.3831808174445298,0.0009419056180523163,0.000895129127133264
DOGE,1778763600,2026-05-14,-0.28613963597312786,-0.3053162063252622,0.001430966314862828,0.001331809877544584
DOGE,1778853600,2026-05-15,0.2716199842642253,0.29836847896981655,0.0015894620456850864,0.001459420664583939
DOGE,1778918400,2026-05-16,0.005629532574692604,0.006483627453525337,0.0011695577743883036,0.0011410622185720192
DOGE,1779062400,2026-05-18,-0.5427852339339432,-0.6669541375058923,0.0011279354889958768,0.0009085459112263291
DOGE,1779102000,2026-05-18,-0.17299393205276029,-0.18572990339227474,0.001266126389235302,0.0011635207268687875
DOGE,1779238800,2026-05-20,0.3385398493896287,0.34946974974350464,0.0008794530765992751,0.0008540263901838356
DOGE,1779332400,2026-05-21,0.22462387528517283,0.22344309120180614,0.0007560510345681092,0.00075959342184258
DOGE,1779454800,2026-05-22,0.8577362448448492,0.8504591076459749,0.0007059786397904715,0.0007118231505435842
DOGE,1779494400,2026-05-23,-1.0142857142857142,-1.0142857142857142,0.001017936219764419,0.0009200851597462973
DOGE,1779523200,2026-05-23,0.7981386250566468,0.9859734512904622,0.0010713723412788636,0.0008730163675310839
DOGE,1779760800,2026-05-26,0.7010289088119754,0.7198388387612901,0.0007009708538002151,0.0006833532271694624
DOGE,1779807600,2026-05-26,0.9958372998513144,1.0795208782935624,0.0007669929627835495,0.0007090693445361307
DOGE,1779919200,2026-05-27,-0.6739702147975136,-1.0142857142857142,0.0010093427278314911,0.0008692921684339135
DOGE,1779980400,2026-05-28,0.7564598721544077,0.8413084058335051,0.001000870009880901,0.0009032446260255862
DOGE,1780070400,2026-05-29,0.09715918475162597,0.11463822446073305,0.0009316971741947147,0.0008179815722096932
DOGE,1780110000,2026-05-30,0.0893649688481379,0.08738812799651426,0.0008479146572897375,0.0008623696309274089
DOGE,1780322400,2026-06-01,0.5935306299171837,0.6526151297123581,0.0008037266444910061,0.0007340133094518525
DOGE,1780412400,2026-06-02,-1.0142857142857142,-1.0142857142857142,0.0009570405150531576,0.0007883513239034006
DOGE,1780430400,2026-06-02,0.04684187870079938,0.05152207372800247,0.001250253008336616,0.001177195547439432
DOGE,1780520400,2026-06-03,-1.0142857142857142,-1.0142857142857142,0.0011693247407479758,0.0011200420284978197
DOGE,1780542000,2026-06-04,0.19767843726609935,0.22929384509396675,0.0016037894277369821,0.0014071578452552116
DOGE,1780635600,2026-06-05,-0.8227423883913856,-0.82926750659365,0.0013563110610177085,0.0013452580657113782
DOGE,1780686000,2026-06-05,0.13385885573226158,0.14415946906940222,0.0018645361864349174,0.0017533466623145268
DOGE,1780873200,2026-06-07,0.05575972463923077,0.07313328298799343,0.0011519213652894467,0.000955146085696327
DOGE,1781017200,2026-06-09,0.050672207121784635,0.05660361805648703,0.0008292689392583988,0.0007715203961244296
DOGE,1781085600,2026-06-10,0.3061211243050207,0.30660144014285445,0.0007853689620461207,0.0007842434975881292
DOGE,1781168400,2026-06-11,-0.473982462283299,-0.46675601851454024,0.0008146568346842256,0.0008280919758137812
DOGE,1781276400,2026-06-12,0.38980645581521883,0.5842726959621914,0.0010789972134649872,0.0007366123837315252
DOGE,1781474400,2026-06-14,0.018845470484452318,0.031873567165161217,0.0006628137236798012,0.0005199532408859403
DOGE,1781686800,2026-06-17,0.5250316507159373,0.554392772302888,0.0007070563479026269,0.0006714452977412913
DOGE,1781726400,2026-06-17,-0.14715050911353283,-0.16199632430552668,0.000915603562408107,0.0008137269133625774
DOGE,1781935200,2026-06-20,0.09273030852740811,0.09642661608591015,0.0005417423302087101,0.0005257225094555339
DOGE,1782079200,2026-06-21,0.3340868696663825,0.36331593074214547,0.0004569433169446443,0.000422862033632693
DOGE,1782129600,2026-06-22,0.7802805400116397,0.8152667291995033,0.0005263191563470453,0.0005044975529891253
DOGE,1782169200,2026-06-22,-1.0142857142857142,-1.0142857142857142,0.0005941512791397055,0.000563701377535067
DOGE,1782302400,2026-06-24,-1.0142857142857142,-1.0142857142857142,0.0006040935472341726,0.0005267161277906473
DOGE,1782396000,2026-06-25,0.49461946179534055,0.7137975632431927,0.0010375890575552327,0.0007312497542902509
DOGE,1782576000,2026-06-27,0.7411016958495116,0.7398948477319253,0.0005716712537299981,0.0005725690424784602
DOGE,1782702000,2026-06-29,0.24758987250134604,0.26215326643977116,0.0007449062736711044,0.000707591371645804
DOGE,1782835200,2026-06-30,0.1357153744259047,0.1570098751192733,0.0006260828075083658,0.0005542430234705473
DOGE,1782918000,2026-07-01,0.24397075788549957,0.24806437332166892,0.0007128647377914164,0.000702315871467679
DOGE,1782990000,2026-07-02,-0.11942031797016031,-0.11958159844800183,0.0007233361480718494,0.0007220543133081451
DOGE,1783069200,2026-07-03,-0.7001688852106809,-0.7133543494825948,0.0005998491192523067,0.0005882990515024842
DOGE,1783108800,2026-07-03,-0.15338812997322102,-0.15720657308504718,0.0006638305765702028,0.000644125236306372
DOGE,1783180800,2026-07-04,0.5570228752566405,0.5904866830463582,0.0006342762711326235,0.0005999898304505178
DOGE,1783342800,2026-07-06,0.8736179321319665,0.9923686703013109,0.0007125523430645852,0.0006296717540695533
DOGE,1783404000,2026-07-07,0.14932173432907883,0.1491587762745538,0.0007388061985387878,0.0007394835984263873
DOGE,1783436400,2026-07-07,0.14587477332701015,0.15632196553122382,0.0007206478808147062,0.0006799284870312219
DOGE,1783504800,2026-07-08,0.2646454548790003,0.28909490572474666,0.0007697861155135422,0.0007105388936299686
DOGE,1783623600,2026-07-09,-0.48335373798889675,-0.48504683201499516,0.0005151601314171826,0.0005132493722954275
DOGE,1783767600,2026-07-11,-0.5307318235864752,-0.5539256282147216,0.00038121001442743173,0.0003643800155372339
DOGE,1783818000,2026-07-12,-0.22426393293776178,-0.2631454930752781,0.0004818054456966577,0.00040194432613486266
DOGE,1783915200,2026-07-13,-0.11071758334255065,-0.11728102530788898,0.0005912806108424568,0.0005475329655226451
DOGE,1783962000,2026-07-13,0.14550115750287737,0.1501256769621943,0.0005088189390925846,0.0004956511651766296
DOGE,1784048400,2026-07-14,0.04897838512433572,0.054374226941763304,0.0005526401781605069,0.0005166894226343915
DOGE,1784188800,2026-07-16,0.002778399779885646,0.0040790287096543225,0.0005468245934475417,0.0005250418698665836
DOGE,1784242800,2026-07-16,-0.5438892803425739,-0.5602771786872665,0.0005211762558746004,0.0005051128909418768
DOGE,1784487600,2026-07-19,0.6433797951870277,0.679727488546234,0.0003359087352379401,0.00031867094564085925
DOGE,1784527200,2026-07-20,0.38566107507533204,0.4146052085991968,0.0004759231962901864,0.00044484036523558603
DOGE,1784563200,2026-07-20,0.38552278010134927,0.41944080094147645,0.0005795782577332437,0.0005356996621742625
DOGE,1784624400,2026-07-21,0.1552800049224245,0.1562147926245005,0.0004972959399396139,0.0004947802430118918
DOGE,1784682000,2026-07-22,0.8757628003389692,0.9073474376117153,0.00041703923735946917,0.0004029653325409676
DOGE,1784725200,2026-07-22,0.022723014398706286,0.028260029953577022,0.00044560661026080904,0.0004021917341270253
DOGE,1784811600,2026-07-23,-1.0142857142857142,-1.0142857142857142,0.0004989842861991003,0.0003904446159067237
DOGE,1784822400,2026-07-23,-0.15885170732534712,-0.18036264026677415,0.0006579221854152422,0.0005646854304471842
DOGE,1784901600,2026-07-24,0.5710923885564307,0.608863438498757,0.0005479260532095253,0.0005154588265333352
DOGE,1784988000,2026-07-25,-1.0142857142857142,-1.0142857142857142,0.0003726429289333369,0.00036207700038974773
DOGE,1785006000,2026-07-25,0.36087572398669976,0.3813444114523033,0.0005942489755244199,0.0005645758197955295
DOGE,1785045600,2026-07-26,0.3055068575810649,0.31352889980321796,0.0005901097596413901,0.0005762720488445734
DOGE,1785142800,2026-07-27,-1.0142857142857142,-1.0142857142857142,0.0004674823403496088,0.0004626732896072708
DOGE,1785247200,2026-07-28,0.5469848645330218,0.5886492984945733,0.0005113065703762607,0.0004767916911744344
DOGE,1785362400,2026-07-29,-0.04307051228086568,-0.044658979326613606,0.000591170362431387,0.0005327988518491867
DOGE,1785510000,2026-07-31,0.4333972952111249,0.48938096309410756,0.0004947768470122967,0.0004412981429363187
DOGE,1785610800,2026-08-01,1.1432457769780842,1.5172769836637303,0.00045350808036596403,0.00034377793270180693
DOGE,1785650400,2026-08-02,-0.03564285337944642,-0.03565088554614213,0.0004040406190713247,0.00040358220515373475
DOGE,1785693600,2026-08-02,0.3948293623363623,0.3968746559125905,0.00035764829608348766,0.0003559289342437556
DOGE,1785855600,2026-08-04,0.09645944161432783,0.10093825148031099,0.0003656239906702003,0.0003529796822602155
DOGE,1785895200,2026-08-05,-0.09750978605350792,-0.100739311664121,0.0003730040380054812,0.00035631204092898027
DOGE,1786010400,2026-08-06,-0.2369159404217586,-0.2712382497960668,0.000383979396862974,0.0003296701196985879
DOGE,1786161600,2026-08-08,-0.10657297416014962,-0.11019823794560718,0.00032966379730305876,0.00031502255094175617
DOGE,1786201200,2026-08-08,0.8843125683491632,1.0888344982667941,0.0003254990317994427,0.00026592203424555445
DOGE,1786323600,2026-08-10,0.028616233160825406,0.03584621951921723,0.000349725786895018,0.00031047392434848097
DOGE,1786456800,2026-08-11,-1.0142857142857142,-1.0142857142857142,0.0003047110455230564,0.00029815035671713756
DOGE,1786572000,2026-08-12,0.6621754254050662,0.7813276965419578,0.0005253113217501356,0.0004480275772693766
DOGE,1786701600,2026-08-14,0.1978458215265255,0.21220166223077505,0.00031547318677206226,0.00029666343190837437
DOGE,1786762800,2026-08-15,0.33728554380976133,0.3464323208560896,0.00027333085754563906,0.0002666640004337652
DOGE,1786917600,2026-08-16,1.6010978416007626,2.0642217750380127,0.00022441012566656917,0.00017474936610245944
DOGE,1786982400,2026-08-17,0.17207197591108397,0.1755211514347938,0.00027055817970057604,0.00026598573198523593
DOGE,1787018400,2026-08-18,-0.11471734033016952,-0.1187615422334515,0.00026533055824121333,0.00025343290887515254
DOGE,1787144400,2026-08-19,-1.0142857142857142,-1.0142857142857142,0.00026250596848956915,0.00023731411991184315
DOGE,1787155200,2026-08-19,-1.0142857142857142,-1.0142857142857142,0.0005190071475115096,0.00033200769732008773
DOGE,1787176800,2026-08-19,0.1430700483737143,0.17386547395216995,0.0007657156869524074,0.0006492322782564395
DOGE,1787241600,2026-08-20,-1.0142857142857142,-1.0142857142857142,0.0010278730564208703,0.0009300171376840143
DOGE,1787263200,2026-08-20,-1.0142857142857142,-1.0142857142857142,0.0010278730564208703,0.0009300171376840143
DOGE,1787302800,2026-08-21,0.11293632473026452,0.12100383082238828,0.0013931594032346054,0.0013180178188680368
DOGE,1787356800,2026-08-22,-1.0142857142857142,-1.0142857142857142,0.0018226067524378044,0.0015958841949330195
DOGE,1787374800,2026-08-22,-0.3624730931830821,-0.40990951720195434,0.0018226067524378044,0.0015958841949330195
DOGE,1787594400,2026-08-24,0.49934447108756064,0.5312545174347745,0.0017805866438332242,0.0016790933087434718
DOGE,1787666400,2026-08-25,-0.2573976575427938,-0.2805031196106694,0.001473357572068563,0.0013382312314584519
DOGE,1787763600,2026-08-26,0.5316036829499704,0.560805085513978,0.0011373994382085585,0.0010810455488399864
DOGE,1787882400,2026-08-28,0.8148645999766808,0.8398148159585546,0.0009756011303828355,0.0009475704481045925
DOGE,1787943600,2026-08-28,0.21977155995138595,0.22284530251076048,0.0011389777683663584,0.0011250529813176169
DOGE,1788098400,2026-08-30,1.2266315823024885,1.264248887370313,0.000464352887786123,0.0004508415714619785
DOGE,1788152400,2026-08-31,-0.28915087501438547,-0.3395036847512936,0.0009210242913480755,0.000771872313759467
DOGE,1788289200,2026-09-01,0.23436753958161566,0.25313658027744845,0.0007823651517281036,0.0007302393941687269
DOGE,1788627600,2026-09-05,-1.0142857142857142,-1.0142857142857142,0.0007604104701165505,0.0007242881985870548
DOGE,1788642000,2026-09-05,-0.3090643710861817,-0.48321309817034197,0.0012325240079653684,0.0007604104701165505
ADA,1708092000,2024-02-16,0.660047991292346,0.6813193561752308,0.008132213292950444,0.007888537392408173
ADA,1708167600,2024-02-17,0.19141594343738375,0.18628826838723073,0.0062341240722384285,0.006382902847025993
ADA,1708218000,2024-02-18,-0.8027978776671179,-0.8598176594525713,0.007823477051472088,0.007286821440046861
ADA,1708398000,2024-02-20,0.2995132705409303,0.31459553881003693,0.008273124963246519,0.007909519191188557
ADA,1708444800,2024-02-20,-0.010940225930505995,-0.00877085983550285,0.011343525684161497,0.010100719967558538
ADA,1708502400,2024-02-21,-0.2465620684569681,-0.24213842546947847,0.009305773081067071,0.009498524856533765
ADA,1708707600,2024-02-23,0.08700173621310063,0.09251515427191863,0.007663667317284223,0.007314718649383002
ADA,1708797600,2024-02-24,-0.12781103262029042,-0.1318230242341788,0.0060459733364572376,0.00581104820849241
ADA,1708945200,2024-02-26,1.9525640464606475,2.144706029326902,0.005350467009242977,0.004877426009953978
ADA,1709118000,2024-02-28,-1.0142857142857142,-1.0142857142857142,0.007226287975299602,0.006897540896476489
ADA,1709143200,2024-02-28,0.6818110364590094,0.9470591995475879,0.013232308598153853,0.009634793874934914
ADA,1709532000,2024-03-04,-0.4799287514820061,-0.5428750125346302,0.013546441818774001,0.01188847580483354
ADA,1709668800,2024-03-05,1.2446557583202875,1.9079035273944418,0.028005326326868148,0.01841342835201185
ADA,1709823600,2024-03-07,0.13705898883321077,0.1451173303050768,0.013972588794676749,0.01332432639426727
ADA,1709913600,2024-03-08,0.21118845977893122,0.281162266209929,0.011201683084660444,0.008671043321942015
ADA,1710010800,2024-03-09,0.21164294773279566,0.21334980552515515,0.007969072225141432,0.00791284701169077
ADA,1710118800,2024-03-11,1.2359865561448675,1.5127176474059125,0.010257677961947095,0.008415960882096878
ADA,1710172800,2024-03-11,-0.16215763280544435,-0.17890568802421633,0.011763404615313059,0.010452897278029444
ADA,1710403200,2024-03-14,0.6890432119998939,0.8205979333111085,0.011347116798473193,0.009589202706048053
ADA,1710442800,2024-03-14,-0.27545258417942275,-0.28414295062664907,0.017475151976103297,0.01688093289734201
ADA,1710475200,2024-03-15,-0.03750152159577131,-0.03816269671183391,0.01919672851797204,0.017873399942431426
ADA,1710615600,2024-03-16,0.05756740326341936,0.06317493385311074,0.01393099923041356,0.013079537632753062
ADA,1710774000,2024-03-18,0.05465814039407686,0.056594244048399245,0.013044814471696562,0.012748261738750152
ADA,1710813600,2024-03-19,-0.49625605954254587,-0.5264245093376574,0.013256796544984026,0.012453473202290484
ADA,1710892800,2024-03-20,0.1642226449050588,0.17093336966000525,0.014819661235547834,0.014321173638282284
ADA,1710964800,2024-03-20,-0.07249036023352297,-0.0725666659123356,0.01496263302119437,0.014936681715132393
ADA,1711044000,2024-03-21,0.5276591296797786,0.5649310308322895,0.01073552771031278,0.010061337534182998
ADA,1711108800,2024-03-22,-0.3148460821409306,-0.3173627949212704,0.00898238296463183,0.008904104731141971
ADA,1711270800,2024-03-24,0.4186699073566966,0.41210684118839935,0.006324485688921151,0.00641867689576124
ADA,1711346400,2024-03-25,-0.5309868770333611,-0.5481642589225869,0.006084890236758949,0.0058837279472788735
ADA,1711454400,2024-03-26,0.2733667810951209,0.2764452232088472,0.006718498565688949,0.006650690763049633
ADA,1711533600,2024-03-27,-0.6852496995335563,-0.7125050764886347,0.007048461374837169,0.006767573788286188
ADA,1711717200,2024-03-29,0.40278259001980105,0.42873002233271057,0.007021080824661264,0.006622702426558285
ADA,1711843200,2024-03-31,0.3513551910201305,0.34100600301843065,0.005188971948183003,0.005334277482658613
ADA,1711951200,2024-04-01,-0.5087658319171229,-0.7552654941098383,0.00571197232568016,0.0037744317353478702
ADA,1712026800,2024-04-02,-0.49537146004898963,-1.0142857142857142,0.008262944723747804,0.00637547893326687
ADA,1712059200,2024-04-02,0.19599533472359834,0.2054723632670729,0.008778808326317633,0.008423332043726684
ADA,1712106000,2024-04-03,0.8078237840619258,0.9066860347968801,0.008676691051702778,0.007759513440295304
ADA,1712206800,2024-04-04,0.9315123818084224,0.9480914587643067,0.007291030141660744,0.007167263229480801
ADA,1712257200,2024-04-04,0.7609095047069523,0.7966592763306884,0.00633327518023403,0.006058911732559723
ADA,1712509200,2024-04-07,0.7551300466388853,0.8046079273505717,0.004119644444595434,0.0038750017095643156
ADA,1712667600,2024-04-09,0.8582190008023671,0.9333214281202394,0.006153813433683967,0.005673337543967353
ADA,1712718000,2024-04-10,0.016288719396132068,0.019981748329647275,0.007642800088512117,0.0070614770183976645
ADA,1712754000,2024-04-10,0.8499299074255475,0.9926103647239286,0.007740454933153814,0.006658951466473343
ADA,1712941200,2024-04-12,-1.0142857142857142,-1.0142857142857142,0.006243337254096452,0.0058389785813346435
ADA,1713038400,2024-04-13,-1.0142857142857142,-1.0142857142857142,0.014388890226199904,0.011388035628215281
ADA,1713189600,2024-04-15,0.3596032153303826,0.3749517592274159,0.011776731538871212,0.011328787811092074
ADA,1713366000,2024-04-17,0.17455412766973835,0.18692295955898044,0.00801756046215007,0.007557372805392382
ADA,1713492000,2024-04-19,1.1755234031270128,1.3540113283510697,0.0076168656570776636,0.006633547630699024
ADA,1713524400,2024-04-19,-0.28556520045557476,-0.28092761090049245,0.008671694306957984,0.008831055407493214
ADA,1713578400,2024-04-20,-0.22469154532751986,-0.24274891058206471,0.008158265589806198,0.007470439865945136
ADA,1713657600,2024-04-21,-0.12104044134626218,-0.12796667768713882,0.008342563073610827,0.007761221771580888
ADA,1713765600,2024-04-22,-0.015344233554404292,-0.015587772340379679,0.006480155891247834,0.0066017063444207425
ADA,1713801600,2024-04-22,-0.11175180391333027,-0.1170549320514039,0.006182777033306245,0.005812221420483656
ADA,1713967200,2024-04-24,-0.7582456518600691,-0.8050877066618202,0.005716836964074101,0.005371978269002879
ADA,1714096800,2024-04-26,0.2126292109242472,0.22923557842469577,0.006041206442029379,0.005652068476031638
ADA,1714172400,2024-04-26,-0.39698097760702183,-0.407599093158331,0.005351187493889048,0.0052012788395728185
ADA,1714467600,2024-04-30,-0.5535981531564907,-1.0142857142857142,0.005550737853561485,0.004893102303835445
ADA,1714550400,2024-05-01,0.27871979374035727,0.3147082669197237,0.006136570617044808,0.005493229895279027
ADA,1714590000,2024-05-01,-0.058252576900721234,-0.06237125464569086,0.0077008957347462536,0.006762503098957505
ADA,1714654800,2024-05-02,0.018908497467215887,0.021862799772437564,0.006017580682028498,0.005665086888338383
ADA,1714705200,2024-05-03,0.8053046725803048,0.8009858574436907,0.004933929283502856,0.00495961615146461
ADA,1714744800,2024-05-03,-0.3091674879581498,-0.32114158517179553,0.0050912027477996915,0.004882833728399665
ADA,1714820400,2024-05-04,0.23962863511433077,0.26260020135689666,0.004048150737899858,0.00372877771773831
ADA,1714989600,2024-05-06,0.26702867111767375,0.2684252078558778,0.0037695715104888805,0.003751846242064948
ADA,1715054400,2024-05-07,0.23388800158061196,0.25474521605721884,0.005007576651082208,0.004638928701165452
ADA,1715119200,2024-05-07,-0.2553589283585031,-0.2599994462414008,0.004283430843148879,0.004197540908006488
ADA,1715180400,2024-05-08,0.2271935905757188,0.2740918042207657,0.0054737743443897,0.0046256031401119835
ADA,1715353200,2024-05-10,0.030470286284707115,0.04654247706518475,0.004839193550026163,0.003803746900028177
ADA,1715425200,2024-05-11,-0.18217744895676186,-0.18341065992322048,0.0035340876711430244,0.0035059405689232557
ADA,1715500800,2024-05-12,0.2538573105459844,0.26474969761495293,0.002630246288598539,0.0025325729261830446
ADA,1715551200,2024-05-12,-1.0142857142857142,-1.0142857142857142,0.0025535130823140942,0.0023730140886459466
ADA,1715601600,2024-05-13,0.12253073829457845,0.12855508763402582,0.004538083734579229,0.00436409017570071
ADA,1715724000,2024-05-14,0.03189070620533324,0.030826628103210133,0.0037804061900122174,0.0038481297430900834
ADA,1715806800,2024-05-15,-0.4652191182654399,-0.475163529148988,0.004187750151278369,0.004094500162915169
ADA,1715932800,2024-05-17,-0.15701897824619845,-0.1798648893664235,0.004893603888614252,0.004154650341584578
ADA,1716112800,2024-05-19,-1.0142857142857142,-1.0142857142857142,0.0028733919968486456,0.0028944221504523886
ADA,1716235200,2024-05-20,-1.0142857142857142,-1.0142857142857142,0.005725916738111889,0.004512525717966652
ADA,1716303600,2024-05-21,0.7184090064720556,0.7572401446740155,0.005966880319808374,0.005672024959793631
ADA,1716469200,2024-05-23,-1.0142857142857142,-1.0142857142857142,0.005710998317018027,0.004657998187557878
ADA,1716498000,2024-05-23,0.47588685419287285,0.527356513635457,0.007306281632482102,0.006629841758057648
ADA,1716760800,2024-05-26,-0.028571428571424744,-0.0285714285714261,0.0027665438738070747,0.002640893402561468
ADA,1716818400,2024-05-27,-1.0142857142857142,-1.0142857142857142,0.0028966460288980525,0.002688695723428672
ADA,1716872400,2024-05-28,0.06655027943850544,0.07221949838467102,0.004505506025256292,0.0042520834118144665
ADA,1717016400,2024-05-29,-0.02857142857142947,-0.02857142857143237,0.0036420599080332315,0.0036914491317280953
ADA,1717056000,2024-05-30,0.5465259680680116,0.5743164777772527,0.003626714879778755,0.0034595391013001954
ADA,1717160400,2024-05-31,0.5893389173225226,0.6183998309739457,0.0032829543024346353,0.0031354892487757582
ADA,1717354800,2024-06-02,0.703839995611368,0.7405817826749915,0.0026526854698162845,0.002525968967494458
ADA,1717398000,2024-06-03,0.08184111691889313,0.08880421238771527,0.0031052371932425438,0.0029210246696458157
ADA,1717455600,2024-06-03,0.0023180358365917633,0.00622477596271273,0.003699828290193672,0.003284430466362416
ADA,1717524000,2024-06-04,0.1584501356016239,0.1616047215082683,0.003208186193142977,0.0031549697464616664
ADA,1717700400,2024-06-06,0.09869567096392755,0.09678431150669238,0.002244997228328415,0.0022792277843536805
ADA,1717740000,2024-06-07,-1.0142857142857142,-1.0142857142857142,0.00291450213196297,0.0028617715267293528
ADA,1717761600,2024-06-07,-1.0142857142857142,-1.0142857142857142,0.0036491908878795464,0.0029683594177164338
ADA,1717768800,2024-06-07,2.041713832415856,2.2427330746115137,0.0051614695264837335,0.004704659490059405
ADA,1717912800,2024-06-09,0.6564703115585456,0.6712581367118493,0.0032948982885548034,0.0032252750799820974
ADA,1718017200,2024-06-10,0.42523071447096983,0.5135985070285434,0.0034628055321496336,0.002898405957699603
ADA,1718071200,2024-06-11,0.005385740210139761,0.010944161682454325,0.0042069803809636945,0.0036152096410378234
ADA,1718121600,2024-06-11,0.1250254725086774,0.15037442881602398,0.005208438414931232,0.0044706259853105595
ADA,1718290800,2024-06-13,-0.3715354797677697,-0.3733122013252885,0.004498597265443109,0.004475412439707961
ADA,1718377200,2024-06-14,-1.0142857142857142,-1.0142857142857142,0.003324880881495062,0.003042179410840835
ADA,1718514000,2024-06-16,0.862390023264663,0.8670703195845156,0.002340970287116303,0.0023287372322790953
ADA,1718607600,2024-06-17,-1.0142857142857142,-1.0142857142857142,0.00244984499104383,0.0023844484518933573
ADA,1718632800,2024-06-17,0.3489783263808276,0.3701470145114299,0.0032540649608600292,0.0030813007270800315
ADA,1718902800,2024-06-20,0.38984788797359554,0.4010246698495857,0.003960483638342083,0.0038574439182145494
ADA,1718978400,2024-06-21,-0.008353447426498736,-0.007082152868191269,0.004239507649150011,0.003988700545238473
ADA,1719064800,2024-06-22,0.3668162694060777,0.45596346836152146,0.003685352034462555,0.003007302190959674
ADA,1719136800,2024-06-23,0.46512402131483715,0.4659858772195614,0.002835756335859548,0.002830814515541051
ADA,1719176400,2024-06-23,-1.0142857142857142,-1.0142857142857142,0.003253125963284204,0.0029033664219983756
ADA,1719208800,2024-06-24,0.27303335032985276,0.3050215539689234,0.003694522740471687,0.003340255258969507
ADA,1719316800,2024-06-25,-0.05617903952465599,-0.05521860658360803,0.004139645204336146,0.004288848681592774
ADA,1719540000,2024-06-28,0.3266562848535791,0.35340750263938,0.0032976835059798358,0.0030667360833628978
ADA,1719594000,2024-06-28,0.23957201233128164,0.2525011332152843,0.003942452791625136,0.003761103006365529
ADA,1719633600,2024-06-29,0.1278923171316605,0.14568523948013581,0.004382576184872359,0.003935082045247157
ADA,1719702000,2024-06-29,0.23162413157696984,0.23123915447413654,0.002854995459697514,0.0028592258796742436
ADA,1719781200,2024-06-30,-1.0142857142857142,-1.0142857142857142,0.002894270868454074,0.0026861378583351568
ADA,1719860400,2024-07-01,-0.36996525148487397,-0.3751608503392944,0.0033476210351553624,0.0032974380378596206
ADA,1719968400,2024-07-03,0.7248357174920185,0.7678626830693766,0.0029959137883632117,0.00283406100285269
ADA,1720101600,2024-07-04,-0.27453120843094503,-0.2798534980983519,0.006272802584789941,0.006139941245158403
ADA,1720267200,2024-07-06,-0.6818061994457066,-0.6731086671252919,0.005336081974094931,0.00540808827979454
ADA,1720396800,2024-07-08,1.4117121848493273,-1.0142857142857142,0.00482047915991175,0.004645131402981885
ADA,1720432800,2024-07-08,0.24686484301625347,0.25264065473546976,0.007261207786728744,0.0071120699241694185
ADA,1720555200,2024-07-09,-0.34494375664808186,-0.3439988226183445,0.0047864038030495425,0.004800742557130277
ADA,1720807200,2024-07-12,-0.01617344694218009,-0.01635873297095067,0.004609045153612151,0.00467897170389001
ADA,1720850400,2024-07-13,-0.5366360816276484,-0.5669260168542097,0.0042739217506404465,0.004033454192997407
ADA,1720900800,2024-07-13,0.76593640889159,0.8159299579963321,0.0051424467992166965,0.004838019629925674
ADA,1721098800,2024-07-16,0.7678457459054004,0.7902056233337282,0.005165993208255988,0.005024915762737217
ADA,1721192400,2024-07-17,-0.3821484643891915,-0.3986665905996905,0.0052524419546863465,0.005018014412739144
ADA,1721224800,2024-07-17,0.6691855824798718,0.7285827510528167,0.005446021952935448,0.005018792872392021
ADA,1721318400,2024-07-18,-0.27276578309246147,-0.27986956354276743,0.005265126985577194,0.005116290599852364
ADA,1721574000,2024-07-21,1.5674714954116362,1.7110885051460378,0.0034728747326071016,0.0031861727889614957
ADA,1721610000,2024-07-22,0.3358345560288221,0.337251321734725,0.005331573094191764,0.005310924870668054
ADA,1721743200,2024-07-23,-0.40305188205799186,-0.4201777478170768,0.004654067059122695,0.004450533755978285
ADA,1721916000,2024-07-25,0.09600273307159862,0.09602978113057165,0.0045870553242494255,0.00458605957996092
ADA,1722024000,2024-07-26,0.15739407382407605,0.15798829255974245,0.0038409581620497874,0.0038287241745151553
ADA,1722085200,2024-07-27,-0.2748558710156463,-0.2770233448329193,0.0027842371158690146,0.002759947663243555
ADA,1722297600,2024-07-30,-0.2022959905492312,-0.2009545288289854,0.0037826709686959426,0.003812107197057172
ADA,1722366000,2024-07-30,0.5782245232577995,0.5705458815753954,0.003719772438063496,0.0037674472409914583
ADA,1722456000,2024-07-31,-0.8800296392902203,-1.0142857142857142,0.004395820130382528,0.003764729371181184
ADA,1722488400,2024-08-01,0.6245554874662133,0.672791337064688,0.004593287960325169,0.004277387034196337
ADA,1722614400,2024-08-02,-0.3558085205538019,-0.377323450955363,0.006548332066746807,0.006144357610342718
ADA,1722704400,2024-08-03,0.5860141471022193,0.618691364894063,0.004648893449884717,0.004414192946029696
ADA,1722783600,2024-08-04,-1.0142857142857142,-1.0142857142857142,0.004214049467310424,0.0037535917340266113
ADA,1723042800,2024-08-07,-0.15367235670461957,-0.1670908710853174,0.005709675579107188,0.00515657370057697
ADA,1723136400,2024-08-08,-0.5754475799088238,-0.578037025739786,0.005276723584777319,0.005251856168221728
ADA,1723356000,2024-08-11,1.1586629534871915,1.170959919843741,0.0023824877979584658,0.0023580637824168063
ADA,1723417200,2024-08-11,0.5219045585816202,0.5499520818565276,0.0033737036682519347,0.0032101424119636256
ADA,1723572000,2024-08-13,0.3951289316335553,0.3889153586365994,0.003843686674666783,0.003900893341948844
ADA,1723640400,2024-08-14,1.0057293095691904,1.0775001954748873,0.002983382078273994,0.0027897960842950703
ADA,1723759200,2024-08-15,0.1284885750464035,0.14484767316484662,0.003638281919431272,0.0032950728363106015
ADA,1723802400,2024-08-16,0.6898039409870524,0.7377400901539527,0.0041363174425855095,0.0038775726304767022
ADA,1723986000,2024-08-18,0.12859156387265006,0.13326202998069905,0.0021815386531224335,0.002118580087978005
ADA,1724029200,2024-08-19,-0.28797631567173615,-0.291358629355929,0.002312986492687005,0.002283216222893699
ADA,1724133600,2024-08-20,0.6224859363844171,0.6258002742927515,0.002720848679054113,0.002707067808212125
ADA,1724216400,2024-08-21,0.1119751575793351,0.13943974635337283,0.0034558952943422113,0.002890964163137768
ADA,1724263200,2024-08-21,0.2613449015548184,0.29780374381044256,0.004730428847631167,0.004202000297448949
ADA,1724374800,2024-08-23,-0.3302401967095431,-0.33087513806546476,0.003504316551121587,0.003496956285823248
ADA,1724497200,2024-08-24,-0.23844226926054657,-0.2389894891901738,0.00367573012475469,0.003666170903581976
ADA,1724659200,2024-08-26,-0.3207633812123834,-0.3212738505041292,0.003911323130317249,0.003904501832649344
ADA,1724749200,2024-08-27,-0.10173866054086014,-0.10350262795597326,0.003904948677485322,0.0038130216526765007
ADA,1724864400,2024-08-28,0.5016321932662857,0.5441393248636325,0.005496540563387076,0.005088582145186084
ADA,1724925600,2024-08-29,0.6402855499043648,0.63902309922391,0.004100812626800466,0.0041085674442466556
ADA,1725022800,2024-08-30,-0.1860417009663195,-0.19107837852351,0.003991683122228673,0.003867966439323182
ADA,1725199200,2024-09-01,-1.0142857142857142,-1.0142857142857142,0.0029388504716910927,0.002803377431051943
ADA,1725231600,2024-09-01,-0.14706946521399833,-0.16499353150592472,0.004098922644426306,0.0035603782324590987
ADA,1725382800,2024-09-03,-1.0142857142857142,-1.0142857142857142,0.003355487467729582,0.002936678811401086
ADA,1725415200,2024-09-04,0.1493424146466261,0.15752451327005346,0.0033724188581808626,0.003224143385733239
ADA,1725548400,2024-09-05,0.3383476335435801,0.36750171429077144,0.003270476036548505,0.003029743423975312
ADA,1725609600,2024-09-06,-0.3590417762545287,-0.37812824649926774,0.003977015558279479,0.0037598629089163637
ADA,1725660000,2024-09-06,0.9785607944331157,1.0550319169313056,0.005163175083890197,0.004798803936497132
ADA,1725775200,2024-09-08,-0.30269227436827184,-0.3073615617895957,0.0027099622456575054,0.0026645747260926962
ADA,1725858000,2024-09-09,-0.1605981091113897,-0.17082995558109224,0.0034625036036145737,0.0032134654192772344
ADA,1725937200,2024-09-10,0.5645690929470845,0.5602238272664957,0.002986524284150243,0.0030085646137002595
ADA,1726034400,2024-09-11,-0.5154226847755969,-0.5404011242525036,0.002875621623974756,0.0027352848258189694
ADA,1726077600,2024-09-11,-1.0142857142857142,-0.6056983514508856,0.0037999575536399404,0.003861492750073782
ADA,1726232400,2024-09-13,0.95150456170725,0.9642584311558884,0.002827769069866247,0.00279144361370211
ADA,1726405200,2024-09-15,-1.0142857142857142,-1.0142857142857142,0.0020397959607018584,0.0019736264192173852
ADA,1726498800,2024-09-16,0.001548570207523468,0.0036887074433786613,0.002845759933237093,0.0026569722357937947
ADA,1726686000,2024-09-18,-1.0142857142857142,-1.0142857142857142,0.0034180829039166566,0.0029425508196025537
ADA,1726754400,2024-09-19,-0.03784347736054125,-0.03777878560688207,0.003081457962663054,0.003103108575175595
ADA,1727017200,2024-09-22,0.2897281681474783,0.3161843088158173,0.002603118059565618,0.002403357910301436
ADA,1727064000,2024-09-23,0.3699844349299814,0.3919519653821718,0.003871118917440505,0.003668897295705163
ADA,1727121600,2024-09-23,0.002391064520289839,0.0033276743347268136,0.0036911018097661456,0.0035827250259020033
ADA,1727164800,2024-09-24,-0.7468704362935903,-0.7777818056266703,0.0035798860137409767,0.0034321849378748976
ADA,1727218800,2024-09-24,0.5961778463987687,0.5861151475346748,0.0045732631819046824,0.004648129580512736
ADA,1727308800,2024-09-26,1.313244358701818,1.3290517411329394,0.0033004317511950523,0.0032620034243639046
ADA,1727366400,2024-09-26,-0.1845810837368072,-0.19985591042276085,0.0040290546627074,0.0036697511752233508
ADA,1727402400,2024-09-27,0.4724563941907729,0.49105646657157875,0.004162871183910705,0.004013861274980759
ADA,1727658000,2024-09-30,-0.7662676246972828,-0.8490567390359512,0.0033308330313305107,0.002994743264509782
ADA,1727740800,2024-10-01,0.4621017050045767,0.4932321630527428,0.003435513726681667,0.0032305532441187185
ADA,1727805600,2024-10-01,0.7145172199645183,0.8583858362773041,0.00649797495639961,0.005443973029968811
ADA,1727899200,2024-10-02,0.2343295556372951,0.2453230969261392,0.005651231356877449,0.005424402999714176
ADA,1727946000,2024-10-03,0.11895861993593801,0.13001767446383353,0.005035293829108038,0.004684162585193273
ADA,1728154800,2024-10-05,-0.008267068314840488,-0.008602367483364641,0.002814314581731348,0.0028615695495568375
ADA,1728244800,2024-10-06,-1.0142857142857142,-1.0142857142857142,0.00264159098415519,0.0025755595213979013
ADA,1728277200,2024-10-07,0.4121253696053216,0.44100473440636967,0.003111954924797371,0.002920566842089477
ADA,1728396000,2024-10-08,-0.3700214227498918,-0.38449332410025455,0.0035981005989687534,0.0034518006450432724
ADA,1728486000,2024-10-09,-0.14003799099448724,-0.1447571026712968,0.0030758743734813315,0.002950941632979893
ADA,1728568800,2024-10-10,0.40126277180442155,0.4115490789808646,0.0029911865658666385,0.0029212778401640715
ADA,1728655200,2024-10-11,-0.46553631985853616,-0.4797174646117987,0.002484671668966901,0.0024065694896566623
ADA,1728730800,2024-10-12,0.34389276498863947,0.35124006316853856,0.0019177298828605613,0.001880632181542142
ADA,1728802800,2024-10-13,1.545680711797107,1.5665697641568535,0.002050860434476291,0.0020240035448206247
ADA,1729000800,2024-10-15,0.7982662324304944,0.8916630394839263,0.0046994887497090665,0.0042225263458405314
ADA,1729126800,2024-10-17,-0.2725945291578828,-0.26787972985886044,0.0036296329469860883,0.0037011431736773273
ADA,1729191600,2024-10-17,0.2692865009065382,0.27085109066125695,0.003932843330649783,0.0039122928176228405
ADA,1729267200,2024-10-18,-0.14267487392069508,-0.14565793976711613,0.0030047922024410982,0.0029282377564750287
ADA,1729310400,2024-10-19,0.2280605125822517,0.23355440198151142,0.002671975603004341,0.002615973726312366
ADA,1729436400,2024-10-20,-1.0142857142857142,-1.0142857142857142,0.0023029534217747496,0.0022647190696035787
ADA,1729490400,2024-10-21,1.2664079667108752,1.3004584298248087,0.0030005993144525804,0.0029237223386412397
ADA,1729666800,2024-10-23,1.3975544853276243,1.4519833944332081,0.003586138968825793,0.003454303504889318
ADA,1729702800,2024-10-23,0.27776445413310347,0.282998379973746,0.004103805424438,0.004034867380163999
ADA,1729764000,2024-10-24,0.25012731830485063,0.2650546797672296,0.003793138178737978,0.003600302654025513
ADA,1729843200,2024-10-25,0.27601958740510213,0.28302338333401234,0.0030954857280813034,0.0030259077071644806
ADA,1729900800,2024-10-26,0.3715551200565159,0.4986922152022539,0.005998102370936745,0.004551802553316496
ADA,1730145600,2024-10-28,-0.4955822132150064,-0.5336012865466094,0.0034872244541726554,0.0032247032583397816
ADA,1730232000,2024-10-29,-1.0142857142857142,-1.0142857142857142,0.0028743936384643194,0.0027801162260384987
ADA,1730386800,2024-10-31,-0.7309982173014771,-0.7784821411552829,0.003620102740464266,0.0033908798743461327
ADA,1730473200,2024-11-01,0.25340487697052655,0.26483291066572107,0.003850374178169196,0.0037004029611052906
ADA,1730646000,2024-11-03,-0.028571428571426877,-0.02857142857142742,0.003701028051208641,0.0036472609782246894
ADA,1730732400,2024-11-04,-0.12638079084140627,-0.1270173098402517,0.0035053611934487802,0.003482696669867915
ADA,1730826000,2024-11-05,-0.36079192913120917,-0.3667547740301093,0.003010049043677374,0.0029569758931910196
ADA,1730876400,2024-11-06,0.5988780635071858,0.6112797062996268,0.004872332985743855,0.0047778970615703015
ADA,1730944800,2024-11-07,0.14721227880757778,0.17130593045034026,0.004713584898883487,0.004145399121874524
ADA,1730995200,2024-11-07,-1.0142857142857142,-1.0142857142857142,0.0053378838495624775,0.004625413376451898
ADA,1731042000,2024-11-08,-0.43644426136497844,-0.4498839378949234,0.007775532755411099,0.007527496813519645
ADA,1731081600,2024-11-08,0.3720200735762108,0.399821706833247,0.00905803395508406,0.00847019041316745
ADA,1731196800,2024-11-10,-1.0142857142857142,-1.0142857142857142,0.009512363475769727,0.007659468358521247
ADA,1731207600,2024-11-10,-1.0142857142857142,-1.0142857142857142,0.011836611718755866,0.011700966466352474
ADA,1731218400,2024-11-10,-1.0142857142857142,-1.0142857142857142,0.016585727385607377,0.014984629492192559
ADA,1731243600,2024-11-10,0.8993974000727024,1.1402266794339675,0.020197722772911066,0.01603600914005807
ADA,1731402000,2024-11-12,0.7444581077510154,0.8018412664329047,0.020439063784245294,0.019026684075341083
ADA,1731470400,2024-11-13,-0.15683147393611027,-0.15722890365560335,0.01826646120540267,0.018210035144279796
ADA,1731625200,2024-11-14,0.10593162446902696,0.11527441278901887,0.015506817418389345,0.014499649527496222
ADA,1731679200,2024-11-15,0.07464164682504455,0.087449099736692,0.022422408259765884,0.019947208895132493
ADA,1731718800,2024-11-16,-0.16343569456858323,-0.17261097553723861,0.024998679572390853,0.023406270308728612
ADA,1731754800,2024-11-16,0.03727555171001426,0.03819833757476657,0.02560047975638705,0.02524667050687836
ADA,1731927600,2024-11-18,0.16019836010988683,0.16339952893144327,0.018162712648683195,0.017859844390889595
ADA,1732068000,2024-11-20,-1.0142857142857142,-1.0142857142857142,0.016535211599917075,0.01643022787683377
ADA,1732104000,2024-11-20,0.17648522827481608,0.19340449655762967,0.02034280981454028,0.01879225672335106
ADA,1732575600,2024-11-25,0.1857417064980597,0.1918448050015929,0.030662742949926266,0.029813723176843672
ADA,1732838400,2024-11-29,-0.2434185346053476,-0.24818459913374946,0.01848490605594491,0.018083744983325302
ADA,1732950000,2024-11-30,0.06425879670603679,0.07190213191815864,0.0227758330647827,0.02104320483899676
ADA,1733022000,2024-12-01,0.4581462002336553,0.4680276737537765,0.01978266423636632,0.01938902302377912
ADA,1733083200,2024-12-01,-1.0142857142857142,-1.0142857142857142,0.01615022395121959,0.014838702716698014
ADA,1733090400,2024-12-01,-0.016187490664745997,-0.014328269192783941,0.02076422371304138,0.01805377938327533
ADA,1733155200,2024-12-02,-0.21265425241622524,-0.23484875313432466,0.04035450605013841,0.03601254497707213
ADA,1733364000,2024-12-05,0.7264162619416844,0.7628536758702275,0.030653290687598696,0.029242005355875508
ADA,1733418000,2024-12-05,0.569099191681866,0.5856523754517705,0.029399853323862118,0.028607534348774603
ADA,1733490000,2024-12-06,0.8661345588973333,0.9019462307397244,0.022928521773195255,0.022046100371133335
ADA,1733637600,2024-12-08,-0.012572241529016464,-0.012161661593899272,0.01607224519978378,0.015670110215151755
ADA,1733706000,2024-12-09,-1.0142857142857142,-1.0142857142857142,0.015756508329176633,0.014776239739113298
ADA,1733778000,2024-12-09,-1.0142857142857142,-1.0142857142857142,0.025253787464575787,0.02130407880800469
ADA,1733918400,2024-12-11,-1.0142857142857142,-0.6178889404121202,0.024962346451108182,0.025744065408885724
ADA,1733972400,2024-12-12,-0.36653929247048705,-0.38965758261139183,0.02155741732856104,0.02017721866152728
ADA,1734159600,2024-12-14,0.8418150211298759,0.8391324621611554,0.016774158197212685,0.016826016520075197
ADA,1734249600,2024-12-15,0.8649233399951147,0.9258922719109182,0.014805426840712604,0.013859690443844332
ADA,1734307200,2024-12-16,0.32836487074511256,0.37811917028916164,0.016329444328671155,0.014331709277030475
ADA,1734350400,2024-12-16,0.701807797366705,0.7289446203192621,0.017329549373321065,0.016708745478961156
ADA,1734476400,2024-12-17,-0.5209997568344419,-0.5312999491402565,0.019031050883050016,0.018641131720207708
ADA,1734634800,2024-12-19,0.3195322787955204,0.3331413117400658,0.025115667997298776,0.024170719381706375
ADA,1734685200,2024-12-20,0.40419193502328155,-1.0142857142857142,0.025748152640047817,0.023636472073897654
ADA,1734768000,2024-12-21,0.9455190195628339,0.937354503401549,0.023817090132067734,0.024018404757611408
ADA,1734901200,2024-12-22,0.38917706652985506,0.4141760430576651,0.019492247700097404,0.01839165136933566
ADA,1734987600,2024-12-23,0.13106710378521919,0.1425216721051801,0.021119140358271882,0.01970522807813895
ADA,1735056000,2024-12-24,0.11788911564607155,0.12085098216246948,0.016776824572588753,0.016444272616634042
ADA,1735185600,2024-12-26,-0.7292040464386458,-0.7175190593522943,0.012315400694357515,0.012524277670846557
ADA,1735236000,2024-12-26,0.1567640662161242,0.17103060653517105,0.011870365158718294,0.01102193170938893
ADA,1735477200,2024-12-29,1.2913170998216403,1.3425888874088139,0.008680386722575477,0.00835580108585052
ADA,1735567200,2024-12-30,0.10163537838016362,0.11602629948485634,0.013165868624080772,0.011855550825933139
ADA,1735725600,2025-01-01,2.3940321098823794,2.4315053595831886,0.009682617268904856,0.009535126289589841
ADA,1735758000,2025-01-01,-0.602293104082293,-1.0142857142857142,0.013645242567488126,0.011533338149602603
ADA,1735894800,2025-01-03,-0.4227134648918338,-0.44611268641801666,0.018050055712662907,0.017038521536713893
ADA,1736042400,2025-01-05,0.4508857569227035,0.4454288377453238,0.013288837385682676,0.01344182487688903
ADA,1736182800,2025-01-06,0.39550600913526374,0.4112374582652607,0.015563195334538872,0.015006518052580313
ADA,1736240400,2025-01-07,2.04692525175503,2.333541831938016,0.014316710788288015,0.012579534695079405
ADA,1736420400,2025-01-09,-0.18994549191977406,-0.19301399382773718,0.019475602693804005,0.019112187516404314
ADA,1736726400,2025-01-13,-1.0142857142857142,-1.0142857142857142,0.013875882523242598,0.01412018117887665
ADA,1736766000,2025-01-13,-0.050917355122149996,-0.05089014662792144,0.015343160735758102,0.015361865407739494
ADA,1736931600,2025-01-15,-0.2603217661183941,-0.2722982382925367,0.018122950949958576,0.017232408715339997
ADA,1737032400,2025-01-16,-0.4517351646426272,-0.5062752742622626,0.02113332589858886,0.01872050481386493
ADA,1737136800,2025-01-17,0.2657463294439245,0.2833139036304033,0.021648128248843945,0.020428753498755028
ADA,1737172800,2025-01-18,-0.46376213329126137,-0.48006688628101224,0.02048363077980842,0.019743910070562913
ADA,1737280800,2025-01-19,0.4503671464060486,0.46201441889883516,0.022848143195339263,0.02230569267190382
ADA,1737327600,2025-01-19,0.8576151809528144,0.96183715980853,0.02753370423087232,0.024636296864016343
ADA,1737363600,2025-01-20,0.7617335290410578,0.7495494921054298,0.030259566872173977,0.03073337970849505
ADA,1737442800,2025-01-21,0.2381235179785994,0.23117492239575133,0.025604427518803763,0.026289383481788664
ADA,1737878400,2025-01-26,-0.08247976539480723,-0.08164346429082704,0.007420002611293884,0.007536925889085719
ADA,1737964800,2025-01-27,0.5890738629790261,0.687204756164524,0.014987797986616142,0.012933013216355847
ADA,1738180800,2025-01-29,1.2045985841397306,1.4726338713113254,0.014874556592995507,0.01221875325399516
ADA,1738213200,2025-01-30,0.12113221283826016,0.11606595992227069,0.014504848051665575,0.015012913286409088
ADA,1738288800,2025-01-31,0.06622567992093081,0.06619192695712216,0.01085024052874269,0.010854105184799828
ADA,1738357200,2025-01-31,0.3386680589954537,0.33841693053299937,0.01291488879445005,0.012923726394023128
ADA,1738400400,2025-02-01,-0.13796481080160106,-0.13749423016193738,0.011230765550208356,0.011279285977147465
ADA,1738450800,2025-02-01,-0.5795922562230851,-0.5856437647934327,0.01130369509827128,0.011180902413522915
ADA,1738515600,2025-02-02,-1.0142857142857142,-1.0142857142857142,0.016755166926262978,0.014820948997513973
ADA,1738537200,2025-02-02,-1.0142857142857142,-1.0142857142857142,0.023858157875357586,0.021201093096538937
ADA,1738562400,2025-02-03,0.21715665743065066,0.30550961698489265,0.03918384579160373,0.028821064698650166
ADA,1738857600,2025-02-06,-0.06189945609837501,-0.06472324647070296,0.015431027649923558,0.01422572208453306
ADA,1738962000,2025-02-07,-0.11047783539730689,-0.11334843473592258,0.014650868552334792,0.014154781517899007
ADA,1739109600,2025-02-09,-0.44405161375852564,-1.0142857142857142,0.009146043867985593,0.008380354934753715
ADA,1739196000,2025-02-10,0.1717621466411097,0.1863518380566456,0.01312097298609451,0.012230278600409468
ADA,1739246400,2025-02-11,-1.0142857142857142,-1.0142857142857142,0.014232914413835179,0.01386621552259173
ADA,1739368800,2025-02-12,0.640602824821612,0.7494562262683508,0.01929883830527548,0.016598748944142823
ADA,1739401200,2025-02-12,0.22741335638147162,0.22901307032810525,0.017858204237684284,0.01774729687135231
ADA,1739476800,2025-02-13,0.028593455288685492,0.02986674708807844,0.014494412874151711,0.014178598479855692
ADA,1739574000,2025-02-14,-0.0012765680765484133,-0.0006844311730555132,0.014654773563506406,0.01434360229916075
ADA,1739631600,2025-02-15,-0.2517594936007785,-0.25543814176664736,0.010241203020482743,0.010075141714366033
ADA,1739714400,2025-02-16,0.3952241002638353,0.41462570917564445,0.008157572748925066,0.007800462960380838
ADA,1739862000,2025-02-18,-0.5676158983424201,-0.5682107881175859,0.01478807226204395,0.01477177012835503
ADA,1739898000,2025-02-18,-0.04735447496939823,-0.04790258930688213,0.016732414307386295,0.01625798463872371
ADA,1739944800,2025-02-19,0.3231664237171086,0.3179451508154022,0.014052673349476253,0.014264417453282122
ADA,1740013200,2025-02-20,-0.2559316695392019,-0.255088876942764,0.01218959198684801,0.012234945216605545
ADA,1740132000,2025-02-21,1.2953047404774607,1.3634169949034693,0.008006791154504542,0.007615005858697199
ADA,1740297600,2025-02-23,0.8017993198545378,0.8610213990837882,0.007397728249100025,0.006905245806723101
ADA,1740373200,2025-02-24,-0.09032206758555597,-0.09368885018419172,0.008791117817144273,0.00833658841846306
ADA,1740470400,2025-02-25,0.12442466798795265,0.139158381611146,0.016993897612223724,0.015501120505471705
ADA,1740690000,2025-02-27,-1.0142857142857142,-1.0142857142857142,0.011585584864081924,0.011061399084395919
ADA,1740873600,2025-03-02,-0.2391594068197204,-0.2680741214134318,0.00976856739047757,0.008589226420514313
ADA,1740934800,2025-03-02,0.09159976475233753,0.17610838710567756,0.04446038185259853,0.026103488148952254
ADA,1741366800,2025-03-07,0.11687503395427339,0.1299363723431027,0.025733572875282246,0.023613078481073194
ADA,1741428000,2025-03-08,0.030020642719126914,0.03002223122329907,0.019992953749996316,0.019992411730765262
ADA,1741518000,2025-03-09,-1.0142857142857142,-1.0142857142857142,0.014430777097456774,0.013140836874184228
ADA,1741618800,2025-03-10,-0.46912100500807047,-0.4936349818285617,0.020234466655009324,0.019167887166933118
ADA,1741856400,2025-03-13,-0.32542535738410666,-0.32292054536316245,0.012030929102785068,0.012133308264537762
ADA,1741888800,2025-03-13,0.2274902284064295,0.22414389566253973,0.013166471744420778,0.013340815724760837
ADA,1741968000,2025-03-14,-0.07388534767920295,-0.07768527584883918,0.010718876126320099,0.009889558905267801
ADA,1742011200,2025-03-15,0.1864657508600778,0.18228844564084273,0.009832186786839477,0.010026970385827132
ADA,1742076000,2025-03-15,0.6134268889437335,0.6095744541302727,0.007921694102561489,0.007969516725835452
ADA,1742306400,2025-03-18,0.2497971679480529,0.29025343841110063,0.008416384506552037,0.007348414083979117
ADA,1742392800,2025-03-19,-0.2301728445772298,-0.2637608205640802,0.008786786355595926,0.0075319237675648505
ADA,1742482800,2025-03-20,0.8590509725734485,0.9182733961603049,0.009431294839597227,0.008841394442643166
ADA,1742544000,2025-03-21,-0.09951556840133863,-0.09927610950922598,0.00805462682046165,0.008081905806651005
ADA,1742659200,2025-03-22,0.08691488839744238,0.0864635641494222,0.0056902226548621775,0.0057125474744669546
ADA,1742756400,2025-03-23,1.1368553909875432,1.224666910311844,0.005442518600402068,0.0050611738773560675
ADA,1742900400,2025-03-25,0.2811795254881908,0.29288993004350283,0.009500720189196541,0.009154621742211658
ADA,1742976000,2025-03-26,0.8373409588504357,0.8997608551479676,0.009337797221943393,0.008709935469785188
ADA,1743019200,2025-03-26,0.5206345231738895,0.5267634965519585,0.010144516012113762,0.010032555705353288
ADA,1743127200,2025-03-28,1.6727470800688815,1.7208419606951502,0.007809069388384057,0.00759438241825975
ADA,1743181200,2025-03-28,0.39127275272445455,0.40498455923579596,0.008574609725180229,0.0083034258578864
ADA,1743231600,2025-03-29,-0.6392948620377894,-1.0142857142857142,0.00846770942139301,0.008188302453807856
ADA,1743354000,2025-03-30,-0.017317006784175658,-0.01648914461744105,0.007616054146058848,0.007094212157294146
ADA,1743408000,2025-03-31,0.3567080921034391,0.3782460214407879,0.00941802310752329,0.008919409500409694
ADA,1743523200,2025-04-01,0.3850045279071701,0.3959031564490358,0.00967174212461013,0.009423414595733993
ADA,1743609600,2025-04-02,1.4334389491273656,1.4889064595206551,0.008676897564627134,0.008359735838829218
ADA,1743685200,2025-04-03,0.6621242156749825,0.7336499677940728,0.010631103879145828,0.009633496485233973
ADA,1743912000,2025-04-06,-0.7136242127926175,-0.6983270202747854,0.005547017817495765,0.005673711495764669
ADA,1743948000,2025-04-06,-1.0142857142857142,-1.0142857142857142,0.005732189801899893,0.005150050555892195
ADA,1743973200,2025-04-06,-1.0142857142857142,-1.0142857142857142,0.00948428076759256,0.00853691774971507
ADA,1744113600,2025-04-08,0.8766903605451778,0.9239835090180732,0.01306646493951134,0.012417731473319898
ADA,1744243200,2025-04-10,-0.05223127342336112,-0.05958710118366944,0.015698690069736905,0.011975512382793587
ADA,1744542000,2025-04-13,0.8142702762853385,0.8762654506614443,0.008779821830550675,0.008178269663669963
ADA,1744650000,2025-04-14,0.20243586625914772,0.2012990563364379,0.011007691963676415,0.01106212980703614
ADA,1744729200,2025-04-15,-0.643275229582232,-0.6863182374923635,0.008645278759537632,0.008079530971809756
ADA,1744765200,2025-04-16,-0.5049667899834701,-0.5118594302808136,0.007676697032278042,0.007567212188607122
ADA,1744912800,2025-04-17,0.4076160913008106,0.42857630756978676,0.007205289009134578,0.006874926625221856
ADA,1745013600,2025-04-18,0.019939928960802232,0.02065380180762517,0.004711709591297268,0.004643379559858591
ADA,1745168400,2025-04-20,1.9080817349902577,1.9781894991674263,0.0042636146794386345,0.0041146619624723765
ADA,1745218800,2025-04-21,0.6261795224009962,0.6336068277080639,0.005585547988454757,0.005522897833720502
ADA,1745330400,2025-04-22,-1.0142857142857142,-1.0142857142857142,0.0065988528258543915,0.006244918427843192
ADA,1745359200,2025-04-22,-1.0142857142857142,-1.0142857142857142,0.007907300174956094,0.006754015573029637
ADA,1745402400,2025-04-23,0.1417383513649225,0.13846325462663378,0.008723599350956263,0.008894645454875979
ADA,1745467200,2025-04-24,0.2981007645359859,0.3025846146918054,0.009183518105606034,0.00905917334449881
ADA,1745514000,2025-04-24,0.04804456975020541,0.06205934511196987,0.011560435223934601,0.009772776395006498
ADA,1745654400,2025-04-26,0.7361139825614257,0.7250498863144709,0.009639818498051464,0.009781342997901574
ADA,1745719200,2025-04-27,-0.03807648176701664,-0.039209139552804174,0.009017759706391114,0.008057587376113512
ADA,1745823600,2025-04-28,0.8513799590182461,0.8401595884013074,0.009253757943562896,0.009373277785375422
ADA,1746018000,2025-04-30,-0.08596780279403472,-0.09417238365320188,0.006969081329921975,0.006097472201454437
ADA,1746154800,2025-05-02,0.4245759469396377,0.4529124634700926,0.007818333139106069,0.007358204919037303
ADA,1746284400,2025-05-03,0.9878098330067089,1.0992857878782607,0.007308843353759878,0.006586446688664489
ADA,1746352800,2025-05-04,-0.2279856318455866,-0.2208920323832397,0.008453331096966788,0.008765125796733468
ADA,1746446400,2025-05-05,-0.23799216610334828,-0.24385680107137092,0.008049414330122495,0.007830138509362686
ADA,1746720000,2025-05-08,-1.0142857142857142,-1.0142857142857142,0.008984624339667948,0.007960364673488563
ADA,1746759600,2025-05-09,-1.0142857142857142,-1.0142857142857142,0.01097521385902336,0.01112715338664054
ADA,1746781200,2025-05-09,-0.29137136001351094,-0.3153258170087132,0.012176563298325041,0.011159375859734652
ADA,1746900000,2025-05-10,0.0939389013623939,0.10349260712106374,0.013759772638150938,0.012764370533393323
ADA,1747054800,2025-05-12,0.49989599084341135,0.5405498084338766,0.01519217861616014,0.014106961586633996
ADA,1747296000,2025-05-15,0.38607649046013237,0.41145642435049307,0.012058422990950677,0.01136291706717765
ADA,1747447200,2025-05-17,0.4867397172566603,0.503216615622826,0.011477115839948761,0.011121509366098665
ADA,1747501200,2025-05-17,0.20015129409732124,0.22130032461446597,0.011617310366627272,0.010634026548675526
ADA,1747602000,2025-05-18,-0.12864133523422727,-0.13420334388322028,0.01199161706069743,0.011360202988443386
ADA,1747800000,2025-05-21,-0.005488918132877116,-0.005563385993219239,0.008664568809896434,0.008692612564503854
ADA,1747846800,2025-05-21,0.22093189614572822,0.2427187515359343,0.01042070282208624,0.00958383380840056
ADA,1747890000,2025-05-22,-0.3156337539438834,-0.31977903062471524,0.01164505700467618,0.011479292158882038
ADA,1747962000,2025-05-23,-1.0142857142857142,-1.0142857142857142,0.008290240478552648,0.00834333589997977
ADA,1748131200,2025-05-25,-0.46874769453905424,-0.46682490162712964,0.007529451200645708,0.007562485908387686
ADA,1748448000,2025-05-28,0.532451519843715,0.5476433071875437,0.006926123604553443,0.006743517727980625
ADA,1748487600,2025-05-29,0.15919184559331553,0.17025784397690275,0.008064866364425846,0.0076160099309201396
ADA,1748552400,2025-05-29,-1.0142857142857142,-1.0142857142857142,0.00769994042788147,0.007546089691564656
ADA,1748570400,2025-05-30,-0.08388243802041902,-0.10209494951085604,0.010331190428834144,0.007772051231052157
ADA,1748624400,2025-05-30,-0.3195129864685995,-0.34935876923329134,0.010409552524778348,0.009441056565145921
ADA,1748772000,2025-06-01,0.7201352824438291,0.7810400864868029,0.00793749682675945,0.007340381198048643
ADA,1748905200,2025-06-02,-0.1565529076097104,-0.15740422939120963,0.007367137416618893,0.0073184556794357305
ADA,1749067200,2025-06-04,0.18665702245970273,0.18487817819076194,0.006504716236597945,0.006558925177874717
ADA,1749142800,2025-06-05,-1.0142857142857142,-1.0142857142857142,0.007549345912952497,0.006968526367794997
ADA,1749153600,2025-06-05,-0.15261424697762419,-0.17599707821025862,0.008752737963103724,0.007364487037188631
ADA,1749391200,2025-06-08,0.0920434101213645,0.10796604874559808,0.005922038465806102,0.005231426040098877
ADA,1749488400,2025-06-09,-1.0142857142857142,-1.0142857142857142,0.0060275781644363174,0.005775853407854489
ADA,1749510000,2025-06-09,0.42760508228151567,0.4444733611730833,0.0067642989332018155,0.006523091158832731
ADA,1749596400,2025-06-10,-0.2759248236817597,-0.28218325552461954,0.009009665816704966,0.008787332417989962
ADA,1749715200,2025-06-12,-0.14236520536413072,-0.14256027911541436,0.007532422961093321,0.007519532419638958
ADA,1749780000,2025-06-13,0.49422817988811174,0.5125294295135926,0.010766212019852752,0.010402074482918343
ADA,1749920400,2025-06-14,0.39039196368923346,0.44513803754682496,0.006273988317662044,0.005548910495943744
ADA,1750021200,2025-06-15,1.219643178194534,1.2909062200092773,0.005287552288063764,0.005001979387145592
ADA,1750053600,2025-06-16,-0.28978624965279426,-0.29053838179151664,0.005687710519501866,0.005671380559463548
ADA,1750122000,2025-06-17,0.15444579427353827,0.17243428580103748,0.008274006624876385,0.0075335455960207215
ADA,1750176000,2025-06-17,0.15125579642186934,0.16488973350988642,0.007149719881192662,0.006645852179745949
ADA,1750244400,2025-06-18,-0.39976775746885523,-0.4174509881122635,0.00685043720774458,0.006538932377571085
ADA,1750399200,2025-06-20,-0.2919430253608294,-0.29466633389888536,0.005207199972004428,0.005153907662158614
ADA,1750431600,2025-06-20,-1.0142857142857142,-1.0142857142857142,0.006476923176125679,0.005475148035827657
ADA,1750550400,2025-06-22,-0.5693228082232376,-0.6921786419609478,0.006868749399543614,0.005597114737970039
ADA,1750626000,2025-06-22,1.047698587345392,1.1436203973429584,0.009981563161643836,0.009164760327924135
ADA,1750744800,2025-06-24,0.05677512633874726,0.05988977141263594,0.008369238981438161,0.008074565056933405
ADA,1750842000,2025-06-25,-0.49740947051802925,-0.5097444589194243,0.005850329746001069,0.005700355111078072
ADA,1750935600,2025-06-26,-0.3849699867584675,-0.37428132998566255,0.005852196193845724,0.006033134362603083
ADA,1751032800,2025-06-27,0.5468166074828724,0.5487503986975156,0.005462152401376203,0.005443856432251301
ADA,1751097600,2025-06-28,0.002220543628806181,0.0015027881557224938,0.004639428157708896,0.004750153400609582
ADA,1751212800,2025-06-29,1.6976302730141766,1.737117611714627,0.003641355630654596,0.003559921448397254
ADA,1751248800,2025-06-30,0.22337433507711582,0.32043716897967645,0.005329945316049593,0.0038476334172841803
ADA,1751313600,2025-06-30,0.8629232683915167,0.9887351057401227,0.0066341232700922485,0.0058136712139455005
ADA,1751382000,2025-07-01,-0.1629376209389273,-0.17123071524949088,0.006379155664384183,0.006008321484721428
ADA,1751475600,2025-07-02,0.16110123914399316,0.20228779821390858,0.006627960012820749,0.0054454953984223444
ADA,1751522400,2025-07-03,0.05919959759397321,0.0657641279057882,0.006510446515137194,0.006057403939378511
ADA,1751612400,2025-07-04,-0.7738991567316681,-0.7754289990086093,0.0059417773702084955,0.005929606398686072
ADA,1751810400,2025-07-06,-0.41616811168386436,-0.47049832038317413,0.0043491452820955115,0.003814464149949014
ADA,1752040800,2025-07-09,-1.0142857142857142,-1.0142857142857142,0.004926566606434242,0.004405533268467641
ADA,1752069600,2025-07-09,-1.0142857142857142,-1.0142857142857142,0.005272004016586969,0.004800619710170584
ADA,1752170400,2025-07-10,-1.0142857142857142,-1.0142857142857142,0.008124352781260056,0.0071031491490492855
ADA,1752231600,2025-07-11,-1.0142857142857142,-1.0142857142857142,0.011063943456926356,0.010791939107459158
ADA,1752249600,2025-07-11,1.2969794610879883,1.5375585904964206,0.015282055947582395,0.012934521789704122
ADA,1752336000,2025-07-12,0.27618226863751677,0.28545191196089265,0.013875373678148294,0.013465787038005855
ADA,1752462000,2025-07-14,0.18117515669204387,0.18395004253792896,0.01239591098340889,0.012234057982132654
ADA,1752526800,2025-07-14,-0.052359772460107014,-0.052610056695491896,0.013211752602722346,0.013074195110624062
ADA,1752688800,2025-07-16,0.34837160609373463,0.34499886114082395,0.010763278490466885,0.010860453758964342
ADA,1752742800,2025-07-17,-0.4138589473704968,-0.4268984527427223,0.012977321496385055,0.012552500073030062
ADA,1752793200,2025-07-17,-1.0142857142857142,-1.0142857142857142,0.016605674086952706,0.01628303363210291
ADA,1752976800,2025-07-20,-0.29889269330601653,-0.29968988656768175,0.011943460799287774,0.01190834239923298
ADA,1753084800,2025-07-21,-0.07506100501815888,-0.07518812393133767,0.013520695962711469,0.013483826421381582
ADA,1753275600,2025-07-23,-1.0142857142857142,-1.0142857142857142,0.013385252692286602,0.011776425976308647
ADA,1753369200,2025-07-24,0.26684596698402907,0.2906787392804065,0.01847265238691195,0.017093625647443638
ADA,1753455600,2025-07-25,0.5513694096519608,0.5873362317730617,0.016257815982497772,0.015308417211920682
ADA,1753491600,2025-07-26,-0.21489175974410152,-0.20960435028947913,0.012574350464662348,0.012941608192713295
ADA,1753549200,2025-07-26,0.3889879421085896,0.38742340013166593,0.008621528464652096,0.008653953731163797
ADA,1753596000,2025-07-27,0.7067662148226946,0.7033539695764621,0.007770968568819793,0.007807196920267463
ADA,1753664400,2025-07-28,0.0882029821135804,0.09360444588051794,0.008318847988443127,0.007951067064477213
ADA,1753801200,2025-07-29,0.050452876232521524,0.05480503280776511,0.010485020154584104,0.009937714012629039
ADA,1753869600,2025-07-30,-0.43098362989385725,-0.4426440265475015,0.009443053633841705,0.009177134682598755
ADA,1753905600,2025-07-30,0.9150568584295562,1.0492245754000906,0.012565480518634015,0.011001286712375088
ADA,1754010000,2025-08-01,-0.3160906981372803,-0.34389274469305603,0.01122906104153122,0.010238988813956696
ADA,1754154000,2025-08-02,0.1742761359743338,0.17774119671096375,0.011408989402796615,0.011217373203011739
ADA,1754265600,2025-08-04,-0.4617862983743995,-0.4578861949589576,0.006463305383015728,0.006522021181709243
ADA,1754316000,2025-08-04,-0.5935263657323829,-0.6317675066344935,0.0071813565831127645,0.006726076320275285
ADA,1754575200,2025-08-07,-1.0142857142857142,-1.0142857142857142,0.006888653253172062,0.005749318888031456
ADA,1754614800,2025-08-08,-0.3232728614430893,-0.3600350269335022,0.009501141452608311,0.00844738310280895
ADA,1754719200,2025-08-09,-0.015804326202031503,-0.01493127316658484,0.008951578124701197,0.008378622595832061
ADA,1754917200,2025-08-11,-0.277006117561723,-0.27621077780893666,0.011270567775297197,0.0113067652964739
ADA,1754956800,2025-08-12,0.0665422407467134,0.06937045361741175,0.01141491326638551,0.011085291209953623
ADA,1755000000,2025-08-12,2.587486610522197,2.614129177091383,0.009283323964069414,0.009189733499767063
ADA,1755036000,2025-08-12,0.23650020090906557,0.24167426630578046,0.01120990796809208,0.010995285504099162
ADA,1755126000,2025-08-13,-1.0142857142857142,-1.0142857142857142,0.012416067365177374,0.011724995624037173
ADA,1755306000,2025-08-16,0.5409685454381887,0.5569394375898407,0.02207295211067358,0.021470871503802315
ADA,1755342000,2025-08-16,0.05453853273046883,0.055782359221324934,0.02131427501203983,0.020999988474504436
ADA,1755424800,2025-08-17,0.4046960068388091,0.4370562793932117,0.015760638512113918,0.014665303013045753
ADA,1755518400,2025-08-18,0.3111463469169231,0.3306543529620802,0.013540651481622965,0.012805316980209347
ADA,1755867600,2025-08-22,2.4904278705448206,2.4500021441980664,0.011421769184899176,0.011608059122199112
ADA,1756033200,2025-08-24,0.9593845820741391,0.9788677542914332,0.009109717338648552,0.008933541749313826
ADA,1756065600,2025-08-24,0.8596677724275462,1.1357863036365232,0.014989527257197746,0.011434875507751416
ADA,1756328400,2025-08-27,0.39128912672284816,0.4250774308597176,0.0112282176899936,0.01039192674307003
ADA,1756371600,2025-08-28,0.6859827501102772,0.6892714861816043,0.010476062570265569,0.01042806738336292
ADA,1756411200,2025-08-28,0.0784306854661108,0.08134243506377888,0.010413679433424866,0.010137808620611394
ADA,1756454400,2025-08-29,-0.19444002379358166,-0.1987922705634123,0.010507457065774582,0.01023879991698801
ADA,1756558800,2025-08-30,0.2536690334746363,0.28497633245245124,0.009616926271339211,0.008656689830672994
ADA,1756688400,2025-09-01,1.1440130201455354,1.184879420278238,0.007163663145278149,0.0069224064641457
ADA,1756760400,2025-09-01,0.6729644278029008,0.7437147820527183,0.01058901175338881,0.009618935734418719
ADA,1756911600,2025-09-03,0.10320248644667791,0.10419238164801871,0.008022398492126454,0.007962582991520795
ADA,1756958400,2025-09-04,-0.3037715386298317,-0.2999105027957254,0.006748336171626962,0.006844362030982878
ADA,1757077200,2025-09-05,0.5606727722424171,0.6605726710090911,0.007176263122710494,0.006135975670611305
ADA,1757329200,2025-09-08,-0.5560715087417056,-0.5723213616015689,0.006553824325537318,0.006357964658270958
ADA,1757422800,2025-09-09,0.5650232703423334,0.6141937262418249,0.008423255816046908,0.0077788908788197445
ADA,1757512800,2025-09-10,0.2590090054512008,0.2739065970145886,0.008047438005130884,0.007651087082448637
ADA,1757595600,2025-09-11,0.3941162367072198,0.5146723206801705,0.008314143049263084,0.006469077129975629
ADA,1757638800,2025-09-12,0.15073208322749604,0.17184292726191688,0.00780798984891031,0.006985527529595721
ADA,1757862000,2025-09-14,0.1283870282870108,0.1347390330442244,0.009829716561552572,0.009447387066287383
ADA,1757901600,2025-09-15,-0.582088441297457,-0.6053990628690573,0.008981528041829561,0.008618568660431833
ADA,1757941200,2025-09-15,-0.046932046908158595,-0.049059952096458415,0.010892879331842706,0.009761562357369072
ADA,1758142800,2025-09-17,-1.0142857142857142,-1.0142857142857142,0.010138908665439426,0.009672670870473228
ADA,1758175200,2025-09-18,-0.5397078888990348,-0.577045086860392,0.011459059002343178,0.010678986617908042
ADA,1758211200,2025-09-18,-0.29295556679029666,-0.2930917632108934,0.009834175444548022,0.00982911201720556
ADA,1758448800,2025-09-21,0.1442733157009984,0.16572579346068592,0.006446743399553167,0.005734954430288023
ADA,1758510000,2025-09-22,-1.0142857142857142,-1.0142857142857142,0.00876398469154658,0.007953521975511703
ADA,1758524400,2025-09-22,0.4490500026627869,0.5941258630712335,0.011964047968952054,0.009176667043486826
ADA,1758686400,2025-09-24,0.5596508750703656,0.5927618736587353,0.008743050222707839,0.008277131009069986
ADA,1758726000,2025-09-24,0.5609401597748261,0.5923693818274461,0.008142333577301446,0.0077302053909400125
ADA,1758776400,2025-09-25,0.03923745620716933,0.04440927131655516,0.00884839799325813,0.008221351685047215
ADA,1758823200,2025-09-25,0.22838363641390036,0.2528794367423918,0.011119231517409478,0.01015148009567174
ADA,1759024800,2025-09-28,-0.44488004599139386,-0.4537190285090201,0.005353171506232064,0.0052418770067114515
ADA,1759078800,2025-09-28,-1.0142857142857142,-1.0142857142857142,0.005278692405199152,0.005100130282522159
ADA,1759158000,2025-09-29,0.1937125904313298,0.2001918068838642,0.007455069710262246,0.007243921226436256
ADA,1759226400,2025-09-30,0.06342964081181189,0.06444313923173824,0.00683221872077446,0.0067577740069878775
ADA,1759312800,2025-10-01,-0.42606303502877063,-0.42021918790624296,0.00905679501533407,0.009191933093436692
ADA,1759428000,2025-10-02,0.02762345673535945,0.027501997199164168,0.008643389572958444,0.008662111847801395
ADA,1759510800,2025-10-03,0.615653122048746,0.6711096245210102,0.00935787284537347,0.008616170756556045
ADA,1759568400,2025-10-04,-0.459527457251844,-0.4616569954788312,0.007425351513931471,0.007388840091926198
ADA,1759694400,2025-10-05,0.14929333315317067,0.1613163527463968,0.008995598591234085,0.00842602925209824
ADA,1759856400,2025-10-07,-0.007144267628414967,-0.006551575957823902,0.010667368821250663,0.010380243345962254
ADA,1760000400,2025-10-09,-0.0010576706857772205,0.00019209322872988573,0.008307532163414897,0.007946573099062196
ADA,1760112000,2025-10-10,-1.0142857142857142,-1.0142857142857142,0.00971899365576798,0.008120454706211675
ADA,1760130000,2025-10-10,-1.0142857142857142,-1.0142857142857142,0.014438407195348415,0.00997213082575983
ADA,1760284800,2025-10-12,-0.3362811952744676,-0.34996432722381243,0.01532055925555111,0.014668294582901193
ADA,1760389200,2025-10-13,0.6550395581072966,0.6494917520290461,0.013875895020060956,0.013989425406219485
ADA,1760518800,2025-10-15,0.897994812594161,0.9215967044328871,0.010885043980262882,0.010614662747975413
ADA,1760562000,2025-10-15,0.1277889640776938,0.13263229498981727,0.011146410630780191,0.010811519140840201
ADA,1760608800,2025-10-16,-0.15843884584631912,-0.17626573363352718,0.0101202113806864,0.008898689179200735
ADA,1760688000,2025-10-17,0.38796583151723335,0.40825009075446417,0.010974837090097427,0.01046520917395107
ADA,1760864400,2025-10-19,1.4835540475723967,1.6187029623228206,0.005951887023920466,0.00546357064114511
ADA,1760936400,2025-10-20,-0.13231562166721,-0.12998443046056704,0.007986677652468075,0.008170268241119463
ADA,1761022800,2025-10-21,0.2510435157324179,0.2697572354962275,0.007050512183234137,0.00660824388963676
ADA,1761062400,2025-10-21,1.398154769612329,1.4852966168737185,0.008751303720089225,0.008247557852403782
ADA,1761112800,2025-10-22,0.06564789295696734,0.06828846308578003,0.00849082743351033,0.008259352620703436
ADA,1761163200,2025-10-22,0.19845952997243504,0.2034257509284709,0.008683523093383222,0.0084976402544127
ADA,1761289200,2025-10-24,0.38832708805405175,0.3773518227286753,0.006167996452092401,0.0063347654099456625
ADA,1761451200,2025-10-26,2.045069996081713,2.021780060004321,0.003871726004853695,0.003915704928303973
ADA,1761519600,2025-10-26,0.2596963749583947,0.3024275823100151,0.005451280206066969,0.004747532529610577
ADA,1761685200,2025-10-28,0.057783832742023415,0.06319795457414383,0.008602337964802588,0.008094825500556626
ADA,1761764400,2025-10-29,0.24497027612893735,0.3196012108436427,0.009296049191630707,0.007303437590986913
ADA,1761840000,2025-10-30,0.019798210943017237,0.020700109240544315,0.009451028821629693,0.009278031038678127
ADA,1762070400,2025-11-02,1.0423005761303668,1.0403900189469408,0.004402286821942368,0.004410155039014861
ADA,1762282800,2025-11-04,0.1362441197000372,0.1410583837167394,0.01161471556756703,0.011285078303533721
ADA,1762776000,2025-11-10,0.035635460950916624,0.04205213189202074,0.007564831271654107,0.006877510600242887
ADA,1762826400,2025-11-11,0.7315383078346922,0.7739351444863316,0.008833311024315501,0.008366642641570539
ADA,1762966800,2025-11-12,0.034519507429683044,0.03784183644131829,0.008604360265752868,0.008173926440041552
ADA,1763064000,2025-11-13,-0.11131089222085376,-0.1112266139078854,0.009323586803718528,0.009333093480927646
ADA,1763301600,2025-11-16,-0.3316819349486601,-0.3444387148197483,0.006032689036175174,0.005789049731265573
ADA,1763388000,2025-11-17,-0.41404908470334767,-0.4853176623458604,0.006967237252255101,0.005880101656274723
ADA,1763532000,2025-11-19,0.33870118203427524,0.36089219445535226,0.007468177761291932,0.0070426529736990024
ADA,1763586000,2025-11-19,0.5162901152406828,0.5364498919942344,0.007446190510633469,0.007180512857605277
ADA,1763658000,2025-11-20,-0.1399565801251673,-0.15612978228925006,0.007438796078413268,0.0064956265459835206
ADA,1763953200,2025-11-24,0.4757200571309097,0.5049881753843107,0.005778970688404356,0.005461968433666227
ADA,1763996400,2025-11-24,1.071987272855712,1.143713332577177,0.006126758285690143,0.005751893538435542
ADA,1764183600,2025-11-26,0.04080446322477728,0.041208793032502175,0.005765691649413514,0.005732283314753013
ADA,1764298800,2025-11-28,-0.06866219183388332,-0.07154081794260028,0.004276011666485923,0.003989551025446378
ADA,1764356400,2025-11-28,-0.3009276234823888,-0.30254651479659384,0.005664850558517833,0.005631377524557666
ADA,1764399600,2025-11-29,0.33216183871280636,0.3349272363438965,0.004277002657593779,0.0042444644004856055
ADA,1764442800,2025-11-29,0.4529808259645115,0.46345891875127354,0.0039159079164347065,0.0038325162176989147
ADA,1764493200,2025-11-30,-0.27525058853240114,-0.28176166770561667,0.003822200233721887,0.003723907944008186
ADA,1764550800,2025-12-01,-0.2836329015198274,-0.3857323135123837,0.005936944128728004,0.004239785984784002
ADA,1764691200,2025-12-02,-0.35630139015668133,-0.44657731424143776,0.006276944735819391,0.004921325100113188
ADA,1764756000,2025-12-03,-0.17067500392741541,-0.17203983949599921,0.00542863590515606,0.005376992513244987
ADA,1764795600,2025-12-03,-0.03863603579960328,-0.038639090615592474,0.005677604286722501,0.005675881539547306
ADA,1764943200,2025-12-05,-1.0142857142857142,-1.0142857142857142,0.004691375400481342,0.0045753273543645235
ADA,1765119600,2025-12-07,0.5347725189964764,0.6177510650138566,0.004158839644895133,0.0036249042329639892
ADA,1765188000,2025-12-08,0.10731840267985784,0.11152404180591957,0.0054666131822877365,0.005302506504002178
ADA,1765281600,2025-12-09,-1.0142857142857142,-1.0142857142857142,0.005510296644379272,0.004680319463177679
ADA,1765310400,2025-12-09,0.3192980308837177,0.3377645014418811,0.007309802783032204,0.006941326074034681
ADA,1765396800,2025-12-10,-1.0142857142857142,-1.0142857142857142,0.006488964479738262,0.005918884824333511
ADA,1765443600,2025-12-11,-0.5920324169436936,-0.5845707295461294,0.0065412058008872025,0.006628990862493908
ADA,1765555200,2025-12-12,0.021210065857197508,0.03099902208521805,0.005739367389300121,0.004796241803861667
ADA,1765706400,2025-12-14,-1.0142857142857142,-1.0142857142857142,0.002613007624316433,0.0026601620569561583
ADA,1765810800,2025-12-15,-0.23994141907249897,-1.0142857142857142,0.004460695393050058,0.003573056577130831
ADA,1765951200,2025-12-17,1.1531432466644929,1.1610118076425366,0.004327851571501122,0.004299224769308898
ADA,1765983600,2025-12-17,1.417895576767763,1.7658688685333621,0.004799872459744802,0.0038690934181867124
ADA,1766080800,2025-12-18,-0.47919980413377045,-0.577494667383137,0.006340352743160927,0.005204995261865617
ADA,1766163600,2025-12-19,0.25565635028364797,0.27283403038880155,0.005227195919058403,0.004929287912832126
ADA,1766278800,2025-12-21,0.05303254965996364,0.051707565187673714,0.002800983892271756,0.0028472134224465035
ADA,1766408400,2025-12-22,0.27376490023576405,0.2861524727948841,0.0039690896715401675,0.00381286580012018
ADA,1766502000,2025-12-23,0.3374140027845175,0.3685733084007467,0.004059490237657366,0.0037409894867079336
ADA,1766559600,2025-12-24,0.0006815716207338485,0.00044912398399692436,0.00390680318377517,0.003938095736373259
ADA,1766667600,2025-12-25,0.5086968783956383,0.5605564629281501,0.003031206954612444,0.0027643767203518626
ADA,1766703600,2025-12-25,0.33073413082384767,0.4551829546572703,0.004373515884567302,0.0032484017218417085
ADA,1766840400,2025-12-27,-1.0142857142857142,-1.0142857142857142,0.002727364104859385,0.0026448536513870324
ADA,1766977200,2025-12-29,0.5351460281273624,0.5609152511998159,0.003953348263547245,0.003780528899204727
ADA,1767189600,2025-12-31,-1.0142857142857142,-1.0142857142857142,0.0026050855796914117,0.0024593229319753657
ADA,1767297600,2026-01-01,-0.2940563305739702,-0.3170994893150141,0.0033362133930532048,0.003069768269441915
ADA,1767376800,2026-01-02,-0.6279060828869273,-0.7458546578667709,0.005672957462943914,0.004740108037016521
ADA,1767499200,2026-01-04,-0.11332754290439098,-0.11801287288489971,0.004045220165594369,0.0038333140244862464
ADA,1767578400,2026-01-05,0.5671376982985824,0.593055620234188,0.00460435642016888,0.004412383837104948
ADA,1767625200,2026-01-05,-0.7627685769069867,-1.0142857142857142,0.005097891147278748,0.0046361904663001895
ADA,1767664800,2026-01-06,0.46985067168797534,0.4823046263112759,0.005847023462179919,0.005704486805424529
ADA,1767711600,2026-01-06,0.5407824809334043,0.622627157732286,0.0057709523564558616,0.0050456409992601595
ADA,1767798000,2026-01-07,0.023983148955771506,0.02662415295773326,0.00598017773281575,0.005694037558416958
ADA,1767855600,2026-01-08,0.050265583376054496,0.05335365176195052,0.005436170372070109,0.005231260400690887
ADA,1767974400,2026-01-09,0.5422840714716515,0.6503746791894738,0.005505521349308123,0.0046290229915625924
ADA,1768017600,2026-01-10,0.28776736946857623,0.27929322346485125,0.004515953899498479,0.004640258045613745
ADA,1768125600,2026-01-11,-0.27411210321220814,-0.27552239175205856,0.0023272257122554344,0.0023139353824289293
ADA,1768176000,2026-01-12,0.2287957279194645,0.255911170708381,0.00388549966372798,0.0035151534840147484
ADA,1768226400,2026-01-12,0.2722625600388117,0.2761282999198232,0.004463781333554487,0.004407149128443291
ADA,1768323600,2026-01-13,-1.0142857142857142,-1.0142857142857142,0.0049699012053100716,0.004536816682641615
ADA,1768345200,2026-01-13,-0.08026864824879548,-0.08840823053156206,0.005526685719219798,0.004774892313005937
ADA,1768492800,2026-01-15,-0.3610859111657197,-0.3924684033681462,0.005327372683462694,0.004867939812959826
ADA,1768579200,2026-01-16,1.0268709890364491,1.239215360930653,0.0038710916081754715,0.0032227140395735864
ADA,1768672800,2026-01-17,0.38459217586952654,0.4131496493352158,0.0030427241016156193,0.0028460105709706674
ADA,1769018400,2026-01-21,0.9894877626865046,0.9911201086334183,0.005191951834532498,0.005183640437188846
ADA,1769180400,2026-01-23,0.3918970562410124,0.4290014181677307,0.0032616679274793925,0.0029971808449778046
ADA,1769313600,2026-01-25,-0.06910524914133971,-0.07061216096029597,0.0021146362348557156,0.0020388390221523097
ADA,1769353200,2026-01-25,-1.0142857142857142,-1.0142857142857142,0.0026141382763706375,0.00231522583609146
ADA,1769360400,2026-01-25,0.5469040339341327,-1.0142857142857142,0.0031774967791154953,0.0025988426852013033
ADA,1769547600,2026-01-27,0.2059074109417489,0.22223946095660746,0.0038992248348889524,0.0036453190529573305
ADA,1769601600,2026-01-28,0.49492050290471984,0.5198938298116409,0.003329291318669616,0.0031776983431826616
ADA,1769662800,2026-01-29,-0.11304465128938912,-0.11295067184126542,0.004058767166986169,0.004063287718292797
ADA,1769702400,2026-01-29,0.08062202358692888,0.09401670942774464,0.003924882125256874,0.003496026904122787
ADA,1769799600,2026-01-30,-0.007688834871568846,-0.0045380690470093,0.005472773924940694,0.004755294996089975
ADA,1769886000,2026-01-31,0.9133804509229478,1.0625308443903014,0.006733737976362322,0.005813256282236347
ADA,1770044400,2026-02-02,-0.023717055597447176,-0.023592488718465754,0.00588570938504099,0.005738456260813376
ADA,1770134400,2026-02-03,0.5347182059909206,0.6116965312552528,0.004565020219884692,0.004016175621414286
ADA,1770231600,2026-02-04,0.026960579351704764,0.030784979503690472,0.005659541695678221,0.005294891056884237
ADA,1770300000,2026-02-05,-1.0142857142857142,-1.0142857142857142,0.005671249449944802,0.005384422484555939
ADA,1770570000,2026-02-08,0.04344740045248946,0.048476136662746715,0.003570494836252725,0.0033374559775029354
ADA,1770627600,2026-02-09,0.48989978810748785,0.5080712448110654,0.0034717452813098535,0.003354187226025996
ADA,1770786000,2026-02-11,-0.35042001505359754,-0.3699637176651531,0.0027519595328822136,0.002594417958488536
ADA,1770886800,2026-02-12,0.38618723388551324,0.3797469259435297,0.002893248794109513,0.0029388833167333247
ADA,1770998400,2026-02-13,-0.09822335658446339,-0.10814322888209942,0.0032816238558197965,0.0028725179985751655
ADA,1771034400,2026-02-14,-0.23675105354951095,-0.23966881798314918,0.002882126433185622,0.002842290004969135
ADA,1771070400,2026-02-14,-1.0142857142857142,-1.0142857142857142,0.0027297332567609717,0.0024858665842041263
ADA,1771315200,2026-02-17,0.47835983066632953,0.4852089409650809,0.0034944157400989364,0.0034478323354911627
ADA,1771441200,2026-02-18,-0.17291470618689123,-0.18105387698004652,0.0033649941565568236,0.0031853783224458114
ADA,1771506000,2026-02-19,0.06137234528647579,0.05862405118887619,0.0025412701598728207,0.002621367864478422
ADA,1771581600,2026-02-20,-1.0142857142857142,-1.0142857142857142,0.0024664133373627395,0.0024176759017752584
ADA,1771603200,2026-02-20,0.30779294420912434,0.3737221110693768,0.0037374435548887127,0.003124939212957076
ADA,1771783200,2026-02-22,-1.0142857142857142,-1.0142857142857142,0.0019326533361004713,0.0019659343619543536
ADA,1771812000,2026-02-23,1.3934852599020233,1.8891143058515472,0.0025918195213939193,0.001921959484578064
ADA,1771909200,2026-02-24,-0.11135856137143609,-0.11053429795725561,0.003106072748817687,0.0031373091141113528
ADA,1772042400,2026-02-25,-1.0142857142857142,-1.0142857142857142,0.003844919798832997,0.003732990552589379
ADA,1772056800,2026-02-25,0.5325408334408314,0.5751312973929459,0.004277218949721608,0.003975466561238656
ADA,1772193600,2026-02-27,-0.3717185857207621,-0.3826454243038257,0.003996619359523824,0.003873282387179503
ADA,1772442000,2026-03-02,0.8955438326166139,0.8975377229672001,0.003988370759050024,0.003979783894361565
ADA,1772521200,2026-03-03,-0.29544455710582807,-0.29078963028020754,0.003640038908238548,0.003704657285795362
ADA,1772600400,2026-03-04,0.9635591232565822,0.9836271518496238,0.0036573527766942883,0.0035848414518246186
ADA,1772802000,2026-03-06,-0.5628930091927379,-0.5588817285120611,0.002994451390377136,0.003017101497329225
ADA,1772895600,2026-03-07,0.07517347864602467,0.0924895688311414,0.0022032062556317116,0.0018880682752956874
ADA,1772938800,2026-03-08,0.3964752968453366,0.4252245856001227,0.0020838045154819786,0.0019517894782113637
ADA,1772985600,2026-03-08,0.18263592812691923,0.1892772167258177,0.0024349801177628414,0.002360747819129213
ADA,1773036000,2026-03-09,-0.07204749227674542,-0.07582417686312445,0.0032858803369469505,0.0030232557474813284
ADA,1773086400,2026-03-09,0.00485116489379089,0.008320738290797734,0.003419414905807577,0.0030978314370235446
ADA,1773154800,2026-03-10,0.6829252716090009,0.8060555530379836,0.003975522905242061,0.003389024667183758
ADA,1773360000,2026-03-13,-1.0142857142857142,-1.0142857142857142,0.0025660875244829053,0.002509632718673896
ADA,1773381600,2026-03-13,0.014694883109521507,0.016586686200186634,0.0033018100528321792,0.003163487749203886
ADA,1773612000,2026-03-15,-1.0142857142857142,-1.0142857142857142,0.0022541532182061377,0.0021352419272989156
ADA,1773640800,2026-03-16,0.1327580181285118,0.14548588809636157,0.003896197758246404,0.0036112898934961236
ADA,1773806400,2026-03-18,1.5094108417989995,1.535090339585237,0.0032138583376950434,0.0031610782098254347
ADA,1773910800,2026-03-19,-0.4140187112714639,-0.43662017006685166,0.002965015435707564,0.0028007858538389154
ADA,1774036800,2026-03-20,0.41542423764250763,0.4171020185793793,0.0025740276985192047,0.0025643375214822223
ADA,1774137600,2026-03-22,-0.014493135972840247,-0.009035446371388428,0.002029466881109989,0.0014625027950415296
ADA,1774206000,2026-03-22,-0.17387473823968752,-0.17697295060037257,0.0019663301983044346,0.0019252786750970832
ADA,1774281600,2026-03-23,0.4658347193110821,0.4952672617051983,0.0035829420386769627,0.0033816298878059565
ADA,1774342800,2026-03-24,0.7312816050302244,0.7286422577887269,0.002932897981611201,0.0029431209032735987
ADA,1774400400,2026-03-25,-0.42333760521156716,-0.42587237444974757,0.0026778962324994584,0.0026608113273071123
ADA,1774436400,2026-03-25,0.2672748787257773,0.25801288725232413,0.0024143810372733296,0.00249241034783282
ADA,1774519200,2026-03-26,-0.5282738496426475,-0.5533411253146707,0.002344252343059232,0.0022322717540637907
ADA,1774609200,2026-03-27,0.06257604784276145,0.07386358477361528,0.0025077098956943927,0.0022313798876708846
ADA,1774674000,2026-03-28,0.8753789005345268,0.855947539955919,0.0019596525543395583,0.0020027027508272154
ADA,1774764000,2026-03-29,-0.3367059664721193,-0.3506749204770992,0.0018544775127179427,0.0017740527060039373
ADA,1774962000,2026-03-31,-0.1559490179150328,-0.1564779611859583,0.002467354861285077,0.0024571513890762377
ADA,1775026800,2026-04-01,0.3153709114195322,0.3376322641753469,0.0032397456920104746,0.003042803052934355
ADA,1775196000,2026-04-03,-0.549321104360834,-0.5676130442006869,0.0023592360892189354,0.0022791773268511606
ADA,1775372400,2026-04-05,0.03996549769976083,0.04169145589829514,0.0016675056864019812,0.001626544585355981
ADA,1775437200,2026-04-06,-0.32324967422109246,-0.3582485392161214,0.0025209093437468036,0.0022532869855734845
ADA,1775606400,2026-04-08,-0.08329638145350672,-0.09362841924460959,0.003132548543220332,0.0026350522773142043
ADA,1775890800,2026-04-11,-0.25709336895481383,-0.25193619341065304,0.002000433115419529,0.0020466202781441074
ADA,1775988000,2026-04-12,-0.2227619758874216,-0.2240773860632535,0.002206963389799034,0.002192114419783574
ADA,1776178800,2026-04-14,0.9612413649047702,1.010946993240338,0.002713355801638132,0.0025836139402256814
ADA,1776283200,2026-04-15,-0.07505614295055361,-0.0780623814312979,0.002458565483561329,0.0023092243669122015
ADA,1776366000,2026-04-16,0.2967232122724816,0.3259794029913408,0.0034254659449504876,0.0031428094791774485
ADA,1776448800,2026-04-17,0.27657778577372644,0.2982325786732913,0.0032770852848039616,0.0030599379990196517
ADA,1776510000,2026-04-18,-0.36887944773329806,-0.3670705537126372,0.002686641697534696,0.002700998751191211
ADA,1776585600,2026-04-19,0.1704511939069098,0.17590472624109404,0.002153380471197847,0.0020959481997515285
ADA,1776625200,2026-04-19,0.16190142910736374,0.15713944519450193,0.0022500393693581275,0.002307734705462599
ADA,1776722400,2026-04-20,0.20735716198439538,0.20719212895104316,0.0024220403728193673,0.002423735786113164
ADA,1776762000,2026-04-21,0.6522584500510601,0.6809139606653234,0.0020982795753057134,0.002013531850329229
ADA,1777046400,2026-04-24,0.2562984708688987,0.2745854824594078,0.0019056318127105294,0.0017906804136882614
ADA,1777111200,2026-04-25,0.7399708378906867,0.7491124157473645,0.0015613975344831055,0.0015430434986741118
ADA,1777204800,2026-04-26,0.3485504401334958,0.35806547134956185,0.0014394740477961959,0.0014040489745497484
ADA,1777251600,2026-04-27,1.0899911107276352,1.1789265350387619,0.0017369231264213719,0.0016089941361460919
ADA,1777305600,2026-04-27,0.4947194554575585,0.556665600841566,0.002020182062037021,0.001806349912962946
ADA,1777435200,2026-04-29,-1.0142857142857142,-1.0142857142857142,0.001428563382553505,0.0013769144119806984
ADA,1777478400,2026-04-29,0.32406427238109103,0.342492844732306,0.001944540169534945,0.0018479663364222476
ADA,1777608000,2026-05-01,-0.09698043271065693,-0.10365022273939241,0.0016706238560806896,0.0015222103065484333
ADA,1777755600,2026-05-02,0.7922014202313348,0.7761893560309473,0.0010791223016285818,0.0011005932479077058
ADA,1777856400,2026-05-04,1.0557936688184235,1.1008046153954565,0.0014491692652328213,0.0013914130548661147
ADA,1777964400,2026-05-05,-0.3143009630101377,-0.3257320475422437,0.0017999039381630037,0.0017306657795601592
ADA,1778072400,2026-05-06,-0.09447458280623791,-0.10590653486677402,0.002601219523086435,0.002216697947939238
ADA,1778166000,2026-05-07,-0.08281413811612098,-0.08594144548154879,0.0026336653175377802,0.002490101111194532
ADA,1778277600,2026-05-08,0.1931543156959482,0.23134505161139812,0.0025771863944652217,0.0021985084248086996
ADA,1778443200,2026-05-10,0.1865185640863841,0.2337486100155398,0.0021253562357507476,0.0017426913308084978
ADA,1778583600,2026-05-12,-0.2695611667389325,-0.27136349270088556,0.0023711738755921885,0.0023535718660223533
ADA,1778677200,2026-05-13,-0.38746756654711917,-0.4225958959163071,0.0025474938778740053,0.0023203780223258513
ADA,1778785200,2026-05-14,0.7803281341684881,0.9099369453564701,0.0027903870407562465,0.0024050321977374983
ADA,1778853600,2026-05-15,0.164591137692341,0.1977997274660707,0.002958278006351714,0.0025242993914556923
ADA,1779062400,2026-05-18,0.38824548770784756,0.5344943601044287,0.001987854610047245,0.0014715357338970325
ADA,1779242400,2026-05-20,0.44640262561202143,0.44339623793968397,0.001744456189287797,0.0017555682038483975
ADA,1779361200,2026-05-21,0.9019059166157913,0.9703694920428813,0.001903784740801134,0.001773306643939681
ADA,1779454800,2026-05-22,1.1791052926795802,1.1987112967130482,0.0018216795614980957,0.0017925779893056388
ADA,1779523200,2026-05-23,0.644482848203831,0.7589137585191925,0.0022498716173990686,0.001922938664891306
ADA,1779818400,2026-05-26,0.2647760464971374,0.28333237526317806,0.002142753839706678,0.002015273365837961
ADA,1779858000,2026-05-27,0.12169435549046935,0.13139264281804852,0.0019013928386823775,0.001786115364734867
ADA,1779919200,2026-05-27,-1.0142857142857142,-1.0142857142857142,0.0021843435442076902,0.0019831392014544357
ADA,1780070400,2026-05-29,0.298951010510505,0.3449611432840457,0.002268110682551759,0.0019887345812095855
ADA,1780110000,2026-05-30,0.32453399918767334,0.3167304647396887,0.002265612299071719,0.0023168132451541574
ADA,1780304400,2026-06-01,-0.13743567151698813,-0.13946876747480597,0.0020996005886499075,0.0020611083262383604
ADA,1780369200,2026-06-02,-0.3056968093947457,-0.3157458886951287,0.002268184266284059,0.0021888138252289862
ADA,1780513200,2026-06-03,-1.0142857142857142,-1.0142857142857142,0.002875965555569316,0.0028741167521515723
ADA,1780671600,2026-06-05,-0.11137567268564184,-0.11199917465978428,0.004830670266710911,0.004794567979534826
ADA,1780718400,2026-06-06,0.21953619647061784,0.21033493112047705,0.004606295927678447,0.004783703306730636
ADA,1780797600,2026-06-07,-0.264418926828738,-0.274323445430734,0.0031497350972393263,0.0030227916431808132
ADA,1780873200,2026-06-07,0.27443676507057385,0.323300059906842,0.0029230704129431925,0.0025171527524003603
ADA,1780934400,2026-06-08,0.1666108441220422,0.16945175729845802,0.0027812830302969666,0.002741381724935195
ADA,1781071200,2026-06-10,0.3354558510711526,0.3294222051344381,0.002433098658386048,0.002474106247492668
ADA,1781128800,2026-06-10,0.5808222101370887,0.5717799850815852,0.0028599857828361594,0.0029030616122850948
ADA,1781200800,2026-06-11,-0.15875929492557733,-0.1758186363495102,0.0026335568164584633,0.002328445802339884
ADA,1781280000,2026-06-12,0.38408382279949044,0.4058243633306594,0.0024233303627611844,0.0023020480829735834
ADA,1781362800,2026-06-13,0.403850604259285,0.39322954211018846,0.0017839714742994251,0.001828892356937842
ADA,1781424000,2026-06-14,-1.0142857142857142,-1.0142857142857142,0.0015470146002657104,0.0016044772618246117
ADA,1781474400,2026-06-14,-1.0142857142857142,-1.0142857142857142,0.0019883356899557123,0.0014258999737984594
ADA,1781528400,2026-06-15,0.7683637104925263,0.8256454563678334,0.002724724340777647,0.0025420108285297742
ADA,1781632800,2026-06-16,-0.14949616780421024,-0.15833321085199184,0.002599019160841078,0.002422020634751931
ADA,1781726400,2026-06-17,-0.017328025393722767,-0.01630351155294647,0.002541172643180834,0.002328955154194745
ADA,1781812800,2026-06-18,-0.4874975279176351,-0.5335804967491379,0.002241257209029429,0.0020367385328009225
ADA,1781845200,2026-06-19,0.32876399331218537,0.34013006350820413,0.001998922218571336,0.0019373008507691317
ADA,1782079200,2026-06-21,0.36398069935262173,0.3882043606317429,0.001310108079162478,0.0012339625467903612
ADA,1782136800,2026-06-22,0.8511940334513124,0.8671567113974848,0.001623809401754512,0.0015948716634279357
ADA,1782198000,2026-06-23,-0.7552664845192336,-1.0142857142857142,0.0018085794082794906,0.0016246239781471429
ADA,1782298800,2026-06-24,-1.0142857142857142,-1.0142857142857142,0.0016734482986660057,0.0014483289370249297
ADA,1782396000,2026-06-25,0.431173711263413,0.6026071113319678,0.0023615568532259342,0.0017201381496279283
ADA,1782738000,2026-06-29,-0.16788653087629685,-0.17662826623723413,0.001640679472576019,0.0015438086627741732
ADA,1782871200,2026-07-01,1.6341354674079058,1.810773911088291,0.0015121641224713884,0.0013669459780461094
ADA,1782925200,2026-07-01,-0.06865766570883612,-0.07153521864715089,0.0021382472348422184,0.001995035483676235
ADA,1782986400,2026-07-02,-0.2559135871745114,-0.26299071854817196,0.00201081427198456,0.0019501076775218337
ADA,1783044000,2026-07-03,-0.43158497850625255,-0.47027002556150027,0.0021977283043151307,0.002005245866185525
ADA,1783108800,2026-07-03,0.17711165660191316,0.19059416765875875,0.002778199145287024,0.0026072913872321793
ADA,1783317600,2026-07-06,-0.37821785773422656,-0.3843415510235773,0.002533171260564735,0.002489569049838946
ADA,1783422000,2026-07-07,-0.20318395445486406,-0.20557039912304806,0.0021271588023216307,0.002098478710192525
ADA,1783454400,2026-07-07,-0.6080856738801446,-0.6046273214927315,0.002169304494789686,0.002182327917465816
ADA,1783803600,2026-07-11,1.192499975823354,1.5131729056722072,0.0014039193024386633,0.0011119130949339467
ADA,1783897200,2026-07-12,-1.0142857142857142,-1.0142857142857142,0.0014048973829906106,0.0013360433355283502
ADA,1783965600,2026-07-13,0.010314499785124156,0.011641712439877135,0.0014694996251318336,0.0014209995962958216
ADA,1784124000,2026-07-15,0.4298422142411561,0.4706585420764525,0.0017451487592987265,0.0016024678946293983
ADA,1784188800,2026-07-16,0.1534007571238161,0.15547373953827143,0.001570098664379345,0.0015524139462546774
ADA,1784242800,2026-07-16,-0.4160223718858151,-0.4483739659670577,0.00154858314414568,0.0014292433860030407
ADA,1784307600,2026-07-17,-0.18365880530355555,-0.19371015423960314,0.0018422794410133281,0.0017301470903220457
ADA,1784541600,2026-07-20,0.8329214854334622,0.8613517791334371,0.0016250859145105479,0.001573169446395975
ADA,1784574000,2026-07-20,-0.46304597101190126,-0.48475939726749334,0.0020385873030423353,0.0019415555571225152
ADA,1784620800,2026-07-21,0.09436738136967102,0.10880893272760005,0.002324036533712718,0.002079731651690619
ADA,1784707200,2026-07-22,1.3186050778967424,1.4101413096211357,0.0016966702393783853,0.0015887217962536463
ADA,1784818800,2026-07-23,-0.3041348355205707,-0.31685506460745694,0.001969989952103199,0.0018830661022649839
ADA,1784970000,2026-07-25,0.700708910182064,0.7404816907617926,0.0011361494127040855,0.0010773916752197855
ADA,1785135600,2026-07-27,2.5890696252897927,2.7221082436825377,0.0009823457527285949,0.0009348338875538698
ADA,1785171600,2026-07-27,-0.6265065247032603,-0.6472092011544525,0.0016724223188590431,0.0016164548049251222
ADA,1785351600,2026-07-29,0.7019981050928276,0.7865345811800618,0.0019163131440455075,0.0017175680012797771
ADA,1785574800,2026-08-01,-0.1123155667651423,-0.11462090250004922,0.0017058763268504634,0.001660174505838961
ADA,1785636000,2026-08-02,-1.0142857142857142,-1.0142857142857142,0.002055975121998997,0.0019141270544604573
ADA,1785654000,2026-08-02,-0.3613539236921346,-0.3687117503353604,0.0025756849284754367,0.002519968384512009
ADA,1785765600,2026-08-03,-0.2645168141395666,-0.2867256038183206,0.0027851481628280756,0.0025455441753533107
ADA,1785816000,2026-08-04,0.10317077952417203,0.10577030210817205,0.003036232698557324,0.0029774813676771185
ADA,1785945600,2026-08-05,0.16515117974058496,0.17123675803912164,0.002507266910901696,0.0024309028271249033
ADA,1785988800,2026-08-06,0.2273984889923057,0.24500377198864987,0.0022324051859972543,0.0020887440464585822
ADA,1786230000,2026-08-08,0.006774768750969352,0.00850974547937438,0.0016166620873426742,0.0015410207094459574
ADA,1786269600,2026-08-09,0.25157272265951736,0.25688601683214835,0.0015298246516598608,0.0015013496248644646
ADA,1786320000,2026-08-10,0.11797177977451935,0.1399097303078189,0.001559754499381736,0.001356658691641869
ADA,1786388400,2026-08-10,-0.479929899495711,-0.5051792334700443,0.0018357281007149121,0.0017384764161545213
ADA,1786464000,2026-08-11,-0.011254227862413617,-0.010090943788854705,0.0016498872451454203,0.001546032417848914
ADA,1786539600,2026-08-12,-0.5191631911368239,-0.5621480035769955,0.0015142063107064902,0.001392222180760834
ADA,1786572000,2026-08-12,0.5372711026278729,0.566521868060258,0.001464314509577927,0.001392338702622384
ADA,1786640400,2026-08-13,0.3616786990406585,0.37898843056070075,0.0016106885920002241,0.0015422800221540874
ADA,1786705200,2026-08-14,-0.16073941856650964,-0.18075027952651987,0.0015132257062201138,0.0013142430682370463
ADA,1786820400,2026-08-15,-0.29516156019058676,-0.3036159679109527,0.001071736166597647,0.0010387927947974659
ADA,1786878000,2026-08-16,0.6957516691896026,0.7321789572350539,0.0009861423948699878,0.0009389225790907549
ADA,1786910400,2026-08-16,0.2719913138077674,0.3317460546604873,0.0011407173761563247,0.0009515417897068121
ADA,1787022000,2026-08-18,0.21554862060667987,0.22667002030197275,0.0014044612231214355,0.0013432659325923145
ADA,1787155200,2026-08-19,-1.0142857142857142,-1.0142857142857142,0.001810335304248368,0.0013803610968828566
ADA,1787194800,2026-08-20,-1.0142857142857142,-1.0142857142857142,0.0020949935780483746,0.0019023007763597887
ADA,1787227200,2026-08-20,-1.0142857142857142,-1.0142857142857142,0.0029185558266573474,0.0027045985825540656
ADA,1787248800,2026-08-20,-0.3557910263476957,-0.3618329170018084,0.003317998961836706,0.003257845035824146
ADA,1787302800,2026-08-21,-0.5344219548147306,-0.5788702610536248,0.004292628867176795,0.00394590801080578
ADA,1787374800,2026-08-22,0.6169037645895432,0.6829447534876977,0.005710078907393605,0.0051800849771931135
ADA,1787626800,2026-08-25,0.6171494196930637,0.641521415882126,0.003938013074367363,0.0037947833108571602
ADA,1787662800,2026-08-25,-0.560605367257373,-0.5518556380342401,0.003705456415614675,0.003767414601431187
ADA,1787695200,2026-08-25,0.13420242859950923,0.13633225384585768,0.003510567245626381,0.0034652262645207188
ADA,1787763600,2026-08-26,0.38565793022003453,0.40930110580090606,0.003172845396859875,0.003001525812002943
ADA,1787936400,2026-08-28,-0.02857142857142632,-0.028571428571428616,0.003339802412596057,0.003158248752026522
ADA,1787994000,2026-08-29,0.15854444244410276,0.15509241340269,0.0019850190655272414,0.002022328224413952
ADA,1788094800,2026-08-30,0.5328433384770742,0.563534835620526,0.0013740795873328434,0.0013028549402046008
ADA,1788127200,2026-08-30,-1.0142857142857142,-1.0142857142857142,0.0020030784488166654,0.0019263921756487161
ADA,1788386400,2026-09-02,-1.0142857142857142,-1.0142857142857142,0.002087476020371525,0.00212497417578472
ADA,1788400800,2026-09-03,-0.21468325518666662,-0.2554007018625831,0.0026097980689772796,0.0021413209973601467
ADA,1788577200,2026-09-05,0.4178581568425143,0.4086675890039911,0.002751993749321668,0.0028098394223464115
LINK,1708066800,2024-02-16,1.0941355494208116,1.1047726894617182,0.20587995057821254,0.20394763908422905
LINK,1708297200,2024-02-18,0.12780388908783355,0.1404330190406194,0.17905639086221062,0.1656761132362267
LINK,1708340400,2024-02-19,0.28835391071888195,0.2889379480816191,0.18751599844193606,0.18717107524516188
LINK,1708394400,2024-02-20,-0.16238073269633227,-0.16903667485718107,0.1943063688286569,0.1850991664308613
LINK,1708441200,2024-02-20,0.17357982930195046,0.20473069403790153,0.23320585604461788,0.20206784497112681
LINK,1708509600,2024-02-21,-0.28725914967714794,-0.31740247342080075,0.22531303007573045,0.20179864777386364
LINK,1708657200,2024-02-23,-0.07831421402081598,-0.07955712110711781,0.2240095129814453,0.21854870628771023
LINK,1708941600,2024-02-26,1.3558293024717936,1.510900412211224,0.15457951964438774,0.13900871346318683
LINK,1709110800,2024-02-28,-1.0142857142857142,-1.0142857142857142,0.18307113469591937,0.16399968351868235
LINK,1709132400,2024-02-28,0.8102292264140367,1.1358872066220433,0.32120691588306055,0.23137667864329586
LINK,1709337600,2024-03-02,-1.0142857142857142,-1.0142857142857142,0.21847739612313039,0.22497565736337116
LINK,1709370000,2024-03-02,-0.4462440908952899,-0.5002480540507587,0.275677264827964,0.24411397750703817
LINK,1709452800,2024-03-03,0.8247656355037086,1.1310338964727102,0.35457434267121773,0.2609262151843882
LINK,1709618400,2024-03-05,0.2973836852015916,0.3551922200824305,0.3532475861784998,0.30003586203838456
LINK,1709658000,2024-03-05,-1.0142857142857142,-1.0142857142857142,0.37671853270874317,0.33577380445556937
LINK,1709668800,2024-03-05,0.6659706967388711,1.0379526243857478,0.6112968718517158,0.3980889389172324
LINK,1709913600,2024-03-08,0.2363316321974359,0.30756718421023216,0.2588547990816098,0.2039974759340412
LINK,1710000000,2024-03-09,0.23298051103929826,0.2356093991980585,0.20099804516713457,0.19899789479537566
LINK,1710108000,2024-03-10,-1.0142857142857142,-1.0142857142857142,0.22614543627201186,0.1884643159852437
LINK,1710115200,2024-03-11,0.16600293470917937,0.221368340303604,0.3392019322957656,0.2640636193954397
LINK,1710216000,2024-03-12,-0.21974510735547662,-0.22640428625812473,0.3018945185413327,0.2917325584291274
LINK,1710414000,2024-03-14,-1.0142857142857142,-1.0142857142857142,0.2518537789329426,0.23738099269701496
LINK,1710446400,2024-03-14,-0.6057998686053158,-0.6448895078477203,0.4801268231457671,0.44967504031082633
LINK,1710615600,2024-03-16,-0.07220468709269846,-0.07445643484038218,0.33395233510525074,0.31756405319027
LINK,1710784800,2024-03-18,-0.4533369940884992,-0.4538198485923646,0.36658876885355046,0.3661725203038236
LINK,1710842400,2024-03-19,0.6948545479102111,0.7305748097831101,0.4281215988684456,0.40797710647371055
LINK,1710914400,2024-03-20,0.7412028594634923,0.7609996093016688,0.42535659675569354,0.41469171958305456
LINK,1710961200,2024-03-20,-0.25431713847608545,-0.26787219021945063,0.4290541906557127,0.4047506668599982
LINK,1711324800,2024-03-25,-1.0142857142857142,-1.0142857142857142,0.15371728067001378,0.15092630226001474
LINK,1711346400,2024-03-25,-0.5758419038173872,-0.6100536915990764,0.1660187182878971,0.15625092738696617
LINK,1711389600,2024-03-25,-0.45518162751346647,-0.4498853733506883,0.18886428118980803,0.191238456665947
LINK,1711432800,2024-03-26,-1.0142857142857142,-1.0142857142857142,0.17660916710605282,0.18073294919113372
LINK,1711526400,2024-03-27,-0.46329603622568405,-0.479664609221699,0.22082945917879004,0.21281634065408164
LINK,1711681200,2024-03-29,-0.09837001903548508,-0.09910934387569417,0.1760166531162361,0.17417178027902355
LINK,1711864800,2024-03-31,0.37774169194990787,0.385397521276238,0.15962355036412507,0.15667151577675004
LINK,1711987200,2024-04-01,0.3428830056982507,0.36024226400685483,0.20690866972217845,0.1976708750854228
LINK,1712181600,2024-04-03,0.4873247033871262,0.4842784645902758,0.2254052842851236,0.22674415230705605
LINK,1712286000,2024-04-05,-0.5280326898816645,-0.5468103087503592,0.19849959310713058,0.19130725411537128
LINK,1712397600,2024-04-06,0.18426362357354728,0.18638395024829915,0.13826938341211437,0.13690548982843068
LINK,1712448000,2024-04-07,-0.1000849160960801,-0.10073661347164059,0.1118670096636245,0.11085677963774947
LINK,1712563200,2024-04-08,-1.0142857142857142,-1.0142857142857142,0.13909564065033855,0.12364145916190306
LINK,1712570400,2024-04-08,0.25098398227157237,0.26863187092132107,0.16761307790768973,0.15766023774674304
LINK,1712653200,2024-04-09,0.024297476469394334,0.028128883223094658,0.17833869306147285,0.1662878232969707
LINK,1712714400,2024-04-10,0.2586258824493874,0.2638936433484596,0.17907051861235418,0.17584517389022755
LINK,1712754000,2024-04-10,0.6151237401749359,0.7313508025538493,0.21349946077150478,0.18084557313854346
LINK,1712869200,2024-04-11,-0.4277002976236333,-0.43422589538509354,0.17037103871107054,0.1676303493811529
LINK,1713038400,2024-04-13,-1.0142857142857142,-1.0142857142857142,0.38722674072496666,0.31370572078073333
LINK,1713139200,2024-04-15,-0.3375947600002654,-0.36218006830617405,0.3753761874990116,0.3477128173066279
LINK,1713243600,2024-04-16,0.007615311754164908,0.00868003219981282,0.32371762719950553,0.31446513698408296
LINK,1713283200,2024-04-16,0.4734546935015248,0.4709062106853711,0.2902523978485549,0.2917333515292129
LINK,1713369600,2024-04-17,0.3617914427206234,0.38641650981245756,0.23201855307511132,0.2182507494655044
LINK,1713456000,2024-04-18,-0.12948311390320125,-0.12708860055822002,0.22367507288397212,0.22911161695196997
LINK,1713495600,2024-04-19,1.1460839288163003,1.226914120169149,0.24007041574060453,0.22461429387449725
LINK,1713582000,2024-04-20,-0.0933110125949452,-0.09206616273682945,0.22949086067259958,0.233990157647415
LINK,1713744000,2024-04-22,-1.0142857142857142,-1.0142857142857142,0.1681051060219847,0.15726703725444496
LINK,1713898800,2024-04-23,0.24224774432398016,0.24325127006875027,0.14981003057378478,0.14925695600253747
LINK,1713996000,2024-04-24,0.28172016912585807,0.28785247420979937,0.19889125639326102,0.1950367376542812
LINK,1714053600,2024-04-25,0.26182767226836995,0.2638442309430017,0.21841862197625111,0.21691236212827045
LINK,1714096800,2024-04-26,0.20666762923136214,0.2162286804332056,0.19433118862688778,0.18674128005972537
LINK,1714179600,2024-04-27,-0.44444545940066665,-0.4637393406874393,0.17381636968670436,0.16610993658568154
LINK,1714348800,2024-04-29,-0.07822678115623383,-0.08128622260281548,0.12083289489792592,0.11382004065930486
LINK,1714550400,2024-05-01,-0.0224922126240594,-0.0217932824496713,0.1879941677926012,0.16860910377664737
LINK,1714654800,2024-05-02,-0.1626912468199412,-0.16404687303615453,0.17255359755987507,0.17082695121832697
LINK,1714813200,2024-05-04,-0.43565278782520683,-0.42842957145781724,0.11370138483019834,0.11575533750944425
LINK,1714924800,2024-05-05,0.11944655553561803,0.12603752118612943,0.11388577515656458,0.10903083478399264
LINK,1714978800,2024-05-06,-1.0142857142857142,-1.0142857142857142,0.11121204486886742,0.10815143293570326
LINK,1714989600,2024-05-06,0.46835405320478124,0.5338965347586172,0.12764201827978866,0.11276832737823396
LINK,1715054400,2024-05-07,0.24698592039191394,0.2713041090801209,0.1835241511855164,0.16864139358440222
LINK,1715108400,2024-05-07,-0.26772983627884184,-0.26779090464020167,0.17442115505852632,0.17437662852456673
LINK,1715238000,2024-05-09,0.10444400565682638,0.10219011288582525,0.14176657743930646,0.14421016031925316
LINK,1715353200,2024-05-10,-0.5874218591709778,-0.7325339099933741,0.1421284964267787,0.11283068845960786
LINK,1715428800,2024-05-11,-0.2661798588340871,-0.26698607526713797,0.1130311025894742,0.11264887971174141
LINK,1715569200,2024-05-13,0.39309292045841293,0.49424340901223235,0.11180185674061159,0.0901712303360432
LINK,1715670000,2024-05-14,-0.056130664928823785,-0.06029834984759744,0.14514190263207588,0.12607589514223563
LINK,1715781600,2024-05-15,-0.5313107312465406,-0.5549684293255832,0.15969651439326255,0.15251932319274428
LINK,1715889600,2024-05-16,-1.0142857142857142,-1.0142857142857142,0.23482769822368063,0.19727598270242538
LINK,1715896800,2024-05-16,-0.3433211580779359,-0.41005696951934245,0.29320347448878575,0.24191143406484628
LINK,1716098400,2024-05-19,-0.1999476923391504,-0.21170172083659705,0.17171906296462452,0.1606974524234417
LINK,1716246000,2024-05-20,0.20944443440843274,0.2104275452875316,0.3085028472862095,0.30723383553899464
LINK,1716382800,2024-05-22,0.20241574142061777,0.22316234248220035,0.22883150981486497,0.20997239518523916
LINK,1716472800,2024-05-23,0.4543032366192245,0.5574889293274449,0.2739545555438987,0.2257202905857372
LINK,1716512400,2024-05-24,-0.7028119654364634,-0.7150748495396996,0.30595270234694694,0.3004875256044042
LINK,1716696000,2024-05-26,0.9284597422651243,0.9631981818547924,0.17315453327338476,0.1670894973713375
LINK,1716771600,2024-05-27,0.35772595494335735,0.3715928928275601,0.1523622612237823,0.14708243516407324
LINK,1716832800,2024-05-27,0.37356064644059944,0.3939900649415662,0.22167557049556735,0.21095830668753404
LINK,1716987600,2024-05-29,0.22585002694528644,0.2528863737187651,0.2436901395524286,0.2202816887487691
LINK,1717099200,2024-05-30,-0.10237497872958795,-0.10170854435532528,0.2438907066316878,0.24611306868027918
LINK,1717416000,2024-06-03,-0.5172429218045971,-0.5048388840268601,0.14967694689724192,0.15357517358164516
LINK,1717552800,2024-06-05,-0.0838667020968735,-0.08647450351101969,0.13434369621398873,0.1282932113073724
LINK,1717657200,2024-06-06,-0.026396145166427416,-0.026153023241146014,0.13134577547832152,0.11814160436126926
LINK,1717740000,2024-06-07,-0.22357972889550584,-0.24943360426650785,0.1391882145413801,0.12289500027533248
LINK,1717786800,2024-06-07,0.8260009393965775,1.395468408822801,0.2861915944614114,0.17174479403536605
LINK,1718071200,2024-06-11,-0.44236733597410915,-0.5283211617729846,0.16502269129322952,0.13663982139270867
LINK,1718110800,2024-06-11,-1.0142857142857142,-1.0142857142857142,0.169417404019375,0.1692187427900961
LINK,1718384400,2024-06-14,0.1328794693840566,0.16359252763612422,0.18227567515099827,0.15314303477799815
LINK,1718546400,2024-06-16,-0.1076046727793129,-0.11138163791344512,0.10483834200099067,0.1000566760010669
LINK,1718640000,2024-06-17,0.08155387555124202,0.09027778387966467,0.14788348977065183,0.13702837359916353
LINK,1718676000,2024-06-18,0.062379182493325976,0.11322243925318964,0.29215228199523235,0.1873947652256347
LINK,1718884800,2024-06-20,0.7166827406517162,0.7393998040851496,0.16178564783758684,0.15699992844047814
LINK,1718960400,2024-06-21,-0.11979417090065356,-0.1257192759803954,0.16286665449634194,0.1529333202268298
LINK,1719154800,2024-06-23,-1.0142857142857142,-1.0142857142857142,0.09224474088270183,0.0889558747967557
LINK,1719176400,2024-06-23,-0.4512043938071773,-0.5080391503104645,0.1101935542236989,0.09713151993321412
LINK,1719223200,2024-06-24,0.7898359221893352,0.9683873784123672,0.15954332332188084,0.13096973280817947
LINK,1719511200,2024-06-27,0.36443995607384655,0.4497853493601361,0.1548482950743814,0.1272212408493337
LINK,1719676800,2024-06-29,-0.09080754083237337,-0.09421913944106877,0.11936110979145662,0.11315811823695333
LINK,1719900000,2024-07-02,0.3991690621924719,0.4311621670292042,0.1275806937846126,0.11870228561419816
LINK,1719972000,2024-07-03,0.14976426944187446,0.1512684474915676,0.121760735266058,0.12074233028652402
LINK,1720105200,2024-07-04,-0.6644490257334893,-0.6790100556703332,0.20758712146664693,0.20293997696408125
LINK,1720274400,2024-07-06,-1.0142857142857142,-1.0142857142857142,0.18470789229231208,0.1835315763147977
LINK,1720429200,2024-07-08,0.4406826142658555,0.5586145738416263,0.26059597387020667,0.20825720262945327
LINK,1720674000,2024-07-11,0.5431155181582829,0.5816481708931501,0.14443469287478342,0.13531428463438214
LINK,1720749600,2024-07-12,-0.2728595858772119,-0.2738647488995281,0.16140189464533572,0.16074050192574615
LINK,1720947600,2024-07-14,-0.17065517036082462,-0.17227238904341138,0.11864230660626528,0.1173070994221319
LINK,1721001600,2024-07-15,-0.6875398798927371,-0.6902811862774705,0.11576535133472929,0.11528576297586231
LINK,1721149200,2024-07-16,0.2235247922266511,0.22863220102935186,0.18360336437882166,0.1799574693310387
LINK,1721235600,2024-07-17,0.20119847644298516,0.2224609192490235,0.17657416261230335,0.16161832896709588
LINK,1721577600,2024-07-21,-1.0142857142857142,-1.0142857142857142,0.162209041766373,0.15153281420994014
LINK,1721689200,2024-07-22,-0.1522744382160502,-0.1510116189834329,0.1709162711852949,0.17267906127647145
LINK,1721840400,2024-07-24,-1.0142857142857142,-1.0142857142857142,0.14073422205001998,0.13617531605386773
LINK,1721872800,2024-07-25,0.06972844710129443,0.09056904996926408,0.18020659327446978,0.14868402352635207
LINK,1721912400,2024-07-25,0.20631702901636728,0.21320166035597793,0.1459659390581122,0.14180947283181303
LINK,1722067200,2024-07-27,0.22092662304276395,0.21670441005163202,0.10306407423994181,0.1048382337968604
LINK,1722110400,2024-07-27,-0.07503046219140677,-0.07643756553076908,0.12299622417949986,0.11938054911638447
LINK,1722204000,2024-07-28,1.5703536305333057,1.5600578449955709,0.09828031416984907,0.09891726141368362
LINK,1722240000,2024-07-29,0.9999328123632589,1.0049866638193412,0.12223020645985741,0.12163253003369254
LINK,1722366000,2024-07-30,0.1185296766669924,0.1180352421070144,0.13596090911475206,0.13641944058511754
LINK,1722445200,2024-07-31,-0.2859935952062105,-0.2947265086317217,0.13318866333044796,0.12881856050971308
LINK,1722542400,2024-08-01,0.4764737057623868,0.5054126582292642,0.1584016844465279,0.1498171986347224
LINK,1722610800,2024-08-02,-0.3017403335167224,-0.34903579861866607,0.1987258187259106,0.16939703555098062
LINK,1722708000,2024-08-03,0.1827638838858084,0.19663937072614388,0.15547398338264865,0.14589505902746783
LINK,1722787200,2024-08-04,-1.0142857142857142,-1.0142857142857142,0.1464875143981325,0.1392942462749119
LINK,1722956400,2024-08-06,0.10407348808430605,0.11434600910687778,0.25847740833294425,0.2398987474354784
LINK,1723042800,2024-08-07,-0.41488889169930954,-0.44806666267803796,0.2070835715068823,0.1907053846997194
LINK,1723176000,2024-08-09,0.1426895194704082,0.15124339295468847,0.16682979335399148,0.15889362361199086
LINK,1723348800,2024-08-11,0.7208355050912696,0.7568793962047323,0.08768838766023931,0.08366441748025767
LINK,1723384800,2024-08-11,-1.0142857142857142,-1.0142857142857142,0.09959662008973989,0.0949502062504891
LINK,1723748400,2024-08-15,0.1514599575730499,0.16582013747395782,0.14283223756134064,0.13228087121990537
LINK,1723813200,2024-08-16,0.4990287522349983,0.5510986697577702,0.12455319028481453,0.1133649741528771
LINK,1723996800,2024-08-18,1.1067592514907023,1.2844732060322943,0.0905966381984097,0.0783348411367489
LINK,1724029200,2024-08-19,-0.0851904284937529,-0.08515052934118825,0.10092523220342094,0.10099640391137642
LINK,1724133600,2024-08-20,0.8264362624636475,0.8197643026399989,0.10024972478378454,0.10103816515176797
LINK,1724263200,2024-08-21,-1.0142857142857142,-1.0142857142857142,0.12212736663090905,0.1153679332948252
LINK,1724392800,2024-08-23,0.07632790150334245,0.07867930615748817,0.10894799252221489,0.10655937656238522
LINK,1724454000,2024-08-23,0.3183011942660329,0.3241083152930523,0.1400266996400823,0.13772106115085772
LINK,1724515200,2024-08-24,0.09547911407764305,0.09423549370607892,0.11516043364781925,0.11632662085149768
LINK,1724655600,2024-08-26,0.23744483707132202,0.2723176951953403,0.1396262632779722,0.12344366814550856
LINK,1724702400,2024-08-26,-0.028571428571428182,-0.028571428571431124,0.1809478597977712,0.17640538747452283
LINK,1724958000,2024-08-29,0.20843950234769584,0.24567664228653838,0.14465878916535463,0.12501715756268958
LINK,1725037200,2024-08-30,0.6147789565072236,0.7267558988298464,0.1332311096756495,0.11347965657377647
LINK,1725109200,2024-08-31,0.31072953682750704,0.3053786863140163,0.10104808940169767,0.10266717320182826
LINK,1725242400,2024-09-02,0.44733508802113,0.5286370453345137,0.13808234059242094,0.11793482833029946
LINK,1725390000,2024-09-03,-1.0142857142857142,-1.0142857142857142,0.11741994781153686,0.11875994379703972
LINK,1725415200,2024-09-04,0.32484853428129656,0.3822917032167751,0.1455168831252526,0.12517202798104124
LINK,1725548400,2024-09-05,-0.10588601258162979,-0.11414744701923032,0.11086431727160513,0.10016157244634398
LINK,1725609600,2024-09-06,-0.6374132579925059,-0.6954269379658065,0.10324051308516533,0.0942590140917166
LINK,1725656400,2024-09-06,0.8710093887781295,0.9235505218943668,0.13974762832835735,0.13203590743053867
LINK,1725796800,2024-09-08,-0.24846775487005485,-0.25400612983189164,0.09095195147935095,0.08871748620853184
LINK,1725836400,2024-09-08,-0.7796119988993749,-1.0142857142857142,0.09130189670244583,0.08447896567955694
LINK,1725879600,2024-09-09,-0.36846259742497633,-0.4243879378671511,0.10927867666624004,0.09383857487133553
LINK,1726030800,2024-09-11,-0.3038850079956042,-0.30934225963422757,0.10377776726882358,0.10176067244334855
LINK,1726106400,2024-09-12,-0.27805168726396423,-0.2831683271637184,0.1030714247654214,0.10099999590122298
LINK,1726164000,2024-09-12,-0.13925613563364178,-0.13898851169157606,0.1032533918362174,0.10350365274669569
LINK,1726264800,2024-09-13,0.22884665003660096,0.23013570369031178,0.12209154694386606,0.1214832044010866
LINK,1726394400,2024-09-15,-0.5343729548619172,-0.5393454557230404,0.062136173568053295,0.06153126384251891
LINK,1726452000,2024-09-16,0.10466956927362861,0.1141715754304499,0.08577368537769024,0.08006396886828178
LINK,1726498800,2024-09-16,0.13288315923698282,0.1433217706319323,0.10617757832436914,0.0997296997339359
LINK,1726657200,2024-09-18,0.4152462602966936,0.4349778378286623,0.0965647470393595,0.09245434296546405
LINK,1726765200,2024-09-19,0.35432386158766355,0.37257311648145763,0.11939108912854836,0.11395963444612904
LINK,1726808400,2024-09-20,0.06915914435787845,0.07338857489794282,0.11693957260272068,0.11208877049523767
LINK,1727002800,2024-09-22,-0.49263076588382915,-0.4942115607254598,0.08619587363904915,0.08590324853436064
LINK,1727107200,2024-09-23,0.501963860028973,0.5231756689870959,0.14002030756839418,0.13463725430442455
LINK,1727186400,2024-09-24,-1.0142857142857142,-1.0142857142857142,0.11326423502476124,0.11197686848820435
LINK,1727370000,2024-09-26,-0.028571428571429903,-0.028571428571429382,0.15114360629186768,0.14200080677585755
LINK,1727413200,2024-09-27,0.09445683603318823,0.10104621382446266,0.16256426979828564,0.15429998285969213
LINK,1727539200,2024-09-28,0.19687515116469123,0.1957111081395066,0.13940584712067153,0.1401293738222617
LINK,1727658000,2024-09-30,-0.6723705222406845,-0.7063873763872552,0.13313825160232354,0.12645657864865606
LINK,1727740800,2024-10-01,0.6098373620983025,0.6320137018389904,0.12531155768716035,0.12110475443232656
LINK,1727798400,2024-10-01,-0.24800661641550245,-0.2840892240766669,0.16926572947475466,0.14536309328050498
LINK,1727877600,2024-10-02,-0.3843617335955884,-0.39842526294322567,0.16060824686883007,0.15450118893566314
LINK,1727946000,2024-10-03,0.15926317273143023,0.16904603944228366,0.15210950683874097,0.14457946890325948
LINK,1728133200,2024-10-05,0.14537604143985727,0.14422263069417918,0.09855191996609522,0.09920975996348716
LINK,1728198000,2024-10-06,0.18738138172679034,0.18691373989748683,0.09261282579458475,0.09281381239416821
LINK,1728345600,2024-10-08,-0.25954609630017056,-0.2561915247700832,0.1484392839390502,0.1506269211651309
LINK,1728568800,2024-10-10,0.2626647326637815,0.27844014257883487,0.10791438568368095,0.10236933842857951
LINK,1728651600,2024-10-11,-0.7825047344101596,-0.7843978372290175,0.08716193488916128,0.08694362218832756
LINK,1728727200,2024-10-12,0.00832448662012979,0.008790712478437712,0.0774379180543083,0.07647160405848588
LINK,1728856800,2024-10-13,0.41655912676342377,0.4551580734805812,0.08344261407738267,0.07678435362179672
LINK,1728918000,2024-10-14,-0.36211430782717013,-0.3712614989837827,0.11135856722750884,0.10838614932193257
LINK,1729170000,2024-10-17,-0.13857639856804752,-0.14125532065361127,0.12986426237063234,0.12677689793760405
LINK,1729299600,2024-10-19,0.4939733011504039,0.48655732366664467,0.0984194624945289,0.09983634422487726
LINK,1729396800,2024-10-20,1.1293464302874114,1.1365814321819547,0.07402449582974678,0.0735648416628042
LINK,1729429200,2024-10-20,-1.0142857142857142,-1.0142857142857142,0.0868673618005198,0.08278023578517513
LINK,1729584000,2024-10-22,0.19200034633694746,0.19471415621304647,0.12953347536554247,0.12795912731673803
LINK,1729699200,2024-10-23,0.5558649030432674,0.5640758867842691,0.12710659872988425,0.12534556786295226
LINK,1729807200,2024-10-24,-1.0142857142857142,-1.0142857142857142,0.1121542876347786,0.11001230976053074
LINK,1729900800,2024-10-26,0.35403020851708583,0.4287737864839023,0.22403010704958312,0.18741703836108956
LINK,1730088000,2024-10-28,0.9942574077614794,1.0278280597017777,0.10614818893910315,0.10277497270364952
LINK,1730124000,2024-10-28,-0.07774415100559207,-0.08026936879309056,0.1162084471108215,0.11053217381165396
LINK,1730260800,2024-10-30,-0.2811694097134425,-0.28522816500281956,0.12442130885797509,0.12245371723166545
LINK,1730300400,2024-10-30,-0.10813728453673215,-0.11246682233517935,0.1436366301841218,0.13622406327520806
LINK,1730404800,2024-10-31,0.1256142677094753,0.12737473332788737,0.14824424968383676,0.1465707304287473
LINK,1730476800,2024-11-01,0.1506644920947383,0.1836883479935518,0.17534750462831447,0.14806654344587702
LINK,1730552400,2024-11-02,0.1802669743727678,0.1811671424434041,0.12313006301411275,0.12260160632289059
LINK,1730642400,2024-11-03,0.0944335324060134,0.10076051036124058,0.11613933431785575,0.11045774464999855
LINK,1730732400,2024-11-04,-0.5695652670855564,-0.5689255205153153,0.1320321348293984,0.13218845289319822
LINK,1730826000,2024-11-05,-0.47747343877051207,-0.495153272265261,0.12729472322370422,0.12247124039475844
LINK,1730865600,2024-11-06,-0.17172333410326426,-0.17950335922620442,0.17962936377795574,0.1703700840685678
LINK,1730923200,2024-11-06,-1.0142857142857142,-1.0142857142857142,0.15528137345420365,0.15722609448914235
LINK,1730944800,2024-11-07,0.2465838795785477,0.27774929162057277,0.1765236836534297,0.15856396701138584
LINK,1731027600,2024-11-08,-0.38995658308028136,-0.3991451329203856,0.1739339374429197,0.16962116340006736
LINK,1731060000,2024-11-08,-0.7356074447485015,-0.7519419598275009,0.17780464196720855,0.17378961442622456
LINK,1731092400,2024-11-08,0.05988216525269972,0.06248087290995951,0.2261072629764079,0.21965397551305466
LINK,1731193200,2024-11-09,-1.0142857142857142,-1.0142857142857142,0.1772506013436788,0.16550064760088498
LINK,1731369600,2024-11-12,-0.3279556225546804,-0.32987405893002053,0.2863019739748895,0.2844790488960349
LINK,1731405600,2024-11-12,0.9888721929048674,1.098657763513767,0.30889742453708635,0.2788126110399392
LINK,1731466800,2024-11-13,-0.13620801465461244,-0.13973736371568654,0.31853216023794445,0.30841924948701704
LINK,1731535200,2024-11-13,0.27492529356835366,0.2737722928938716,0.3577350944878526,0.3590993325253798
LINK,1731596400,2024-11-14,-0.07676743113234198,-0.07931689461925556,0.29640869629508604,0.2815170575485542
LINK,1731708000,2024-11-15,-0.2887892866926227,-0.28063739835728907,0.24155583829249555,0.24936782585345682
LINK,1731758400,2024-11-16,-0.35727500257484435,-0.37885012023528564,0.19991959598712059,0.18760571875536056
LINK,1731873600,2024-11-17,0.5338611770244832,0.518783927563822,0.23367879123814267,0.2401156213333844
LINK,1731920400,2024-11-18,-1.0142857142857142,-1.0142857142857142,0.24314447193547806,0.24261712362282253
LINK,1731949200,2024-11-18,0.43531283175371177,0.49582407356049296,0.339986283655631,0.30075445932144873
LINK,1732132800,2024-11-20,0.3305783471759517,0.3255489406049826,0.29434596052384443,0.2985264190256786
LINK,1732197600,2024-11-21,0.3713634555608324,0.3723863641951497,0.30004884485224265,0.2992833713793382
LINK,1732251600,2024-11-22,0.34978462253644943,0.3626899869545989,0.2869557081313145,0.2774907626029541
LINK,1732320000,2024-11-23,-0.41654372633245973,-0.44885256178877236,0.36011407649610566,0.33243054391888294
LINK,1732377600,2024-11-23,-0.4666069584398679,-0.4720874489308885,0.3704852762387916,0.36590722056485225
LINK,1732521600,2024-11-25,-0.015391347671304786,-0.015161887206127404,0.4335546767570955,0.4261358057384105
LINK,1732752000,2024-11-28,0.36540327640873893,0.375499979891576,0.3698569574958367,0.36061518499551654
LINK,1732806000,2024-11-28,0.17105916993104622,0.17361782555492253,0.3005551275710664,0.29675167584576373
LINK,1732986000,2024-11-30,0.30522276462163983,0.3276166938406181,0.3081453930435791,0.28877196173923914
LINK,1733086800,2024-12-01,1.226139608112351,1.2444405078597722,0.25276167011415734,0.2491279524306309
LINK,1733126400,2024-12-02,-1.0142857142857142,-1.0142857142857142,0.40322011065924906,0.3903908884022682
LINK,1733166000,2024-12-02,-1.0142857142857142,-1.0142857142857142,0.8059646883183417,0.754885048958214
LINK,1733328000,2024-12-04,0.5618976187386765,0.6476881689849001,0.7209764638021845,0.629513114863891
LINK,1733439600,2024-12-05,0.5338611183949789,0.6068015788202751,0.6299168072627129,0.5576027155136908
LINK,1733515200,2024-12-06,-1.0142857142857142,-1.0142857142857142,0.5360644476787745,0.5196078667309879
LINK,1733544000,2024-12-07,0.6951224188176518,0.7513321902067251,0.6040439043664206,0.5605088200869144
LINK,1733662800,2024-12-08,0.2949604954781872,0.3194073673216479,0.5122038148200555,0.4762194928831366
LINK,1733760000,2024-12-09,-1.0142857142857142,-1.0142857142857142,0.7468397025632012,0.6835196796834475
LINK,1733925600,2024-12-11,-0.18814166356941694,-0.19181487856896892,0.6266832909111135,0.6125820055965835
LINK,1734051600,2024-12-13,0.31819621645899954,0.3298803072316929,0.8568932580684786,0.8289619702275923
LINK,1734192000,2024-12-14,0.7431660054976862,0.7572381061759128,0.721933176424046,0.7090049592258957
LINK,1734224400,2024-12-15,0.012124661916612262,0.013167024380556646,0.7020681404230587,0.6845349204556016
LINK,1734343200,2024-12-16,-0.16576408282202257,-0.1698311896721085,0.6039473710144715,0.5865587072463541
LINK,1734426000,2024-12-17,-0.023443201419834914,-0.02339830455621883,0.5571404644693709,0.5523051155823997
LINK,1734498000,2024-12-18,-0.10719822128815522,-0.11054504890221492,0.5814085012850944,0.5576706936916401
LINK,1734537600,2024-12-18,-1.0142857142857142,-1.0142857142857142,0.5824026565548029,0.5618182455205573
LINK,1734685200,2024-12-20,0.4690521121074918,0.504704590808355,0.7062137192085186,0.6589993899168661
LINK,1734901200,2024-12-22,0.7319797558362366,0.7630192983523434,0.5033943154730884,0.48365541666332595
LINK,1734991200,2024-12-23,0.4597668323201627,0.46707667198306524,0.6377312538648441,0.6283259657006014
LINK,1735066800,2024-12-24,0.15272460409679126,0.1520549550041821,0.5043054174047479,0.5061750648974207
LINK,1735329600,2024-12-27,-0.5612507541257349,-0.5889959076746086,0.40764273499238884,0.38746140691488046
LINK,1735506000,2024-12-29,-0.017014067923270475,-0.01674625094323755,0.247214129949236,0.24161521686840795
LINK,1735578000,2024-12-30,-0.3316918670676883,-0.380722336055975,0.3487534071893053,0.300195976973098
LINK,1735668000,2024-12-31,0.02622981994825104,0.03162249806487275,0.36495518880044997,0.3322594340927923
LINK,1735725600,2025-01-01,1.528298800770273,1.5220557538271782,0.2532553496462138,0.25427499192669195
LINK,1735758000,2025-01-01,-1.0142857142857142,-1.0142857142857142,0.3105853613826345,0.28986115841206805
LINK,1735812000,2025-01-02,0.015684032843446005,0.016733399174750224,0.32280116010522714,0.31532432626716755
LINK,1735909200,2025-01-03,-0.5245378722602327,-0.5233233835832617,0.2995594368570823,0.3002947781537807
LINK,1736006400,2025-01-04,0.37570112979526343,0.4419299080108991,0.29682944715519105,0.25504709693635963
LINK,1736089200,2025-01-05,0.6898404542220117,0.7094699401320106,0.2823688579152686,0.27485877006259707
LINK,1736136000,2025-01-06,0.126456770093439,0.131208896420824,0.3317368831701793,0.32187048956788533
LINK,1736262000,2025-01-07,-1.0142857142857142,-1.0142857142857142,0.3067827514507199,0.2780737323315446
LINK,1736276400,2025-01-07,-0.39469483510250764,-0.39968042553649574,0.37458096012557324,0.36954872628907875
LINK,1736359200,2025-01-08,0.5840967969782127,0.6403178671642397,0.38706570253436734,0.35453229503701106
LINK,1736431200,2025-01-09,0.1223919445502835,0.1353194729884602,0.34066919919116284,0.3137975991289445
LINK,1736632800,2025-01-11,0.5786224364838248,0.5917497260392752,0.2352743515353915,0.23029545549965236
LINK,1736679600,2025-01-12,0.2830181433776098,0.2784382363752073,0.2109001443894083,0.21404630934243957
LINK,1736722800,2025-01-12,-1.0142857142857142,-1.0142857142857142,0.2042968869834006,0.20155049367443154
LINK,1736751600,2025-01-13,-1.0142857142857142,-1.0142857142857142,0.2937034447537094,0.28398832511937927
LINK,1736884800,2025-01-14,0.0564313893303977,0.056377149938699696,0.3025109796240356,0.3027041319028078
LINK,1737147600,2025-01-17,0.920651437287304,0.9617098208326915,0.40935742547657566,0.39238491974400436
LINK,1737226800,2025-01-18,0.20157853812546514,0.20137686852651582,0.5462276945703423,0.5467067479988301
LINK,1737273600,2025-01-19,1.715832150378623,1.7025740446743494,0.4553336876113209,0.4588208943506533
LINK,1737320400,2025-01-19,0.15366860455468237,0.19867952531181074,0.6741501345762266,0.5406232218513211
LINK,1737363600,2025-01-20,0.6069606578692123,0.612222854476569,0.9216124538961299,0.9140441811189092
LINK,1737435600,2025-01-21,0.5603952259555581,0.557214400228011,0.8392422737118901,0.8437993716897277
LINK,1737486000,2025-01-21,0.21673535007806194,0.21586985505497852,0.7337750754013871,0.7363731581245707
LINK,1737705600,2025-01-24,0.16431515850752074,0.16382734637480909,0.5480644730937988,0.5494540479471681
LINK,1737925200,2025-01-26,2.2579565534525656,2.3438394342602904,0.29239590935581766,0.2818109793062652
LINK,1737957600,2025-01-27,0.325134016441527,0.32398614800096737,0.4281205550087758,0.4295144438556048
LINK,1738180800,2025-01-29,1.2920430459451508,1.5542319825290438,0.4629879372270173,0.3862947016290955
LINK,1738231200,2025-01-30,-0.11788703335475371,-0.11633091115246338,0.4158607808004387,0.4232346870158573
LINK,1738310400,2025-01-31,-0.4499729282149748,-0.4687783875252471,0.3729053106735036,0.35697494995608064
LINK,1738342800,2025-01-31,0.5192452024745308,0.5420643622320769,0.4276717810453962,0.4105696103565807
LINK,1738422000,2025-02-01,-1.0142857142857142,-1.0142857142857142,0.3895627594422658,0.39722143324551684
LINK,1738468800,2025-02-02,-0.2075188583797017,-0.21493933836484355,0.4151259080127917,0.3985971317060834
LINK,1738515600,2025-02-02,-1.0142857142857142,-1.0142857142857142,0.45103913809234836,0.41188830256099046
LINK,1738548000,2025-02-03,0.5817914956328183,0.7485093143474991,0.8894005866507781,0.6985852471623765
LINK,1738706400,2025-02-04,0.008508852625675294,0.008711595183839953,0.6164231262336982,0.6130710590209058
LINK,1738774800,2025-02-05,-0.03487746436231599,-0.034982964654604244,0.45308065984522744,0.445625325987168
LINK,1738972800,2025-02-08,-0.3843622277007539,-0.40782854670517066,0.39348965836834887,0.3691427090120682
LINK,1739138400,2025-02-09,0.6239816979445788,0.7759766561768029,0.332758894746528,0.26989419434241485
LINK,1739178000,2025-02-10,0.09781056385848963,0.096699258177094,0.38432238357346277,0.38773179769449834
LINK,1739235600,2025-02-11,-0.3217813725787036,-0.33058633892308187,0.3118194771262685,0.302728667674443
LINK,1739372400,2025-02-12,0.834068384135146,1.0131575691644712,0.32458506537216997,0.26878391655464484
LINK,1739545200,2025-02-14,0.10897128935370576,0.11816495420085471,0.27004597337589015,0.25312643286634334
LINK,1739732400,2025-02-16,0.12678861985943057,0.13412192465273087,0.2206855277917401,0.21073826069879695
LINK,1739772000,2025-02-17,1.2577133488064838,1.3268282751916967,0.24655726532763028,0.23398474727590954
LINK,1739804400,2025-02-17,0.5770118101891977,0.5753129385251726,0.259490103234135,0.2602201111752223
LINK,1739862000,2025-02-18,-0.5173295901835375,-0.5170357251056829,0.2922859485066092,0.29246179069942535
LINK,1739894400,2025-02-18,0.04574478546198861,0.047895024673348746,0.3075660292229774,0.29891726224012966
LINK,1740016800,2025-02-20,0.05295525668904256,0.055179092699193626,0.24531844924273613,0.23880448379986982
LINK,1740132000,2025-02-21,1.0578924230641555,1.1462150590125322,0.19723225394303262,0.1824039657848043
LINK,1740168000,2025-02-21,0.2422937494889151,0.26606807525146475,0.32699451884396885,0.3006094818319666
LINK,1740297600,2025-02-23,0.8739386162214811,0.909025448231542,0.16145447527702703,0.15541251183679844
LINK,1740438000,2025-02-24,-1.0142857142857142,-1.0142857142857142,0.3146413786600412,0.2626907154800444
LINK,1740571200,2025-02-26,0.29902052864784107,0.2915083072414443,0.28781449668682046,0.29456945797042194
LINK,1740711600,2025-02-28,-0.25185930262599737,-0.2667568388181437,0.3198945385234639,0.2998864261021919
LINK,1740866400,2025-03-01,0.1901503152851216,0.198645088984691,0.22206950125308159,0.21376715519562633
LINK,1741039200,2025-03-03,-0.32279859707007275,-0.32347449424760966,0.4466908073078822,0.4456670232546423
LINK,1741096800,2025-03-04,1.11914319934878,1.148996430400072,0.35349752965115305,0.34453580116278026
LINK,1741208400,2025-03-05,-0.5898678898675125,-0.5734677660968849,0.36140819842107763,0.3722857521457757
LINK,1741258800,2025-03-06,0.5825612656007834,0.598460209259921,0.34596180738612875,0.3371896387235232
LINK,1741388400,2025-03-07,-0.21426289483761704,-0.20996321822282218,0.4769816855474752,0.48828796905112715
LINK,1741618800,2025-03-10,-1.0142857142857142,-1.0142857142857142,0.3130214752697797,0.29863851182899354
LINK,1741633200,2025-03-10,-0.24662038382363574,-0.26109018218268776,0.3537868688874474,0.3317704741864818
LINK,1741784400,2025-03-12,0.23005889478968017,0.2403669343770942,0.32036901852941396,0.3080897122624458
LINK,1741870800,2025-03-13,0.7642746474643228,0.8059283865527485,0.24865211937300097,0.2362407439401549
LINK,1741942800,2025-03-14,-0.7869952029693166,-1.0142857142857142,0.2712392367678634,0.2059499472884683
LINK,1742112000,2025-03-16,0.8940035343510634,0.9010013731236337,0.15484610855318096,0.15368042459573336
LINK,1742241600,2025-03-17,0.40039648139908435,0.38664613281858673,0.19315464148084596,0.19955115236398785
LINK,1742288400,2025-03-18,1.0079223522167662,1.0220802528355315,0.19571477091052278,0.19307744559594772
LINK,1742389200,2025-03-19,-0.7840961487208616,-0.8356693663633619,0.1966466809213649,0.18408104099223915
LINK,1742544000,2025-03-21,-0.1504454614053154,-0.14964502750947845,0.1641038663852211,0.16518877918408426
LINK,1742641200,2025-03-22,-0.62354662986363,-0.6358950277283271,0.13445938557817555,0.13172549216111215
LINK,1742778000,2025-03-24,-1.0142857142857142,-1.0142857142857142,0.14444100020033343,0.13709030790805138
LINK,1742814000,2025-03-24,-0.013710827070749578,-0.013106070849807838,0.1922629347817709,0.18474469899575321
LINK,1742896800,2025-03-25,-0.0783838951032926,-0.07901361098503734,0.17207396397337343,0.16992580735594068
LINK,1743001200,2025-03-26,-0.028571428571430805,-0.028571428571429223,0.20763533172386925,0.19053035724109
LINK,1743091200,2025-03-27,0.32439797542447635,0.32962314205399806,0.21855394906622494,0.21536579130208827
LINK,1743134400,2025-03-28,-1.0142857142857142,-1.0142857142857142,0.1953133077039085,0.19802971598882455
LINK,1743177600,2025-03-28,0.10916361529485331,0.10629113583499723,0.20743761187724077,0.21185588971395172
LINK,1743231600,2025-03-29,-0.5983859205664669,-0.5958452638147363,0.18050987523504167,0.18131832717619872
LINK,1743271200,2025-03-29,0.3536406832811439,0.3671803180802307,0.18688201973076884,0.18048832894082803
LINK,1743375600,2025-03-30,-0.028571428571430503,-0.028571428571429577,0.18294152393244373,0.1685524103887855
LINK,1743516000,2025-04-01,-0.3735006834068382,-0.39978945313550807,0.18223198518530057,0.1693267532764776
LINK,1743634800,2025-04-02,-0.03796525790023303,-0.03903976552011197,0.3041510290571193,0.2729318774461284
LINK,1743678000,2025-04-03,-0.2211377796187734,-0.22319396689899057,0.23739498342078527,0.23488690522238417
LINK,1743930000,2025-04-06,-1.0142857142857142,-1.0142857142857142,0.11997014811857029,0.11919862105076807
LINK,1743948000,2025-04-06,-1.0142857142857142,-1.0142857142857142,0.1391179385921572,0.11828085694540007
LINK,1744120800,2025-04-08,1.0871351956725073,1.0930651591703844,0.24327951948166185,0.2419933286725589
LINK,1744369200,2025-04-11,-0.1673159527734357,-0.1705369192547946,0.1853354996327404,0.1811305380660281
LINK,1744408800,2025-04-11,0.16616396437890651,0.16649949857287094,0.17606308625396536,0.17576024673503962
LINK,1744448400,2025-04-12,-0.31869238247056914,-0.32841641712769903,0.14772163913414454,0.14293099599061726
LINK,1744581600,2025-04-13,0.25288607519127354,0.2546051844508452,0.21317605392601635,0.2118819042280176
LINK,1744632000,2025-04-14,0.5561366842738873,0.5497601504115058,0.21011704841804485,0.21243374445020216
LINK,1744718400,2025-04-15,-0.3202209088599415,-0.31082188636486024,0.17633692121685135,0.1822089920796861
LINK,1744819200,2025-04-16,-0.028571428571426354,-0.028571428571427644,0.1798486998593913,0.1767601383101138
LINK,1744876800,2025-04-17,-0.24381385952917942,-0.24329506969259646,0.18583696449633205,0.18628596176528056
LINK,1744916400,2025-04-17,0.18535316864762186,0.18313717009119065,0.17362593000385093,0.17544330923491636
LINK,1744970400,2025-04-18,0.16231460083734997,0.1575624748937163,0.13471015031288291,0.13814939264464315
LINK,1745031600,2025-04-19,-0.14075117593517508,-0.14144342919110997,0.10187731473056158,0.10125249278675867
LINK,1745186400,2025-04-20,-0.7172061844926114,-0.7416785387562741,0.12446988040797631,0.12019833274705143
LINK,1745330400,2025-04-22,-0.5411716280613896,-0.5610270195815472,0.16164087126689813,0.15561324597973644
LINK,1745377200,2025-04-23,-1.0142857142857142,-1.0142857142857142,0.1953505453523309,0.18960827961020252
LINK,1745568000,2025-04-25,0.11303027726037626,0.11392164947590284,0.22195051425370765,0.22056209227322374
LINK,1745676000,2025-04-26,0.27501785018512676,0.27258059105728727,0.17881301509743167,0.1802601701049264
LINK,1745719200,2025-04-27,-0.22140557856601517,-0.24931105425445751,0.17779897537171843,0.1553219734772353
LINK,1745805600,2025-04-28,0.9316968100727908,1.0035082817161243,0.17852154692797945,0.16610012746090094
LINK,1745888400,2025-04-29,0.0014153957412013209,0.0017760468574162054,0.1905598823907114,0.18829525795922764
LINK,1746018000,2025-04-30,0.027082099755735403,0.03524069455621378,0.1540141088816516,0.1343228864879325
LINK,1746248400,2025-05-03,-0.17557614741322022,-0.1695156973393639,0.1360500544307291,0.14190005861770835
LINK,1746403200,2025-05-05,0.4649166382839987,0.4627289751726915,0.12737317693957026,0.12794034439646035
LINK,1746669600,2025-05-08,-1.0142857142857142,-1.0142857142857142,0.15593464752206354,0.1563911588699147
LINK,1746720000,2025-05-08,-0.6986558306482132,-1.0142857142857142,0.18334577327329699,0.15591083275585835
LINK,1746781200,2025-05-09,-0.16736029895020618,-0.18331674356340563,0.2264487875922419,0.20309869433010672
LINK,1746896400,2025-05-10,-0.2511012891184657,-0.2701491685991606,0.25678736778239425,0.23654024222719355
LINK,1747036800,2025-05-12,0.6540730951098314,0.7230409702625507,0.30553446389151045,0.27749865342162655
LINK,1747076400,2025-05-12,-0.19879656265905513,-0.21262818444422413,0.3692588829143559,0.34150956621546014
LINK,1747317600,2025-05-15,-0.1359300727373409,-0.14126796676207728,0.2661306762338983,0.25352534363650586
LINK,1747436400,2025-05-16,-0.38702385235255665,-0.3941837648198996,0.23115241343084225,0.22662567600244543
LINK,1747602000,2025-05-18,-0.006484683453343892,-0.0052995588888484265,0.25872013661293247,0.24554476250623503
LINK,1747710000,2025-05-20,0.7604261785541094,0.7781856435358313,0.26434988736061144,0.258530647926812
LINK,1747846800,2025-05-21,0.31733213652815756,0.3304644222308224,0.26431809513801596,0.25465025630247895
LINK,1747886400,2025-05-22,-0.0675136996496209,-0.06768311070636551,0.2934747027368755,0.2922035260243275
LINK,1748044800,2025-05-24,0.2030042637137542,0.20759338145884648,0.2714323866933988,0.26615795490058336
LINK,1748131200,2025-05-25,-0.5418623712315985,-0.5332628663894191,0.1669896711406305,0.16983503045914064
LINK,1748246400,2025-05-26,0.5839212110740883,0.5751504740034137,0.17259682626630207,0.17510427444063312
LINK,1748336400,2025-05-27,-0.11868466225115595,-0.11689059255573592,0.1902368436115031,0.19410121619700327
LINK,1748408400,2025-05-28,0.49859426457903533,0.5097115660842159,0.17343422118797677,0.1698522382024365
LINK,1748487600,2025-05-29,0.37135046957651047,0.3900377140787723,0.22147181482586395,0.21158503135093046
LINK,1748538000,2025-05-29,-1.0142857142857142,-1.0142857142857142,0.19859158774834285,0.20309863295975378
LINK,1748628000,2025-05-30,-0.8303418156709557,-1.0142857142857142,0.22806672059645838,0.20637954525772442
LINK,1748664000,2025-05-31,0.47809615664978017,0.4753397845213569,0.23684167588421667,0.2381371894137719
LINK,1748912400,2025-06-03,0.1856366787604759,0.19298730960436672,0.14671980355941497,0.14185209614090835
LINK,1748988000,2025-06-03,0.4586820675884368,0.4741845003035074,0.16418558436315817,0.159122937006478
LINK,1749034800,2025-06-04,1.0296005967703437,1.0644166921314664,0.1485040743655099,0.14377361854747214
LINK,1749121200,2025-06-05,-1.0142857142857142,-1.0142857142857142,0.14223418880831878,0.14086758794742035
LINK,1749153600,2025-06-05,-0.07173163680473126,-0.0772229962762102,0.19859562597789132,0.17617990489926755
LINK,1749279600,2025-06-07,0.15689486683699233,0.15744736058856895,0.1540518642943189,0.1535943153938819
LINK,1749452400,2025-06-09,0.9425795756482744,0.9687966840245468,0.11179664964529672,0.10885793038724259
LINK,1749484800,2025-06-09,-1.0142857142857142,-1.0142857142857142,0.13441136436889692,0.13475070008958137
LINK,1749517200,2025-06-10,-0.28329505741117705,-0.28855481448270526,0.13459966176629726,0.1318765588252432
LINK,1749654000,2025-06-11,0.7479845720479956,0.7647067035116453,0.2354719333973155,0.23050823596633988
LINK,1749916800,2025-06-14,0.3979640143582662,0.41730702030434375,0.14066826331684137,0.13456582203352155
LINK,1750021200,2025-06-15,1.417498385638703,1.4476254156390036,0.11854792192188066,0.11612853130048682
LINK,1750053600,2025-06-16,-0.4902656066174926,-0.5162585282018993,0.1299561546431586,0.1230297050003246
LINK,1750176000,2025-06-17,0.08768797169009471,0.09133223893430312,0.17202910005565625,0.16680056929070672
LINK,1750244400,2025-06-18,0.00728263211901838,0.009304952221979738,0.15937624927956348,0.15086672999337594
LINK,1750395600,2025-06-20,0.4171035082656143,0.4194218455750677,0.12180562512888926,0.12117528860034237
LINK,1750442400,2025-06-20,0.2759134353398785,0.329979283741852,0.1689035401232699,0.14343458167121373
LINK,1750532400,2025-06-21,-1.0142857142857142,-1.0142857142857142,0.13442444944853219,0.12784171479072692
LINK,1750543200,2025-06-21,0.2851405068598064,0.3629255520048712,0.17304319075744368,0.13866189773878543
LINK,1750748400,2025-06-24,-0.10961126406419504,-0.10927272057624095,0.21153617894976776,0.21242357733051917
LINK,1750946400,2025-06-26,-0.18560699923259483,-0.18597685272918907,0.1455539197960541,0.14521191362651978
LINK,1751050800,2025-06-27,0.6313279133857013,0.6361364946582675,0.16452725691380082,0.16333704590717016
LINK,1751126400,2025-06-28,-0.30282423145402154,-0.3146139284701389,0.10417916707185244,0.09988525684661044
LINK,1751216400,2025-06-29,1.0725677742284385,1.0670307633754905,0.08562560850251644,0.08605834761809461
LINK,1751248800,2025-06-30,0.949659873481859,1.2386194668110846,0.1109874815327827,0.08567882626607372
LINK,1751356800,2025-07-01,-0.3191920382783732,-0.3231268490362207,0.1278053100924621,0.1260980262534207
LINK,1751475600,2025-07-02,0.15866065692738268,0.18533756316422212,0.13733909786765094,0.12021133616516246
LINK,1751529600,2025-07-03,0.41038623127343365,0.4136996633422848,0.13668744275064068,0.13566339988530532
LINK,1752040800,2025-07-09,0.32538356181442024,0.35853537349717557,0.13722487290963375,0.1254729400565286
LINK,1752091200,2025-07-09,-0.25918688733735185,-0.28161877440023275,0.1486704944637466,0.13549130173018875
LINK,1752166800,2025-07-10,-1.0142857142857142,-1.0142857142857142,0.14013970068976925,0.1332273699735976
LINK,1752242400,2025-07-11,0.6410892872892359,0.6586239577554951,0.1877283268030956,0.1829381980956414
LINK,1752325200,2025-07-12,-0.0007256733503118942,0.001226657655817773,0.20521209315061903,0.19176686954682043
LINK,1752422400,2025-07-13,0.2858302048551105,0.30239396834949495,0.18175114588330846,0.17265508018202455
LINK,1752462000,2025-07-14,-0.4580684571378054,-0.4698726558062257,0.19291668474101556,0.18775642972109358
LINK,1752663600,2025-07-16,-0.5253233403338035,-0.5203793783300217,0.2300659777639357,0.2323787452842385
LINK,1752742800,2025-07-17,-0.09949538730396867,-0.09834716780801905,0.24170756186218995,0.24568506662081982
LINK,1752796800,2025-07-18,-1.0142857142857142,-1.0142857142857142,0.3196626854771504,0.3096367382061617
LINK,1752818400,2025-07-18,0.6601506179865227,0.6592018412123666,0.33602608277924195,0.3364896276084142
LINK,1752951600,2025-07-19,-0.3922334593072797,-0.3977909710836867,0.2592674140188152,0.2553649074048777
LINK,1753012800,2025-07-20,-0.22321853702154348,-0.24148857637432505,0.27889299110562504,0.25496168272913466
LINK,1753088400,2025-07-21,0.36910465846056695,0.37698746531880084,0.2873839237824748,0.2817980717657422
LINK,1753160400,2025-07-22,0.01647916450993215,0.019798554243574355,0.3805245607288142,0.3544110654002615
LINK,1753308000,2025-07-23,-0.19708888392030985,-0.20249816776836738,0.3560462023105063,0.34497283325746836
LINK,1753340400,2025-07-24,0.881894087089502,0.9265010839764485,0.3608828922344299,0.3440277300986169
LINK,1753556400,2025-07-26,-0.3326315672013429,-0.3427567277446727,0.1973293844775502,0.1909701063604386
LINK,1753635600,2025-07-27,0.08881845225733138,0.09053116708249097,0.2190502753111677,0.21590029648894998
LINK,1753729200,2025-07-28,0.10157832586205812,0.10362149232129474,0.24148006706100475,0.2377477645272357
LINK,1753808400,2025-07-29,-0.061651057792007614,-0.063202277211471,0.25911501348073024,0.24750847605617105
LINK,1753873200,2025-07-30,-0.0285714285714245,-0.028571428571432817,0.21536120431601316,0.213465912340322
LINK,1753905600,2025-07-30,0.895002287147212,1.0266559593941713,0.2784215842941912,0.24368478308605207
LINK,1754010000,2025-08-01,-0.4405278149834232,-0.47245723539608425,0.26355078389984327,0.24459315189213907
LINK,1754154000,2025-08-02,0.08966471636799454,0.09074157653507865,0.24164715947113338,0.23946617173814366
LINK,1754596800,2025-08-07,-1.0142857142857142,-1.0142857142857142,0.23895333858776643,0.2304112877099022
LINK,1754661600,2025-08-08,-0.13795795283697596,-0.14530834644327809,0.3134363626225178,0.2937006982088653
LINK,1754719200,2025-08-09,-0.10474884344806536,-0.1088164956043498,0.33755786745885225,0.32044693418645637
LINK,1754773200,2025-08-09,-0.43039358162019076,-0.42780717036143434,0.30575004868443484,0.3077308216601608
LINK,1754949600,2025-08-11,0.20495584997930114,0.21061825657464595,0.36704185586467364,0.3583527678542639
LINK,1755007200,2025-08-12,-1.0142857142857142,-1.0142857142857142,0.4274845502046551,0.3926756694511671
LINK,1755273600,2025-08-15,0.3784873023442058,0.39065171895462614,0.42113964990496655,0.4089196229745795
LINK,1755410400,2025-08-17,-1.0142857142857142,-1.0142857142857142,0.3737293970065507,0.3747855044685931
LINK,1755478800,2025-08-18,0.8706170032336119,0.9640782307608837,0.4766202649105598,0.43174490067291066
LINK,1755558000,2025-08-18,0.934200454373648,0.9715697337492676,0.6528768026011058,0.6284827104934985
LINK,1755619200,2025-08-19,-0.003558638166532621,-0.0026911837848540123,0.571136368812252,0.5519930125670407
LINK,1755680400,2025-08-20,-0.5564367071476537,-0.5889906881834156,0.5412636468246662,0.5098223888881022
LINK,1755734400,2025-08-21,0.5021441220880561,0.4999340996915338,0.5921923974060539,0.5946687356680579
LINK,1755882000,2025-08-22,0.37347436753488245,0.41945691545755015,0.6040534317461851,0.542057541880507
LINK,1756033200,2025-08-24,0.6094908930770389,0.6093423267700814,0.2507592041896957,0.25081760451198004
LINK,1756155600,2025-08-25,-0.10396188258170452,-0.10820800657788814,0.45477527275589286,0.4305272168140382
LINK,1756328400,2025-08-27,0.1539563733876684,0.16693989935281714,0.3756766247960134,0.35072867285724524
LINK,1756393200,2025-08-28,-0.29927988209713885,-0.4003595325300755,0.443281317731747,0.32276449601880436
LINK,1756450800,2025-08-29,-0.1016323483128688,-0.10902730675630701,0.46927570042984257,0.4261430620013691
LINK,1756519200,2025-08-30,0.38574515663550324,0.39866888242862525,0.3516979308021388,0.34105931009461116
LINK,1756702800,2025-09-01,0.1491085041732323,0.15549493858568983,0.24120418212186534,0.2328352730543167
LINK,1756746000,2025-09-01,-0.03850879496052447,-0.0383324782754715,0.2875150965831982,0.2927085655511363
LINK,1756918800,2025-09-03,-0.1081446794210649,-0.10934761556422574,0.25134074310715393,0.24759772334616573
LINK,1756969200,2025-09-04,-0.9997878597980339,-1.00057967793053,0.21769459888723927,0.21751726034010394
LINK,1757084400,2025-09-05,0.06947956053082813,0.0886165784508637,0.2913935783108836,0.24380846895018232
LINK,1757174400,2025-09-06,0.3627224034555177,0.3635412042802735,0.1752428046622209,0.1748768665593148
LINK,1757286000,2025-09-07,0.10412739761063629,0.11196597668789028,0.1507172337196108,0.14231086708265767
LINK,1757340000,2025-09-08,0.19597010484468833,0.20964820233884865,0.229038123353615,0.2158872097654314
LINK,1757394000,2025-09-09,-0.34252793080736216,-0.34185455600281434,0.23661148521106387,0.23712006099653027
LINK,1757512800,2025-09-10,0.23826823998905278,0.24631621522779365,0.24626880279380967,0.2390587107010258
LINK,1757595600,2025-09-11,-0.17801421376556745,-0.22649675242228978,0.22942368372735727,0.17322550555253852
LINK,1757851200,2025-09-14,-0.2947522336179554,-0.30856786739242736,0.2254106940187262,0.21428843971247433
LINK,1757923200,2025-09-15,-0.8528126339520467,-0.9204345161526107,0.26691215940655055,0.24667463320705463
LINK,1758106800,2025-09-17,0.45524037364939907,0.4631660279670868,0.20669194000843216,0.20336055077831156
LINK,1758153600,2025-09-18,-0.3683971859230221,-0.382297163795962,0.3110837934656911,0.29885946988612894
LINK,1758211200,2025-09-18,-0.33990593067926184,-0.33200693985985735,0.2569583501294416,0.2636474539855524
LINK,1758358800,2025-09-20,0.09376327353736427,0.09937276023510691,0.2101961689612645,0.2009804896505924
LINK,1758448800,2025-09-21,0.16223787362875106,0.1683335734232316,0.14973813248085235,0.14510260421014862
LINK,1758510000,2025-09-22,-1.0142857142857142,-1.0142857142857142,0.22298207278464874,0.20474992453731394
LINK,1758524400,2025-09-22,0.2821702306176698,0.4011308898538979,0.3218107294044759,0.23271924705097397
LINK,1758776400,2025-09-25,-0.18092123954081846,-0.19207459296821938,0.24379982427624863,0.2271690415282677
LINK,1758823200,2025-09-25,0.21642846933118767,0.2340827825454524,0.314868935878173,0.2937050078688017
LINK,1758902400,2025-09-26,-0.44544830752151704,-0.4390031361334086,0.3015621447533866,0.3062976943498011
LINK,1759078800,2025-09-28,-0.3285217742174361,-0.35305808382945053,0.17145695004221648,0.1584921000454639
LINK,1759176000,2025-09-29,0.2535530173791219,0.2582267855087555,0.22279934886664007,0.21916852954868937
LINK,1759435200,2025-10-02,0.25080034328524803,0.2556596340973314,0.24544866546719987,0.24125240896467673
LINK,1759582800,2025-10-04,-0.10023044756715571,-0.09997266139455213,0.199356821875646,0.20007657740454174
LINK,1759712400,2025-10-06,0.3964800173121203,0.470818086055339,0.2487093897411381,0.211687035105841
LINK,1759766400,2025-10-06,-0.695229950939351,-0.7321996349580022,0.2614317651961672,0.24769574713433382
LINK,1760000400,2025-10-09,0.14801003252972367,0.15516825631571557,0.25888496691110235,0.2487991951350333
LINK,1760090400,2025-10-10,1.817828937993374,1.8341936325072037,0.26924976085646257,0.2668843578454212
LINK,1760122800,2025-10-10,-1.0142857142857142,-1.0142857142857142,0.33502351688555987,0.34079455664598746
LINK,1760133600,2025-10-10,2.1338599668443483,6.156149780773302,1.256522108818358,0.43933150180438574
LINK,1760220000,2025-10-11,0.3694935078349783,0.44601339726786765,0.775178621249851,0.6501923613459936
LINK,1760288400,2025-10-12,-0.12613259341055777,-0.1275416338074969,0.4978561772147684,0.49076819084667367
LINK,1760544000,2025-10-15,-0.14018794200749227,-0.14439759399562133,0.33277206032898715,0.3206776034312168
LINK,1760608800,2025-10-16,-0.0797099855175192,-0.08622978038048694,0.27935309752237114,0.24776487425486143
LINK,1760702400,2025-10-17,-0.055526355304856355,-0.05780337685855037,0.3179911656298019,0.293221255293633
LINK,1760864400,2025-10-19,-0.6149491285332856,-1.0142857142857142,0.19490119473020157,0.1752782097094479
LINK,1760943600,2025-10-20,-0.15521164209290364,-0.1908152332889594,0.2932943344774107,0.22893236020644245
LINK,1761091200,2025-10-22,-0.1387894161646072,-0.13786648005042584,0.336994513817055,0.33984024564913634
LINK,1761170400,2025-10-22,0.7357145886874082,0.7744245434919956,0.27663540435670325,0.2632996662302959
LINK,1761296400,2025-10-24,0.17098922625193166,0.17485836855232498,0.20044031242233154,0.1966280287625109
LINK,1761418800,2025-10-25,0.7631794082145884,0.7801768674337819,0.13351963875834458,0.13071345712437096
LINK,1761480000,2025-10-26,0.26665286257099635,0.30259737353265403,0.1451680777733396,0.12941177606359638
LINK,1761534000,2025-10-27,0.7165325648569811,0.7376485554608646,0.18405867952985838,0.1789862702629244
LINK,1761685200,2025-10-28,0.11545421497783905,0.12258272884801623,0.2975660569951422,0.2835326767639993
LINK,1761829200,2025-10-30,-1.0142857142857142,-1.0142857142857142,0.3184458925608532,0.3075571150655344
LINK,1762063200,2025-11-02,0.5165461415649375,0.5486613719966013,0.16248133141126317,0.15344143382751438
LINK,1762102800,2025-11-02,0.00044178068582938315,0.0015358811786006705,0.19695462379280154,0.18979728716147864
LINK,1762146000,2025-11-03,-0.19990946188371694,-0.19885519724410594,0.25013210452245854,0.251680727947263
LINK,1762189200,2025-11-03,-0.2758503087584776,-0.38375673390566695,0.36973869891117334,0.25741090651972515
LINK,1762279200,2025-11-04,0.11723892410438212,0.12119021326414091,0.3723035661700333,0.3624807635677282
LINK,1762534800,2025-11-07,-0.38422649614464927,-0.4173168772461404,0.31330517005955766,0.2866363369872159
LINK,1762736400,2025-11-10,-0.41703131776375973,-0.4522949666849136,0.2353616781868169,0.21577411497041804
LINK,1762826400,2025-11-11,0.5788593176847308,0.6239441854444334,0.2634045131665543,0.2452048603332123
LINK,1762869600,2025-11-11,-0.6141827766813767,-0.6217333357478494,0.2488242179468966,0.2456568500966578
LINK,1762966800,2025-11-12,0.0989667561618752,0.10199954115783896,0.26882705252085914,0.2625829796378483
LINK,1763064000,2025-11-13,-0.0787484510181375,-0.07964953582069877,0.2847062976063733,0.2796837051145557
LINK,1763164800,2025-11-15,0.14631941590917547,0.15029111904724543,0.31039769089647706,0.30350520558082145
LINK,1763283600,2025-11-16,1.2624307099769545,1.2588603905331712,0.1659840118674471,0.16644432047263533
LINK,1763402400,2025-11-17,-0.15418051282327655,-0.1611700429651434,0.272955690186959,0.2585676663551865
LINK,1763568000,2025-11-19,0.6023114607989027,0.687346159801188,0.20832483118974301,0.1835805874351079
LINK,1763701200,2025-11-21,-1.0142857142857142,-1.0142857142857142,0.23283337089245046,0.23458978403802352
LINK,1763996400,2025-11-24,0.923959555098507,0.9932902663664251,0.1859707035044226,0.17335306531245512
LINK,1764115200,2025-11-26,0.3356875934520656,0.3315308420320365,0.18824908766983328,0.19042209441366661
LINK,1764295200,2025-11-28,0.5219541616284487,0.5443400794161285,0.11936645068656607,0.11470233150860963
LINK,1764352800,2025-11-28,-0.06577912212216205,-0.06608770469952374,0.15357806864578857,0.15231484315700294
LINK,1764399600,2025-11-29,0.27941823898564183,0.2832775896373888,0.12059773770162277,0.11910525598636308
LINK,1764442800,2025-11-29,0.30314833141582626,0.30966135029017,0.11197058970585386,0.10981448122168873
LINK,1764511200,2025-11-30,-0.18148171282497752,-0.19619018069788735,0.11211055702722729,0.10227290756778322
LINK,1764550800,2025-12-01,-0.276940023587783,-0.3630382178122625,0.17255459714752325,0.12813572000502502
LINK,1764694800,2025-12-02,-0.44692106543617316,-0.4472369797785113,0.1980571645241604,0.19790771564140353
LINK,1764734400,2025-12-03,-0.7268397350187523,-0.7245016228907685,0.18822073150829238,0.18885309547046872
LINK,1764946800,2025-12-05,-1.0142857142857142,-1.0142857142857142,0.1669825992474989,0.16213510688192184
LINK,1765119600,2025-12-07,0.4746203037709716,0.5850857765333561,0.1646631642205956,0.13502186916064152
LINK,1765188000,2025-12-08,0.7987513898021538,0.8089466876070384,0.18994140334698,0.1876292036044401
LINK,1765314000,2025-12-09,0.13272679826358189,0.1749139454700091,0.19484759408247784,0.15445125516574545
LINK,1765425600,2025-12-11,0.049168820830269036,0.04782266372266564,0.22051456323837101,0.22440029887209187
LINK,1765548000,2025-12-12,0.9259924982481755,0.9390575587223576,0.16162952522180535,0.1594471810080981
LINK,1765710000,2025-12-14,-0.6488150216045054,-0.6777170767691403,0.10134267175540283,0.0968305695827415
LINK,1765753200,2025-12-14,0.7014848471648887,0.7102345789807079,0.12132137139989337,0.11988455381526986
LINK,1765987200,2025-12-17,1.1873804959620802,1.4509089342473314,0.2020756583847283,0.16608147826047664
LINK,1766080800,2025-12-18,-0.18626777588657636,-0.21792891564855854,0.2174160332147454,0.18106342038511045
LINK,1766329200,2025-12-21,0.12416655224142562,0.1495264419831946,0.11223702874441739,0.0962552617247573
LINK,1766394000,2025-12-22,-0.006047025882699434,-0.005296799788970746,0.12684655378554974,0.12275782715366897
LINK,1766498400,2025-12-23,0.294669924342579,0.30855422191957355,0.12374654306882951,0.11865012330489337
LINK,1766588400,2025-12-24,0.4987706699527284,0.5354631750839786,0.11377813409533996,0.10637645210267373
LINK,1766678400,2025-12-25,0.7633335055828523,0.848205181510982,0.09741429029640172,0.08798462031920194
LINK,1766718000,2025-12-26,0.20189086191397057,0.24340952086980885,0.12397441903077433,0.10504937434083396
LINK,1766880000,2025-12-28,0.35276387791931724,0.3867108860172227,0.08241715596122885,0.0756800141120926
LINK,1766937600,2025-12-28,-0.10180318969330353,-0.10267764439484783,0.0780301555874903,0.07710939832498956
LINK,1766980800,2025-12-29,1.3421455194226848,1.4693754530354857,0.11881165042532331,0.10872023891957895
LINK,1767013200,2025-12-29,-0.006860275993601684,-0.005098516809724197,0.13159793552648075,0.12172085364390235
LINK,1767196800,2025-12-31,-0.36093333229763064,-0.37456679150648414,0.08596481200494528,0.08257748985147947
LINK,1767243600,2026-01-01,0.34198592965501196,0.3430596749129519,0.07710392989678182,0.07688115527345733
LINK,1767304800,2026-01-01,-1.0142857142857142,-1.0142857142857142,0.08097644710745676,0.08028232765418421
LINK,1767348000,2026-01-02,-0.45022571947246454,-0.49193873747770106,0.11519253952719441,0.10482273487544014
LINK,1767510000,2026-01-04,-0.22368657244129295,-0.23739837231799057,0.10250357611062581,0.09577308196528925
LINK,1767578400,2026-01-05,0.40335259231885084,0.4626785005089132,0.13229840059618525,0.11632135448819937
LINK,1767646800,2026-01-05,0.226849269679458,0.24874297612333585,0.16779040677058518,0.15454351498370714
LINK,1767711600,2026-01-06,0.13056824901051728,0.15191246515252374,0.16158312059571367,0.142474129872307
LINK,1767798000,2026-01-07,-0.08086070962279047,-0.08227387524268541,0.1639232439055707,0.15960964728292223
LINK,1767855600,2026-01-08,-0.010242038432441017,-0.00924921164461614,0.1558776825348923,0.1478682734991148
LINK,1767974400,2026-01-09,0.4845009403717516,0.5630964978077118,0.15035472929823765,0.13038201616733283
LINK,1768114800,2026-01-11,0.15800361102518107,0.16250154642000073,0.07656819645650971,0.07476575003008741
LINK,1768176000,2026-01-12,0.40018927390157893,0.4359535245049806,0.09995585558553176,0.09226015216903426
LINK,1768230000,2026-01-12,0.2319562312540564,0.24958021049659726,0.12063429829149099,0.11299078277545178
LINK,1768320000,2026-01-13,-1.0142857142857142,-1.0142857142857142,0.12224711917801513,0.11318920526863167
LINK,1768402800,2026-01-14,0.16037905486593484,0.18229965184040509,0.1360900763337269,0.12194315912862896
LINK,1768449600,2026-01-15,0.408701503910503,0.42268766600984353,0.15681608322340532,0.15195578193289813
LINK,1768492800,2026-01-15,0.1475984980189282,0.16482705370625525,0.1621810778060055,0.14773346840646748
LINK,1768579200,2026-01-16,0.33224439741148715,0.3917874059646582,0.12669700834145317,0.10875062436771885
LINK,1768784400,2026-01-19,-0.04530276866488324,-0.0543521348551223,0.1707659303548748,0.1108248480744805
LINK,1768924800,2026-01-20,-0.25522374311945095,-0.2659336393047731,0.11345256175991052,0.10833352804913443
LINK,1769014800,2026-01-21,0.9691684813259709,1.1557049362122687,0.1574988186640909,0.13269103548440558
LINK,1769180400,2026-01-23,0.26094997863558894,0.2911872125857381,0.09868502936295583,0.0893531085447216
LINK,1769313600,2026-01-25,-0.21774330571898237,-0.22514864988226646,0.060413691511120755,0.05813782162736082
LINK,1769360400,2026-01-25,-1.0142857142857142,-1.0142857142857142,0.08718685966614825,0.07235507964046725
LINK,1769533200,2026-01-27,0.3434182413568335,0.3711817197259421,0.09984916288138013,0.09291448310302479
LINK,1769612400,2026-01-28,-0.028571428571424157,-0.02857142857142953,0.10744519635251022,0.10186405761039564
LINK,1769781600,2026-01-30,0.29327096370881484,0.29312063539844607,0.1509168143677444,0.15098733854987856
LINK,1769850000,2026-01-31,-1.0142857142857142,-1.0142857142857142,0.14038134455742715,0.12964144798492147
LINK,1770224400,2026-02-04,0.24466067805701056,0.2501309626185573,0.1673093483718986,0.16402545209281394
LINK,1770274800,2026-02-05,-1.0142857142857142,-1.0142857142857142,0.18348089491899772,0.18605634837430535
LINK,1770325200,2026-02-05,0.48183794797881313,0.5241029822941813,0.240703146340121,0.2222956960585918
LINK,1770555600,2026-02-08,0.5579331542759879,0.5403713535759685,0.11691541818568844,0.12052429650766447
LINK,1770649200,2026-02-09,0.23401531825737773,0.24099938495089118,0.11968833845624775,0.11658744141442065
LINK,1770782400,2026-02-11,-0.5788898839742236,-0.5926831924741833,0.09864418275047852,0.09623219680820773
LINK,1770894000,2026-02-12,0.6857563026117629,0.6889439765670867,0.10399388269956951,0.10353187367645951
LINK,1770994800,2026-02-13,-0.5323532057876492,-1.0142857142857142,0.09641362742380874,0.08921467568717867
LINK,1771074000,2026-02-14,-1.0142857142857142,-1.0142857142857142,0.08590649646456414,0.08482238080799218
LINK,1771297200,2026-02-17,0.5326687099911408,0.5436749829133132,0.11199687716229847,0.10984279079016755
LINK,1771405200,2026-02-18,0.7714458452409412,0.7859841970631045,0.08928378644649541,0.08769023155776434
LINK,1771441200,2026-02-18,0.02849207077924345,0.029376143392632073,0.10013906927034741,0.09861130536806635
LINK,1771509600,2026-02-19,0.004233259717452492,0.007512792988873253,0.08709556487727896,0.079179839098608
LINK,1771606800,2026-02-20,-0.5674565406683197,-0.6315815375233663,0.10073708303886701,0.0900245509649337
LINK,1771686000,2026-02-21,0.52154680667625,0.5338159012502254,0.07790533036565751,0.0762057403937849
LINK,1771826400,2026-02-23,0.3108902587923856,0.42230589250004386,0.09258355979032375,0.06970537208188707
LINK,1771898400,2026-02-24,0.13565256843411141,0.15094670254112066,0.10438704120859245,0.09549373668617643
LINK,1771984800,2026-02-25,-0.05614020293857334,-0.06325465931510216,0.1036369197663081,0.08237822128679341
LINK,1772060400,2026-02-25,0.08201959866781319,0.08908356404679842,0.12917607008758347,0.1214203831712437
LINK,1772118000,2026-02-26,-0.16779514854409838,-0.17386463705334307,0.12313172745436292,0.11798801418162164
LINK,1772193600,2026-02-27,-0.4280739187418013,-0.43786121973639835,0.11442803696865686,0.11169173212009197
LINK,1772470800,2026-03-02,0.5308086655396834,0.5462959379042642,0.1481231522705641,0.144132625522146
LINK,1772550000,2026-03-03,0.47274626929701424,0.49647455292093073,0.11968458375819364,0.11427570558574704
LINK,1772618400,2026-03-04,-0.4811184806057107,-0.48573824376460956,0.13258289879536206,0.13124312177962066
LINK,1772654400,2026-03-04,0.4471238532655556,0.452009317755423,0.150156148601553,0.14862969849398017
LINK,1772798400,2026-03-06,-1.0142857142857142,-1.0142857142857142,0.10780356743222448,0.10763461108085717
LINK,1772820000,2026-03-06,0.25862571357116454,0.25874041724510544,0.11938041593983593,0.11933275562751568
LINK,1772913600,2026-03-07,-0.5032994361778601,-0.502178675553091,0.07222180645835936,0.07239271464746391
LINK,1772946000,2026-03-08,0.16898627370745967,0.1749817593029707,0.07231160375386159,0.07018172711954314
LINK,1772989200,2026-03-08,0.006549053825773301,0.006504193473458079,0.08135260856696543,0.08145665537980891
LINK,1773028800,2026-03-09,-0.1373399880119144,-0.14455104093640403,0.10507238017457451,0.09853948634184938
LINK,1773133200,2026-03-10,-0.055576239685370746,-0.05546281675181337,0.1058012531577098,0.10624750340061058
LINK,1773288000,2026-03-12,0.5199263198117887,0.5138024481181082,0.09376259352051076,0.09482125456055004
LINK,1773381600,2026-03-13,-1.0142857142857142,-1.0142857142857142,0.11189436918336122,0.09204008988977354
LINK,1773410400,2026-03-13,1.0486249120299915,1.1273229680419556,0.11140030417574706,0.103815712189266
LINK,1773612000,2026-03-15,-1.0142857142857142,-1.0142857142857142,0.07862155338787506,0.07620782672540395
LINK,1773648000,2026-03-16,-0.3826867224065528,-0.4430001829159981,0.12102595850349543,0.10341257069607203
LINK,1773684000,2026-03-16,-0.21813596226428614,-0.21450889935092407,0.12057710591675148,0.12292919098727083
LINK,1773853200,2026-03-18,0.16697004617458713,0.16737086486210717,0.11689153355742808,0.11665242075415323
LINK,1773907200,2026-03-19,-0.43490063021704123,-0.4485383185994578,0.0984423463487293,0.09524560376016997
LINK,1774137600,2026-03-22,-0.028571428571429528,-0.02857142857143612,0.07015512039053583,0.0509362834975001
LINK,1774216800,2026-03-22,-0.14301388720096855,-0.1512142264074269,0.07489727740973462,0.06988937567202186
LINK,1774267200,2026-03-23,0.06486931513205328,0.10499811788489737,0.12230822418150136,0.0855627029646938
LINK,1774396800,2026-03-25,-0.3595398407741623,-0.3555771613882727,0.09495942896604948,0.09611015427113019
LINK,1774530000,2026-03-26,-0.2664796730170658,-0.28678348438469614,0.08406602321244896,0.07745571730571428
LINK,1774602000,2026-03-27,-1.0142857142857142,-1.0142857142857142,0.0783124364075578,0.07202877766967762
LINK,1774742400,2026-03-29,0.4502207628476434,0.53382802479866,0.0716087582466532,0.060963278111780296
LINK,1774825200,2026-03-29,2.050333242324247,2.613973164083949,0.07421490578461266,0.05838528315265971
LINK,1774951200,2026-03-31,0.6847529269769173,0.7276103885815006,0.09212398988363421,0.08690275833622145
LINK,1775023200,2026-04-01,-0.2458469023211541,-0.25296341796053895,0.09204904564165127,0.0891297414602399
LINK,1775124000,2026-04-02,0.2835015893736951,0.272973670666175,0.091553665099148,0.09475010087600562
LINK,1775314800,2026-04-04,0.39713619249249427,0.40640872680712115,0.04698060126341297,0.04597910905290624
LINK,1775368800,2026-04-05,-0.412287934489188,-0.42268675127725075,0.044675839789209575,0.04349705823453335
LINK,1775581200,2026-04-07,1.7867627357930165,2.0000929236120486,0.0802685745548675,0.07182769567447259
LINK,1775937600,2026-04-11,1.7132532055751375,1.9599415395496478,0.06889327297796322,0.06034660166857579
LINK,1776009600,2026-04-12,0.38189943439759494,0.3731942237975752,0.06960647185713766,0.07111466199999435
LINK,1776088800,2026-04-13,-1.0142857142857142,-1.0142857142857142,0.06660821553126242,0.06173192441828269
LINK,1776121200,2026-04-13,0.1634047145917584,0.20811182483088098,0.1041796114374416,0.08450112000955254
LINK,1776283200,2026-04-15,-0.028571428571430798,-0.0285714285714266,0.08017755242924182,0.07865274876995275
LINK,1776348000,2026-04-16,-0.4728977698971147,-1.0142857142857142,0.09002392223845347,0.07464114702602688
LINK,1776445200,2026-04-17,0.18866743344088965,0.2040298372705534,0.11836871854368262,0.1105509276624274
LINK,1776513600,2026-04-18,-0.12264680821530881,-0.12255854337051024,0.09111234633201229,0.09119791143447478
LINK,1776585600,2026-04-19,0.3590706990940344,0.3700085759375589,0.08107625354820742,0.0788513499749925
LINK,1776636000,2026-04-19,0.394489508148002,0.39407148782928864,0.08104202328765765,0.08112217892516978
LINK,1776718800,2026-04-20,0.004275293083106719,0.003789247381479472,0.08698411023153343,0.08829058024934382
LINK,1776762000,2026-04-21,0.22230433443465086,0.22985468463590583,0.07972073412095917,0.07739155982257147
LINK,1776826800,2026-04-22,-0.153039856817063,-0.15827528562081564,0.09181903868840466,0.0881128108952051
LINK,1776906000,2026-04-23,-0.1825217899175027,-0.19378001721489233,0.07423543100935258,0.06917661801007195
LINK,1777039200,2026-04-24,0.058235410181051404,0.0596972463275891,0.0658275983368069,0.06473741359348435
LINK,1777204800,2026-04-26,-0.02857142857142388,-0.028571428571428734,0.044243576334651084,0.04303154374500882
LINK,1777255200,2026-04-27,1.0560045102251747,1.106805944038972,0.0632241838662886,0.060395274932926214
LINK,1777298400,2026-04-27,-0.07641466884879476,-0.07643200190821392,0.05971884096016269,0.05969721334171363
LINK,1777482000,2026-04-29,0.04948592498663934,0.05443981095056967,0.07320624456008692,0.068837494141632
LINK,1777608000,2026-05-01,-0.13088545220922465,-0.1375096985795057,0.055850464199459396,0.05245434606095616
LINK,1777669200,2026-05-01,-0.028571428571429785,-0.028571428571428855,0.059891440160588456,0.056036935557556844
LINK,1777860000,2026-05-04,-1.0142857142857142,-1.0142857142857142,0.06046026117533364,0.05280335818882083
LINK,1777978800,2026-05-05,-0.24565663524201392,-0.25469454026920324,0.09212972319366457,0.08844739420856194
LINK,1778040000,2026-05-06,-1.0142857142857142,-1.0142857142857142,0.08085108100857588,0.08091654877846634
LINK,1778072400,2026-05-06,-0.3425659054659616,-0.3843773593910332,0.090993411266357,0.08030059674838444
LINK,1778166000,2026-05-07,-0.028571428571433036,-0.02857142857143295,0.09843986952086563,0.09293524409939377
LINK,1778209200,2026-05-08,0.3844992283354402,0.3880925806435003,0.08991889528292242,0.0891434256893011
LINK,1778428800,2026-05-10,-0.2142322494893556,-1.0142857142857142,0.07694522848215528,0.07517178451924404
LINK,1778511600,2026-05-11,0.4046707832486308,0.4291311703916608,0.11211148693794025,0.10612006285624338
LINK,1778551200,2026-05-12,-0.3243727078750515,-0.34591212926819354,0.10624893679486894,0.09903731654832046
LINK,1778583600,2026-05-12,0.09367586514198607,0.09433448788351224,0.0934873164175255,0.09298634075733518
LINK,1778666400,2026-05-13,1.4443361643794834,1.521814495085371,0.09698988825967994,0.09214295658734763
LINK,1778853600,2026-05-15,0.09516957655970648,0.11040723701631526,0.11544850690823752,0.10279069974733276
LINK,1778907600,2026-05-16,-1.0142857142857142,-1.0142857142857142,0.08470000499484247,0.07890769768675343
LINK,1779130800,2026-05-18,1.1036815434255327,1.1489217509227143,0.0933663132964336,0.08977910662692859
LINK,1779386400,2026-05-21,0.11587751413436474,0.13337065219003413,0.08900821713405864,0.07939346460590928
LINK,1779426000,2026-05-22,-0.45315869793225333,-0.4542058550886871,0.0726756195577771,0.07249682106222154
LINK,1779480000,2026-05-22,-0.04383912251872068,-0.04558411735521293,0.11228190191680598,0.10076512514117564
LINK,1779523200,2026-05-23,0.7257436815699985,0.8497400150475798,0.09734469115275157,0.0836019750875785
LINK,1779724800,2026-05-25,0.8465777077364639,0.8599768207408878,0.06855974314632796,0.0675258772345071
LINK,1779807600,2026-05-26,0.8951777360628679,0.9750700762085374,0.08845938794070342,0.08141780239768062
LINK,1779904800,2026-05-27,-0.48903430384405205,-0.5057325491661436,0.08935108420738054,0.08622424453102527
LINK,1779944400,2026-05-28,-0.15852894581838023,-0.17584012058593196,0.09453638809033624,0.08342380255882371
LINK,1780070400,2026-05-29,-0.06718844139621008,-0.07410007514466918,0.08878396276087834,0.07530580605017659
LINK,1780297200,2026-06-01,-0.30723189543239715,-0.309634215167434,0.08099975151010787,0.0803074247031931
LINK,1780369200,2026-06-02,-0.12062941436435606,-0.12801450053182348,0.09310901707874213,0.08619432608479924
LINK,1780412400,2026-06-02,-1.0142857142857142,-1.0142857142857142,0.09430425461259355,0.08032765881356231
LINK,1780520400,2026-06-03,-0.09391846185842073,-0.0959758139561117,0.12242330826045682,0.1186866396651074
LINK,1780628400,2026-06-05,-0.5421051633726579,-1.0142857142857142,0.13408494552708422,0.13116840287532142
LINK,1780689600,2026-06-05,-0.15678039070178193,-0.15906149005614867,0.18496589723715914,0.1817325047169406
LINK,1780873200,2026-06-07,-0.17447340278993576,-0.20451568235747972,0.11553745552405571,0.09580956748744462
LINK,1780930800,2026-06-08,0.07035159349774323,0.07064689571201312,0.10686520033765626,0.10654713882516824
LINK,1781017200,2026-06-09,0.10101017292412368,0.11170497458166875,0.09040084069872963,0.083508597675555
LINK,1781085600,2026-06-10,0.005502819846603672,0.005791246357901464,0.0838505026461838,0.08314669515742872
LINK,1781128800,2026-06-10,0.5970844590573997,0.6069517537871959,0.09818267939806227,0.09665827012099013
LINK,1781200800,2026-06-11,-0.04081020203695558,-0.04267648227450731,0.09338003894560477,0.08102465732603588
LINK,1781280000,2026-06-12,0.298056362750645,0.3342845137132714,0.08659922712401169,0.07795301382585883
LINK,1781355600,2026-06-13,-0.08985316149550873,-0.0897734159289509,0.05594769052661553,0.0560205897978936
LINK,1781474400,2026-06-14,-0.31124899608722,-0.41561522217671654,0.06569827501572549,0.04798275770924282
LINK,1781622000,2026-06-16,0.333207994561044,0.3646681917302968,0.09950814694847351,0.09154723517527907
LINK,1781701200,2026-06-17,-0.2302916449703681,-0.23406373940474107,0.08073417021081124,0.0792521833039506
LINK,1781798400,2026-06-18,0.5997455185273506,0.6777739921715984,0.10549725674563615,0.09384319957222356
LINK,1781874000,2026-06-19,0.40363915571291986,0.4135370400772582,0.07668219693817731,0.07496544285649863
LINK,1782086400,2026-06-22,0.49441164023528283,0.5246135098246548,0.049714802544801186,0.04700055658670897
LINK,1782136800,2026-06-22,0.7687211273822783,0.8123394575598,0.06629579376157134,0.06285700866630761
LINK,1782198000,2026-06-23,-0.2815079439246177,-0.3212384012775788,0.07342327993052408,0.06345583992517975
LINK,1782309600,2026-06-24,-1.0142857142857142,-1.0142857142857142,0.07014546515645241,0.06523357786079488
LINK,1782396000,2026-06-25,0.31302619635177437,0.45530714342326045,0.09953230795338176,0.07026556241133418
LINK,1782572400,2026-06-27,0.6070200242236797,0.5981340966353963,0.05394300715489148,0.054707853859113934
LINK,1782669600,2026-06-28,0.38794456754248063,0.3947473750052764,0.056248911559603154,0.05534498167957259
LINK,1782705600,2026-06-29,0.1327789170677621,0.13176362728040528,0.07083078367943504,0.07127930550093002
LINK,1782756000,2026-06-29,0.5466433784022173,0.5928112094710113,0.08444050462987089,0.0781666972937071
LINK,1782824400,2026-06-30,0.06183235322022166,0.07171869061635444,0.06004805685100944,0.05412867660877936
LINK,1782871200,2026-07-01,0.4301156742891541,0.49363342663798415,0.06353537511979053,0.05580732705208206
LINK,1782943200,2026-07-01,0.19577765742464212,0.20276504267726864,0.06749685239690469,0.06545814873512809
LINK,1783108800,2026-07-03,-0.15931707521682087,-0.1617979962056562,0.06118750570485509,0.060048083066767045
LINK,1783195200,2026-07-04,0.6759012895283619,0.7158341152807199,0.055968911805305555,0.052966520405713625
LINK,1783342800,2026-07-06,1.1277084665205739,1.2200309516782277,0.06424544316737736,0.05949509264179105
LINK,1783375200,2026-07-06,0.7852805258967233,0.8732784767120023,0.0775851883087514,0.07001481817865533
LINK,1783623600,2026-07-09,-0.5947569660677003,-0.5929482960241491,0.061564876791598375,0.0617621750063367
LINK,1783753200,2026-07-11,-0.30550183010490123,-0.30201046220213756,0.04436390594056921,0.04493036024368985
LINK,1783904400,2026-07-13,0.5897459576706986,0.6844792084369908,0.056836275228229184,0.04928521947655455
LINK,1783954800,2026-07-13,0.13290782148353494,0.14569493676623504,0.06192746124716579,0.05738341980464005
LINK,1784034000,2026-07-14,-0.4113001838068969,-1.0142857142857142,0.07017278552958246,0.05595530749339651
LINK,1784098800,2026-07-15,-1.0142857142857142,-1.0142857142857142,0.06311106305871458,0.06411960637092334
LINK,1784124000,2026-07-15,0.21724234688974303,0.2352028330092729,0.07903776504031036,0.07365605465879585
LINK,1784502000,2026-07-19,0.1718533826492538,0.18775612497354444,0.04704293530899335,0.04358469956353126
LINK,1784563200,2026-07-20,-0.2931594569119224,-0.3273989489735542,0.08314813084320298,0.07362106398498791
LINK,1784707200,2026-07-22,0.5647794998933768,0.5614712136642415,0.05393098496162143,0.054233368420207644
LINK,1784786400,2026-07-23,-0.5391741930006859,-0.5346856512809872,0.056515837491397374,0.05701705575996635
LINK,1784905200,2026-07-24,-0.29958133191328,-0.32639397304669726,0.06220120611562841,0.05660129889375369
LINK,1784970000,2026-07-25,0.8605395051480561,0.8551771179696855,0.04016853731050176,0.04041227094977107
LINK,1785081600,2026-07-26,-1.0142857142857142,-1.0142857142857142,0.04176769381710982,0.03636520872611826
LINK,1785110400,2026-07-27,-0.22063024893130054,-0.26131750801500087,0.05653030064851738,0.04664801608301881
LINK,1785247200,2026-07-28,0.7203216012647911,0.8153740053520017,0.06371308559878133,0.0565371691063799
LINK,1785358800,2026-07-29,0.3279540160638649,0.32552768835787077,0.08013853990324814,0.08068765835734412
LINK,1785420000,2026-07-30,0.13794414405011865,0.1476968407847004,0.06863364938572943,0.06483623780001628
LINK,1785517200,2026-07-31,0.18546410851076917,0.20848311948245923,0.06674459055006297,0.06026340520776015
LINK,1785610800,2026-08-01,1.6405029896344323,1.997107095330895,0.04895784443339755,0.04033921708212047
LINK,1785711600,2026-08-02,1.0584380132519697,1.1295428809039716,0.052831713524252484,0.04958799917996416
LINK,1785805200,2026-08-04,-0.03973539485855758,-0.04018599022731639,0.05118508572416865,0.04919932308756624
LINK,1785895200,2026-08-05,0.1409945517350512,0.14530967407695503,0.058974093635562205,0.05751056237675921
LINK,1786010400,2026-08-06,0.9229832569118213,1.0248124622802643,0.05494767151418175,0.04963595393834954
LINK,1786186800,2026-08-08,0.03806238605968887,0.03960045795946652,0.04716609967859788,0.0461019535000285
LINK,1786316400,2026-08-09,-0.27885744765411224,-0.3481419675821504,0.044520493728322466,0.03486822401511651
LINK,1786413600,2026-08-11,-1.0142857142857142,-1.0142857142857142,0.062154061748878685,0.05601206649879247
LINK,1786456800,2026-08-11,-1.0142857142857142,-1.0142857142857142,0.07146810242472161,0.060273341072777084
LINK,1786662000,2026-08-13,0.5343380780719332,0.5360866403053444,0.06344587414636332,0.06324940292685276
LINK,1786730400,2026-08-14,-1.0142857142857142,-1.0142857142857142,0.06805032898084147,0.06666958505629078
LINK,1786780800,2026-08-15,-1.0142857142857142,-1.0142857142857142,0.08517819118305565,0.07173035973559841
LINK,1787112000,2026-08-19,-0.4792853762685363,-0.5503502534053419,0.0754358727386206,0.0651617091031299
LINK,1787155200,2026-08-19,-1.0142857142857142,-1.0142857142857142,0.11167173760676795,0.09433879434575011
LINK,1787176800,2026-08-19,0.46885965509923844,0.5109685008091348,0.16082629860936778,0.148274475425473
LINK,1787277600,2026-08-21,-1.0142857142857142,-1.0142857142857142,0.13469133451398133,0.12943682178428761
LINK,1787374800,2026-08-22,0.07778829870137215,0.08472695206853491,0.2149041130814149,0.20174289101075457
LINK,1787572800,2026-08-24,0.20354282924075226,0.21420712066168454,0.1674052392274173,0.1600517960910648
LINK,1787626800,2026-08-25,0.4391102769762998,0.4564040794815987,0.15578360665576113,0.15022849947543507
LINK,1787691600,2026-08-25,0.16980805907050675,0.17804062869615886,0.1469045892257713,0.14105109608929225
LINK,1787760000,2026-08-26,0.6846563213759238,0.7033928504250824,0.14181004195409164,0.13818004518132945
LINK,1787839200,2026-08-27,-0.048437182879988,-0.05009708957818757,0.14382252054287367,0.1327319452000178
LINK,1788098400,2026-08-30,-1.0142857142857142,-1.0142857142857142,0.06946209628612333,0.06588225753890208
LINK,1788134400,2026-08-31,0.5915355069769339,0.7408600403628076,0.12716700674764914,0.10248754572823764
LINK,1788242400,2026-09-01,0.11177841230636651,0.11110116291770596,0.1099293831191819,0.11046241258988809
LINK,1788343200,2026-09-02,0.138727465844618,0.14173597060090856,0.11954651625051037,0.11743470980824192
LINK,1788436800,2026-09-03,-1.0142857142857142,-1.0142857142857142,0.10751524061536966,0.10470872066270577
LINK,1788451200,2026-09-03,-0.0058572855990519064,-0.004915189081619623,0.13836564939649024,0.13285531473468173
LINK,1788512400,2026-09-04,1.0184054652289956,1.0705835433640634,0.12553149186654758,0.11957237585628192
LINK,1788631200,2026-09-05,-0.22249994193694245,-0.25216367825033,0.10313078594226285,0.08944853870705226
AVAX,1708167600,2024-02-17,0.10836020297808786,0.10570417069605152,0.4173094010217481,0.4255639703311137
AVAX,1708254000,2024-02-18,0.18900739336151456,0.18663542663289426,0.4202089643483261,0.4248404231443512
AVAX,1708297200,2024-02-18,0.06730117017487948,0.07049926311790429,0.3874189041348718,0.3749126659914001
AVAX,1708423200,2024-02-20,-0.3712027005627538,-1.0142857142857142,0.4753131315499563,0.4311064493614916
AVAX,1708509600,2024-02-21,-0.37933918686225704,-0.40706292736415156,0.49686925370493346,0.46047458091300536
AVAX,1708657200,2024-02-23,0.12487882057786985,0.12929103320756352,0.48410292389580356,0.4705723795800959
AVAX,1708700400,2024-02-23,-0.10602987676432003,-0.10921638979652912,0.4426336324261775,0.42514391184357614
AVAX,1708941600,2024-02-26,1.9158348260240432,2.12430274682875,0.3453129045649253,0.31187543568530407
AVAX,1709002800,2024-02-27,0.07969780292310374,0.0814212967300185,0.4486170992530056,0.4415876453493907
AVAX,1709118000,2024-02-28,0.9701889126212869,-1.0142857142857142,0.409078546394339,0.3705461268862109
AVAX,1709348400,2024-03-02,0.433026615628633,0.42000151128036467,0.6746748071003379,0.6942651768772867
AVAX,1709431200,2024-03-03,0.5137164560812336,0.5494235268326448,0.6322419374660078,0.593183624963393
AVAX,1709575200,2024-03-04,-0.0063120866603528815,-0.0050929857103887595,0.7701421367864759,0.7301530703854356
AVAX,1709618400,2024-03-05,0.5716166948050351,0.6379523409741822,0.8283117205753598,0.7458741606196184
AVAX,1709654400,2024-03-05,1.7908147457352641,2.221413102413081,0.9375218465449074,0.7581004501252847
AVAX,1709762400,2024-03-06,-0.23289673359370103,-0.2375491648810948,0.922898064685981,0.9023517619695182
AVAX,1709823600,2024-03-07,0.20214005027997864,0.21641480682561884,0.8421155083091784,0.7930474704868077
AVAX,1710057600,2024-03-10,0.9359056252773439,1.004364022069479,0.40288302041072094,0.3761817142884687
AVAX,1710111600,2024-03-10,0.9524834195706271,1.0303909466407362,0.5009185494157133,0.4640661301399992
AVAX,1710147600,2024-03-11,-1.0142857142857142,-1.0142857142857142,0.711094485910124,0.6357940617493646
AVAX,1710252000,2024-03-12,-1.0142857142857142,-1.0142857142857142,1.289650669731819,1.181931490480421
AVAX,1710381600,2024-03-14,-0.02474744355486733,-0.02448992689967773,1.494327433171969,1.4000449280313505
AVAX,1710442800,2024-03-14,0.3282994081351746,0.3318644342552514,1.5772012867498302,1.5616013857305864
AVAX,1710493200,2024-03-15,0.7657350144342758,0.822544513828209,2.0934705459076857,1.9537375109775077
AVAX,1710572400,2024-03-16,0.1514909393992459,0.15870122066147102,1.9993072625737638,1.9223308981563612
AVAX,1710734400,2024-03-18,-0.4036888840443374,-0.39509174348160664,1.8127655487072116,1.8552859755308435
AVAX,1711044000,2024-03-21,-0.07371178311703505,-0.07686104863797431,1.4557769068449797,1.3608366689099785
AVAX,1711098000,2024-03-22,0.6601196089317988,0.6635737714833734,1.2114078285530236,1.2053622769032557
AVAX,1711303200,2024-03-24,1.3226398264566936,1.33959144327463,0.706244645857285,0.6974942340001531
AVAX,1711364400,2024-03-25,-0.021027975909454155,-0.02074794597714324,0.7575159506324451,0.7304017929887872
AVAX,1711440000,2024-03-26,1.215708321708318,1.351252919239059,0.8036777901233004,0.7247299278250928
AVAX,1711537200,2024-03-27,-1.0142857142857142,-1.0142857142857142,0.7124509137375125,0.6757163686403976
AVAX,1711918800,2024-03-31,2.0291295690634104,2.0724622668668036,0.4179421602013616,0.40932232637069704
AVAX,1711951200,2024-04-01,0.019598678101301975,0.03738787430365715,0.6524496954532244,0.47648428741116433
AVAX,1711994400,2024-04-01,-1.0142857142857142,-1.0142857142857142,0.7977214183732461,0.7990846044019577
AVAX,1712026800,2024-04-02,-0.4114028191264525,-0.5232959319692485,0.8806562509256921,0.6814759625353609
AVAX,1712066400,2024-04-02,0.34851240936428085,0.3498608719840826,0.8410407056399134,0.8380438368429836
AVAX,1712106000,2024-04-03,0.6045435070655893,0.6643540329203605,0.8529257005391493,0.7793046005806221
AVAX,1712181600,2024-04-03,0.5391567587005881,0.5467319272594912,0.7599209993458745,0.7499149223724803
AVAX,1712296800,2024-04-05,0.2123389197836506,0.22427489969612766,0.6878670295642066,0.6553952626076072
AVAX,1712419200,2024-04-06,-0.023938539407557226,-0.023527531970617452,0.6167086576173687,0.5664554774340892
AVAX,1712534400,2024-04-08,-0.5693968138450415,-0.642587822470714,0.5177271770598294,0.4560138829875085
AVAX,1712653200,2024-04-09,-0.38622637419676276,-0.40487192250563714,0.5352325580004819,0.5087119855389803
AVAX,1712790000,2024-04-10,0.24043992604381983,0.23923561304582966,0.7328421412725018,0.736137690601156
AVAX,1712941200,2024-04-12,-1.0142857142857142,-1.0142857142857142,0.5081303618375727,0.47183269736354
AVAX,1712948400,2024-04-12,-0.18088518771749118,-0.2574654578193695,1.0879797507681113,0.723978193134889
AVAX,1713031200,2024-04-13,-1.0142857142857142,-1.0142857142857142,0.9161782533779487,0.8335765805608683
AVAX,1713135600,2024-04-14,-0.15979533554321307,-0.17071567093553805,1.1757439467100192,1.0854165579954052
AVAX,1713211200,2024-04-15,-0.06395149856159456,-0.06515833314089756,1.049824298063278,1.0151953979142994
AVAX,1713369600,2024-04-17,0.2900738792278119,0.3004734510961321,0.744222027873911,0.7207006454026731
AVAX,1713441600,2024-04-18,0.13199548722596202,0.1342180737879816,0.7473519647809601,0.7371482697641107
AVAX,1713495600,2024-04-19,1.2338672801725583,1.2897790663154018,0.7219586702433763,0.691340106415944
AVAX,1713672000,2024-04-21,0.6539266200947865,0.6699512671944156,0.5777096580074572,0.5644565547772616
AVAX,1713765600,2024-04-22,-0.03395036819556838,-0.033965074542892874,0.5311721374079029,0.5297238402854342
AVAX,1713830400,2024-04-23,0.7073153491850891,0.7143557620359774,0.5163837855036582,0.5114902305424013
AVAX,1713924000,2024-04-24,0.14767965714721532,0.15688110025109567,0.486319192672163,0.4621898998007906
AVAX,1713999600,2024-04-24,-0.4823837528523202,-0.49801857229981056,0.5792199303394104,0.559929155750134
AVAX,1714096800,2024-04-26,0.1889203531992904,0.20189336371916702,0.5254714148518624,0.49589229291739007
AVAX,1714179600,2024-04-27,-0.009274771474051225,-0.008269954771375395,0.4441924074297047,0.4222072080012202
AVAX,1714330800,2024-04-28,1.5488272766489504,1.5756584196303245,0.35320357199419533,0.34729615445528733
AVAX,1714374000,2024-04-29,1.259280452166339,1.3418997599551128,0.41486581048407706,0.3898554882136213
AVAX,1714435200,2024-04-30,0.8959228468101876,0.9391481003258514,0.5377457388123327,0.5137261802594351
AVAX,1714482000,2024-04-30,-0.21332091540377227,-0.22056997900220682,0.5567384495659621,0.5357183303018054
AVAX,1714561200,2024-05-01,0.22008903627369908,0.2679501073273872,0.5745068599711599,0.4817766184304801
AVAX,1714654800,2024-05-02,0.14981679050129326,0.1480548520624183,0.5285422702004571,0.5338147525235691
AVAX,1714780800,2024-05-04,0.149004012696079,0.1559835070882568,0.4022435248856803,0.3870314883384249
AVAX,1714820400,2024-05-04,-1.0142857142857142,-1.0142857142857142,0.38471768853227717,0.34277289534245237
AVAX,1714971600,2024-05-06,-1.0142857142857142,-1.0142857142857142,0.3931183496643978,0.3702812996385824
AVAX,1714996800,2024-05-06,0.268242736969059,0.27492418633228044,0.40429337252648817,0.3953928627208331
AVAX,1715054400,2024-05-07,0.01123452007615419,0.014312520044298175,0.5742142477122002,0.5329999590746771
AVAX,1715295600,2024-05-09,-0.6824634914332023,-0.7351120322537407,0.4063580226855494,0.3760778705844375
AVAX,1715378400,2024-05-10,-0.10779187990849824,-0.1052889514988298,0.4688543995390803,0.48415089181131704
AVAX,1715428800,2024-05-11,0.36035878902547414,0.3611948978691382,0.3599617454900401,0.3591895720661972
AVAX,1715511600,2024-05-12,0.5339174526460037,0.5792067992675539,0.2692116706392914,0.2491510299192368
AVAX,1715551200,2024-05-12,-1.0142857142857142,-1.0142857142857142,0.26954671482947606,0.24181953904712844
AVAX,1715670000,2024-05-14,0.08967575405223593,0.10254826076672291,0.386599364991032,0.34864546999034246
AVAX,1715727600,2024-05-14,0.8197658530121678,0.8054578755963544,0.3603687971175888,0.36655101228048015
AVAX,1715778000,2024-05-15,-0.4677676177289529,-0.5372677985327954,0.4358611849428297,0.37631204532304735
AVAX,1716004800,2024-05-18,0.3236709727403831,0.33222827919643266,0.397453570264725,0.3880269218235503
AVAX,1716087600,2024-05-19,0.9090371525974608,0.918217327184102,0.3108211435791851,0.3078073853929685
AVAX,1716123600,2024-05-19,-0.5665794489398627,-0.5956736643199962,0.32394631248500577,0.30732679806077556
AVAX,1716253200,2024-05-21,-0.32450195400057547,-0.34413251662284683,0.6468699744677208,0.6066292032729299
AVAX,1716343200,2024-05-22,0.21622326184934973,0.21355579127551613,0.5835794175583773,0.5900086035244063
AVAX,1716386400,2024-05-22,-0.010059368958650757,-0.008199684048610874,0.6173581798905653,0.5610011168052241
AVAX,1716469200,2024-05-23,-1.0142857142857142,-1.0142857142857142,0.6076740380719067,0.522879733308207
AVAX,1716692400,2024-05-26,-0.3862758133119409,-0.4046306967088981,0.2875478949796967,0.2735131176704421
AVAX,1716739200,2024-05-26,-0.0019111474949601685,0.0008208911143831902,0.32150555903162636,0.29162137126482834
AVAX,1716836400,2024-05-27,0.9587554857196227,1.041523884014013,0.3241074413835621,0.2990387830284516
AVAX,1716973200,2024-05-29,0.2188559141808171,0.22963203244800157,0.36951684648741934,0.35409506544799
AVAX,1717092000,2024-05-30,0.6124471660822725,0.593375775111644,0.4323476096548772,0.4456051180898673
AVAX,1717174800,2024-05-31,0.48207720728474923,0.49932041622089873,0.38606361262929373,0.37345312129308583
AVAX,1717351200,2024-06-02,0.0005459031584979145,0.0019464393816627744,0.29437548230490723,0.28086590402066886
AVAX,1717401600,2024-06-03,0.6645364952581329,0.6752742097637752,0.34214420148682384,0.3369245246781177
AVAX,1717495200,2024-06-04,1.1928760265653175,1.2119106492024772,0.32514117203543097,0.32015203142277177
AVAX,1717527600,2024-06-04,-0.06304901528920175,-0.06336000339182388,0.3314782882607799,0.3285150796654555
AVAX,1717606800,2024-06-05,0.19810161999328824,0.20232226515935944,0.3151171781597007,0.3093569610950623
AVAX,1717668000,2024-06-06,0.39561017140902927,0.4107330492941681,0.26942638315990136,0.26015148955681683
AVAX,1717704000,2024-06-06,-0.10456654777572293,-0.10974033208119047,0.3007711955250416,0.2815997490269681
AVAX,1717786800,2024-06-07,0.9302218922918474,1.6015184525603479,0.6704856290387257,0.39436913896478176
AVAX,1718071200,2024-06-11,0.04001341025436355,0.04869374269882239,0.3332681573430594,0.29582724636944857
AVAX,1718114400,2024-06-11,-0.04384578097773497,-0.04501527819205005,0.37410985174906125,0.3475029172682199
AVAX,1718197200,2024-06-12,-0.09015332722101621,-0.10602636346412574,0.41756240515750226,0.3319902824773103
AVAX,1718377200,2024-06-14,-1.0142857142857142,-1.0142857142857142,0.3658861862419239,0.3355697390297641
AVAX,1718398800,2024-06-14,0.08771197999267881,0.1050955667626307,0.4422692116065569,0.3847514586532153
AVAX,1718564400,2024-06-16,-0.5381636807213362,-0.5474034650482246,0.23548238713154293,0.23128872460320013
AVAX,1718607600,2024-06-17,-1.0142857142857142,-1.0142857142857142,0.27492584086026894,0.2676124440033665
AVAX,1718863200,2024-06-20,0.261517939127221,0.26941700319418493,0.36441971849207555,0.35475969683762
AVAX,1719036000,2024-06-22,0.6083724499483287,0.7602655105916317,0.5023990508295193,0.40566051627794375
AVAX,1719154800,2024-06-23,0.5302132261289701,0.5451358919111156,0.29144884614711186,0.2838679881584281
AVAX,1719208800,2024-06-24,0.21591266484397542,0.23319054823461685,0.4090245651691093,0.3820264547975022
AVAX,1719262800,2024-06-24,0.77548806055451,0.796628801461645,0.5401163970564025,0.5262791968299719
AVAX,1719327600,2024-06-25,-0.013419334679933384,-0.012798839363554136,0.37712845202824535,0.36229217910734113
AVAX,1719367200,2024-06-26,-0.29619874601909346,-0.3131996248834881,0.3095989738541727,0.29110658722757077
AVAX,1719403200,2024-06-26,-0.16713280130023603,-0.16478514415747342,0.3093007958359649,0.3146316262848851
AVAX,1719482400,2024-06-27,-1.0142857142857142,-1.0142857142857142,0.3415708623647643,0.3070763133158998
AVAX,1719511200,2024-06-27,0.03480215159636526,0.03452395920242438,0.3606730564475748,0.36226329155892645
AVAX,1719568800,2024-06-28,0.1981920775427635,0.21137690838286927,0.31499147571215086,0.29768312769000865
AVAX,1719666000,2024-06-29,-0.007077084265266277,-0.006409219631194631,0.2658506643837315,0.2578391770286341
AVAX,1719712800,2024-06-30,0.9366391385544427,0.9517330479057107,0.2249694155229238,0.22150552440930257
AVAX,1719781200,2024-06-30,-0.700278445324502,-0.7697512410352483,0.3020024174196097,0.2736949110672721
AVAX,1719979200,2024-07-03,-1.0142857142857142,-1.0142857142857142,0.30406517594108223,0.27899326639808864
AVAX,1720098000,2024-07-04,0.031434444747231276,0.03712727886227854,0.3809150936902768,0.34790856243568286
AVAX,1720141200,2024-07-05,-1.0142857142857142,-1.0142857142857142,0.4303302086199249,0.37727868620607313
AVAX,1720558800,2024-07-09,-0.7380382448778352,-0.7182525665164006,0.39868974327755113,0.4101274158373628
AVAX,1720713600,2024-07-11,0.015624833696066053,0.019662671185211054,0.3878802474087575,0.35540949720943127
AVAX,1720951200,2024-07-14,0.5428609969828873,0.5483109642814404,0.2849980777677499,0.2823056222114229
AVAX,1720998000,2024-07-14,-0.7825024543130654,-0.7870417712142858,0.26906591708119815,0.2674556030105212
AVAX,1721073600,2024-07-15,-0.4152993324021853,-0.42026115382039847,0.31768367795593166,0.31365934549100327
AVAX,1721156400,2024-07-16,-0.4861617359052151,-0.5270269661835463,0.4308283064200759,0.3955074069139279
AVAX,1721314800,2024-07-18,-0.09001932072400332,-0.09546611445325598,0.3254790245748521,0.2989774110806099
AVAX,1721527200,2024-07-21,0.07550175300875307,0.08102996028321652,0.3019853044884376,0.286753404833702
AVAX,1721584800,2024-07-21,-1.0142857142857142,-1.0142857142857142,0.4008312637357677,0.3108952071000575
AVAX,1721613600,2024-07-22,-0.10535946551290097,-0.10904744222136839,0.5953308293208478,0.5680485854224514
AVAX,1721800800,2024-07-24,0.8583939384000757,0.8458534305556056,0.4670821767260999,0.47378080570503045
AVAX,1721865600,2024-07-25,-0.6301356305807304,-0.6133639029148726,0.4464551375802697,0.4592593789325984
AVAX,1721934000,2024-07-25,0.7617081593728602,0.8095691246238595,0.45915034171769914,0.43293113723444515
AVAX,1722085200,2024-07-27,0.42127210972033,0.421444140523579,0.29851649041276,0.29840237429066463
AVAX,1722297600,2024-07-30,-0.037957599561381956,-0.038042808722016236,0.30439919112940605,0.3016606673701296
AVAX,1722348000,2024-07-30,-0.3851654406947181,-0.3995786871970587,0.27241864372436597,0.26183546247239414
AVAX,1722456000,2024-07-31,-0.6277096984582563,-0.7332558432473769,0.35288777575251323,0.3000329892719374
AVAX,1722528000,2024-08-01,0.8544708193322805,0.8877207418519198,0.33973459447968785,0.3274064863627408
AVAX,1722610800,2024-08-02,-0.30383628815064917,-0.35834421492841606,0.42556415418199445,0.3552229352729171
AVAX,1722704400,2024-08-03,-0.2817357350382697,-0.29387725476059307,0.33857176357328606,0.3230772838481543
AVAX,1722798000,2024-08-04,-1.0142857142857142,-1.0142857142857142,0.3013252290712255,0.2952733236151658
AVAX,1723057200,2024-08-07,0.4369607244580256,0.44385426127700145,0.38665428118906287,0.38101230281899073
AVAX,1723140000,2024-08-08,-0.4763749056485878,-0.49963630989665136,0.40196204186459283,0.3821129681618692
AVAX,1723348800,2024-08-11,0.6379767800439032,0.7385298896439522,0.1886049412321437,0.1638822444038472
AVAX,1723381200,2024-08-11,-1.0142857142857142,-1.0142857142857142,0.2183535601354246,0.21053460322276493
AVAX,1723417200,2024-08-11,0.712059981575928,0.7353177844402065,0.2507512956780163,0.24311677996094075
AVAX,1723633200,2024-08-14,0.6716615584557851,0.6984923153418088,0.21625455274743643,0.20827413372800846
AVAX,1723690800,2024-08-15,0.34954329096302733,0.34533845660829704,0.23424485743500947,0.23687907723770227
AVAX,1723773600,2024-08-16,0.07389136707242741,0.0818460717451046,0.2788468574558266,0.25875815418319764
AVAX,1723824000,2024-08-16,0.5604794804064672,0.5689158161396253,0.2619225468193013,0.25822428119001695
AVAX,1723942800,2024-08-18,-0.2876241976938855,-0.2936447018506157,0.15440869493694476,0.15090167147055594
AVAX,1723986000,2024-08-18,-0.2232815170491783,-0.2297783502085077,0.17608596736698154,0.17040027254905704
AVAX,1724115600,2024-08-20,-0.7648630707778874,-0.824609785144163,0.23282699626312234,0.215352149821824
AVAX,1724176800,2024-08-20,-0.35922064060816644,-0.39292473380892545,0.2678712827586832,0.24309215066319734
AVAX,1724263200,2024-08-21,0.2826230800256266,0.2884875961389527,0.3305236436235637,0.32441007774845315
AVAX,1724349600,2024-08-22,-1.0142857142857142,-1.0142857142857142,0.3427383744906004,0.2414105571437235
AVAX,1724374800,2024-08-23,-0.18345483892753914,-0.19797334625055224,0.36894110874413916,0.33732119403214983
AVAX,1724425200,2024-08-23,0.07152311014274422,0.08435640097879633,0.39962220230838347,0.35420852556287435
AVAX,1724493600,2024-08-24,-0.6408354186236763,-0.681053318470127,0.3219899591449659,0.3021430329253478
AVAX,1724684400,2024-08-26,-0.35169220978979265,-0.3579482101985167,0.34485114516131093,0.3383012332506426
AVAX,1724958000,2024-08-29,-0.17888670131268972,-0.1974664080989604,0.3991610360397491,0.355250346504345
AVAX,1725037200,2024-08-30,0.30800979334814005,0.35671585531092703,0.34803741122209725,0.3040402890084123
AVAX,1725170400,2024-09-01,-0.02857142857142754,-0.028571428571424303,0.22585622143297107,0.20322977692781502
AVAX,1725231600,2024-09-01,0.07041564061580306,0.0845793482438934,0.34636558660873923,0.3030090932709499
AVAX,1725415200,2024-09-04,0.2933034544270416,0.3467629101460253,0.2840500339040305,0.24359234420434062
AVAX,1725631200,2024-09-06,0.9067334095545578,0.9874744621841557,0.2902033223439924,0.2671420394473764
AVAX,1725764400,2024-09-08,-1.0142857142857142,-1.0142857142857142,0.19958141586801487,0.18570306324247762
AVAX,1725796800,2024-09-08,-0.3080156735084834,-0.3581253243129064,0.23516063366804515,0.1994037593348179
AVAX,1725832800,2024-09-08,-0.325345423851593,-0.33766427476785965,0.250310726233227,0.24033462825116755
AVAX,1725915600,2024-09-09,0.44663948946404464,0.46757424667685443,0.348717336713035,0.3340032856909606
AVAX,1725998400,2024-09-10,0.8369708331905017,0.8587217394945905,0.28058380692211743,0.27370563822381866
AVAX,1726030800,2024-09-11,-0.496480086810762,-0.5136314964610612,0.2808851024965352,0.27095318730396095
AVAX,1726225200,2024-09-13,-0.8536500358508471,-1.0142857142857142,0.2112352844299245,0.19133030630914954
AVAX,1726268400,2024-09-13,-0.1334249259807891,-0.13698741356418853,0.2452401336113159,0.2371816823506478
AVAX,1726351200,2024-09-14,0.21905289323405866,0.24457905813466188,0.20768788402364344,0.1882792597177698
AVAX,1726398000,2024-09-15,-0.3977972208333625,-0.39390575959282326,0.18571678904485314,0.18769500358676489
AVAX,1726444800,2024-09-16,0.482559220671179,0.503589102748231,0.21800408876612157,0.20938901867120796
AVAX,1726498800,2024-09-16,0.19836420290926224,0.21220720287185377,0.25180204963855496,0.23732528422613627
AVAX,1726585200,2024-09-17,0.4638938057650961,0.5313959822423899,0.27268059737583267,0.2398098740970506
AVAX,1726657200,2024-09-18,0.27551859064250617,0.2792327021664848,0.21610142248060807,0.213493839594501
AVAX,1726707600,2024-09-19,-0.34808048163558264,-0.42456455451705455,0.38451850324401826,0.3102506958012503
AVAX,1726794000,2024-09-20,-1.0142857142857142,-1.0142857142857142,0.3327575078892379,0.33296962388071794
AVAX,1726808400,2024-09-20,0.2809596655359238,0.28546575759964077,0.3876831836428711,0.38212035161539953
AVAX,1726927200,2024-09-21,0.036465077178255645,0.037750460359148974,0.26358822549350874,0.2584796274545477
AVAX,1727002800,2024-09-22,0.11241421404063943,0.11309875175757499,0.26345134479444765,0.26217837131709737
AVAX,1727064000,2024-09-23,0.5290509334621945,0.5652967204153332,0.37916085477185824,0.3560193820620012
AVAX,1727218800,2024-09-24,0.45180296406088366,0.49894173366727784,0.33307354108375037,0.30330996732096205
AVAX,1727341200,2024-09-26,-1.0142857142857142,-1.0142857142857142,0.28788136838446476,0.27310301210634663
AVAX,1727409600,2024-09-27,-0.6275112007070301,-0.6454266442180698,0.33392339147369093,0.324225190817821
AVAX,1727449200,2024-09-27,0.06644207796233348,0.07650244994700751,0.3608509520015571,0.32630102523244586
AVAX,1727586000,2024-09-29,-0.45709676128851856,-0.44900881797414594,0.24002581645517065,0.24464318695172224
AVAX,1727668800,2024-09-30,0.19376545520848173,0.2014050899618998,0.321262807206011,0.31059071545262723
AVAX,1727798400,2024-10-01,-0.4187995378212079,-1.0142857142857142,0.4466252178008953,0.39098100378557976
AVAX,1727949600,2024-10-03,-0.4103049035070942,-0.43443367472770694,0.3892019912491752,0.36606368288372704
AVAX,1728219600,2024-10-06,-0.17988590095061724,-0.18400330190700295,0.2454679751304805,0.23896551167897914
AVAX,1728313200,2024-10-07,0.8729338845596668,0.9574287910628604,0.3169302294203303,0.2897710162988173
AVAX,1728345600,2024-10-08,-0.08643052414860189,-0.08610191676753803,0.3456673458250577,0.3476417570423701
AVAX,1728478800,2024-10-09,-0.08769105829389731,-0.09135577573200328,0.2899689531773521,0.2730434880371483
AVAX,1728572400,2024-10-10,0.2735705794597535,0.2741399153690221,0.30260132321334393,0.3020321942297551
AVAX,1728637200,2024-10-11,-0.6867391774614143,-0.7296688317626979,0.2561222862343652,0.2404393851754702
AVAX,1728694800,2024-10-12,-1.0142857142857142,-1.0142857142857142,0.262411936795137,0.24644362424091684
AVAX,1728756000,2024-10-12,-0.01949423808000353,-0.01865781007005295,0.3147607026471526,0.28820383362001045
AVAX,1728835200,2024-10-13,0.25959759274818783,0.26902991166069373,0.2974444835248851,0.2880171361037226
AVAX,1728882000,2024-10-14,-0.005623139392207784,-0.003009421512599861,0.3735105699814027,0.33531907536458744
AVAX,1729004400,2024-10-15,-0.07981763669449632,-0.08864171078180152,0.5017792858455467,0.4280700001413578
AVAX,1729062000,2024-10-16,-0.007734264545029339,-0.007661351004844216,0.41135293462058276,0.4099185449760122
AVAX,1729162800,2024-10-17,-0.11360636185791059,-0.11762987701431914,0.3023967294435931,0.28873493940079253
AVAX,1729270800,2024-10-18,-0.25767195234811946,-0.2646642368254698,0.274364902449597,0.2662391257149507
AVAX,1729306800,2024-10-19,0.6417420885973112,0.6519167909818646,0.2344318786925171,0.23092663859194143
AVAX,1729458000,2024-10-20,-1.0142857142857142,-1.0142857142857142,0.2107510119954878,0.19850108984129472
AVAX,1729519200,2024-10-21,0.19163142421924792,0.21061694183908927,0.28545108321959306,0.26279347423648497
AVAX,1729591200,2024-10-22,0.23014484775061547,0.2378584136680118,0.27608843341444,0.26809523598478135
AVAX,1729656000,2024-10-23,-0.6764364811190551,-0.6725913917637238,0.2601952797246085,0.26174876278034775
AVAX,1729688400,2024-10-23,-1.0142857142857142,-1.0142857142857142,0.26504102615782166,0.2638903358622694
AVAX,1729807200,2024-10-24,1.1556635624089118,1.1986246038728314,0.22678896554905714,0.21884965520667707
AVAX,1729875600,2024-10-25,-1.0142857142857142,-1.0142857142857142,0.29037699865077765,0.2788675370085296
AVAX,1729900800,2024-10-26,0.28243648078493133,0.37666358762460495,0.4225891608369959,0.3243267885936879
AVAX,1730037600,2024-10-27,-0.19441790163553266,-0.19930350021406404,0.1895040084236415,0.1840812398408446
AVAX,1730106000,2024-10-28,0.5058130192988324,0.5068111725528971,0.22455743328281688,0.224138774304572
AVAX,1730170800,2024-10-29,-0.028571428571429455,-0.0285714285714302,0.28955705219892097,0.2649075946757611
AVAX,1730221200,2024-10-29,0.41240305233424335,0.4244441191238917,0.2526871196712343,0.24597074426132925
AVAX,1730278800,2024-10-30,-0.16113956484089914,-0.171852003448771,0.2586271124459587,0.23929073648026336
AVAX,1730340000,2024-10-31,-0.21899354601720014,-0.2196014764381378,0.24006815136537105,0.23930416300886112
AVAX,1730397600,2024-10-31,-0.1900495435687019,-0.19113587331619977,0.2300179014567027,0.22848081695337213
AVAX,1730552400,2024-11-02,-0.2812636152411606,-0.32168940070183216,0.21482941360852076,0.18520090696302252
AVAX,1730599200,2024-11-03,-1.0142857142857142,-1.0142857142857142,0.1940256879139128,0.1920276639072908
AVAX,1730646000,2024-11-03,0.7903804078670619,0.807171500876242,0.2616585063385566,0.25640146836459954
AVAX,1730757600,2024-11-04,0.6736441835993584,0.7348857244616049,0.3132940882927747,0.2881628643152961
AVAX,1730818800,2024-11-05,-0.08002050926631696,-0.08931520178314771,0.27766704657820984,0.23517989631499533
AVAX,1730880000,2024-11-06,-0.4336954274775188,-0.4712654661158366,0.42315086712083366,0.38723939536089774
AVAX,1730934000,2024-11-06,0.2107779798077647,0.22840312135400737,0.3700507520415845,0.344670040660168
AVAX,1731063600,2024-11-08,-0.2855450401530808,-0.288827049708819,0.3780265862512096,0.37325940057822565
AVAX,1731114000,2024-11-09,0.018054772002482112,0.022158226805202266,0.42894337848300446,0.3942467152893895
AVAX,1731196800,2024-11-10,-1.0142857142857142,-1.0142857142857142,0.4074632835289419,0.3726527668773221
AVAX,1731247200,2024-11-10,0.29046429953692543,0.28941511965996597,0.5015112286911699,0.5031659385904909
AVAX,1731344400,2024-11-11,-1.0142857142857142,-1.0142857142857142,0.7157655090488996,0.6639013174372764
AVAX,1731394800,2024-11-12,0.9561039358414728,1.0380801488317675,0.9604325647754532,0.8866196851427958
AVAX,1731470400,2024-11-13,-0.11132982388263271,-0.11085526948653666,1.0702410098499893,1.0764133952230657
AVAX,1731596400,2024-11-14,-0.1755064719689997,-0.18264875116182663,0.8361323481201212,0.7973732979755154
AVAX,1731628800,2024-11-15,0.2740514883523118,0.28440108696979244,0.7553011215902989,0.7303242847895526
AVAX,1731733200,2024-11-16,-0.19840410437816766,-0.1979033072979009,0.5719915598185779,0.573683218266161
AVAX,1731819600,2024-11-17,-0.2586151731366007,-0.2902520149357616,0.8321398688341065,0.7315352433598069
AVAX,1731938400,2024-11-18,0.36255222723086633,0.36471039783974546,0.6720563662096998,0.6683683943796768
AVAX,1732028400,2024-11-19,0.03426876407594235,0.03475444120742363,0.6365352860144957,0.6316533849386881
AVAX,1732075200,2024-11-20,0.6141451436988616,0.6093892525492146,0.6090220609154631,0.613562219447422
AVAX,1732129200,2024-11-20,-0.004242699977706495,-0.004465422750318861,0.7046343205654241,0.7111446529166107
AVAX,1732197600,2024-11-21,-0.0679771072970034,-0.0692054769002115,0.7250586589411194,0.7031400942442826
AVAX,1732280400,2024-11-22,-1.0142857142857142,-1.0142857142857142,0.6835935562049771,0.6115622912976678
AVAX,1732309200,2024-11-22,-1.0142857142857142,-1.0142857142857142,0.93840507442619,0.9152054647666666
AVAX,1732518000,2024-11-25,-1.0142857142857142,-1.0142857142857142,0.978819397036897,0.9487285814243508
AVAX,1732532400,2024-11-25,0.7768583325713587,0.8286863542757427,1.1422473372409976,1.0731894401056898
AVAX,1732896000,2024-11-29,0.2082474083393509,0.21666959455007234,0.6152985447233725,0.5941676635482473
AVAX,1733112000,2024-12-02,0.1705172008502285,0.21916002965134856,0.875417721202892,0.7035267766800376
AVAX,1733176800,2024-12-02,-0.08046326646944799,-0.0888495572207315,1.54166827078321,1.3271812146896107
AVAX,1733234400,2024-12-03,0.23033526694509118,0.28225835456955933,1.544958113972291,1.2868779688932361
AVAX,1733295600,2024-12-04,-0.2522454286777421,-0.2655236992180657,1.2901429242302132,1.2178462260940754
AVAX,1733439600,2024-12-05,0.6898334012412948,0.7928666717603144,1.2050507593886353,1.0539008178031455
AVAX,1733598000,2024-12-07,0.4259099056740133,0.4491407085219795,0.722959126840586,0.6878021365975542
AVAX,1733637600,2024-12-08,0.0625752521546587,0.06466961966476494,0.6269329468461999,0.6128508658343691
AVAX,1733684400,2024-12-08,0.47773172119680124,0.49410454323847763,0.767467926575813,0.7434269978508751
AVAX,1733734800,2024-12-09,-0.5515890276266149,-0.5680130847939028,0.8740487088172035,0.8474370710339116
AVAX,1733781600,2024-12-09,0.7625666290630548,0.9961622904255446,1.4734650601941628,1.137577757132175
AVAX,1733925600,2024-12-11,-0.5074791598347002,-0.5159700570731101,0.9784169224736076,0.9613720703561925
AVAX,1734026400,2024-12-12,0.3236148205524018,0.3458302736977868,1.0951997321697435,1.030215096182801
AVAX,1734303600,2024-12-15,0.6168084997224347,0.6483634974698675,0.7658833078252273,0.7301820238117834
AVAX,1734397200,2024-12-17,0.6572197851459568,0.6597899502876017,0.7915778621813224,0.7886223131183474
AVAX,1734480000,2024-12-18,-0.5957729580932409,-0.6219965612961674,0.8764836328314942,0.8377516045877629
AVAX,1734577200,2024-12-19,0.7064845522329403,0.7439570522188337,1.1039003730581556,1.050354247908783
AVAX,1734631200,2024-12-19,-0.06456191829173814,-0.06971175610172016,1.111404715824897,0.9722820016575812
AVAX,1734703200,2024-12-20,0.5212783580607355,0.5813908751332609,1.2055240521545874,1.0867182100126327
AVAX,1734897600,2024-12-22,0.43215350706316913,0.4549355087311787,0.7317660301552367,0.6972864940133318
AVAX,1735005600,2024-12-24,-0.21450096689209272,-0.22671243365296742,0.8605410492874795,0.8075057453865166
AVAX,1735491600,2024-12-29,0.3321102064203694,0.33282433555647173,0.3802324372461508,0.3794810862650854
AVAX,1735578000,2024-12-30,-0.1204925441796207,-0.12355669710047716,0.5284033842502731,0.5113574907310633
AVAX,1735657200,2024-12-31,0.7603103859604987,0.764176027748537,0.536020903344108,0.5334071266782702
AVAX,1735761600,2025-01-01,-1.0142857142857142,-1.0142857142857142,0.46585483688980567,0.4439975166505599
AVAX,1735794000,2025-01-02,-0.514288260617796,-0.5402063176458136,0.4823504124793225,0.45791582882388593
AVAX,1735898400,2025-01-03,-0.7500874266118616,-0.7528157809212527,0.514789100224157,0.5128498002413999
AVAX,1735963200,2025-01-04,0.3326917092829434,0.3346445449235022,0.5140692925862537,0.5113053920159651
AVAX,1736038800,2025-01-05,0.42394853047624437,0.4476242106745089,0.47985255191800624,0.45599505591169914
AVAX,1736121600,2025-01-06,-0.5017785250401164,-0.516856040838611,0.47095055108052775,0.4564082857790296
AVAX,1736265600,2025-01-07,-0.5178903283787658,-1.0142857142857142,0.6306141632643337,0.5152767912077437
AVAX,1736308800,2025-01-08,-0.47963532334126224,-0.4766430074888878,0.6460915511255395,0.6504062858275044
AVAX,1736409600,2025-01-09,0.4364651251663174,0.4482931155759258,0.5898153856533074,0.5751857999343309
AVAX,1736503200,2025-01-10,0.28077463725281127,0.2871662139811823,0.5541643821194427,0.542946257667092
AVAX,1736722800,2025-01-12,-1.0142857142857142,-1.0142857142857142,0.3728144604277685,0.36995403430682733
AVAX,1736751600,2025-01-13,-1.0142857142857142,-1.0142857142857142,0.5340390954247388,0.5220421027651034
AVAX,1737032400,2025-01-16,-0.00010815098968170372,0.002545538635253793,0.6022798004769374,0.5509167082059323
AVAX,1737079200,2025-01-17,-0.3597394028400652,-0.3691118262485189,0.6039231312800857,0.5873018336862461
AVAX,1737147600,2025-01-17,1.1336521606809244,1.2089827591942877,0.5359185174152411,0.503296864908721
AVAX,1737223200,2025-01-18,0.6229803989521564,0.6251595672645255,0.6709256864558961,0.6686892007986571
AVAX,1737295200,2025-01-19,-1.0142857142857142,-1.0142857142857142,0.6465066703682332,0.623930260396559
AVAX,1737327600,2025-01-19,0.8130901416239907,0.917831370934555,0.8282935586342528,0.7366238323753495
AVAX,1737360000,2025-01-20,0.3525126458795716,0.3906478081879217,1.0721293697723462,0.9746008597548342
AVAX,1737547200,2025-01-22,0.2796827333827165,0.2825093066192323,0.5097834077783924,0.5051513622228841
AVAX,1737727200,2025-01-24,0.6648225836037157,0.662236654324673,0.5150648128940665,0.5169928754243791
AVAX,1737824400,2025-01-25,-0.3379136549868356,-0.35564276084750013,0.43410082044662224,0.4105701143271315
AVAX,1737867600,2025-01-26,0.06491457115717324,0.0661427591474392,0.42787155420193174,0.42232321221746494
AVAX,1737918000,2025-01-26,2.0604404557825333,2.0688333619677337,0.3802207733879658,0.3786992944178094
AVAX,1737957600,2025-01-27,-0.2596951204222424,-0.2596170936265603,0.48211661269453593,0.48227942905565374
AVAX,1738098000,2025-01-28,0.16161335764731197,0.17113377201211116,0.45068949740123754,0.4292040741244093
AVAX,1738184400,2025-01-29,-0.09547117621891901,-0.10259720377897726,0.5552017526070852,0.5017557335768609
AVAX,1738260000,2025-01-30,0.3584554323201095,0.3526700165019166,0.39864342730710917,0.4046929217153483
AVAX,1738306800,2025-01-31,-0.952166350389565,-1.0142857142857142,0.38668776614731165,0.36566374815864355
AVAX,1738404000,2025-02-01,-0.37221958318556103,-0.38572073326623535,0.41570758038131084,0.3999927788721811
AVAX,1738454400,2025-02-02,-0.34365496965998665,-0.34908172007395477,0.42619082488974475,0.41897473449664824
AVAX,1738497600,2025-02-02,-1.0142857142857142,-1.0142857142857142,0.4924692472728583,0.46881303552461656
AVAX,1738519200,2025-02-02,-1.0142857142857142,-1.0142857142857142,0.6335413158207699,0.5553521862685216
AVAX,1738537200,2025-02-02,-1.0142857142857142,-1.0142857142857142,0.8368092457291623,0.7150253415544826
AVAX,1738551600,2025-02-03,0.7945384796051712,0.881182510167421,1.291270014245903,1.168290784572511
AVAX,1738778400,2025-02-05,0.20281528878842767,0.20875230407624717,0.543308134315998,0.5297164523403056
AVAX,1738854000,2025-02-06,-0.6606849122468231,-0.7049488923952706,0.4700783400713657,0.43931513546147094
AVAX,1738969200,2025-02-07,0.011570570267633312,0.015087615000176214,0.49823129336894306,0.45809523901270793
AVAX,1739138400,2025-02-09,0.8993630727547537,1.0779235910328926,0.40027455698407005,0.33568029213669065
AVAX,1739178000,2025-02-10,-0.05119611809439024,-0.051386730794870314,0.5051371607541116,0.5009169423505819
AVAX,1739235600,2025-02-11,-0.5021354636303669,-0.5201415992156833,0.3861297085923886,0.3719858400225723
AVAX,1739354400,2025-02-12,0.574249398064059,0.574891623247339,0.3649508946594981,0.3645625019409979
AVAX,1739401200,2025-02-12,0.8371269774570297,0.8816707267231076,0.4950585857464777,0.47083232311159146
AVAX,1739556000,2025-02-14,0.10997742870042072,0.11707392113689312,0.3918163985950366,0.3727253523331163
AVAX,1739714400,2025-02-16,-0.13124111521592585,-0.13186110522133748,0.2504564546234913,0.24895310497914452
AVAX,1739772000,2025-02-17,1.194774772804177,1.2632529550882676,0.2545710863191322,0.24107655449752705
AVAX,1739822400,2025-02-17,-0.020203883168910128,-0.020033575605828805,0.3414553157109709,0.3346441861502763
AVAX,1739872800,2025-02-18,-0.4067916675864905,-0.4259622593829826,0.3626005247630217,0.34510825743710033
AVAX,1740013200,2025-02-20,-0.18815029145276835,-0.18919057929347435,0.30437256974030724,0.30240122895109994
AVAX,1740150000,2025-02-21,0.8212024300123243,0.858185813196106,0.2723413636355844,0.2609830069921677
AVAX,1740373200,2025-02-24,-0.16067483205973326,-0.1619354185475888,0.30279310709464247,0.299931038409615
AVAX,1740409200,2025-02-24,-1.0142857142857142,-1.0142857142857142,0.35220280402627546,0.33237225048983515
AVAX,1740470400,2025-02-25,0.42104621214666665,0.4689076087720173,0.5464960968209557,0.49391887349949065
AVAX,1740711600,2025-02-28,-0.053295012356182045,-0.05413626654151469,0.4622538353691138,0.4470425919359687
AVAX,1740909600,2025-03-02,-1.0142857142857142,-1.0142857142857142,0.2671803250299933,0.255424965416916
AVAX,1741032000,2025-03-03,-0.5773190852930734,-0.6298555112794882,0.6039726409195233,0.5512013056056405
AVAX,1741096800,2025-03-04,0.2643547886642053,0.26884150033066273,0.468182255713007,0.4611193523063153
AVAX,1741183200,2025-03-05,-1.0142857142857142,-1.0142857142857142,0.4167944018855225,0.4103939712613319
AVAX,1741406400,2025-03-08,0.01012628600761112,0.009124830764770702,0.4429940457554305,0.45476281850584827
AVAX,1741528800,2025-03-09,-1.0142857142857142,-1.0142857142857142,0.27551360396249047,0.26670695811345124
AVAX,1741618800,2025-03-10,-1.0142857142857142,-1.0142857142857142,0.42368425213887434,0.3924291946110953
AVAX,1741770000,2025-03-12,-0.17299744963472033,-0.17687093398706322,0.3956548599910148,0.385320618451862
AVAX,1741827600,2025-03-13,-0.15339532560851643,-0.1495886621112281,0.38911962952893436,0.4013596010311601
AVAX,1742079600,2025-03-15,-0.050500377875532375,-0.05062680355332454,0.2605818288437876,0.25908812337023296
AVAX,1742126400,2025-03-16,0.01159898842984299,0.013480691981498042,0.2845021854816509,0.2717715843648546
AVAX,1742288400,2025-03-18,0.6217318878863046,0.6398535262174645,0.30315523872262357,0.29493641093205614
AVAX,1742364000,2025-03-19,-0.4617433286708686,-0.4633094587774863,0.27702627980358946,0.27602830132694256
AVAX,1742400000,2025-03-19,0.3874878466283465,0.38799922540674403,0.295287595254669,0.29492510258195115
AVAX,1742562000,2025-03-21,1.0493235018549505,1.0658407468480298,0.21735487167848516,0.21407447719221465
AVAX,1742594400,2025-03-21,-0.4296079890371177,-0.44097607018914464,0.22085624429996667,0.21476826309227173
AVAX,1742641200,2025-03-22,-0.24300703771576232,-0.24895649076740506,0.19986019592621423,0.1944648263820769
AVAX,1742731200,2025-03-23,0.47057183286017823,0.48277536244350494,0.16027462690881547,0.1564495982094935
AVAX,1742774400,2025-03-24,-1.0142857142857142,-1.0142857142857142,0.17760893929346208,0.1666557807775745
AVAX,1742896800,2025-03-25,-1.0142857142857142,-1.0142857142857142,0.24710354657448258,0.24764997323405827
AVAX,1743076800,2025-03-27,0.24831508343472786,0.2521978485064753,0.23733292473568995,0.23405084202305063
AVAX,1743141600,2025-03-28,-1.0142857142857142,-1.0142857142857142,0.26595849266119004,0.2556476074812814
AVAX,1743249600,2025-03-29,-0.1614817382845954,-0.1648788458643964,0.2794580587692221,0.27249329405916217
AVAX,1743332400,2025-03-30,-0.20014284353378414,-0.20617027354134898,0.24979185994674855,0.24131431071188308
AVAX,1743415200,2025-03-31,0.47870279356077217,0.48319110760297695,0.287249537541672,0.28473027119872363
AVAX,1743480000,2025-04-01,-0.2963550723984637,-0.2926996878276242,0.25607026475343236,0.2596141312729271
AVAX,1743631200,2025-04-02,-0.30501961412006096,-0.31889557285733844,0.382401807067348,0.36412502299560573
AVAX,1743685200,2025-04-03,0.363008295049926,0.3780991830704282,0.3575261729725711,0.34425895550892294
AVAX,1743948000,2025-04-06,-1.0142857142857142,-1.0142857142857142,0.17423909006216293,0.16764209699002178
AVAX,1744012800,2025-04-07,0.6056618290275193,0.7468577793126935,0.4009340589428844,0.3279289865538755
AVAX,1744221600,2025-04-09,0.33659398387909134,0.43057567371785493,0.46163032648737123,0.36714035160178426
AVAX,1744369200,2025-04-11,-0.35981333476915,-0.37606889267296634,0.26739197823163835,0.2548836688648413
AVAX,1744470000,2025-04-12,-1.0142857142857142,-1.0142857142857142,0.24683917766898328,0.21659603748967451
AVAX,1744729200,2025-04-15,-0.7782948500612277,-0.8233551272132884,0.27057597114151527,0.25523566122932395
AVAX,1744765200,2025-04-16,-0.13618886760530968,-0.13921872885787148,0.26549069396117264,0.25822074734280137
AVAX,1744876800,2025-04-17,-0.142628885383686,-0.14122780667223794,0.25050031247370874,0.25361572112553243
AVAX,1745056800,2025-04-19,-1.0142857142857142,-1.0142857142857142,0.1482333921607229,0.14271288386539396
AVAX,1745218800,2025-04-21,-0.26443939658863014,-0.27058339656931585,0.2180396594794089,0.21250424867013273
AVAX,1745366400,2025-04-23,-0.5763579236918974,-0.5701964114581581,0.32859517641159525,0.3323332669047948
AVAX,1745467200,2025-04-24,0.16978489853406306,0.17111585583514613,0.33129412443363343,0.3290859801592973
AVAX,1745586000,2025-04-25,0.39836170500341284,0.40730993593661596,0.307843456252927,0.3015237221185367
AVAX,1745676000,2025-04-26,0.5057196330727426,0.4982632273726588,0.29411470343389645,0.29827737292881146
AVAX,1745773200,2025-04-27,-0.6588168727088566,-0.6542913689288236,0.25386934802675215,0.25570545172111797
AVAX,1745809200,2025-04-28,0.7213681763193711,0.7570714751377919,0.25144881980047856,0.240021805938977
AVAX,1745964000,2025-04-29,-0.050910295630171014,-0.051420119476816115,0.2558001576024088,0.25009247741797885
AVAX,1746025200,2025-04-30,-0.12996969414311652,-0.1444675406842718,0.28177433223675746,0.2465262039472774
AVAX,1746255600,2025-05-03,-0.17796139060507554,-0.17552309286217826,0.1912540051720064,0.1944273901852375
AVAX,1746324000,2025-05-04,-0.49021911488054104,-0.5048871216363451,0.18567034614550693,0.17995268046439222
AVAX,1746450000,2025-05-05,0.320723630346542,0.3206198872348671,0.22085298710444615,0.2209186014970959
AVAX,1746532800,2025-05-06,0.3801545830212117,0.3941546543774109,0.20971086567329592,0.20276554764816476
AVAX,1746583200,2025-05-07,0.46619195476109065,0.4625456357495883,0.26563924464927424,0.26761149423768005
AVAX,1746633600,2025-05-07,0.5490236553964453,0.5454427461196117,0.21765123908374293,0.21900902670556938
AVAX,1746752400,2025-05-09,-1.0142857142857142,-1.0142857142857142,0.29950291070052043,0.3002339038313298
AVAX,1746781200,2025-05-09,0.09761448621460977,0.1138788596070418,0.3622772461712405,0.3209139574151819
AVAX,1746864000,2025-05-10,-0.5193785859082474,-0.5192822104473336,0.3609215034761424,0.3609923883589226
AVAX,1746921600,2025-05-11,0.46305451929219704,0.48884517252890236,0.4126249717669808,0.3920576619029024
AVAX,1747036800,2025-05-12,0.8877665452999799,1.0266112897046793,0.4832901783892347,0.4196971151884067
AVAX,1747076400,2025-05-12,-0.36356260837449733,-0.3883005904903046,0.5543855985207162,0.5162614137915404
AVAX,1747317600,2025-05-15,-0.11898533842251287,-0.1217632117879685,0.41080910231659906,0.39856364864864513
AVAX,1747436400,2025-05-16,-0.12522661284184414,-0.12972972370796684,0.35472193803688024,0.3389313178858711
AVAX,1747501200,2025-05-17,0.02233487412104618,0.023564459343827397,0.33675313735546275,0.3288110709981905
AVAX,1747602000,2025-05-18,-0.20775075893101397,-0.21424854626893974,0.39864291983469996,0.3846923752065998
AVAX,1747807200,2025-05-21,-0.3093316170433888,-0.3075987116144301,0.3154700424354279,0.31742927646892244
AVAX,1747886400,2025-05-22,-1.0142857142857142,-1.0142857142857142,0.3851554377419566,0.38401354833749185
AVAX,1748480400,2025-05-29,0.3027725327644428,0.31758940567889377,0.3276698574306372,0.31364446184837863
AVAX,1748530800,2025-05-29,-0.49113364112724317,-0.49888387683668894,0.32119231648975577,0.31589941775819846
AVAX,1748566800,2025-05-30,0.2045474261344277,0.2580550071032834,0.36768491258434166,0.29904529047544476
AVAX,1748624400,2025-05-30,-0.7741526580348822,-1.0142857142857142,0.3678817323272752,0.3323341732755273
AVAX,1748923200,2025-06-03,-0.16705869360028439,-0.17538004440313384,0.247573047807467,0.23354020533111836
AVAX,1749045600,2025-06-04,-1.0142857142857142,-1.0142857142857142,0.2209192424007231,0.22022072258539407
AVAX,1749135600,2025-06-05,-1.0142857142857142,-1.0142857142857142,0.2669441786218502,0.2559398846696848
AVAX,1749157200,2025-06-05,0.6918632268139535,0.8025750049804692,0.3331322253947059,0.2887577811942986
AVAX,1749409200,2025-06-08,0.4680470930971779,0.48487986398152133,0.2243745784071404,0.21701877674615117
AVAX,1749528000,2025-06-10,-0.7861965317227394,-0.856703748832052,0.2752963539669994,0.25185761196446105
AVAX,1749654000,2025-06-11,0.9752424351839953,1.038686008267138,0.3102453379787652,0.29180267166943935
AVAX,1749762000,2025-06-12,-1.0142857142857142,-1.0142857142857142,0.30737213683244013,0.2902469165887816
AVAX,1750021200,2025-06-15,1.2328773925061618,1.3084163950438317,0.19025742145843108,0.179507992339849
AVAX,1750071600,2025-06-16,-0.34716187148272926,-0.35743123944011645,0.20626571567490895,0.19982461688067124
AVAX,1750122000,2025-06-17,0.23487698020764372,0.25718564975450703,0.29281959796367535,0.26995956703780427
AVAX,1750186800,2025-06-17,-0.028571428571426683,-0.02857142857142552,0.2298774270052358,0.22756030600563845
AVAX,1750255200,2025-06-18,0.01954031237271418,0.02102526216716666,0.2375422548487729,0.23043012060637094
AVAX,1750298400,2025-06-19,-0.11556335312003232,-0.11326364947173118,0.2627501687742642,0.2698847971415152
AVAX,1750449600,2025-06-20,-0.0683003734427467,-0.0707717424931636,0.21574770231608276,0.20311291018655073
AVAX,1750528800,2025-06-21,-0.27694921142893136,-1.0142857142857142,0.18405142838606295,0.1735938459542216
AVAX,1750600800,2025-06-22,0.0418186641961793,0.0509920124917735,0.2841308941874768,0.2513717322018983
AVAX,1750712400,2025-06-23,-0.6749423161845007,-0.7063528533083732,0.3182604440524087,0.3035112474410557
AVAX,1750748400,2025-06-24,0.21048887365656674,0.2056622574851606,0.2868373708740218,0.2927479378643313
AVAX,1750842000,2025-06-25,-0.3843111454204546,-0.38973655259494133,0.20078885782349817,0.19777261611761326
AVAX,1751043600,2025-06-27,-0.014146917896034686,-0.013612912885432125,0.19807554803353025,0.19100443634380188
AVAX,1751130000,2025-06-28,-0.23775778788844143,-0.245505756181949,0.13658361216627118,0.13170542848675365
AVAX,1751187600,2025-06-29,0.25533296264922395,0.25323743527349746,0.11070125154966325,0.11152442474579108
AVAX,1751241600,2025-06-30,0.9185879868861726,1.2819220048583915,0.1628930798425031,0.1177310090611572
AVAX,1751299200,2025-06-30,0.17175530875058245,0.19437907813213373,0.18541138162277607,0.1665968725168358
AVAX,1751396400,2025-07-01,0.21790896756166347,0.22361263548321847,0.1622847115938631,0.15861430479339098
AVAX,1751522400,2025-07-03,0.2629017758654399,0.27353032010283135,0.20585082637671565,0.19860858225184758
AVAX,1751756400,2025-07-05,0.17654901783750526,0.17438682356382773,0.13929098279392158,0.14077490454730007
AVAX,1751824800,2025-07-06,-1.0142857142857142,-1.0142857142857142,0.11972060237754281,0.11585295640658444
AVAX,1751950800,2025-07-08,0.836651963551587,0.8136095859943944,0.1552035179680192,0.15944994242709778
AVAX,1752040800,2025-07-09,-0.1108164746669835,-0.11693285655073199,0.17369695761512463,0.16167364666244205
AVAX,1752091200,2025-07-09,-0.5098362721573652,-0.5834571578954554,0.2018490617744682,0.1750682203725042
AVAX,1752152400,2025-07-10,-1.0142857142857142,-1.0142857142857142,0.16973864144606723,0.1689493061726878
AVAX,1752242400,2025-07-11,0.8172183779545643,0.8524692021525225,0.2499776774290944,0.23997596030825558
AVAX,1752336000,2025-07-12,0.5087255430257714,0.5319493479498648,0.29246927760587405,0.2803515297294029
AVAX,1752372000,2025-07-13,-0.08027686204091693,-0.08047497508086682,0.2762903882073506,0.27523580268483916
AVAX,1752418800,2025-07-13,0.33392156827148173,0.3472474291766875,0.2601035471219709,0.2508807430544303
AVAX,1752544800,2025-07-15,0.09230194424033891,0.0952003474137741,0.28364985180902863,0.27700753271741535
AVAX,1752631200,2025-07-16,0.0669502279801383,0.06754265672587217,0.3888422634589177,0.38644551449421893
AVAX,1752692400,2025-07-16,0.5518137764592287,0.5601901842525122,0.29537033325912326,0.29116805120213296
AVAX,1752746400,2025-07-17,0.14005577316016987,0.14624085444913051,0.32192738614094374,0.31053718507486255
AVAX,1752800400,2025-07-18,-0.07715205398332797,-0.07904594179139596,0.470499147825777,0.4528452361200676
AVAX,1752955200,2025-07-19,0.28829425235809913,0.3187719092631783,0.3877262520091788,0.3537051944714235
AVAX,1753012800,2025-07-20,0.05162368642184309,0.052388015879884606,0.32064653459806663,0.3176193449517641
AVAX,1753088400,2025-07-21,0.2213708250488858,0.2220803140196968,0.30864272057034114,0.3077690836911366
AVAX,1753232400,2025-07-23,0.631485786645239,0.6406131341523562,0.45017742446057246,0.44403722634215487
AVAX,1753275600,2025-07-23,-1.0142857142857142,-1.0142857142857142,0.3883109876371559,0.3674118328400143
AVAX,1753336800,2025-07-24,0.8408312874804557,0.8771619790526615,0.4272226950420583,0.41008597927606266
AVAX,1753657200,2025-07-27,-0.4621346564940855,-0.5474936279414468,0.2899560608878722,0.24226037326386235
AVAX,1753696800,2025-07-28,1.2834153056407323,1.4013244121478636,0.35714646829322055,0.32769619662346844
AVAX,1753750800,2025-07-29,0.12016790028828735,0.13020836207232786,0.4225993443632351,0.3958762170065606
AVAX,1753801200,2025-07-29,-0.07206436573245274,-0.07482522495410976,0.39415266619929135,0.3706259482146215
AVAX,1753905600,2025-07-30,0.9109753503131387,1.001687044945983,0.41965522435595043,0.3827056262294849
AVAX,1754010000,2025-08-01,-0.18424359823094139,-0.197319660691251,0.348718171041415,0.32169649189075467
AVAX,1754154000,2025-08-02,-0.01960264275922888,-0.019642669349520466,0.31856517894064507,0.3199932696283869
AVAX,1754582400,2025-08-07,-1.0142857142857142,-1.0142857142857142,0.21319501032564497,0.19036385727377164
AVAX,1754604000,2025-08-07,-0.3698006574970089,-0.3737857285960984,0.22607341518121324,0.22346367788746058
AVAX,1754665200,2025-08-08,-0.11736957220487404,-0.12451643332140853,0.289581343281593,0.2680106773801771
AVAX,1754708400,2025-08-09,-0.5829948887583872,-0.5739520672627784,0.24220785000770256,0.24622383846983342
AVAX,1754917200,2025-08-11,-0.3619311892088573,-0.35713540416864004,0.3085469663779052,0.3130505791762056
AVAX,1755032400,2025-08-12,0.1944477785355357,0.19659581871501342,0.3202799093188116,0.317224517727951
AVAX,1755122400,2025-08-13,-0.06566319815893702,-0.0660551494066477,0.3081161011099089,0.3048942627337479
AVAX,1755457200,2025-08-17,1.393609573143288,1.5338335690212996,0.3415277556996345,0.3108760445996065
AVAX,1755500400,2025-08-18,0.199269472229646,0.20487069339003774,0.3887424437843056,0.37941493946002136
AVAX,1755576000,2025-08-19,0.02448224518859038,0.025508776222701653,0.37697672154556094,0.3698210847413731
AVAX,1755615600,2025-08-19,-0.35904740645377564,-0.38012683161645844,0.33717600941101283,0.3169587793657063
AVAX,1755867600,2025-08-22,3.1149326134560007,3.256739806543455,0.26903553308900346,0.2574228817881577
AVAX,1755943200,2025-08-23,-0.1779589883557527,-0.19085871373216745,0.3442627451899015,0.31689834097374014
AVAX,1756404000,2025-08-28,0.6766441628621207,0.6739060505090321,0.3160127846920156,0.31724453736063213
AVAX,1756440000,2025-08-29,0.908917293707773,0.9107510165854649,0.29257494812191004,0.29200379028513385
AVAX,1756695600,2025-09-01,0.8395201068883311,0.8926186339491697,0.2172252819762352,0.2047041498205608
AVAX,1756764000,2025-09-01,1.121862111814832,1.1798809779662018,0.2955407575181133,0.28135158501950663
AVAX,1756861200,2025-09-03,-1.0142857142857142,-1.0142857142857142,0.30055810058215776,0.30367795447309315
AVAX,1756890000,2025-09-03,0.014162262615506281,0.022446905003944362,0.33429628681550333,0.2800113858013111
AVAX,1757152800,2025-09-06,0.4913672530100493,0.48555463858933084,0.1758449114624004,0.17783298157489286
AVAX,1757289600,2025-09-08,-0.6628288173491874,-0.701107627227261,0.16667410988778936,0.15718750295608092
AVAX,1757322000,2025-09-08,-1.0142857142857142,-1.0142857142857142,0.19102412764278606,0.18571829130761563
AVAX,1757347200,2025-09-08,0.5947971399535428,0.6354978558213051,0.2337530203986346,0.2194263296600679
AVAX,1757401200,2025-09-09,-0.178220622521104,-0.20236328427639383,0.26729178383313773,0.23016038258953295
AVAX,1757480400,2025-09-10,-1.0142857142857142,-1.0142857142857142,0.2690719103854117,0.2582312881073664
AVAX,1757509200,2025-09-10,-1.0142857142857142,-1.0142857142857142,0.38410106775418346,0.30980114988912083
AVAX,1757682000,2025-09-12,0.242797918554556,0.23802260964511743,0.2737439400302907,0.27864732003262066
AVAX,1757757600,2025-09-13,0.2622536461633675,0.29053387646626466,0.34384930560471755,0.31337617526661876
AVAX,1757858400,2025-09-14,0.6735809005227889,0.6846981732657001,0.3824973833212072,0.3765356435766846
AVAX,1757926800,2025-09-15,0.2940330378460378,0.3196338847172477,0.49596337514109773,0.4594990193827204
AVAX,1757973600,2025-09-15,0.3941475298894631,0.4162598326054267,0.47988655061921154,0.45603166989761246
AVAX,1758009600,2025-09-16,0.3272385360019866,0.36026532859057975,0.4657381810904689,0.42617957963588954
AVAX,1758132000,2025-09-17,-1.0142857142857142,-1.0142857142857142,0.31728179380907673,0.2839957779482365
AVAX,1758373200,2025-09-20,-0.012710659174795788,-0.011509516435004193,0.36027796454184535,0.33491473104506386
AVAX,1758423600,2025-09-21,-0.028571428571431193,-0.028571428571435,0.3042489594112117,0.30842195628899727
AVAX,1758585600,2025-09-23,-1.0142857142857142,-1.0142857142857142,0.6123461961356294,0.5856035958383706
AVAX,1758643200,2025-09-23,0.41744518576213047,0.4323472908967001,0.7815211751523355,0.7562535732409768
AVAX,1758751200,2025-09-24,-1.0142857142857142,-1.0142857142857142,0.5050033457170476,0.48308052615682
AVAX,1758823200,2025-09-25,-0.5847967051013379,-0.5922566944860431,0.5033931606755087,0.49673109611208627
AVAX,1758855600,2025-09-26,-0.35199627748371326,-0.3750054871221688,0.5742115559112572,0.5360739832890464
AVAX,1759032000,2025-09-28,-0.218063617414384,-0.21376330696108495,0.2864799579190348,0.2931322623743452
AVAX,1759078800,2025-09-28,-1.0142857142857142,-1.0142857142857142,0.3120719179686243,0.31146206550467237
AVAX,1759107600,2025-09-29,-0.2103523534068942,-0.23932830305469674,0.3300676352829997,0.28468822261246113
AVAX,1759161600,2025-09-29,-0.10367140137955268,-0.10409727289720286,0.45653431024952024,0.4539600264225604
AVAX,1759240800,2025-09-30,0.6120851606135514,0.6242555801077011,0.3300185700072861,0.3238661523155389
AVAX,1759309200,2025-10-01,0.19002198213861007,0.2158085538314961,0.39211742675987965,0.35074184420294735
AVAX,1759366800,2025-10-02,0.49714708463508955,0.5751326373950396,0.3097801176219326,0.26976320359285033
AVAX,1759507200,2025-10-03,-0.021073127834603383,-0.02021446909707774,0.3810387122926692,0.3418878440074899
AVAX,1759590000,2025-10-04,0.095531029379294,0.10263667712431097,0.2992918734744593,0.2830835560494179
AVAX,1759690800,2025-10-05,0.38060104073437306,0.3805740395320746,0.30025759813601416,0.30027741337724595
AVAX,1759827600,2025-10-07,-1.0142857142857142,-1.0142857142857142,0.28459190514347316,0.2610989747698942
AVAX,1759881600,2025-10-08,0.3406606661046002,0.3456142288303006,0.33273690079661183,0.3283320470117358
AVAX,1760029200,2025-10-09,0.44239003816040895,0.4599989988985256,0.3336639369529012,0.32163808594927806
AVAX,1760112000,2025-10-10,-1.0142857142857142,-1.0142857142857142,0.3549426976150115,0.279938289739243
AVAX,1760130000,2025-10-10,-1.0142857142857142,-1.0142857142857142,0.3549426976150115,0.279938289739243
AVAX,1760140800,2025-10-11,0.11530429522611675,0.49674348652090866,1.8468319651214118,0.5058190393615204
AVAX,1760378400,2025-10-13,-0.017766839894340872,-0.01778077016153669,0.5288758216592933,0.5295585771715466
AVAX,1760518800,2025-10-15,0.9154643226144977,0.9166752480215961,0.3541028121718634,0.3536491823389299
AVAX,1760551200,2025-10-15,0.2829171290696916,0.28377486693565174,0.36690180580368725,0.36589425240397094
AVAX,1760608800,2025-10-16,-0.40110018396125946,-0.46756920255537043,0.360470735058268,0.3058915608319809
AVAX,1760644800,2025-10-16,0.028026828975290487,0.029420290111112024,0.4038488788859618,0.3941449464925742
AVAX,1760864400,2025-10-19,1.2203533875844867,1.31674831556457,0.19674065446995623,0.18264378173687576
AVAX,1760936400,2025-10-20,0.038609456264442926,0.04901305485023278,0.2551746257099465,0.22095728922609625
AVAX,1761030000,2025-10-21,1.2943238643328785,1.379671319684509,0.2181362577365398,0.20491596987011976
AVAX,1761094800,2025-10-22,-0.04872339208345931,-0.04875866096149491,0.28355974894827185,0.2830643450212159
AVAX,1761163200,2025-10-22,0.14093601111970877,0.15383679753596696,0.286544523708991,0.26627871784045176
AVAX,1761238800,2025-10-23,0.6580966429340152,0.6622976491519331,0.20388307802497005,0.2026433147961217
AVAX,1761310800,2025-10-24,0.1667909484591569,0.18932380505897747,0.20474771349519846,0.1835744606871368
AVAX,1761469200,2025-10-26,-1.0142857142857142,-1.0142857142857142,0.15535276474250503,0.1357645158765439
AVAX,1761523200,2025-10-27,0.23765223755747825,0.24340712044656804,0.20391017476045808,0.19959557281895474
AVAX,1761685200,2025-10-28,0.2733241123685755,0.28616280160902097,0.27445633214440096,0.2632606653862778
AVAX,1761800400,2025-10-30,-0.6129258354030176,-0.6933685589332824,0.30314284460236923,0.2664615249563976
AVAX,1761836400,2025-10-30,-0.31095593301350394,-0.3079646477605457,0.31365541372897193,0.3170135224773544
AVAX,1761991200,2025-11-01,-0.13738757669334634,-0.13631453151249445,0.1837962503285066,0.1856267311230071
AVAX,1762052400,2025-11-02,-0.20115905136387416,-0.2030514339977533,0.1489926409451117,0.147376690248582
AVAX,1762146000,2025-11-03,-0.39991078480206455,-0.4520053929384206,0.2539071410118829,0.2226692287820277
AVAX,1762275600,2025-11-04,-0.1774811443401501,-0.18286761306853624,0.3645545490801171,0.3518279759324337
AVAX,1762506000,2025-11-07,-0.9435612048711951,-0.9432347755869023,0.23107205884156784,0.2311545249063038
AVAX,1762711200,2025-11-09,-0.6187573416016955,-0.6761267301984247,0.23237229848253715,0.2117855522119631
AVAX,1762826400,2025-11-11,0.6089579232033621,0.655702671118626,0.2913031144327443,0.27140335400449384
AVAX,1762966800,2025-11-12,0.21197762358576588,0.2199288525464131,0.2613069654336742,0.25294596277472625
AVAX,1763071200,2025-11-13,-0.0577698531204112,-0.05828721369658123,0.2935579129294842,0.28844698315482903
AVAX,1763164800,2025-11-15,0.30988448573237026,0.3207070319067652,0.3207845512014755,0.31084490129389675
AVAX,1763229600,2025-11-15,0.0707928529592161,0.07189558850310285,0.2012795714104971,0.19907030767284298
AVAX,1763287200,2025-11-16,1.6175549287637787,1.64780642676809,0.1700962983505538,0.167026782839058
AVAX,1763406000,2025-11-17,-0.15701278209636496,-0.15922579426997543,0.3114261793592349,0.30615127007917614
AVAX,1763532000,2025-11-19,0.30136441875469894,0.322325880604601,0.22515199511584436,0.2117021485862939
AVAX,1763571600,2025-11-19,0.4221221528785478,0.4263495506928681,0.240898546240956,0.2386599728748757
AVAX,1763658000,2025-11-20,0.31843835464945075,0.3828901976327598,0.19760661481921668,0.166653277497618
AVAX,1763852400,2025-11-22,0.08839455607183341,0.09361715553229215,0.12213563053639165,0.1169152944238063
AVAX,1763935200,2025-11-23,-0.19973260333288267,-0.20238157998647285,0.10015622507118879,0.09862978084589553
AVAX,1764003600,2025-11-24,-0.6197780269950524,-0.6229919125756992,0.14014921869625852,0.13939146628827837
AVAX,1764104400,2025-11-25,0.020491997965519662,0.021266611259036894,0.11646731827796872,0.1146571119916587
AVAX,1764183600,2025-11-26,-1.0142857142857142,-1.0142857142857142,0.13101866411461868,0.12571240750805096
AVAX,1764270000,2025-11-27,-0.1419643553943182,-0.15331415741618118,0.10078733964087358,0.0916171349978638
AVAX,1764342000,2025-11-28,0.9755092619610438,1.0061049845774386,0.09390252713227017,0.09112579845013717
AVAX,1764410400,2025-11-29,-1.0142857142857142,-1.0142857142857142,0.08707670260761488,0.0837749105005084
AVAX,1764529200,2025-11-30,-1.0142857142857142,-1.0142857142857142,0.13838561866800142,0.11903066625784764
AVAX,1764550800,2025-12-01,-0.26547094089734846,-0.3229324657172108,0.18090853136996454,0.14559380301380795
AVAX,1764608400,2025-12-01,0.4605886510495751,0.4667518129416125,0.16354564350791456,0.16151069300852328
AVAX,1764745200,2025-12-03,0.22733389425371053,0.24680718535307083,0.15630780774080216,0.1452545621824024
AVAX,1764784800,2025-12-03,-1.0142857142857142,-1.0142857142857142,0.16700034725728055,0.16676960473860983
AVAX,1765119600,2025-12-07,0.8813060055987934,1.0492213508740702,0.1256056145517436,0.10603681567110856
AVAX,1765188000,2025-12-08,0.569500528605483,0.576383628361973,0.14809493658507905,0.14640993170700822
AVAX,1765400400,2025-12-10,2.086556962033887,2.3401407372101377,0.17560568572495727,0.15680612308841552
AVAX,1765432800,2025-12-11,-0.5543127130150192,-0.553148997551257,0.19564212646149715,0.19607613618930467
AVAX,1765468800,2025-12-11,0.6254747830416052,0.6653480277894196,0.16599962914495867,0.15646113907918618
AVAX,1765555200,2025-12-12,0.30662767966905624,0.39806700411719786,0.18752180811903257,0.14733117797434284
AVAX,1765756800,2025-12-15,0.908169182955691,0.9877210532635752,0.11895349689912019,0.10964222742982173
AVAX,1765814400,2025-12-15,-0.6355468098019971,-0.7299179118995931,0.16004414700627875,0.13850908139137716
AVAX,1765983600,2025-12-17,1.0618582102368699,1.2545644620897456,0.1388705571081724,0.11801444611649335
AVAX,1766080800,2025-12-18,-0.43035794443514835,-0.5233306080190444,0.20622181080175134,0.16746964240188614
AVAX,1766160000,2025-12-19,0.1344526980462033,0.14389529535220438,0.17525889673030903,0.16566342724802507
AVAX,1766329200,2025-12-21,0.11721050107381385,0.13996676780646486,0.09799372473994683,0.08476247279686584
AVAX,1766365200,2025-12-22,0.29464585733208093,0.332086012574294,0.11491606038033898,0.10298652656344201
AVAX,1766408400,2025-12-22,0.15248573074302169,0.15117614243487099,0.11046235385403999,0.11126715030435078
AVAX,1766448000,2025-12-23,0.5742395057750093,0.567088620996397,0.1184924946758208,0.11991499426626859
AVAX,1766498400,2025-12-23,0.20997599303314182,0.22293499604452238,0.11977253151279069,0.11360118778300528
AVAX,1766653200,2025-12-25,-0.23944981235488944,-0.2512161955850334,0.09484139455723688,0.08982919413856279
AVAX,1766718000,2025-12-26,0.18275049951088257,0.20315914616724928,0.13520333091178285,0.12329589482807389
AVAX,1766872800,2025-12-27,-0.7198151795732175,-1.0142857142857142,0.07026671633709015,0.06336415605532784
AVAX,1766977200,2025-12-29,0.46178187022636363,0.4946735158032631,0.09905394475883435,0.09282732512489841
AVAX,1767013200,2025-12-29,-0.2298812447033428,-0.24874417317210842,0.12773488252274678,0.11679141194757349
AVAX,1767200400,2025-12-31,-0.028571428571429917,-0.028571428571431245,0.094398773051938,0.08166021713285633
AVAX,1767297600,2026-01-01,-0.22341444773647465,-1.0142857142857142,0.13197437518920924,0.09289548097299452
AVAX,1767394800,2026-01-02,0.18671312355754813,0.1884032441975193,0.17252913307316384,0.1711852202326379
AVAX,1767564000,2026-01-04,0.23571480604663814,0.265394123380059,0.1513510533675955,0.13607036516510287
AVAX,1767654000,2026-01-05,0.36545882146842984,0.38268735609987364,0.18127687257855438,0.1736827858538277
AVAX,1767711600,2026-01-06,0.230556988705071,0.2403582953673828,0.1764155633517666,0.16998599130190253
AVAX,1767798000,2026-01-07,-0.31104861981850956,-0.3359560395394165,0.1314897566733765,0.12083512257132856
AVAX,1767855600,2026-01-08,0.08325960329219528,0.09085291071940525,0.1532924882939701,0.1435457566242754
AVAX,1767974400,2026-01-09,0.5093152154894223,0.624603364878485,0.16997739660966285,0.13997565788732916
AVAX,1768143600,2026-01-11,0.8794646590650522,0.9649662888233229,0.07551619313931932,0.0690174387654208
AVAX,1768176000,2026-01-12,-0.004146790503409224,-0.001996979741025495,0.11697789949582357,0.10751466099550229
AVAX,1768230000,2026-01-12,0.0676388914450487,0.07525038395032786,0.14848421960624547,0.13759839034518748
AVAX,1768345200,2026-01-13,0.2547220331337434,0.2865644068795774,0.15128179308897977,0.13599577717274747
AVAX,1768410000,2026-01-14,0.8131208921256805,0.8397939699676287,0.1357808684663533,0.1316101660406882
AVAX,1768464000,2026-01-15,-1.0142857142857142,-1.0142857142857142,0.14719081694775663,0.1446670336360456
AVAX,1768579200,2026-01-16,0.4156469904583886,0.533808932251826,0.12863684776434609,0.10160891297698806
AVAX,1768662000,2026-01-17,0.31033046937682734,0.34713421565282326,0.10116707664749888,0.09125685177422953
AVAX,1768744800,2026-01-18,0.7233115812178342,0.7263682864620524,0.0759996653719757,0.07569194732366613
AVAX,1768784400,2026-01-19,0.9705333740484438,1.3676189009879263,0.19160009132836078,0.13710779066131157
AVAX,1768932000,2026-01-20,0.3584056045251671,0.3824586248111541,0.14766472492075147,0.13902354991465546
AVAX,1769000400,2026-01-21,1.4902680992920514,1.5372825440666777,0.12227380332636317,0.11860255742839111
AVAX,1769180400,2026-01-23,0.21109591918739262,0.234214873110046,0.1072915687295152,0.09785245863178557
AVAX,1769274000,2026-01-24,0.048115944115830055,0.05103207725068456,0.07451403684918818,0.07178434737604886
AVAX,1769313600,2026-01-25,0.22233717484781976,0.24774676414213234,0.06832311411104554,0.06204027673497209
AVAX,1769371200,2026-01-25,0.7522195926756524,0.8789662929405869,0.12075665795326537,0.10389178548813195
AVAX,1769533200,2026-01-27,-0.5867410578097232,-0.6511177300649044,0.10237543239469486,0.09178892719428676
AVAX,1769598000,2026-01-28,0.3370567915407715,0.3321362804368426,0.10940074589353348,0.11089311096226684
AVAX,1769691600,2026-01-29,-1.0142857142857142,-1.0142857142857142,0.10766292056286338,0.10517545291385282
AVAX,1769799600,2026-01-30,0.21949525714578566,0.2513811411076286,0.16124696423605306,0.14288134610036493
AVAX,1769846400,2026-01-31,-1.0142857142857142,-1.0142857142857142,0.11930945475083336,0.11617941280858977
AVAX,1770040800,2026-02-02,-0.10622248466473175,-0.10389281240882771,0.18397321304359995,0.18966346020079985
AVAX,1770130800,2026-02-03,-0.07529643252439013,-1.0142857142857142,0.12229609910869015,0.11324195288628168
AVAX,1770271200,2026-02-05,-0.5809070253722286,-0.5867967978125964,0.17587651005207916,0.17402085697916223
AVAX,1770325200,2026-02-05,-1.0142857142857142,-1.0142857142857142,0.2361975099100855,0.21590501067239978
AVAX,1770627600,2026-02-09,0.5071169118468346,0.53780874413296,0.11733901620495324,0.11098047898994956
AVAX,1770735600,2026-02-10,0.08080121101721119,0.08634289239141128,0.10449205095126858,0.09945297794752002
AVAX,1770894000,2026-02-12,0.34931040485229,0.34687395923455533,0.09829225397350365,0.09893011966377305
AVAX,1770998400,2026-02-13,-0.028571428571432998,-0.02857142857142774,0.10272185338932446,0.09216199595773401
AVAX,1771059600,2026-02-14,-0.871753313710701,-0.8892835586746043,0.07115902399882502,0.0697097181525808
AVAX,1771092000,2026-02-14,-0.278955769006032,-0.2839037500088214,0.07987719984918039,0.0783292921452712
AVAX,1771257600,2026-02-16,0.22063178794085214,0.23766352701161159,0.11465112277160462,0.10731659375403582
AVAX,1771340400,2026-02-17,0.2533051178094539,0.290660929826714,0.09122534685642059,0.08055037353768368
AVAX,1771423200,2026-02-18,-0.5619660485210896,-0.5721939911728793,0.080347909885532,0.07883621064595758
AVAX,1771502400,2026-02-19,0.3691476209995093,0.36836631535290054,0.07183821997526062,0.07197962151181911
AVAX,1771549200,2026-02-20,-1.0142857142857142,-1.0142857142857142,0.08234814708399339,0.08175954301353135
AVAX,1771574400,2026-02-20,0.1315729464643107,0.1501937045875057,0.08920522049260823,0.07991331437665508
AVAX,1771686000,2026-02-21,1.1093263505829019,1.1766138500928267,0.07532687670590921,0.07112125183713307
AVAX,1771812000,2026-02-23,0.7351665870484798,1.051980096556303,0.09352496532543927,0.06610380881201157
AVAX,1771880400,2026-02-23,-0.23829510147021177,-0.23844516402961838,0.10898694716344057,0.10890902002216667
AVAX,1771941600,2026-02-24,0.27669142098132377,0.28346265585878283,0.09359615365344731,0.09156508854986625
AVAX,1772017200,2026-02-25,-1.0142857142857142,-1.0142857142857142,0.10723211588967778,0.10855766326580686
AVAX,1772028000,2026-02-25,-0.2922037993531535,-0.3025416847953446,0.1408888333125445,0.13557258972120184
AVAX,1772190000,2026-02-27,-0.5300166745879028,-0.5649837364010558,0.10825850821593133,0.10120147038638765
AVAX,1772470800,2026-03-02,0.5574602790039727,0.5770257210350181,0.12676057169851374,0.12266523105993789
AVAX,1772618400,2026-03-04,-0.6990712614401208,-1.0142857142857142,0.12357518793501214,0.1130809716223208
AVAX,1772798400,2026-03-06,-1.0142857142857142,-1.0142857142857142,0.09530781332007279,0.09494687588315535
AVAX,1772809200,2026-03-06,-0.0014435197141570231,0.00012147572732213591,0.10532116102922737,0.09957663495455256
AVAX,1772913600,2026-03-07,-0.306379978549836,-0.3128626919071936,0.061707449767796074,0.060300330519164995
AVAX,1773010800,2026-03-08,0.9287724968855979,1.0576021384435519,0.08654898271547272,0.07628351984743212
AVAX,1773086400,2026-03-09,0.018054905217527777,0.023898808206502163,0.12255490084532479,0.10890527783342677
AVAX,1773136800,2026-03-10,-0.15507441697092364,-1.0142857142857142,0.11292787993750772,0.10853771685577754
AVAX,1773284400,2026-03-12,0.21530841940567538,0.21434463369106235,0.10543833747468793,0.10585667112658705
AVAX,1773352800,2026-03-12,-1.0142857142857142,-1.0142857142857142,0.09554307997908651,0.09827716305440082
AVAX,1773406800,2026-03-13,0.9758232903390792,1.0268982166000067,0.1166302997589685,0.11098647666350457
AVAX,1773633600,2026-03-16,0.31415401364180356,0.39369123970840497,0.1333845699317658,0.10826030608036312
AVAX,1773709200,2026-03-17,0.5036951790754389,0.4934622449186912,0.13419698023957422,0.1368275171810798
AVAX,1773792000,2026-03-18,0.09532146897744215,0.09508990426800312,0.09224557383576786,0.0924183102846731
AVAX,1773856800,2026-03-18,-0.15180530247191448,-0.16383996512858068,0.11592359984764031,0.1056100306051511
AVAX,1773907200,2026-03-19,-0.354520651376523,-0.37484671722994467,0.09642167929746885,0.09076180847419724
AVAX,1774047600,2026-03-20,0.034352833809915634,0.033781772846141006,0.09081212076280822,0.09164382235994731
AVAX,1774144800,2026-03-22,-0.7726978504591365,-1.0142857142857142,0.07679186689527474,0.055775856656449754
AVAX,1774216800,2026-03-22,-0.10946433958158783,-0.11213600145696713,0.07064012956053219,0.06838167798826546
AVAX,1774278000,2026-03-23,0.37325557622662525,0.38140312634647,0.1350972275071359,0.13241239885383868
AVAX,1774396800,2026-03-25,-0.21634702865633748,-0.2161424593680111,0.09129438082000815,0.0913939485753934
AVAX,1774440000,2026-03-25,0.36017118402853093,0.36358650197165365,0.0808467361434166,0.08014263892367941
AVAX,1774494000,2026-03-26,-1.0142857142857142,-1.0142857142857142,0.07482288068298225,0.07211694842782708
AVAX,1774602000,2026-03-27,-0.7208401107489374,-1.0142857142857142,0.07841711705772973,0.07137227990832434
AVAX,1774792800,2026-03-29,-1.0142857142857142,-1.0142857142857142,0.05791510875492047,0.05544704019760654
AVAX,1774825200,2026-03-29,1.8657481820983832,2.4286556568451663,0.07541343184777052,0.058137541989906664
AVAX,1774861200,2026-03-30,0.44466993289043744,0.4789130631755902,0.0905608561448541,0.08445015277138133
AVAX,1774951200,2026-03-31,0.4543382184233862,0.47707468455145685,0.09466426276378881,0.09040766759177254
AVAX,1775106000,2026-04-02,-0.028571428571427415,-0.028571428571430472,0.1125576637183957,0.11121594554288776
AVAX,1775372400,2026-04-05,0.16016770857327442,0.16750270158983213,0.06055220767385899,0.05828699287954033
AVAX,1775440800,2026-04-06,0.02612231675772078,0.031206720537753287,0.10447786451442276,0.09559154640014768
AVAX,1775545200,2026-04-07,-0.10818903894825943,-0.11252879399082522,0.1076574457693485,0.10209263390545212
AVAX,1775775600,2026-04-09,0.8904803091621416,1.0216935082680094,0.11813418561088997,0.10337527681172776
AVAX,1775890800,2026-04-11,0.3068324375148913,0.30131593467644735,0.07666663480756739,0.07794868363891881
AVAX,1775937600,2026-04-11,1.660384233394368,1.7375950502253386,0.08289145958814145,0.07926772571030626
AVAX,1776063600,2026-04-13,-0.168574183262257,-0.17672289868510965,0.08163104685911449,0.07714112738673877
AVAX,1776121200,2026-04-13,0.3904743796123523,0.440764525510473,0.12954601436296034,0.1156649385447266
AVAX,1776283200,2026-04-15,0.1497057762728155,0.1531720498811053,0.09615843572280605,0.0943244692399449
AVAX,1776326400,2026-04-16,0.31228620500086507,0.3233839292434151,0.09220439366192298,0.08929703932822482
AVAX,1776366000,2026-04-16,0.46481711643027285,0.5285267950047612,0.14477144261289096,0.12821539973695956
AVAX,1776434400,2026-04-17,0.16507572845846064,0.17414252778483977,0.1327893789337518,0.12685010039019434
AVAX,1776524400,2026-04-18,-0.34620474237478804,-0.3466714574758669,0.10794117869808881,0.10778280782871107
AVAX,1776564000,2026-04-19,-0.3041323352515757,-0.3033811149302391,0.08294769796092172,0.08317444395791569
AVAX,1776632400,2026-04-19,-0.2006129449419722,-0.20013036932702888,0.0830364355481835,0.08327000751342838
AVAX,1776711600,2026-04-20,0.09809038018673003,0.09806565423757181,0.0902290243651339,0.09024664162399036
AVAX,1776772800,2026-04-21,0.40259202032967173,0.42866270166516407,0.08614565366689264,0.08123378087203834
AVAX,1776826800,2026-04-22,-0.16754876094593307,-0.1796712280383126,0.10279168582124067,0.09454489242287463
AVAX,1776967200,2026-04-23,0.5942112233629271,0.6563690027898146,0.08716638801209875,0.07925611016687562
AVAX,1777032000,2026-04-24,-0.06757379960930081,-0.0678519856903991,0.07325561962293985,0.07273682113239675
AVAX,1777100400,2026-04-25,0.6282189858081918,0.6192977287356751,0.060902228662674696,0.06174086163672654
AVAX,1777204800,2026-04-26,0.251104719406784,0.26384005909175234,0.0510794874321099,0.04885483261919528
AVAX,1777269600,2026-04-27,-0.06579090431583841,-0.07254276290021595,0.07676472599355252,0.06497739722382576
AVAX,1777305600,2026-04-27,0.35297790119358674,0.4092495229425488,0.0748826595738623,0.06525824877185175
AVAX,1777442400,2026-04-29,0.3469180441101561,0.37177142343752867,0.0608729259276094,0.057093920229733246
AVAX,1777478400,2026-04-29,0.32650957359329696,0.34416039097475676,0.08046453737948762,0.07665411717790968
AVAX,1777644000,2026-05-01,0.6143344736898808,0.6458379382557851,0.06221750315140493,0.059311157239974564
AVAX,1777777200,2026-05-03,0.08513876591429921,0.08509473515518781,0.05025306429322104,0.05027253077731492
AVAX,1777863600,2026-05-04,0.44868399706848155,0.47463366396403417,0.07782595052335962,0.07381256210207954
AVAX,1777978800,2026-05-05,-0.10136895410932176,-0.10293608453351007,0.07849560369069657,0.07684141935921172
AVAX,1778032800,2026-05-06,-0.828290214414084,-0.8706509504341573,0.0785990575310929,0.0746451388796386
AVAX,1778122800,2026-05-07,0.31928851626538385,0.316250415077617,0.09034834822191115,0.091144375008212
AVAX,1778166000,2026-05-07,0.12452166301409522,0.1320262370331854,0.09331390553135252,0.08895343672607192
AVAX,1778252400,2026-05-08,-1.0142857142857142,-1.0142857142857142,0.08391940905714203,0.07652859436922976
AVAX,1778281200,2026-05-08,0.14977544925688194,0.15033082774235942,0.09612087047220683,0.09582247589314584
AVAX,1778400000,2026-05-10,-0.9581069312372865,-1.0142857142857142,0.07376956380339417,0.07175183794211683
AVAX,1778443200,2026-05-10,0.23972856154991556,0.24843453836329807,0.08519248490022555,0.08251498373870449
AVAX,1778594400,2026-05-12,0.18824184585024636,0.19723398941999523,0.09224527443417405,0.08857183400603354
AVAX,1778688000,2026-05-13,0.33923376759035495,0.3676054335468195,0.10875322158963112,0.10096500786575653
AVAX,1778767200,2026-05-14,-1.0142857142857142,-1.0142857142857142,0.08413188739367114,0.08444972488549199
AVAX,1778914800,2026-05-16,-0.21223937962546713,-0.2242823121552232,0.07778011462386966,0.07299396959493652
AVAX,1778983200,2026-05-17,0.789275461466998,0.8173356340138758,0.06288288438213034,0.06079695241152499
AVAX,1779015600,2026-05-17,0.30135026585301355,0.30109072241737345,0.06062044520864556,0.06066817176315672
AVAX,1779062400,2026-05-18,0.5638526260755792,0.7233965129449205,0.07716480341353463,0.06079286521457581
AVAX,1779289200,2026-05-20,0.05951214991601457,0.06963681997486519,0.07136079611718016,0.06400393428004005
AVAX,1779339600,2026-05-21,0.2811970379929754,0.2748475499906435,0.06456435098710148,0.0659154549091863
AVAX,1779426000,2026-05-22,-0.11052712349661604,-0.10956881568429681,0.06972408347586236,0.07054901297400568
AVAX,1779476400,2026-05-22,-0.19554600550748244,-0.21623291445839887,0.08384509939714903,0.07460241473539135
AVAX,1779523200,2026-05-23,0.7694301772141694,0.9471998476285797,0.08342267495300568,0.06822441918016005
AVAX,1779818400,2026-05-26,-0.015420643260969855,-0.014537480347347337,0.08690409856729006,0.08143518307246612
AVAX,1779858000,2026-05-27,0.3044801079000263,0.3159424249753295,0.07120305153228933,0.06883405549631155
AVAX,1779919200,2026-05-27,-1.0142857142857142,-1.0142857142857142,0.08365923679871402,0.07470994732169209
AVAX,1779944400,2026-05-28,-0.03484872529382705,-0.03523720853027037,0.09103099577707933,0.08572568775993158
AVAX,1780066800,2026-05-29,0.3778456337613484,0.4244317141120352,0.07873685178551389,0.07063968653824577
AVAX,1780110000,2026-05-30,0.24160053257939662,0.23788556526173243,0.0867172571453209,0.08792627692573023
AVAX,1780207200,2026-05-31,1.0680389172034526,1.0858648697554938,0.05132699550261995,0.05050599515666769
AVAX,1780300800,2026-06-01,0.22926289931766722,0.23015665636787808,0.08421797784671108,0.08392705306568879
AVAX,1780369200,2026-06-02,-0.010981406820115188,-0.009675780764022797,0.09745785073619814,0.09072383925436732
AVAX,1780412400,2026-06-02,-1.0142857142857142,-1.0142857142857142,0.0975236190575622,0.08217928206199014
AVAX,1780520400,2026-06-03,-1.0142857142857142,-1.0142857142857142,0.1197423322036411,0.11456866545007502
AVAX,1780542000,2026-06-04,0.17830383984110176,0.20268994603850837,0.1560636732145945,0.1396070326926402
AVAX,1780862400,2026-06-07,0.03532674377417181,0.03878340090633048,0.09837079927289835,0.09332239921696747
AVAX,1781017200,2026-06-09,0.13394039004247346,0.14973437771447065,0.08087323897397376,0.0737096419719717
AVAX,1781082000,2026-06-10,0.14198242364472158,0.15050026567196043,0.07538465235513178,0.07179885638244961
AVAX,1781200800,2026-06-11,-0.01844326848497197,-0.017105406122332183,0.08462967111758002,0.07475503043431694
AVAX,1781366400,2026-06-13,0.0008266135839766202,0.002109051055322841,0.04859410096154319,0.04656287795858495
AVAX,1781449200,2026-06-14,1.690218221388949,-1.0142857142857142,0.04488208149533341,0.04164224161035908
AVAX,1781524800,2026-06-15,-0.02857142857142944,-0.028571428571432286,0.07057550139314868,0.06515823226954473
AVAX,1781622000,2026-06-16,0.4376730115729903,0.4718392883081914,0.0821151117080456,0.07650858183943376
AVAX,1781726400,2026-06-17,-0.2554267893496017,-0.2794398297850124,0.09445918031236245,0.08541757879792881
AVAX,1781798400,2026-06-18,0.2220195980469429,0.2946439099807303,0.09691374273628368,0.0751378767929209
AVAX,1781906400,2026-06-19,-0.10824560117082198,-0.1241838044308938,0.10040894983904325,0.08367117674973891
AVAX,1782000000,2026-06-21,-0.12860755700511245,-0.12435312844124818,0.08282721868036914,0.086506235501936
AVAX,1782129600,2026-06-22,0.34744333976094427,0.36718641720366896,0.07218561457901229,0.0685845080081671
AVAX,1782198000,2026-06-23,0.978512066917967,1.093135035200262,0.07773507820984679,0.06979162268752731
AVAX,1782255600,2026-06-23,0.23763761845323728,0.24303725694795492,0.08264181944936676,0.08099888248393342
AVAX,1782324000,2026-06-24,1.2126780544112672,1.3061290976372166,0.09161275575401051,0.08519835235047286
AVAX,1782370800,2026-06-25,1.218315850525938,1.2784512746265508,0.09761450594186467,0.0931233140912389
AVAX,1782522000,2026-06-27,0.22827378714991545,0.23334736315317917,0.1190266615851471,0.11672102016861996
AVAX,1782576000,2026-06-27,0.7584761260035613,0.7450296599116984,0.08785092684799005,0.08937792122091233
AVAX,1782738000,2026-06-29,-0.10856335818898002,-0.114643523972326,0.09643830010312997,0.08962586164952455
AVAX,1782824400,2026-06-30,0.3840904168469415,0.4190979109758997,0.07339111822904162,0.06765197347742939
AVAX,1782921600,2026-07-01,0.3036144961815178,0.3078233312184515,0.07224869632224604,0.07134474988549569
AVAX,1782997200,2026-07-02,0.13579019428195757,0.13921806254561345,0.06084145329302594,0.059598488161720246
AVAX,1783069200,2026-07-03,0.036343997720980854,0.03751674916087765,0.05281597340403373,0.051878740588959374
AVAX,1783116000,2026-07-03,0.7360026923007309,0.7623438132093174,0.057922068085690434,0.0559929963999743
AVAX,1783188000,2026-07-04,1.2984451529795997,1.5371750984626447,0.058347855260461205,0.0494515364343428
AVAX,1783220400,2026-07-05,0.2664808122728217,0.2817379891371166,0.06100614572014589,0.05800661846784945
AVAX,1783342800,2026-07-06,1.150519904084192,1.211360676532277,0.06227555863988158,0.05921983238141097
AVAX,1783375200,2026-07-06,0.8461425302155796,0.9427361415408858,0.07545323741206092,0.06794964028991175
AVAX,1783479600,2026-07-08,0.17923933439156872,0.1951076357841272,0.07699312476346114,0.07153105743757357
AVAX,1783648800,2026-07-10,0.17898126846779547,0.20434832315341891,0.05919322880874172,0.0527465541017218
AVAX,1783695600,2026-07-10,0.3273589795061063,0.36391381793696154,0.05699348475248941,0.05168529127191165
AVAX,1783810800,2026-07-11,-1.0142857142857142,-1.0142857142857142,0.03571507499622438,0.034308542303626295
AVAX,1783839600,2026-07-12,0.5440826640585543,0.6283156991852901,0.0618673155130371,0.05393403209096303
AVAX,1783980000,2026-07-13,0.4688054762416536,0.485874810521715,0.07754969762000481,0.07497659743692826
AVAX,1784044800,2026-07-14,-0.008298330555140107,-0.007833487461765522,0.07046636026836296,0.06888684951977554
AVAX,1784124000,2026-07-15,0.26102351571140836,0.27556919762765414,0.05919598211671239,0.05636490381799795
AVAX,1784246400,2026-07-17,-0.2545611126302969,-0.2620388441827476,0.05436404912409162,0.05262282213363713
AVAX,1784455200,2026-07-19,-0.8204566896694446,-1.0142857142857142,0.037523473631879745,0.03448681775740896
AVAX,1784520000,2026-07-20,0.32329395915077,0.333501374219043,0.059275915122431945,0.05760483167031129
AVAX,1784606400,2026-07-21,0.0442916123454064,0.04289982604659534,0.05489751662389932,0.05596655636419925
AVAX,1784815200,2026-07-23,-1.0142857142857142,-1.0142857142857142,0.0496790662596705,0.04657745597195286
AVAX,1784833200,2026-07-23,-0.028571428571429663,-0.028571428571427054,0.062306541821770374,0.05717627580806044
AVAX,1784901600,2026-07-24,0.37106244827714124,0.38927290119842367,0.05362050784471188,0.0512836238327666
AVAX,1784984400,2026-07-25,-1.0142857142857142,-1.0142857142857142,0.03945867661008873,0.03749395942624937
AVAX,1784998800,2026-07-25,-0.4487828692349996,-0.5037330152112843,0.06391340229749959,0.05652212555115339
AVAX,1785146400,2026-07-27,-1.0142857142857142,-1.0142857142857142,0.042840231885853626,0.04136640356938081
AVAX,1785301200,2026-07-29,0.16082437170890265,0.17078458592263784,0.06486793406997256,0.061627005921508896
AVAX,1785463200,2026-07-31,0.2503768342451152,0.2756502563194217,0.047115751896619644,0.0432015789655904
AVAX,1785582000,2026-08-01,-1.0142857142857142,-1.0142857142857142,0.040305697788753723,0.04102152069558096
AVAX,1785610800,2026-08-01,0.9392072952449794,1.353476010373003,0.054321744503862276,0.03803880177339014
AVAX,1785650400,2026-08-02,0.1614125986580022,0.19212406677691263,0.07369040547336626,0.06343582127900983
AVAX,1785808800,2026-08-04,0.16565802320863818,0.25874447916134335,0.0661956399470314,0.04474915071218761
AVAX,1786014000,2026-08-06,0.34807920792431885,0.4125592802780584,0.060685262793657664,0.05181489839316978
AVAX,1786125600,2026-08-07,1.0294629364888095,1.0363307429981072,0.04428697630674321,0.044001359099569606
AVAX,1786320000,2026-08-10,0.48300810916033593,0.551397237520931,0.04579653739171918,0.04039627103723607
AVAX,1786597200,2026-08-13,0.2074080935416532,0.2068444980523121,0.06295945819410342,0.063110185747496
AVAX,1786701600,2026-08-14,0.4245401937828895,0.42356627221917664,0.03909475025655744,0.039178961814754144
AVAX,1786780800,2026-08-15,0.3575004796313333,0.5955027672108337,0.06512480345928781,0.04028824987923304
AVAX,1786842000,2026-08-16,-0.045157943126920445,-0.045807644921367345,0.051677093115313565,0.04972917720110692
AVAX,1787018400,2026-08-18,0.7864172962363075,0.9198921559161044,0.043471241196532846,0.037353644365496895
AVAX,1787148000,2026-08-19,3.8397120915328413,4.008706993891808,0.03626562364330848,0.03474759469279374
AVAX,1787216400,2026-08-20,-1.0142857142857142,-1.0142857142857142,0.07519222509802627,0.0694377808747975
AVAX,1787626800,2026-08-25,0.44979853760486216,0.4732950076158326,0.09138175221095693,0.0871034254579536
AVAX,1787666400,2026-08-25,-0.038274415367895755,-0.03942416397879153,0.08833804220515917,0.0789794300670945
AVAX,1787756400,2026-08-26,0.7040229246782186,0.7528782636122767,0.08385073015658137,0.07860847863016454
AVAX,1787788800,2026-08-27,-0.22574420787087074,-0.22961035681734318,0.07679993758093898,0.07532300970254965
AVAX,1788087600,2026-08-30,-0.3439961245131358,-0.3549875542179187,0.0389497539152251,0.03763819652408857
AVAX,1788134400,2026-08-31,0.22020001439271764,0.2992845590791303,0.07350407292668835,0.05577361699797204
AVAX,1788404400,2026-09-03,-0.14644190018027,-0.1511730967472431,0.06059920729392625,0.058260684778074404
AVAX,1788451200,2026-09-03,-0.12078203621849727,-0.12604330453570173,0.06816693270011283,0.06448746598473686
AVAX,1788613200,2026-09-05,-0.5884035653005638,-0.6115529562162656,0.04286999338805762,0.041167685187138946
AVAX,1788667200,2026-09-06,0.17476817592912774,0.18520992027983957,0.05198902888295739,0.04944972341241566
