signal_time,direction,strength,confidence,regime,entry_price,exit_price,bars_held,exit_reason,gross_ret,net_ret,win
2025-11-16 07:00:00,DOWN,Moderate,41.935483870967744,UNKNOWN,96064.8,93903.342,1,tp,0.022499999999999964,0.021199999999999965,1
2025-11-16 08:00:00,DOWN,Strong,87.5,UNKNOWN,96083.5,93921.62125,1,tp,0.022500000000000075,0.021200000000000076,1
2025-11-16 11:00:00,DOWN,Moderate,44.0,UNKNOWN,95588.0,93437.27,1,tp,0.022499999999999964,0.021199999999999965,1
2025-11-16 14:00:00,DOWN,Strong,86.8421052631579,UNKNOWN,95487.0,93338.54250000001,1,tp,0.022499999999999853,0.021199999999999854,1
2025-11-16 16:00:00,DOWN,Moderate,42.5,UNKNOWN,94185.4,92066.2285,1,tp,0.022499999999999964,0.021199999999999965,1
2025-11-16 18:00:00,UP,Moderate,40.476190476190474,UNKNOWN,94005.9,92595.8115,1,sl,-0.015000000000000013,-0.016300000000000012,0
2025-11-16 19:00:00,UP,Strong,100.0,UNKNOWN,93994.5,92584.5825,1,sl,-0.014999999999999902,-0.0162999999999999,0
2025-11-16 20:00:00,UP,Strong,97.72727272727273,UNKNOWN,94051.1,92640.33350000001,1,sl,-0.015000000000000013,-0.016300000000000012,0
2025-11-16 21:00:00,UP,Moderate,65.0,UNKNOWN,93472.9,92070.80649999999,1,sl,-0.015000000000000013,-0.016300000000000012,0
2025-11-16 22:00:00,UP,Strong,71.73913043478261,UNKNOWN,94156.7,92744.3495,1,sl,-0.015000000000000013,-0.016300000000000012,0
2025-11-16 23:00:00,UP,Strong,93.61702127659575,UNKNOWN,94221.7,92808.37449999999,1,sl,-0.015000000000000013,-0.016300000000000012,0
2025-11-17 00:00:00,UP,Strong,100.0,UNKNOWN,95254.4,93825.58399999999,1,sl,-0.015000000000000013,-0.016300000000000012,0
2025-11-17 01:00:00,DOWN,Moderate,44.89795918367347,UNKNOWN,94732.5,92601.01875,1,tp,0.022499999999999964,0.021199999999999965,1
2025-11-17 04:00:00,UP,Moderate,65.0,UNKNOWN,95067.8,93641.783,1,sl,-0.015000000000000124,-0.016300000000000123,0
2025-11-17 06:00:00,DOWN,Moderate,40.74074074074074,UNKNOWN,95237.3,93094.46075000001,1,tp,0.022499999999999853,0.021199999999999854,1
2025-11-17 08:00:00,DOWN,Moderate,42.857142857142854,UNKNOWN,95577.3,93426.81075,1,tp,0.022499999999999964,0.021199999999999965,1
2025-11-17 09:00:00,DOWN,Moderate,43.859649122807014,UNKNOWN,95608.0,93456.82,1,tp,0.022499999999999964,0.021199999999999965,1
2025-11-17 10:00:00,DOWN,Moderate,43.103448275862064,UNKNOWN,95607.6,93456.429,1,tp,0.022500000000000075,0.021200000000000076,1
2025-11-17 11:00:00,DOWN,Moderate,42.3728813559322,UNKNOWN,95530.1,93380.67275000001,1,tp,0.022499999999999964,0.021199999999999965,1
2025-11-17 12:00:00,DOWN,Moderate,41.66666666666667,UNKNOWN,95283.4,93139.5235,1,tp,0.022499999999999964,0.021199999999999965,1
2025-11-17 14:00:00,DOWN,Moderate,41.935483870967744,UNKNOWN,94730.2,92598.7705,1,tp,0.022499999999999964,0.021199999999999965,1
2025-11-17 17:00:00,DOWN,Moderate,47.384615384615394,UNKNOWN,92724.0,90637.71,1,tp,0.022499999999999964,0.021199999999999965,1
2025-11-17 21:00:00,DOWN,Moderate,55.072463768115945,UNKNOWN,91925.7,89857.37175,1,tp,0.022499999999999853,0.021199999999999854,1
2025-11-17 23:00:00,UP,Strong,88.73239436619718,UNKNOWN,92169.7,90787.15449999999,1,sl,-0.015000000000000124,-0.016300000000000123,0
2025-11-18 00:00:00,UP,Strong,86.11111111111111,UNKNOWN,92120.2,90738.397,1,sl,-0.015000000000000013,-0.016300000000000012,0
2025-11-18 03:00:00,DOWN,Moderate,63.06666666666668,UNKNOWN,90811.9,88768.63225,1,tp,0.022499999999999964,0.021199999999999965,1
2025-11-18 05:00:00,DOWN,Moderate,61.038961038961034,UNKNOWN,90185.9,88156.71725,1,tp,0.022499999999999964,0.021199999999999965,1
2025-11-18 08:00:00,UP,Strong,71.5,UNKNOWN,91179.9,89812.2015,1,sl,-0.015000000000000013,-0.016300000000000012,0
2025-11-18 09:00:00,UP,Moderate,61.72839506172839,UNKNOWN,91361.7,89991.2745,1,sl,-0.015000000000000013,-0.016300000000000012,0
2025-11-18 10:00:00,UP,Moderate,58.536585365853654,UNKNOWN,91536.3,90163.2555,1,sl,-0.015000000000000013,-0.016300000000000012,0
2025-11-18 13:00:00,DOWN,Moderate,55.294117647058826,UNKNOWN,91438.4,89381.036,1,tp,0.022499999999999964,0.021199999999999965,1
2025-11-18 14:00:00,DOWN,Moderate,65.0,UNKNOWN,91315.9,89261.29225,1,tp,0.022499999999999964,0.021199999999999965,1
2025-11-18 15:00:00,DOWN,Moderate,65.0,UNKNOWN,92851.4,90762.2435,1,tp,0.022499999999999964,0.021199999999999965,1
2025-11-18 16:00:00,DOWN,Moderate,65.0,UNKNOWN,93447.3,91344.73575,1,tp,0.022499999999999964,0.021199999999999965,1
2025-11-18 17:00:00,DOWN,Strong,94.3820224719101,UNKNOWN,93215.7,91118.34675,1,tp,0.022499999999999964,0.021199999999999965,1
2025-11-18 18:00:00,DOWN,Moderate,65.0,UNKNOWN,93290.6,91191.56150000001,1,tp,0.022499999999999964,0.021199999999999965,1
2025-11-18 19:00:00,DOWN,Strong,91.20879120879121,UNKNOWN,93143.1,91047.38025,1,tp,0.022500000000000075,0.021200000000000076,1
2025-11-18 20:00:00,DOWN,Strong,86.95652173913044,UNKNOWN,92756.8,90669.77200000001,1,tp,0.022499999999999853,0.021199999999999854,1
2025-11-18 21:00:00,DOWN,Strong,83.87096774193549,UNKNOWN,92459.0,90378.6725,1,tp,0.022499999999999964,0.021199999999999965,1
2025-11-18 22:00:00,DOWN,Moderate,55.319148936170215,UNKNOWN,93119.6,91024.40900000001,1,tp,0.022499999999999853,0.021199999999999854,1
2025-11-18 23:00:00,DOWN,Strong,81.05263157894737,UNKNOWN,92916.9,90826.26974999999,1,tp,0.022500000000000075,0.021200000000000076,1
2025-11-19 00:00:00,DOWN,Moderate,57.29166666666667,UNKNOWN,92377.6,90299.104,1,tp,0.022499999999999964,0.021199999999999965,1
2025-11-19 01:00:00,DOWN,Moderate,50.51546391752577,UNKNOWN,92410.2,90330.9705,1,tp,0.022499999999999964,0.021199999999999965,1
2025-11-19 02:00:00,DOWN,Moderate,50.0,UNKNOWN,92529.2,90447.293,1,tp,0.022499999999999964,0.021199999999999965,1
2025-11-19 03:00:00,DOWN,Strong,78.78787878787878,UNKNOWN,91842.2,89775.7505,1,tp,0.022500000000000075,0.021200000000000076,1
2025-11-19 04:00:00,DOWN,Strong,83.60000000000001,UNKNOWN,91120.3,89070.09325,1,tp,0.022499999999999964,0.021199999999999965,1
2025-11-19 05:00:00,DOWN,Strong,81.68316831683168,UNKNOWN,90415.7,88381.34675,1,tp,0.022499999999999964,0.021199999999999965,1
2025-11-19 06:00:00,DOWN,Moderate,65.0,UNKNOWN,90938.5,88892.38375000001,1,tp,0.022499999999999964,0.021199999999999965,1
2025-11-19 09:00:00,DOWN,Moderate,47.61904761904761,UNKNOWN,91480.0,89421.7,1,tp,0.022500000000000075,0.021200000000000076,1
2025-11-19 12:00:00,DOWN,Moderate,49.074074074074076,UNKNOWN,91737.0,89672.91750000001,1,tp,0.022499999999999853,0.021199999999999854,1
2025-11-19 17:00:00,UP,Strong,92.03539823008849,UNKNOWN,89459.9,88118.0015,1,sl,-0.014999999999999902,-0.0162999999999999,0
2025-11-19 18:00:00,UP,Strong,87.71929824561403,UNKNOWN,89214.4,87876.184,1,sl,-0.015000000000000013,-0.016300000000000012,0
2025-11-19 19:00:00,UP,Moderate,65.0,UNKNOWN,88857.7,87524.8345,1,sl,-0.015000000000000013,-0.016300000000000012,0
2025-11-19 20:00:00,UP,Strong,81.03448275862068,UNKNOWN,89472.8,88130.708,1,sl,-0.015000000000000013,-0.016300000000000012,0
2025-11-19 21:00:00,UP,Strong,78.63247863247864,UNKNOWN,90553.9,89195.5915,1,sl,-0.015000000000000013,-0.016300000000000012,0
2025-11-19 22:00:00,UP,Strong,79.66101694915254,UNKNOWN,90434.3,89077.7855,1,sl,-0.015000000000000013,-0.016300000000000012,0
2025-11-20 03:00:00,DOWN,Strong,73.33333333333333,UNKNOWN,92404.6,90325.49650000001,1,tp,0.022499999999999964,0.021199999999999965,1
2025-11-20 05:00:00,DOWN,Strong,71.28,UNKNOWN,92581.7,90498.61175,1,tp,0.022499999999999964,0.021199999999999965,1
2025-11-20 06:00:00,DOWN,Moderate,69.84126984126983,UNKNOWN,91938.1,89869.49275,1,tp,0.022499999999999964,0.021199999999999965,1
2025-11-20 07:00:00,DOWN,Moderate,62.20472440944882,UNKNOWN,92267.4,90191.3835,1,tp,0.022499999999999964,0.021199999999999965,1
2025-11-20 08:00:00,DOWN,Moderate,65.3125,UNKNOWN,92082.3,90010.44825,1,tp,0.022499999999999964,0.021199999999999965,1
2025-11-20 09:00:00,DOWN,Moderate,60.54263565891473,UNKNOWN,91874.1,89806.93275,1,tp,0.022499999999999964,0.021199999999999965,1
2025-11-20 10:00:00,DOWN,Moderate,53.07692307692308,UNKNOWN,91770.0,89705.175,1,tp,0.022499999999999964,0.021199999999999965,1
2025-11-20 16:00:00,DOWN,Moderate,59.85294117647059,UNKNOWN,87855.5,85878.75125,1,tp,0.022499999999999964,0.021199999999999965,1
2025-11-20 17:00:00,UP,Moderate,40.14598540145985,UNKNOWN,87186.1,85878.3085,1,sl,-0.015000000000000124,-0.016300000000000123,0
2025-11-20 18:00:00,UP,Moderate,55.79710144927537,UNKNOWN,86445.7,85149.01449999999,1,sl,-0.015000000000000124,-0.016300000000000123,0
2025-11-20 19:00:00,UP,Strong,95.75539568345324,UNKNOWN,86880.3,85577.0955,1,sl,-0.015000000000000124,-0.016300000000000123,0
2025-11-20 20:00:00,UP,Strong,83.57142857142857,UNKNOWN,86432.8,85136.308,1,sl,-0.015000000000000013,-0.016300000000000012,0
2025-11-20 21:00:00,UP,Strong,89.71631205673759,UNKNOWN,87235.0,85926.475,1,sl,-0.014999999999999902,-0.0162999999999999,0
2025-11-20 22:00:00,UP,Strong,85.21126760563381,UNKNOWN,88033.8,86713.293,1,sl,-0.015000000000000013,-0.016300000000000012,0
2025-11-21 00:00:00,UP,Strong,83.2638888888889,UNKNOWN,87249.9,85941.15149999999,1,sl,-0.015000000000000013,-0.016300000000000012,0
2025-11-21 08:00:00,UP,Moderate,65.13157894736842,UNKNOWN,83609.6,82355.456,1,sl,-0.015000000000000013,-0.016300000000000012,0
2025-11-21 09:00:00,UP,Moderate,40.52287581699346,UNKNOWN,82188.7,80955.8695,1,sl,-0.014999999999999902,-0.0162999999999999,0
2025-11-21 11:00:00,UP,Moderate,62.58064516129033,UNKNOWN,82279.1,81044.91350000001,1,sl,-0.014999999999999902,-0.0162999999999999,0
2025-11-21 13:00:00,UP,Moderate,64.45859872611466,UNKNOWN,84065.2,82804.222,1,sl,-0.015000000000000013,-0.016300000000000012,0
2025-11-21 18:00:00,UP,Moderate,50.617283950617285,UNKNOWN,84534.2,83266.18699999999,1,sl,-0.015000000000000124,-0.016300000000000123,0
2025-11-21 20:00:00,UP,Strong,73.78048780487806,UNKNOWN,84529.0,83261.065,1,sl,-0.015000000000000013,-0.016300000000000012,0
2025-11-21 21:00:00,UP,Strong,74.0,UNKNOWN,85142.4,83865.264,1,sl,-0.015000000000000013,-0.016300000000000012,0
2025-11-21 23:00:00,UP,Strong,75.74850299401199,UNKNOWN,85093.5,83817.0975,1,sl,-0.015000000000000013,-0.016300000000000012,0
2025-11-22 01:00:00,UP,Moderate,46.21301775147929,UNKNOWN,85143.0,83865.855,1,sl,-0.015000000000000013,-0.016300000000000012,0
2025-11-22 02:00:00,UP,Moderate,44.11764705882353,UNKNOWN,84492.0,83224.62,1,sl,-0.015000000000000013,-0.016300000000000012,0
2025-11-22 04:00:00,UP,Moderate,41.86046511627907,UNKNOWN,84206.7,82943.5995,1,sl,-0.015000000000000013,-0.016300000000000012,0
2025-11-22 09:00:00,UP,Moderate,40.11299435028249,UNKNOWN,83898.5,82640.02249999999,1,sl,-0.015000000000000124,-0.016300000000000123,0
2025-11-22 10:00:00,DOWN,Moderate,58.42696629213483,UNKNOWN,83666.1,81783.61275000001,1,tp,0.022499999999999853,0.021199999999999854,1
2025-11-22 12:00:00,DOWN,Moderate,66.11111111111111,UNKNOWN,83845.2,81958.683,1,tp,0.022499999999999964,0.021199999999999965,1
2025-11-22 14:00:00,UP,Strong,78.57142857142858,UNKNOWN,84451.5,83184.7275,1,sl,-0.015000000000000124,-0.016300000000000123,0
2025-11-22 16:00:00,UP,Strong,100.0,UNKNOWN,84659.7,83389.8045,1,sl,-0.015000000000000013,-0.016300000000000012,0
2025-11-22 17:00:00,DOWN,Strong,77.83783783783784,UNKNOWN,84515.5,82613.90125000001,1,tp,0.022499999999999853,0.021199999999999854,1
2025-11-22 18:00:00,UP,Moderate,42.58064516129033,UNKNOWN,84624.8,83355.428,1,sl,-0.015000000000000013,-0.016300000000000012,0
2025-11-22 19:00:00,UP,Moderate,52.94117647058824,UNKNOWN,84566.7,83298.1995,1,sl,-0.014999999999999902,-0.0162999999999999,0
2025-11-22 20:00:00,UP,Strong,92.5531914893617,UNKNOWN,84426.7,83160.2995,1,sl,-0.015000000000000013,-0.016300000000000012,0
2025-11-22 21:00:00,DOWN,Moderate,43.386243386243386,UNKNOWN,84370.0,82471.675,1,tp,0.022499999999999964,0.021199999999999965,1
2025-11-22 22:00:00,UP,Strong,100.0,UNKNOWN,85020.6,83745.291,1,sl,-0.015000000000000124,-0.016300000000000123,0
2025-11-22 23:00:00,UP,Moderate,51.30890052356021,UNKNOWN,84689.4,83419.059,1,sl,-0.015000000000000013,-0.016300000000000012,0
2025-11-23 00:00:00,UP,Strong,100.0,UNKNOWN,84929.1,83655.16350000001,1,sl,-0.014999999999999902,-0.0162999999999999,0
2025-11-23 01:00:00,UP,Strong,100.0,UNKNOWN,85837.5,84549.9375,1,sl,-0.015000000000000013,-0.016300000000000012,0
2025-11-23 02:00:00,UP,Strong,97.42268041237114,UNKNOWN,85948.4,84659.174,1,sl,-0.014999999999999902,-0.0162999999999999,0
2025-11-23 03:00:00,UP,Strong,86.30769230769232,UNKNOWN,86261.0,84967.08499999999,1,sl,-0.015000000000000124,-0.016300000000000123,0
2025-11-23 04:00:00,UP,Strong,100.0,UNKNOWN,86499.3,85201.8105,1,sl,-0.014999999999999902,-0.0162999999999999,0
2025-11-23 05:00:00,DOWN,Moderate,68.12182741116752,UNKNOWN,86315.3,84373.20575000001,1,tp,0.022499999999999964,0.021199999999999965,1
2025-11-23 08:00:00,UP,Strong,100.0,UNKNOWN,86100.0,84808.5,1,sl,-0.015000000000000013,-0.016300000000000012,0
2025-11-23 09:00:00,UP,Strong,99.05472636815921,UNKNOWN,86348.2,85052.977,1,sl,-0.015000000000000013,-0.016300000000000012,0
2025-11-23 10:00:00,DOWN,Moderate,57.42574257425742,UNKNOWN,86023.9,84088.36224999999,1,tp,0.022500000000000075,0.021200000000000076,1
2025-11-23 11:00:00,UP,Strong,86.20689655172413,UNKNOWN,86290.3,84995.9455,1,sl,-0.015000000000000013,-0.016300000000000012,0
2025-11-23 12:00:00,UP,Strong,83.33333333333334,UNKNOWN,86485.1,85187.8235,1,sl,-0.015000000000000124,-0.016300000000000123,0
2025-11-23 13:00:00,UP,Strong,90.14634146341464,UNKNOWN,86887.9,85584.5815,1,sl,-0.014999999999999902,-0.0162999999999999,0
2025-11-23 15:00:00,UP,Strong,86.08695652173914,UNKNOWN,87042.8,85737.158,1,sl,-0.015000000000000124,-0.016300000000000123,0
2025-11-23 19:00:00,UP,Strong,75.35545023696683,UNKNOWN,87276.7,85967.5495,1,sl,-0.015000000000000013,-0.016300000000000012,0
2025-11-23 21:00:00,UP,Strong,82.11267605633803,UNKNOWN,87945.0,86625.825,1,sl,-0.015000000000000013,-0.016300000000000012,0
2025-11-23 23:00:00,DOWN,Moderate,61.395348837209305,UNKNOWN,86807.7,84854.52675,1,tp,0.022499999999999964,0.021199999999999965,1
2025-11-24 05:00:00,DOWN,Moderate,61.085972850678736,UNKNOWN,87425.3,85458.23075,1,tp,0.022499999999999964,0.021199999999999965,1
2025-11-24 06:00:00,DOWN,Moderate,63.06306306306306,UNKNOWN,86862.1,84907.70275000001,1,tp,0.022499999999999964,0.021199999999999965,1
2025-11-24 07:00:00,DOWN,Moderate,63.67713004484305,UNKNOWN,87004.6,85046.99650000001,1,tp,0.022499999999999964,0.021199999999999965,1
2025-11-24 09:00:00,DOWN,Strong,78.71111111111111,UNKNOWN,85913.7,83980.64175,1,tp,0.022500000000000075,0.021200000000000076,1
2025-11-24 10:00:00,DOWN,Strong,83.6283185840708,UNKNOWN,86017.1,84081.71525000001,1,tp,0.022499999999999964,0.021199999999999965,1
2025-11-24 17:00:00,UP,Moderate,41.072961373390555,UNKNOWN,88314.9,86990.17649999999,1,sl,-0.015000000000000124,-0.016300000000000123,0
2025-11-24 19:00:00,DOWN,Moderate,54.8936170212766,UNKNOWN,88277.0,86290.7675,1,tp,0.022499999999999964,0.021199999999999965,1
2025-11-24 20:00:00,DOWN,Moderate,47.03389830508475,UNKNOWN,89018.7,87015.77925,1,tp,0.022499999999999853,0.021199999999999854,1
2025-11-24 21:00:00,DOWN,Moderate,47.257383966244724,UNKNOWN,88713.3,86717.25075,1,tp,0.022499999999999964,0.021199999999999965,1
2025-11-24 22:00:00,DOWN,Moderate,68.4873949579832,UNKNOWN,88584.7,86591.54425,1,tp,0.022499999999999853,0.021199999999999854,1
2025-11-24 23:00:00,DOWN,Moderate,66.52719665271967,UNKNOWN,88247.1,86261.54025,1,tp,0.022499999999999964,0.021199999999999965,1
2025-11-25 00:00:00,DOWN,Moderate,63.74999999999999,UNKNOWN,88057.9,86076.59724999999,1,tp,0.022500000000000075,0.021200000000000076,1
2025-11-25 01:00:00,DOWN,Moderate,59.33609958506224,UNKNOWN,87687.5,85714.53125,1,tp,0.022499999999999964,0.021199999999999965,1
2025-11-25 02:00:00,DOWN,Moderate,57.438016528925615,UNKNOWN,87864.4,85887.451,1,tp,0.022499999999999964,0.021199999999999965,1
2025-11-25 04:00:00,DOWN,Moderate,65.0,UNKNOWN,88298.9,86312.17474999999,1,tp,0.022500000000000075,0.021200000000000076,1
2025-11-25 05:00:00,DOWN,Strong,93.46938775510203,UNKNOWN,88078.3,86096.53825000001,1,tp,0.022499999999999853,0.021199999999999854,1
2025-11-25 06:00:00,DOWN,Strong,89.02439024390245,UNKNOWN,87963.8,85984.61450000001,1,tp,0.022499999999999964,0.021199999999999965,1
2025-11-25 07:00:00,DOWN,Strong,100.0,UNKNOWN,87362.2,85396.5505,1,tp,0.022499999999999964,0.021199999999999965,1
2025-11-25 08:00:00,DOWN,Strong,92.70161290322582,UNKNOWN,86978.6,85021.58150000001,1,tp,0.022499999999999853,0.021199999999999854,1
2025-11-25 09:00:00,DOWN,Moderate,55.020080321285135,UNKNOWN,87194.3,85232.42825000001,1,tp,0.022499999999999853,0.021199999999999854,1
2025-11-25 11:00:00,DOWN,Moderate,41.832669322709165,UNKNOWN,87311.9,85347.38225,1,tp,0.022499999999999964,0.021199999999999965,1
2025-11-25 16:00:00,UP,Strong,97.53906250000001,UNKNOWN,87081.0,85774.785,1,sl,-0.015000000000000013,-0.016300000000000012,0
2025-11-25 17:00:00,UP,Strong,78.32684824902725,UNKNOWN,87581.1,86267.38350000001,1,sl,-0.014999999999999902,-0.0162999999999999,0
2025-11-25 19:00:00,UP,Moderate,65.0,UNKNOWN,86835.0,85532.475,1,sl,-0.014999999999999902,-0.0162999999999999,0
2025-11-25 20:00:00,UP,Strong,72.6923076923077,UNKNOWN,87330.8,86020.838,1,sl,-0.015000000000000013,-0.016300000000000012,0
2025-11-25 22:00:00,UP,Strong,76.7175572519084,UNKNOWN,87606.2,86292.10699999999,1,sl,-0.015000000000000124,-0.016300000000000123,0
2025-11-25 23:00:00,UP,Moderate,65.0,UNKNOWN,87324.1,86014.2385,1,sl,-0.015000000000000013,-0.016300000000000012,0
2025-11-26 00:00:00,UP,Strong,72.72727272727273,UNKNOWN,87536.7,86223.6495,1,sl,-0.015000000000000013,-0.016300000000000012,0
2025-11-26 01:00:00,UP,Strong,71.32075471698113,UNKNOWN,87878.7,86560.5195,1,sl,-0.015000000000000013,-0.016300000000000012,0
2025-11-26 03:00:00,UP,Moderate,65.0,UNKNOWN,87088.5,85782.1725,1,sl,-0.015000000000000013,-0.016300000000000012,0
2025-11-26 13:00:00,UP,Strong,94.94584837545126,UNKNOWN,87082.0,85775.77,1,sl,-0.014999999999999902,-0.0162999999999999,0
2025-11-26 14:00:00,UP,Moderate,61.15107913669065,UNKNOWN,86858.1,85555.2285,1,sl,-0.015000000000000124,-0.016300000000000123,0
2025-11-26 16:00:00,UP,Moderate,42.035714285714285,UNKNOWN,87778.9,86462.2165,1,sl,-0.015000000000000013,-0.016300000000000012,0
2025-11-26 18:00:00,DOWN,Moderate,65.0,UNKNOWN,90103.4,88076.0735,1,tp,0.022499999999999964,0.021199999999999965,1
2025-11-26 19:00:00,DOWN,Strong,84.45229681978799,UNKNOWN,89923.3,87900.02575,1,tp,0.022500000000000075,0.021200000000000076,1
2025-11-26 20:00:00,DOWN,Strong,81.69014084507043,UNKNOWN,89811.0,87790.2525,1,tp,0.022499999999999964,0.021199999999999965,1
2025-11-26 21:00:00,DOWN,Moderate,65.0,UNKNOWN,90142.8,88114.587,1,tp,0.022500000000000075,0.021200000000000076,1
2025-11-26 22:00:00,DOWN,Moderate,65.0,UNKNOWN,90330.5,88298.06375,1,tp,0.022499999999999964,0.021199999999999965,1
2025-11-26 23:00:00,DOWN,Moderate,65.0,UNKNOWN,90438.1,88403.24275,1,tp,0.022499999999999964,0.021199999999999965,1
2025-11-27 00:00:00,DOWN,Moderate,65.0,UNKNOWN,90426.6,88392.00150000001,1,tp,0.022499999999999964,0.021199999999999965,1
2025-11-27 01:00:00,DOWN,Moderate,65.0,UNKNOWN,91094.8,89045.167,1,tp,0.022499999999999964,0.021199999999999965,1
2025-11-27 02:00:00,DOWN,Moderate,65.0,UNKNOWN,91335.4,89280.3535,1,tp,0.022499999999999964,0.021199999999999965,1
2025-11-27 03:00:00,DOWN,Moderate,51.546391752577314,UNKNOWN,91049.3,89000.69075000001,1,tp,0.022499999999999964,0.021199999999999965,1
2025-11-27 04:00:00,DOWN,Moderate,65.0,UNKNOWN,91233.0,89180.2575,1,tp,0.022499999999999964,0.021199999999999965,1
2025-11-27 05:00:00,DOWN,Strong,97.26962457337885,UNKNOWN,90932.0,88886.03,1,tp,0.022499999999999964,0.021199999999999965,1
2025-11-27 06:00:00,DOWN,Strong,96.5986394557823,UNKNOWN,91198.6,89146.6315,1,tp,0.022500000000000075,0.021200000000000076,1
2025-11-27 07:00:00,DOWN,Moderate,68.8135593220339,UNKNOWN,91361.5,89305.86625,1,tp,0.022499999999999964,0.021199999999999965,1
2025-11-27 08:00:00,DOWN,Moderate,68.24324324324324,UNKNOWN,91440.2,89382.79550000001,1,tp,0.022499999999999853,0.021199999999999854,1
2025-11-27 09:00:00,DOWN,Strong,100.0,UNKNOWN,91523.6,89464.319,1,tp,0.022500000000000075,0.021200000000000076,1
2025-11-27 10:00:00,DOWN,Moderate,69.0268456375839,UNKNOWN,91566.0,89505.765,1,tp,0.022499999999999964,0.021199999999999965,1
2025-11-27 11:00:00,DOWN,Strong,76.52173913043478,UNKNOWN,91334.9,89279.86475,1,tp,0.022499999999999964,0.021199999999999965,1
2025-11-27 12:00:00,DOWN,Strong,96.43333333333335,UNKNOWN,90954.6,88908.12150000001,1,tp,0.022499999999999964,0.021199999999999965,1
2025-11-27 13:00:00,DOWN,Strong,93.18936877076412,UNKNOWN,90813.7,88770.39175,1,tp,0.022500000000000075,0.021200000000000076,1
2025-11-27 14:00:00,DOWN,Strong,81.12582781456953,UNKNOWN,90744.6,88702.84650000001,1,tp,0.022499999999999853,0.021199999999999854,1
2025-11-27 15:00:00,DOWN,Strong,78.21782178217822,UNKNOWN,90912.9,88867.35975,1,tp,0.022499999999999853,0.021199999999999854,1
2025-11-27 16:00:00,DOWN,Moderate,65.0,UNKNOWN,91410.1,89353.37275000001,1,tp,0.022499999999999964,0.021199999999999965,1
2025-11-27 22:00:00,DOWN,Moderate,40.32258064516129,UNKNOWN,91285.0,89231.08750000001,1,tp,0.022499999999999853,0.021199999999999854,1
2025-11-28 02:00:00,UP,Moderate,45.54140127388535,UNKNOWN,91035.7,89670.1645,1,sl,-0.015000000000000013,-0.016300000000000012,0
2025-11-28 03:00:00,UP,Moderate,46.98412698412698,UNKNOWN,91168.0,89800.48,1,sl,-0.015000000000000013,-0.016300000000000012,0
2025-11-28 04:00:00,UP,Moderate,47.151898734177216,UNKNOWN,91381.4,90010.67899999999,1,sl,-0.015000000000000013,-0.016300000000000012,0
2025-11-28 05:00:00,UP,Moderate,49.21135646687697,UNKNOWN,91576.6,90202.951,1,sl,-0.015000000000000013,-0.016300000000000012,0
2025-11-28 06:00:00,UP,Moderate,48.42767295597484,UNKNOWN,91255.3,89886.4705,1,sl,-0.015000000000000124,-0.016300000000000123,0
2025-11-28 08:00:00,DOWN,Moderate,43.75,UNKNOWN,91649.9,89587.77725,1,tp,0.022499999999999964,0.021199999999999965,1
2025-11-28 09:00:00,DOWN,Moderate,42.05607476635514,UNKNOWN,91560.8,89500.682,1,tp,0.022500000000000075,0.021200000000000076,1
2025-11-28 13:00:00,UP,Moderate,57.53846153846155,UNKNOWN,92329.2,90944.262,1,sl,-0.014999999999999902,-0.0162999999999999,0
2025-11-28 14:00:00,UP,Moderate,58.7116564417178,UNKNOWN,92202.1,90819.06850000001,1,sl,-0.015000000000000013,-0.016300000000000012,0
2025-11-28 15:00:00,UP,Moderate,55.35168195718655,UNKNOWN,92299.9,90915.40149999999,1,sl,-0.015000000000000013,-0.016300000000000012,0
2025-11-28 17:00:00,UP,Moderate,65.0,UNKNOWN,90620.5,89261.1925,1,sl,-0.014999999999999902,-0.0162999999999999,0
2025-11-28 18:00:00,UP,Strong,94.66666666666667,UNKNOWN,90787.8,89425.98300000001,1,sl,-0.014999999999999902,-0.0162999999999999,0
2025-11-28 19:00:00,UP,Strong,83.08157099697885,UNKNOWN,91106.1,89739.50850000001,1,sl,-0.014999999999999902,-0.0162999999999999,0
2025-11-28 20:00:00,UP,Strong,87.34939759036145,UNKNOWN,91147.6,89780.386,1,sl,-0.015000000000000124,-0.016300000000000123,0
2025-11-28 21:00:00,UP,Moderate,65.0,UNKNOWN,90831.8,89469.323,1,sl,-0.015000000000000013,-0.016300000000000012,0
2025-11-28 22:00:00,UP,Strong,80.23952095808383,UNKNOWN,91073.5,89707.39749999999,1,sl,-0.015000000000000124,-0.016300000000000123,0
2025-11-28 23:00:00,UP,Strong,77.31343283582089,UNKNOWN,90847.8,89485.083,1,sl,-0.015000000000000013,-0.016300000000000012,0
2025-11-29 00:00:00,UP,Moderate,62.5,UNKNOWN,90837.5,89474.9375,1,sl,-0.015000000000000013,-0.016300000000000012,0
2025-11-29 01:00:00,UP,Moderate,58.753709198813056,UNKNOWN,90839.2,89476.612,1,sl,-0.015000000000000013,-0.016300000000000012,0
2025-11-29 02:00:00,UP,Moderate,55.62130177514793,UNKNOWN,90751.4,89390.12899999999,1,sl,-0.015000000000000124,-0.016300000000000123,0
2025-11-29 03:00:00,UP,Moderate,54.572271386430685,UNKNOWN,90638.0,89278.43,1,sl,-0.015000000000000124,-0.016300000000000123,0
2025-11-29 11:00:00,DOWN,Moderate,50.720461095100866,UNKNOWN,90633.7,88594.44175,1,tp,0.022499999999999964,0.021199999999999965,1
2025-11-29 12:00:00,DOWN,Moderate,57.52873563218391,UNKNOWN,90572.5,88534.61875000001,1,tp,0.022499999999999853,0.021199999999999854,1
2025-11-29 13:00:00,DOWN,Moderate,53.86819484240688,UNKNOWN,90738.5,88696.88375000001,1,tp,0.022499999999999964,0.021199999999999965,1
2025-11-29 17:00:00,DOWN,Strong,100.0,UNKNOWN,90381.2,88347.623,1,tp,0.022499999999999853,0.021199999999999854,1
2025-11-29 18:00:00,DOWN,Strong,86.7231638418079,UNKNOWN,90652.9,88613.20975,1,tp,0.022499999999999964,0.021199999999999965,1
2025-11-29 20:00:00,DOWN,Strong,83.14606741573034,UNKNOWN,90921.7,88875.96175,1,tp,0.022499999999999964,0.021199999999999965,1
2025-11-30 00:00:00,DOWN,Strong,83.88888888888889,UNKNOWN,90853.6,88809.39400000001,1,tp,0.022499999999999853,0.021199999999999854,1
2025-11-30 08:00:00,DOWN,Moderate,65.0,UNKNOWN,91132.5,89082.01875,1,tp,0.022499999999999964,0.021199999999999965,1
2025-11-30 09:00:00,DOWN,Moderate,61.24661246612466,UNKNOWN,91353.5,89298.04625,1,tp,0.022499999999999964,0.021199999999999965,1
2025-11-30 12:00:00,DOWN,Moderate,40.053763440860216,UNKNOWN,91432.4,89375.171,1,tp,0.022499999999999964,0.021199999999999965,1
2025-11-30 17:00:00,UP,Moderate,65.0,UNKNOWN,91444.1,90072.4385,1,sl,-0.015000000000000013,-0.016300000000000012,0
2025-11-30 18:00:00,UP,Moderate,47.61904761904761,UNKNOWN,91420.3,90048.9955,1,sl,-0.015000000000000013,-0.016300000000000012,0
2025-11-30 19:00:00,UP,Moderate,49.07651715039577,UNKNOWN,91423.2,90051.852,1,sl,-0.015000000000000013,-0.016300000000000012,0
2025-11-30 20:00:00,UP,Moderate,54.21052631578947,UNKNOWN,91272.7,89903.60949999999,1,sl,-0.015000000000000013,-0.016300000000000012,0
2025-11-30 21:00:00,UP,Moderate,55.38057742782152,UNKNOWN,91139.1,89772.0135,1,sl,-0.015000000000000013,-0.016300000000000012,0
2025-11-30 22:00:00,UP,Moderate,57.85340314136126,UNKNOWN,91178.9,89811.2165,1,sl,-0.015000000000000013,-0.016300000000000012,0
2025-11-30 23:00:00,UP,Moderate,65.0,UNKNOWN,90320.6,88965.791,1,sl,-0.015000000000000124,-0.016300000000000123,0
2025-12-01 00:00:00,UP,Moderate,42.70833333333333,UNKNOWN,86970.7,85666.13949999999,1,sl,-0.015000000000000124,-0.016300000000000123,0
2025-12-01 01:00:00,UP,Moderate,43.896103896103895,UNKNOWN,87134.0,85826.99,1,sl,-0.014999999999999902,-0.0162999999999999,0
2025-12-01 02:00:00,UP,Moderate,65.0,UNKNOWN,86685.6,85385.316,1,sl,-0.015000000000000013,-0.016300000000000012,0
2025-12-01 03:00:00,UP,Moderate,65.0,UNKNOWN,86319.2,85024.412,1,sl,-0.015000000000000013,-0.016300000000000012,0
2025-12-01 04:00:00,UP,Moderate,65.0,UNKNOWN,85767.7,84481.1845,1,sl,-0.014999999999999902,-0.0162999999999999,0
2025-12-01 05:00:00,UP,Strong,88.68894601542416,UNKNOWN,85966.9,84677.39649999999,1,sl,-0.015000000000000124,-0.016300000000000123,0
2025-12-01 06:00:00,UP,Strong,85.8974358974359,UNKNOWN,86189.9,84897.05149999999,1,sl,-0.015000000000000124,-0.016300000000000123,0
2025-12-01 07:00:00,UP,Strong,95.9079283887468,UNKNOWN,86487.6,85190.28600000001,1,sl,-0.015000000000000013,-0.016300000000000012,0
2025-12-01 08:00:00,UP,Strong,97.44897959183673,UNKNOWN,86811.0,85508.83499999999,1,sl,-0.015000000000000124,-0.016300000000000123,0
2025-12-01 09:00:00,UP,Strong,95.41984732824427,UNKNOWN,86659.1,85359.2135,1,sl,-0.015000000000000124,-0.016300000000000123,0
2025-12-01 10:00:00,UP,Moderate,68.78172588832487,UNKNOWN,86599.0,85300.015,1,sl,-0.015000000000000013,-0.016300000000000012,0
2025-12-01 13:00:00,UP,Strong,82.01511335012594,UNKNOWN,85943.2,84654.052,1,sl,-0.015000000000000013,-0.016300000000000012,0
2025-12-01 14:00:00,UP,Strong,80.97989949748745,UNKNOWN,86017.3,84727.0405,1,sl,-0.015000000000000013,-0.016300000000000012,0
2025-12-01 16:00:00,UP,Strong,71.25,UNKNOWN,84540.3,83272.1955,1,sl,-0.015000000000000013,-0.016300000000000012,0
2025-12-01 17:00:00,UP,Moderate,69.82543640897757,UNKNOWN,84902.8,83629.258,1,sl,-0.015000000000000013,-0.016300000000000012,0
2025-12-01 18:00:00,UP,Strong,75.5223880597015,UNKNOWN,85159.2,83881.81199999999,1,sl,-0.015000000000000124,-0.016300000000000123,0
2025-12-01 19:00:00,UP,Moderate,66.99751861042184,UNKNOWN,84985.0,83710.225,1,sl,-0.014999999999999902,-0.0162999999999999,0
2025-12-01 20:00:00,UP,Moderate,65.84158415841584,UNKNOWN,85474.1,84191.9885,1,sl,-0.015000000000000013,-0.016300000000000012,0
2025-12-01 21:00:00,UP,Moderate,63.95061728395062,UNKNOWN,86380.1,85084.39850000001,1,sl,-0.014999999999999902,-0.0162999999999999,0
2025-12-01 22:00:00,UP,Moderate,60.83743842364532,UNKNOWN,86518.2,85220.427,1,sl,-0.015000000000000013,-0.016300000000000012,0
2025-12-02 00:00:00,DOWN,Strong,92.15686274509804,UNKNOWN,86472.0,84526.38,1,tp,0.022499999999999964,0.021199999999999965,1
2025-12-02 01:00:00,DOWN,Moderate,65.0,UNKNOWN,86409.9,84465.67725,1,tp,0.022499999999999964,0.021199999999999965,1
2025-12-02 02:00:00,DOWN,Strong,79.51219512195122,UNKNOWN,86501.2,84554.923,1,tp,0.022500000000000075,0.021200000000000076,1
2025-12-02 03:00:00,DOWN,Moderate,65.0,UNKNOWN,86936.0,84979.94,1,tp,0.022499999999999964,0.021199999999999965,1
2025-12-02 04:00:00,DOWN,Strong,89.56310679611651,UNKNOWN,86924.9,84969.08975,1,tp,0.022499999999999964,0.021199999999999965,1
2025-12-02 05:00:00,DOWN,Strong,86.92493946731234,UNKNOWN,86968.7,85011.90425,1,tp,0.022499999999999853,0.021199999999999854,1
2025-12-02 06:00:00,DOWN,Strong,83.81642512077295,UNKNOWN,87043.7,85085.21675,1,tp,0.022499999999999853,0.021199999999999854,1
2025-12-02 07:00:00,DOWN,Strong,81.20481927710843,UNKNOWN,86965.0,85008.2875,1,tp,0.022499999999999964,0.021199999999999965,1
2025-12-02 08:00:00,DOWN,Strong,100.0,UNKNOWN,86438.0,84493.145,1,tp,0.022499999999999964,0.021199999999999965,1
2025-12-02 09:00:00,DOWN,Strong,90.40767386091127,UNKNOWN,86734.4,84782.876,1,tp,0.022499999999999853,0.021199999999999854,1
2025-12-02 10:00:00,DOWN,Strong,86.60287081339713,UNKNOWN,87241.8,85278.8595,1,tp,0.022499999999999964,0.021199999999999965,1
2025-12-02 11:00:00,DOWN,Strong,98.32935560859188,UNKNOWN,87326.9,85362.04475,1,tp,0.022499999999999964,0.021199999999999965,1
2025-12-02 12:00:00,DOWN,Strong,85.11904761904762,UNKNOWN,87225.6,85263.024,1,tp,0.022499999999999964,0.021199999999999965,1
2025-12-02 13:00:00,DOWN,Moderate,65.0,UNKNOWN,87691.3,85718.24575,1,tp,0.022499999999999964,0.021199999999999965,1
2025-12-02 14:00:00,DOWN,Moderate,65.0,UNKNOWN,89225.1,87217.53525000002,1,tp,0.022499999999999853,0.021199999999999854,1
2025-12-02 15:00:00,DOWN,Moderate,64.0661938534279,UNKNOWN,90809.2,88765.993,1,tp,0.022499999999999964,0.021199999999999965,1
2025-12-02 16:00:00,DOWN,Moderate,68.75,UNKNOWN,90713.9,88672.83725,1,tp,0.022499999999999964,0.021199999999999965,1
2025-12-02 17:00:00,DOWN,Moderate,60.23529411764705,UNKNOWN,91417.5,89360.60625,1,tp,0.022500000000000075,0.021200000000000076,1
2025-12-02 18:00:00,DOWN,Moderate,65.0,UNKNOWN,91905.0,89837.1375,1,tp,0.022500000000000075,0.021200000000000076,1
2025-12-02 19:00:00,DOWN,Moderate,53.39578454332553,UNKNOWN,91849.9,89783.27725,1,tp,0.022499999999999964,0.021199999999999965,1
2025-12-02 20:00:00,DOWN,Moderate,57.31308411214954,UNKNOWN,90976.1,88929.13775000001,1,tp,0.022499999999999964,0.021199999999999965,1
2025-12-02 22:00:00,DOWN,Moderate,52.093023255813954,UNKNOWN,91932.7,89864.21425,1,tp,0.022499999999999964,0.021199999999999965,1
2025-12-02 23:00:00,DOWN,Moderate,64.96519721577727,UNKNOWN,91249.1,89195.99525,1,tp,0.022499999999999964,0.021199999999999965,1
2025-12-03 02:00:00,DOWN,Moderate,43.77880184331797,UNKNOWN,92784.2,90696.5555,1,tp,0.022499999999999964,0.021199999999999965,1
2025-12-03 04:00:00,DOWN,Moderate,55.04587155963303,UNKNOWN,93302.2,91202.9005,1,tp,0.022499999999999964,0.021199999999999965,1
2025-12-03 05:00:00,DOWN,Moderate,53.31807780320366,UNKNOWN,93591.0,91485.2025,1,tp,0.022499999999999964,0.021199999999999965,1
2025-12-03 06:00:00,DOWN,Moderate,51.82648401826484,UNKNOWN,93386.0,91284.815,1,tp,0.022499999999999964,0.021199999999999965,1
2025-12-03 09:00:00,DOWN,Moderate,50.11337868480725,UNKNOWN,93132.1,91036.62775000001,1,tp,0.022499999999999853,0.021199999999999854,1
2025-12-03 10:00:00,DOWN,Moderate,48.64253393665158,UNKNOWN,92899.9,90809.65225,1,tp,0.022499999999999964,0.021199999999999965,1
2025-12-03 11:00:00,DOWN,Moderate,45.372460496613996,UNKNOWN,92957.7,90866.15175,1,tp,0.022499999999999964,0.021199999999999965,1
2025-12-03 12:00:00,DOWN,Moderate,43.69369369369369,UNKNOWN,92882.3,90792.44825,1,tp,0.022499999999999964,0.021199999999999965,1
2025-12-03 13:00:00,DOWN,Moderate,65.0,UNKNOWN,93077.6,90983.354,1,tp,0.022499999999999964,0.021199999999999965,1
2025-12-03 14:00:00,DOWN,Strong,86.32286995515696,UNKNOWN,92300.0,90223.25,1,tp,0.022499999999999964,0.021199999999999965,1
2025-12-03 19:00:00,UP,Strong,92.01773835920177,UNKNOWN,92995.8,91600.863,1,sl,-0.015000000000000013,-0.016300000000000012,0
2025-12-03 20:00:00,UP,Strong,95.35398230088495,UNKNOWN,92928.2,91534.277,1,sl,-0.014999999999999902,-0.0162999999999999,0
2025-12-03 21:00:00,UP,Strong,87.85871964679912,UNKNOWN,93645.0,92240.325,1,sl,-0.015000000000000013,-0.016300000000000012,0
2025-12-03 22:00:00,UP,Strong,94.49339207048459,UNKNOWN,93738.4,92332.324,1,sl,-0.015000000000000013,-0.016300000000000012,0
2025-12-03 23:00:00,UP,Strong,98.24175824175823,UNKNOWN,93376.7,91976.0495,1,sl,-0.015000000000000013,-0.016300000000000012,0
2025-12-04 00:00:00,UP,Moderate,44.07894736842105,UNKNOWN,93013.9,91618.69149999999,1,sl,-0.015000000000000124,-0.016300000000000123,0
2025-12-04 02:00:00,UP,Strong,96.31004366812228,UNKNOWN,93896.1,92487.6585,1,sl,-0.015000000000000013,-0.016300000000000012,0
2025-12-04 03:00:00,UP,Strong,72.37472766884532,UNKNOWN,93499.9,92097.40149999999,1,sl,-0.015000000000000013,-0.016300000000000012,0
2025-12-04 04:00:00,UP,Moderate,69.82608695652175,UNKNOWN,93317.8,91918.033,1,sl,-0.015000000000000124,-0.016300000000000123,0
2025-12-04 07:00:00,UP,Moderate,41.68466522678186,UNKNOWN,93358.6,91958.221,1,sl,-0.015000000000000013,-0.016300000000000012,0
2025-12-04 08:00:00,UP,Moderate,40.51724137931034,UNKNOWN,93220.7,91822.38949999999,1,sl,-0.015000000000000124,-0.016300000000000123,0
2025-12-04 09:00:00,UP,Strong,91.61290322580645,UNKNOWN,93408.6,92007.471,1,sl,-0.015000000000000013,-0.016300000000000012,0
2025-12-04 10:00:00,UP,Strong,86.9098712446352,UNKNOWN,93210.7,91812.5395,1,sl,-0.015000000000000013,-0.016300000000000012,0
2025-12-04 14:00:00,DOWN,Moderate,51.276595744680854,UNKNOWN,91859.4,89792.5635,1,tp,0.022499999999999853,0.021199999999999854,1
2025-12-04 15:00:00,DOWN,Moderate,50.530785562632694,UNKNOWN,92933.5,90842.49625,1,tp,0.022500000000000075,0.021200000000000076,1
2025-12-04 18:00:00,UP,Moderate,65.0,UNKNOWN,92093.4,90711.999,1,sl,-0.015000000000000013,-0.016300000000000012,0
2025-12-04 19:00:00,UP,Moderate,65.0,UNKNOWN,91941.5,90562.3775,1,sl,-0.015000000000000013,-0.016300000000000012,0
2025-12-05 02:00:00,UP,Strong,81.12033195020747,UNKNOWN,92476.1,91088.95850000001,1,sl,-0.015000000000000013,-0.016300000000000012,0
2025-12-05 03:00:00,DOWN,Moderate,68.32298136645963,UNKNOWN,92104.9,90032.53975,1,tp,0.022499999999999964,0.021199999999999965,1
2025-12-05 09:00:00,DOWN,Strong,75.8077709611452,UNKNOWN,91086.4,89036.95599999999,1,tp,0.022500000000000075,0.021200000000000076,1
2025-12-05 10:00:00,UP,Strong,76.73469387755102,UNKNOWN,91240.1,89871.4985,1,sl,-0.015000000000000013,-0.016300000000000012,0
2025-12-05 13:00:00,UP,Moderate,65.0,UNKNOWN,90433.6,89077.096,1,sl,-0.015000000000000013,-0.016300000000000012,0
2025-12-05 14:00:00,UP,Strong,100.0,UNKNOWN,90246.0,88892.31,1,sl,-0.015000000000000013,-0.016300000000000012,0
2025-12-05 15:00:00,UP,Strong,98.22222222222223,UNKNOWN,90414.0,89057.79,1,sl,-0.015000000000000124,-0.016300000000000123,0
2025-12-05 16:00:00,UP,Moderate,65.0,UNKNOWN,88757.5,87426.1375,1,sl,-0.015000000000000013,-0.016300000000000012,0
2025-12-05 17:00:00,UP,Strong,100.0,UNKNOWN,89279.3,87940.1105,1,sl,-0.015000000000000124,-0.016300000000000123,0
2025-12-05 18:00:00,UP,Strong,89.7590361445783,UNKNOWN,88894.9,87561.47649999999,1,sl,-0.015000000000000013,-0.016300000000000012,0
2025-12-05 19:00:00,UP,Strong,93.90781563126252,UNKNOWN,89590.5,88246.6425,1,sl,-0.015000000000000013,-0.016300000000000012,0
2025-12-05 20:00:00,UP,Strong,71.0,UNKNOWN,89267.8,87928.783,1,sl,-0.015000000000000124,-0.016300000000000123,0
2025-12-05 21:00:00,UP,Strong,81.437125748503,UNKNOWN,89145.1,87807.9235,1,sl,-0.015000000000000013,-0.016300000000000012,0
2025-12-05 22:00:00,UP,Strong,89.8406374501992,UNKNOWN,89199.3,87861.3105,1,sl,-0.014999999999999902,-0.0162999999999999,0
2025-12-05 23:00:00,UP,Moderate,52.88270377733598,UNKNOWN,89288.5,87949.1725,1,sl,-0.015000000000000013,-0.016300000000000012,0
2025-12-06 00:00:00,UP,Moderate,51.587301587301596,UNKNOWN,89382.2,88041.46699999999,1,sl,-0.015000000000000124,-0.016300000000000123,0
2025-12-06 02:00:00,UP,Moderate,66.79841897233202,UNKNOWN,89354.6,88014.281,1,sl,-0.015000000000000013,-0.016300000000000012,0
2025-12-06 03:00:00,UP,Moderate,47.53451676528599,UNKNOWN,89636.5,88291.9525,1,sl,-0.015000000000000013,-0.016300000000000012,0
2025-12-06 04:00:00,UP,Moderate,45.07874015748031,UNKNOWN,89612.2,88268.01699999999,1,sl,-0.015000000000000013,-0.016300000000000012,0
2025-12-06 08:00:00,DOWN,Strong,81.2109375,UNKNOWN,89238.3,87230.43825,1,tp,0.022499999999999964,0.021199999999999965,1
2025-12-06 11:00:00,DOWN,Moderate,69.70873786407768,UNKNOWN,89585.4,87569.7285,1,tp,0.022499999999999964,0.021199999999999965,1
2025-12-06 13:00:00,DOWN,Moderate,69.82591876208897,UNKNOWN,89619.5,87603.06125,1,tp,0.022499999999999964,0.021199999999999965,1
2025-12-06 15:00:00,DOWN,Strong,76.6859344894027,UNKNOWN,89713.4,87694.8485,1,tp,0.022499999999999964,0.021199999999999965,1
2025-12-06 16:00:00,DOWN,Strong,70.1923076923077,UNKNOWN,89660.8,87643.432,1,tp,0.022500000000000075,0.021200000000000076,1
2025-12-06 17:00:00,DOWN,Moderate,69.09788867562379,UNKNOWN,89661.7,87644.31175,1,tp,0.022500000000000075,0.021200000000000076,1
2025-12-06 18:00:00,DOWN,Moderate,66.85823754789271,UNKNOWN,89610.0,87593.77500000001,1,tp,0.022499999999999853,0.021199999999999854,1
2025-12-06 22:00:00,DOWN,Moderate,47.88973384030419,UNKNOWN,89245.1,87237.08525,1,tp,0.022500000000000075,0.021200000000000076,1
2025-12-06 23:00:00,DOWN,Strong,93.51043643263759,UNKNOWN,89197.1,87190.16525,1,tp,0.022499999999999964,0.021199999999999965,1
2025-12-07 00:00:00,DOWN,Moderate,54.54545454545454,UNKNOWN,89354.3,87343.82825,1,tp,0.022499999999999964,0.021199999999999965,1
2025-12-07 11:00:00,DOWN,Moderate,61.4100185528757,UNKNOWN,89109.4,87104.4385,1,tp,0.022499999999999853,0.021199999999999854,1
2025-12-07 12:00:00,DOWN,Moderate,59.81481481481481,UNKNOWN,89428.8,87416.652,1,tp,0.022499999999999964,0.021199999999999965,1
2025-12-07 14:00:00,DOWN,Strong,86.25461254612547,UNKNOWN,88187.5,86203.28125,1,tp,0.022499999999999964,0.021199999999999965,1
2025-12-07 15:00:00,DOWN,Moderate,62.79926335174954,UNKNOWN,89505.0,87491.1375,1,tp,0.022500000000000075,0.021200000000000076,1
2025-12-07 17:00:00,UP,Moderate,68.62385321100918,UNKNOWN,90904.2,89540.637,1,sl,-0.014999999999999902,-0.0162999999999999,0
2025-12-07 18:00:00,UP,Moderate,69.96336996336996,UNKNOWN,91327.6,89957.686,1,sl,-0.015000000000000013,-0.016300000000000012,0
2025-12-07 21:00:00,DOWN,Strong,84.15300546448087,UNKNOWN,90189.2,88159.943,1,tp,0.022499999999999964,0.021199999999999965,1
2025-12-07 22:00:00,DOWN,Strong,76.0,UNKNOWN,89551.8,87536.8845,1,tp,0.022500000000000075,0.021200000000000076,1
2025-12-07 23:00:00,UP,Moderate,67.87658802177859,UNKNOWN,90345.4,88990.219,1,sl,-0.015000000000000013,-0.016300000000000012,0
2025-12-08 00:00:00,UP,Moderate,61.95652173913043,UNKNOWN,90302.7,88948.1595,1,sl,-0.015000000000000013,-0.016300000000000012,0
2025-12-08 01:00:00,UP,Strong,97.83001808318264,UNKNOWN,90869.1,89506.0635,1,sl,-0.015000000000000013,-0.016300000000000012,0
2025-12-08 02:00:00,UP,Strong,87.72563176895306,UNKNOWN,91327.0,89957.095,1,sl,-0.015000000000000013,-0.016300000000000012,0
2025-12-08 03:00:00,UP,Moderate,65.0,UNKNOWN,91039.4,89673.809,1,sl,-0.015000000000000013,-0.016300000000000012,0
2025-12-08 11:00:00,DOWN,Moderate,43.3392539964476,UNKNOWN,91923.5,89855.22125,1,tp,0.022499999999999964,0.021199999999999965,1
2025-12-08 12:00:00,DOWN,Moderate,42.730496453900706,UNKNOWN,91729.5,89665.58625000001,1,tp,0.022499999999999964,0.021199999999999965,1
2025-12-08 13:00:00,DOWN,Moderate,43.53982300884956,UNKNOWN,91424.0,89366.96,1,tp,0.022499999999999964,0.021199999999999965,1
2025-12-08 15:00:00,DOWN,Moderate,44.62081128747795,UNKNOWN,89912.6,87889.56650000002,1,tp,0.022499999999999853,0.021199999999999854,1
2025-12-08 17:00:00,UP,Moderate,49.209138840070295,UNKNOWN,90212.1,88858.9185,1,sl,-0.015000000000000013,-0.016300000000000012,0
2025-12-08 18:00:00,UP,Moderate,54.21052631578947,UNKNOWN,89873.5,88525.39749999999,1,sl,-0.015000000000000124,-0.016300000000000123,0
2025-12-08 19:00:00,DOWN,Moderate,51.66374781085814,UNKNOWN,90073.6,88046.944,1,tp,0.022500000000000075,0.021200000000000076,1
2025-12-08 21:00:00,UP,Moderate,58.63874345549738,UNKNOWN,91258.2,89889.32699999999,1,sl,-0.015000000000000124,-0.016300000000000123,0
2025-12-09 01:00:00,DOWN,Strong,73.39688041594454,UNKNOWN,90017.9,87992.49725,1,tp,0.022499999999999964,0.021199999999999965,1
2025-12-09 02:00:00,UP,Moderate,57.785467128027676,UNKNOWN,90026.1,88675.70850000001,1,sl,-0.015000000000000013,-0.016300000000000012,0
2025-12-09 10:00:00,UP,Moderate,63.48122866894198,UNKNOWN,90255.7,88901.8645,1,sl,-0.015000000000000013,-0.016300000000000012,0
2025-12-09 12:00:00,UP,Moderate,59.693877551020414,UNKNOWN,90532.7,89174.7095,1,sl,-0.015000000000000013,-0.016300000000000012,0
2025-12-09 13:00:00,UP,Moderate,57.38539898132428,UNKNOWN,90385.0,89029.225,1,sl,-0.014999999999999902,-0.0162999999999999,0
2025-12-09 14:00:00,UP,Moderate,56.61016949152542,UNKNOWN,90327.1,88972.19350000001,1,sl,-0.015000000000000013,-0.016300000000000012,0
2025-12-09 15:00:00,DOWN,Moderate,65.0,UNKNOWN,92676.9,90591.66975,1,tp,0.022499999999999964,0.021199999999999965,1
2025-12-09 16:00:00,DOWN,Moderate,65.0,UNKNOWN,94146.8,92028.497,1,tp,0.022499999999999964,0.021199999999999965,1
2025-12-09 17:00:00,DOWN,Strong,100.0,UNKNOWN,93884.5,91772.09875,1,tp,0.022499999999999964,0.021199999999999965,1
2025-12-09 18:00:00,DOWN,Strong,76.0942760942761,UNKNOWN,93887.3,91774.83575000001,1,tp,0.022499999999999853,0.021199999999999854,1
2025-12-09 19:00:00,DOWN,Strong,75.12605042016807,UNKNOWN,93761.9,91652.25725,1,tp,0.022499999999999964,0.021199999999999965,1
2025-12-09 20:00:00,DOWN,Strong,92.28187919463087,UNKNOWN,93075.2,90981.008,1,tp,0.022499999999999964,0.021199999999999965,1
2025-12-09 21:00:00,DOWN,Strong,100.0,UNKNOWN,92591.2,90507.898,1,tp,0.022499999999999964,0.021199999999999965,1
2025-12-09 22:00:00,DOWN,Moderate,65.0,UNKNOWN,92832.0,90743.28,1,tp,0.022499999999999964,0.021199999999999965,1
2025-12-09 23:00:00,DOWN,Moderate,65.0,UNKNOWN,92638.4,90554.036,1,tp,0.022499999999999964,0.021199999999999965,1
2025-12-10 00:00:00,DOWN,Strong,77.33333333333333,UNKNOWN,92084.5,90012.59875,1,tp,0.022499999999999964,0.021199999999999965,1
2025-12-10 01:00:00,DOWN,Moderate,65.0,UNKNOWN,92269.1,90193.04525000001,1,tp,0.022499999999999964,0.021199999999999965,1
2025-12-10 02:00:00,DOWN,Moderate,65.0,UNKNOWN,92457.6,90377.304,1,tp,0.022500000000000075,0.021200000000000076,1
2025-12-10 03:00:00,DOWN,Moderate,65.0,UNKNOWN,92366.0,90287.765,1,tp,0.022499999999999964,0.021199999999999965,1
2025-12-10 07:00:00,DOWN,Strong,71.33443163097199,UNKNOWN,92744.7,90657.94425,1,tp,0.022499999999999964,0.021199999999999965,1
2025-12-10 08:00:00,DOWN,Moderate,69.07894736842105,UNKNOWN,92565.0,90482.2875,1,tp,0.022499999999999964,0.021199999999999965,1
2025-12-10 09:00:00,DOWN,Moderate,66.33825944170772,UNKNOWN,92870.1,90780.52275,1,tp,0.022500000000000075,0.021200000000000076,1
2025-12-10 10:00:00,DOWN,Strong,76.22950819672131,UNKNOWN,92230.5,90155.31375,1,tp,0.022499999999999964,0.021199999999999965,1
2025-12-10 12:00:00,DOWN,Moderate,68.13725490196079,UNKNOWN,91952.1,89883.17775,1,tp,0.022500000000000075,0.021200000000000076,1
2025-12-10 13:00:00,DOWN,Moderate,66.23164763458401,UNKNOWN,92054.6,89983.37150000001,1,tp,0.022499999999999964,0.021199999999999965,1
2025-12-10 16:00:00,UP,Moderate,49.10714285714286,UNKNOWN,92126.7,90744.7995,1,sl,-0.015000000000000013,-0.016300000000000012,0
2025-12-10 18:00:00,UP,Moderate,49.19093851132686,UNKNOWN,92448.8,91062.068,1,sl,-0.015000000000000013,-0.016300000000000012,0
2025-12-10 19:00:00,UP,Moderate,46.849757673667206,UNKNOWN,92913.8,91520.09300000001,1,sl,-0.014999999999999902,-0.0162999999999999,0
2025-12-10 22:00:00,UP,Moderate,51.28617363344051,UNKNOWN,92472.2,91085.117,1,sl,-0.015000000000000013,-0.016300000000000012,0
2025-12-10 23:00:00,UP,Moderate,65.0,UNKNOWN,91977.5,90597.8375,1,sl,-0.015000000000000013,-0.016300000000000012,0
2025-12-11 04:00:00,UP,Moderate,63.05732484076433,UNKNOWN,90386.6,89030.801,1,sl,-0.015000000000000013,-0.016300000000000012,0
2025-12-11 05:00:00,UP,Moderate,57.23370429252782,UNKNOWN,90262.0,88908.06999999999,1,sl,-0.015000000000000124,-0.016300000000000123,0
2025-12-11 06:00:00,UP,Moderate,57.14285714285714,UNKNOWN,90252.1,88898.31850000001,1,sl,-0.015000000000000013,-0.016300000000000012,0
2025-12-11 07:00:00,UP,Moderate,50.871632329635496,UNKNOWN,90231.4,88877.92899999999,1,sl,-0.015000000000000013,-0.016300000000000012,0
2025-12-11 08:00:00,UP,Moderate,50.79113924050633,UNKNOWN,90152.5,88800.2125,1,sl,-0.015000000000000013,-0.016300000000000012,0
2025-12-11 09:00:00,UP,Strong,74.0916271721959,UNKNOWN,90196.0,88843.06,1,sl,-0.015000000000000013,-0.016300000000000012,0
2025-12-11 10:00:00,UP,Moderate,51.57728706624606,UNKNOWN,90279.2,88925.012,1,sl,-0.014999999999999902,-0.0162999999999999,0
2025-12-11 11:00:00,DOWN,Strong,73.44881889763779,UNKNOWN,90195.3,88165.90575,1,tp,0.022499999999999964,0.021199999999999965,1
2025-12-11 12:00:00,UP,Moderate,64.46540880503144,UNKNOWN,90000.8,88650.788,1,sl,-0.015000000000000013,-0.016300000000000012,0
2025-12-11 13:00:00,UP,Moderate,65.0,UNKNOWN,90062.9,88711.9565,1,sl,-0.014999999999999902,-0.0162999999999999,0
2025-12-11 16:00:00,UP,Moderate,65.0,UNKNOWN,89704.2,88358.637,1,sl,-0.014999999999999902,-0.0162999999999999,0
2025-12-11 17:00:00,UP,Moderate,54.91419656786272,UNKNOWN,89935.6,88586.566,1,sl,-0.015000000000000013,-0.016300000000000012,0
2025-12-11 18:00:00,UP,Strong,91.1214953271028,UNKNOWN,90657.9,89298.0315,1,sl,-0.015000000000000013,-0.016300000000000012,0
2025-12-11 20:00:00,DOWN,Moderate,65.0,UNKNOWN,91740.9,89676.72975,1,tp,0.022499999999999964,0.021199999999999965,1
2025-12-11 21:00:00,DOWN,Strong,100.0,UNKNOWN,92823.6,90735.069,1,tp,0.022500000000000075,0.021200000000000076,1
2025-12-11 22:00:00,DOWN,Strong,100.0,UNKNOWN,92325.4,90248.0785,1,tp,0.022499999999999853,0.021199999999999854,1
2025-12-12 00:00:00,UP,Moderate,65.0,UNKNOWN,91521.0,90148.185,1,sl,-0.015000000000000013,-0.016300000000000012,0
2025-12-12 01:00:00,UP,Strong,71.01694915254238,UNKNOWN,92129.3,90747.3605,1,sl,-0.015000000000000124,-0.016300000000000123,0
2025-12-12 02:00:00,UP,Strong,89.01538461538462,UNKNOWN,92542.2,91154.067,1,sl,-0.015000000000000013,-0.016300000000000012,0
2025-12-12 04:00:00,UP,Strong,95.15337423312884,UNKNOWN,92355.6,90970.266,1,sl,-0.015000000000000013,-0.016300000000000012,0
2025-12-12 05:00:00,UP,Strong,95.40581929555896,UNKNOWN,92404.8,91018.728,1,sl,-0.015000000000000013,-0.016300000000000012,0
2025-12-12 06:00:00,UP,Strong,74.51070336391437,UNKNOWN,92468.7,91081.66949999999,1,sl,-0.015000000000000124,-0.016300000000000123,0
2025-12-12 07:00:00,UP,Moderate,65.49618320610688,UNKNOWN,92389.5,91003.6575,1,sl,-0.015000000000000013,-0.016300000000000012,0
2025-12-12 08:00:00,UP,Moderate,50.91463414634146,UNKNOWN,92311.4,90926.72899999999,1,sl,-0.015000000000000013,-0.016300000000000012,0
2025-12-12 09:00:00,UP,Moderate,49.61948249619482,UNKNOWN,92481.7,91094.4745,1,sl,-0.015000000000000013,-0.016300000000000012,0
2025-12-12 10:00:00,UP,Strong,87.08206686930092,UNKNOWN,92454.7,91067.8795,1,sl,-0.015000000000000013,-0.016300000000000012,0
2025-12-12 12:00:00,UP,Moderate,40.0,UNKNOWN,92389.9,91004.05149999999,1,sl,-0.015000000000000124,-0.016300000000000123,0
2025-12-12 13:00:00,DOWN,Strong,98.33585476550681,UNKNOWN,92261.7,90185.81175,1,tp,0.022500000000000075,0.021200000000000076,1
2025-12-12 14:00:00,DOWN,Moderate,59.969788519637454,UNKNOWN,92393.0,90314.1575,1,tp,0.022499999999999964,0.021199999999999965,1
2025-12-12 15:00:00,UP,Moderate,65.0,UNKNOWN,89895.0,88546.575,1,sl,-0.015000000000000013,-0.016300000000000012,0
2025-12-12 17:00:00,UP,Moderate,43.50375939849624,UNKNOWN,90043.5,88692.8475,1,sl,-0.015000000000000013,-0.016300000000000012,0
2025-12-12 22:00:00,UP,Moderate,42.53731343283582,UNKNOWN,90294.5,88940.0825,1,sl,-0.014999999999999902,-0.0162999999999999,0
2025-12-12 23:00:00,UP,Moderate,40.536512667660205,UNKNOWN,90229.6,88876.156,1,sl,-0.015000000000000013,-0.016300000000000012,0
2025-12-13 01:00:00,UP,Moderate,55.86924219910847,UNKNOWN,90192.2,88839.317,1,sl,-0.015000000000000013,-0.016300000000000012,0
2025-12-13 02:00:00,UP,Moderate,53.41246290801187,UNKNOWN,90195.0,88842.075,1,sl,-0.015000000000000013,-0.016300000000000012,0
2025-12-13 03:00:00,UP,Moderate,65.0,UNKNOWN,90304.0,88949.44,1,sl,-0.015000000000000013,-0.016300000000000012,0
2025-12-13 04:00:00,UP,Moderate,65.0,UNKNOWN,90334.8,88979.778,1,sl,-0.015000000000000013,-0.016300000000000012,0
2025-12-13 05:00:00,UP,Moderate,65.0,UNKNOWN,90301.3,88946.78050000001,1,sl,-0.014999999999999902,-0.0162999999999999,0
2025-12-13 06:00:00,UP,Moderate,65.0,UNKNOWN,90317.4,88962.639,1,sl,-0.015000000000000013,-0.016300000000000012,0
2025-12-13 07:00:00,UP,Moderate,52.43004418262151,UNKNOWN,90286.1,88931.8085,1,sl,-0.015000000000000124,-0.016300000000000123,0
2025-12-13 10:00:00,UP,Moderate,62.023460410557185,UNKNOWN,90546.7,89188.49949999999,1,sl,-0.015000000000000124,-0.016300000000000123,0
2025-12-13 12:00:00,DOWN,Moderate,43.859649122807014,UNKNOWN,90309.8,88277.8295,1,tp,0.022499999999999964,0.021199999999999965,1
2025-12-13 20:00:00,UP,Moderate,42.77456647398844,UNKNOWN,90058.4,88707.52399999999,1,sl,-0.015000000000000013,-0.016300000000000012,0
2025-12-13 21:00:00,UP,Moderate,61.327561327561334,UNKNOWN,90137.8,88785.73300000001,1,sl,-0.014999999999999902,-0.0162999999999999,0
2025-12-13 22:00:00,UP,Moderate,41.4985590778098,UNKNOWN,90092.4,88741.014,1,sl,-0.015000000000000013,-0.016300000000000012,0
2025-12-13 23:00:00,UP,Strong,90.64748201438849,UNKNOWN,90191.3,88838.4305,1,sl,-0.015000000000000013,-0.016300000000000012,0
2025-12-14 00:00:00,UP,Strong,99.71264367816092,UNKNOWN,90303.5,88948.9475,1,sl,-0.015000000000000013,-0.016300000000000012,0
2025-12-14 01:00:00,UP,Moderate,44.18938307030129,UNKNOWN,90256.6,88902.751,1,sl,-0.015000000000000013,-0.016300000000000012,0
2025-12-14 02:00:00,UP,Moderate,65.0,UNKNOWN,90244.9,88891.22649999999,1,sl,-0.015000000000000013,-0.016300000000000012,0
2025-12-14 06:00:00,UP,Moderate,40.74074074074074,UNKNOWN,90105.0,88753.425,1,sl,-0.015000000000000013,-0.016300000000000012,0
2025-12-14 07:00:00,UP,Moderate,40.99573257467995,UNKNOWN,90205.1,88852.02350000001,1,sl,-0.014999999999999902,-0.0162999999999999,0
2025-12-14 09:00:00,UP,Strong,99.57446808510639,UNKNOWN,89991.4,88641.529,1,sl,-0.015000000000000013,-0.016300000000000012,0
2025-12-14 10:00:00,UP,Strong,99.29178470254958,UNKNOWN,89819.0,88471.715,1,sl,-0.015000000000000013,-0.016300000000000012,0
2025-12-14 11:00:00,UP,Moderate,43.28147100424328,UNKNOWN,89308.2,87968.57699999999,1,sl,-0.015000000000000124,-0.016300000000000123,0
2025-12-14 12:00:00,UP,Moderate,68.20621468926554,UNKNOWN,89382.9,88042.1565,1,sl,-0.015000000000000013,-0.016300000000000012,0
2025-12-14 14:00:00,UP,Strong,85.35211267605634,UNKNOWN,89074.1,87737.9885,1,sl,-0.015000000000000013,-0.016300000000000012,0
2025-12-14 15:00:00,UP,Moderate,50.492264416315045,UNKNOWN,88985.2,87650.42199999999,1,sl,-0.015000000000000013,-0.016300000000000012,0
2025-12-14 19:00:00,DOWN,Moderate,56.50349650349651,UNKNOWN,88598.7,86605.22925,1,tp,0.022499999999999964,0.021199999999999965,1
2025-12-14 20:00:00,DOWN,Moderate,58.93854748603352,UNKNOWN,88515.9,86524.29225,1,tp,0.022499999999999964,0.021199999999999965,1
2025-12-14 21:00:00,DOWN,Moderate,58.43793584379359,UNKNOWN,88403.7,86414.61675,1,tp,0.022499999999999964,0.021199999999999965,1
2025-12-14 23:00:00,UP,Moderate,59.66620305980529,UNKNOWN,88118.8,86797.018,1,sl,-0.015000000000000124,-0.016300000000000123,0
2025-12-15 01:00:00,UP,Strong,96.42163661581138,UNKNOWN,89189.1,87851.2635,1,sl,-0.015000000000000013,-0.016300000000000012,0
2025-12-15 02:00:00,UP,Moderate,65.0,UNKNOWN,89269.5,87930.4575,1,sl,-0.014999999999999902,-0.0162999999999999,0
2025-12-15 04:00:00,DOWN,Moderate,44.613259668508285,UNKNOWN,89631.2,87614.498,1,tp,0.022499999999999853,0.021199999999999854,1
2025-12-15 05:00:00,DOWN,Strong,90.48275862068965,UNKNOWN,89576.9,87561.41975,1,tp,0.022499999999999964,0.021199999999999965,1
2025-12-15 06:00:00,DOWN,Strong,83.19559228650138,UNKNOWN,89692.8,87674.712,1,tp,0.022500000000000075,0.021200000000000076,1
2025-12-15 07:00:00,DOWN,Strong,80.33012379642366,UNKNOWN,89703.0,87684.68250000001,1,tp,0.022499999999999853,0.021199999999999854,1
2025-12-15 08:00:00,DOWN,Strong,77.74725274725274,UNKNOWN,89722.3,87703.54825,1,tp,0.022499999999999964,0.021199999999999965,1
2025-12-15 09:00:00,DOWN,Moderate,52.674897119341566,UNKNOWN,89815.6,87794.74900000001,1,tp,0.022499999999999964,0.021199999999999965,1
2025-12-15 11:00:00,DOWN,Strong,71.68262653898769,UNKNOWN,89606.0,87589.865,1,tp,0.022499999999999964,0.021199999999999965,1
2025-12-15 12:00:00,DOWN,Strong,71.17486338797814,UNKNOWN,89657.8,87640.4995,1,tp,0.022499999999999964,0.021199999999999965,1
2025-12-15 13:00:00,DOWN,Strong,89.22237380627558,UNKNOWN,89388.0,87376.77,1,tp,0.022499999999999964,0.021199999999999965,1
2025-12-15 16:00:00,UP,Strong,76.49456521739131,UNKNOWN,86360.6,85065.191,1,sl,-0.015000000000000013,-0.016300000000000012,0
2025-12-15 17:00:00,UP,Moderate,65.0,UNKNOWN,85734.3,84448.2855,1,sl,-0.015000000000000013,-0.016300000000000012,0
2025-12-15 18:00:00,UP,Moderate,65.0,UNKNOWN,86142.7,84850.5595,1,sl,-0.014999999999999902,-0.0162999999999999,0
2025-12-15 19:00:00,UP,Moderate,65.0,UNKNOWN,86104.2,84812.637,1,sl,-0.014999999999999902,-0.0162999999999999,0
2025-12-15 20:00:00,UP,Moderate,65.0,UNKNOWN,85763.2,84476.752,1,sl,-0.015000000000000013,-0.016300000000000012,0
2025-12-15 21:00:00,UP,Moderate,65.0,UNKNOWN,86209.6,84916.456,1,sl,-0.015000000000000013,-0.016300000000000012,0
2025-12-15 22:00:00,UP,Moderate,65.0,UNKNOWN,86228.8,84935.368,1,sl,-0.015000000000000013,-0.016300000000000012,0
2025-12-15 23:00:00,UP,Strong,73.62045760430686,UNKNOWN,86389.9,85094.05149999999,1,sl,-0.015000000000000124,-0.016300000000000123,0
2025-12-16 00:00:00,UP,Moderate,65.0,UNKNOWN,85821.1,84533.7835,1,sl,-0.015000000000000013,-0.016300000000000012,0
2025-12-16 04:00:00,DOWN,Moderate,52.139037433155075,UNKNOWN,85799.9,83869.40225,1,tp,0.022499999999999964,0.021199999999999965,1
2025-12-16 05:00:00,DOWN,Moderate,63.55140186915887,UNKNOWN,85983.8,84049.1645,1,tp,0.022500000000000075,0.021200000000000076,1
2025-12-16 06:00:00,DOWN,Moderate,48.66666666666667,UNKNOWN,86458.0,84512.695,1,tp,0.022499999999999964,0.021199999999999965,1
2025-12-16 07:00:00,DOWN,Strong,84.80692410119842,UNKNOWN,85964.8,84030.592,1,tp,0.022499999999999964,0.021199999999999965,1
2025-12-16 08:00:00,DOWN,Strong,88.29787234042553,UNKNOWN,86236.5,84296.17875,1,tp,0.022499999999999964,0.021199999999999965,1
2025-12-16 09:00:00,DOWN,Moderate,67.86188579017264,UNKNOWN,86307.6,84365.679,1,tp,0.022500000000000075,0.021200000000000076,1
2025-12-16 13:00:00,UP,Moderate,65.0,UNKNOWN,86410.4,85114.24399999999,1,sl,-0.015000000000000013,-0.016300000000000012,0
2025-12-16 14:00:00,UP,Strong,79.08970976253299,UNKNOWN,87257.2,85948.34199999999,1,sl,-0.015000000000000124,-0.016300000000000123,0
2025-12-16 15:00:00,UP,Strong,72.02898550724639,UNKNOWN,87936.3,86617.2555,1,sl,-0.015000000000000013,-0.016300000000000012,0
2025-12-16 16:00:00,UP,Moderate,50.26315789473684,UNKNOWN,87539.0,86225.915,1,sl,-0.015000000000000124,-0.016300000000000123,0
2025-12-16 19:00:00,DOWN,Moderate,45.87155963302752,UNKNOWN,87538.7,85569.07925,1,tp,0.022500000000000075,0.021200000000000076,1
2025-12-17 00:00:00,DOWN,Moderate,46.549479166666664,UNKNOWN,87499.3,85530.56575000001,1,tp,0.022499999999999964,0.021199999999999965,1
2025-12-17 04:00:00,UP,Moderate,41.06217616580311,UNKNOWN,86716.7,85415.9495,1,sl,-0.014999999999999902,-0.0162999999999999,0
2025-12-17 06:00:00,UP,Moderate,46.04651162790699,UNKNOWN,86735.5,85434.4675,1,sl,-0.015000000000000013,-0.016300000000000012,0
2025-12-17 08:00:00,UP,Moderate,40.07731958762887,UNKNOWN,86366.0,85070.51,1,sl,-0.015000000000000013,-0.016300000000000012,0
2025-12-17 09:00:00,UP,Moderate,62.43243243243244,UNKNOWN,86386.1,85090.3085,1,sl,-0.015000000000000124,-0.016300000000000123,0
2025-12-17 13:00:00,UP,Strong,82.39436619718309,UNKNOWN,87579.0,86265.315,1,sl,-0.015000000000000013,-0.016300000000000012,0
2025-12-17 17:00:00,UP,Strong,88.84076433121021,UNKNOWN,86380.6,85084.891,1,sl,-0.015000000000000013,-0.016300000000000012,0
2025-12-17 19:00:00,UP,Moderate,44.218551461245234,UNKNOWN,85982.7,84692.9595,1,sl,-0.015000000000000013,-0.016300000000000012,0
2025-12-17 22:00:00,UP,Moderate,42.53164556962025,UNKNOWN,86312.5,85017.8125,1,sl,-0.015000000000000013,-0.016300000000000012,0
2025-12-18 02:00:00,UP,Moderate,44.962216624685134,UNKNOWN,86649.6,85349.856,1,sl,-0.015000000000000124,-0.016300000000000123,0
2025-12-18 05:00:00,DOWN,Moderate,42.785445420326226,UNKNOWN,86400.0,84456.0,1,tp,0.022499999999999964,0.021199999999999965,1
2025-12-18 06:00:00,DOWN,Moderate,52.255639097744364,UNKNOWN,86607.0,84658.3425,1,tp,0.022499999999999964,0.021199999999999965,1
2025-12-18 07:00:00,DOWN,Moderate,52.19023779724657,UNKNOWN,86787.5,84834.78125,1,tp,0.022499999999999964,0.021199999999999965,1
2025-12-18 09:00:00,DOWN,Moderate,68.78901373283396,UNKNOWN,87237.0,85274.1675,1,tp,0.022500000000000075,0.021200000000000076,1
2025-12-18 10:00:00,DOWN,Strong,71.69576059850374,UNKNOWN,87307.2,85342.788,1,tp,0.022499999999999964,0.021199999999999965,1
2025-12-18 11:00:00,UP,Moderate,40.34869240348692,UNKNOWN,87268.1,85959.0785,1,sl,-0.015000000000000013,-0.016300000000000012,0
2025-12-18 12:00:00,UP,Moderate,53.10945273631841,UNKNOWN,87215.2,85906.972,1,sl,-0.015000000000000013,-0.016300000000000012,0
2025-12-18 15:00:00,DOWN,Moderate,65.0,UNKNOWN,88480.8,86489.982,1,tp,0.022499999999999964,0.021199999999999965,1
2025-12-18 16:00:00,DOWN,Strong,88.73762376237624,UNKNOWN,87984.6,86004.9465,1,tp,0.022499999999999964,0.021199999999999965,1
2025-12-18 18:00:00,UP,Strong,97.90123456790123,UNKNOWN,85946.7,84657.49949999999,1,sl,-0.015000000000000124,-0.016300000000000123,0
2025-12-18 19:00:00,UP,Moderate,65.0,UNKNOWN,84447.0,83180.295,1,sl,-0.015000000000000013,-0.016300000000000012,0
2025-12-18 20:00:00,UP,Strong,98.27586206896551,UNKNOWN,84558.8,83290.418,1,sl,-0.015000000000000013,-0.016300000000000012,0
2025-12-18 21:00:00,UP,Strong,91.05781057810579,UNKNOWN,85584.6,84300.831,1,sl,-0.015000000000000013,-0.016300000000000012,0
2025-12-19 03:00:00,UP,Moderate,46.3980463980464,UNKNOWN,86863.1,85560.1535,1,sl,-0.015000000000000013,-0.016300000000000012,0
2025-12-19 04:00:00,UP,Moderate,53.29268292682927,UNKNOWN,87073.5,85767.39749999999,1,sl,-0.015000000000000124,-0.016300000000000123,0
2025-12-19 06:00:00,DOWN,Moderate,45.37712895377129,UNKNOWN,87449.9,85482.27725,1,tp,0.022499999999999964,0.021199999999999965,1
2025-12-19 07:00:00,DOWN,Moderate,41.06925880923451,UNKNOWN,87909.7,85931.73175,1,tp,0.022499999999999853,0.021199999999999854,1
2025-12-19 08:00:00,DOWN,Moderate,46.72330097087379,UNKNOWN,88063.2,86081.778,1,tp,0.022499999999999853,0.021199999999999854,1
2025-12-19 09:00:00,DOWN,Moderate,59.75757575757575,UNKNOWN,88068.3,86086.76325,1,tp,0.022499999999999964,0.021199999999999965,1
2025-12-19 10:00:00,DOWN,Moderate,65.0,UNKNOWN,88237.1,86251.76525000001,1,tp,0.022499999999999964,0.021199999999999965,1
2025-12-19 11:00:00,DOWN,Strong,95.04232164449819,UNKNOWN,88169.9,86186.07725,1,tp,0.022499999999999964,0.021199999999999965,1
2025-12-19 12:00:00,DOWN,Strong,84.42028985507247,UNKNOWN,87840.8,85864.38200000001,1,tp,0.022499999999999853,0.021199999999999854,1
2025-12-19 13:00:00,DOWN,Moderate,65.0,UNKNOWN,87968.1,85988.81775,1,tp,0.022500000000000075,0.021200000000000076,1
2025-12-19 14:00:00,DOWN,Moderate,65.0,UNKNOWN,88140.8,86157.63200000001,1,tp,0.022499999999999853,0.021199999999999854,1
2025-12-19 15:00:00,DOWN,Moderate,69.91576413959085,UNKNOWN,87925.6,85947.274,1,tp,0.022499999999999964,0.021199999999999965,1
2025-12-19 16:00:00,DOWN,Strong,75.84134615384616,UNKNOWN,87956.6,85977.57650000001,1,tp,0.022499999999999964,0.021199999999999965,1
2025-12-19 17:00:00,DOWN,Strong,71.4405762304922,UNKNOWN,86912.6,84957.06650000002,1,tp,0.022499999999999853,0.021199999999999854,1
2025-12-19 18:00:00,DOWN,Strong,70.62350119904077,UNKNOWN,87126.2,85165.8605,1,tp,0.022500000000000075,0.021200000000000076,1
2025-12-19 19:00:00,DOWN,Moderate,47.4251497005988,UNKNOWN,87812.8,85837.012,1,tp,0.022499999999999964,0.021199999999999965,1
2025-12-19 20:00:00,DOWN,Moderate,41.62679425837321,UNKNOWN,88064.8,86083.342,1,tp,0.022499999999999964,0.021199999999999965,1
2025-12-19 21:00:00,DOWN,Strong,82.00716845878136,UNKNOWN,87805.3,85829.68075,1,tp,0.022500000000000075,0.021200000000000076,1
2025-12-19 22:00:00,DOWN,Moderate,64.08114558472555,UNKNOWN,88301.1,86314.32525000001,1,tp,0.022499999999999964,0.021199999999999965,1
2025-12-19 23:00:00,DOWN,Moderate,61.85935637663885,UNKNOWN,88100.0,86117.75,1,tp,0.022499999999999964,0.021199999999999965,1
2025-12-20 00:00:00,DOWN,Moderate,52.5,UNKNOWN,87967.3,85988.03575000001,1,tp,0.022499999999999964,0.021199999999999965,1
2025-12-20 01:00:00,DOWN,Moderate,54.9346016646849,UNKNOWN,88036.7,86055.87425,1,tp,0.022500000000000075,0.021200000000000076,1
2025-12-20 02:00:00,DOWN,Moderate,55.10688836104512,UNKNOWN,88168.0,86184.22,1,tp,0.022499999999999964,0.021199999999999965,1
2025-12-20 03:00:00,DOWN,Moderate,45.31435349940688,UNKNOWN,88165.3,86181.58075000001,1,tp,0.022499999999999964,0.021199999999999965,1
2025-12-20 04:00:00,DOWN,Moderate,57.464454976303315,UNKNOWN,88257.1,86271.31525000001,1,tp,0.022499999999999853,0.021199999999999854,1
2025-12-20 05:00:00,DOWN,Moderate,56.213017751479285,UNKNOWN,88250.0,86264.375,1,tp,0.022499999999999964,0.021199999999999965,1
2025-12-20 06:00:00,DOWN,Moderate,54.25531914893617,UNKNOWN,88262.2,86276.3005,1,tp,0.022499999999999964,0.021199999999999965,1
2025-12-20 07:00:00,DOWN,Moderate,64.46280991735537,UNKNOWN,88239.9,86254.50224999999,1,tp,0.022500000000000075,0.021200000000000076,1
2025-12-20 08:00:00,DOWN,Moderate,61.32075471698113,UNKNOWN,88217.0,86232.11750000001,1,tp,0.022499999999999964,0.021199999999999965,1
2025-12-20 09:00:00,DOWN,Moderate,56.06595995288575,UNKNOWN,88190.0,86205.725,1,tp,0.022499999999999964,0.021199999999999965,1
2025-12-20 10:00:00,DOWN,Moderate,48.94117647058824,UNKNOWN,88133.7,86150.69175,1,tp,0.022499999999999964,0.021199999999999965,1
2025-12-20 11:00:00,DOWN,Moderate,64.98237367802585,UNKNOWN,88243.6,86258.119,1,tp,0.022499999999999964,0.021199999999999965,1
2025-12-20 12:00:00,DOWN,Moderate,57.27699530516433,UNKNOWN,88214.0,86229.185,1,tp,0.022500000000000075,0.021200000000000076,1
2025-12-20 13:00:00,DOWN,Moderate,52.61430246189918,UNKNOWN,88230.9,86245.70475,1,tp,0.022499999999999853,0.021199999999999854,1
2025-12-20 17:00:00,DOWN,Moderate,55.542590431738624,UNKNOWN,88144.5,86161.24875,1,tp,0.022499999999999964,0.021199999999999965,1
2025-12-20 18:00:00,DOWN,Moderate,44.52214452214452,UNKNOWN,88277.1,86290.86525,1,tp,0.022500000000000075,0.021200000000000076,1
2025-12-20 19:00:00,DOWN,Strong,76.60069848661234,UNKNOWN,88196.3,86211.88325,1,tp,0.022500000000000075,0.021200000000000076,1
2025-12-20 20:00:00,DOWN,Moderate,54.18604651162791,UNKNOWN,88250.4,86264.766,1,tp,0.022499999999999853,0.021199999999999854,1
2025-12-20 23:00:00,UP,Moderate,66.16454229432213,UNKNOWN,88320.8,86995.988,1,sl,-0.015000000000000013,-0.016300000000000012,0
2025-12-21 03:00:00,DOWN,Moderate,55.94002306805075,UNKNOWN,88043.2,86062.228,1,tp,0.022499999999999964,0.021199999999999965,1
2025-12-21 04:00:00,DOWN,Strong,84.52764976958527,UNKNOWN,88036.4,86055.58099999999,1,tp,0.022500000000000075,0.021200000000000076,1
2025-12-21 05:00:00,DOWN,Moderate,56.50172612197929,UNKNOWN,88102.0,86119.705,1,tp,0.022499999999999964,0.021199999999999965,1
2025-12-21 06:00:00,DOWN,Moderate,51.20689655172414,UNKNOWN,88057.3,86076.01075,1,tp,0.022499999999999964,0.021199999999999965,1
2025-12-21 07:00:00,DOWN,Moderate,44.776119402985074,UNKNOWN,88138.7,86155.57925,1,tp,0.022500000000000075,0.021200000000000076,1
2025-12-21 08:00:00,DOWN,Moderate,57.3394495412844,UNKNOWN,88509.0,86517.5475,1,tp,0.022499999999999964,0.021199999999999965,1
2025-12-21 09:00:00,UP,Moderate,47.62886597938145,UNKNOWN,88868.0,87534.98,1,sl,-0.015000000000000013,-0.016300000000000012,0
2025-12-21 10:00:00,DOWN,Moderate,62.92906178489704,UNKNOWN,88633.1,86638.85525000001,1,tp,0.022499999999999964,0.021199999999999965,1
2025-12-21 11:00:00,DOWN,Strong,88.0,UNKNOWN,88570.6,86577.76150000001,1,tp,0.022499999999999964,0.021199999999999965,1
2025-12-21 12:00:00,DOWN,Strong,86.14155251141553,UNKNOWN,88588.6,86595.35650000001,1,tp,0.022499999999999964,0.021199999999999965,1
2025-12-21 13:00:00,UP,Moderate,65.0,UNKNOWN,87630.5,86316.0425,1,sl,-0.015000000000000013,-0.016300000000000012,0
2025-12-21 16:00:00,DOWN,Moderate,54.090909090909086,UNKNOWN,88309.8,86322.8295,1,tp,0.022499999999999964,0.021199999999999965,1
2025-12-21 18:00:00,DOWN,Moderate,56.34920634920635,UNKNOWN,88406.9,86417.74475,1,tp,0.022499999999999964,0.021199999999999965,1
2025-12-21 19:00:00,DOWN,Moderate,64.32616081540203,UNKNOWN,88448.2,86458.1155,1,tp,0.022499999999999964,0.021199999999999965,1
2025-12-21 20:00:00,DOWN,Moderate,67.3076923076923,UNKNOWN,88195.6,86211.19900000001,1,tp,0.022499999999999964,0.021199999999999965,1
2025-12-21 23:00:00,DOWN,Moderate,47.23788049605411,UNKNOWN,88621.3,86627.32075,1,tp,0.022500000000000075,0.021200000000000076,1
2025-12-22 00:00:00,DOWN,Moderate,43.69369369369369,UNKNOWN,88581.7,86588.61175,1,tp,0.022499999999999964,0.021199999999999965,1
2025-12-22 01:00:00,DOWN,Moderate,50.95613048368954,UNKNOWN,88580.1,86587.04775000001,1,tp,0.022499999999999964,0.021199999999999965,1
2025-12-22 03:00:00,DOWN,Moderate,62.62626262626263,UNKNOWN,88727.5,86731.13125,1,tp,0.022499999999999964,0.021199999999999965,1
2025-12-22 04:00:00,DOWN,Moderate,47.421524663677125,UNKNOWN,88863.5,86864.07125000001,1,tp,0.022499999999999853,0.021199999999999854,1
2025-12-22 09:00:00,UP,Moderate,43.04347826086957,UNKNOWN,89785.3,88438.5205,1,sl,-0.015000000000000013,-0.016300000000000012,0
2025-12-22 18:00:00,UP,Strong,72.51655629139073,UNKNOWN,89104.8,87768.228,1,sl,-0.015000000000000013,-0.016300000000000012,0
2025-12-22 20:00:00,DOWN,Moderate,44.93392070484582,UNKNOWN,88305.9,86319.01725,1,tp,0.022499999999999853,0.021199999999999854,1
2025-12-23 03:00:00,UP,Moderate,43.387978142076506,UNKNOWN,88128.2,86806.277,1,sl,-0.014999999999999902,-0.0162999999999999,0
2025-12-23 04:00:00,UP,Moderate,65.0,UNKNOWN,87892.0,86573.62,1,sl,-0.015000000000000013,-0.016300000000000012,0
2025-12-23 06:00:00,UP,Moderate,65.0,UNKNOWN,87355.2,86044.872,1,sl,-0.014999999999999902,-0.0162999999999999,0
2025-12-23 07:00:00,UP,Strong,85.52774755168662,UNKNOWN,87531.3,86218.3305,1,sl,-0.015000000000000124,-0.016300000000000123,0
2025-12-23 08:00:00,UP,Strong,83.80434782608695,UNKNOWN,87426.8,86115.398,1,sl,-0.015000000000000013,-0.016300000000000012,0
2025-12-23 09:00:00,UP,Moderate,55.048859934853425,UNKNOWN,87494.4,86181.984,1,sl,-0.015000000000000013,-0.016300000000000012,0
2025-12-23 11:00:00,DOWN,Moderate,65.0,UNKNOWN,87813.9,85838.08725,1,tp,0.022499999999999964,0.021199999999999965,1
2025-12-23 12:00:00,DOWN,Moderate,51.40692640692641,UNKNOWN,87737.3,85763.21075000001,1,tp,0.022499999999999853,0.021199999999999854,1
2025-12-23 14:00:00,UP,Moderate,65.0,UNKNOWN,86837.3,85534.7405,1,sl,-0.015000000000000013,-0.016300000000000012,0
2025-12-23 15:00:00,UP,Strong,100.0,UNKNOWN,87405.3,86094.2205,1,sl,-0.015000000000000124,-0.016300000000000123,0
2025-12-23 16:00:00,DOWN,Moderate,41.271551724137936,UNKNOWN,87959.8,85980.7045,1,tp,0.022499999999999964,0.021199999999999965,1
2025-12-23 17:00:00,UP,Strong,87.19052744886974,UNKNOWN,87138.1,85831.0285,1,sl,-0.015000000000000013,-0.016300000000000012,0
2025-12-23 19:00:00,UP,Moderate,65.0,UNKNOWN,87724.2,86408.337,1,sl,-0.015000000000000013,-0.016300000000000012,0
2025-12-23 20:00:00,UP,Moderate,65.0,UNKNOWN,87674.3,86359.1855,1,sl,-0.014999999999999902,-0.0162999999999999,0
2025-12-23 21:00:00,UP,Strong,77.59914255091104,UNKNOWN,87692.7,86377.3095,1,sl,-0.014999999999999902,-0.0162999999999999,0
2025-12-23 22:00:00,UP,Moderate,65.0,UNKNOWN,87378.2,86067.527,1,sl,-0.014999999999999902,-0.0162999999999999,0
2025-12-23 23:00:00,UP,Strong,75.29411764705883,UNKNOWN,87463.0,86151.055,1,sl,-0.015000000000000124,-0.016300000000000123,0
2025-12-24 00:00:00,UP,Strong,93.48290598290599,UNKNOWN,87626.1,86311.70850000001,1,sl,-0.015000000000000013,-0.016300000000000012,0
2025-12-24 01:00:00,UP,Strong,90.39487726787621,UNKNOWN,87603.1,86289.05350000001,1,sl,-0.015000000000000013,-0.016300000000000012,0
2025-12-24 02:00:00,UP,Moderate,65.0,UNKNOWN,87100.1,85793.59850000001,1,sl,-0.015000000000000013,-0.016300000000000012,0
2025-12-24 06:00:00,UP,Moderate,65.0,UNKNOWN,86980.1,85675.39850000001,1,sl,-0.014999999999999902,-0.0162999999999999,0
2025-12-24 07:00:00,UP,Moderate,65.0,UNKNOWN,86868.1,85565.0785,1,sl,-0.015000000000000013,-0.016300000000000012,0
2025-12-24 08:00:00,UP,Moderate,65.0,UNKNOWN,86751.5,85450.2275,1,sl,-0.015000000000000124,-0.016300000000000123,0
2025-12-24 09:00:00,UP,Moderate,57.14285714285714,UNKNOWN,86763.6,85462.14600000001,1,sl,-0.015000000000000013,-0.016300000000000012,0
2025-12-24 10:00:00,UP,Strong,91.2262156448203,UNKNOWN,87042.8,85737.158,1,sl,-0.015000000000000124,-0.016300000000000123,0
2025-12-24 11:00:00,UP,Moderate,65.0,UNKNOWN,87162.6,85855.16100000001,1,sl,-0.015000000000000013,-0.016300000000000012,0
2025-12-24 12:00:00,UP,Strong,98.20675105485233,UNKNOWN,87393.1,86082.2035,1,sl,-0.015000000000000013,-0.016300000000000012,0
2025-12-24 13:00:00,UP,Moderate,65.0,UNKNOWN,87250.5,85941.7425,1,sl,-0.015000000000000124,-0.016300000000000123,0
2025-12-24 14:00:00,UP,Moderate,65.0,UNKNOWN,86950.0,85645.75,1,sl,-0.015000000000000013,-0.016300000000000012,0
2025-12-24 15:00:00,UP,Moderate,45.5310199789695,UNKNOWN,87012.0,85706.81999999999,1,sl,-0.015000000000000124,-0.016300000000000123,0
2025-12-24 16:00:00,UP,Moderate,50.84033613445378,UNKNOWN,87250.6,85941.841,1,sl,-0.015000000000000013,-0.016300000000000012,0
2025-12-24 18:00:00,UP,Moderate,50.73375262054507,UNKNOWN,87435.0,86123.475,1,sl,-0.014999999999999902,-0.0162999999999999,0
2025-12-24 19:00:00,UP,Moderate,43.87434554973822,UNKNOWN,87521.4,86208.579,1,sl,-0.015000000000000013,-0.016300000000000012,0
2025-12-24 20:00:00,UP,Moderate,55.962343096234314,UNKNOWN,87518.8,86206.018,1,sl,-0.015000000000000124,-0.016300000000000123,0
2025-12-24 21:00:00,UP,Strong,86.4158829676071,UNKNOWN,87653.8,86338.993,1,sl,-0.015000000000000013,-0.016300000000000012,0
2025-12-24 22:00:00,UP,Strong,82.6722338204593,UNKNOWN,87962.0,86642.56999999999,1,sl,-0.015000000000000124,-0.016300000000000123,0
2025-12-24 23:00:00,UP,Strong,74.55683003128259,UNKNOWN,87627.3,86312.89050000001,1,sl,-0.014999999999999902,-0.0162999999999999,0
2025-12-25 02:00:00,UP,Moderate,54.54261954261954,UNKNOWN,87847.8,86530.083,1,sl,-0.015000000000000013,-0.016300000000000012,0
2025-12-25 05:00:00,UP,Moderate,50.673575129533674,UNKNOWN,87706.0,86390.41,1,sl,-0.015000000000000013,-0.016300000000000012,0
2025-12-25 06:00:00,UP,Moderate,54.77225672877847,UNKNOWN,87799.5,86482.50749999999,1,sl,-0.015000000000000124,-0.016300000000000123,0
2025-12-25 07:00:00,UP,Strong,77.45604963805584,UNKNOWN,87795.9,86478.96149999999,1,sl,-0.015000000000000013,-0.016300000000000012,0
2025-12-25 08:00:00,UP,Strong,97.93388429752066,UNKNOWN,87546.2,86233.007,1,sl,-0.015000000000000013,-0.016300000000000012,0
2025-12-25 09:00:00,UP,Strong,96.38802889576883,UNKNOWN,87482.1,86169.86850000001,1,sl,-0.014999999999999902,-0.0162999999999999,0
2025-12-25 10:00:00,UP,Strong,97.42268041237114,UNKNOWN,87386.0,86075.20999999999,1,sl,-0.015000000000000124,-0.016300000000000123,0
2025-12-25 11:00:00,UP,Strong,100.0,UNKNOWN,87485.2,86172.92199999999,1,sl,-0.015000000000000013,-0.016300000000000012,0
2025-12-25 12:00:00,UP,Strong,100.0,UNKNOWN,87533.7,86220.6945,1,sl,-0.015000000000000013,-0.016300000000000012,0
2025-12-25 13:00:00,UP,Strong,88.59198355601234,UNKNOWN,87597.1,86283.1435,1,sl,-0.015000000000000013,-0.016300000000000012,0
2025-12-25 14:00:00,UP,Strong,91.59137577002055,UNKNOWN,87675.1,86359.97350000001,1,sl,-0.015000000000000013,-0.016300000000000012,0
2025-12-25 15:00:00,UP,Strong,74.23589743589744,UNKNOWN,88338.9,87013.81649999999,1,sl,-0.015000000000000124,-0.016300000000000123,0
2025-12-25 21:00:00,UP,Moderate,69.29663608562691,UNKNOWN,87862.0,86544.06999999999,1,sl,-0.015000000000000124,-0.016300000000000123,0
2025-12-25 22:00:00,UP,Moderate,69.4501018329939,UNKNOWN,87607.9,86293.7815,1,sl,-0.015000000000000013,-0.016300000000000012,0
2025-12-25 23:00:00,UP,Strong,72.53306205493388,UNKNOWN,87182.8,85875.058,1,sl,-0.015000000000000013,-0.016300000000000012,0
2025-12-26 02:00:00,DOWN,Moderate,65.0,UNKNOWN,89151.8,87145.8845,1,tp,0.022500000000000075,0.021200000000000076,1
2025-12-26 03:00:00,DOWN,Strong,92.27963525835867,UNKNOWN,88796.2,86798.2855,1,tp,0.022499999999999964,0.021199999999999965,1
2025-12-26 04:00:00,DOWN,Strong,91.19433198380567,UNKNOWN,88926.0,86925.16500000001,1,tp,0.022499999999999853,0.021199999999999854,1
2025-12-26 05:00:00,DOWN,Strong,94.53993933265924,UNKNOWN,88954.7,86953.21925,1,tp,0.022500000000000075,0.021200000000000076,1
2025-12-26 06:00:00,DOWN,Moderate,65.0,UNKNOWN,89085.0,87080.58750000001,1,tp,0.022499999999999853,0.021199999999999854,1
2025-12-26 13:00:00,DOWN,Moderate,40.82246740220662,UNKNOWN,88959.1,86957.52025000002,1,tp,0.022499999999999853,0.021199999999999854,1
2025-12-26 15:00:00,UP,Moderate,67.86786786786787,UNKNOWN,87100.0,85793.5,1,sl,-0.015000000000000013,-0.016300000000000012,0
2025-12-26 16:00:00,UP,Moderate,59.4,UNKNOWN,86821.7,85519.37449999999,1,sl,-0.015000000000000124,-0.016300000000000123,0
2025-12-26 17:00:00,UP,Moderate,43.05694305694306,UNKNOWN,87288.6,85979.27100000001,1,sl,-0.015000000000000013,-0.016300000000000012,0
2025-12-26 18:00:00,UP,Moderate,40.818363273453095,UNKNOWN,87232.5,85924.0125,1,sl,-0.015000000000000013,-0.016300000000000012,0
2025-12-27 00:00:00,DOWN,Moderate,46.42857142857143,UNKNOWN,87360.0,85394.40000000001,1,tp,0.022499999999999853,0.021199999999999854,1
2025-12-27 01:00:00,DOWN,Moderate,46.778989098116945,UNKNOWN,87431.6,85464.38900000001,1,tp,0.022499999999999964,0.021199999999999965,1
2025-12-27 02:00:00,DOWN,Moderate,41.089108910891085,UNKNOWN,87410.7,85443.95925,1,tp,0.022499999999999964,0.021199999999999965,1
2025-12-27 03:00:00,DOWN,Moderate,52.720079129574685,UNKNOWN,87473.4,85505.2485,1,tp,0.022499999999999964,0.021199999999999965,1
2025-12-27 04:00:00,DOWN,Moderate,54.54545454545454,UNKNOWN,87428.0,85460.87000000001,1,tp,0.022499999999999853,0.021199999999999854,1
2025-12-27 05:00:00,DOWN,Moderate,51.43139190523198,UNKNOWN,87466.2,85498.2105,1,tp,0.022499999999999964,0.021199999999999965,1
2025-12-27 06:00:00,DOWN,Moderate,50.69033530571993,UNKNOWN,87426.8,85459.697,1,tp,0.022500000000000075,0.021200000000000076,1
2025-12-27 07:00:00,DOWN,Moderate,48.57142857142857,UNKNOWN,87490.9,85522.35475,1,tp,0.022499999999999964,0.021199999999999965,1
2025-12-27 08:00:00,DOWN,Moderate,46.25984251968504,UNKNOWN,87545.6,85575.82400000001,1,tp,0.022499999999999964,0.021199999999999965,1
2025-12-28 03:00:00,UP,Strong,75.55555555555556,UNKNOWN,87693.0,86377.605,1,sl,-0.015000000000000013,-0.016300000000000012,0
2025-12-28 04:00:00,UP,Strong,78.76447876447877,UNKNOWN,87683.9,86368.6415,1,sl,-0.015000000000000013,-0.016300000000000012,0
2025-12-28 05:00:00,UP,Moderate,57.666345226615235,UNKNOWN,87620.0,86305.7,1,sl,-0.015000000000000013,-0.016300000000000012,0
2025-12-28 06:00:00,UP,Moderate,64.85549132947978,UNKNOWN,87696.0,86380.56,1,sl,-0.015000000000000013,-0.016300000000000012,0
2025-12-28 07:00:00,UP,Moderate,56.592877767083735,UNKNOWN,87697.7,86382.23449999999,1,sl,-0.015000000000000013,-0.016300000000000012,0
2025-12-28 08:00:00,UP,Strong,90.4326923076923,UNKNOWN,87771.0,86454.435,1,sl,-0.015000000000000013,-0.016300000000000012,0
2025-12-28 09:00:00,UP,Strong,93.27569644572526,UNKNOWN,87768.2,86451.677,1,sl,-0.015000000000000013,-0.016300000000000012,0
2025-12-28 10:00:00,UP,Strong,100.0,UNKNOWN,87828.7,86511.2695,1,sl,-0.015000000000000013,-0.016300000000000012,0
2025-12-28 11:00:00,UP,Strong,70.66155321188879,UNKNOWN,87850.8,86533.038,1,sl,-0.015000000000000013,-0.016300000000000012,0
2025-12-28 15:00:00,DOWN,Moderate,44.985673352435526,UNKNOWN,87797.7,85822.25175,1,tp,0.022499999999999964,0.021199999999999965,1
2025-12-28 17:00:00,DOWN,Moderate,68.4461391801716,UNKNOWN,87730.1,85756.17275000001,1,tp,0.022499999999999964,0.021199999999999965,1
2025-12-29 00:00:00,DOWN,Moderate,65.0,UNKNOWN,88262.2,86276.3005,1,tp,0.022499999999999964,0.021199999999999965,1
2025-12-29 01:00:00,DOWN,Moderate,65.0,UNKNOWN,88419.3,86429.86575000001,1,tp,0.022499999999999853,0.021199999999999854,1
2025-12-29 02:00:00,DOWN,Moderate,65.0,UNKNOWN,89129.1,87123.69525,1,tp,0.022499999999999964,0.021199999999999965,1
2025-12-29 03:00:00,DOWN,Moderate,65.0,UNKNOWN,90091.6,88064.539,1,tp,0.022499999999999964,0.021199999999999965,1
2025-12-29 04:00:00,DOWN,Strong,100.0,UNKNOWN,90100.1,88072.84775000002,1,tp,0.022499999999999853,0.021199999999999854,1
2025-12-29 05:00:00,DOWN,Strong,100.0,UNKNOWN,89950.8,87926.907,1,tp,0.022499999999999964,0.021199999999999965,1
2025-12-29 06:00:00,DOWN,Strong,94.53860640301318,UNKNOWN,89740.7,87721.53425,1,tp,0.022499999999999964,0.021199999999999965,1
2025-12-29 07:00:00,DOWN,Strong,85.88899341486359,UNKNOWN,89583.0,87567.3825,1,tp,0.022499999999999964,0.021199999999999965,1
2025-12-29 08:00:00,DOWN,Moderate,65.0,UNKNOWN,89519.0,87504.82250000001,1,tp,0.022499999999999853,0.021199999999999854,1
2025-12-29 09:00:00,DOWN,Strong,75.08920187793427,UNKNOWN,88068.2,86086.6655,1,tp,0.022499999999999964,0.021199999999999965,1
2025-12-29 10:00:00,DOWN,Moderate,65.0,UNKNOWN,87747.1,85772.79025,1,tp,0.022499999999999964,0.021199999999999965,1
2025-12-29 11:00:00,DOWN,Moderate,56.70103092783505,UNKNOWN,87529.0,85559.5975,1,tp,0.022499999999999964,0.021199999999999965,1
2025-12-29 12:00:00,DOWN,Moderate,60.0187265917603,UNKNOWN,87344.0,85378.76000000001,1,tp,0.022499999999999853,0.021199999999999854,1
2025-12-29 14:00:00,UP,Moderate,52.523364485981304,UNKNOWN,87399.9,86088.90149999999,1,sl,-0.015000000000000013,-0.016300000000000012,0
2025-12-30 00:00:00,DOWN,Moderate,55.092592592592595,UNKNOWN,87223.2,85260.678,1,tp,0.022499999999999964,0.021199999999999965,1
2025-12-30 01:00:00,DOWN,Moderate,61.88714153561518,UNKNOWN,87283.0,85319.1325,1,tp,0.022499999999999964,0.021199999999999965,1
2025-12-30 02:00:00,DOWN,Moderate,65.26802218114602,UNKNOWN,87072.8,85113.66200000001,1,tp,0.022499999999999853,0.021199999999999854,1
2025-12-30 03:00:00,DOWN,Moderate,62.23453370267775,UNKNOWN,87334.7,85369.66925,1,tp,0.022499999999999853,0.021199999999999854,1
2025-12-30 04:00:00,DOWN,Moderate,62.54612546125461,UNKNOWN,87262.0,85298.605,1,tp,0.022500000000000075,0.021200000000000076,1
2025-12-30 05:00:00,DOWN,Strong,71.88940092165899,UNKNOWN,87216.2,85253.8355,1,tp,0.022499999999999964,0.021199999999999965,1
2025-12-30 06:00:00,DOWN,Moderate,42.63351749539595,UNKNOWN,87404.3,85437.70325,1,tp,0.022499999999999964,0.021199999999999965,1
2025-12-30 09:00:00,UP,Moderate,65.0,UNKNOWN,87954.7,86635.3795,1,sl,-0.015000000000000013,-0.016300000000000012,0
2025-12-30 10:00:00,UP,Strong,96.42201834862385,UNKNOWN,87914.3,86595.5855,1,sl,-0.015000000000000013,-0.016300000000000012,0
2025-12-30 11:00:00,UP,Strong,76.1686526122823,UNKNOWN,87875.2,86557.072,1,sl,-0.015000000000000013,-0.016300000000000012,0
2025-12-30 12:00:00,UP,Strong,86.02564102564104,UNKNOWN,87993.4,86673.499,1,sl,-0.015000000000000013,-0.016300000000000012,0
2025-12-30 13:00:00,UP,Strong,77.12717291857274,UNKNOWN,88069.8,86748.753,1,sl,-0.015000000000000013,-0.016300000000000012,0
2025-12-30 14:00:00,UP,Strong,100.0,UNKNOWN,88831.4,87498.92899999999,1,sl,-0.015000000000000013,-0.016300000000000012,0
2025-12-30 15:00:00,UP,Strong,89.68036529680366,UNKNOWN,88966.8,87632.298,1,sl,-0.015000000000000124,-0.016300000000000123,0
2025-12-30 21:00:00,UP,Strong,77.52951861943689,UNKNOWN,88245.5,86921.8175,1,sl,-0.014999999999999902,-0.0162999999999999,0
2025-12-30 22:00:00,UP,Moderate,60.490018148820326,UNKNOWN,88387.7,87061.8845,1,sl,-0.015000000000000013,-0.016300000000000012,0
2025-12-30 23:00:00,UP,Moderate,63.12783318223028,UNKNOWN,88455.3,87128.4705,1,sl,-0.015000000000000124,-0.016300000000000123,0
2025-12-31 01:00:00,UP,Moderate,45.99095022624435,UNKNOWN,88604.7,87275.6295,1,sl,-0.015000000000000013,-0.016300000000000012,0
2025-12-31 04:00:00,UP,Moderate,41.69675090252708,UNKNOWN,88287.3,86962.9905,1,sl,-0.015000000000000013,-0.016300000000000012,0
2025-12-31 09:00:00,DOWN,Moderate,51.482479784366575,UNKNOWN,88619.5,86625.56125,1,tp,0.022499999999999964,0.021199999999999965,1
2025-12-31 13:00:00,UP,Strong,84.33303491495077,UNKNOWN,88954.4,87620.08399999999,1,sl,-0.015000000000000124,-0.016300000000000123,0
2025-12-31 14:00:00,UP,Moderate,65.0,UNKNOWN,88443.4,87116.749,1,sl,-0.015000000000000013,-0.016300000000000012,0
2025-12-31 15:00:00,UP,Strong,75.33512064343164,UNKNOWN,87909.0,86590.365,1,sl,-0.014999999999999902,-0.0162999999999999,0
2025-12-31 16:00:00,UP,Strong,75.35714285714286,UNKNOWN,87625.9,86311.5115,1,sl,-0.015000000000000013,-0.016300000000000012,0
2025-12-31 20:00:00,UP,Moderate,65.0,UNKNOWN,87629.0,86314.565,1,sl,-0.015000000000000013,-0.016300000000000012,0
2025-12-31 21:00:00,UP,Moderate,61.422222222222224,UNKNOWN,87764.0,86447.54,1,sl,-0.015000000000000124,-0.016300000000000123,0
2025-12-31 22:00:00,UP,Moderate,58.96980461811723,UNKNOWN,87695.7,86380.26449999999,1,sl,-0.015000000000000124,-0.016300000000000123,0
2025-12-31 23:00:00,UP,Moderate,40.10647737355812,UNKNOWN,87608.2,86294.07699999999,1,sl,-0.015000000000000124,-0.016300000000000123,0
2026-01-01 02:00:00,UP,Moderate,45.13274336283185,UNKNOWN,87884.6,86566.331,1,sl,-0.015000000000000013,-0.016300000000000012,0
2026-01-01 04:00:00,DOWN,Strong,86.678445229682,UNKNOWN,87567.0,85596.74250000001,1,tp,0.022499999999999964,0.021199999999999965,1
2026-01-01 05:00:00,DOWN,Strong,91.52691968225949,UNKNOWN,87674.7,85702.01925,1,tp,0.022499999999999964,0.021199999999999965,1
2026-01-01 06:00:00,DOWN,Strong,94.67372134038801,UNKNOWN,87621.5,85650.01625,1,tp,0.022499999999999964,0.021199999999999965,1
2026-01-01 07:00:00,DOWN,Strong,94.68722466960352,UNKNOWN,87603.7,85632.61675,1,tp,0.022499999999999964,0.021199999999999965,1
2026-01-01 08:00:00,DOWN,Strong,86.09154929577466,UNKNOWN,87741.5,85767.31625,1,tp,0.022499999999999964,0.021199999999999965,1
2026-01-01 09:00:00,DOWN,Moderate,52.770448548812666,UNKNOWN,87846.7,85870.14925,1,tp,0.022499999999999964,0.021199999999999965,1
2026-01-01 10:00:00,DOWN,Moderate,65.46572934973638,UNKNOWN,87833.9,85857.63725,1,tp,0.022499999999999964,0.021199999999999965,1
2026-01-01 11:00:00,UP,Moderate,40.298507462686565,UNKNOWN,87980.1,86660.39850000001,1,sl,-0.014999999999999902,-0.0162999999999999,0
2026-01-01 15:00:00,UP,Strong,100.0,UNKNOWN,87986.8,86666.998,1,sl,-0.014999999999999902,-0.0162999999999999,0
2026-01-01 18:00:00,DOWN,Moderate,52.879581151832454,UNKNOWN,88165.3,86181.58075000001,1,tp,0.022499999999999964,0.021199999999999965,1
2026-01-01 19:00:00,DOWN,Moderate,50.56669572798606,UNKNOWN,88354.8,86366.81700000001,1,tp,0.022499999999999964,0.021199999999999965,1
2026-01-01 20:00:00,DOWN,Moderate,53.65853658536586,UNKNOWN,88220.4,86235.44099999999,1,tp,0.022500000000000075,0.021200000000000076,1
2026-01-01 21:00:00,DOWN,Moderate,43.429068755439516,UNKNOWN,88346.9,86359.09475,1,tp,0.022499999999999853,0.021199999999999854,1
2026-01-01 22:00:00,DOWN,Moderate,44.78260869565218,UNKNOWN,88603.5,86609.92125,1,tp,0.022499999999999964,0.021199999999999965,1
2026-01-02 04:00:00,DOWN,Moderate,43.16608996539792,UNKNOWN,88595.1,86601.71025,1,tp,0.022500000000000075,0.021200000000000076,1
2026-01-02 05:00:00,DOWN,Moderate,49.00605012964564,UNKNOWN,88720.7,86724.48425,1,tp,0.022500000000000075,0.021200000000000076,1
2026-01-02 08:00:00,DOWN,Moderate,57.068965517241374,UNKNOWN,89138.2,87132.5905,1,tp,0.022499999999999853,0.021199999999999854,1
2026-01-02 10:00:00,DOWN,Moderate,65.0,UNKNOWN,89618.5,87602.08375,1,tp,0.022499999999999964,0.021199999999999965,1
2026-01-02 11:00:00,DOWN,Strong,85.72656921754084,UNKNOWN,89458.3,87445.48825000001,1,tp,0.022499999999999964,0.021199999999999965,1
2026-01-02 12:00:00,DOWN,Moderate,60.051546391752574,UNKNOWN,89360.1,87349.49775000001,1,tp,0.022499999999999964,0.021199999999999965,1
2026-01-02 16:00:00,UP,Moderate,63.28767123287672,UNKNOWN,90334.0,88978.99,1,sl,-0.014999999999999902,-0.0162999999999999,0
2026-01-02 18:00:00,DOWN,Moderate,47.57264957264958,UNKNOWN,89735.3,87716.25575000001,1,tp,0.022499999999999853,0.021199999999999854,1
2026-01-02 21:00:00,DOWN,Moderate,44.84228473998295,UNKNOWN,90015.4,87990.0535,1,tp,0.022499999999999964,0.021199999999999965,1
2026-01-02 22:00:00,DOWN,Moderate,45.57069846678024,UNKNOWN,90154.9,88126.41475,1,tp,0.022499999999999964,0.021199999999999965,1
2026-01-02 23:00:00,DOWN,Moderate,63.31914893617021,UNKNOWN,89951.4,87927.4935,1,tp,0.022499999999999964,0.021199999999999965,1
2026-01-03 00:00:00,DOWN,Moderate,65.0,UNKNOWN,90114.0,88086.435,1,tp,0.022500000000000075,0.021200000000000076,1
2026-01-03 01:00:00,DOWN,Moderate,65.0,UNKNOWN,90232.9,88202.65974999999,1,tp,0.022500000000000075,0.021200000000000076,1
2026-01-03 02:00:00,DOWN,Moderate,65.0,UNKNOWN,90291.2,88259.648,1,tp,0.022499999999999964,0.021199999999999965,1
2026-01-03 03:00:00,DOWN,Moderate,65.0,UNKNOWN,90279.9,88248.60225,1,tp,0.022499999999999964,0.021199999999999965,1
2026-01-03 04:00:00,DOWN,Moderate,68.47457627118644,UNKNOWN,90121.8,88094.0595,1,tp,0.022499999999999964,0.021199999999999965,1
2026-01-03 05:00:00,DOWN,Moderate,66.89246401354784,UNKNOWN,89989.9,87965.12724999999,1,tp,0.022500000000000075,0.021200000000000076,1
2026-01-03 06:00:00,DOWN,Moderate,65.0,UNKNOWN,89827.3,87806.18575,1,tp,0.022499999999999964,0.021199999999999965,1
2026-01-03 08:00:00,DOWN,Moderate,65.0,UNKNOWN,89625.3,87608.73075,1,tp,0.022499999999999964,0.021199999999999965,1
2026-01-03 09:00:00,DOWN,Moderate,65.0,UNKNOWN,89756.1,87736.58775,1,tp,0.022499999999999964,0.021199999999999965,1
2026-01-03 10:00:00,DOWN,Strong,75.88532883642496,UNKNOWN,89712.8,87694.262,1,tp,0.022499999999999964,0.021199999999999965,1
2026-01-03 11:00:00,DOWN,Strong,81.8871103622578,UNKNOWN,89706.4,87688.006,1,tp,0.022499999999999964,0.021199999999999965,1
2026-01-03 12:00:00,DOWN,Strong,80.47138047138047,UNKNOWN,90001.8,87976.7595,1,tp,0.022500000000000075,0.021200000000000076,1
2026-01-03 13:00:00,DOWN,Strong,74.75189234650968,UNKNOWN,89972.3,87947.92325,1,tp,0.022499999999999964,0.021199999999999965,1
2026-01-03 14:00:00,DOWN,Strong,73.39495798319328,UNKNOWN,90091.3,88064.24575,1,tp,0.022499999999999964,0.021199999999999965,1
2026-01-03 15:00:00,DOWN,Strong,73.88748950461797,UNKNOWN,89931.8,87908.33450000001,1,tp,0.022499999999999853,0.021199999999999854,1
2026-01-03 16:00:00,DOWN,Moderate,55.00000000000001,UNKNOWN,90065.0,88038.5375,1,tp,0.022499999999999964,0.021199999999999965,1
2026-01-03 17:00:00,DOWN,Moderate,61.50041911148366,UNKNOWN,90054.5,88028.27375000001,1,tp,0.022499999999999964,0.021199999999999965,1
2026-01-03 18:00:00,DOWN,Strong,81.49078726968175,UNKNOWN,90105.4,88078.0285,1,tp,0.022499999999999964,0.021199999999999965,1
2026-01-03 19:00:00,DOWN,Strong,93.89121338912135,UNKNOWN,90091.8,88064.7345,1,tp,0.022499999999999964,0.021199999999999965,1
2026-01-03 20:00:00,DOWN,Strong,83.11036789297658,UNKNOWN,90333.0,88300.5075,1,tp,0.022499999999999964,0.021199999999999965,1
2026-01-03 21:00:00,DOWN,Moderate,60.40100250626567,UNKNOWN,90530.3,88493.36825,1,tp,0.022500000000000075,0.021200000000000076,1
2026-01-03 22:00:00,DOWN,Moderate,54.816360601001676,UNKNOWN,90557.4,88519.8585,1,tp,0.022499999999999964,0.021199999999999965,1
2026-01-04 01:00:00,DOWN,Moderate,43.50541215653622,UNKNOWN,91190.0,89138.225,1,tp,0.022499999999999964,0.021199999999999965,1
2026-01-04 02:00:00,DOWN,Moderate,46.85524126455907,UNKNOWN,91099.2,89049.468,1,tp,0.022500000000000075,0.021200000000000076,1
2026-01-04 04:00:00,DOWN,Moderate,51.411960132890364,UNKNOWN,91355.0,89299.5125,1,tp,0.022500000000000075,0.021200000000000076,1
2026-01-04 05:00:00,DOWN,Strong,73.3609958506224,UNKNOWN,91437.0,89379.66750000001,1,tp,0.022499999999999853,0.021199999999999854,1
2026-01-04 06:00:00,DOWN,Strong,100.0,UNKNOWN,91187.1,89135.39025000001,1,tp,0.022499999999999964,0.021199999999999965,1
2026-01-04 07:00:00,DOWN,Strong,72.90803645401823,UNKNOWN,91477.5,89419.25625,1,tp,0.022499999999999964,0.021199999999999965,1
2026-01-04 08:00:00,DOWN,Moderate,47.019867549668874,UNKNOWN,91325.7,89270.87175,1,tp,0.022499999999999853,0.021199999999999854,1
2026-01-04 10:00:00,DOWN,Moderate,59.256198347107436,UNKNOWN,91553.4,89493.4485,1,tp,0.022499999999999964,0.021199999999999965,1
2026-01-04 11:00:00,DOWN,Moderate,59.86787778695293,UNKNOWN,91262.7,89209.28925,1,tp,0.022499999999999964,0.021199999999999965,1
2026-01-04 12:00:00,DOWN,Moderate,67.4092409240924,UNKNOWN,91096.4,89046.731,1,tp,0.022499999999999964,0.021199999999999965,1
2026-01-04 13:00:00,DOWN,Moderate,59.76916735366859,UNKNOWN,91227.4,89174.78349999999,1,tp,0.022500000000000075,0.021200000000000076,1
2026-01-04 15:00:00,DOWN,Moderate,52.510288065843625,UNKNOWN,91292.8,89238.712,1,tp,0.022500000000000075,0.021200000000000076,1
2026-01-04 16:00:00,DOWN,Moderate,63.98026315789473,UNKNOWN,91282.3,89228.44825,1,tp,0.022499999999999964,0.021199999999999965,1
2026-01-04 17:00:00,DOWN,Moderate,67.78964667214463,UNKNOWN,91293.5,89239.39625,1,tp,0.022499999999999964,0.021199999999999965,1
2026-01-04 20:00:00,DOWN,Moderate,61.63934426229508,UNKNOWN,91275.9,89222.19225,1,tp,0.022499999999999964,0.021199999999999965,1
2026-01-04 21:00:00,DOWN,Strong,79.85257985257985,UNKNOWN,91247.0,89193.9425,1,tp,0.022499999999999964,0.021199999999999965,1
2026-01-04 23:00:00,DOWN,Strong,94.76696647587899,UNKNOWN,91497.1,89438.41525,1,tp,0.022499999999999964,0.021199999999999965,1
2026-01-05 02:00:00,DOWN,Strong,91.59869494290375,UNKNOWN,92990.4,90898.116,1,tp,0.022499999999999964,0.021199999999999965,1
2026-01-05 03:00:00,DOWN,Strong,75.14262428687857,UNKNOWN,92835.2,90746.408,1,tp,0.022499999999999964,0.021199999999999965,1
2026-01-05 04:00:00,DOWN,Strong,81.78338762214985,UNKNOWN,92556.8,90474.27200000001,1,tp,0.022499999999999853,0.021199999999999854,1
2026-01-05 05:00:00,DOWN,Strong,94.87388120423108,UNKNOWN,92323.2,90245.928,1,tp,0.022499999999999964,0.021199999999999965,1
2026-01-05 06:00:00,DOWN,Strong,98.6178861788618,UNKNOWN,92454.4,90374.17599999999,1,tp,0.022500000000000075,0.021200000000000076,1
2026-01-05 07:00:00,DOWN,Strong,91.38911454102356,UNKNOWN,92492.1,90411.02775000001,1,tp,0.022499999999999964,0.021199999999999965,1
2026-01-05 08:00:00,DOWN,Strong,95.8603896103896,UNKNOWN,92436.0,90356.19,1,tp,0.022499999999999964,0.021199999999999965,1
2026-01-05 09:00:00,DOWN,Strong,81.26520681265207,UNKNOWN,92654.3,90569.57825,1,tp,0.022499999999999964,0.021199999999999965,1
2026-01-05 14:00:00,UP,Strong,83.25525040387724,UNKNOWN,93390.0,91989.15,1,sl,-0.015000000000000013,-0.016300000000000012,0
2026-01-05 15:00:00,DOWN,Strong,86.11783696529459,UNKNOWN,93899.9,91787.15225,1,tp,0.022499999999999964,0.021199999999999965,1
2026-01-05 22:00:00,DOWN,Strong,88.52327447833066,UNKNOWN,94125.2,92007.383,1,tp,0.022499999999999964,0.021199999999999965,1
2026-01-05 23:00:00,DOWN,Strong,89.73536487570169,UNKNOWN,93822.4,91711.396,1,tp,0.022499999999999964,0.021199999999999965,1
2026-01-06 00:00:00,DOWN,Strong,96.55448717948718,UNKNOWN,93768.8,91659.00200000001,1,tp,0.022499999999999964,0.021199999999999965,1
2026-01-06 01:00:00,DOWN,Strong,83.66693354683747,UNKNOWN,93736.0,91626.94,1,tp,0.022499999999999964,0.021199999999999965,1
2026-01-06 02:00:00,DOWN,Moderate,66.24,UNKNOWN,93587.0,91481.29250000001,1,tp,0.022499999999999853,0.021199999999999854,1
2026-01-06 03:00:00,DOWN,Moderate,65.0,UNKNOWN,93725.8,91616.9695,1,tp,0.022499999999999964,0.021199999999999965,1
2026-01-06 04:00:00,DOWN,Strong,78.99361022364218,UNKNOWN,93758.8,91649.227,1,tp,0.022500000000000075,0.021200000000000076,1
2026-01-06 05:00:00,DOWN,Strong,91.46049481245012,UNKNOWN,93552.0,91447.08,1,tp,0.022499999999999964,0.021199999999999965,1
2026-01-06 06:00:00,DOWN,Strong,98.80382775119617,UNKNOWN,93727.5,91618.63125,1,tp,0.022499999999999964,0.021199999999999965,1
2026-01-06 07:00:00,DOWN,Strong,81.07569721115539,UNKNOWN,93207.4,91110.2335,1,tp,0.022499999999999964,0.021199999999999965,1
2026-01-06 08:00:00,DOWN,Moderate,69.82484076433121,UNKNOWN,93197.0,91100.0675,1,tp,0.022499999999999964,0.021199999999999965,1
2026-01-06 09:00:00,UP,Moderate,41.36833731105807,UNKNOWN,93420.4,92019.094,1,sl,-0.015000000000000013,-0.016300000000000012,0
2026-01-06 10:00:00,DOWN,Moderate,52.861685214626384,UNKNOWN,93536.3,91431.73325,1,tp,0.022499999999999964,0.021199999999999965,1
2026-01-06 11:00:00,DOWN,Strong,84.1143764892772,UNKNOWN,93799.9,91689.40225,1,tp,0.022499999999999964,0.021199999999999965,1
2026-01-06 12:00:00,DOWN,Strong,97.22222222222221,UNKNOWN,93819.4,91708.4635,1,tp,0.022499999999999964,0.021199999999999965,1
2026-01-06 13:00:00,DOWN,Strong,100.0,UNKNOWN,93678.1,91570.34275000001,1,tp,0.022499999999999964,0.021199999999999965,1
2026-01-06 14:00:00,DOWN,Moderate,65.0,UNKNOWN,93796.2,91685.7855,1,tp,0.022499999999999964,0.021199999999999965,1
2026-01-06 15:00:00,DOWN,Strong,78.4639746634996,UNKNOWN,93608.2,91502.0155,1,tp,0.022500000000000075,0.021200000000000076,1
2026-01-06 16:00:00,DOWN,Strong,84.15348101265823,UNKNOWN,92651.3,90566.64575000001,1,tp,0.022499999999999964,0.021199999999999965,1
2026-01-06 18:00:00,DOWN,Moderate,46.60347551342812,UNKNOWN,92006.4,89936.256,1,tp,0.022499999999999964,0.021199999999999965,1
2026-01-06 19:00:00,UP,Moderate,65.0,UNKNOWN,92062.2,90681.26699999999,1,sl,-0.015000000000000013,-0.016300000000000012,0
2026-01-06 20:00:00,UP,Strong,83.2018927444795,UNKNOWN,92472.8,91085.708,1,sl,-0.015000000000000013,-0.016300000000000012,0
2026-01-06 21:00:00,UP,Strong,90.30732860520094,UNKNOWN,93207.8,91809.683,1,sl,-0.015000000000000013,-0.016300000000000012,0
2026-01-06 23:00:00,UP,Moderate,41.62077104642014,UNKNOWN,93708.0,92302.38,1,sl,-0.014999999999999902,-0.0162999999999999,0
2026-01-07 00:00:00,UP,Moderate,61.32075471698113,UNKNOWN,92670.4,91280.344,1,sl,-0.015000000000000013,-0.016300000000000012,0
2026-01-07 01:00:00,UP,Strong,88.37391987431265,UNKNOWN,92405.7,91019.6145,1,sl,-0.015000000000000013,-0.016300000000000012,0
2026-01-07 02:00:00,UP,Strong,100.0,UNKNOWN,92923.2,91529.352,1,sl,-0.015000000000000013,-0.016300000000000012,0
2026-01-07 03:00:00,UP,Moderate,55.68627450980392,UNKNOWN,92778.2,91386.527,1,sl,-0.014999999999999902,-0.0162999999999999,0
2026-01-07 04:00:00,UP,Moderate,63.63636363636363,UNKNOWN,92637.3,91247.7405,1,sl,-0.015000000000000013,-0.016300000000000012,0
2026-01-07 09:00:00,UP,Moderate,65.0,UNKNOWN,91672.0,90296.92,1,sl,-0.015000000000000013,-0.016300000000000012,0
2026-01-07 10:00:00,DOWN,Moderate,47.113884555382214,UNKNOWN,91924.1,89855.80775,1,tp,0.022499999999999964,0.021199999999999965,1
2026-01-07 11:00:00,DOWN,Moderate,67.96570537802027,UNKNOWN,92041.9,89970.95724999999,1,tp,0.022500000000000075,0.021200000000000076,1
2026-01-07 12:00:00,DOWN,Moderate,65.96573208722741,UNKNOWN,91953.4,89884.4485,1,tp,0.022499999999999964,0.021199999999999965,1
2026-01-07 15:00:00,DOWN,Moderate,50.116550116550115,UNKNOWN,91303.1,89248.78025000001,1,tp,0.022499999999999964,0.021199999999999965,1
2026-01-07 17:00:00,UP,Moderate,51.280062063615205,UNKNOWN,91215.0,89846.775,1,sl,-0.015000000000000013,-0.016300000000000012,0
2026-01-07 18:00:00,UP,Moderate,59.61240310077519,UNKNOWN,90857.4,89494.53899999999,1,sl,-0.015000000000000013,-0.016300000000000012,0
2026-01-07 19:00:00,UP,Strong,99.43454686289698,UNKNOWN,91143.6,89776.44600000001,1,sl,-0.014999999999999902,-0.0162999999999999,0
2026-01-07 20:00:00,UP,Strong,81.26934984520123,UNKNOWN,91015.6,89650.36600000001,1,sl,-0.015000000000000013,-0.016300000000000012,0
2026-01-07 21:00:00,UP,Strong,87.62567672080434,UNKNOWN,91050.0,89684.25,1,sl,-0.015000000000000013,-0.016300000000000012,0
2026-01-07 22:00:00,UP,Strong,81.99381761978361,UNKNOWN,91143.6,89776.44600000001,1,sl,-0.014999999999999902,-0.0162999999999999,0
2026-01-07 23:00:00,UP,Moderate,57.42084942084943,UNKNOWN,91328.0,89958.08,1,sl,-0.015000000000000013,-0.016300000000000012,0
2026-01-08 06:00:00,DOWN,Moderate,41.65130568356375,UNKNOWN,89844.0,87822.51000000001,1,tp,0.022499999999999853,0.021199999999999854,1
2026-01-08 08:00:00,DOWN,Strong,98.31288343558282,UNKNOWN,90200.0,88170.5,1,tp,0.022499999999999964,0.021199999999999965,1
2026-01-08 09:00:00,DOWN,Strong,100.0,UNKNOWN,89979.4,87954.86349999999,1,tp,0.022500000000000075,0.021200000000000076,1
2026-01-08 10:00:00,DOWN,Strong,93.0321592649311,UNKNOWN,90366.8,88333.547,1,tp,0.022499999999999964,0.021199999999999965,1
2026-01-08 11:00:00,DOWN,Strong,95.56235654169855,UNKNOWN,90192.3,88162.97325000001,1,tp,0.022499999999999964,0.021199999999999965,1
2026-01-08 12:00:00,DOWN,Strong,85.85626911314985,UNKNOWN,89953.8,87929.8395,1,tp,0.022499999999999964,0.021199999999999965,1
2026-01-08 13:00:00,UP,Moderate,68.29640947288006,UNKNOWN,89930.0,88581.05,1,sl,-0.015000000000000013,-0.016300000000000012,0
2026-01-08 14:00:00,UP,Moderate,59.92366412213741,UNKNOWN,89978.5,88628.8225,1,sl,-0.015000000000000013,-0.016300000000000012,0
2026-01-08 15:00:00,UP,Moderate,64.45461479786422,UNKNOWN,90730.0,89369.05,1,sl,-0.015000000000000013,-0.016300000000000012,0
2026-01-08 16:00:00,UP,Moderate,51.52439024390244,UNKNOWN,90887.9,89524.5815,1,sl,-0.014999999999999902,-0.0162999999999999,0
2026-01-08 17:00:00,UP,Moderate,50.190403655750195,UNKNOWN,91320.0,89950.2,1,sl,-0.015000000000000013,-0.016300000000000012,0
2026-01-08 18:00:00,UP,Moderate,48.4779299847793,UNKNOWN,91070.3,89704.2455,1,sl,-0.015000000000000013,-0.016300000000000012,0
2026-01-08 19:00:00,UP,Moderate,47.68060836501901,UNKNOWN,90890.9,89527.53649999999,1,sl,-0.015000000000000124,-0.016300000000000123,0
2026-01-08 20:00:00,UP,Moderate,47.56838905775076,UNKNOWN,90875.1,89511.97350000001,1,sl,-0.015000000000000013,-0.016300000000000012,0
2026-01-08 21:00:00,UP,Moderate,53.37129840546698,UNKNOWN,91223.2,89854.852,1,sl,-0.015000000000000013,-0.016300000000000012,0
2026-01-08 22:00:00,UP,Moderate,44.613050075872536,UNKNOWN,91184.2,89816.43699999999,1,sl,-0.015000000000000124,-0.016300000000000123,0
2026-01-08 23:00:00,UP,Moderate,55.04169825625475,UNKNOWN,91059.8,89693.903,1,sl,-0.015000000000000013,-0.016300000000000012,0
2026-01-09 00:00:00,UP,Moderate,49.166666666666664,UNKNOWN,91248.1,89879.3785,1,sl,-0.015000000000000013,-0.016300000000000012,0
2026-01-09 01:00:00,UP,Moderate,49.28084784254353,UNKNOWN,91016.0,89650.76,1,sl,-0.015000000000000013,-0.016300000000000012,0
2026-01-09 02:00:00,UP,Moderate,49.77307110438729,UNKNOWN,90999.5,89634.50749999999,1,sl,-0.015000000000000124,-0.016300000000000123,0
2026-01-09 03:00:00,UP,Moderate,48.75283446712018,UNKNOWN,91190.1,89822.2485,1,sl,-0.015000000000000013,-0.016300000000000012,0
2026-01-09 04:00:00,UP,Moderate,48.56495468277945,UNKNOWN,90978.7,89614.0195,1,sl,-0.015000000000000013,-0.016300000000000012,0
2026-01-09 05:00:00,UP,Moderate,46.64150943396226,UNKNOWN,91058.2,89692.32699999999,1,sl,-0.015000000000000124,-0.016300000000000123,0
2026-01-09 06:00:00,UP,Moderate,48.64253393665158,UNKNOWN,91103.8,89737.243,1,sl,-0.015000000000000013,-0.016300000000000012,0
2026-01-09 07:00:00,UP,Moderate,46.49585531273549,UNKNOWN,90712.1,89351.4185,1,sl,-0.015000000000000013,-0.016300000000000012,0
2026-01-09 08:00:00,UP,Moderate,42.77108433734939,UNKNOWN,89989.4,88639.559,1,sl,-0.015000000000000013,-0.016300000000000012,0
2026-01-09 09:00:00,UP,Moderate,46.84725357411588,UNKNOWN,90299.0,88944.515,1,sl,-0.015000000000000013,-0.016300000000000012,0
2026-01-09 11:00:00,UP,Moderate,42.29902329075883,UNKNOWN,90398.1,89042.1285,1,sl,-0.015000000000000013,-0.016300000000000012,0
2026-01-09 15:00:00,UP,Moderate,43.17602996254682,UNKNOWN,91137.7,89770.6345,1,sl,-0.015000000000000013,-0.016300000000000012,0
2026-01-10 13:00:00,UP,Moderate,42.446573323507735,UNKNOWN,90620.9,89261.58649999999,1,sl,-0.015000000000000013,-0.016300000000000012,0
2026-01-10 14:00:00,UP,Moderate,41.23711340206185,UNKNOWN,90551.8,89193.523,1,sl,-0.015000000000000013,-0.016300000000000012,0
2026-01-10 15:00:00,UP,Moderate,44.223693892568065,UNKNOWN,90622.7,89263.35949999999,1,sl,-0.015000000000000013,-0.016300000000000012,0
2026-01-10 16:00:00,UP,Moderate,42.5,UNKNOWN,90640.6,89280.99100000001,1,sl,-0.015000000000000013,-0.016300000000000012,0
2026-01-10 17:00:00,UP,Moderate,40.04408523144746,UNKNOWN,90512.3,89154.6155,1,sl,-0.015000000000000013,-0.016300000000000012,0
2026-01-11 20:00:00,UP,Strong,100.0,UNKNOWN,90654.2,89294.387,1,sl,-0.014999999999999902,-0.0162999999999999,0
2026-01-12 02:00:00,DOWN,Moderate,65.0,UNKNOWN,92168.8,90095.00200000001,1,tp,0.022499999999999964,0.021199999999999965,1
2026-01-12 03:00:00,DOWN,Strong,100.0,UNKNOWN,91766.2,89701.4605,1,tp,0.022499999999999964,0.021199999999999965,1
2026-01-12 04:00:00,DOWN,Moderate,42.61119081779053,UNKNOWN,92126.7,90053.84925,1,tp,0.022499999999999964,0.021199999999999965,1
2026-01-12 05:00:00,DOWN,Moderate,40.78853046594982,UNKNOWN,92066.6,89995.1015,1,tp,0.022499999999999964,0.021199999999999965,1
2026-01-12 14:00:00,UP,Strong,92.5925925925926,UNKNOWN,90852.8,89490.008,1,sl,-0.015000000000000013,-0.016300000000000012,0
2026-01-12 16:00:00,UP,Moderate,65.0,UNKNOWN,92078.8,90697.618,1,sl,-0.015000000000000013,-0.016300000000000012,0
2026-01-13 08:00:00,DOWN,Strong,99.71870604781998,UNKNOWN,92137.8,90064.6995,1,tp,0.022499999999999964,0.021199999999999965,1
2026-01-13 10:00:00,DOWN,Strong,100.0,UNKNOWN,92092.5,90020.41875,1,tp,0.022500000000000075,0.021200000000000076,1
2026-01-13 11:00:00,DOWN,Strong,100.0,UNKNOWN,91962.1,89892.95275000001,1,tp,0.022499999999999964,0.021199999999999965,1
2026-01-13 12:00:00,DOWN,Strong,96.91444600280505,UNKNOWN,92076.2,90004.4855,1,tp,0.022500000000000075,0.021200000000000076,1
2026-01-13 13:00:00,DOWN,Strong,100.0,UNKNOWN,92021.0,89950.5275,1,tp,0.022500000000000075,0.021200000000000076,1
2026-01-13 14:00:00,DOWN,Moderate,65.0,UNKNOWN,92414.3,90334.97825,1,tp,0.022500000000000075,0.021200000000000076,1
2026-01-13 15:00:00,DOWN,Moderate,65.0,UNKNOWN,93407.9,91306.22224999999,1,tp,0.022500000000000075,0.021200000000000076,1
2026-01-13 16:00:00,DOWN,Moderate,65.0,UNKNOWN,93341.6,91241.414,1,tp,0.022499999999999964,0.021199999999999965,1
2026-01-13 17:00:00,DOWN,Strong,90.56603773584906,UNKNOWN,93190.6,91093.81150000001,1,tp,0.022499999999999964,0.021199999999999965,1
2026-01-13 19:00:00,DOWN,Moderate,62.80530355896721,UNKNOWN,94179.5,92060.46125000001,1,tp,0.022499999999999964,0.021199999999999965,1
2026-01-13 20:00:00,DOWN,Moderate,60.46025104602511,UNKNOWN,94349.1,92226.24525,1,tp,0.022499999999999964,0.021199999999999965,1
2026-01-13 21:00:00,DOWN,Moderate,58.536585365853654,UNKNOWN,94040.0,91924.1,1,tp,0.022499999999999964,0.021199999999999965,1
2026-01-13 22:00:00,DOWN,Moderate,56.824512534818936,UNKNOWN,95730.5,93576.56375,1,tp,0.022499999999999964,0.021199999999999965,1
2026-01-13 23:00:00,DOWN,Moderate,54.97564370215727,UNKNOWN,95375.2,93229.258,1,tp,0.022499999999999964,0.021199999999999965,1
2026-01-14 00:00:00,DOWN,Moderate,53.477051460361615,UNKNOWN,95196.2,93054.2855,1,tp,0.022499999999999964,0.021199999999999965,1
2026-01-14 01:00:00,DOWN,Moderate,51.2856150104239,UNKNOWN,95191.4,93049.5935,1,tp,0.022499999999999964,0.021199999999999965,1
2026-01-14 02:00:00,DOWN,Moderate,49.791666666666664,UNKNOWN,95299.9,93155.65225,1,tp,0.022499999999999964,0.021199999999999965,1
2026-01-14 03:00:00,DOWN,Moderate,52.81054823039556,UNKNOWN,95665.7,93513.22175,1,tp,0.022499999999999964,0.021199999999999965,1
2026-01-14 04:00:00,DOWN,Moderate,50.624133148404994,UNKNOWN,95192.2,93050.3755,1,tp,0.022500000000000075,0.021200000000000076,1
2026-01-14 05:00:00,DOWN,Moderate,48.57934857934858,UNKNOWN,94963.1,92826.43025,1,tp,0.022499999999999964,0.021199999999999965,1
2026-01-14 06:00:00,DOWN,Moderate,46.95290858725762,UNKNOWN,94984.8,92847.642,1,tp,0.022499999999999964,0.021199999999999965,1
2026-01-14 07:00:00,DOWN,Moderate,45.813148788927336,UNKNOWN,95166.6,93025.3515,1,tp,0.022499999999999964,0.021199999999999965,1
2026-01-14 08:00:00,DOWN,Moderate,44.32918395573997,UNKNOWN,94866.3,92731.80825,1,tp,0.022499999999999964,0.021199999999999965,1
2026-01-14 09:00:00,DOWN,Moderate,42.22529371112647,UNKNOWN,95051.6,92912.93900000001,1,tp,0.022499999999999964,0.021199999999999965,1
2026-01-14 10:00:00,DOWN,Moderate,40.26243093922652,UNKNOWN,95050.1,92911.47275000002,1,tp,0.022499999999999853,0.021199999999999854,1
2026-01-14 16:00:00,UP,Moderate,53.108665749656126,UNKNOWN,97232.2,95773.71699999999,1,sl,-0.015000000000000124,-0.016300000000000123,0
2026-01-14 19:00:00,UP,Moderate,60.70006863417982,UNKNOWN,97221.8,95763.473,1,sl,-0.015000000000000013,-0.016300000000000012,0
2026-01-14 20:00:00,UP,Moderate,61.941015089163244,UNKNOWN,97606.0,96141.91,1,sl,-0.015000000000000013,-0.016300000000000012,0
2026-01-14 21:00:00,UP,Moderate,63.10486634681289,UNKNOWN,97515.0,96052.275,1,sl,-0.015000000000000013,-0.016300000000000012,0
2026-01-14 22:00:00,UP,Moderate,58.35616438356165,UNKNOWN,96825.5,95373.1175,1,sl,-0.015000000000000124,-0.016300000000000123,0
2026-01-15 14:00:00,DOWN,Strong,100.0,UNKNOWN,96013.6,93853.29400000001,1,tp,0.022499999999999964,0.021199999999999965,1
2026-01-15 15:00:00,UP,Strong,88.77454299255248,UNKNOWN,96717.3,95266.5405,1,sl,-0.015000000000000013,-0.016300000000000012,0
2026-01-15 16:00:00,UP,Strong,78.95805142083897,UNKNOWN,96684.7,95234.4295,1,sl,-0.015000000000000013,-0.016300000000000012,0
2026-01-15 17:00:00,UP,Moderate,65.0,UNKNOWN,96587.4,95138.58899999999,1,sl,-0.015000000000000013,-0.016300000000000012,0
2026-01-16 15:00:00,DOWN,Strong,100.0,UNKNOWN,94537.5,92410.40625,1,tp,0.022499999999999964,0.021199999999999965,1
2026-01-16 16:00:00,UP,Strong,75.83222370173102,UNKNOWN,94826.6,93404.201,1,sl,-0.015000000000000013,-0.016300000000000012,0
2026-01-16 17:00:00,UP,Strong,81.74983366600134,UNKNOWN,95041.6,93615.97600000001,1,sl,-0.015000000000000013,-0.016300000000000012,0
2026-01-16 18:00:00,DOWN,Strong,100.0,UNKNOWN,94966.6,92829.8515,1,tp,0.022499999999999964,0.021199999999999965,1
2026-01-16 19:00:00,DOWN,Strong,98.47176079734218,UNKNOWN,94961.0,92824.3775,1,tp,0.022499999999999964,0.021199999999999965,1
2026-01-16 20:00:00,DOWN,Strong,97.67596281540504,UNKNOWN,95517.1,93367.96525000001,1,tp,0.022499999999999964,0.021199999999999965,1
2026-01-16 21:00:00,DOWN,Strong,96.61579296615793,UNKNOWN,95469.6,93321.53400000001,1,tp,0.022499999999999964,0.021199999999999965,1
2026-01-16 22:00:00,DOWN,Strong,95.49071618037135,UNKNOWN,95473.6,93325.444,1,tp,0.022500000000000075,0.021200000000000076,1
2026-01-16 23:00:00,DOWN,Moderate,65.0,UNKNOWN,95503.7,93354.86675,1,tp,0.022499999999999964,0.021199999999999965,1
2026-01-17 00:00:00,DOWN,Strong,92.31788079470199,UNKNOWN,95416.9,93270.01974999999,1,tp,0.022500000000000075,0.021200000000000076,1
2026-01-17 01:00:00,DOWN,Strong,88.74917273328921,UNKNOWN,95344.2,93198.9555,1,tp,0.022499999999999964,0.021199999999999965,1
2026-01-17 02:00:00,DOWN,Moderate,65.0,UNKNOWN,95318.9,93174.22475,1,tp,0.022499999999999964,0.021199999999999965,1
2026-01-17 03:00:00,DOWN,Moderate,65.0,UNKNOWN,95324.0,93179.21,1,tp,0.022499999999999964,0.021199999999999965,1
2026-01-17 04:00:00,DOWN,Strong,81.30779392338177,UNKNOWN,95267.4,93123.8835,1,tp,0.022499999999999964,0.021199999999999965,1
2026-01-17 05:00:00,DOWN,Strong,79.66996699669967,UNKNOWN,95270.5,93126.91375,1,tp,0.022499999999999964,0.021199999999999965,1
2026-01-17 06:00:00,DOWN,Strong,77.63852242744063,UNKNOWN,95191.0,93049.2025,1,tp,0.022499999999999964,0.021199999999999965,1
2026-01-17 07:00:00,DOWN,Strong,76.07119314436387,UNKNOWN,95061.1,92922.22525,1,tp,0.022500000000000075,0.021200000000000076,1
2026-01-17 08:00:00,UP,Strong,78.98550724637681,UNKNOWN,95213.6,93785.39600000001,1,sl,-0.015000000000000013,-0.016300000000000012,0
2026-01-17 09:00:00,UP,Strong,70.6385780118499,UNKNOWN,95219.5,93791.2075,1,sl,-0.014999999999999902,-0.0162999999999999,0
2026-01-17 10:00:00,UP,Moderate,65.0,UNKNOWN,95076.6,93650.451,1,sl,-0.015000000000000013,-0.016300000000000012,0
2026-01-17 11:00:00,UP,Moderate,68.77054569362262,UNKNOWN,95283.9,93854.6415,1,sl,-0.015000000000000013,-0.016300000000000012,0
2026-01-17 12:00:00,UP,Moderate,67.27989487516426,UNKNOWN,95212.7,93784.5095,1,sl,-0.015000000000000013,-0.016300000000000012,0
2026-01-17 13:00:00,DOWN,Strong,74.58962573867367,UNKNOWN,95399.7,93253.20675,1,tp,0.022499999999999964,0.021199999999999965,1
2026-01-17 14:00:00,DOWN,Strong,74.54068241469817,UNKNOWN,95419.9,93272.95225,1,tp,0.022499999999999964,0.021199999999999965,1
2026-01-17 15:00:00,UP,Moderate,65.0,UNKNOWN,95529.0,94096.065,1,sl,-0.015000000000000013,-0.016300000000000012,0
2026-01-17 16:00:00,UP,Moderate,65.0,UNKNOWN,95265.1,93836.1235,1,sl,-0.015000000000000013,-0.016300000000000012,0
2026-01-17 17:00:00,UP,Moderate,68.23837590045841,UNKNOWN,95318.1,93888.3285,1,sl,-0.015000000000000013,-0.016300000000000012,0
2026-01-17 18:00:00,UP,Moderate,66.95026178010471,UNKNOWN,95384.5,93953.7325,1,sl,-0.015000000000000013,-0.016300000000000012,0
2026-01-17 19:00:00,UP,Moderate,65.0,UNKNOWN,95258.3,93829.4255,1,sl,-0.015000000000000013,-0.016300000000000012,0
2026-01-17 20:00:00,DOWN,Strong,72.74509803921568,UNKNOWN,95332.8,93187.812,1,tp,0.022499999999999964,0.021199999999999965,1
2026-01-17 21:00:00,DOWN,Strong,77.30894839973872,UNKNOWN,95272.7,93129.06425,1,tp,0.022499999999999964,0.021199999999999965,1
2026-01-17 22:00:00,DOWN,Strong,75.3916449086162,UNKNOWN,95120.8,92980.58200000001,1,tp,0.022499999999999964,0.021199999999999965,1
2026-01-17 23:00:00,DOWN,Moderate,66.21004566210046,UNKNOWN,95107.9,92967.97224999999,1,tp,0.022500000000000075,0.021200000000000076,1
2026-01-18 00:00:00,DOWN,Moderate,64.21121251629727,UNKNOWN,95073.1,92933.95525000001,1,tp,0.022499999999999964,0.021199999999999965,1
2026-01-18 01:00:00,UP,Moderate,65.0,UNKNOWN,94928.9,93504.9665,1,sl,-0.015000000000000013,-0.016300000000000012,0
2026-01-18 02:00:00,UP,Strong,87.36979166666666,UNKNOWN,94989.0,93564.165,1,sl,-0.015000000000000013,-0.016300000000000012,0
2026-01-18 03:00:00,DOWN,Moderate,60.76772934287573,UNKNOWN,95155.0,93014.0125,1,tp,0.022500000000000075,0.021200000000000076,1
2026-01-18 04:00:00,DOWN,Moderate,64.8699609882965,UNKNOWN,95057.4,92918.6085,1,tp,0.022499999999999964,0.021199999999999965,1
2026-01-18 05:00:00,DOWN,Moderate,62.89798570500326,UNKNOWN,95154.5,93013.52375000001,1,tp,0.022499999999999964,0.021199999999999965,1
2026-01-18 06:00:00,UP,Moderate,65.0,UNKNOWN,95142.1,93714.9685,1,sl,-0.015000000000000013,-0.016300000000000012,0
2026-01-18 07:00:00,UP,Moderate,65.0,UNKNOWN,94989.9,93565.05149999999,1,sl,-0.015000000000000124,-0.016300000000000123,0
2026-01-18 08:00:00,UP,Moderate,65.0,UNKNOWN,95150.0,93722.75,1,sl,-0.015000000000000013,-0.016300000000000012,0
2026-01-18 09:00:00,UP,Moderate,65.0,UNKNOWN,95233.3,93804.8005,1,sl,-0.015000000000000013,-0.016300000000000012,0
2026-01-18 10:00:00,UP,Moderate,65.0,UNKNOWN,95139.9,93712.80149999999,1,sl,-0.015000000000000124,-0.016300000000000123,0
2026-01-18 11:00:00,UP,Moderate,65.0,UNKNOWN,95133.4,93706.39899999999,1,sl,-0.015000000000000013,-0.016300000000000012,0
2026-01-18 12:00:00,UP,Moderate,65.0,UNKNOWN,95071.4,93645.329,1,sl,-0.015000000000000013,-0.016300000000000012,0
2026-01-18 13:00:00,UP,Moderate,48.41628959276018,UNKNOWN,95104.9,93678.3265,1,sl,-0.015000000000000013,-0.016300000000000012,0
2026-01-18 14:00:00,DOWN,Moderate,60.826873385012924,UNKNOWN,94917.8,92782.1495,1,tp,0.022500000000000075,0.021200000000000076,1
2026-01-18 15:00:00,DOWN,Moderate,60.787604906391216,UNKNOWN,95067.8,92928.7745,1,tp,0.022500000000000075,0.021200000000000076,1
2026-01-18 16:00:00,DOWN,Moderate,53.61290322580645,UNKNOWN,95123.6,92983.319,1,tp,0.022500000000000075,0.021200000000000076,1
2026-01-18 17:00:00,DOWN,Moderate,56.95035460992908,UNKNOWN,95231.2,93088.498,1,tp,0.022499999999999853,0.021199999999999854,1
2026-01-18 18:00:00,DOWN,Moderate,56.91365979381444,UNKNOWN,95396.2,93249.7855,1,tp,0.022499999999999964,0.021199999999999965,1
2026-01-18 19:00:00,DOWN,Moderate,56.87701223438506,UNKNOWN,95335.6,93190.54900000001,1,tp,0.022499999999999964,0.021199999999999965,1
2026-01-18 20:00:00,DOWN,Moderate,56.840411840411846,UNKNOWN,95259.3,93115.96575,1,tp,0.022499999999999964,0.021199999999999965,1
2026-01-18 21:00:00,UP,Moderate,51.89710610932477,UNKNOWN,95386.4,93955.60399999999,1,sl,-0.015000000000000013,-0.016300000000000012,0
2026-01-18 22:00:00,UP,Moderate,49.10025706940874,UNKNOWN,95442.9,94011.25649999999,1,sl,-0.015000000000000013,-0.016300000000000012,0
2026-01-18 23:00:00,DOWN,Moderate,60.969813744380225,UNKNOWN,93614.0,91507.685,1,tp,0.022500000000000075,0.021200000000000076,1
2026-01-19 15:00:00,UP,Moderate,51.303242212333124,UNKNOWN,93013.5,91618.2975,1,sl,-0.015000000000000013,-0.016300000000000012,0
2026-01-19 16:00:00,UP,Moderate,50.254129606099106,UNKNOWN,93264.9,91865.92649999999,1,sl,-0.015000000000000124,-0.016300000000000123,0
2026-01-19 17:00:00,UP,Moderate,49.77777777777778,UNKNOWN,93195.1,91797.1735,1,sl,-0.015000000000000013,-0.016300000000000012,0
2026-01-19 18:00:00,UP,Moderate,49.42893401015229,UNKNOWN,93022.9,91627.55649999999,1,sl,-0.015000000000000013,-0.016300000000000012,0
2026-01-19 19:00:00,UP,Moderate,49.27076727964489,UNKNOWN,93066.2,91670.207,1,sl,-0.015000000000000013,-0.016300000000000012,0
2026-01-19 20:00:00,UP,Moderate,47.27503168567807,UNKNOWN,93107.4,91710.78899999999,1,sl,-0.015000000000000013,-0.016300000000000012,0
2026-01-19 21:00:00,UP,Moderate,45.97846738442052,UNKNOWN,92968.5,91573.9725,1,sl,-0.015000000000000013,-0.016300000000000012,0
2026-01-19 22:00:00,UP,Moderate,44.303797468354425,UNKNOWN,92528.1,91140.17850000001,1,sl,-0.015000000000000013,-0.016300000000000012,0
2026-01-19 23:00:00,UP,Moderate,42.188488298545224,UNKNOWN,92589.6,91200.75600000001,1,sl,-0.015000000000000013,-0.016300000000000012,0
2026-01-20 00:00:00,UP,Moderate,40.391908975979774,UNKNOWN,92676.1,91285.95850000001,1,sl,-0.015000000000000013,-0.016300000000000012,0
2026-01-20 01:00:00,UP,Moderate,41.187618445988626,UNKNOWN,92688.7,91298.3695,1,sl,-0.015000000000000013,-0.016300000000000012,0
2026-01-20 02:00:00,UP,Moderate,42.61363636363637,UNKNOWN,92518.9,91131.11649999999,1,sl,-0.015000000000000013,-0.016300000000000012,0
2026-01-20 03:00:00,UP,Moderate,40.50473186119874,UNKNOWN,92397.0,91011.045,1,sl,-0.015000000000000013,-0.016300000000000012,0
2026-01-20 06:00:00,UP,Moderate,65.0,UNKNOWN,90894.5,89531.0825,1,sl,-0.014999999999999902,-0.0162999999999999,0
2026-01-20 07:00:00,DOWN,Strong,87.03587161736942,UNKNOWN,91136.1,89085.53775,1,tp,0.022500000000000075,0.021200000000000076,1
2026-01-20 08:00:00,DOWN,Moderate,41.9245283018868,UNKNOWN,91078.9,89029.62475,1,tp,0.022499999999999853,0.021199999999999854,1
2026-01-20 17:00:00,UP,Moderate,40.08755472170106,UNKNOWN,89739.6,88393.50600000001,1,sl,-0.015000000000000013,-0.016300000000000012,0
2026-01-20 18:00:00,UP,Moderate,68.625,UNKNOWN,89471.6,88129.526,1,sl,-0.015000000000000124,-0.016300000000000123,0
2026-01-20 19:00:00,UP,Strong,81.88632104934416,UNKNOWN,89694.1,88348.6885,1,sl,-0.015000000000000013,-0.016300000000000012,0
2026-01-20 20:00:00,UP,Strong,81.58551810237203,UNKNOWN,89701.0,88355.485,1,sl,-0.015000000000000013,-0.016300000000000012,0
2026-01-20 21:00:00,UP,Moderate,65.0,UNKNOWN,89445.6,88103.916,1,sl,-0.015000000000000124,-0.016300000000000123,0
2026-01-20 22:00:00,UP,Moderate,65.0,UNKNOWN,88469.0,87141.965,1,sl,-0.015000000000000013,-0.016300000000000012,0
2026-01-20 23:00:00,UP,Moderate,56.57320872274143,UNKNOWN,88390.6,87064.74100000001,1,sl,-0.015000000000000013,-0.016300000000000012,0
2026-01-21 00:00:00,UP,Moderate,55.04358655043586,UNKNOWN,88895.5,87562.0675,1,sl,-0.014999999999999902,-0.0162999999999999,0
2026-01-21 01:00:00,UP,Moderate,54.013690105787184,UNKNOWN,88985.2,87650.42199999999,1,sl,-0.015000000000000013,-0.016300000000000012,0
2026-01-21 02:00:00,UP,Moderate,52.052238805970156,UNKNOWN,89015.1,87679.8735,1,sl,-0.015000000000000013,-0.016300000000000012,0
2026-01-21 03:00:00,DOWN,Strong,97.38968303293971,UNKNOWN,89396.0,87384.59,1,tp,0.022500000000000075,0.021200000000000076,1
2026-01-21 04:00:00,DOWN,Strong,96.14906832298136,UNKNOWN,89400.4,87388.891,1,tp,0.022499999999999853,0.021199999999999854,1
2026-01-21 05:00:00,DOWN,Strong,95.09621353196772,UNKNOWN,89919.9,87896.70225,1,tp,0.022499999999999964,0.021199999999999965,1
2026-01-21 06:00:00,UP,Moderate,49.62779156327544,UNKNOWN,89618.4,88274.124,1,sl,-0.015000000000000013,-0.016300000000000012,0
2026-01-21 07:00:00,DOWN,Strong,93.4903905765654,UNKNOWN,89171.3,87164.94575,1,tp,0.022500000000000075,0.021200000000000076,1
2026-01-21 08:00:00,DOWN,Strong,90.89219330855019,UNKNOWN,89160.4,87154.291,1,tp,0.022499999999999964,0.021199999999999965,1
2026-01-21 09:00:00,DOWN,Strong,87.43034055727554,UNKNOWN,89068.5,87064.45875,1,tp,0.022499999999999964,0.021199999999999965,1
2026-01-21 10:00:00,DOWN,Moderate,65.0,UNKNOWN,89201.0,87193.97750000001,1,tp,0.022499999999999853,0.021199999999999854,1
2026-01-21 11:00:00,UP,Moderate,49.474335188620906,UNKNOWN,88757.1,87425.74350000001,1,sl,-0.014999999999999902,-0.0162999999999999,0
2026-01-21 12:00:00,UP,Strong,70.88998763906056,UNKNOWN,88692.5,87362.1125,1,sl,-0.015000000000000013,-0.016300000000000012,0
2026-01-21 13:00:00,UP,Moderate,50.481778875849294,UNKNOWN,88631.2,87301.73199999999,1,sl,-0.015000000000000124,-0.016300000000000123,0
2026-01-21 14:00:00,DOWN,Moderate,65.0,UNKNOWN,89755.7,87736.19675,1,tp,0.022499999999999964,0.021199999999999965,1
2026-01-21 15:00:00,DOWN,Moderate,65.0,UNKNOWN,90237.1,88206.76525000001,1,tp,0.022499999999999964,0.021199999999999965,1
2026-01-21 16:00:00,UP,Moderate,65.0,UNKNOWN,87562.3,86248.8655,1,sl,-0.015000000000000013,-0.016300000000000012,0
2026-01-21 18:00:00,UP,Strong,82.69704433497537,UNKNOWN,88441.1,87114.4835,1,sl,-0.015000000000000013,-0.016300000000000012,0
2026-01-21 19:00:00,DOWN,Strong,80.0,UNKNOWN,90321.9,88289.65725,1,tp,0.022499999999999853,0.021199999999999854,1
2026-01-21 20:00:00,UP,Moderate,45.817958179581794,UNKNOWN,90170.8,88818.238,1,sl,-0.015000000000000013,-0.016300000000000012,0
2026-01-21 21:00:00,UP,Moderate,45.482483097725876,UNKNOWN,90203.8,88850.743,1,sl,-0.015000000000000013,-0.016300000000000012,0
2026-01-21 22:00:00,UP,Moderate,45.20884520884521,UNKNOWN,89728.5,88382.5725,1,sl,-0.015000000000000013,-0.016300000000000012,0
2026-01-21 23:00:00,UP,Moderate,65.86863106200123,UNKNOWN,89411.4,88070.22899999999,1,sl,-0.015000000000000013,-0.016300000000000012,0
2026-01-22 00:00:00,UP,Moderate,48.45398773006136,UNKNOWN,89869.6,88521.55600000001,1,sl,-0.014999999999999902,-0.0162999999999999,0
2026-01-22 01:00:00,DOWN,Moderate,65.0,UNKNOWN,90071.1,88044.50025000001,1,tp,0.022499999999999964,0.021199999999999965,1
2026-01-22 02:00:00,DOWN,Moderate,65.0,UNKNOWN,89901.8,87879.0095,1,tp,0.022500000000000075,0.021200000000000076,1
2026-01-22 03:00:00,UP,Moderate,61.72688303735456,UNKNOWN,89857.0,88509.145,1,sl,-0.014999999999999902,-0.0162999999999999,0
2026-01-22 04:00:00,UP,Moderate,66.78090575275398,UNKNOWN,89958.3,88608.9255,1,sl,-0.015000000000000013,-0.016300000000000012,0
2026-01-22 05:00:00,UP,Moderate,60.0,UNKNOWN,89981.8,88632.073,1,sl,-0.015000000000000013,-0.016300000000000012,0
2026-01-22 06:00:00,UP,Moderate,66.29584352078241,UNKNOWN,90122.9,88771.05649999999,1,sl,-0.015000000000000013,-0.016300000000000012,0
2026-01-22 11:00:00,DOWN,Strong,76.47775746496039,UNKNOWN,89909.6,87886.634,1,tp,0.022499999999999964,0.021199999999999965,1
2026-01-22 12:00:00,DOWN,Strong,75.70036540803898,UNKNOWN,89985.8,87961.1195,1,tp,0.022500000000000075,0.021200000000000076,1
2026-01-22 18:00:00,UP,Moderate,57.827669902912625,UNKNOWN,89295.5,87956.0675,1,sl,-0.014999999999999902,-0.0162999999999999,0
2026-01-22 19:00:00,UP,Moderate,57.79260157671315,UNKNOWN,89732.9,88386.9065,1,sl,-0.015000000000000013,-0.016300000000000012,0
2026-01-22 20:00:00,UP,Moderate,57.757575757575765,UNKNOWN,89370.7,88030.13949999999,1,sl,-0.015000000000000124,-0.016300000000000123,0
2026-01-22 21:00:00,UP,Moderate,42.82253179890975,UNKNOWN,89222.1,87883.7685,1,sl,-0.015000000000000013,-0.016300000000000012,0
2026-01-22 22:00:00,UP,Moderate,44.43099273607748,UNKNOWN,89304.7,87965.1295,1,sl,-0.015000000000000013,-0.016300000000000012,0
2026-01-22 23:00:00,UP,Moderate,65.54748941318816,UNKNOWN,89518.5,88175.7225,1,sl,-0.015000000000000013,-0.016300000000000012,0
2026-01-23 00:00:00,UP,Moderate,59.12938331318017,UNKNOWN,89484.6,88142.331,1,sl,-0.015000000000000013,-0.016300000000000012,0
2026-01-23 01:00:00,UP,Moderate,64.67069486404834,UNKNOWN,89893.7,88545.29449999999,1,sl,-0.015000000000000124,-0.016300000000000123,0
2026-01-23 02:00:00,UP,Moderate,58.031400966183575,UNKNOWN,89611.2,88267.03199999999,1,sl,-0.015000000000000013,-0.016300000000000012,0
2026-01-23 03:00:00,DOWN,Moderate,65.0,UNKNOWN,89886.1,87863.66275,1,tp,0.022500000000000075,0.021200000000000076,1
2026-01-23 04:00:00,DOWN,Moderate,65.0,UNKNOWN,89922.5,87899.24375000001,1,tp,0.022499999999999853,0.021199999999999854,1
2026-01-23 05:00:00,DOWN,Strong,76.85352622061484,UNKNOWN,89573.8,87558.3895,1,tp,0.022499999999999964,0.021199999999999965,1
2026-01-23 06:00:00,DOWN,Strong,75.6024096385542,UNKNOWN,89474.9,87461.71475,1,tp,0.022499999999999964,0.021199999999999965,1
2026-01-23 07:00:00,DOWN,Moderate,65.0,UNKNOWN,89497.2,87483.513,1,tp,0.022499999999999853,0.021199999999999854,1
2026-01-23 08:00:00,DOWN,Strong,75.51143200962696,UNKNOWN,89185.1,87178.43525000001,1,tp,0.022499999999999964,0.021199999999999965,1
2026-01-23 09:00:00,UP,Moderate,41.7919422730006,UNKNOWN,88939.9,87605.80149999999,1,sl,-0.015000000000000124,-0.016300000000000123,0
2026-01-23 12:00:00,DOWN,Strong,76.11044417767107,UNKNOWN,89220.0,87212.55,1,tp,0.022499999999999964,0.021199999999999965,1
2026-01-23 13:00:00,DOWN,Strong,82.02159568086383,UNKNOWN,89310.6,87301.11150000001,1,tp,0.022499999999999964,0.021199999999999965,1
2026-01-23 14:00:00,DOWN,Strong,74.52038369304557,UNKNOWN,88976.0,86974.04000000001,1,tp,0.022499999999999853,0.021199999999999854,1
2026-01-23 15:00:00,DOWN,Moderate,65.0,UNKNOWN,89711.2,87692.698,1,tp,0.022499999999999964,0.021199999999999965,1
2026-01-23 16:00:00,DOWN,Strong,72.75449101796407,UNKNOWN,90079.0,88052.2225,1,tp,0.022499999999999964,0.021199999999999965,1
2026-01-23 17:00:00,DOWN,Moderate,65.0,UNKNOWN,90576.0,88538.04000000001,1,tp,0.022499999999999964,0.021199999999999965,1
2026-01-23 18:00:00,DOWN,Strong,76.05263157894738,UNKNOWN,90486.3,88450.35825,1,tp,0.022499999999999964,0.021199999999999965,1
2026-01-23 20:00:00,UP,Moderate,54.898446833930706,UNKNOWN,89456.4,88114.55399999999,1,sl,-0.015000000000000013,-0.016300000000000012,0
2026-01-23 21:00:00,UP,Moderate,60.35223880597015,UNKNOWN,89301.2,87961.682,1,sl,-0.015000000000000013,-0.016300000000000012,0
2026-01-23 22:00:00,UP,Moderate,60.31622911694511,UNKNOWN,89585.3,88241.5205,1,sl,-0.015000000000000013,-0.016300000000000012,0
2026-01-23 23:00:00,UP,Moderate,61.46094215861658,UNKNOWN,89558.7,88215.3195,1,sl,-0.015000000000000013,-0.016300000000000012,0
2026-01-24 00:00:00,UP,Moderate,55.84028605482717,UNKNOWN,89414.2,88072.987,1,sl,-0.015000000000000013,-0.016300000000000012,0
2026-01-24 01:00:00,UP,Moderate,53.72245384157236,UNKNOWN,89512.8,88170.10800000001,1,sl,-0.014999999999999902,-0.0162999999999999,0
2026-01-24 02:00:00,UP,Moderate,51.547619047619044,UNKNOWN,89666.2,88321.207,1,sl,-0.015000000000000013,-0.016300000000000012,0
2026-01-24 03:00:00,UP,Moderate,52.409280190362885,UNKNOWN,89738.4,88392.324,1,sl,-0.015000000000000013,-0.016300000000000012,0
2026-01-24 04:00:00,UP,Moderate,53.269916765755056,UNKNOWN,89806.7,88459.5995,1,sl,-0.015000000000000013,-0.016300000000000012,0
2026-01-24 05:00:00,UP,Moderate,53.59477124183007,UNKNOWN,89744.5,88398.3325,1,sl,-0.014999999999999902,-0.0162999999999999,0
2026-01-24 06:00:00,UP,Moderate,54.27553444180523,UNKNOWN,89612.4,88268.21399999999,1,sl,-0.015000000000000013,-0.016300000000000012,0
2026-01-24 07:00:00,UP,Moderate,52.818991097922854,UNKNOWN,89581.2,88237.48199999999,1,sl,-0.015000000000000124,-0.016300000000000123,0
2026-01-24 08:00:00,UP,Moderate,50.71174377224199,UNKNOWN,89635.2,88290.67199999999,1,sl,-0.015000000000000013,-0.016300000000000012,0
2026-01-24 09:00:00,UP,Moderate,48.42916419679905,UNKNOWN,89567.4,88223.889,1,sl,-0.015000000000000013,-0.016300000000000012,0
2026-01-24 10:00:00,UP,Moderate,47.03791469194313,UNKNOWN,89590.1,88246.2485,1,sl,-0.015000000000000013,-0.016300000000000012,0
2026-01-24 11:00:00,UP,Moderate,45.47069271758437,UNKNOWN,89548.5,88205.27249999999,1,sl,-0.015000000000000124,-0.016300000000000123,0
2026-01-24 12:00:00,UP,Moderate,43.66863905325444,UNKNOWN,89497.6,88155.136,1,sl,-0.015000000000000124,-0.016300000000000123,0
2026-01-24 13:00:00,UP,Moderate,42.992312241277354,UNKNOWN,89321.7,87981.87449999999,1,sl,-0.015000000000000124,-0.016300000000000123,0
2026-01-24 14:00:00,UP,Moderate,42.5531914893617,UNKNOWN,89407.7,88066.5845,1,sl,-0.015000000000000013,-0.016300000000000012,0
2026-01-24 15:00:00,UP,Moderate,42.114589486119314,UNKNOWN,89235.0,87896.475,1,sl,-0.014999999999999902,-0.0162999999999999,0
2026-01-24 16:00:00,UP,Moderate,40.67296340023613,UNKNOWN,89248.6,87909.871,1,sl,-0.015000000000000124,-0.016300000000000123,0
2026-01-24 19:00:00,UP,Moderate,40.4242781378904,UNKNOWN,89286.0,87946.70999999999,1,sl,-0.015000000000000124,-0.016300000000000123,0
2026-01-24 20:00:00,UP,Moderate,41.283863368669024,UNKNOWN,89333.7,87993.6945,1,sl,-0.015000000000000013,-0.016300000000000012,0
2026-01-24 21:00:00,UP,Moderate,41.259564449676276,UNKNOWN,89340.6,88000.49100000001,1,sl,-0.015000000000000013,-0.016300000000000012,0
2026-01-24 22:00:00,UP,Moderate,41.23529411764706,UNKNOWN,89390.0,88049.15,1,sl,-0.015000000000000013,-0.016300000000000012,0
2026-01-24 23:00:00,UP,Moderate,42.563198118753675,UNKNOWN,89180.7,87842.9895,1,sl,-0.015000000000000013,-0.016300000000000012,0
2026-01-25 00:00:00,UP,Moderate,47.24441833137486,UNKNOWN,89275.7,87936.5645,1,sl,-0.015000000000000013,-0.016300000000000012,0
2026-01-25 01:00:00,UP,Moderate,43.74633000587199,UNKNOWN,89139.7,87802.6045,1,sl,-0.014999999999999902,-0.0162999999999999,0
2026-01-25 02:00:00,UP,Moderate,44.3075117370892,UNKNOWN,89105.0,87768.425,1,sl,-0.015000000000000013,-0.016300000000000012,0
2026-01-25 03:00:00,UP,Moderate,42.28739002932551,UNKNOWN,88920.0,87586.2,1,sl,-0.015000000000000013,-0.016300000000000012,0
2026-01-25 12:00:00,DOWN,Moderate,65.0,UNKNOWN,88752.0,86755.08,1,tp,0.022499999999999964,0.021199999999999965,1
2026-01-25 13:00:00,DOWN,Strong,96.85131195335276,UNKNOWN,88875.1,86875.41025000002,1,tp,0.022499999999999853,0.021199999999999854,1
2026-01-25 14:00:00,DOWN,Strong,79.2948717948718,UNKNOWN,88666.1,86671.11275000001,1,tp,0.022499999999999853,0.021199999999999854,1
2026-01-25 15:00:00,DOWN,Strong,100.0,UNKNOWN,88406.0,86416.865,1,tp,0.022499999999999964,0.021199999999999965,1
2026-01-25 16:00:00,DOWN,Strong,100.0,UNKNOWN,88049.9,86068.77725,1,tp,0.022499999999999964,0.021199999999999965,1
2026-01-25 17:00:00,DOWN,Strong,75.85805700988946,UNKNOWN,87845.7,85869.17175,1,tp,0.022500000000000075,0.021200000000000076,1
2026-01-25 18:00:00,UP,Moderate,56.16279069767442,UNKNOWN,87370.1,86059.5485,1,sl,-0.015000000000000013,-0.016300000000000012,0
2026-01-25 19:00:00,UP,Moderate,54.270772806507836,UNKNOWN,86459.4,85162.50899999999,1,sl,-0.015000000000000013,-0.016300000000000012,0
2026-01-25 20:00:00,UP,Moderate,58.8966318234611,UNKNOWN,86618.3,85319.0255,1,sl,-0.015000000000000013,-0.016300000000000012,0
2026-01-25 21:00:00,UP,Moderate,57.77713290771911,UNKNOWN,86525.1,85227.22350000001,1,sl,-0.015000000000000013,-0.016300000000000012,0
2026-01-26 00:00:00,UP,Moderate,53.24449594438006,UNKNOWN,86808.4,85506.27399999999,1,sl,-0.015000000000000013,-0.016300000000000012,0
2026-01-26 01:00:00,UP,Moderate,51.82397220613781,UNKNOWN,87661.8,86346.873,1,sl,-0.014999999999999902,-0.0162999999999999,0
2026-01-26 02:00:00,DOWN,Strong,100.0,UNKNOWN,87514.8,85545.717,1,tp,0.022499999999999964,0.021199999999999965,1
2026-01-26 03:00:00,DOWN,Strong,100.0,UNKNOWN,87233.1,85270.35525000001,1,tp,0.022499999999999964,0.021199999999999965,1
2026-01-26 04:00:00,DOWN,Strong,96.06936416184972,UNKNOWN,87700.0,85726.75,1,tp,0.022499999999999964,0.021199999999999965,1
2026-01-26 05:00:00,DOWN,Strong,94.97400346620451,UNKNOWN,87776.4,85801.431,1,tp,0.022499999999999964,0.021199999999999965,1
2026-01-26 06:00:00,DOWN,Strong,93.30254041570439,UNKNOWN,87902.6,85924.7915,1,tp,0.022499999999999964,0.021199999999999965,1
2026-01-26 07:00:00,DOWN,Strong,90.76745527986151,UNKNOWN,87968.9,85989.59975,1,tp,0.022499999999999964,0.021199999999999965,1
2026-01-26 08:00:00,DOWN,Strong,87.48558246828144,UNKNOWN,87947.3,85968.48575,1,tp,0.022499999999999964,0.021199999999999965,1
2026-01-26 09:00:00,DOWN,Strong,84.89913544668588,UNKNOWN,87630.4,85658.716,1,tp,0.022499999999999964,0.021199999999999965,1
2026-01-26 10:00:00,DOWN,Strong,82.54608294930875,UNKNOWN,87858.1,85881.29275000001,1,tp,0.022499999999999964,0.021199999999999965,1
2026-01-26 11:00:00,DOWN,Strong,80.88658606793322,UNKNOWN,87810.0,85834.27500000001,1,tp,0.022499999999999853,0.021199999999999854,1
2026-01-26 12:00:00,DOWN,Strong,78.94131185270426,UNKNOWN,87762.1,85787.45275000001,1,tp,0.022499999999999964,0.021199999999999965,1
2026-01-26 13:00:00,DOWN,Strong,77.51581368602645,UNKNOWN,87917.9,85939.74725,1,tp,0.022499999999999964,0.021199999999999965,1
2026-01-26 14:00:00,DOWN,Moderate,65.0,UNKNOWN,88137.0,86153.9175,1,tp,0.022500000000000075,0.021200000000000076,1
2026-01-26 15:00:00,DOWN,Strong,73.92303273980471,UNKNOWN,87609.5,85638.28625,1,tp,0.022499999999999964,0.021199999999999965,1
2026-01-26 16:00:00,DOWN,Strong,71.75660160734787,UNKNOWN,87579.4,85608.86349999999,1,tp,0.022500000000000075,0.021200000000000076,1
2026-01-26 17:00:00,DOWN,Moderate,69.53528399311531,UNKNOWN,87657.5,85685.20625,1,tp,0.022499999999999964,0.021199999999999965,1
2026-01-26 18:00:00,DOWN,Moderate,67.31651376146789,UNKNOWN,88361.9,86373.75725,1,tp,0.022499999999999964,0.021199999999999965,1
2026-01-26 19:00:00,DOWN,Strong,72.24068767908311,UNKNOWN,87965.6,85986.37400000001,1,tp,0.022499999999999964,0.021199999999999965,1
2026-01-26 20:00:00,UP,Moderate,58.4192439862543,UNKNOWN,87595.3,86281.3705,1,sl,-0.015000000000000013,-0.016300000000000012,0
2026-01-26 21:00:00,DOWN,Moderate,63.6519748139668,UNKNOWN,88016.5,86036.12875,1,tp,0.022499999999999964,0.021199999999999965,1
2026-01-26 22:00:00,DOWN,Moderate,61.2700228832952,UNKNOWN,88095.0,86112.8625,1,tp,0.022499999999999964,0.021199999999999965,1
2026-01-26 23:00:00,DOWN,Moderate,59.348198970840485,UNKNOWN,88300.6,86313.8365,1,tp,0.022499999999999964,0.021199999999999965,1
2026-01-27 00:00:00,UP,Moderate,64.74285714285715,UNKNOWN,88319.4,86994.609,1,sl,-0.015000000000000013,-0.016300000000000012,0
2026-01-27 01:00:00,UP,Moderate,64.70588235294117,UNKNOWN,88523.6,87195.746,1,sl,-0.015000000000000124,-0.016300000000000123,0
2026-01-27 02:00:00,UP,Strong,71.13584474885846,UNKNOWN,88785.8,87454.013,1,sl,-0.015000000000000013,-0.016300000000000012,0
2026-01-27 03:00:00,UP,Strong,71.09526525955506,UNKNOWN,88744.6,87413.43100000001,1,sl,-0.014999999999999902,-0.0162999999999999,0
2026-01-27 04:00:00,UP,Strong,71.05473204104905,UNKNOWN,88532.7,87204.7095,1,sl,-0.015000000000000013,-0.016300000000000012,0
2026-01-27 05:00:00,UP,Strong,71.01424501424502,UNKNOWN,88424.0,87097.64,1,sl,-0.015000000000000013,-0.016300000000000012,0
2026-01-27 06:00:00,UP,Strong,70.9738041002278,UNKNOWN,88295.4,86970.969,1,sl,-0.015000000000000013,-0.016300000000000012,0
2026-01-27 07:00:00,UP,Strong,70.93340922026182,UNKNOWN,88287.9,86963.5815,1,sl,-0.014999999999999902,-0.0162999999999999,0
2026-01-27 08:00:00,UP,Strong,70.26734926052333,UNKNOWN,88137.5,86815.4375,1,sl,-0.015000000000000013,-0.016300000000000012,0
2026-01-27 09:00:00,UP,Moderate,63.84309266628766,UNKNOWN,87852.6,86534.811,1,sl,-0.015000000000000013,-0.016300000000000012,0
2026-01-27 10:00:00,UP,Strong,70.1875,UNKNOWN,87754.3,86437.9855,1,sl,-0.015000000000000124,-0.016300000000000123,0
2026-01-27 11:00:00,UP,Strong,70.14764338444067,UNKNOWN,87947.5,86628.2875,1,sl,-0.014999999999999902,-0.0162999999999999,0
2026-01-27 12:00:00,DOWN,Moderate,57.434733257661755,UNKNOWN,87952.2,85973.2755,1,tp,0.022499999999999964,0.021199999999999965,1
2026-01-27 15:00:00,UP,Strong,86.06798866855524,UNKNOWN,88000.1,86680.09850000001,1,sl,-0.015000000000000013,-0.016300000000000012,0
2026-01-27 16:00:00,UP,Strong,76.44394110985277,UNKNOWN,88604.9,87275.8265,1,sl,-0.015000000000000013,-0.016300000000000012,0
2026-01-27 17:00:00,DOWN,Moderate,67.41935483870968,UNKNOWN,87510.4,85541.416,1,tp,0.022499999999999964,0.021199999999999965,1
2026-01-27 18:00:00,UP,Strong,83.99321266968326,UNKNOWN,88249.6,86925.856,1,sl,-0.015000000000000013,-0.016300000000000012,0
2026-01-27 19:00:00,UP,Moderate,65.0,UNKNOWN,88378.1,87052.42850000001,1,sl,-0.015000000000000013,-0.016300000000000012,0
2026-01-27 21:00:00,UP,Moderate,65.0,UNKNOWN,89039.5,87703.9075,1,sl,-0.015000000000000013,-0.016300000000000012,0
2026-01-27 22:00:00,UP,Strong,75.39503386004515,UNKNOWN,89203.1,87865.05350000001,1,sl,-0.015000000000000013,-0.016300000000000012,0
2026-01-27 23:00:00,UP,Strong,74.39368302312465,UNKNOWN,89197.8,87859.833,1,sl,-0.015000000000000013,-0.016300000000000012,0
2026-01-28 07:00:00,UP,Strong,73.44188658057271,UNKNOWN,89106.8,87770.198,1,sl,-0.015000000000000013,-0.016300000000000012,0
2026-01-28 08:00:00,UP,Strong,71.38047138047138,UNKNOWN,88901.1,87567.58350000001,1,sl,-0.015000000000000013,-0.016300000000000012,0
2026-01-28 09:00:00,UP,Strong,76.5002804262479,UNKNOWN,89542.6,88199.46100000001,1,sl,-0.014999999999999902,-0.0162999999999999,0
2026-01-28 10:00:00,UP,Moderate,67.0964125560538,UNKNOWN,89368.4,88027.874,1,sl,-0.015000000000000013,-0.016300000000000012,0
2026-01-28 11:00:00,UP,Moderate,65.65826330532212,UNKNOWN,90036.9,88686.3465,1,sl,-0.014999999999999902,-0.0162999999999999,0
2026-01-28 12:00:00,UP,Moderate,63.21388577827548,UNKNOWN,89955.0,88605.675,1,sl,-0.015000000000000013,-0.016300000000000012,0
2026-01-28 18:00:00,DOWN,Strong,100.0,UNKNOWN,89501.0,87487.22750000001,1,tp,0.022499999999999853,0.021199999999999854,1
2026-01-28 19:00:00,DOWN,Strong,91.63413273842723,UNKNOWN,89363.6,87352.91900000001,1,tp,0.022499999999999964,0.021199999999999965,1
2026-01-28 20:00:00,DOWN,Strong,88.18283166109254,UNKNOWN,89099.9,87095.15225,1,tp,0.022499999999999964,0.021199999999999965,1
2026-01-28 21:00:00,DOWN,Strong,88.13370473537604,UNKNOWN,89369.3,87358.49075000001,1,tp,0.022499999999999853,0.021199999999999854,1
2026-01-28 22:00:00,DOWN,Strong,88.08463251670379,UNKNOWN,89347.1,87336.79025,1,tp,0.022499999999999964,0.021199999999999965,1
2026-01-28 23:00:00,DOWN,Strong,88.03561491374514,UNKNOWN,89261.7,87253.31175,1,tp,0.022500000000000075,0.021200000000000076,1
2026-01-29 00:00:00,DOWN,Strong,85.65072302558399,UNKNOWN,89112.0,87106.98,1,tp,0.022500000000000075,0.021200000000000076,1
2026-01-29 01:00:00,DOWN,Strong,91.53418565869929,UNKNOWN,88561.7,86569.06175,1,tp,0.022500000000000075,0.021200000000000076,1
2026-01-29 02:00:00,UP,Moderate,55.27777777777778,UNKNOWN,87857.9,86540.0315,1,sl,-0.015000000000000013,-0.016300000000000012,0
2026-01-29 03:00:00,UP,Moderate,60.0999444752915,UNKNOWN,88003.2,86683.152,1,sl,-0.014999999999999902,-0.0162999999999999,0
2026-01-29 04:00:00,UP,Moderate,59.27302996670367,UNKNOWN,88269.9,86945.85149999999,1,sl,-0.015000000000000013,-0.016300000000000012,0
2026-01-29 05:00:00,UP,Moderate,53.41098169717138,UNKNOWN,88149.3,86827.0605,1,sl,-0.014999999999999902,-0.0162999999999999,0
2026-01-29 06:00:00,DOWN,Strong,81.43015521064302,UNKNOWN,88281.1,86294.77525,1,tp,0.022499999999999964,0.021199999999999965,1
2026-01-29 07:00:00,UP,Moderate,63.43490304709142,UNKNOWN,88310.9,86986.2365,1,sl,-0.014999999999999902,-0.0162999999999999,0
2026-01-29 14:00:00,DOWN,Strong,86.93156732891833,UNKNOWN,86978.7,85021.67925,1,tp,0.022499999999999964,0.021199999999999965,1
2026-01-29 18:00:00,UP,Strong,82.98458149779736,UNKNOWN,83440.9,82189.28649999999,1,sl,-0.015000000000000124,-0.016300000000000123,0
2026-01-29 19:00:00,UP,Moderate,67.98569069895433,UNKNOWN,83979.4,82719.70899999999,1,sl,-0.015000000000000124,-0.016300000000000123,0
2026-01-29 20:00:00,UP,Moderate,66.37513751375137,UNKNOWN,84186.3,82923.5055,1,sl,-0.015000000000000013,-0.016300000000000012,0
2026-01-29 21:00:00,UP,Moderate,60.747663551401864,UNKNOWN,84491.0,83223.635,1,sl,-0.015000000000000013,-0.016300000000000012,0
2026-01-29 22:00:00,UP,Moderate,61.42857142857143,UNKNOWN,84529.6,83261.656,1,sl,-0.015000000000000013,-0.016300000000000012,0
2026-01-29 23:00:00,DOWN,Strong,78.80285557386053,UNKNOWN,84604.7,82701.09425,1,tp,0.022500000000000075,0.021200000000000076,1
2026-01-30 00:00:00,DOWN,Strong,77.16794731064765,UNKNOWN,84157.4,82263.8585,1,tp,0.022499999999999853,0.021199999999999854,1
2026-01-30 01:00:00,UP,Moderate,65.0,UNKNOWN,82434.7,81198.1795,1,sl,-0.015000000000000013,-0.016300000000000012,0
2026-01-30 02:00:00,UP,Strong,88.6513157894737,UNKNOWN,82128.1,80896.17850000001,1,sl,-0.015000000000000013,-0.016300000000000012,0
2026-01-30 06:00:00,UP,Strong,78.88402625820568,UNKNOWN,82560.8,81322.388,1,sl,-0.015000000000000013,-0.016300000000000012,0
2026-01-30 09:00:00,UP,Strong,80.83014746040416,UNKNOWN,82320.5,81085.6925,1,sl,-0.014999999999999902,-0.0162999999999999,0
2026-01-30 14:00:00,UP,Strong,91.18736383442265,UNKNOWN,83061.4,81815.47899999999,1,sl,-0.015000000000000013,-0.016300000000000012,0
2026-01-30 15:00:00,UP,Strong,81.32825258573762,UNKNOWN,82850.2,81607.447,1,sl,-0.015000000000000013,-0.016300000000000012,0
2026-01-30 17:00:00,UP,Strong,79.39097335508428,UNKNOWN,82908.0,81664.38,1,sl,-0.014999999999999902,-0.0162999999999999,0
2026-01-30 18:00:00,UP,Strong,78.04347826086956,UNKNOWN,83897.3,82638.8405,1,sl,-0.015000000000000013,-0.016300000000000012,0
2026-01-30 19:00:00,UP,Moderate,65.0,UNKNOWN,84200.0,82937.0,1,sl,-0.015000000000000013,-0.016300000000000012,0
2026-01-30 20:00:00,UP,Strong,74.7014115092291,UNKNOWN,83890.3,82631.9455,1,sl,-0.015000000000000013,-0.016300000000000012,0
2026-01-30 23:00:00,DOWN,Moderate,40.48238482384824,UNKNOWN,84211.4,82316.64349999999,1,tp,0.022500000000000075,0.021200000000000076,1
2026-01-31 08:00:00,UP,Moderate,50.970873786407765,UNKNOWN,83031.1,81785.63350000001,1,sl,-0.014999999999999902,-0.0162999999999999,0
2026-01-31 14:00:00,UP,Moderate,65.0,UNKNOWN,81452.5,80230.7125,1,sl,-0.015000000000000124,-0.016300000000000123,0
2026-01-31 15:00:00,UP,Strong,70.87587318645889,UNKNOWN,81268.6,80049.57100000001,1,sl,-0.014999999999999902,-0.0162999999999999,0
2026-01-31 16:00:00,UP,Moderate,65.0,UNKNOWN,80320.9,79116.08649999999,1,sl,-0.015000000000000013,-0.016300000000000012,0
2026-01-31 17:00:00,UP,Moderate,65.0,UNKNOWN,78857.1,77674.24350000001,1,sl,-0.014999999999999902,-0.0162999999999999,0
2026-01-31 18:00:00,UP,Moderate,65.0,UNKNOWN,77996.8,76826.848,1,sl,-0.015000000000000013,-0.016300000000000012,0
2026-01-31 19:00:00,UP,Strong,72.54691689008044,UNKNOWN,77707.9,76542.2815,1,sl,-0.015000000000000013,-0.016300000000000012,0
2026-01-31 20:00:00,UP,Strong,71.32904608788854,UNKNOWN,77956.7,76787.3495,1,sl,-0.015000000000000013,-0.016300000000000012,0
2026-01-31 21:00:00,DOWN,Moderate,65.0,UNKNOWN,78252.4,76491.72099999999,1,tp,0.022500000000000075,0.021200000000000076,1
2026-01-31 22:00:00,DOWN,Moderate,62.58029978586723,UNKNOWN,78114.5,76356.92375,1,tp,0.022499999999999964,0.021199999999999965,1
2026-01-31 23:00:00,UP,Strong,72.09737827715357,UNKNOWN,78706.8,77526.198,1,sl,-0.015000000000000013,-0.016300000000000012,0
2026-02-01 00:00:00,DOWN,Moderate,65.0,UNKNOWN,78861.2,77086.823,1,tp,0.022499999999999964,0.021199999999999965,1
2026-02-01 01:00:00,DOWN,Moderate,69.69535008017104,UNKNOWN,78504.8,76738.44200000001,1,tp,0.022499999999999853,0.021199999999999854,1
2026-02-01 02:00:00,DOWN,Moderate,67.41452991452992,UNKNOWN,78856.4,77082.131,1,tp,0.022499999999999964,0.021199999999999965,1
2026-02-01 03:00:00,DOWN,Moderate,67.37853710624665,UNKNOWN,78826.3,77052.70825000001,1,tp,0.022499999999999853,0.021199999999999854,1
2026-02-01 04:00:00,DOWN,Moderate,67.34258271077908,UNKNOWN,78938.1,77161.99275,1,tp,0.022499999999999964,0.021199999999999965,1
2026-02-01 05:00:00,DOWN,Moderate,67.30666666666667,UNKNOWN,78583.9,76815.76225,1,tp,0.022499999999999964,0.021199999999999965,1
2026-02-01 06:00:00,DOWN,Moderate,65.6183368869936,UNKNOWN,78262.9,76501.98475,1,tp,0.022499999999999853,0.021199999999999854,1
2026-02-01 07:00:00,DOWN,Moderate,65.58337773042089,UNKNOWN,78320.8,76558.58200000001,1,tp,0.022499999999999964,0.021199999999999965,1
2026-02-01 08:00:00,DOWN,Moderate,65.54845580404685,UNKNOWN,78571.3,76803.44575,1,tp,0.022500000000000075,0.021200000000000076,1
2026-02-01 09:00:00,DOWN,Moderate,62.746141564662054,UNKNOWN,78997.0,77219.5675,1,tp,0.022499999999999964,0.021199999999999965,1
2026-02-01 10:00:00,UP,Strong,73.03191489361703,UNKNOWN,78239.9,77066.30149999999,1,sl,-0.015000000000000124,-0.016300000000000123,0
2026-02-01 11:00:00,DOWN,Moderate,65.0,UNKNOWN,78712.1,76941.07775000001,1,tp,0.022499999999999964,0.021199999999999965,1
2026-02-01 12:00:00,DOWN,Moderate,65.46227417640807,UNKNOWN,78420.6,76656.13650000001,1,tp,0.022499999999999964,0.021199999999999965,1
2026-02-01 13:00:00,DOWN,Moderate,65.4275092936803,UNKNOWN,78280.7,76519.38425,1,tp,0.022499999999999964,0.021199999999999965,1
2026-02-01 14:00:00,UP,Strong,80.33970276008492,UNKNOWN,78179.4,77006.70899999999,1,sl,-0.015000000000000124,-0.016300000000000123,0
2026-02-01 15:00:00,UP,Strong,72.9973474801061,UNKNOWN,77563.8,76400.34300000001,1,sl,-0.014999999999999902,-0.0162999999999999,0
2026-02-01 16:00:00,DOWN,Moderate,65.32343584305409,UNKNOWN,77459.2,75716.368,1,tp,0.022499999999999964,0.021199999999999965,1
2026-02-01 17:00:00,DOWN,Moderate,62.48012718600954,UNKNOWN,77711.0,75962.5025,1,tp,0.022499999999999964,0.021199999999999965,1
2026-02-01 18:00:00,UP,Strong,74.89406779661016,UNKNOWN,77995.9,76825.96149999999,1,sl,-0.015000000000000013,-0.016300000000000012,0
2026-02-01 19:00:00,UP,Moderate,65.0,UNKNOWN,77142.4,75985.264,1,sl,-0.015000000000000013,-0.016300000000000012,0
2026-02-01 20:00:00,UP,Moderate,65.0,UNKNOWN,77073.5,75917.39749999999,1,sl,-0.015000000000000124,-0.016300000000000123,0
2026-02-01 21:00:00,UP,Moderate,65.0,UNKNOWN,76489.0,75341.665,1,sl,-0.015000000000000124,-0.016300000000000123,0
2026-02-01 22:00:00,UP,Strong,70.40169133192389,UNKNOWN,77211.4,76053.22899999999,1,sl,-0.015000000000000013,-0.016300000000000012,0
2026-02-01 23:00:00,UP,Moderate,65.0,UNKNOWN,76931.5,75777.5275,1,sl,-0.015000000000000013,-0.016300000000000012,0
2026-02-02 00:00:00,UP,Strong,72.71383315733897,UNKNOWN,77638.6,76474.02100000001,1,sl,-0.015000000000000013,-0.016300000000000012,0
2026-02-02 01:00:00,UP,Strong,70.64379947229551,UNKNOWN,77482.2,76319.96699999999,1,sl,-0.015000000000000124,-0.016300000000000123,0
2026-02-02 03:00:00,UP,Moderate,61.72904586188719,UNKNOWN,76256.2,75112.35699999999,1,sl,-0.015000000000000124,-0.016300000000000123,0
2026-02-02 04:00:00,UP,Moderate,59.79978925184405,UNKNOWN,75856.3,74718.4555,1,sl,-0.015000000000000124,-0.016300000000000123,0
2026-02-02 05:00:00,UP,Moderate,58.29383886255924,UNKNOWN,75449.6,74317.856,1,sl,-0.015000000000000124,-0.016300000000000123,0
2026-02-02 06:00:00,UP,Moderate,62.757894736842104,UNKNOWN,76511.3,75363.6305,1,sl,-0.015000000000000013,-0.016300000000000012,0
2026-02-02 07:00:00,UP,Moderate,60.873224618621784,UNKNOWN,76612.6,75463.41100000001,1,sl,-0.015000000000000013,-0.016300000000000012,0
2026-02-02 09:00:00,UP,Moderate,60.57803468208093,UNKNOWN,77666.0,76501.01,1,sl,-0.015000000000000013,-0.016300000000000012,0
2026-02-02 11:00:00,UP,Moderate,59.12860892388452,UNKNOWN,77716.1,76550.3585,1,sl,-0.015000000000000013,-0.016300000000000012,0
2026-02-03 14:00:00,UP,Moderate,65.0,UNKNOWN,77164.5,76007.0325,1,sl,-0.015000000000000013,-0.016300000000000012,0
2026-02-03 15:00:00,UP,Strong,75.0025866528712,UNKNOWN,78094.1,76922.6885,1,sl,-0.015000000000000013,-0.016300000000000012,0
2026-02-03 16:00:00,UP,Moderate,65.0,UNKNOWN,76458.2,75311.32699999999,1,sl,-0.015000000000000124,-0.016300000000000123,0
2026-02-03 17:00:00,UP,Moderate,65.0,UNKNOWN,74882.4,73759.16399999999,1,sl,-0.015000000000000013,-0.016300000000000012,0
2026-02-03 18:00:00,UP,Moderate,65.0,UNKNOWN,73111.7,72015.0245,1,sl,-0.015000000000000013,-0.016300000000000012,0
2026-02-03 19:00:00,UP,Strong,72.86009292720702,UNKNOWN,74893.8,73770.393,1,sl,-0.015000000000000124,-0.016300000000000123,0
2026-02-03 20:00:00,UP,Strong,72.82249742002065,UNKNOWN,76431.9,75285.4215,1,sl,-0.015000000000000013,-0.016300000000000012,0
2026-02-03 21:00:00,UP,Moderate,66.16812790097988,UNKNOWN,76199.9,75056.90149999999,1,sl,-0.015000000000000013,-0.016300000000000012,0
2026-02-03 22:00:00,DOWN,Strong,96.23711340206185,UNKNOWN,75672.5,73969.86875000001,1,tp,0.022499999999999853,0.021199999999999854,1
2026-02-03 23:00:00,DOWN,Strong,95.26017516743947,UNKNOWN,75732.4,74028.421,1,tp,0.022499999999999853,0.021199999999999854,1
2026-02-04 00:00:00,DOWN,Moderate,65.0,UNKNOWN,75871.0,74163.9025,1,tp,0.022500000000000075,0.021200000000000076,1
2026-02-04 01:00:00,DOWN,Moderate,65.0,UNKNOWN,76392.0,74673.18000000001,1,tp,0.022499999999999853,0.021199999999999854,1
2026-02-04 02:00:00,DOWN,Strong,88.68312757201646,UNKNOWN,75926.8,74218.447,1,tp,0.022500000000000075,0.021200000000000076,1
2026-02-04 03:00:00,DOWN,Strong,86.52956298200513,UNKNOWN,76661.1,74936.22525,1,tp,0.022500000000000075,0.021200000000000076,1
2026-02-04 04:00:00,DOWN,Strong,84.37821171634121,UNKNOWN,76448.0,74727.92,1,tp,0.022500000000000075,0.021200000000000076,1
2026-02-04 05:00:00,DOWN,Strong,82.69131997945557,UNKNOWN,76255.0,74539.2625,1,tp,0.022500000000000075,0.021200000000000076,1
2026-02-04 06:00:00,DOWN,Strong,88.93737166324436,UNKNOWN,76616.9,74893.01974999999,1,tp,0.022500000000000075,0.021200000000000076,1
2026-02-04 07:00:00,DOWN,Strong,87.08568496664958,UNKNOWN,76478.9,74758.12475,1,tp,0.022499999999999853,0.021199999999999854,1
2026-02-04 08:00:00,DOWN,Strong,85.68717948717949,UNKNOWN,76541.3,74819.12075,1,tp,0.022499999999999964,0.021199999999999965,1
2026-02-04 09:00:00,DOWN,Strong,84.34648898001026,UNKNOWN,76081.9,74370.05725,1,tp,0.022499999999999964,0.021199999999999965,1
2026-02-04 10:00:00,DOWN,Strong,75.15368852459017,UNKNOWN,76266.8,74550.797,1,tp,0.022499999999999964,0.021199999999999965,1
2026-02-04 11:00:00,UP,Moderate,65.0,UNKNOWN,75987.6,74847.78600000001,1,sl,-0.015000000000000013,-0.016300000000000012,0
2026-02-04 12:00:00,DOWN,Strong,73.6949846468782,UNKNOWN,76160.0,74446.40000000001,1,tp,0.022499999999999853,0.021199999999999854,1
2026-02-04 13:00:00,UP,Moderate,65.0,UNKNOWN,74838.4,73715.824,1,sl,-0.015000000000000013,-0.016300000000000012,0
2026-02-04 14:00:00,UP,Strong,77.04498977505112,UNKNOWN,74328.9,73213.9665,1,sl,-0.015000000000000013,-0.016300000000000012,0
2026-02-04 15:00:00,UP,Strong,76.03474706182934,UNKNOWN,74107.0,72995.395,1,sl,-0.014999999999999902,-0.0162999999999999,0
2026-02-04 16:00:00,UP,Strong,73.90194075587334,UNKNOWN,73609.1,72504.9635,1,sl,-0.015000000000000124,-0.016300000000000123,0
2026-02-04 17:00:00,UP,Moderate,65.0,UNKNOWN,72544.2,71456.037,1,sl,-0.015000000000000013,-0.016300000000000012,0
2026-02-04 18:00:00,UP,Strong,77.22448979591837,UNKNOWN,73398.4,72297.424,1,sl,-0.014999999999999902,-0.0162999999999999,0
2026-02-04 19:00:00,UP,Moderate,68.53646098929119,UNKNOWN,73895.3,72786.8705,1,sl,-0.015000000000000013,-0.016300000000000012,0
2026-02-04 21:00:00,UP,Moderate,65.0,UNKNOWN,72772.8,71681.208,1,sl,-0.015000000000000013,-0.016300000000000012,0
2026-02-04 22:00:00,UP,Moderate,62.627291242362524,UNKNOWN,72511.1,71423.4335,1,sl,-0.015000000000000124,-0.016300000000000123,0
2026-02-04 23:00:00,DOWN,Strong,76.53944020356234,UNKNOWN,73137.4,71491.8085,1,tp,0.022499999999999964,0.021199999999999965,1
2026-02-05 00:00:00,DOWN,Strong,82.13631739572737,UNKNOWN,72838.9,71200.02475,1,tp,0.022499999999999964,0.021199999999999965,1
2026-02-05 01:00:00,UP,Moderate,60.75241484494154,UNKNOWN,72389.2,71303.362,1,sl,-0.015000000000000013,-0.016300000000000012,0
2026-02-05 02:00:00,UP,Moderate,59.45121951219512,UNKNOWN,71429.1,70357.66350000001,1,sl,-0.014999999999999902,-0.0162999999999999,0
2026-02-05 03:00:00,UP,Moderate,58.55764347384459,UNKNOWN,71198.9,70130.91649999999,1,sl,-0.015000000000000013,-0.016300000000000012,0
2026-02-05 04:00:00,UP,Moderate,57.00507614213198,UNKNOWN,70873.2,69810.102,1,sl,-0.015000000000000013,-0.016300000000000012,0
2026-02-05 05:00:00,DOWN,Strong,100.0,UNKNOWN,70694.9,69104.26475,1,tp,0.022499999999999853,0.021199999999999854,1
2026-02-05 06:00:00,DOWN,Moderate,65.0,UNKNOWN,70911.4,69315.89349999999,1,tp,0.022500000000000075,0.021200000000000076,1
2026-02-05 07:00:00,DOWN,Strong,99.29042067916878,UNKNOWN,70716.1,69124.98775000001,1,tp,0.022499999999999853,0.021199999999999854,1
2026-02-05 08:00:00,DOWN,Moderate,65.0,UNKNOWN,71020.9,69422.92975,1,tp,0.022499999999999964,0.021199999999999965,1
2026-02-05 09:00:00,DOWN,Moderate,65.0,UNKNOWN,71531.7,69922.23675,1,tp,0.022499999999999964,0.021199999999999965,1
2026-02-05 10:00:00,DOWN,Strong,98.73481781376519,UNKNOWN,70820.3,69226.84325,1,tp,0.022499999999999964,0.021199999999999965,1
2026-02-05 11:00:00,DOWN,Strong,76.8841679312089,UNKNOWN,70279.0,68697.7225,1,tp,0.022499999999999964,0.021199999999999965,1
2026-02-05 12:00:00,DOWN,Strong,74.62082912032356,UNKNOWN,69532.9,67968.40974999999,1,tp,0.022500000000000075,0.021200000000000076,1
2026-02-05 13:00:00,DOWN,Moderate,65.0,UNKNOWN,69656.3,68089.03325000001,1,tp,0.022499999999999964,0.021199999999999965,1
2026-02-05 14:00:00,DOWN,Moderate,65.0,UNKNOWN,69365.5,67804.77625,1,tp,0.022500000000000075,0.021200000000000076,1
2026-02-05 16:00:00,UP,Strong,70.15136226034309,UNKNOWN,68262.7,67238.7595,1,sl,-0.014999999999999902,-0.0162999999999999,0
2026-02-05 17:00:00,UP,Moderate,49.06707009581442,UNKNOWN,66153.9,66907.8,24,timeout,0.011396153514758867,0.010096153514758868,1
2026-02-05 18:00:00,UP,Moderate,62.75201612903226,UNKNOWN,66312.1,66907.8,24,timeout,0.008983277561712022,0.007683277561712022,1
2026-02-05 20:00:00,UP,Moderate,65.0,UNKNOWN,63750.9,65185.29525,1,tp,0.022499999999999964,0.021199999999999965,1
2026-02-05 21:00:00,UP,Strong,74.6804227478611,UNKNOWN,63188.8,64610.548,1,tp,0.022499999999999964,0.021199999999999965,1
2026-02-05 23:00:00,UP,Strong,70.73906485671192,UNKNOWN,62868.1,64282.632249999995,1,tp,0.022499999999999964,0.021199999999999965,1
2026-02-06 00:00:00,UP,Moderate,68.92964824120604,UNKNOWN,63460.4,64888.259,1,tp,0.022499999999999964,0.021199999999999965,1
2026-02-06 02:00:00,UP,Moderate,48.31827309236948,UNKNOWN,64955.6,66417.101,1,tp,0.022499999999999964,0.021199999999999965,1
2026-02-06 06:00:00,UP,Moderate,57.164328657314634,UNKNOWN,64947.6,66408.921,1,tp,0.022499999999999964,0.021199999999999965,1
2026-02-06 07:00:00,UP,Moderate,47.26089133700552,UNKNOWN,64811.2,66269.45199999999,1,tp,0.022499999999999964,0.021199999999999965,1
2026-02-06 08:00:00,UP,Moderate,46.08108108108109,UNKNOWN,64850.1,66309.22725,1,tp,0.022499999999999964,0.021199999999999965,1
2026-02-06 10:00:00,UP,Moderate,40.865,UNKNOWN,65929.4,66907.8,24,timeout,0.01484011685226938,0.013540116852269381,1
2026-02-06 11:00:00,UP,Moderate,40.84457771114443,UNKNOWN,66586.1,66907.8,24,timeout,0.0048313386727860674,0.0035313386727860675,1
2026-02-06 20:00:00,UP,Moderate,67.97014925373135,UNKNOWN,69939.0,68889.915,1,sl,-0.015000000000000124,-0.016300000000000123,0
2026-02-06 21:00:00,UP,Strong,74.99254102436599,UNKNOWN,70308.7,69254.0695,1,sl,-0.015000000000000013,-0.016300000000000012,0
2026-02-06 22:00:00,UP,Strong,72.54970178926442,UNKNOWN,71321.1,70251.2835,1,sl,-0.015000000000000013,-0.016300000000000012,0
2026-02-06 23:00:00,UP,Moderate,63.735717834078486,UNKNOWN,70544.5,69486.3325,1,sl,-0.014999999999999902,-0.0162999999999999,0
2026-02-07 00:00:00,UP,Moderate,65.0,UNKNOWN,69917.1,68868.3435,1,sl,-0.015000000000000013,-0.016300000000000012,0
2026-02-07 01:00:00,UP,Moderate,44.71464019851117,UNKNOWN,70431.1,69374.63350000001,1,sl,-0.014999999999999902,-0.0162999999999999,0
2026-02-07 03:00:00,UP,Moderate,44.42240951908775,UNKNOWN,70887.1,69823.7935,1,sl,-0.015000000000000124,-0.016300000000000123,0
2026-02-07 05:00:00,UP,Moderate,48.439821693907874,UNKNOWN,70124.6,69072.731,1,sl,-0.015000000000000124,-0.016300000000000123,0
2026-02-07 09:00:00,DOWN,Strong,83.83588729609491,UNKNOWN,68107.4,66574.9835,5,tp,0.022499999999999853,0.021199999999999854,1
2026-02-07 10:00:00,DOWN,Strong,89.2292490118577,UNKNOWN,67954.8,66907.8,24,timeout,0.015407300146567993,0.014107300146567994,1
2026-02-07 11:00:00,DOWN,Moderate,65.0,UNKNOWN,67935.1,66907.8,24,timeout,0.015121785351018935,0.013821785351018936,1
2026-02-07 13:00:00,DOWN,Strong,94.3759250123335,UNKNOWN,69062.8,67508.887,1,tp,0.022499999999999964,0.021199999999999965,1
2026-02-07 14:00:00,DOWN,Strong,94.97041420118343,UNKNOWN,68615.9,67072.04225,1,tp,0.022499999999999964,0.021199999999999965,1
2026-02-07 15:00:00,DOWN,Strong,92.75505174963035,UNKNOWN,69122.1,67566.85275,1,tp,0.022499999999999964,0.021199999999999965,1
2026-02-07 17:00:00,DOWN,Strong,82.12703101920236,UNKNOWN,69154.3,67598.32825,1,tp,0.022499999999999964,0.021199999999999965,1
2026-02-07 18:00:00,DOWN,Strong,97.78543307086615,UNKNOWN,69475.0,67911.8125,1,tp,0.022499999999999964,0.021199999999999965,1
2026-02-07 19:00:00,DOWN,Strong,95.96655189375308,UNKNOWN,69341.4,67781.2185,1,tp,0.022499999999999853,0.021199999999999854,1
2026-02-07 20:00:00,DOWN,Strong,95.03441494591937,UNKNOWN,69596.5,68030.57875,1,tp,0.022499999999999964,0.021199999999999965,1
2026-02-07 21:00:00,DOWN,Strong,93.56265356265357,UNKNOWN,69466.3,67903.30825,1,tp,0.022499999999999964,0.021199999999999965,1
2026-02-07 22:00:00,DOWN,Moderate,58.93909626719057,UNKNOWN,69368.2,67807.4155,1,tp,0.022499999999999964,0.021199999999999965,1
2026-02-08 03:00:00,DOWN,Moderate,63.6452719255267,UNKNOWN,69064.7,67510.74425,1,tp,0.022499999999999964,0.021199999999999965,1
2026-02-08 06:00:00,UP,Strong,81.65362035225048,UNKNOWN,69321.8,68281.973,1,sl,-0.015000000000000013,-0.016300000000000012,0
2026-02-08 07:00:00,UP,Moderate,67.82885085574573,UNKNOWN,69665.0,68620.025,1,sl,-0.015000000000000124,-0.016300000000000123,0
2026-02-08 08:00:00,UP,Moderate,66.88172043010753,UNKNOWN,70624.5,69565.13249999999,1,sl,-0.015000000000000124,-0.016300000000000123,0
2026-02-08 09:00:00,UP,Moderate,41.084513922813876,UNKNOWN,70066.8,69015.798,1,sl,-0.015000000000000124,-0.016300000000000123,0
2026-02-08 10:00:00,UP,Moderate,55.517578125,UNKNOWN,70231.1,69177.63350000001,1,sl,-0.014999999999999902,-0.0162999999999999,0
2026-02-08 12:00:00,UP,Moderate,40.35121951219512,UNKNOWN,71203.4,70135.34899999999,1,sl,-0.015000000000000124,-0.016300000000000123,0
2026-02-08 17:00:00,DOWN,Moderate,65.0,UNKNOWN,70754.5,69162.52375000001,1,tp,0.022499999999999853,0.021199999999999854,1
2026-02-08 18:00:00,UP,Strong,73.72568093385213,UNKNOWN,71103.1,70036.55350000001,1,sl,-0.014999999999999902,-0.0162999999999999,0
2026-02-08 23:00:00,UP,Strong,87.33624454148472,UNKNOWN,70288.1,69233.7785,1,sl,-0.015000000000000124,-0.016300000000000123,0
2026-02-09 00:00:00,UP,Strong,80.11639185257032,UNKNOWN,70454.1,69397.28850000001,1,sl,-0.014999999999999902,-0.0162999999999999,0
2026-02-09 01:00:00,UP,Strong,79.39893359185652,UNKNOWN,70328.0,69273.08,1,sl,-0.015000000000000013,-0.016300000000000012,0
2026-02-09 02:00:00,UP,Moderate,65.0,UNKNOWN,70593.0,69534.105,1,sl,-0.015000000000000013,-0.016300000000000012,0
2026-02-09 03:00:00,UP,Moderate,69.58837772397094,UNKNOWN,71269.9,70200.85149999999,1,sl,-0.015000000000000013,-0.016300000000000012,0
2026-02-09 08:00:00,DOWN,Moderate,61.21739130434783,UNKNOWN,69832.2,68260.9755,1,tp,0.022499999999999964,0.021199999999999965,1
2026-02-09 09:00:00,DOWN,Strong,100.0,UNKNOWN,69588.0,68022.27,1,tp,0.022499999999999964,0.021199999999999965,1
2026-02-09 10:00:00,DOWN,Strong,70.07722007722008,UNKNOWN,68694.0,67148.38500000001,1,tp,0.022499999999999853,0.021199999999999854,1
2026-02-09 16:00:00,UP,Moderate,57.32916265640039,UNKNOWN,70049.1,68998.3635,1,sl,-0.015000000000000013,-0.016300000000000012,0
2026-02-09 17:00:00,UP,Strong,95.50264550264552,UNKNOWN,70570.6,69512.04100000001,1,sl,-0.014999999999999902,-0.0162999999999999,0
2026-02-09 18:00:00,UP,Moderate,45.86538461538461,UNKNOWN,70379.9,69324.2015,1,sl,-0.015000000000000013,-0.016300000000000012,0
2026-02-10 04:00:00,DOWN,Moderate,65.0,UNKNOWN,69800.5,68229.98875,1,tp,0.022499999999999964,0.021199999999999965,1
2026-02-10 05:00:00,DOWN,Strong,91.37733142037303,UNKNOWN,69415.3,67853.45575000001,1,tp,0.022499999999999964,0.021199999999999965,1
2026-02-10 08:00:00,UP,Moderate,42.02483285577841,UNKNOWN,69091.9,68055.52149999999,1,sl,-0.015000000000000124,-0.016300000000000123,0
2026-02-10 09:00:00,DOWN,Moderate,44.7255369928401,UNKNOWN,69115.0,67559.9125,1,tp,0.022499999999999964,0.021199999999999965,1
2026-02-10 10:00:00,DOWN,Strong,76.83206106870229,UNKNOWN,68884.8,67334.892,1,tp,0.022499999999999964,0.021199999999999965,1
2026-02-10 11:00:00,DOWN,Strong,74.38245112064855,UNKNOWN,68489.9,66948.87724999999,1,tp,0.022500000000000075,0.021200000000000076,1
2026-02-10 16:00:00,UP,Moderate,48.87725975261655,UNKNOWN,69473.5,68431.39749999999,1,sl,-0.015000000000000124,-0.016300000000000123,0
2026-02-10 22:00:00,DOWN,Moderate,63.804554079696395,UNKNOWN,68662.7,67117.78925,1,tp,0.022499999999999964,0.021199999999999965,1
2026-02-10 23:00:00,DOWN,Moderate,52.26173541963016,UNKNOWN,68805.3,67257.18075,1,tp,0.022500000000000075,0.021200000000000076,1
2026-02-11 00:00:00,DOWN,Moderate,45.97156398104265,UNKNOWN,69156.8,67600.77200000001,1,tp,0.022499999999999853,0.021199999999999854,1
2026-02-11 01:00:00,DOWN,Strong,87.43723353860732,UNKNOWN,68947.5,67396.18125000001,1,tp,0.022499999999999853,0.021199999999999854,1
2026-02-11 07:00:00,UP,Moderate,48.99858290033066,UNKNOWN,67000.0,66907.8,24,timeout,-0.0013761194029849877,-0.0026761194029849876,0
2026-02-11 09:00:00,DOWN,Strong,91.72722982538933,UNKNOWN,66848.6,66907.8,24,timeout,-0.0008855832433289912,-0.002185583243328991,0
2026-02-11 10:00:00,DOWN,Strong,80.37264150943396,UNKNOWN,66506.0,66907.8,24,timeout,-0.006041560159985693,-0.007341560159985693,0
2026-02-11 11:00:00,DOWN,Strong,95.8981612446959,UNKNOWN,67023.0,66907.8,24,timeout,0.001718812944809911,0.00041881294480991104,1
2026-02-11 12:00:00,DOWN,Moderate,66.63524976437323,UNKNOWN,67099.2,66907.8,24,timeout,0.002852493025252034,0.0015524930252520342,1
2026-02-11 13:00:00,DOWN,Strong,80.2637776731041,UNKNOWN,67424.2,66907.8,24,timeout,0.00765897111126268,0.00635897111126268,1
2026-02-11 14:00:00,UP,Moderate,52.35404896421846,UNKNOWN,66559.9,66907.8,24,timeout,0.0052268708336402625,0.0039268708336402626,1
2026-02-11 15:00:00,UP,Moderate,52.04705882352941,UNKNOWN,66489.3,66907.8,24,timeout,0.006294245841060198,0.004994245841060198,1
2026-02-11 16:00:00,DOWN,Strong,100.0,UNKNOWN,66008.0,66998.12,1,sl,-0.014999999999999902,-0.0162999999999999,0
2026-02-11 17:00:00,DOWN,Strong,98.26046074283028,UNKNOWN,66489.1,66907.8,24,timeout,-0.006297272786065733,-0.007597272786065733,0
2026-02-11 18:00:00,DOWN,Strong,96.80451127819549,UNKNOWN,67239.2,66907.8,24,timeout,0.004928672560054137,0.003628672560054137,1
2026-02-11 20:00:00,DOWN,Moderate,44.460093896713616,UNKNOWN,67523.2,66907.8,24,timeout,0.0091139045542864,0.007813904554286401,1
2026-02-11 22:00:00,UP,Moderate,50.98499061913696,UNKNOWN,67392.0,66907.8,24,timeout,-0.007184829059828979,-0.008484829059828978,0
2026-02-11 23:00:00,UP,Moderate,50.961087669948434,UNKNOWN,67054.4,66907.8,24,timeout,-0.0021862845689468724,-0.0034862845689468723,0
2026-02-12 00:00:00,UP,Moderate,51.4058106841612,UNKNOWN,67431.6,66907.8,24,timeout,-0.007767871443062346,-0.009067871443062345,0
2026-02-12 01:00:00,DOWN,Moderate,42.48243559718969,UNKNOWN,67668.4,66907.8,24,timeout,0.011240106164768116,0.009940106164768116,1
2026-02-12 02:00:00,DOWN,Moderate,57.16292134831461,UNKNOWN,67408.3,66907.8,24,timeout,0.007424901681246987,0.006124901681246987,1
2026-02-12 03:00:00,DOWN,Strong,84.1834347215723,UNKNOWN,67550.2,66907.8,24,timeout,0.009509964441259844,0.008209964441259845,1
2026-02-12 04:00:00,DOWN,Strong,77.63797942001871,UNKNOWN,66989.9,66907.8,24,timeout,0.001225557882606032,-7.44421173939679e-05,1
2026-02-12 05:00:00,DOWN,Strong,84.38522674146797,UNKNOWN,67110.1,66907.8,24,timeout,0.003014449389883267,0.001714449389883267,1
2026-02-12 06:00:00,DOWN,Strong,82.61682242990655,UNKNOWN,67096.1,66907.8,24,timeout,0.0028064224299176876,0.0015064224299176877,1
2026-02-12 07:00:00,DOWN,Strong,80.56982718355908,UNKNOWN,67181.5,66907.8,24,timeout,0.004074038239693878,0.002774038239693878,1
2026-02-12 08:00:00,DOWN,Strong,86.9421101774043,UNKNOWN,67107.3,66907.8,24,timeout,0.0029728509417008553,0.0016728509417008553,1
2026-02-12 09:00:00,DOWN,Strong,98.08679421371909,UNKNOWN,67517.7,66907.8,24,timeout,0.009033186853225073,0.007733186853225073,1
2026-02-12 10:00:00,DOWN,Strong,97.34141791044776,UNKNOWN,67979.5,66907.8,24,timeout,0.015765046815584105,0.014465046815584106,1
2026-02-12 11:00:00,DOWN,Strong,100.0,UNKNOWN,68031.8,66501.08450000001,5,tp,0.022499999999999853,0.021199999999999854,1
2026-02-12 12:00:00,DOWN,Strong,75.39608574091334,UNKNOWN,67832.4,66907.8,24,timeout,0.013630654377553952,0.012330654377553953,1
2026-02-12 13:00:00,DOWN,Moderate,65.0,UNKNOWN,68339.9,66802.25224999999,2,tp,0.022500000000000075,0.021200000000000076,1
2026-02-12 19:00:00,DOWN,Moderate,58.755225267069214,UNKNOWN,65760.7,66747.1105,1,sl,-0.014999999999999902,-0.0162999999999999,0
2026-02-12 20:00:00,DOWN,Moderate,62.66016713091922,UNKNOWN,65401.0,66382.015,1,sl,-0.014999999999999902,-0.0162999999999999,0
2026-02-12 21:00:00,DOWN,Moderate,60.538283062645014,UNKNOWN,65821.8,66809.127,1,sl,-0.014999999999999902,-0.0162999999999999,0
2026-02-12 22:00:00,DOWN,Moderate,61.45640074211502,UNKNOWN,66262.4,67256.33599999998,1,sl,-0.014999999999999902,-0.0162999999999999,0
2026-02-12 23:00:00,DOWN,Moderate,56.657394529439046,UNKNOWN,66243.1,67236.7465,1,sl,-0.014999999999999902,-0.0162999999999999,0
2026-02-13 00:00:00,DOWN,Moderate,54.286376274328084,UNKNOWN,65881.4,66869.62099999998,1,sl,-0.014999999999999902,-0.0162999999999999,0
2026-02-13 01:00:00,DOWN,Moderate,47.89254284390922,UNKNOWN,66423.4,66907.8,24,timeout,-0.007292610736577831,-0.00859261073657783,0
2026-02-13 09:00:00,DOWN,Strong,88.97092754960775,UNKNOWN,66924.3,66907.8,24,timeout,0.00024654721827499504,-0.001053452781725005,1
2026-02-13 10:00:00,DOWN,Strong,86.62361623616236,UNKNOWN,66939.4,66907.8,24,timeout,0.000472068766675382,-0.0008279312333246179,1
2026-02-13 11:00:00,DOWN,Moderate,65.0,UNKNOWN,67137.8,66907.8,24,timeout,0.0034257899424765537,0.0021257899424765537,1
2026-02-13 12:00:00,DOWN,Strong,71.93548387096774,UNKNOWN,67050.0,66907.8,24,timeout,0.0021208053691275097,0.0008208053691275098,1
2026-02-13 13:00:00,DOWN,Moderate,69.73744818056196,UNKNOWN,67238.2,66907.8,24,timeout,0.004913873363653343,0.0036138733636533428,1
2026-02-13 15:00:00,DOWN,Moderate,43.120110446387486,UNKNOWN,68652.0,67107.33,1,tp,0.022499999999999964,0.021199999999999965,1
2026-02-13 18:00:00,UP,Moderate,45.3125,UNKNOWN,69086.7,68050.3995,1,sl,-0.015000000000000013,-0.016300000000000012,0
2026-02-13 19:00:00,UP,Moderate,49.97243913642628,UNKNOWN,68904.2,67870.637,1,sl,-0.014999999999999902,-0.0162999999999999,0
2026-02-13 20:00:00,UP,Moderate,45.54637281910009,UNKNOWN,68750.1,67718.84850000001,1,sl,-0.015000000000000013,-0.016300000000000012,0
2026-02-13 21:00:00,UP,Moderate,64.36438733363929,UNKNOWN,68869.2,67836.162,1,sl,-0.015000000000000013,-0.016300000000000012,0
2026-02-14 01:00:00,DOWN,Moderate,55.336692624828224,UNKNOWN,68932.0,67381.03,1,tp,0.022499999999999964,0.021199999999999965,1
2026-02-14 02:00:00,DOWN,Moderate,58.77747252747253,UNKNOWN,68849.2,67300.093,1,tp,0.022500000000000075,0.021200000000000076,1
2026-02-14 07:00:00,UP,Strong,100.0,UNKNOWN,69182.2,68144.46699999999,1,sl,-0.015000000000000124,-0.016300000000000123,0
2026-02-14 08:00:00,UP,Strong,100.0,UNKNOWN,69707.3,68661.6905,1,sl,-0.015000000000000124,-0.016300000000000123,0
2026-02-14 10:00:00,UP,Strong,95.52919708029196,UNKNOWN,69633.8,68589.293,1,sl,-0.015000000000000013,-0.016300000000000012,0
2026-02-14 11:00:00,UP,Strong,100.0,UNKNOWN,70464.8,69407.82800000001,1,sl,-0.014999999999999902,-0.0162999999999999,0
2026-02-14 12:00:00,UP,Moderate,65.0,UNKNOWN,69602.2,68558.167,1,sl,-0.014999999999999902,-0.0162999999999999,0
2026-02-14 13:00:00,UP,Moderate,49.202733485193626,UNKNOWN,69430.1,68388.64850000001,1,sl,-0.014999999999999902,-0.0162999999999999,0
2026-02-14 14:00:00,UP,Strong,76.86703096539162,UNKNOWN,69667.3,68622.2905,1,sl,-0.015000000000000013,-0.016300000000000012,0
2026-02-14 15:00:00,UP,Strong,78.60719162494311,UNKNOWN,69754.2,68707.887,1,sl,-0.014999999999999902,-0.0162999999999999,0
2026-02-14 16:00:00,UP,Moderate,65.0,UNKNOWN,69731.3,68685.3305,1,sl,-0.015000000000000124,-0.016300000000000123,0
2026-02-14 17:00:00,UP,Moderate,42.83765347885403,UNKNOWN,69710.9,68665.2365,1,sl,-0.014999999999999902,-0.0162999999999999,0
2026-02-15 03:00:00,UP,Strong,77.45586238116795,UNKNOWN,69926.0,68877.11,1,sl,-0.015000000000000013,-0.016300000000000012,0
2026-02-15 04:00:00,UP,Moderate,51.515837104072396,UNKNOWN,70157.0,69104.645,1,sl,-0.014999999999999902,-0.0162999999999999,0
2026-02-15 08:00:00,UP,Moderate,45.1219512195122,UNKNOWN,70405.1,69349.02350000001,1,sl,-0.014999999999999902,-0.0162999999999999,0
2026-02-15 09:00:00,DOWN,Strong,88.39729119638827,UNKNOWN,70382.5,68798.89375,1,tp,0.022499999999999964,0.021199999999999965,1
2026-02-15 10:00:00,UP,Moderate,49.90974729241877,UNKNOWN,70389.5,69333.6575,1,sl,-0.015000000000000013,-0.016300000000000012,0
2026-02-15 15:00:00,UP,Strong,79.28860873480414,UNKNOWN,69068.1,68032.0785,1,sl,-0.015000000000000013,-0.016300000000000012,0
2026-02-15 16:00:00,UP,Strong,87.8937893789379,UNKNOWN,68977.6,67942.936,1,sl,-0.015000000000000013,-0.016300000000000012,0
2026-02-15 19:00:00,DOWN,Moderate,56.764044943820224,UNKNOWN,68263.6,66727.66900000001,2,tp,0.022499999999999964,0.021199999999999965,1
2026-02-16 01:00:00,UP,Strong,76.87135813536531,UNKNOWN,68590.8,67561.93800000001,1,sl,-0.014999999999999902,-0.0162999999999999,0
2026-02-16 02:00:00,UP,Strong,86.29032258064517,UNKNOWN,68295.1,67270.6735,1,sl,-0.015000000000000013,-0.016300000000000012,0
2026-02-16 03:00:00,UP,Moderate,59.91939095387371,UNKNOWN,68392.6,67366.71100000001,1,sl,-0.014999999999999902,-0.0162999999999999,0
2026-02-16 04:00:00,UP,Moderate,67.1888988361683,UNKNOWN,68832.4,67799.91399999999,1,sl,-0.015000000000000013,-0.016300000000000012,0
2026-02-16 05:00:00,UP,Moderate,65.05592841163312,UNKNOWN,68350.1,67324.84850000001,1,sl,-0.015000000000000013,-0.016300000000000012,0
2026-02-16 06:00:00,UP,Moderate,62.432915921288014,UNKNOWN,68414.8,67388.57800000001,1,sl,-0.014999999999999902,-0.0162999999999999,0
2026-02-16 07:00:00,UP,Moderate,53.106839517210545,UNKNOWN,68552.4,67524.11399999999,1,sl,-0.015000000000000124,-0.016300000000000123,0
2026-02-16 08:00:00,UP,Moderate,52.72564789991063,UNKNOWN,68724.5,67693.63249999999,1,sl,-0.015000000000000124,-0.016300000000000123,0
2026-02-16 12:00:00,DOWN,Strong,99.06333630686886,UNKNOWN,69739.3,68170.16575,1,tp,0.022500000000000075,0.021200000000000076,1
2026-02-16 13:00:00,DOWN,Strong,100.0,UNKNOWN,68355.6,66817.599,2,tp,0.022500000000000075,0.021200000000000076,1
2026-02-16 16:00:00,UP,Moderate,52.18165627782725,UNKNOWN,67854.0,66836.19,2,sl,-0.015000000000000013,-0.016300000000000012,0
2026-02-16 17:00:00,UP,Moderate,49.93324432576769,UNKNOWN,67917.2,66898.442,1,sl,-0.015000000000000013,-0.016300000000000012,0
2026-02-16 18:00:00,UP,Moderate,65.0,UNKNOWN,67833.0,66815.505,2,sl,-0.014999999999999902,-0.0162999999999999,0
2026-02-16 20:00:00,DOWN,Moderate,46.44444444444444,UNKNOWN,68508.9,66967.44975,1,tp,0.022499999999999964,0.021199999999999965,1
2026-02-16 21:00:00,DOWN,Strong,73.20302087960907,UNKNOWN,68835.1,67286.31025000001,1,tp,0.022499999999999964,0.021199999999999965,1
2026-02-17 00:00:00,DOWN,Moderate,62.36912156166816,UNKNOWN,68849.9,67300.77725,1,tp,0.022499999999999964,0.021199999999999965,1
2026-02-17 01:00:00,DOWN,Strong,85.02439024390245,UNKNOWN,68582.6,67039.4915,1,tp,0.022500000000000075,0.021200000000000076,1
2026-02-17 02:00:00,DOWN,Moderate,60.90425531914894,UNKNOWN,68806.3,67258.15825000001,1,tp,0.022499999999999964,0.021199999999999965,1
2026-02-17 03:00:00,DOWN,Strong,81.63491360212673,UNKNOWN,68443.6,66903.619,1,tp,0.022499999999999964,0.021199999999999965,1
2026-02-17 04:00:00,DOWN,Moderate,56.155890168290526,UNKNOWN,68450.1,66909.97275000002,1,tp,0.022499999999999853,0.021199999999999854,1
2026-02-17 05:00:00,DOWN,Moderate,54.803010181496234,UNKNOWN,68207.3,66672.63575,3,tp,0.022500000000000075,0.021200000000000076,1
2026-02-17 09:00:00,DOWN,Moderate,65.0,UNKNOWN,68087.1,66555.14025000001,5,tp,0.022499999999999964,0.021199999999999965,1
2026-02-17 10:00:00,DOWN,Strong,94.65547703180212,UNKNOWN,67822.1,66907.8,24,timeout,0.013480856534964336,0.012180856534964337,1
2026-02-17 11:00:00,DOWN,Moderate,65.0,UNKNOWN,67824.4,66907.8,24,timeout,0.01351431048413243,0.012214310484132431,1
2026-02-17 12:00:00,DOWN,Moderate,65.0,UNKNOWN,67893.2,66907.8,24,timeout,0.014513971944171034,0.013213971944171034,1
2026-02-17 13:00:00,DOWN,Moderate,65.0,UNKNOWN,68105.3,66572.93075,5,tp,0.022500000000000075,0.021200000000000076,1
2026-02-17 14:00:00,DOWN,Strong,81.1904761904762,UNKNOWN,66846.7,66907.8,24,timeout,-0.000914031657508918,-0.002214031657508918,0
2026-02-17 15:00:00,DOWN,Moderate,65.0,UNKNOWN,67363.6,66907.8,24,timeout,0.006766265460872112,0.005466265460872112,1
2026-02-18 07:00:00,UP,Moderate,42.122538293216635,UNKNOWN,68078.4,67057.22399999999,1,sl,-0.015000000000000124,-0.016300000000000123,0
2026-02-18 08:00:00,UP,Moderate,43.788276465441825,UNKNOWN,68099.9,67078.40149999999,1,sl,-0.015000000000000013,-0.016300000000000012,0
2026-02-18 15:00:00,DOWN,Moderate,65.0,UNKNOWN,67671.0,66907.8,24,timeout,0.011278095491421669,0.00997809549142167,1
2026-02-18 17:00:00,UP,Moderate,42.61437908496732,UNKNOWN,67156.3,66907.8,24,timeout,-0.0037003229778889146,-0.0050003229778889146,0
2026-02-18 18:00:00,UP,Moderate,46.68989547038328,UNKNOWN,66327.2,66907.8,24,timeout,0.008753573194707487,0.007453573194707487,1
2026-02-18 19:00:00,UP,Moderate,65.0,UNKNOWN,66138.2,66907.8,24,timeout,0.011636240478271276,0.010336240478271277,1
2026-02-18 21:00:00,UP,Strong,95.51979121357111,UNKNOWN,66300.6,66907.8,24,timeout,0.009158288160288075,0.007858288160288076,1
2026-02-18 22:00:00,UP,Strong,100.0,UNKNOWN,66379.0,66907.8,24,timeout,0.007966374907726781,0.006666374907726781,1
2026-02-18 23:00:00,UP,Strong,96.56671012603216,UNKNOWN,66422.8,66907.8,24,timeout,0.007301709653914079,0.006001709653914079,1
2026-02-19 00:00:00,UP,Strong,100.0,UNKNOWN,66410.7,66907.8,24,timeout,0.00748523957735725,0.00618523957735725,1
2026-02-19 01:00:00,UP,Strong,100.0,UNKNOWN,66830.3,66907.8,24,timeout,0.001159653630164792,-0.000140346369835208,1
2026-02-19 02:00:00,UP,Strong,92.05729166666666,UNKNOWN,66800.7,66907.8,24,timeout,0.0016032766123708075,0.0003032766123708076,1
2026-02-19 03:00:00,UP,Strong,89.24078091106291,UNKNOWN,66950.4,66907.8,24,timeout,-0.000636291941496836,-0.001936291941496836,0
2026-02-19 04:00:00,UP,Moderate,65.0,UNKNOWN,66776.4,66907.8,24,timeout,0.0019677610652866218,0.0006677610652866218,1
2026-02-19 08:00:00,DOWN,Moderate,52.85714285714286,UNKNOWN,66937.7,66907.8,24,timeout,0.0004466840061728705,-0.0008533159938271294,1
2026-02-19 09:00:00,DOWN,Strong,83.3448723496322,UNKNOWN,66811.8,66907.8,24,timeout,-0.0014368719298087917,-0.0027368719298087917,0
2026-02-19 10:00:00,DOWN,Strong,89.96539792387543,UNKNOWN,66810.1,66907.8,24,timeout,-0.0014623537459155234,-0.0027623537459155233,0
2026-02-19 11:00:00,DOWN,Strong,97.63510592304367,UNKNOWN,66468.9,66907.8,24,timeout,-0.006603088060732398,-0.007903088060732397,0
2026-02-19 12:00:00,DOWN,Strong,82.45462402765773,UNKNOWN,66489.6,66907.8,24,timeout,-0.006289705457695582,-0.007589705457695582,0
2026-02-19 13:00:00,DOWN,Strong,82.34557235421167,UNKNOWN,65871.2,66859.268,1,sl,-0.014999999999999902,-0.0162999999999999,0
2026-02-19 14:00:00,UP,Moderate,52.340241796200345,UNKNOWN,66381.9,66907.8,24,timeout,0.007922340276491191,0.006622340276491191,1
2026-02-19 15:00:00,UP,Moderate,46.48252050064739,UNKNOWN,66362.7,66907.8,24,timeout,0.008213951511918616,0.006913951511918616,1
2026-02-19 16:00:00,UP,Strong,83.47282139775669,UNKNOWN,66267.6,66907.8,24,timeout,0.009660829726744202,0.008360829726744203,1
2026-02-19 17:00:00,UP,Strong,78.45623113410954,UNKNOWN,66336.1,66907.8,24,timeout,0.008618233510863549,0.007318233510863549,1
2026-02-20 09:00:00,UP,Moderate,49.60599571734476,UNKNOWN,68174.1,67151.4885,1,sl,-0.015000000000000013,-0.016300000000000012,0
2026-02-20 14:00:00,UP,Moderate,51.05128205128205,UNKNOWN,67043.2,66907.8,24,timeout,-0.0020195933368334362,-0.003319593336833436,0
2026-02-20 15:00:00,DOWN,Moderate,43.400256300726184,UNKNOWN,67547.6,66907.8,24,timeout,0.009471839117896175,0.008171839117896176,1
2026-02-20 18:00:00,DOWN,Moderate,40.529010238907844,UNKNOWN,67901.1,66907.8,24,timeout,0.014628628991282921,0.013328628991282922,1
2026-02-20 19:00:00,DOWN,Moderate,58.40085287846482,UNKNOWN,67616.5,66907.8,24,timeout,0.010481169537021273,0.009181169537021274,1
2026-02-20 20:00:00,DOWN,Moderate,53.069053708439895,UNKNOWN,67719.7,66907.8,24,timeout,0.01198912576399469,0.010689125763994691,1
2026-02-20 21:00:00,DOWN,Moderate,50.61780997017469,UNKNOWN,67792.3,66907.8,24,timeout,0.013047204476024588,0.011747204476024588,1
2026-02-20 22:00:00,DOWN,Moderate,63.287904599659285,UNKNOWN,68049.8,66518.6795,5,tp,0.022500000000000075,0.021200000000000076,1
2026-02-20 23:00:00,DOWN,Moderate,60.96211153682418,UNKNOWN,67979.3,66907.8,24,timeout,0.015762151125416124,0.014462151125416125,1
2026-02-21 04:00:00,UP,Moderate,42.33644859813084,UNKNOWN,67782.2,66765.46699999999,2,sl,-0.015000000000000124,-0.016300000000000123,0
2026-02-21 09:00:00,DOWN,Moderate,65.0,UNKNOWN,68115.8,66583.19450000001,5,tp,0.022499999999999853,0.021199999999999854,1
2026-02-21 10:00:00,DOWN,Moderate,65.0,UNKNOWN,68184.6,66650.4465,3,tp,0.022499999999999964,0.021199999999999965,1
2026-02-21 11:00:00,DOWN,Strong,97.11986446421008,UNKNOWN,68060.9,66529.52975,5,tp,0.022499999999999853,0.021199999999999854,1
2026-02-21 12:00:00,DOWN,Moderate,65.0,UNKNOWN,68175.9,66641.94225,4,tp,0.022500000000000075,0.021200000000000076,1
2026-02-21 13:00:00,DOWN,Moderate,62.039779940753284,UNKNOWN,68223.3,66688.27575,3,tp,0.022500000000000075,0.021200000000000076,1
2026-02-21 14:00:00,DOWN,Moderate,59.94077834179357,UNKNOWN,68416.6,66877.2265,1,tp,0.022500000000000075,0.021200000000000076,1
2026-02-21 15:00:00,DOWN,Moderate,54.20718816067654,UNKNOWN,68571.5,67028.64125,1,tp,0.022499999999999964,0.021199999999999965,1
2026-02-21 16:00:00,UP,Moderate,65.0,UNKNOWN,68292.4,67268.014,1,sl,-0.015000000000000013,-0.016300000000000012,0
2026-02-22 09:00:00,DOWN,Strong,100.0,UNKNOWN,68022.4,66491.896,5,tp,0.022499999999999964,0.021199999999999965,1
2026-02-22 10:00:00,DOWN,Strong,94.21140939597315,UNKNOWN,68096.6,66564.4265,5,tp,0.022500000000000075,0.021200000000000076,1
2026-02-22 11:00:00,DOWN,Strong,92.53668763102726,UNKNOWN,68183.4,66649.2735,3,tp,0.022499999999999964,0.021199999999999965,1
2026-02-22 12:00:00,DOWN,Strong,98.70494551550713,UNKNOWN,67892.4,66907.8,24,timeout,0.014502359616098248,0.013202359616098249,1
2026-02-22 13:00:00,DOWN,Strong,94.14746543778803,UNKNOWN,67622.4,66907.8,24,timeout,0.010567504258943705,0.009267504258943706,1
2026-02-22 14:00:00,DOWN,Strong,85.55276381909547,UNKNOWN,67420.1,66907.8,24,timeout,0.007598624149178113,0.006298624149178113,1
2026-02-22 15:00:00,DOWN,Strong,85.27417329426538,UNKNOWN,67659.9,66907.8,24,timeout,0.011115889914114385,0.009815889914114386,1
2026-02-23 00:00:00,UP,Moderate,56.33861551292744,UNKNOWN,66705.8,66907.8,24,timeout,0.0030282224334314822,0.0017282224334314823,1
2026-02-23 01:00:00,UP,Moderate,51.813255523134636,UNKNOWN,64387.2,65835.912,1,tp,0.022499999999999964,0.021199999999999965,1
2026-02-23 02:00:00,UP,Strong,95.28750000000001,UNKNOWN,64742.4,66199.10399999999,1,tp,0.022499999999999964,0.021199999999999965,1
2026-02-23 03:00:00,UP,Strong,93.46105789254477,UNKNOWN,64894.0,66354.11499999999,1,tp,0.022499999999999964,0.021199999999999965,1
2026-02-23 04:00:00,UP,Strong,89.11740216486263,UNKNOWN,64777.3,66234.78925,1,tp,0.022499999999999964,0.021199999999999965,1
2026-02-23 05:00:00,UP,Strong,89.95006242197255,UNKNOWN,65031.9,66495.11775,1,tp,0.022499999999999964,0.021199999999999965,1
2026-02-23 06:00:00,UP,Strong,88.53993344425957,UNKNOWN,65717.7,67196.34825,1,tp,0.022499999999999964,0.021199999999999965,1
2026-02-23 07:00:00,UP,Strong,85.36382536382536,UNKNOWN,65915.8,66907.8,24,timeout,0.015049502547189064,0.013749502547189065,1
2026-02-23 08:00:00,UP,Strong,83.66583541147132,UNKNOWN,65639.0,67115.8775,1,tp,0.022499999999999964,0.021199999999999965,1
2026-02-23 09:00:00,UP,Strong,73.57706688824263,UNKNOWN,66374.8,66907.8,24,timeout,0.00803015602306889,0.006730156023068891,1
2026-02-23 10:00:00,UP,Strong,71.843853820598,UNKNOWN,66291.1,66907.8,24,timeout,0.00930290793183386,0.00800290793183386,1
2026-02-23 11:00:00,UP,Strong,70.4856787048568,UNKNOWN,66170.8,66907.8,24,timeout,0.011137843278304027,0.009837843278304028,1
2026-02-23 14:00:00,DOWN,Strong,85.40630182421228,UNKNOWN,65895.5,66883.9325,1,sl,-0.014999999999999902,-0.0162999999999999,0
2026-02-23 15:00:00,DOWN,Strong,90.71694985495235,UNKNOWN,65633.1,66617.5965,1,sl,-0.014999999999999902,-0.0162999999999999,0
2026-02-23 21:00:00,DOWN,Moderate,64.98553121124432,UNKNOWN,64554.6,65522.918999999994,1,sl,-0.014999999999999902,-0.0162999999999999,0
2026-02-23 22:00:00,DOWN,Moderate,62.314049586776854,UNKNOWN,64694.3,65664.7145,1,sl,-0.014999999999999902,-0.0162999999999999,0
2026-02-23 23:00:00,DOWN,Moderate,63.81660470879802,UNKNOWN,64625.8,65595.18699999999,1,sl,-0.014999999999999902,-0.0162999999999999,0
2026-02-24 00:00:00,DOWN,Moderate,61.51940545004129,UNKNOWN,64910.2,65883.85299999999,1,sl,-0.014999999999999902,-0.0162999999999999,0
2026-02-24 03:00:00,DOWN,Moderate,61.509278350515466,UNKNOWN,63570.5,64524.057499999995,1,sl,-0.014999999999999902,-0.0162999999999999,0
2026-02-24 04:00:00,UP,Moderate,40.560593569662,UNKNOWN,63338.2,64763.309499999996,1,tp,0.022499999999999964,0.021199999999999965,1
2026-02-24 05:00:00,UP,Moderate,40.42027194066749,UNKNOWN,63067.5,64486.518749999996,1,tp,0.022499999999999964,0.021199999999999965,1
2026-02-24 07:00:00,UP,Strong,82.33841086867024,UNKNOWN,63155.3,64576.29425,1,tp,0.022499999999999964,0.021199999999999965,1
2026-02-24 08:00:00,UP,Strong,72.13991769547326,UNKNOWN,63357.2,64782.736999999994,1,tp,0.022499999999999964,0.021199999999999965,1
2026-02-24 09:00:00,UP,Moderate,54.95680789798437,UNKNOWN,63213.3,64635.59925,1,tp,0.022499999999999964,0.021199999999999965,1
2026-02-24 10:00:00,UP,Moderate,53.08388157894737,UNKNOWN,63250.0,64673.125,1,tp,0.022499999999999964,0.021199999999999965,1
2026-02-24 11:00:00,UP,Moderate,50.71927661323469,UNKNOWN,63192.2,64614.02449999999,1,tp,0.022499999999999964,0.021199999999999965,1
2026-02-24 12:00:00,UP,Moderate,48.76746096959737,UNKNOWN,62936.0,64352.06,1,tp,0.022499999999999964,0.021199999999999965,1
2026-02-24 14:00:00,DOWN,Moderate,65.0,UNKNOWN,63422.0,64373.329999999994,1,sl,-0.014999999999999902,-0.0162999999999999,0
2026-02-24 16:00:00,UP,Moderate,66.20180475799836,UNKNOWN,64227.3,65672.41425,1,tp,0.022499999999999964,0.021199999999999965,1
2026-02-24 18:00:00,UP,Moderate,40.57377049180328,UNKNOWN,64395.1,65843.98975,1,tp,0.022499999999999964,0.021199999999999965,1
2026-02-24 19:00:00,UP,Moderate,44.11716509627202,UNKNOWN,64405.4,65854.5215,1,tp,0.022499999999999964,0.021199999999999965,1
2026-02-25 02:00:00,DOWN,Moderate,69.73039215686273,UNKNOWN,65852.0,66839.78,1,sl,-0.014999999999999902,-0.0162999999999999,0
2026-02-25 03:00:00,DOWN,Strong,87.50510412413229,UNKNOWN,65361.7,66342.1255,1,sl,-0.014999999999999902,-0.0162999999999999,0
2026-02-25 04:00:00,DOWN,Strong,74.04081632653062,UNKNOWN,65427.9,66409.3185,1,sl,-0.014999999999999902,-0.0162999999999999,0
2026-02-25 05:00:00,UP,Moderate,54.63076295389637,UNKNOWN,64847.9,66306.97775,1,tp,0.022499999999999964,0.021199999999999965,1
2026-02-25 06:00:00,UP,Moderate,69.7389885807504,UNKNOWN,64862.6,66322.0085,1,tp,0.022499999999999964,0.021199999999999965,1
2026-02-25 07:00:00,UP,Moderate,43.85650224215247,UNKNOWN,65001.1,66463.62475,1,tp,0.022499999999999964,0.021199999999999965,1
2026-02-25 08:00:00,UP,Moderate,45.49714751426243,UNKNOWN,65490.9,66964.44525,1,tp,0.022499999999999964,0.021199999999999965,1
2026-02-25 10:00:00,UP,Strong,79.88599348534203,UNKNOWN,65364.4,66835.099,1,tp,0.022499999999999964,0.021199999999999965,1
2026-02-25 11:00:00,UP,Strong,77.89987789987791,UNKNOWN,65396.7,66868.12574999999,1,tp,0.022499999999999964,0.021199999999999965,1
2026-02-25 12:00:00,UP,Strong,71.4239218877136,UNKNOWN,66038.7,66907.8,24,timeout,0.013160465000068289,0.01186046500006829,1
2026-02-25 13:00:00,DOWN,Moderate,65.0,UNKNOWN,66209.5,67202.64249999999,1,sl,-0.014999999999999902,-0.0162999999999999,0
2026-02-25 17:00:00,UP,Moderate,48.903775883069436,UNKNOWN,68625.6,67596.216,1,sl,-0.015000000000000124,-0.016300000000000123,0
2026-02-25 20:00:00,DOWN,Moderate,58.110300081103006,UNKNOWN,69104.9,67550.03975,1,tp,0.022499999999999964,0.021199999999999965,1
2026-02-25 22:00:00,UP,Moderate,65.0,UNKNOWN,68402.0,67375.97,1,sl,-0.015000000000000013,-0.016300000000000012,0
2026-02-25 23:00:00,UP,Strong,93.19562575941677,UNKNOWN,67952.5,66933.2125,1,sl,-0.015000000000000124,-0.016300000000000123,0
2026-02-26 00:00:00,UP,Moderate,69.67611336032388,UNKNOWN,68294.4,67269.984,1,sl,-0.015000000000000013,-0.016300000000000012,0
2026-02-26 01:00:00,UP,Moderate,67.13881019830028,UNKNOWN,68213.9,67190.69149999999,1,sl,-0.015000000000000124,-0.016300000000000123,0
2026-02-26 02:00:00,UP,Moderate,64.84627831715211,UNKNOWN,68219.2,67195.912,1,sl,-0.015000000000000013,-0.016300000000000012,0
2026-02-26 03:00:00,UP,Moderate,62.35341690254751,UNKNOWN,68187.5,67164.6875,1,sl,-0.015000000000000013,-0.016300000000000012,0
2026-02-26 04:00:00,UP,Moderate,40.662894098625706,UNKNOWN,68533.1,67505.10350000001,1,sl,-0.014999999999999902,-0.0162999999999999,0
2026-02-26 05:00:00,UP,Moderate,59.838383838383834,UNKNOWN,68408.2,67382.07699999999,1,sl,-0.015000000000000124,-0.016300000000000123,0
2026-02-26 06:00:00,UP,Strong,91.23586429725363,UNKNOWN,68146.1,67123.9085,1,sl,-0.015000000000000013,-0.016300000000000012,0
2026-02-26 07:00:00,UP,Moderate,48.00161485668147,UNKNOWN,67800.0,66783.0,2,sl,-0.015000000000000013,-0.016300000000000012,0
2026-02-26 08:00:00,UP,Moderate,55.932203389830505,UNKNOWN,67923.3,66904.4505,1,sl,-0.014999999999999902,-0.0162999999999999,0
2026-02-26 09:00:00,DOWN,Moderate,65.0,UNKNOWN,68553.0,67010.5575,1,tp,0.022500000000000075,0.021200000000000076,1
2026-02-26 10:00:00,DOWN,Strong,83.12096774193549,UNKNOWN,68271.9,66735.78225,2,tp,0.022499999999999853,0.021199999999999854,1
2026-02-26 11:00:00,DOWN,Strong,81.00362756952842,UNKNOWN,68025.2,66494.633,5,tp,0.022499999999999964,0.021199999999999965,1
2026-02-26 12:00:00,DOWN,Strong,71.39403706688154,UNKNOWN,68140.9,66607.72975,4,tp,0.022499999999999964,0.021199999999999965,1
2026-02-26 13:00:00,DOWN,Strong,77.88159484494564,UNKNOWN,67877.8,66907.8,24,timeout,0.014290386547589962,0.012990386547589963,1
2026-02-26 15:00:00,DOWN,Strong,96.27766599597587,UNKNOWN,67353.4,66907.8,24,timeout,0.006615850127833056,0.005315850127833056,1
2026-02-26 16:00:00,DOWN,Moderate,62.4778761061947,UNKNOWN,66617.3,66907.8,24,timeout,-0.004360729119913254,-0.005660729119913254,0
2026-02-27 00:00:00,UP,Strong,79.83159582999198,UNKNOWN,67190.3,66907.8,24,timeout,-0.004204475943700214,-0.005504475943700214,0
2026-02-27 01:00:00,UP,Strong,85.79559118236475,UNKNOWN,67315.9,66907.8,24,timeout,-0.006062460726217633,-0.007362460726217633,0
2026-02-27 02:00:00,UP,Strong,84.08653846153847,UNKNOWN,67226.5,66907.8,24,timeout,-0.004740690055260899,-0.006040690055260899,0
2026-02-27 03:00:00,UP,Moderate,49.37925510612735,UNKNOWN,67557.4,66544.03899999999,5,sl,-0.015000000000000013,-0.016300000000000012,0
2026-02-27 04:00:00,UP,Moderate,47.87830264211369,UNKNOWN,67709.2,66693.56199999999,3,sl,-0.015000000000000124,-0.016300000000000123,0
2026-02-27 05:00:00,UP,Moderate,47.458983593437374,UNKNOWN,67685.8,66670.513,3,sl,-0.014999999999999902,-0.0162999999999999,0
2026-02-27 06:00:00,UP,Moderate,47.199999999999996,UNKNOWN,67617.1,66602.8435,5,sl,-0.015000000000000013,-0.016300000000000012,0
2026-02-27 07:00:00,UP,Moderate,46.34146341463415,UNKNOWN,67644.1,66629.4385,4,sl,-0.015000000000000013,-0.016300000000000012,0
2026-02-27 12:00:00,DOWN,Moderate,49.55706304868316,UNKNOWN,65902.4,66890.93599999999,1,sl,-0.014999999999999902,-0.0162999999999999,0
2026-02-27 13:00:00,DOWN,Moderate,47.46709214200239,UNKNOWN,66240.0,67233.59999999999,1,sl,-0.014999999999999902,-0.0162999999999999,0
2026-02-27 14:00:00,DOWN,Moderate,44.77671451355662,UNKNOWN,65855.5,66843.33249999999,1,sl,-0.014999999999999902,-0.0162999999999999,0
2026-02-27 15:00:00,DOWN,Strong,96.3332004782782,UNKNOWN,66072.6,67063.689,1,sl,-0.014999999999999902,-0.0162999999999999,0
2026-02-27 16:00:00,DOWN,Moderate,41.50199203187252,UNKNOWN,65449.3,66431.0395,1,sl,-0.014999999999999902,-0.0162999999999999,0
2026-02-27 17:00:00,DOWN,Moderate,59.219434488251686,UNKNOWN,65673.0,66658.09499999999,1,sl,-0.014999999999999902,-0.0162999999999999,0
2026-02-27 18:00:00,DOWN,Strong,99.31528662420382,UNKNOWN,65284.8,66264.072,1,sl,-0.014999999999999902,-0.0162999999999999,0
2026-02-27 19:00:00,DOWN,Strong,87.9824910465579,UNKNOWN,65365.4,66345.881,1,sl,-0.014999999999999902,-0.0162999999999999,0
2026-02-27 20:00:00,DOWN,Moderate,53.89817024661894,UNKNOWN,65564.2,66547.66299999999,1,sl,-0.014999999999999902,-0.0162999999999999,0
2026-02-27 21:00:00,DOWN,Strong,95.47912524850896,UNKNOWN,65502.3,66484.8345,1,sl,-0.014999999999999902,-0.0162999999999999,0
2026-02-27 22:00:00,DOWN,Moderate,53.338632750397466,UNKNOWN,65609.0,66593.135,1,sl,-0.014999999999999902,-0.0162999999999999,0
2026-02-27 23:00:00,DOWN,Strong,84.62455303933254,UNKNOWN,65836.0,66823.54,1,sl,-0.014999999999999902,-0.0162999999999999,0
2026-02-28 00:00:00,DOWN,Moderate,43.44718030182685,UNKNOWN,65906.3,66894.8945,1,sl,-0.014999999999999902,-0.0162999999999999,0
2026-02-28 01:00:00,DOWN,Moderate,45.54585152838428,UNKNOWN,65747.2,66733.408,1,sl,-0.014999999999999902,-0.0162999999999999,0
2026-02-28 06:00:00,UP,Moderate,64.18383518225039,UNKNOWN,63173.8,64595.2105,1,tp,0.022499999999999964,0.021199999999999965,1
2026-02-28 07:00:00,UP,Strong,70.44356435643564,UNKNOWN,63788.4,65223.639,1,tp,0.022499999999999964,0.021199999999999965,1
2026-02-28 08:00:00,UP,Strong,70.86302454473476,UNKNOWN,63439.7,64867.09325,1,tp,0.022499999999999964,0.021199999999999965,1
2026-02-28 09:00:00,UP,Moderate,64.25009893153938,UNKNOWN,63621.4,65052.881499999996,1,tp,0.022499999999999964,0.021199999999999965,1
2026-02-28 10:00:00,UP,Moderate,62.09256329113924,UNKNOWN,63964.5,65403.70125,1,tp,0.022499999999999964,0.021199999999999965,1
2026-02-28 11:00:00,UP,Moderate,64.15579280347964,UNKNOWN,63810.4,65246.134,1,tp,0.022499999999999964,0.021199999999999965,1
2026-02-28 12:00:00,UP,Moderate,62.04347826086956,UNKNOWN,63980.0,65419.549999999996,1,tp,0.022499999999999964,0.021199999999999965,1
2026-02-28 13:00:00,UP,Moderate,54.456736467799296,UNKNOWN,65069.5,66533.56375,1,tp,0.022499999999999964,0.021199999999999965,1
2026-02-28 14:00:00,UP,Moderate,53.12006319115324,UNKNOWN,64402.4,65851.454,1,tp,0.022499999999999964,0.021199999999999965,1
2026-02-28 15:00:00,UP,Moderate,56.02052901697593,UNKNOWN,64800.0,66258.0,1,tp,0.022499999999999964,0.021199999999999965,1
2026-02-28 16:00:00,UP,Strong,71.84293606945542,UNKNOWN,65053.8,66517.5105,1,tp,0.022499999999999964,0.021199999999999965,1
2026-02-28 19:00:00,UP,Moderate,61.016949152542374,UNKNOWN,66318.1,66907.8,24,timeout,0.00889199177901645,0.0075919917790164505,1
2026-02-28 20:00:00,DOWN,Strong,78.21118991331757,UNKNOWN,66918.6,66907.8,24,timeout,0.00016139010678650756,-0.0011386098932134924,1
2026-02-28 21:00:00,DOWN,Moderate,43.24537219377708,UNKNOWN,66684.8,66907.8,24,timeout,-0.0033440904074091282,-0.004644090407409128,0
2026-02-28 22:00:00,DOWN,Moderate,41.77165354330709,UNKNOWN,67081.4,66907.8,24,timeout,0.002587900669932197,0.0012879006699321972,1
2026-03-01 00:00:00,DOWN,Strong,73.91817466561761,UNKNOWN,66755.6,66907.8,24,timeout,-0.0022799585353139307,-0.0035799585353139306,0
2026-03-01 01:00:00,DOWN,Moderate,65.0,UNKNOWN,67311.6,66907.8,24,timeout,0.005998966002888073,0.004698966002888073,1
2026-03-01 02:00:00,DOWN,Strong,82.62578616352201,UNKNOWN,67588.3,66907.8,24,timeout,0.010068310639563371,0.008768310639563372,1
2026-03-01 03:00:00,DOWN,Strong,97.44597249508841,UNKNOWN,67474.7,66907.8,24,timeout,0.00840166758799954,0.0071016675879995396,1
2026-03-01 04:00:00,DOWN,Strong,93.71170463472116,UNKNOWN,67313.0,66907.8,24,timeout,0.0060196395941348735,0.0047196395941348735,1
2026-03-01 05:00:00,DOWN,Strong,83.3922261484099,UNKNOWN,67264.2,66907.8,24,timeout,0.005298509459712553,0.003998509459712553,1
2026-03-01 09:00:00,DOWN,Strong,77.06781654253234,UNKNOWN,66380.1,66907.8,24,timeout,-0.00794967166364624,-0.00924967166364624,0
2026-03-01 10:00:00,DOWN,Moderate,51.88087774294671,UNKNOWN,66430.0,66907.8,24,timeout,-0.007192533493903364,-0.008492533493903363,0
2026-03-01 11:00:00,DOWN,Strong,76.18488053270663,UNKNOWN,66439.0,66907.8,24,timeout,-0.007056096569785897,-0.008356096569785896,0
2026-03-01 12:00:00,DOWN,Strong,74.23649177760376,UNKNOWN,66270.6,67264.659,4,sl,-0.014999999999999902,-0.0162999999999999,0
2026-03-01 13:00:00,DOWN,Strong,82.89628180039139,UNKNOWN,66907.1,66907.8,24,timeout,-1.0462267830968486e-05,-0.0013104622678309684,0
2026-03-01 14:00:00,DOWN,Moderate,42.6056338028169,UNKNOWN,66817.5,66907.8,24,timeout,-0.0013514423616567406,-0.0026514423616567405,0
2026-03-01 15:00:00,DOWN,Strong,75.98748533437623,UNKNOWN,66810.8,66907.8,24,timeout,-0.0014518610763529782,-0.002751861076352978,0
2026-03-02 02:00:00,UP,Strong,71.96261682242991,UNKNOWN,66242.2,66907.8,24,timeout,0.010047975459752223,0.008747975459752224,1
2026-03-02 03:00:00,UP,Strong,74.37524328532504,UNKNOWN,66787.3,66907.8,24,timeout,0.0018042352363398795,0.0005042352363398795,1
2026-03-02 04:00:00,UP,Moderate,66.22568093385213,UNKNOWN,66825.1,66907.8,24,timeout,0.0012375589411761645,-6.244105882383544e-05,1
2026-03-02 05:00:00,UP,Strong,70.05056398288603,UNKNOWN,66701.2,66907.8,24,timeout,0.003097395549105597,0.0017973955491055972,1
2026-03-02 06:00:00,UP,Moderate,63.68584758942457,UNKNOWN,66176.9,66907.8,24,timeout,0.011044639443673177,0.009744639443673177,1
2026-03-02 07:00:00,UP,Moderate,63.35017489312087,UNKNOWN,65981.3,66907.8,24,timeout,0.01404185731411789,0.01274185731411789,1
2026-03-02 08:00:00,UP,Strong,76.70940170940172,UNKNOWN,66247.9,66907.8,24,timeout,0.009961070464120425,0.008661070464120426,1
2026-03-02 09:00:00,UP,Moderate,53.32038834951456,UNKNOWN,66132.3,66907.8,24,timeout,0.011726493710335184,0.010426493710335185,1
2026-03-02 10:00:00,DOWN,Moderate,42.04192546583851,UNKNOWN,66284.0,67278.26,4,sl,-0.014999999999999902,-0.0162999999999999,0
2026-03-02 11:00:00,DOWN,Strong,83.1199068684517,UNKNOWN,66329.9,67324.8485,4,sl,-0.014999999999999902,-0.0162999999999999,0
2026-03-02 12:00:00,DOWN,Strong,81.14817688130333,UNKNOWN,65927.8,66916.71699999999,1,sl,-0.014999999999999902,-0.0162999999999999,0
2026-03-02 13:00:00,DOWN,Strong,87.39433889104305,UNKNOWN,65412.3,66393.48449999999,1,sl,-0.014999999999999902,-0.0162999999999999,0
2026-03-02 14:00:00,DOWN,Moderate,65.0,UNKNOWN,67128.7,66907.8,24,timeout,0.0032906938462980984,0.0019906938462980984,1
2026-03-02 16:00:00,UP,Moderate,53.594113090627424,UNKNOWN,69395.6,68354.66600000001,1,sl,-0.014999999999999902,-0.0162999999999999,0
2026-03-02 18:00:00,DOWN,Moderate,51.12229102167183,UNKNOWN,68853.8,67304.5895,1,tp,0.022499999999999964,0.021199999999999965,1
2026-03-02 19:00:00,DOWN,Moderate,60.59574468085106,UNKNOWN,68928.4,67377.511,1,tp,0.022499999999999964,0.021199999999999965,1
2026-03-02 20:00:00,UP,Strong,71.6937354988399,UNKNOWN,69054.2,68018.387,1,sl,-0.014999999999999902,-0.0162999999999999,0
2026-03-02 21:00:00,UP,Strong,99.54000773096251,UNKNOWN,69366.9,68326.39649999999,1,sl,-0.015000000000000124,-0.016300000000000123,0
2026-03-02 22:00:00,UP,Strong,71.87017001545595,UNKNOWN,69414.2,68372.987,1,sl,-0.015000000000000013,-0.016300000000000012,0
2026-03-02 23:00:00,UP,Moderate,65.0,UNKNOWN,68801.8,67769.773,1,sl,-0.015000000000000013,-0.016300000000000012,0
2026-03-03 00:00:00,UP,Moderate,58.57142857142858,UNKNOWN,69051.9,68016.1215,1,sl,-0.015000000000000013,-0.016300000000000012,0
2026-03-03 01:00:00,UP,Moderate,56.7348514087225,UNKNOWN,68724.6,67693.731,1,sl,-0.015000000000000124,-0.016300000000000123,0
2026-03-03 02:00:00,UP,Moderate,54.745370370370374,UNKNOWN,68478.1,67450.92850000001,1,sl,-0.014999999999999902,-0.0162999999999999,0
2026-03-03 03:00:00,UP,Moderate,53.10451214809101,UNKNOWN,68349.3,67324.0605,1,sl,-0.014999999999999902,-0.0162999999999999,0
2026-03-03 04:00:00,UP,Moderate,50.69390902081727,UNKNOWN,68093.0,67071.605,1,sl,-0.015000000000000013,-0.016300000000000012,0
2026-03-03 05:00:00,UP,Moderate,48.554913294797686,UNKNOWN,67911.6,66892.926,1,sl,-0.015000000000000013,-0.016300000000000012,0
2026-03-03 06:00:00,UP,Moderate,47.38058551617873,UNKNOWN,68070.0,67048.95,1,sl,-0.015000000000000013,-0.016300000000000012,0
2026-03-03 07:00:00,UP,Moderate,40.12321909896034,UNKNOWN,68138.3,67116.2255,1,sl,-0.015000000000000013,-0.016300000000000012,0
2026-03-03 08:00:00,UP,Moderate,55.81216320246344,UNKNOWN,66972.7,66907.8,24,timeout,-0.0009690515687734713,-0.0022690515687734713,0
2026-03-03 09:00:00,DOWN,Moderate,57.406694882647166,UNKNOWN,66614.5,66907.8,24,timeout,-0.004402945304700978,-0.005702945304700978,0
2026-03-03 11:00:00,UP,Strong,71.0880430603614,UNKNOWN,67000.0,66907.8,24,timeout,-0.0013761194029849877,-0.0026761194029849876,0
2026-03-03 15:00:00,DOWN,Moderate,65.0,UNKNOWN,67692.5,66907.8,24,timeout,0.011592126158732508,0.010292126158732508,1
2026-03-03 19:00:00,UP,Moderate,65.23572249904178,UNKNOWN,68395.9,67369.96149999999,1,sl,-0.015000000000000013,-0.016300000000000012,0
2026-03-03 20:00:00,UP,Moderate,69.0344827586207,UNKNOWN,68232.9,67209.4065,1,sl,-0.014999999999999902,-0.0162999999999999,0
2026-03-03 21:00:00,UP,Moderate,57.2117962466488,UNKNOWN,67976.5,66956.8525,1,sl,-0.015000000000000124,-0.016300000000000123,0
2026-03-03 22:00:00,UP,Moderate,55.25267993874426,UNKNOWN,68275.1,67250.97350000001,1,sl,-0.015000000000000013,-0.016300000000000012,0
2026-03-03 23:00:00,UP,Moderate,53.379257558362035,UNKNOWN,68295.3,67270.8705,1,sl,-0.015000000000000013,-0.016300000000000012,0
2026-03-04 00:00:00,UP,Moderate,54.322876817138486,UNKNOWN,68065.8,67044.81300000001,1,sl,-0.014999999999999902,-0.0162999999999999,0
2026-03-04 07:00:00,UP,Moderate,42.09462037390309,UNKNOWN,69464.5,68422.5325,1,sl,-0.015000000000000013,-0.016300000000000012,0
2026-03-04 09:00:00,DOWN,Moderate,65.0,UNKNOWN,71487.1,69878.64025000001,1,tp,0.022499999999999964,0.021199999999999965,1
2026-03-04 10:00:00,DOWN,Strong,89.5579268292683,UNKNOWN,71310.9,69706.40475,1,tp,0.022499999999999853,0.021199999999999854,1
2026-03-04 11:00:00,DOWN,Strong,98.60190476190476,UNKNOWN,71082.4,69483.046,1,tp,0.022499999999999853,0.021199999999999854,1
2026-03-04 12:00:00,DOWN,Strong,100.0,UNKNOWN,71307.8,69703.3745,1,tp,0.022499999999999964,0.021199999999999965,1
2026-03-04 13:00:00,DOWN,Moderate,66.95850780357823,UNKNOWN,71447.9,69840.32225,1,tp,0.022499999999999964,0.021199999999999965,1
2026-03-04 16:00:00,UP,Moderate,59.92395437262358,UNKNOWN,73241.2,72142.582,1,sl,-0.015000000000000013,-0.016300000000000012,0
2026-03-04 17:00:00,UP,Strong,83.80843785632838,UNKNOWN,73174.2,72076.587,1,sl,-0.015000000000000013,-0.016300000000000012,0
2026-03-04 18:00:00,UP,Strong,72.94832826747721,UNKNOWN,73651.4,72546.62899999999,1,sl,-0.015000000000000124,-0.016300000000000123,0
2026-03-04 19:00:00,UP,Strong,76.71857197113559,UNKNOWN,73580.2,72476.497,1,sl,-0.014999999999999902,-0.0162999999999999,0
2026-03-04 20:00:00,UP,Strong,75.28473804100227,UNKNOWN,72971.8,71877.223,1,sl,-0.015000000000000013,-0.016300000000000012,0
2026-03-06 12:00:00,DOWN,Moderate,51.09199700822738,UNKNOWN,69895.2,68322.558,1,tp,0.022499999999999853,0.021199999999999854,1
2026-03-07 13:00:00,DOWN,Strong,99.77769544275658,UNKNOWN,67891.3,66907.8,24,timeout,0.014486392218148736,0.013186392218148737,1
2026-03-07 14:00:00,DOWN,Strong,99.62962962962963,UNKNOWN,67980.1,66907.8,24,timeout,0.01577373378385738,0.01447373378385738,1
2026-03-07 15:00:00,DOWN,Strong,99.14846353202518,UNKNOWN,67844.8,66907.8,24,timeout,0.013810933188689534,0.012510933188689535,1
2026-03-07 16:00:00,DOWN,Strong,98.55662472242783,UNKNOWN,67757.5,66907.8,24,timeout,0.012540309190864463,0.011240309190864464,1
2026-03-07 17:00:00,DOWN,Strong,97.5952645209027,UNKNOWN,67749.7,66907.8,24,timeout,0.012426623291320715,0.011126623291320716,1
2026-03-07 18:00:00,DOWN,Strong,100.0,UNKNOWN,67530.8,66907.8,24,timeout,0.009225420104604143,0.007925420104604144,1
2026-03-07 19:00:00,DOWN,Strong,100.0,UNKNOWN,67042.6,66907.8,24,timeout,0.002010661877671849,0.0007106618776718488,1
2026-03-07 20:00:00,DOWN,Moderate,65.0,UNKNOWN,67354.4,66907.8,24,timeout,0.006630598743363358,0.0053305987433633585,1
2026-03-07 21:00:00,DOWN,Strong,91.50350942002217,UNKNOWN,67416.4,66907.8,24,timeout,0.0075441583946931345,0.006244158394693135,1
2026-03-07 22:00:00,DOWN,Strong,88.55243722304283,UNKNOWN,67220.0,66907.8,24,timeout,0.004644451056233234,0.0033444510562332342,1
2026-03-07 23:00:00,DOWN,Moderate,65.0,UNKNOWN,67232.1,66907.8,24,timeout,0.004823588732168149,0.0035235887321681493,1
2026-03-08 00:00:00,DOWN,Moderate,65.0,UNKNOWN,67161.0,66907.8,24,timeout,0.0037700451154687453,0.0024700451154687454,1
2026-03-08 01:00:00,DOWN,Strong,82.51567687200296,UNKNOWN,67266.3,66907.8,24,timeout,0.005329563243407165,0.004029563243407165,1
2026-03-08 02:00:00,DOWN,Strong,88.74631268436579,UNKNOWN,66894.8,66907.8,24,timeout,-0.0001943349856790011,-0.001494334985679001,0
2026-03-08 03:00:00,DOWN,Moderate,65.0,UNKNOWN,66974.9,66907.8,24,timeout,0.001001867863930972,-0.000298132136069028,1
2026-03-08 04:00:00,DOWN,Strong,84.95210022107591,UNKNOWN,66602.7,66907.8,24,timeout,-0.004580895369106663,-0.005880895369106663,0
2026-03-08 05:00:00,DOWN,Moderate,65.0,UNKNOWN,67115.4,66907.8,24,timeout,0.0030931798067208582,0.0017931798067208583,1
2026-03-08 06:00:00,DOWN,Strong,72.9381443298969,UNKNOWN,67134.3,66907.8,24,timeout,0.0033738342397254817,0.0020738342397254817,1
2026-03-08 07:00:00,DOWN,Strong,71.03422892896577,UNKNOWN,67277.2,66907.8,24,timeout,0.005490716022664377,0.004190716022664377,1
2026-03-08 08:00:00,DOWN,Moderate,69.27888153053716,UNKNOWN,67490.9,66907.8,24,timeout,0.008639683275819321,0.007339683275819321,1
2026-03-08 19:00:00,DOWN,Moderate,65.70172224257969,UNKNOWN,67299.0,66907.8,24,timeout,0.005812864975705434,0.004512864975705434,1
2026-03-08 20:00:00,DOWN,Moderate,68.9010989010989,UNKNOWN,67195.7,66907.8,24,timeout,0.004284500347492393,0.0029845003474923927,1
2026-03-08 21:00:00,DOWN,Moderate,66.82167704137679,UNKNOWN,66977.1,66907.8,24,timeout,0.0010346820032518522,-0.0002653179967481477,1
2026-03-08 22:00:00,UP,Moderate,65.0,UNKNOWN,66198.4,66907.8,24,timeout,0.010716271088123008,0.00941627108812301,1
2026-03-08 23:00:00,UP,Strong,94.10903768752287,UNKNOWN,65934.3,66907.8,24,timeout,0.014764697585323505,0.013464697585323506,1
2026-03-09 00:00:00,UP,Strong,100.0,UNKNOWN,66326.9,66907.8,24,timeout,0.008758135839305181,0.007458135839305181,1
2026-03-09 01:00:00,UP,Strong,100.0,UNKNOWN,66150.1,66907.8,24,timeout,0.01145425328155203,0.01015425328155203,1
2026-03-09 02:00:00,UP,Strong,99.02412280701756,UNKNOWN,66500.0,66907.8,24,timeout,0.006132330827067767,0.004832330827067767,1
2026-03-09 03:00:00,UP,Strong,88.19875776397515,UNKNOWN,67165.3,66907.8,24,timeout,-0.003833824906610994,-0.005133824906610994,0
2026-03-09 04:00:00,UP,Moderate,65.0,UNKNOWN,67100.3,66907.8,24,timeout,-0.0028688396326096433,-0.004168839632609643,0
2026-03-09 05:00:00,UP,Strong,94.29718875502009,UNKNOWN,67869.6,66851.55600000001,2,sl,-0.014999999999999902,-0.0162999999999999,0
2026-03-09 06:00:00,UP,Moderate,65.0,UNKNOWN,67229.8,66907.8,24,timeout,-0.004789542732538288,-0.006089542732538288,0
2026-03-09 07:00:00,UP,Strong,91.70010944910618,UNKNOWN,67504.8,66492.228,5,sl,-0.015000000000000013,-0.016300000000000012,0
2026-03-09 08:00:00,UP,Strong,82.20277169948942,UNKNOWN,67772.4,66755.814,2,sl,-0.014999999999999902,-0.0162999999999999,0
2026-03-09 09:00:00,UP,Strong,89.42763397739701,UNKNOWN,67946.5,66927.3025,1,sl,-0.014999999999999902,-0.0162999999999999,0
2026-03-09 10:00:00,UP,Strong,80.02915451895043,UNKNOWN,67571.2,66557.632,5,sl,-0.015000000000000013,-0.016300000000000012,0
2026-03-09 11:00:00,UP,Strong,87.1183970856102,UNKNOWN,67723.3,66707.4505,3,sl,-0.014999999999999902,-0.0162999999999999,0
2026-03-09 12:00:00,UP,Strong,78.00436999271668,UNKNOWN,68124.1,67102.2385,1,sl,-0.015000000000000013,-0.016300000000000012,0
2026-03-09 13:00:00,UP,Strong,83.97160538769567,UNKNOWN,68939.9,67905.80149999999,1,sl,-0.015000000000000124,-0.016300000000000123,0
2026-03-09 14:00:00,UP,Strong,81.49927219796216,UNKNOWN,69112.8,68076.10800000001,1,sl,-0.014999999999999902,-0.0162999999999999,0
2026-03-09 15:00:00,UP,Strong,71.77155329210622,UNKNOWN,68832.3,67799.8155,1,sl,-0.015000000000000124,-0.016300000000000123,0
2026-03-09 16:00:00,UP,Moderate,69.85454545454546,UNKNOWN,68920.5,67886.6925,1,sl,-0.014999999999999902,-0.0162999999999999,0
2026-03-09 17:00:00,UP,Moderate,67.357324609233,UNKNOWN,68570.0,67541.45,1,sl,-0.015000000000000013,-0.016300000000000012,0
2026-03-09 18:00:00,UP,Moderate,64.93459302325581,UNKNOWN,68327.4,67302.48899999999,1,sl,-0.015000000000000124,-0.016300000000000123,0
2026-03-09 19:00:00,UP,Moderate,68.2055938975663,UNKNOWN,68951.8,67917.523,1,sl,-0.015000000000000013,-0.016300000000000012,0
2026-03-09 20:00:00,UP,Moderate,60.09440813362382,UNKNOWN,68916.3,67882.5555,1,sl,-0.015000000000000013,-0.016300000000000012,0
2026-03-09 21:00:00,UP,Moderate,58.43920145190563,UNKNOWN,68882.7,67849.4595,1,sl,-0.015000000000000013,-0.016300000000000012,0
2026-03-10 02:00:00,UP,Moderate,61.81521739130436,UNKNOWN,70242.0,69188.37,1,sl,-0.015000000000000013,-0.016300000000000012,0
2026-03-10 03:00:00,UP,Moderate,54.291923216226,UNKNOWN,69391.0,68350.135,1,sl,-0.015000000000000124,-0.016300000000000123,0
2026-03-10 04:00:00,UP,Moderate,52.38957277335265,UNKNOWN,70035.8,68985.263,1,sl,-0.014999999999999902,-0.0162999999999999,0
2026-03-10 05:00:00,UP,Moderate,49.98190372783207,UNKNOWN,69938.3,68889.2255,1,sl,-0.015000000000000013,-0.016300000000000012,0
2026-03-10 06:00:00,UP,Moderate,48.480463096960925,UNKNOWN,69879.6,68831.406,1,sl,-0.015000000000000013,-0.016300000000000012,0
2026-03-10 07:00:00,UP,Moderate,46.98010849909584,UNKNOWN,70374.7,69319.07949999999,1,sl,-0.015000000000000013,-0.016300000000000012,0
2026-03-10 08:00:00,UP,Moderate,50.506146059291396,UNKNOWN,70650.9,69591.1365,1,sl,-0.015000000000000013,-0.016300000000000012,0
2026-03-10 09:00:00,UP,Moderate,44.45247560534875,UNKNOWN,71030.4,69964.94399999999,1,sl,-0.015000000000000124,-0.016300000000000123,0
2026-03-10 10:00:00,UP,Moderate,42.16040462427746,UNKNOWN,70737.6,69676.53600000001,1,sl,-0.015000000000000013,-0.016300000000000012,0
2026-03-10 11:00:00,UP,Moderate,40.62838569880823,UNKNOWN,70570.1,69511.5485,1,sl,-0.015000000000000013,-0.016300000000000012,0
2026-03-11 03:00:00,DOWN,Strong,82.83662477558347,UNKNOWN,69517.0,67952.86750000001,1,tp,0.022499999999999853,0.021199999999999854,1
2026-03-11 04:00:00,DOWN,Moderate,65.0,UNKNOWN,70089.7,68512.68175,1,tp,0.022499999999999964,0.021199999999999965,1
2026-03-11 05:00:00,DOWN,Strong,87.14747039827772,UNKNOWN,69463.7,67900.76675,1,tp,0.022500000000000075,0.021200000000000076,1
2026-03-11 06:00:00,DOWN,Moderate,65.0,UNKNOWN,69907.0,68334.0925,1,tp,0.022499999999999964,0.021199999999999965,1
2026-03-11 07:00:00,DOWN,Strong,75.29580494801003,UNKNOWN,69622.1,68055.60275,1,tp,0.022499999999999964,0.021199999999999965,1
2026-03-11 08:00:00,DOWN,Strong,73.08243727598567,UNKNOWN,69617.4,68051.0085,1,tp,0.022499999999999964,0.021199999999999965,1
2026-03-11 09:00:00,DOWN,Strong,70.97814403439628,UNKNOWN,69431.2,67868.998,1,tp,0.022499999999999853,0.021199999999999854,1
2026-03-11 10:00:00,DOWN,Moderate,69.01862464183381,UNKNOWN,69570.5,68005.16375,1,tp,0.022499999999999853,0.021199999999999854,1
2026-03-11 11:00:00,DOWN,Strong,73.68779090583602,UNKNOWN,69144.0,67588.26000000001,1,tp,0.022499999999999853,0.021199999999999854,1
2026-03-11 12:00:00,DOWN,Moderate,63.81531853972798,UNKNOWN,69319.0,67759.32250000001,1,tp,0.022499999999999853,0.021199999999999854,1
2026-03-11 13:00:00,DOWN,Moderate,61.53846153846154,UNKNOWN,70134.8,68556.767,1,tp,0.022499999999999964,0.021199999999999965,1
2026-03-11 14:00:00,DOWN,Strong,95.52932761087267,UNKNOWN,70536.6,68949.5265,1,tp,0.022499999999999964,0.021199999999999965,1
2026-03-11 15:00:00,DOWN,Strong,100.0,UNKNOWN,70186.9,68607.69475,1,tp,0.022499999999999964,0.021199999999999965,1
2026-03-11 16:00:00,DOWN,Moderate,65.0,UNKNOWN,70538.9,68951.77475,1,tp,0.022499999999999964,0.021199999999999965,1
2026-03-11 17:00:00,DOWN,Moderate,44.90889603429796,UNKNOWN,70745.1,69153.33525,1,tp,0.022500000000000075,0.021200000000000076,1
2026-03-11 18:00:00,UP,Moderate,47.82142857142857,UNKNOWN,70582.2,69523.46699999999,1,sl,-0.015000000000000124,-0.016300000000000123,0
2026-03-11 19:00:00,UP,Moderate,47.80435558729025,UNKNOWN,70600.8,69541.788,1,sl,-0.015000000000000013,-0.016300000000000012,0
2026-03-11 20:00:00,UP,Moderate,52.566024268379735,UNKNOWN,70586.1,69527.3085,1,sl,-0.015000000000000124,-0.016300000000000123,0
2026-03-11 21:00:00,DOWN,Moderate,43.45344273992151,UNKNOWN,70702.3,69111.49825,1,tp,0.022499999999999964,0.021199999999999965,1
2026-03-11 22:00:00,DOWN,Moderate,45.72039942938659,UNKNOWN,70329.1,68746.69525,1,tp,0.022499999999999964,0.021199999999999965,1
2026-03-11 23:00:00,DOWN,Moderate,48.37789661319073,UNKNOWN,70150.0,68571.625,1,tp,0.022499999999999964,0.021199999999999965,1
2026-03-12 00:00:00,DOWN,Moderate,52.280826799714895,UNKNOWN,70176.9,68597.91975,1,tp,0.022499999999999853,0.021199999999999854,1
2026-03-12 01:00:00,DOWN,Moderate,56.21660135375846,UNKNOWN,69800.8,68230.282,1,tp,0.022499999999999964,0.021199999999999965,1
2026-03-12 02:00:00,DOWN,Moderate,54.237891737891744,UNKNOWN,69242.9,67684.93475,1,tp,0.022499999999999964,0.021199999999999965,1
2026-03-12 03:00:00,DOWN,Moderate,52.2249911000356,UNKNOWN,69402.6,67841.0415,1,tp,0.022499999999999964,0.021199999999999965,1
2026-03-12 04:00:00,DOWN,Moderate,49.679715302491104,UNKNOWN,69330.1,67770.17275000001,1,tp,0.022499999999999853,0.021199999999999854,1
2026-03-12 05:00:00,DOWN,Moderate,52.906438989683394,UNKNOWN,69429.9,67867.72725,1,tp,0.022499999999999964,0.021199999999999965,1
2026-03-21 10:00:00,UP,Moderate,78.0952380952381,CHOPPY,70576.0,69517.36,1,sl,-0.015000000000000013,-0.016300000000000012,0
2026-03-21 12:00:00,DOWN,Moderate,67.29857819905213,CHOPPY,70680.0,69089.7,1,tp,0.022500000000000075,0.021200000000000076,1
2026-03-21 14:00:00,DOWN,Moderate,72.87735849056604,CHOPPY,70595.0,69006.6125,1,tp,0.022499999999999964,0.021199999999999965,1
2026-03-21 15:00:00,DOWN,Strong,94.82352941176471,CHOPPY,70599.1,69010.62025,1,tp,0.022499999999999964,0.021199999999999965,1
2026-03-21 18:00:00,DOWN,Strong,95.09345794392523,CHOPPY,70360.6,68777.48650000001,1,tp,0.022499999999999853,0.021199999999999854,1
2026-03-21 19:00:00,DOWN,Strong,100.0,CHOPPY,70365.9,68782.66725,1,tp,0.022499999999999964,0.021199999999999965,1
2026-03-21 20:00:00,DOWN,Strong,100.0,CHOPPY,70432.4,68847.671,1,tp,0.022499999999999853,0.021199999999999854,1
2026-03-21 21:00:00,DOWN,Strong,99.76798143851508,CHOPPY,70321.6,68739.364,1,tp,0.022500000000000075,0.021200000000000076,1
2026-03-21 22:00:00,DOWN,Strong,100.0,CHOPPY,70253.2,68672.503,1,tp,0.022499999999999964,0.021199999999999965,1
2026-03-22 00:00:00,UP,Strong,91.47465437788019,CHOPPY,68904.5,67870.9325,1,sl,-0.015000000000000013,-0.016300000000000012,0
2026-03-22 01:00:00,UP,Moderate,76.7816091954023,CHOPPY,68926.1,67892.20850000001,1,sl,-0.015000000000000013,-0.016300000000000012,0
2026-03-22 04:00:00,DOWN,Moderate,80.36529680365297,CHOPPY,69313.4,67753.8485,1,tp,0.022500000000000075,0.021200000000000076,1
2026-03-22 05:00:00,DOWN,Moderate,72.89293849658314,CHOPPY,69116.4,67561.281,1,tp,0.022499999999999853,0.021199999999999854,1
2026-03-22 06:00:00,DOWN,Moderate,83.4090909090909,CHOPPY,69126.9,67571.54475,1,tp,0.022499999999999853,0.021199999999999854,1
2026-03-22 07:00:00,DOWN,Moderate,82.53968253968253,CHOPPY,68884.5,67334.59875,1,tp,0.022499999999999964,0.021199999999999965,1
2026-03-22 08:00:00,DOWN,Moderate,78.73303167420815,CHOPPY,68756.7,67209.67425,1,tp,0.022499999999999964,0.021199999999999965,1
2026-03-22 09:00:00,DOWN,Moderate,87.13318284424379,CHOPPY,68780.1,67232.54775000001,1,tp,0.022499999999999853,0.021199999999999854,1
2026-03-22 10:00:00,DOWN,Moderate,81.53153153153153,CHOPPY,68601.1,67057.57525000001,1,tp,0.022499999999999964,0.021199999999999965,1
2026-03-22 11:00:00,UP,Moderate,66.29213483146067,CHOPPY,68177.0,67154.345,1,sl,-0.015000000000000013,-0.016300000000000012,0
2026-03-22 23:00:00,UP,Moderate,71.11597374179432,CHOPPY,67830.6,66813.141,2,sl,-0.015000000000000013,-0.016300000000000012,0
2026-03-23 00:00:00,UP,Strong,93.88646288209607,CHOPPY,67642.5,66627.8625,4,sl,-0.014999999999999902,-0.0162999999999999,0
2026-03-23 01:00:00,UP,Strong,95.42483660130719,CHOPPY,67875.6,66857.466,2,sl,-0.015000000000000124,-0.016300000000000123,0
2026-03-23 03:00:00,UP,Moderate,68.32971800433839,CHOPPY,68045.1,67024.4235,1,sl,-0.015000000000000013,-0.016300000000000012,0
2026-03-23 04:00:00,DOWN,Moderate,87.44588744588745,CHOPPY,68504.5,66963.14875000001,1,tp,0.022499999999999853,0.021199999999999854,1
2026-03-23 05:00:00,DOWN,Strong,94.60043196544277,CHOPPY,68864.2,67314.7555,1,tp,0.022499999999999964,0.021199999999999965,1
2026-03-23 10:00:00,UP,Strong,98.29059829059828,CHOPPY,68512.2,67484.51699999999,1,sl,-0.015000000000000013,-0.016300000000000012,0
2026-03-24 12:00:00,DOWN,Strong,95.54655870445345,CHOPPY,70924.4,69328.601,1,tp,0.022499999999999964,0.021199999999999965,1
2026-03-24 15:00:00,DOWN,Moderate,85.91549295774648,CHOPPY,69837.7,68266.35175,1,tp,0.022499999999999964,0.021199999999999965,1
2026-03-24 17:00:00,UP,Strong,93.5871743486974,CHOPPY,69205.0,68166.925,1,sl,-0.015000000000000013,-0.016300000000000012,0
2026-03-24 18:00:00,UP,Strong,91.98396793587175,CHOPPY,69399.5,68358.50749999999,1,sl,-0.015000000000000124,-0.016300000000000123,0
2026-03-24 19:00:00,UP,Strong,90.98196392785572,CHOPPY,69342.6,68302.46100000001,1,sl,-0.014999999999999902,-0.0162999999999999,0
2026-03-25 00:00:00,DOWN,Moderate,72.94589178356713,CHOPPY,70804.3,69211.20325,1,tp,0.022499999999999964,0.021199999999999965,1
2026-03-25 07:00:00,UP,Moderate,65.93186372745491,CHOPPY,70900.0,69836.5,1,sl,-0.015000000000000013,-0.016300000000000012,0
2026-03-25 11:00:00,DOWN,Strong,93.9879759519038,CHOPPY,71650.3,70038.16825,1,tp,0.022499999999999964,0.021199999999999965,1
2026-03-25 12:00:00,DOWN,Strong,96.19238476953907,CHOPPY,71685.4,70072.4785,1,tp,0.022499999999999964,0.021199999999999965,1
2026-03-25 13:00:00,DOWN,Strong,93.9879759519038,CHOPPY,71546.6,69936.8015,1,tp,0.022500000000000075,0.021200000000000076,1
2026-03-25 14:00:00,DOWN,Moderate,80.56112224448898,CHOPPY,71203.6,69601.51900000001,1,tp,0.022499999999999853,0.021199999999999854,1
2026-03-25 15:00:00,UP,Moderate,82.36472945891784,CHOPPY,70792.4,69730.514,1,sl,-0.015000000000000013,-0.016300000000000012,0
2026-03-25 16:00:00,DOWN,Moderate,75.1503006012024,CHOPPY,71290.0,69685.975,1,tp,0.022499999999999964,0.021199999999999965,1
2026-03-25 18:00:00,UP,Moderate,86.77354709418837,CHOPPY,70786.8,69724.998,1,sl,-0.014999999999999902,-0.0162999999999999,0
2026-03-25 19:00:00,UP,Moderate,75.75150300601202,CHOPPY,70853.2,69790.402,1,sl,-0.014999999999999902,-0.0162999999999999,0
2026-03-25 20:00:00,UP,Moderate,86.17234468937876,CHOPPY,70970.0,69905.45,1,sl,-0.015000000000000013,-0.016300000000000012,0
2026-03-25 21:00:00,UP,Moderate,68.7374749498998,CHOPPY,71000.0,69935.0,1,sl,-0.015000000000000013,-0.016300000000000012,0
2026-03-25 22:00:00,DOWN,Moderate,68.33667334669339,CHOPPY,71330.1,69725.17275000001,1,tp,0.022499999999999853,0.021199999999999854,1
2026-03-25 23:00:00,DOWN,Moderate,80.96192384769539,CHOPPY,71297.5,69693.30625000001,1,tp,0.022499999999999853,0.021199999999999854,1
2026-03-26 00:00:00,DOWN,Moderate,80.96192384769539,CHOPPY,71265.8,69662.31950000001,1,tp,0.022499999999999853,0.021199999999999854,1
2026-03-26 01:00:00,DOWN,Strong,94.98997995991984,CHOPPY,71212.9,69610.60975,1,tp,0.022499999999999853,0.021199999999999854,1
2026-03-26 02:00:00,DOWN,Moderate,89.57915831663327,CHOPPY,70855.0,69260.7625,1,tp,0.022500000000000075,0.021200000000000076,1
2026-03-26 03:00:00,DOWN,Moderate,89.77955911823648,CHOPPY,70881.9,69287.05725,1,tp,0.022499999999999964,0.021199999999999965,1
2026-03-26 04:00:00,DOWN,Moderate,84.76953907815631,CHOPPY,70737.0,69145.4175,1,tp,0.022500000000000075,0.021200000000000076,1
2026-03-26 05:00:00,DOWN,Moderate,67.33466933867736,CHOPPY,69988.7,68413.95425,1,tp,0.022500000000000075,0.021200000000000076,1
2026-03-26 06:00:00,DOWN,Moderate,68.13627254509018,CHOPPY,70057.5,68481.20625,1,tp,0.022499999999999964,0.021199999999999965,1
2026-03-26 07:00:00,DOWN,Moderate,84.76953907815631,CHOPPY,70053.8,68477.5895,1,tp,0.022499999999999964,0.021199999999999965,1
2026-03-26 08:00:00,DOWN,Moderate,78.75751503006012,CHOPPY,69985.9,68411.21725,1,tp,0.022499999999999853,0.021199999999999854,1
2026-03-26 10:00:00,DOWN,Moderate,76.55310621242485,CHOPPY,69480.0,67916.7,1,tp,0.022500000000000075,0.021200000000000076,1
2026-03-26 11:00:00,DOWN,Moderate,71.14228456913828,CHOPPY,69239.3,67681.41575,1,tp,0.022500000000000075,0.021200000000000076,1
2026-03-26 12:00:00,DOWN,Strong,92.38476953907816,CHOPPY,69395.1,67833.71025,1,tp,0.022500000000000075,0.021200000000000076,1
2026-03-26 13:00:00,DOWN,Strong,95.59118236472945,CHOPPY,69617.4,68051.0085,1,tp,0.022499999999999964,0.021199999999999965,1
2026-03-26 14:00:00,DOWN,Strong,96.19238476953907,CHOPPY,69450.1,67887.47275000002,1,tp,0.022499999999999853,0.021199999999999854,1
2026-03-26 15:00:00,DOWN,Strong,90.18036072144288,CHOPPY,69054.8,67501.06700000001,1,tp,0.022499999999999853,0.021199999999999854,1
2026-03-26 17:00:00,UP,Moderate,83.16633266533067,CHOPPY,68456.1,67429.25850000001,1,sl,-0.014999999999999902,-0.0162999999999999,0
2026-03-26 18:00:00,UP,Moderate,85.57114228456913,CHOPPY,68457.0,67430.145,1,sl,-0.014999999999999902,-0.0162999999999999,0
2026-03-26 19:00:00,UP,Moderate,67.93587174348697,CHOPPY,68502.7,67475.1595,1,sl,-0.015000000000000013,-0.016300000000000012,0
2026-03-27 01:00:00,DOWN,Strong,93.3867735470942,CHOPPY,69016.4,67463.531,1,tp,0.022499999999999853,0.021199999999999854,1
2026-03-27 02:00:00,DOWN,Strong,92.58517034068137,CHOPPY,68870.8,67321.20700000001,1,tp,0.022499999999999853,0.021199999999999854,1
2026-03-27 03:00:00,DOWN,Strong,93.5871743486974,CHOPPY,68728.8,67182.402,1,tp,0.022499999999999964,0.021199999999999965,1
2026-03-27 04:00:00,DOWN,Strong,94.78957915831663,CHOPPY,68540.2,66998.0455,1,tp,0.022500000000000075,0.021200000000000076,1
2026-03-27 05:00:00,DOWN,Strong,96.39278557114228,CHOPPY,68588.8,67045.55200000001,1,tp,0.022499999999999853,0.021199999999999854,1
2026-03-27 06:00:00,DOWN,Strong,99.39879759519037,CHOPPY,68621.5,67077.51625,1,tp,0.022499999999999964,0.021199999999999965,1
2026-03-27 07:00:00,DOWN,Strong,99.39879759519037,CHOPPY,68501.7,66960.41175,1,tp,0.022499999999999964,0.021199999999999965,1
2026-03-27 08:00:00,DOWN,Strong,98.19639278557113,CHOPPY,67876.6,66907.8,24,timeout,0.014272960048087313,0.012972960048087314,1
2026-03-27 09:00:00,DOWN,Strong,97.39478957915831,CHOPPY,67651.9,66907.8,24,timeout,0.01099895198804457,0.00969895198804457,1
2026-03-28 09:00:00,UP,Strong,93.3867735470942,CHOPPY,66270.9,66907.8,24,timeout,0.00961055304817049,0.00831055304817049,1
2026-03-28 10:00:00,UP,Strong,94.78957915831663,CHOPPY,66184.9,66907.8,24,timeout,0.010922430947240436,0.009622430947240437,1
2026-03-28 11:00:00,UP,Strong,95.19038076152304,CHOPPY,66288.5,66907.8,24,timeout,0.009342495304615506,0.008042495304615507,1
2026-03-28 12:00:00,UP,Strong,91.78356713426854,CHOPPY,66416.7,66907.8,24,timeout,0.00739422464530759,0.00609422464530759,1
2026-03-28 13:00:00,UP,Moderate,79.95991983967936,CHOPPY,66813.3,66907.8,24,timeout,0.0014143890512816615,0.00011438905128166154,1
2026-03-28 14:00:00,UP,Moderate,84.16833667334669,CHOPPY,66716.2,66907.8,24,timeout,0.0028718662034108444,0.0015718662034108445,1
2026-03-28 19:00:00,DOWN,Strong,93.18637274549098,CHOPPY,66873.0,66907.8,24,timeout,-0.0005203893948231286,-0.0018203893948231286,0
2026-03-28 20:00:00,DOWN,Strong,92.18436873747495,CHOPPY,66885.5,66907.8,24,timeout,-0.0003334055961308202,-0.0016334055961308202,0
2026-03-28 21:00:00,DOWN,Moderate,82.36472945891784,CHOPPY,66644.8,66907.8,24,timeout,-0.003946294384558069,-0.005246294384558069,0
2026-03-28 22:00:00,DOWN,Moderate,88.57715430861724,CHOPPY,66729.0,66907.8,24,timeout,-0.0026794946724812974,-0.003979494672481297,0
2026-03-28 23:00:00,UP,Moderate,88.57715430861724,CHOPPY,66334.8,66907.8,24,timeout,0.008637999963819976,0.007337999963819976,1
2026-03-29 00:00:00,UP,Moderate,83.36673346693387,CHOPPY,66444.4,66907.8,24,timeout,0.0069742521566904525,0.005674252156690453,1
2026-03-29 01:00:00,UP,Moderate,72.34468937875751,CHOPPY,66536.1,66907.8,24,timeout,0.005586441044786117,0.004286441044786117,1
2026-03-29 10:00:00,UP,Moderate,65.53106212424849,CHOPPY,66473.4,66907.8,24,timeout,0.0065349448049898395,0.00523494480498984,1
2026-03-29 11:00:00,DOWN,Moderate,85.77154308617234,CHOPPY,66780.8,66907.8,24,timeout,-0.001901744213905765,-0.003201744213905765,0
2026-03-29 12:00:00,DOWN,Moderate,87.5751503006012,CHOPPY,66818.6,66907.8,24,timeout,-0.001334957631557554,-0.002634957631557554,0
2026-03-29 14:00:00,DOWN,Moderate,72.74549098196393,CHOPPY,66556.2,66907.8,24,timeout,-0.005282753522587003,-0.0065827535225870025,0
2026-03-29 15:00:00,DOWN,Moderate,65.93186372745491,CHOPPY,66500.0,66907.8,24,timeout,-0.006132330827067767,-0.007432330827067767,0
2026-03-29 16:00:00,DOWN,Moderate,70.34068136272545,CHOPPY,66467.8,66907.8,24,timeout,-0.006619746704419338,-0.007919746704419337,0
2026-03-29 18:00:00,DOWN,Strong,97.59519038076152,CHOPPY,66397.2,66907.8,24,timeout,-0.00769008331676635,-0.008990083316766349,0
2026-03-29 19:00:00,DOWN,Strong,99.19839679358718,CHOPPY,66320.2,67315.003,4,sl,-0.014999999999999902,-0.0162999999999999,0
2026-03-29 20:00:00,DOWN,Strong,99.39879759519037,CHOPPY,66578.6,66907.8,24,timeout,-0.004944531726410517,-0.006244531726410517,0
2026-03-29 21:00:00,DOWN,Strong,99.39879759519037,CHOPPY,66678.8,66907.8,24,timeout,-0.003434374943760199,-0.004734374943760199,0
2026-03-29 22:00:00,UP,Strong,97.59519038076152,CHOPPY,65820.3,67301.25675,4,tp,0.022499999999999964,0.021199999999999965,1
2026-03-29 23:00:00,UP,Strong,95.99198396793587,CHOPPY,65977.9,66907.8,24,timeout,0.014094113331888591,0.012794113331888592,1
2026-03-30 00:00:00,UP,Strong,95.79158316633266,CHOPPY,66251.2,66907.8,24,timeout,0.009910763880503382,0.008610763880503382,1
2026-03-30 01:00:00,UP,Strong,91.98396793587175,CHOPPY,66624.1,66907.8,24,timeout,0.004258218872750241,0.0029582188727502413,1
2026-03-30 02:00:00,UP,Moderate,80.7615230460922,CHOPPY,67087.0,66907.8,24,timeout,-0.002671158346624458,-0.003971158346624458,0
2026-03-30 03:00:00,UP,Moderate,70.94188376753507,CHOPPY,67139.8,66907.8,24,timeout,-0.0034554764833972795,-0.0047554764833972795,0
2026-03-30 06:00:00,UP,Moderate,68.5370741482966,CHOPPY,67273.4,66907.8,24,timeout,-0.005434540249191988,-0.006734540249191988,0
2026-03-30 14:00:00,DOWN,Moderate,89.17835671342685,CHOPPY,67762.7,66907.8,24,timeout,0.012616085250440001,0.011316085250440002,1
2026-03-30 15:00:00,DOWN,Moderate,71.5430861723447,CHOPPY,67590.2,66907.8,24,timeout,0.010096138197549287,0.008796138197549288,1
2026-03-30 19:00:00,UP,Moderate,69.73947895791584,CHOPPY,66516.0,66907.8,24,timeout,0.005890312105358175,0.004590312105358175,1
2026-03-30 21:00:00,UP,Moderate,89.77955911823648,CHOPPY,66770.6,66907.8,24,timeout,0.0020547965721440242,0.0007547965721440243,1
2026-03-30 22:00:00,UP,Strong,92.78557114228457,CHOPPY,66746.5,66907.8,24,timeout,0.002416606114178377,0.0011166061141783768,1
2026-03-30 23:00:00,UP,Strong,93.78757515030061,CHOPPY,66764.4,66907.8,24,timeout,0.002147851250067445,0.0008478512500674452,1
2026-03-31 00:00:00,UP,Moderate,85.97194388777555,CHOPPY,67172.5,66907.8,24,timeout,-0.003940600692247553,-0.005240600692247553,0
2026-03-31 05:00:00,DOWN,Moderate,83.16633266533067,CHOPPY,67648.9,66907.8,24,timeout,0.010955093135291083,0.009655093135291084,1
2026-03-31 06:00:00,DOWN,Strong,91.58316633266533,CHOPPY,67465.4,66907.8,24,timeout,0.008264977306886023,0.006964977306886023,1
2026-03-31 07:00:00,DOWN,Moderate,79.95991983967936,CHOPPY,67343.8,66907.8,24,timeout,0.006474241132814029,0.005174241132814029,1
2026-04-01 02:00:00,UP,Moderate,72.54509018036072,CHOPPY,67623.8,66609.443,4,sl,-0.015000000000000013,-0.016300000000000012,0
2026-04-02 00:00:00,DOWN,Moderate,72.74549098196393,CHOPPY,68565.1,67022.38525,1,tp,0.022499999999999964,0.021199999999999965,1
2026-04-02 02:00:00,UP,Strong,98.0,WARMUP,66821.6,66907.8,24,timeout,0.001290002035269966,-9.99796473003401e-06,1
2026-04-02 03:00:00,UP,Strong,88.55721393034825,WARMUP,66538.4,66907.8,24,timeout,0.005551681435081335,0.004251681435081335,1
2026-04-02 07:00:00,DOWN,Strong,93.17073170731707,WARMUP,66887.9,66907.8,24,timeout,-0.0002975127040916181,-0.001597512704091618,0
2026-04-02 08:00:00,DOWN,Strong,98.05825242718447,WARMUP,66418.2,66907.8,24,timeout,-0.007371473481666335,-0.008671473481666334,0
2026-04-02 09:00:00,DOWN,Strong,97.10144927536231,WARMUP,66428.6,66907.8,24,timeout,-0.007213760338167452,-0.008513760338167451,0
2026-04-02 10:00:00,DOWN,Strong,100.0,WARMUP,66424.0,66907.8,24,timeout,-0.007283511983620317,-0.008583511983620316,0
2026-04-02 11:00:00,DOWN,Strong,100.0,WARMUP,66180.6,67173.309,1,sl,-0.014999999999999902,-0.0162999999999999,0
2026-04-02 12:00:00,DOWN,Strong,100.0,WARMUP,66014.2,67004.41299999999,1,sl,-0.014999999999999902,-0.0162999999999999,0
2026-04-02 13:00:00,DOWN,Strong,96.2085308056872,WARMUP,66227.3,67220.7095,1,sl,-0.014999999999999902,-0.0162999999999999,0
2026-04-02 23:00:00,UP,Strong,90.49773755656109,WARMUP,66868.5,66907.8,24,timeout,0.0005877206756546016,-0.0007122793243453983,1
2026-04-03 02:00:00,UP,Strong,98.66071428571429,WARMUP,66504.6,66907.8,24,timeout,0.00606273851733552,0.00476273851733552,1
2026-04-03 03:00:00,UP,Moderate,68.0,WARMUP,66550.0,66907.8,24,timeout,0.00537640871525169,0.0040764087152516905,1
2026-04-03 07:00:00,UP,Moderate,72.0,TRENDING_BULL,67008.8,66907.8,24,timeout,-0.0015072647174699805,-0.0028072647174699804,0
2026-04-03 08:00:00,DOWN,Strong,98.68995633187772,WARMUP,66935.0,66952.1,24,timeout,-0.00025547172630169257,-0.0015554717263016925,0
2026-04-05 22:00:00,UP,Moderate,77.68494803346469,CHOPPY,68313.0,69850.0425,11,tp,0.022499999999999964,0.021199999999999965,1
2026-04-07 14:00:00,DOWN,Moderate,78.86208058120253,TRENDING_BEAR,67831.0,68848.465,3,sl,-0.014999999999999902,-0.0162999999999999,0
2026-04-08 10:00:00,UP,Moderate,74.27449044818152,WARMUP,71445.7,71234.7,24,timeout,-0.002953291800626201,-0.004253291800626201,0
2026-04-08 12:00:00,UP,Moderate,77.92028828947721,WARMUP,72023.6,70943.246,2,sl,-0.015000000000000124,-0.016300000000000123,0
2026-04-09 12:00:00,DOWN,Moderate,69.13920394882172,WARMUP,71245.0,72313.67499999999,3,sl,-0.014999999999999902,-0.0162999999999999,0
2026-04-09 13:00:00,UP,Moderate,72.07354082612092,WARMUP,70765.2,72357.417,3,tp,0.022499999999999964,0.021199999999999965,1
2026-04-09 14:00:00,DOWN,Moderate,78.03967383677114,WARMUP,71083.5,72149.75249999999,1,sl,-0.014999999999999902,-0.0162999999999999,0
2026-04-09 15:00:00,DOWN,Moderate,65.90815004939307,WARMUP,72108.0,73189.62,24,sl,-0.014999999999999902,-0.0162999999999999,0
2026-04-10 12:00:00,DOWN,Moderate,77.54080673019011,WARMUP,72225.5,73308.88249999999,8,sl,-0.014999999999999902,-0.0162999999999999,0
2026-04-10 15:00:00,DOWN,Moderate,66.79959906365923,WARMUP,72421.0,72817.3,24,timeout,-0.0054721696745418935,-0.0067721696745418935,0
2026-04-10 18:00:00,DOWN,Moderate,71.05055978159628,WARMUP,73056.7,73515.9,24,timeout,-0.006285528911105898,-0.0075855289111058976,0
2026-04-10 19:00:00,DOWN,Moderate,70.21466837617344,WARMUP,73187.3,73635.9,24,timeout,-0.006129478748361894,-0.007429478748361894,0
2026-04-10 20:00:00,DOWN,Moderate,73.92843658317305,WARMUP,73310.5,73252.9,24,timeout,0.0007856991836094895,-0.0005143008163905104,1
2026-04-10 21:00:00,DOWN,Strong,82.44246883478337,WARMUP,73156.2,73384.7,24,timeout,-0.0031234536512285693,-0.004423453651228569,0
2026-04-10 23:00:00,DOWN,Moderate,68.88453391845336,WARMUP,72917.4,73013.4,24,timeout,-0.001316558187757666,-0.002616558187757666,0
2026-04-11 12:00:00,DOWN,Moderate,77.50820922469327,WARMUP,72895.6,71255.44900000001,24,tp,0.022499999999999964,0.021199999999999965,1
2026-04-11 13:00:00,DOWN,Moderate,78.63443275252898,WARMUP,72612.2,73701.38299999999,6,sl,-0.014999999999999902,-0.0162999999999999,0
2026-04-11 15:00:00,DOWN,Moderate,71.68501780362789,WARMUP,72817.3,71178.91075000001,21,tp,0.022499999999999853,0.021199999999999854,1
2026-04-11 17:00:00,DOWN,Moderate,73.2515206078967,WARMUP,73056.2,71412.4355,8,tp,0.022499999999999853,0.021199999999999854,1
2026-04-11 18:00:00,UP,Moderate,73.63545029817936,WARMUP,73515.9,72413.16149999999,7,sl,-0.015000000000000124,-0.016300000000000123,0
2026-04-11 20:00:00,UP,Moderate,71.73545938694406,WARMUP,73252.9,72154.1065,5,sl,-0.015000000000000013,-0.016300000000000012,0
2026-04-11 21:00:00,UP,Moderate,70.65883112813762,WARMUP,73384.7,72283.9295,4,sl,-0.015000000000000013,-0.016300000000000012,0
2026-04-12 13:00:00,UP,Moderate,66.72058903382633,TRENDING_BEAR,70861.5,71623.0,24,timeout,0.010746314994743322,0.009446314994743323,1
2026-04-12 14:00:00,UP,Moderate,77.15658519645493,TRENDING_BEAR,70714.3,72305.37175,24,tp,0.022499999999999964,0.021199999999999965,1
2026-04-12 15:00:00,UP,Moderate,69.78924583480926,TRENDING_BEAR,70856.2,71823.6,24,timeout,0.013653004253685763,0.012353004253685764,1
2026-04-12 19:00:00,DOWN,Moderate,69.91009033753542,TRENDING_BEAR,71055.2,72121.02799999999,19,sl,-0.014999999999999902,-0.0162999999999999,0
2026-04-19 12:00:00,DOWN,Moderate,77.255982103047,CHOPPY,75529.3,73829.89075,10,tp,0.022499999999999964,0.021199999999999965,1
2026-04-20 09:00:00,DOWN,Moderate,67.19723150654477,CHOPPY,75028.8,76154.23199999999,9,sl,-0.014999999999999902,-0.0162999999999999,0
2026-04-20 17:00:00,DOWN,Moderate,68.71918960382487,CHOPPY,75853.7,76991.50549999998,15,sl,-0.014999999999999902,-0.0162999999999999,0
2026-04-20 19:00:00,DOWN,Moderate,67.58864058389521,CHOPPY,76252.5,77396.28749999999,21,sl,-0.014999999999999902,-0.0162999999999999,0
2026-04-20 22:00:00,DOWN,Moderate,72.42797254778722,CHOPPY,75927.7,77066.61549999999,18,sl,-0.014999999999999902,-0.0162999999999999,0
2026-04-21 00:00:00,DOWN,Moderate,66.19956187899628,CHOPPY,76050.0,77190.74999999999,16,sl,-0.014999999999999902,-0.0162999999999999,0
2026-04-21 03:00:00,DOWN,Moderate,69.1534983162638,CHOPPY,75669.1,76804.1365,5,sl,-0.014999999999999902,-0.0162999999999999,0
2026-04-21 04:00:00,DOWN,Moderate,71.54386091144085,CHOPPY,75768.3,76904.8245,4,sl,-0.014999999999999902,-0.0162999999999999,0
2026-04-21 05:00:00,DOWN,Moderate,71.50941828128114,CHOPPY,75760.8,76897.212,3,sl,-0.014999999999999902,-0.0162999999999999,0
2026-04-21 07:00:00,DOWN,Moderate,66.1820852429864,CHOPPY,76050.0,77190.74999999999,9,sl,-0.014999999999999902,-0.0162999999999999,0
2026-04-21 09:00:00,DOWN,Moderate,72.50306551166358,CHOPPY,76324.2,77469.063,7,sl,-0.014999999999999902,-0.0162999999999999,0
2026-04-22 11:00:00,DOWN,Moderate,67.03634527420702,TRENDING_BULL,78263.2,79437.14799999999,5,sl,-0.014999999999999902,-0.0162999999999999,0
2026-04-22 14:00:00,DOWN,Moderate,70.71603638031996,TRENDING_BULL,78996.8,77219.372,20,tp,0.022499999999999964,0.021199999999999965,1
2026-04-22 18:00:00,DOWN,Strong,70.11240481104181,TRENDING_BULL,78989.5,77212.23625,16,tp,0.022499999999999964,0.021199999999999965,1
2026-04-22 19:00:00,DOWN,Moderate,52.846417014745455,TRENDING_BULL,78791.3,77018.49575,15,tp,0.022499999999999964,0.021199999999999965,1
2026-04-22 21:00:00,DOWN,Moderate,57.63798963497112,TRENDING_BULL,78713.8,76942.73950000001,13,tp,0.022499999999999853,0.021199999999999854,1
2026-04-22 23:00:00,DOWN,Moderate,68.85758934418755,TRENDING_BULL,78139.8,78216.8,24,timeout,-0.000985413323300044,-0.002285413323300044,0
2026-04-23 05:00:00,DOWN,Moderate,62.76507396334008,CHOPPY,77991.9,77911.0,24,timeout,0.001037287205466142,-0.000262712794533858,1
2026-04-23 06:00:00,DOWN,Moderate,62.770443833899,CHOPPY,78167.0,77741.9,24,timeout,0.005438356339631856,0.004138356339631856,1
2026-04-23 09:00:00,DOWN,Moderate,64.79373187592702,CHOPPY,77613.0,77497.2,24,timeout,0.0014920180897530777,0.00019201808975307776,1
2026-04-23 10:00:00,DOWN,Moderate,66.36554539974152,CHOPPY,77362.9,78523.34349999999,5,sl,-0.014999999999999902,-0.0162999999999999,0
2026-04-23 11:00:00,DOWN,Strong,81.70174030374773,CHOPPY,77649.9,78194.8,24,timeout,-0.007017394742298455,-0.008317394742298454,0
2026-04-23 23:00:00,DOWN,Moderate,62.57294012667158,CHOPPY,78216.8,77395.4,24,timeout,0.010501580223174711,0.009201580223174712,1
2026-04-24 02:00:00,DOWN,Moderate,73.58349473869623,CHOPPY,78074.0,77567.6,24,timeout,0.006486154161436497,0.005186154161436497,1
2026-04-24 05:00:00,DOWN,Moderate,70.24637717270727,CHOPPY,77911.0,77475.8,24,timeout,0.005585860789875552,0.004285860789875552,1
2026-04-24 06:00:00,DOWN,Moderate,68.02104161120636,CHOPPY,77741.9,77458.8,24,timeout,0.003641536931821676,0.002341536931821676,1
2026-04-24 08:00:00,DOWN,Moderate,70.17885326890857,CHOPPY,77744.6,77603.3,24,timeout,0.0018174895748386266,0.0005174895748386267,1
2026-04-24 12:00:00,DOWN,Moderate,73.90821149798973,CHOPPY,78233.0,77518.3,24,timeout,0.00913553104188769,0.007835531041887691,1
2026-04-24 15:00:00,DOWN,Strong,86.85530021960214,CHOPPY,78007.3,77289.3,24,timeout,0.009204266780160286,0.007904266780160287,1
2026-04-24 20:00:00,DOWN,Moderate,73.35815495365546,CHOPPY,77688.2,77439.1,24,timeout,0.0032064071506353597,0.0019064071506353598,1
2026-04-24 22:00:00,DOWN,Moderate,69.98169018961933,CHOPPY,77294.5,77513.2,24,timeout,-0.002829438058335354,-0.004129438058335354,0
2026-04-24 23:00:00,DOWN,Strong,79.92751614009111,CHOPPY,77395.4,77585.0,24,timeout,-0.002449757995953261,-0.003749757995953261,0
2026-04-25 00:00:00,DOWN,Strong,80.46208573194741,CHOPPY,77419.9,77457.4,24,timeout,-0.0004843715892166589,-0.0017843715892166588,0
2026-04-25 01:00:00,DOWN,Strong,91.4598728347398,CHOPPY,77490.0,77417.4,24,timeout,0.0009368950832365774,-0.0003631049167634225,1
2026-04-25 02:00:00,DOWN,Strong,86.86300759656498,CHOPPY,77567.6,77480.1,24,timeout,0.0011280483088299542,-0.00017195169117004572,1
2026-04-25 03:00:00,DOWN,Strong,87.0127302562528,CHOPPY,77629.0,77349.3,24,timeout,0.0036030349482796264,0.0023030349482796265,1
2026-04-25 04:00:00,DOWN,Strong,94.5675769390745,CHOPPY,77579.5,77727.0,24,timeout,-0.0019012754658125353,-0.003201275465812535,0
2026-04-25 05:00:00,DOWN,Strong,93.50226062394509,CHOPPY,77475.8,77949.4,24,timeout,-0.0061128765369313776,-0.0074128765369313775,0
2026-04-25 06:00:00,DOWN,Moderate,84.21718541206215,CHOPPY,77458.8,77963.2,24,timeout,-0.006511848879662496,-0.007811848879662496,0
2026-04-25 07:00:00,DOWN,Moderate,86.31361632206611,CHOPPY,77449.9,78061.5,24,timeout,-0.007896717749151572,-0.00919671774915157,0
2026-04-25 08:00:00,DOWN,Moderate,77.87759492223671,CHOPPY,77603.3,77989.0,24,timeout,-0.004970149465293394,-0.006270149465293394,0
2026-04-25 10:00:00,DOWN,Strong,92.9356965690984,CHOPPY,77749.3,77961.4,24,timeout,-0.002727998837288359,-0.004027998837288359,0
2026-04-25 11:00:00,DOWN,Moderate,84.95483951335417,CHOPPY,77638.7,78050.0,24,timeout,-0.005297615750907703,-0.006597615750907703,0
2026-04-25 16:00:00,DOWN,Moderate,77.53126402560707,CHOPPY,77364.0,77890.0,24,timeout,-0.006799027971666316,-0.008099027971666315,0
2026-04-28 00:00:00,DOWN,Moderate,71.31943066305152,CHOPPY,77334.9,76470.9,24,timeout,0.011172187459995375,0.009872187459995376,1
2026-04-28 01:00:00,DOWN,Moderate,74.50511853506673,CHOPPY,77047.2,76534.9,24,timeout,0.006649170897839229,0.0053491708978392295,1
2026-04-28 23:00:00,DOWN,Moderate,74.60115243481866,CHOPPY,76298.1,77442.5715,10,sl,-0.014999999999999902,-0.0162999999999999,0
2026-04-30 13:00:00,DOWN,Moderate,79.8632191503361,CHOPPY,76370.3,77515.8545,22,sl,-0.014999999999999902,-0.0162999999999999,0
2026-04-30 19:00:00,DOWN,Moderate,80.45674115024627,CHOPPY,76366.7,77512.20049999999,16,sl,-0.014999999999999902,-0.0162999999999999,0
2026-04-30 21:00:00,DOWN,Moderate,79.60014185813809,CHOPPY,76202.8,77345.84199999999,6,sl,-0.014999999999999902,-0.0162999999999999,0
2026-04-30 22:00:00,DOWN,Moderate,75.11968457367968,CHOPPY,76197.9,77340.86849999998,5,sl,-0.014999999999999902,-0.0162999999999999,0
2026-04-30 23:00:00,DOWN,Moderate,76.93743656340337,CHOPPY,76305.4,77449.98099999999,9,sl,-0.014999999999999902,-0.0162999999999999,0
2026-05-01 13:00:00,DOWN,Strong,81.32350934372212,CHOPPY,78691.3,78332.0,24,timeout,0.004565943122047833,0.003265943122047833,1
2026-05-01 14:00:00,DOWN,Moderate,87.49245051560882,CHOPPY,78312.9,78380.9,24,timeout,-0.0008683116063892271,-0.002168311606389227,0
2026-05-01 15:00:00,DOWN,Strong,97.5,CHOPPY,78395.4,78449.8,24,timeout,-0.0006939182656127141,-0.001993918265612714,0
2026-05-01 16:00:00,DOWN,Moderate,85.73374173134157,CHOPPY,78175.4,78419.9,24,timeout,-0.003127582334084611,-0.004427582334084611,0
2026-05-01 17:00:00,DOWN,Moderate,68.15168856791587,CHOPPY,78509.2,78362.1,24,timeout,0.001873665761464749,0.000573665761464749,1
2026-05-04 03:00:00,DOWN,Moderate,65.2316324041976,TRENDING_BULL,80278.7,78472.42925,7,tp,0.022499999999999964,0.021199999999999965,1
2026-05-04 06:00:00,DOWN,Moderate,73.01683234720095,TRENDING_BULL,79824.7,81022.07049999999,21,sl,-0.014999999999999902,-0.0162999999999999,0
2026-05-04 08:00:00,DOWN,Moderate,68.62648896985345,TRENDING_BULL,79666.5,80861.4975,18,sl,-0.014999999999999902,-0.0162999999999999,0
2026-05-06 00:00:00,DOWN,Moderate,83.78767030114157,CHOPPY,80980.5,82195.20749999999,10,sl,-0.014999999999999902,-0.0162999999999999,0
2026-05-06 02:00:00,DOWN,Moderate,80.03659386303309,CHOPPY,81319.5,82539.2925,9,sl,-0.014999999999999902,-0.0162999999999999,0
2026-05-06 03:00:00,DOWN,Moderate,78.40606948583704,CHOPPY,81535.9,82758.93849999999,8,sl,-0.014999999999999902,-0.0162999999999999,0
2026-05-06 12:00:00,UP,Moderate,85.5356455724732,CHOPPY,82188.0,80955.18,11,sl,-0.015000000000000124,-0.016300000000000123,0
2026-05-06 13:00:00,UP,Moderate,82.15517234728513,CHOPPY,81621.1,80396.7835,24,sl,-0.015000000000000013,-0.016300000000000012,0
2026-05-07 10:00:00,DOWN,Moderate,74.98606189296302,CHOPPY,80800.0,80162.3,24,timeout,0.00789232673267326,0.0065923267326732605,1
2026-05-07 18:00:00,UP,Moderate,71.71359184735297,CHOPPY,80160.1,80044.4,24,timeout,-0.0014433614728526223,-0.0027433614728526222,0
2026-05-08 11:00:00,DOWN,Moderate,83.549440496009,CHOPPY,80181.9,80310.4,24,timeout,-0.0016026060744382953,-0.0029026060744382952,0
2026-05-08 15:00:00,DOWN,Moderate,89.2379707113738,CHOPPY,80119.1,80488.3,24,timeout,-0.004608139632122699,-0.0059081396321226986,0
2026-05-09 03:00:00,DOWN,Moderate,75.17753834456933,CHOPPY,80340.6,80654.0,22,timeout,-0.0039008919525120866,-0.005200891952512087,0
2026-05-09 04:00:00,DOWN,Moderate,70.05115237379172,CHOPPY,80345.0,80654.0,21,timeout,-0.003845914493745717,-0.005145914493745717,0
2026-05-09 05:00:00,DOWN,Moderate,81.6875699990012,CHOPPY,80331.4,80654.0,20,timeout,-0.0040158642822110124,-0.005315864282211012,0
2026-05-09 06:00:00,DOWN,Moderate,70.96982657187682,CHOPPY,80214.9,80654.0,19,timeout,-0.005474045345690293,-0.006774045345690293,0
