id,signal_time,anchor_ms,tier,direction,side,entry_price,actual_return_4h,fill_rate,entry_grid,entry_mkt,entry_imp_bps,pnl_mkt_bps,pnl_grid_bps,diff_bps
17,2025-11-16 07:00:00,1763280300000,Moderate,DOWN,-1,96064.8,-0.004963316428077791,0.25,96013.1296875,96016.7676,-0.3788830420916404,34.65549202679121,35.02828661389266,0.3727945871014526
18,2025-11-16 08:00:00,1763283900000,Strong,DOWN,-1,96083.5,-0.003848735735063835,1.0,96263.6565625,96035.45825000001,23.7618809404684,23.504109405341797,50.13023815409837,26.62612874875657
19,2025-11-16 11:00:00,1763294700000,Moderate,DOWN,-1,95588.0,-0.011054734903962804,0.75,95728.56550000003,95540.206,19.715207647764593,95.60014911418578,117.31878106305928,21.71863194887349
20,2025-11-16 14:00:00,1763305500000,Strong,DOWN,-1,95487.0,-0.015511011970215871,0.0,94514.01935,95439.2565,-96.94513389257186,140.1852123083135,43.76126774572603,-96.42394456258747
21,2025-11-16 16:00:00,1763312700000,Moderate,DOWN,-1,94185.4,-0.0014259110223027172,1.0,94361.99762499999,94138.3073,23.76188094046903,-0.7362579059253416,25.94733397182924,26.683591877754584
22,2025-11-16 18:00:00,1763319900000,Moderate,UP,1,94005.9,0.0016041546328475764,0.25,94238.13335624998,94052.90294999999,-19.694278479470345,1.0360283143188531,-17.891231882441645,-18.927260196760496
23,2025-11-16 19:00:00,1763323500000,Strong,UP,1,93994.5,0.002417162706328524,1.0,93818.2603125,94041.49725,23.738130934532524,9.162046040265139,36.002256293836005,26.84021025357087
24,2025-11-16 20:00:00,1763327100000,Strong,UP,1,94051.1,0.012794108734506926,1.0,93874.75418750002,94098.12555,23.73813093453061,112.87964752130998,139.9666498134687,27.087002292158733
25,2025-11-16 21:00:00,1763330700000,Moderate,UP,1,93472.9,0.01347556350557233,1.0,93297.6383125,93519.63644999999,23.738130934531835,119.69078966089258,146.79399880347862,27.10320914258603
26,2025-11-16 22:00:00,1763334300000,Strong,UP,1,94156.7,0.008341413834597189,1.0,93980.15618749999,94203.77835,23.738130934533103,68.37495087053769,95.35605595088121,26.981105080343532
27,2025-11-16 23:00:00,1763337900000,Strong,UP,1,94221.7,0.013270828269920987,1.0,94045.0343125,94268.81085,23.738130934531373,117.64446046897508,144.74280045005204,27.098339981076954
28,2025-11-17 00:00:00,1763341500000,Strong,UP,1,95254.4,-0.001958964625256021,1.0,95075.79799999998,95302.02719999998,23.738130934532904,-34.57735757377251,-7.841223546709308,26.736134027063205
29,2025-11-17 01:00:00,1763345100000,Moderate,DOWN,-1,94732.5,0.003759005621090994,1.0,94910.1234375,94685.13375000001,23.76188094046999,-52.611361891855346,-25.804797216129423,26.806564675725927
30,2025-11-17 04:00:00,1763355900000,Moderate,UP,1,95067.8,0.005359333023379209,0.5,95035.5400375,95115.3339,8.389169151620374,38.56904571093764,48.50603819226388,9.936992481326245
31,2025-11-17 06:00:00,1763363100000,Moderate,DOWN,-1,95237.3,0.0038881824663237197,1.0,95415.8699375,95189.68135000001,23.761880940468778,-53.903776551512415,-27.094148135484083,26.809628416028332
32,2025-11-17 08:00:00,1763370300000,Moderate,DOWN,-1,95577.3,-0.00307499793360988,0.75,95689.04421250001,95529.51135000002,16.69985120257778,15.762860766483028,34.641918096620266,18.879057330137236
33,2025-11-17 09:00:00,1763373900000,Moderate,DOWN,-1,95608.0,-0.01772341226675589,0.75,95728.57051250001,95560.19600000001,17.61973285404298,162.32028280896478,181.85593507065917,19.53565226169438
34,2025-11-17 10:00:00,1763377500000,Moderate,DOWN,-1,95607.6,-0.009177094707952138,1.0,95786.86425000001,95559.79620000001,23.761880940470405,76.8143542566507,103.31410812678483,26.499753870134125
35,2025-11-17 11:00:00,1763381100000,Moderate,DOWN,-1,95530.1,-0.016899385638662667,0.0,94979.38655,95482.33495,-52.674497357378286,154.0758943337934,101.99130554923535,-52.084588784558036
36,2025-11-17 12:00:00,1763384700000,Moderate,DOWN,-1,95283.4,-0.010667125648329057,0.0,93849.15195000001,95235.7583,-145.5972393932193,91.72211754206208,-54.52336982465252,-146.2454873667146
37,2025-11-17 14:00:00,1763391900000,Moderate,DOWN,-1,94730.2,-0.02349831415958159,0.75,94476.1047,94682.8349,-21.833968133542378,220.09819069116236,200.96994101170847,-19.12824967945391
38,2025-11-17 17:00:00,1763402700000,Moderate,DOWN,-1,92724.0,-0.008609421508994464,1.0,92897.85750000001,92677.638,23.761880940470938,71.13478248118594,97.64800008977768,26.51321760859175
39,2025-11-17 21:00:00,1763417100000,Moderate,DOWN,-1,91925.7,-0.0026597567383224163,1.0,92098.0606875,91879.73715,23.761880940469485,11.608371569008535,38.26269982105881,26.654328252050274
40,2025-11-17 23:00:00,1763424300000,Strong,UP,1,92169.7,-0.014731522398358732,1.0,91996.8818125,92215.78485,23.73813093453276,-162.23910443137135,-135.80673661473966,26.4323678166317
41,2025-11-18 00:00:00,1763427900000,Strong,UP,1,92120.2,-0.02247932592417301,1.0,91947.474625,92166.26009999998,23.738130934530826,-239.67842003171302,-213.43031608438895,26.248103947324083
42,2025-11-18 03:00:00,1763438700000,Moderate,DOWN,-1,90811.9,-0.0038849534036837774,0.0,89895.12995000002,90766.49405,-96.0006342781042,23.866467270472704,-72.73644081872635,-96.60290808919905
43,2025-11-18 05:00:00,1763445900000,Moderate,DOWN,-1,90185.9,0.013037514733456046,0.0,89726.71420000002,90140.80705,-45.9384449232071,-145.44286876894336,-192.2183966700929,-46.775527901149545
44,2025-11-18 08:00:00,1763456700000,Strong,UP,1,91179.9,0.0031827189983759663,1.0,91008.93768749999,91225.48994999999,23.73813093453287,16.8137830922148,43.67220035943498,26.85841726722018
45,2025-11-18 09:00:00,1763460300000,Moderate,UP,1,91361.7,0.000839520280380146,0.5,91392.12894375,91407.38084999999,1.6685639724237125,-6.606493949222274,-3.437085197074999,3.169408752147274
46,2025-11-18 10:00:00,1763463900000,Moderate,UP,1,91536.3,-0.002407787948606299,1.0,91364.66943750001,91582.06814999999,23.738130934530982,-39.06334781215549,-12.337888026112275,26.725459786043213
47,2025-11-18 13:00:00,1763474700000,Moderate,DOWN,-1,91438.4,0.019437129258604635,1.0,91609.847,91392.6808,23.761880940469403,-209.4710281000949,-182.2926189255603,27.17840917453463
48,2025-11-18 14:00:00,1763478300000,Moderate,DOWN,-1,91315.9,0.021624930598066916,1.0,91487.1173125,91270.24205,23.761880940470803,-231.3599859736545,-204.12968781601205,27.230298157642462
49,2025-11-18 15:00:00,1763481900000,Moderate,DOWN,-1,92851.4,0.0031415789099573654,1.0,93025.496375,92804.9743,23.76188094047032,-46.43400610262376,-19.642085189841413,26.791920912782345
50,2025-11-18 16:00:00,1763485500000,Moderate,DOWN,-1,93447.3,-0.007389191555026153,1.0,93622.5136875,93400.57635,23.76188094047019,58.926378739631836,85.46853704330577,26.542158303673926
51,2025-11-18 17:00:00,1763489100000,Strong,DOWN,-1,93215.7,-0.008117731240552817,1.0,93390.4794375,93169.09215,23.761880940471183,66.2154201155857,92.74029934425835,26.524879228672646
52,2025-11-18 18:00:00,1763492700000,Moderate,DOWN,-1,93290.6,-0.0018329821010906189,1.0,93465.51987500001,93243.95470000002,23.761880940469812,3.3364892555346284,30.010426461291516,26.67393720575689
53,2025-11-18 19:00:00,1763496300000,Strong,DOWN,-1,93143.1,-0.0024285212753281105,0.25,92902.39734375001,93096.52845000001,-20.85266867434976,9.294860183373284,-10.81106372544109,-20.105923908814372
54,2025-11-18 20:00:00,1763499900000,Strong,DOWN,-1,92756.8,-0.004088109982233079,0.75,92859.97658750002,92710.4216,16.131410570568935,25.89904934700412,44.19666262331829,18.297613276314173
55,2025-11-18 21:00:00,1763503500000,Strong,DOWN,-1,92459.0,-0.0005278015120215862,1.0,92632.360625,92412.7705,23.7618809404705,-9.72184580268572,16.983046907264765,26.70489270995048
56,2025-11-18 22:00:00,1763507100000,Moderate,DOWN,-1,93119.6,-0.006340233420246699,0.0,92587.0833,93073.04020000002,-52.21242359288691,48.431549977457436,-3.7482316175304633,-52.1797815949879
57,2025-11-18 23:00:00,1763510700000,Strong,DOWN,-1,92916.9,-0.011566248981616845,0.0,92180.38675,92870.44155,-74.3029524230789,100.71784874053999,26.687495238786035,-74.03035350175396
58,2025-11-19 00:00:00,1763514300000,Moderate,DOWN,-1,92377.6,-0.013610442358320651,0.75,92529.87263750001,92331.41120000002,21.4944659591637,121.17000858750154,144.587034227014,23.41702563951246
59,2025-11-19 01:00:00,1763517900000,Moderate,DOWN,-1,92410.2,-0.021583115283810628,1.0,92583.469125,92363.9949,23.76188094047003,200.93662114868178,227.1421363324839,26.205515183802092
60,2025-11-19 02:00:00,1763521500000,Moderate,DOWN,-1,92529.2,-0.017191329872083605,0.0,91729.21245,92482.9354,-81.49859719958626,156.99679711939615,76.20072372593518,-80.79607339346099
61,2025-11-19 03:00:00,1763525100000,Strong,DOWN,-1,91842.2,-0.0001698565583140299,0.25,91168.23312500001,91796.2789,-68.41734572750654,-13.303085959838512,-81.46450415709067,-68.16141819725216
62,2025-11-19 04:00:00,1763528700000,Strong,DOWN,-1,91120.3,0.0034580658755511973,0.0,90486.83395000001,91074.73985000001,-64.5520262773496,-49.60045898500378,-114.82917885314954,-65.22871986814576
63,2025-11-19 05:00:00,1763532300000,Strong,DOWN,-1,90415.7,0.01177118575645597,1.0,90585.2294375,90370.49215,23.761880940470245,-132.77324418665287,-105.77665134329087,26.996592843362006
64,2025-11-19 06:00:00,1763535900000,Moderate,DOWN,-1,90938.5,0.0036123314107885385,1.0,91109.00968750002,90893.03075,23.76188094047144,-51.143886050910965,-24.340800107682398,26.803085943228563
65,2025-11-19 09:00:00,1763546700000,Moderate,DOWN,-1,91480.0,-0.0012898994315697632,0.5,91512.38560000001,91434.26000000001,8.544455874635982,-2.097054211407266,7.933360251074985,10.03041446248225
66,2025-11-19 12:00:00,1763557500000,Moderate,DOWN,-1,91737.0,-0.020425782399686065,0.25,91293.03779999999,91691.1315,-43.41681616176938,189.35750274823536,147.3706837297284,-41.98681901850696
67,2025-11-19 17:00:00,1763575500000,Strong,UP,1,89459.9,0.012228942800070142,1.0,89292.1626875,89504.62994999999,23.73813093453216,107.2308125944055,134.30437370139225,27.073561106986734
68,2025-11-19 18:00:00,1763579100000,Strong,UP,1,89214.4,0.013673801538765185,1.0,89047.12299999999,89259.0072,23.738130934532784,121.67217929800259,148.78010308092834,27.107923782925763
69,2025-11-19 19:00:00,1763582700000,Moderate,UP,1,88857.7,0.029836468871015098,1.0,88691.0918125,88902.12885,23.73813093453174,283.21807967031606,310.71039570209166,27.492316031775577
70,2025-11-19 20:00:00,1763586300000,Strong,UP,1,89472.8,0.026570086104380275,0.0,90454.4046,89517.5364,-104.65750485063586,250.57057575592464,144.2982241906213,-106.27235156530331
71,2025-11-19 21:00:00,1763589900000,Strong,UP,1,90553.9,0.022109483964798837,1.0,90384.11143749999,90599.17695,23.73813093453327,205.98684622487534,233.2953935108211,27.308547285945785
72,2025-11-19 22:00:00,1763593500000,Strong,UP,1,90434.3,0.023460125195860382,0.0,91346.95065,90479.51715,-95.87070392539106,219.48650870425146,122.34698491820923,-97.13952378604222
73,2025-11-20 03:00:00,1763611500000,Strong,DOWN,-1,92404.6,-0.001484774567499958,1.0,92577.85862500001,92358.39770000002,23.76188094046938,-0.1473279889932836,26.534867797879336,26.682195786872615
74,2025-11-20 05:00:00,1763618700000,Strong,DOWN,-1,92581.7,-0.00764297912006362,0.75,92498.819475,92535.40915,-3.9541268943543835,61.46552396261825,59.7881024910092,-1.6774214716090523
75,2025-11-20 06:00:00,1763622300000,Moderate,DOWN,-1,91938.1,-0.0018284041110269156,1.0,92110.4839375,91892.13095,23.76188094046968,3.290686453496169,29.96473223732389,26.674045783827722
76,2025-11-20 07:00:00,1763625900000,Moderate,DOWN,-1,92267.4,-0.004062106442795477,0.25,92066.81654999999,92221.2663,-16.74773685036835,25.63888386989077,9.67283849147414,-15.966045378416629
77,2025-11-20 08:00:00,1763629500000,Moderate,DOWN,-1,92082.3,-0.0030950573562997796,0.0,91583.48535,92036.25885000001,-49.195122189607574,15.963555340668865,-33.346419846643265,-49.309975187312126
78,2025-11-20 09:00:00,1763633100000,Moderate,DOWN,-1,91874.1,-0.004292831167870048,0.5,91834.89463125,91828.16295000001,0.7330737143960372,27.947285321361804,30.17752368816247,2.2302383668006653
79,2025-11-20 10:00:00,1763636700000,Moderate,DOWN,-1,91770.0,-0.0076876975046311635,0.75,91897.47713749998,91724.115,18.900388136748816,61.91293151206803,82.89200274547868,20.979071233410643
80,2025-11-20 16:00:00,1763658300000,Moderate,DOWN,-1,87855.5,-0.016193636141163537,0.0,87393.4814,87811.57225000001,-47.61227242460719,147.0148688460602,99.9259789872613,-47.08888985879889
81,2025-11-20 17:00:00,1763661900000,Moderate,UP,1,87186.1,0.0005608692211258592,1.0,87022.6260625,87229.69305,23.73813093453298,-9.391611982750371,17.404450556051092,26.79606253880146
82,2025-11-20 18:00:00,1763665500000,Moderate,UP,1,86445.7,0.018371069931760742,1.0,86283.6143125,86488.92284999999,23.738130934532006,168.6213886232964,195.8410262418107,27.2196376185143
83,2025-11-20 19:00:00,1763669100000,Strong,UP,1,86880.3,-0.0032113148780563705,1.0,86717.3994375,86923.74015,23.73813093453204,-47.094601479823105,-20.38825175259984,26.70634972722327
84,2025-11-20 20:00:00,1763672700000,Strong,UP,1,86432.8,0.009453587064169877,0.0,87660.4083,86476.0164,-136.96189409576024,79.49112507915972,-56.82938489119675,-136.32050997035645
85,2025-11-20 21:00:00,1763676300000,Strong,UP,1,87235.0,-0.0024944116467015,0.0,87656.90655,87278.6175,-43.342695019201784,-39.92915189106872,-82.95563751559352,-43.026485624524796
86,2025-11-20 22:00:00,1763679900000,Strong,UP,1,88033.8,-0.029958947586040896,1.0,87868.736625,88077.8169,23.738130934532762,-314.43725723179347,-288.36703905864437,26.070218173149147
87,2025-11-21 00:00:00,1763687100000,Strong,UP,1,87249.9,-0.014135259753879192,1.0,87086.3064375,87293.52494999999,23.738130934532276,-156.2794578098872,-129.8329092436244,26.446548566262784
88,2025-11-21 08:00:00,1763715900000,Moderate,UP,1,83609.6,-0.004419348974280424,1.0,83452.83200000001,83651.4048,23.738130934532073,-59.168905290159344,-32.49128590387485,26.677619386284494
89,2025-11-21 09:00:00,1763719500000,Moderate,UP,1,82188.7,0.022831605804690902,1.0,82034.5961875,82229.79435,23.7381309345315,213.2044558189997,240.53017712902488,27.32572131002517
90,2025-11-21 11:00:00,1763726700000,Moderate,UP,1,82279.1,0.0076082504548542484,1.0,82124.82668750001,82320.23955,23.738130934531114,61.0469810580146,88.01064951638519,26.963668458370588
91,2025-11-21 13:00:00,1763733900000,Moderate,UP,1,84065.2,0.009248773570990076,1.0,83907.57775,84107.23259999999,23.73813093453175,77.44401370305087,104.44669826915607,27.0026845661052
92,2025-11-21 18:00:00,1763751900000,Moderate,UP,1,84534.2,-0.0034530403079463534,1.0,84375.698375,84576.4671,23.738130934531217,-49.5106477555849,-22.810046917434395,26.7006008381505
93,2025-11-21 20:00:00,1763759100000,Strong,UP,1,84529.0,0.0019650060925837654,0.5,84863.66513750001,84571.26449999999,-34.574466780027535,4.642739556061642,-28.363051781568714,-33.005791337630356
94,2025-11-21 21:00:00,1763762700000,Strong,UP,1,85142.4,7.047017702266345e-06,1.0,84982.758,85184.97119999999,23.738130934530833,-14.927066289830577,11.855824848613752,26.78289113844433
95,2025-11-21 23:00:00,1763769900000,Strong,UP,1,85093.5,-0.007984158602008296,1.0,84933.9496875,85136.04675,23.73813093453156,-94.79918642686897,-68.20634792243814,26.592838504430823
96,2025-11-22 01:00:00,1763777100000,Moderate,UP,1,85143.0,-0.010488237435843262,1.0,84983.356875,85185.57149999999,23.73813093453194,-119.82746062811717,-93.29417593831636,26.533284689800805
97,2025-11-22 02:00:00,1763780700000,Moderate,UP,1,84492.0,0.0012486389243953067,1.0,84333.57749999998,84534.246,23.73813093453443,-2.5173520800060882,24.295067495509688,26.812419575515776
98,2025-11-22 04:00:00,1763787900000,Moderate,UP,1,84206.7,-0.0027004977038643796,1.0,84048.8124375,84248.80334999999,23.738130934530734,-41.98898254736867,-15.27048419651282,26.718498350855853
99,2025-11-22 09:00:00,1763805900000,Moderate,UP,1,83898.5,0.00011323206016800036,1.0,83741.1903125,83940.44924999999,23.73813093453217,-13.865746525056938,12.9196699828979,26.78541650795484
100,2025-11-22 10:00:00,1763809500000,Moderate,DOWN,-1,83666.1,0.009387314575437289,1.0,83822.9739375,83624.26695,23.76188094047042,-108.92260705790201,-81.98255346662296,26.940053591279057
101,2025-11-22 12:00:00,1763816700000,Moderate,DOWN,-1,83845.2,0.009714330695138162,1.0,84002.40974999999,83803.2774,23.76188094046848,-112.19440415345744,-85.24659458653275,26.94780956692469
102,2025-11-22 14:00:00,1763823900000,Strong,UP,1,84451.5,0.0020520653866420435,1.0,84293.1534375,84493.72575,23.73813093453192,5.5128974177121215,32.34442466266266,26.831527244950536
103,2025-11-22 16:00:00,1763831100000,Strong,UP,1,84659.7,-0.002752194964073862,1.0,84500.9630625,84702.02984999999,23.738130934531867,-42.505696792341354,-15.788427943131762,26.71726884920959
104,2025-11-22 17:00:00,1763834700000,Strong,DOWN,-1,84515.5,-0.001721577698765353,0.75,84649.49075000001,84473.24225000001,20.86441757241791,2.221887931620173,25.267416587353978,23.045528655733804
105,2025-11-22 18:00:00,1763838300000,Moderate,UP,1,84624.8,0.004677115928191311,0.5,84592.20167499999,84667.1124,8.84767684601097,31.750284139843615,42.14276807050213,10.39248393065851
106,2025-11-22 19:00:00,1763841900000,Moderate,UP,1,84566.7,0.0014509257189887492,1.0,84408.1374375,84608.98335,23.738130934531977,-0.4954950625802831,26.321735443844872,26.817230506425158
107,2025-11-22 20:00:00,1763845500000,Strong,UP,1,84426.7,0.005950724119265782,0.75,84303.77906249999,84468.91334999999,19.54971136135698,44.480001192063696,66.42472199394973,21.944720801886035
108,2025-11-22 21:00:00,1763849100000,Moderate,DOWN,-1,84370.0,0.017393623325826724,1.0,84528.19375,84327.815,23.761880940470647,-189.02574613133254,-161.89580362646683,27.129942504865724
109,2025-11-22 22:00:00,1763852700000,Strong,UP,1,85020.6,0.010912649404967611,1.0,84861.186375,85063.1103,23.738130934532208,94.07445682126603,121.11671288633801,27.042256065071978
110,2025-11-22 23:00:00,1763856300000,Moderate,UP,1,84689.4,0.018557222037232535,0.0,85259.30834999999,84731.7447,-62.26280974950778,170.48197938263445,107.48765846046275,-62.99432092217169
111,2025-11-23 00:00:00,1763859900000,Strong,UP,1,84929.1,0.01848836264601883,0.0,85710.33374999999,84971.56455,-86.94310901681465,169.79372959539174,82.05030659444985,-87.74342300094189
112,2025-11-23 01:00:00,1763863500000,Strong,UP,1,85837.5,0.005566331731469365,0.75,85791.4573875,85880.41875,10.358748105194945,40.63799831553637,53.30999693348512,12.671998617948743
113,2025-11-23 02:00:00,1763867100000,Strong,UP,1,85948.4,-0.0014962465851603435,0.5,86147.954275,85991.37419999999,-18.208811808941334,-29.95248960679921,-46.59194051810738,-16.63945091130817
114,2025-11-23 03:00:00,1763870700000,Strong,UP,1,86261.0,-0.006132551210860093,0.5,86285.91936249999,86304.1305,2.110111925640627,-76.29236592563774,-72.69580003231954,3.596565893318202
115,2025-11-23 04:00:00,1763874300000,Strong,UP,1,86499.3,-0.004616222327810782,1.0,86337.1138125,86542.54965,23.738130934532858,-61.13665495063223,-34.46371774888659,26.67293720174564
116,2025-11-23 05:00:00,1763877900000,Moderate,DOWN,-1,86315.3,0.00038116069804527974,0.5,86048.12068125,86272.14235000001,-25.966860523895047,-18.81601498794679,-43.37343086336371,-24.557415875416915
117,2025-11-23 08:00:00,1763888700000,Strong,UP,1,86100.0,0.0044727061556331105,0.25,86246.40885,86143.04999999999,-11.9985129386548,29.707207952355706,18.425488542964267,-11.281719409391437
118,2025-11-23 09:00:00,1763892300000,Strong,UP,1,86348.2,0.0062502750491613135,1.0,86186.297125,86391.37409999999,23.73813093453147,47.47401348487266,74.4053855895943,26.93137210472165
119,2025-11-23 10:00:00,1763895900000,Moderate,DOWN,-1,86023.9,0.005676329485178044,1.0,86185.19481249999,85980.88805,23.76188094046985,-71.79419194775379,-44.94215331431595,26.852038633437843
120,2025-11-23 11:00:00,1763899500000,Strong,UP,1,86290.3,0.00872056302968005,0.0,86625.8913,86333.44515,-33.87402755582069,72.16454802278945,38.12749326366815,-34.0370547591213
121,2025-11-23 12:00:00,1763903100000,Strong,UP,1,86485.1,0.0018766238346257236,0.75,86469.2502,86528.34255,6.829247880931041,3.759358666924214,12.852676626424506,9.093317959500292
122,2025-11-23 13:00:00,1763906700000,Strong,UP,1,86887.9,-0.0021694620309616885,1.0,86724.98518749999,86931.34395,23.738130934533572,-36.68127966978253,-9.950151844324694,26.73112782545784
123,2025-11-23 15:00:00,1763913900000,Strong,UP,1,87042.8,0.002687183776257207,1.0,86879.59475,87086.3214,23.738130934532375,11.860907308917099,38.70753939894423,26.846632090027125
124,2025-11-23 19:00:00,1763928300000,Strong,UP,1,87276.7,-0.005373713717406803,0.25,87298.99234375,87320.33834999999,2.4445629338304538,-68.7077832824263,-65.52697760994519,3.1808056724811142
125,2025-11-23 21:00:00,1763935500000,Strong,UP,1,87945.0,-0.01036329524134394,1.0,87780.103125,87988.97249999999,23.73813093453214,-118.57866308189736,-92.04240692642595,26.536256155471406
126,2025-11-23 23:00:00,1763942700000,Moderate,DOWN,-1,86807.7,0.006924500937128819,1.0,86970.46443749999,86764.29615,23.761880940469887,-84.28215044651101,-57.400508418004364,26.88164202850665
127,2025-11-24 05:00:00,1763964300000,Moderate,DOWN,-1,87425.3,-0.017290189453167515,0.0,86756.7999,87381.58735,-71.5010414605387,157.98588747541268,87.1796909258753,-70.80619654953738
128,2025-11-24 06:00:00,1763967900000,Moderate,DOWN,-1,86862.1,-0.009728063217444682,1.0,87024.9664375,86818.66895,23.761880940469396,82.32679557223281,108.81348189589107,26.48668632365826
129,2025-11-24 07:00:00,1763971500000,Moderate,DOWN,-1,87004.6,-0.008874243430807227,0.0,86479.23875,86961.09770000001,-55.41086333366384,73.7843264713082,18.531558969117782,-55.25276750219042
130,2025-11-24 09:00:00,1763978700000,Strong,DOWN,-1,85913.7,0.0023395570205915206,1.0,86074.7881875,85870.74315,23.761880940471087,-38.40977509346293,-11.636876063296674,26.77289903016626
131,2025-11-24 10:00:00,1763982300000,Strong,DOWN,-1,86017.1,0.0012892785271765295,1.0,86178.38206250001,85974.09145,23.76188094047033,-27.901736139834814,-1.1537469961470213,26.74798914368779
132,2025-11-24 17:00:00,1764007500000,Moderate,UP,1,88314.9,0.004511130058461266,0.5,88478.44711874999,88359.05745,-13.511876676316291,30.091254957133476,18.04351301337789,-12.047741943755586
133,2025-11-24 19:00:00,1764014700000,Moderate,DOWN,-1,88277.0,-0.0003387065713605919,1.0,88442.519375,88232.8615,23.761880940470736,-11.613741156973218,15.095636395364462,26.709377552337678
134,2025-11-24 20:00:00,1764018300000,Moderate,DOWN,-1,89018.7,-0.010793237825310942,0.0,88859.54800000001,88974.19065,-12.88493316572746,92.98387018820384,80.21517867725541,-12.76869151094843
135,2025-11-24 21:00:00,1764021900000,Moderate,DOWN,-1,88713.3,-0.011563091441756823,1.0,88879.6374375,88668.94335,23.761880940470235,100.68625754634093,127.12942175178316,26.443164205442233
136,2025-11-24 22:00:00,1764025500000,Moderate,DOWN,-1,88584.7,-0.008131200986174814,0.0,88038.85855,88540.40765000001,-56.646350893552025,66.35018495422683,9.816084950820875,-56.53410000340596
137,2025-11-24 23:00:00,1764029100000,Moderate,DOWN,-1,88247.1,-0.00534861768828665,0.0,87970.29285000001,88202.97645000002,-26.380470293075227,38.510432098917065,12.188496102068699,-26.321935996848367
138,2025-11-25 00:00:00,1764032700000,Moderate,DOWN,-1,88057.9,0.002736835650180236,0.25,87830.51963125002,88013.87105,-20.83210482195718,-42.384548776188915,-62.5777465186857,-20.193197742496785
139,2025-11-25 01:00:00,1764036300000,Moderate,DOWN,-1,87687.5,0.004456735566642944,1.0,87851.9140625,87643.65625,23.761880940470235,-59.59215174230056,-32.7690387188316,26.823113023468956
140,2025-11-25 02:00:00,1764039900000,Moderate,DOWN,-1,87864.4,0.0011312886675378664,0.5,87957.57475,87820.4678,15.61218625164295,-26.321047198977045,-9.20775598550745,17.113291213469594
141,2025-11-25 04:00:00,1764047100000,Moderate,DOWN,-1,88298.9,-0.01495262115383078,0.0,88049.3533,88254.75055,-23.27322310923404,134.59851079370495,111.60830941616882,-22.990201377536128
142,2025-11-25 05:00:00,1764050700000,Strong,DOWN,-1,88078.3,-0.010036524319838147,0.0,87919.2184,88034.26085,-13.067917977527735,85.41294967321839,72.45278031270522,-12.960169360513168
143,2025-11-25 06:00:00,1764054300000,Strong,DOWN,-1,87963.8,-0.006880102951441369,0.0,87377.2895,87919.8181,-61.707202280938866,53.832945987407385,-7.861057477642045,-61.69400346504943
144,2025-11-25 07:00:00,1764057900000,Strong,DOWN,-1,87362.2,-0.0005757638887299299,0.75,87350.1369375,87318.5189,3.6210002068657707,-9.241982103752644,-3.372566965479227,5.869415138273417
145,2025-11-25 08:00:00,1764061500000,Strong,DOWN,-1,86978.6,0.005656563798451586,0.75,87078.22227500001,86935.1107,16.4618844846082,-71.59643620261717,-52.81037385109197,18.786062351525196
146,2025-11-25 09:00:00,1764065100000,Moderate,DOWN,-1,87194.3,-0.0019095284898209552,0.75,87329.42032500001,87150.70285,20.506716429770275,4.102336066243047,26.78822593548868,22.68588986924563
147,2025-11-25 11:00:00,1764072300000,Moderate,DOWN,-1,87311.9,-0.004184996546862441,1.0,87475.6098125,87268.24405,23.761880940470817,26.868399668458082,53.48655318140929,26.61815351295121
148,2025-11-25 16:00:00,1764090300000,Strong,UP,1,87081.0,0.0028685936082497587,0.25,87579.74377499998,87124.54049999999,-52.24742333074258,13.674099032983099,-37.67481197930154,-51.34891101228464
149,2025-11-25 17:00:00,1764093900000,Strong,UP,1,87581.1,-0.006709210092131768,1.0,87416.88543750001,87624.89055,23.738130934531387,-82.05607288487467,-55.432912632504376,26.62316025237029
150,2025-11-25 19:00:00,1764101100000,Moderate,UP,1,86835.0,0.0056325214487247255,0.5,86932.2262125,86878.4175,-6.193564989832142,41.29956470489462,36.5780803130589,-4.721484391835722
151,2025-11-25 20:00:00,1764104700000,Strong,UP,1,87330.8,0.0023577019791412024,1.0,87167.05475000001,87374.4654,23.738130934531668,8.567735923449963,35.40653203898372,26.838796115533757
152,2025-11-25 22:00:00,1764111900000,Strong,UP,1,87606.2,0.0007567957518987978,1.0,87441.938375,87650.00309999999,23.73813093453151,-7.433325818101102,19.367396387214647,26.80072220531575
153,2025-11-25 23:00:00,1764115500000,Moderate,UP,1,87324.1,-0.002697995169718359,0.0,87476.9166,87367.76205,-12.493687309687934,-41.96396971232764,-54.4021823238334,-12.43821261150576
154,2025-11-26 00:00:00,1764119100000,Strong,UP,1,87536.7,-0.003960624515203293,0.75,87517.2723375,87580.46835,7.215765534324137,-54.583953175445146,-45.14517111981265,9.438782055632492
155,2025-11-26 01:00:00,1764122700000,Strong,UP,1,87878.7,-0.0045380735035908115,1.0,87713.9274375,87922.63935,23.738130934533036,-60.35555725727921,-33.68076146365189,26.674795793627318
156,2025-11-26 03:00:00,1764129900000,Moderate,UP,1,87088.5,0.009274473667590932,0.75,87068.31993750001,87132.04424999999,7.313533505209875,77.70088623279436,87.33395971051932,9.633073477724976
157,2025-11-26 13:00:00,1764165900000,Strong,UP,1,87082.0,0.031125835419489656,1.0,86918.72125,87125.541,23.738130934532172,296.105301544125,323.6282822240666,27.522980679941593
158,2025-11-26 14:00:00,1764169500000,Moderate,UP,1,86858.1,0.037363239582721475,1.0,86695.2410625,86901.52905,23.73813093453188,358.4481717413443,386.11949488011436,27.671323138770063
159,2025-11-26 16:00:00,1764176700000,Moderate,UP,1,87778.9,0.023150210358070078,0.25,89263.31715624999,87822.78945,-164.0266399270008,216.38890912613672,52.1058694879452,-164.28303963819155
160,2025-11-26 18:00:00,1764183900000,Moderate,DOWN,-1,90103.4,0.0025204376305445475,0.0,89530.81220000001,90058.3483,-58.57714581247578,-40.219486048469115,-99.31984200183376,-59.10035595336465
161,2025-11-26 19:00:00,1764187500000,Strong,DOWN,-1,89923.3,0.005724878868991645,0.5,89905.97375625,89878.33835,3.07475713918654,-72.27992865424402,-67.68697295829244,4.592955695951577
162,2025-11-26 20:00:00,1764191100000,Strong,DOWN,-1,89811.0,0.006854394227878702,1.0,89979.395625,89766.0945,23.761880940470025,-83.58073264510955,-56.70075336622553,26.879979278884026
163,2025-11-26 21:00:00,1764194700000,Moderate,DOWN,-1,90142.8,0.010561020957857936,1.0,90311.81775000002,90097.7286,23.761880940471826,-120.66554234975473,-93.6976514820494,26.967890867705332
164,2025-11-26 22:00:00,1764198300000,Moderate,DOWN,-1,90330.5,0.011124703173346795,0.75,90391.795025,90285.33475000001,11.79153572335737,-126.3051843256304,-112.14055610512358,14.16462822050683
165,2025-11-26 23:00:00,1764201900000,Moderate,DOWN,-1,90438.1,0.006758213628990317,1.0,90607.6714375,90392.88095,23.761880940469673,-82.61844551265872,-55.74074738854942,26.877698124109298
166,2025-11-27 00:00:00,1764205500000,Moderate,DOWN,-1,90426.6,0.008917729959989629,1.0,90596.149875,90381.38670000002,23.76188094046863,-104.22441180579747,-77.2954955457479,26.928916260049572
167,2025-11-27 01:00:00,1764209100000,Moderate,DOWN,-1,91094.8,-0.0017871492115906218,1.0,91265.60275,91049.2526,23.761880940470057,2.8779310814471275,29.552955324672467,26.67502424322534
168,2025-11-27 02:00:00,1764212700000,Moderate,DOWN,-1,91335.4,-0.0014977763276887712,0.75,91375.26115,91289.7323,9.3689452083104,-0.017245345783811674,11.583586331424662,11.600831677208474
169,2025-11-27 03:00:00,1764216300000,Moderate,DOWN,-1,91049.3,0.0034289115896553035,0.75,91169.984475,91003.77535000001,18.263981286573504,-49.308770281692404,-28.756422903637905,20.5523473780545
170,2025-11-27 04:00:00,1764219900000,Moderate,DOWN,-1,91233.0,0.0022711080420461105,1.0,91404.06187500001,91187.38350000001,23.76188094047058,-37.72494289190634,-10.953667294283264,26.771275597623077
171,2025-11-27 05:00:00,1764223500000,Strong,DOWN,-1,90932.0,0.006505960497954488,1.0,91102.4975,90886.534,23.761880940470018,-80.09465230569708,-53.2229369727206,26.87171533297648
172,2025-11-27 06:00:00,1764227100000,Strong,DOWN,-1,91198.6,0.00402857061402262,0.75,91314.01148750001,91153.0007,17.663794528270568,-55.30836032038717,-35.345821100740366,19.962539219646807
173,2025-11-27 07:00:00,1764230700000,Moderate,DOWN,-1,91361.5,-0.00029115108661748046,0.25,91411.01138124999,91315.81925,10.424495123827166,-12.089533900775217,-0.9237185050324417,11.165815395742776
174,2025-11-27 08:00:00,1764234300000,Moderate,DOWN,-1,91440.2,-0.005310574561297909,1.0,91611.650375,91394.4799,23.761880940469325,38.12981051823896,64.72126823503824,26.591457716799283
175,2025-11-27 09:00:00,1764237900000,Strong,DOWN,-1,91523.6,-0.007756469369649022,0.5,91521.56645000001,91477.83820000001,4.780201506773267,62.600994193587724,68.84422360294029,6.24322940935256
176,2025-11-27 10:00:00,1764241500000,Moderate,DOWN,-1,91566.0,-0.008970578599043266,0.0,91266.34400000001,91520.217,-27.739553982918586,74.74816007046817,47.167185309844996,-27.58097476062318
177,2025-11-27 11:00:00,1764245100000,Strong,DOWN,-1,91334.9,-0.00462035870187627,0.25,90972.57239375,91289.23255,-34.68756910367958,31.22419911832268,-2.6906170805272227,-33.914816198849906
178,2025-11-27 12:00:00,1764248700000,Strong,DOWN,-1,90954.6,0.005007992998704802,0.0,90775.9893,90909.1227,-14.64466887875996,-65.10748372891278,-79.85445213980222,-14.746968410889426
179,2025-11-27 13:00:00,1764252300000,Strong,DOWN,-1,90813.7,0.006797432545970539,0.25,90647.72194375,90768.29315,-13.283405698809835,-83.01083087514269,-95.65901717707239,-12.648186301929698
180,2025-11-27 14:00:00,1764255900000,Strong,DOWN,-1,90744.6,0.0109813696903176,1.0,90914.746125,90699.22770000002,23.76188094046885,-124.87113246941,-97.89327201814267,26.97786045126733
181,2025-11-27 15:00:00,1764259500000,Strong,DOWN,-1,90912.9,0.0063368344866350235,1.0,91083.3616875,90867.44355,23.761880940470718,-78.40254613942022,-51.53484203752966,26.86770410189056
182,2025-11-27 16:00:00,1764263100000,Moderate,DOWN,-1,91410.1,-0.00024614347867468744,0.5,91449.36030625002,91364.39495000002,9.299613519741532,-12.539835130817508,-1.7465021031107204,10.793333027706788
183,2025-11-27 22:00:00,1764284700000,Moderate,DOWN,-1,91285.0,-0.002731007284877074,0.75,91346.1001,91239.3575,11.699183655474313,12.321233465503214,26.23066251982212,13.909429054318906
184,2025-11-28 02:00:00,1764299100000,Moderate,UP,1,91035.7,0.0024122404726938385,0.25,91159.69763124999,91081.21784999999,-8.616461560631596,9.11284830278882,1.237350357034797,-7.875497945754022
185,2025-11-28 03:00:00,1764302700000,Moderate,UP,1,91168.0,-0.003266497016497061,0.0,91486.7205,91213.58399999999,-29.944717444718304,-47.64614709142346,-77.38906987052823,-29.742922779104774
186,2025-11-28 04:00:00,1764306300000,Moderate,UP,1,91381.4,0.002938234695463171,0.25,91422.47097499999,91427.09069999999,0.5052906052928614,14.370161873695944,15.626709475747678,1.2565476020517334
187,2025-11-28 05:00:00,1764309900000,Moderate,UP,1,91576.6,-0.00017253315803389402,1.0,91404.89387500001,91622.3883,23.738130934532418,-16.721970595041025,10.056649637731887,26.778620232772912
188,2025-11-28 06:00:00,1764313500000,Moderate,UP,1,91255.3,0.005999651527089478,1.0,91084.1963125,91300.92765,23.738130934532073,44.969030755518254,71.89444235030217,26.92541159478392
189,2025-11-28 08:00:00,1764320700000,Moderate,DOWN,-1,91649.9,-0.0019803622262545284,0.5,91574.24276875,91604.07505,-3.2566543828660515,4.811027776433542,3.0581374794755205,-1.7528902969580216
190,2025-11-28 09:00:00,1764324300000,Moderate,DOWN,-1,91560.8,0.008392237726188467,1.0,91732.4765,91515.01960000001,23.76188094046915,-98.96686069222925,-72.05040774735791,26.916452944871338
191,2025-11-28 13:00:00,1764338700000,Moderate,UP,1,92329.2,-0.018506604627788414,1.0,92156.08275,92375.36459999999,23.738130934531096,-199.97106074750872,-173.62847466788637,26.342586079622365
192,2025-11-28 14:00:00,1764342300000,Moderate,UP,1,92202.1,-0.01533913001981524,1.0,92029.2210625,92248.20105,23.738130934533018,-168.31214412608867,-141.89422687353934,26.41791725254935
193,2025-11-28 15:00:00,1764345900000,Moderate,UP,1,92299.9,-0.01293392517218317,1.0,92126.83768750001,92346.04994999999,23.738130934530098,-144.27211566399873,-117.79699608950115,26.475119574497583
194,2025-11-28 17:00:00,1764353100000,Moderate,UP,1,90620.5,0.0023317019879607326,0.75,90583.456275,90665.81025,9.083244805611926,8.307865946633767,19.66601338836574,11.358147441731973
195,2025-11-28 18:00:00,1764356700000,Strong,UP,1,90787.8,0.003146898592101488,0.0,90971.86319999999,90833.1939,-15.26636838870356,16.455758041994997,1.1723335573067062,-15.283424484688291
196,2025-11-28 19:00:00,1764360300000,Strong,UP,1,91106.1,-0.0028351559335764165,1.0,90935.27606250001,91151.65305000001,23.73813093453271,-43.334891889819126,-16.619596078411075,26.715295811408055
197,2025-11-28 20:00:00,1764363900000,Strong,UP,1,91147.6,-0.003402174056146401,1.0,90976.69825000002,91193.1738,23.738130934531448,-49.00223944174253,-22.30042886558766,26.701810576154873
198,2025-11-28 21:00:00,1764367500000,Moderate,UP,1,90831.8,8.146926516916508e-05,0.5,90892.55961249999,90877.2159,-1.6884003705477673,-14.183215740437149,-14.370624914456824,-0.18740917401967488
199,2025-11-28 22:00:00,1764371100000,Strong,UP,1,91073.5,-0.003536703871049318,0.75,90926.54857500001,91119.03675,21.124913285476683,-50.34686527785371,-27.012644161132318,23.334221116721395
200,2025-11-28 23:00:00,1764374700000,Strong,UP,1,90847.8,-0.0023093569684681237,0.25,90905.65436249998,90893.2239,-1.3675895701152043,-38.07952991972125,-38.69309288316256,-0.6135629634413091
201,2025-11-29 00:00:00,1764378300000,Moderate,UP,1,90837.5,0.0002432915921288803,0.25,90808.23389375,90882.91875,8.217700011972214,-12.565801178121964,-3.593452785338384,8.97234839278358
202,2025-11-29 01:00:00,1764381900000,Moderate,UP,1,90839.2,-0.0013947723009449797,1.0,90668.8765,90884.61959999999,23.738130934531902,-28.93825388250741,-2.1887018253720707,26.74955205713534
203,2025-11-29 02:00:00,1764385500000,Moderate,UP,1,90751.4,-0.0026236509849985046,0.5,90639.7485625,90796.77569999998,17.29435173103692,-41.22089940028354,-22.450674456339932,18.770224943943614
204,2025-11-29 03:00:00,1764389100000,Moderate,UP,1,90638.0,-0.0012632670623800024,0.25,90756.07013749998,90683.31899999999,-8.022549053369843,-27.62385869445169,-34.87584928452959,-7.251990590077901
205,2025-11-29 11:00:00,1764417900000,Moderate,DOWN,-1,90633.7,0.004372545752849177,0.25,90572.10349375,90588.38315000001,-1.7971019775304655,-58.749832444712446,-59.80601985456859,-1.0561874098561403
206,2025-11-29 12:00:00,1764421500000,Moderate,DOWN,-1,90572.5,0.00430152640150161,0.5,90657.37560625,90527.21375000001,14.37820196360494,-58.03928365684356,-42.11275259869695,15.926531058146612
207,2025-11-29 13:00:00,1764425100000,Moderate,DOWN,-1,90738.5,-0.003937689073546524,0.0,90603.67550000001,90693.13075000001,-9.863508874402712,24.394087779356326,14.554798552296587,-9.839289227059739
208,2025-11-29 17:00:00,1764439500000,Strong,DOWN,-1,90381.2,0.006514629148539841,1.0,90550.66475,90336.0094,23.761880940470338,-80.18138217648615,-53.30946124556238,26.87192093092377
209,2025-11-29 18:00:00,1764443100000,Strong,DOWN,-1,90652.9,0.0007092988751600249,0.5,90560.83925625001,90607.57355,-5.1578794044410765,-22.09903827073422,-25.765823178552633,-3.6667849078184145
210,2025-11-29 20:00:00,1764450300000,Strong,DOWN,-1,90921.7,-0.0007489961142388424,0.25,90862.82310625,90876.23915000001,-1.4762983014587514,-7.508793254237271,-8.234941702812021,-0.7261484485747502
211,2025-11-30 00:00:00,1764464700000,Strong,DOWN,-1,90853.6,-0.0004997050199442299,0.5,90936.4645,90808.1732,14.127726115296097,-10.00295127619552,5.604847896302893,15.607799172498412
212,2025-11-30 08:00:00,1764493500000,Moderate,DOWN,-1,91132.5,0.0032908128274764525,1.0,91303.3734375,91086.93375000001,23.761880940469656,-47.92709182067324,-21.131631465765178,26.795460354908062
213,2025-11-30 09:00:00,1764497100000,Moderate,DOWN,-1,91353.5,0.00408741865391038,0.0,91220.86675,91307.82325,-9.523444640873118,-55.89713510665773,-65.47340954201223,-9.576274435354506
214,2025-11-30 12:00:00,1764507900000,Moderate,DOWN,-1,91432.4,0.0039045239980575186,1.0,91603.83575,91386.6838,23.76188094047018,-54.06727361738399,-27.257257622533107,26.81001599485088
215,2025-11-30 17:00:00,1764525900000,Moderate,UP,1,91444.1,-0.0033353710080803456,1.0,91272.64231250001,91489.82205,23.738130934531405,-48.3345428093984,-21.63114347481972,26.70339933457868
216,2025-11-30 18:00:00,1764529500000,Moderate,UP,1,91420.3,-0.002640551387383394,0.5,91450.91073125001,91466.01015,1.6508229368731382,-41.38981896435193,-38.24390621974078,3.1459127446111563
217,2025-11-30 19:00:00,1764533100000,Moderate,UP,1,91423.2,-0.012060396048267696,1.0,91251.7815,91468.91159999999,23.738130934532172,-135.541189887733,-109.04529541157413,26.49589447615886
218,2025-11-30 20:00:00,1764536700000,Moderate,UP,1,91272.7,-0.04713348021916741,1.0,91101.56368749999,91318.33635,23.738130934533487,-486.09675381476666,-460.4349928031793,25.661761011587377
219,2025-11-30 21:00:00,1764540300000,Moderate,UP,1,91139.1,-0.04394491497063291,1.0,90968.21418750001,91184.66955,23.738130934532418,-454.22703618823454,-428.4894424108493,25.73759377738523
220,2025-11-30 22:00:00,1764543900000,Moderate,UP,1,91178.9,-0.04928004176404832,1.0,91007.93956249999,91224.48945,23.738130934533263,-507.5516418195737,-481.9409318877726,25.610709931801132
221,2025-11-30 23:00:00,1764547500000,Moderate,UP,1,90320.6,-0.044302185769359514,1.0,90151.248875,90365.7603,23.738130934531593,-457.7979587142363,-432.0688618094874,25.729096904748978
222,2025-12-01 00:00:00,1764551100000,Moderate,UP,1,86970.7,-0.013832244652509429,0.0,87292.2243,87014.18534999999,-31.95329001606478,-153.25082111453548,-184.64605951162648,-31.395238397090992
223,2025-12-01 01:00:00,1764554700000,Moderate,UP,1,87134.0,-0.013394312208781955,1.0,86970.62375,87177.567,23.73813093453235,-148.8736852451963,-122.40951492830989,26.464170316886413
224,2025-12-01 02:00:00,1764558300000,Moderate,UP,1,86685.6,-0.005718366141550746,1.0,86523.06450000001,86728.9428,23.73813093453235,-72.15258512294585,-45.5058599028255,26.64672522012035
225,2025-12-01 03:00:00,1764561900000,Moderate,UP,1,86319.2,0.0019508985254730327,1.0,86157.35149999999,86362.3596,23.738130934533473,4.501734387536314,31.330855608997695,26.82912122146138
226,2025-12-01 04:00:00,1764565500000,Moderate,UP,1,85767.7,0.012164252976353707,0.75,85760.8967625,85810.58385,5.790321574650635,106.58423764471556,114.69545907770777,8.111221432992206
227,2025-12-01 05:00:00,1764569100000,Strong,UP,1,85966.9,0.008051936268494098,0.0,86122.23959999999,86009.88345,-13.06316733533399,65.48162187400476,52.33702264287373,-13.144599231131028
228,2025-12-01 06:00:00,1764572700000,Strong,UP,1,86189.9,0.004746495819115681,0.5,86340.00413125,86232.99495,-12.409308213410624,32.443736322996294,21.49720365501611,-10.946532667980183
229,2025-12-01 07:00:00,1764576300000,Strong,UP,1,86487.6,-0.004480411064707535,0.5,86560.7727,86530.8438,-3.458755131196233,-59.77922103655674,-61.719568822078635,-1.9403477855218891
230,2025-12-01 08:00:00,1764579900000,Strong,UP,1,86811.0,-0.016297473822441844,1.0,86648.229375,86854.4055,23.738130934532524,-177.89079282800418,-151.49566760117057,26.395125226833603
231,2025-12-01 09:00:00,1764583500000,Strong,UP,1,86659.1,-0.008261105873474395,0.75,86520.21480000002,86702.42955,21.01610657806355,-97.56727509719519,-74.44132772426022,23.12594737293498
232,2025-12-01 10:00:00,1764587100000,Moderate,UP,1,86599.0,-0.006717167634730181,1.0,86436.62687499999,86642.2995,23.738130934533487,-82.13560854302936,-55.51263754269267,26.62297100033668
233,2025-12-01 13:00:00,1764597900000,Strong,UP,1,85943.2,-0.01210566979121086,1.0,85782.05649999999,85986.17159999999,23.738130934532208,-135.99370106157676,-109.49888331832994,26.494817743246813
234,2025-12-01 14:00:00,1764601500000,Strong,UP,1,86017.3,-0.00997590019682093,1.0,85856.0175625,86060.30864999999,23.738130934532077,-114.70664864388618,-88.16117917916972,26.545469464716465
235,2025-12-01 16:00:00,1764608700000,Strong,UP,1,84540.3,0.0110456196630484,0.25,84862.82956874999,84582.57015,-33.134417440020606,95.40349488304369,62.780408879404526,-32.623086003639166
236,2025-12-01 17:00:00,1764612300000,Moderate,UP,1,84902.8,0.01739989729431768,0.75,84806.01626250001,84945.2514,16.391161978477033,158.91451568533444,177.8599138801335,18.945398194799047
237,2025-12-01 18:00:00,1764615900000,Strong,UP,1,85159.2,0.015958346250317,1.0,84999.5265,85201.7796,23.73813093453123,144.50620939847164,171.66846587668812,27.1622564782165
238,2025-12-01 19:00:00,1764619500000,Moderate,UP,1,84985.0,0.014786138730364273,0.0,85879.41825,85027.4925,-100.19415190916156,132.78999230748957,32.17328870878831,-100.61670359870126
239,2025-12-01 20:00:00,1764623100000,Moderate,UP,1,85474.1,0.011674881630809653,0.0,86783.5701,85516.83705,-148.12674248690482,101.6929698231862,-45.90196849944956,-147.59493832263576
240,2025-12-01 21:00:00,1764626700000,Moderate,UP,1,86380.1,0.00034498686618777974,0.5,86393.12621875,86423.29005,3.490243339792863,-11.549356659791014,-6.558435666799878,4.9909209929911365
241,2025-12-01 22:00:00,1764630300000,Moderate,UP,1,86518.2,-0.00019649044940828198,1.0,86355.97837499999,86561.4591,23.738130934532883,-16.96142378219173,9.816626680944092,26.77805046313582
242,2025-12-02 00:00:00,1764637500000,Strong,DOWN,-1,86472.0,0.005237533536867289,1.0,86634.13500000001,86428.76400000001,23.761880940470135,-67.40403738736609,-40.562405857689335,26.841631529676746
243,2025-12-02 01:00:00,1764641100000,Moderate,DOWN,-1,86409.9,0.006466851599180146,1.0,86571.9185625,86366.69505,23.76188094047031,-79.70336767563997,-52.83257990448116,26.87078777115881
244,2025-12-02 02:00:00,1764644700000,Strong,DOWN,-1,86501.2,0.006271589295871127,1.0,86663.38975,86457.9494,23.761880940470743,-77.74976784263333,-50.88361118773449,26.866156654898845
245,2025-12-02 03:00:00,1764648300000,Moderate,DOWN,-1,86936.0,0.00033357872457906446,1.0,87099.005,86892.532,23.761880940470018,-18.339957224401456,8.385365194470895,26.725322418872352
246,2025-12-02 04:00:00,1764651900000,Strong,DOWN,-1,86924.9,-0.0056013869443622966,0.5,86919.28043125001,86881.43755,4.355692345471099,41.03938913819254,46.87096359543425,5.831574457241702
247,2025-12-02 05:00:00,1764655500000,Strong,DOWN,-1,86968.7,-0.0026940726951191207,0.5,86943.70381875001,86925.21565,2.12690513469166,11.951702802592253,15.573487734816602,3.62178493222435
248,2025-12-02 06:00:00,1764659100000,Strong,DOWN,-1,87043.7,0.0022758683282075864,0.0,86801.9773,87000.17815,-22.78166024652081,-37.772569566858515,-60.6696637197462,-22.897094152887682
249,2025-12-02 07:00:00,1764662700000,Strong,DOWN,-1,86965.0,0.004161444259184632,0.0,86622.86690000001,86921.5175,-34.35865003162118,-56.63776147258271,-91.27566371276336,-34.63790224018065
250,2025-12-02 08:00:00,1764666300000,Strong,DOWN,-1,86438.0,0.009111733265461996,1.0,86600.07125000001,86394.781,23.76188094047087,-106.16541536230102,-79.23189784615766,26.93351751614335
251,2025-12-02 09:00:00,1764669900000,Strong,DOWN,-1,86734.4,0.011032531498459841,1.0,86897.027,86691.0328,23.76188094047035,-125.3830064878408,-98.40393261095124,26.97907387688957
252,2025-12-02 10:00:00,1764673500000,Strong,DOWN,-1,87241.8,0.022733368637510853,1.0,87405.378375,87198.17910000001,23.761880940469286,-242.44991133077258,-215.1933238928091,27.256587437963464
253,2025-12-02 11:00:00,1764677100000,Strong,DOWN,-1,87326.9,0.039876601596987804,0.5,87215.35910625,87283.23655,-7.776687303651094,-413.96799996986147,-420.5651374457778,-6.5971374759163375
254,2025-12-02 12:00:00,1764680700000,Strong,DOWN,-1,87225.6,0.03999169968449623,1.0,87389.14800000002,87181.98720000002,23.76188094046998,-415.1195566232718,-387.4536462582263,27.66591036504555
255,2025-12-02 13:00:00,1764684300000,Moderate,DOWN,-1,87691.3,0.042492242674016634,1.0,87855.7211875,87647.45435000001,23.76188094046933,-440.1374954879091,-412.4122787175707,27.725216770338456
256,2025-12-02 14:00:00,1764687900000,Moderate,DOWN,-1,89225.1,0.0300352703443314,1.0,89392.39706250001,89180.48745000002,23.761880940469375,-315.50545617139915,-288.07568653106864,27.429769640330523
257,2025-12-02 15:00:00,1764691500000,Moderate,DOWN,-1,90809.2,0.011460292569475339,1.0,90979.46725,90763.7954,23.761880940470103,-129.6627570732891,-102.6735378113563,26.9892192619328
258,2025-12-02 16:00:00,1764695100000,Moderate,DOWN,-1,90713.9,0.0028904059907026713,1.0,90883.9885625,90668.54305,23.761880940471286,-43.92102041723481,-17.135056675758097,26.78596374147671
259,2025-12-02 17:00:00,1764698700000,Moderate,DOWN,-1,91417.5,0.0009046407963464453,1.0,91588.90781250001,91371.79125000001,23.761880940470167,-24.05343468080339,2.685431851814794,26.738866532618186
260,2025-12-02 18:00:00,1764702300000,Moderate,DOWN,-1,91905.0,0.0003013981829063095,1.0,92077.321875,91859.0475,23.76188094046954,-18.017990824476062,8.70656835526935,26.72455917974541
261,2025-12-02 19:00:00,1764705900000,Moderate,DOWN,-1,91849.9,-0.006541106740453606,0.0,91154.10015,91803.97505,-70.78940750071533,50.441288048560146,-20.42189543242476,-70.8631834809849
262,2025-12-02 20:00:00,1764709500000,Moderate,DOWN,-1,90976.1,0.007080980609192933,1.0,91146.68018750001,90930.61195,23.761880940470597,-85.84772995690777,-58.96237663573693,26.885353321170843
263,2025-12-02 22:00:00,1764716700000,Moderate,DOWN,-1,91932.7,0.009262210290788886,0.0,91374.88970000001,91886.73365000001,-55.70379201306988,-107.67093837707682,-164.23387154031192,-56.56293316323509
264,2025-12-02 23:00:00,1764720300000,Moderate,DOWN,-1,91249.1,0.014686172247178275,1.0,91420.19206250002,91203.47545000001,23.761880940471066,-161.93769131744028,-134.87196254201444,27.065728775425846
265,2025-12-03 02:00:00,1764731100000,Moderate,DOWN,-1,92784.2,0.006486018093597945,0.0,92754.3996,92737.8079,1.7890977127576135,-79.89512850023004,-78.09384813267772,1.8012803675523243
266,2025-12-03 04:00:00,1764738300000,Moderate,DOWN,-1,93302.2,-0.006017007101654537,1.0,93477.141625,93255.54890000001,23.761880940469695,45.197669851472604,71.77237281751349,26.57470296604089
267,2025-12-03 05:00:00,1764741900000,Moderate,DOWN,-1,93591.0,-0.004903249244051167,1.0,93766.483125,93544.2045,23.76188094046935,34.054519700362754,60.65563811903851,26.601118418675753
268,2025-12-03 06:00:00,1764745500000,Moderate,DOWN,-1,93386.0,-0.00520527702225182,0.0,92845.9538,93339.307,-52.85588846293852,37.07630837670634,-15.810290894980414,-52.886599271686755
269,2025-12-03 09:00:00,1764756300000,Moderate,DOWN,-1,93132.1,-0.0005851902834790312,0.5,93043.21280625001,93085.53395000001,-4.546479130982034,-9.147671000709128,-12.195830433284819,-3.0481594325756913
270,2025-12-03 10:00:00,1764759900000,Moderate,DOWN,-1,92899.9,-0.0064574881135500695,0.5,92909.04116875,92853.45005,5.986973959510118,49.60468347724033,57.05241137875967,7.447727901519347
271,2025-12-03 11:00:00,1764763500000,Moderate,DOWN,-1,92957.7,-0.006721336694001767,0.25,92920.78018125,92911.22115,1.028834960049274,52.24448918460948,54.016815033547005,1.7723258489375262
272,2025-12-03 12:00:00,1764767100000,Moderate,DOWN,-1,92882.3,-0.007212353699251772,1.0,93056.4543125,92835.85885,23.761880940470377,57.15711555029255,83.70346799003622,26.546352439743657
273,2025-12-03 13:00:00,1764770700000,Moderate,DOWN,-1,93077.6,-0.0016985826879937216,1.0,93252.1205,93031.06120000001,23.76188094046954,1.9918227913335902,28.668947603181262,26.677124811847673
274,2025-12-03 14:00:00,1764774300000,Strong,DOWN,-1,92300.0,0.003085590465872201,1.0,92473.0625,92253.85,23.761880940469602,-45.873841579511,-19.08324856765752,26.79059301185348
275,2025-12-03 19:00:00,1764792300000,Strong,UP,1,92995.8,0.004095883900133046,0.75,92896.52606250001,93042.2979,15.667265404028328,25.940868567046863,43.93911668203091,17.998248114984044
276,2025-12-03 20:00:00,1764795900000,Strong,UP,1,92928.2,0.0009222173678171686,0.25,93349.70097499999,92974.6641,-40.33753481449692,-5.779936353651734,-45.22236750548742,-39.442431151835684
277,2025-12-03 21:00:00,1764799500000,Strong,UP,1,93645.0,-0.005285920230658325,1.0,93469.41562500001,93691.8225,23.738130934531245,-67.83028716300132,-41.17327720133681,26.657009961664514
278,2025-12-03 22:00:00,1764803100000,Strong,UP,1,93738.4,0.001682341495054418,1.0,93562.6405,93785.2692,23.73813093453285,1.817506197445626,28.6402404012969,26.822734203851276
279,2025-12-03 23:00:00,1764806700000,Strong,UP,1,93376.7,0.0013193869562748706,1.0,93201.6186875,93423.38835,23.738130934532233,-1.8102253245880717,25.003876831808775,26.814102156396846
280,2025-12-04 00:00:00,1764810300000,Moderate,UP,1,93013.9,0.0032672536040312394,0.0,93415.58445,93060.40694999999,-38.1663385795032,17.65870668696864,-20.467680588386713,-38.126387275355356
281,2025-12-04 02:00:00,1764817500000,Strong,UP,1,93896.1,-0.008445505191376435,1.0,93720.0448125,93943.04805,23.73813093453284,-99.4103467403932,-72.82848031435269,26.5818664260405
282,2025-12-04 03:00:00,1764821100000,Strong,UP,1,93499.9,-0.001511231562814408,1.0,93324.5876875,93546.64994999999,23.738130934532307,-30.102264495895614,-3.3554821571887143,26.7467823387069
283,2025-12-04 04:00:00,1764824700000,Moderate,UP,1,93317.8,-0.0010405303168313784,1.0,93142.829125,93364.4589,23.73813093453209,-25.397604366130025,1.3603725301803522,26.757976896310378
284,2025-12-04 07:00:00,1764835500000,Moderate,UP,1,93358.6,-0.004966869683135866,1.0,93183.55262500001,93405.2793,23.73813093453097,-64.64137614328621,-37.97677829065459,26.664597852631616
285,2025-12-04 08:00:00,1764839100000,Moderate,UP,1,93220.7,-0.0029263886668948746,0.0,93478.61594999999,93267.31034999999,-22.655912259831453,-44.24676328730339,-66.77404876039975,-22.52728547309636
286,2025-12-04 09:00:00,1764842700000,Strong,UP,1,93408.6,-0.009936986530148295,1.0,93233.45887500001,93455.3043,23.738130934531902,-114.31770644825875,-87.771311510566,26.54639493769274
287,2025-12-04 10:00:00,1764846300000,Strong,UP,1,93210.7,-0.014497262653322074,1.0,93035.92993750001,93257.30535,23.738130934530936,-159.89767769437285,-133.4597385429899,26.437939151382935
288,2025-12-04 14:00:00,1764860700000,Moderate,DOWN,-1,91859.4,0.002547371308760926,1.0,92031.636375,91813.4703,23.761880940470345,-40.48895756639244,-13.711129719385296,26.77782784700715
289,2025-12-04 15:00:00,1764864300000,Moderate,DOWN,-1,92933.5,-0.010674299364599404,0.75,92837.65293750001,92887.03325000001,-5.316168551437471,91.79389059129066,88.77903850373258,-3.014852087558084
290,2025-12-04 18:00:00,1764875100000,Moderate,UP,1,92093.4,0.002194511224474338,1.0,91920.72487499999,92139.44669999999,23.738130934532798,6.936643922782983,33.77155891771515,26.834914994932163
291,2025-12-04 19:00:00,1764878700000,Moderate,UP,1,91941.5,0.0010136880516415925,1.0,91769.10968750001,91987.47075,23.738130934531167,-4.865686640262527,21.941145163597515,26.80683180386004
292,2025-12-05 02:00:00,1764903900000,Strong,UP,1,92476.1,-0.0026006719574031,1.0,92302.7073125,92522.33805,23.738130934533093,-40.99122396204944,-14.270351483060853,26.720872478988586
293,2025-12-05 03:00:00,1764907500000,Moderate,DOWN,-1,92104.9,0.0013310909625872114,0.75,92185.7855125,92058.84755,13.788784660926394,-28.32006966070195,-12.275045511961025,16.045024148740925
294,2025-12-05 09:00:00,1764929100000,Strong,DOWN,-1,91086.4,-0.007166821830701275,1.0,91257.187,91040.8568,23.76188094047147,56.7015690915585,83.24900142933394,26.547432337775444
295,2025-12-05 10:00:00,1764932700000,Strong,UP,1,91240.1,-0.01089542865472537,0.5,91267.31531875,91285.72005,2.016167615254984,-123.897337878314,-120.4037319310936,3.4936059472204066
296,2025-12-05 13:00:00,1764943500000,Moderate,UP,1,90433.6,-0.012764061145415062,1.0,90264.03700000001,90478.8168,23.738130934531554,-142.57432429200352,-116.09516488831628,26.479159403687245
297,2025-12-05 14:00:00,1764947100000,Strong,UP,1,90246.0,-0.014971300667065646,1.0,90076.78875,90291.12299999999,23.73813093453111,-164.63568882624247,-138.20902358988823,26.426665236354232
298,2025-12-05 15:00:00,1764950700000,Strong,UP,1,90414.0,-0.00910810272745366,1.0,90244.47375,90459.207,23.738130934531657,-106.03301076915199,-79.46690271713226,26.56610805201973
299,2025-12-05 16:00:00,1764954300000,Moderate,UP,1,88757.5,0.005749373292397886,0.5,89151.17388125,88801.87874999999,-39.33420510543063,42.467499174392636,4.581837700236304,-37.88566147415633
300,2025-12-05 17:00:00,1764957900000,Strong,UP,1,89279.3,-0.0015031479861512542,1.0,89111.9013125,89323.93965,23.738130934532137,-30.021469126949157,-3.2744945387734257,26.746974588175732
301,2025-12-05 18:00:00,1764961500000,Strong,UP,1,88894.9,0.003424268433847244,0.25,89298.38610624998,88939.34744999999,-40.36893304752841,19.228070303321793,-20.34606909715922,-39.574139400481016
302,2025-12-05 19:00:00,1764965100000,Strong,UP,1,89590.5,-0.0033708931192480973,1.0,89422.51781249998,89635.29525,23.73813093453445,-48.68958639928121,-21.987031877248985,26.70255452203223
303,2025-12-05 20:00:00,1764968700000,Strong,UP,1,89267.8,0.0012815371276091447,1.0,89100.422875,89312.4339,23.73813093453271,-2.1885344566795584,24.624667527706528,26.813201984386083
304,2025-12-05 21:00:00,1764972300000,Strong,UP,1,89145.1,0.0016893805716746702,1.0,88977.95293750001,89189.67255,23.73813093453162,1.887861785853605,28.710763398116878,26.82290161226327
305,2025-12-05 22:00:00,1764975900000,Strong,UP,1,89199.3,0.0017410450530441768,1.0,89032.0513125,89243.89964999999,23.738130934531878,2.404248406239801,29.22837874058065,26.824130334340847
306,2025-12-05 23:00:00,1764979500000,Moderate,UP,1,89288.5,0.003897478398674048,1.0,89121.0840625,89333.14425,23.73813093453266,23.957805084199418,50.83322127663513,26.87541619243571
307,2025-12-06 00:00:00,1764983100000,Moderate,UP,1,89382.2,0.002573219276321259,0.75,89259.751275,89426.8911,18.69010796909959,10.721831847289128,31.735739089070158,21.01390724178103
308,2025-12-06 02:00:00,1764990300000,Moderate,UP,1,89354.6,0.0032287089864426743,0.0,89693.22419999998,89399.2773,-32.88023224321756,17.273453137857715,-15.588404302227225,-32.86185744008494
309,2025-12-06 03:00:00,1764993900000,Moderate,UP,1,89636.5,-0.0009694711417781443,0.5,89627.34801875,89681.31825,6.018001552960138,-24.687367733913838,-17.174586548485706,7.512781185428134
310,2025-12-06 04:00:00,1764997500000,Moderate,UP,1,89612.2,-0.0041724229513391276,0.5,89575.1416625,89657.0061,9.130846663415449,-56.70087907385476,-46.10436838259692,10.59651069125784
311,2025-12-06 08:00:00,1765011900000,Strong,DOWN,-1,89238.3,0.003250846329434731,1.0,89405.62181250002,89193.68085,23.761880940471542,-47.52722690780059,-20.732714454742744,26.794512453057845
312,2025-12-06 11:00:00,1765022700000,Moderate,DOWN,-1,89585.4,0.001428804247120663,0.0,89503.72575,89540.6073,-4.118974743653042,-29.29769131686366,-33.42631530062271,-4.128623983759051
313,2025-12-06 13:00:00,1765029900000,Moderate,DOWN,-1,89619.5,0.0004708796634660395,1.0,89787.5365625,89574.69025,23.761880940470014,-19.71365346139139,7.01492538025111,26.728578841642502
314,2025-12-06 15:00:00,1765037100000,Strong,DOWN,-1,89713.4,-0.0038344327603234696,0.75,89807.2863125,89668.5433,15.47287458833911,23.361008107289127,41.00843937387273,17.64743126658361
315,2025-12-06 16:00:00,1765040700000,Strong,DOWN,-1,89660.8,-0.0016874710018202066,0.5,89662.082375,89615.96960000001,5.145597956012838,1.8806503433748778,8.51749178229457,6.636841438919692
316,2025-12-06 17:00:00,1765044300000,Moderate,DOWN,-1,89661.7,-0.003171922905766844,0.25,89510.48066875,89616.86915,-11.871479360870273,16.73259535534619,5.628779306621266,-11.103816048724925
317,2025-12-06 18:00:00,1765047900000,Moderate,DOWN,-1,89610.0,-0.004072090168507958,0.25,89354.89233750002,89565.195,-23.48040022689518,25.738771070615226,3.0372217321147095,-22.701549338500513
318,2025-12-06 22:00:00,1765062300000,Moderate,DOWN,-1,89245.1,0.0037537074864615327,0.25,89268.39651875,89200.47745,7.6142046199321145,-52.55835404163686,-44.167562475153254,8.390791566483614
319,2025-12-06 23:00:00,1765065900000,Strong,DOWN,-1,89197.1,0.005364524182961183,1.0,89364.3445625,89152.50145000001,23.761880940469283,-68.67457911917009,-41.82993570017363,26.84464341899646
320,2025-12-07 00:00:00,1765069500000,Moderate,DOWN,-1,89354.3,0.001576868712529711,0.5,89383.67249375,89309.62285000001,8.291339878833934,-30.779076663627716,-20.977391355540778,9.801685308086938
321,2025-12-07 11:00:00,1765109100000,Moderate,DOWN,-1,89109.4,0.004439486743261778,1.0,89276.480125,89064.8453,23.76188094047035,-59.41957722122706,-32.59687329518785,26.822703926039207
322,2025-12-07 12:00:00,1765112700000,Moderate,DOWN,-1,89428.8,0.004702064659259708,0.0,88841.75690000001,89384.0856,-60.673966328520365,-62.046669927560025,-123.40873201484328,-61.362062087283256
323,2025-12-07 14:00:00,1765119900000,Strong,DOWN,-1,88187.5,0.03560708717221828,1.0,88352.8515625,88143.40625,23.761880940470235,-371.251497470919,-343.6895787620047,27.561918708914266
324,2025-12-07 15:00:00,1765123500000,Moderate,DOWN,-1,89505.0,0.020945198592257297,1.0,89672.821875,89460.2475,23.761880940469847,-224.55926555535015,-197.34508888092114,27.214176674428998
325,2025-12-07 17:00:00,1765130700000,Moderate,UP,1,90904.2,-0.007865423159766016,0.0,91425.68999999999,90949.65209999999,-52.340815935896885,-93.61242538496694,-145.24535609192458,-51.632930706957644
326,2025-12-07 18:00:00,1765134300000,Moderate,UP,1,91327.6,-0.01944428628366457,0.5,91285.20319999999,91373.2638,9.637458085415531,-209.34319124102447,-198.38873763058967,10.954453610434802
327,2025-12-07 21:00:00,1765145100000,Strong,DOWN,-1,90189.2,0.007538596639065531,0.0,89458.94815,90144.1054,-76.00688330753614,-90.4261794803951,-167.6311681683918,-77.2049886879967
328,2025-12-07 22:00:00,1765148700000,Strong,DOWN,-1,89551.8,0.019823163800169352,1.0,89719.709625,89507.02410000001,23.761880940469506,-213.3333046540204,-186.14573973968226,27.187564914338164
329,2025-12-07 23:00:00,1765152300000,Moderate,UP,1,90345.4,0.007681630719438948,1.0,90176.002375,90390.57269999999,23.738130934532,61.780416985897084,88.74583062681455,26.965413640917475
330,2025-12-08 00:00:00,1765155900000,Moderate,UP,1,90302.7,0.010464803377972176,0.0,90871.31294999999,90347.85135,-57.93846695613698,89.59823466239129,31.41978780554413,-58.17844685684717
331,2025-12-08 01:00:00,1765159500000,Strong,UP,1,90869.1,0.0046385404939632835,0.25,91121.98081874999,90914.53455,-22.817723236090732,31.364722578344782,9.254775657304616,-22.109946921040166
332,2025-12-08 02:00:00,1765163100000,Strong,UP,1,91327.0,0.001178183888663975,1.0,91155.761875,91372.6635,23.738130934532585,-3.221550338190014,23.589193624687027,26.810743962877044
333,2025-12-08 03:00:00,1765166700000,Moderate,UP,1,91039.4,0.005276836183015332,0.0,91101.3279,91084.91969999998,-1.801417847659349,37.74448958536207,35.934796961395236,-1.8096926239668338
334,2025-12-08 11:00:00,1765195500000,Moderate,DOWN,-1,91923.5,-0.021875798897996623,0.0,91797.2784,91877.53825,-8.735524648213154,203.86492144068652,195.30874475250127,-8.556176688185243
335,2025-12-08 12:00:00,1765199100000,Moderate,DOWN,-1,91729.5,-0.019626183506941675,1.0,91901.4928125,91683.63525,23.761880940469574,181.35751382633023,207.6094423649821,26.251928538651853
336,2025-12-08 13:00:00,1765202700000,Moderate,DOWN,-1,91424.0,-0.013255819040951966,1.0,91595.42,91378.288,23.761880940469993,117.622001410225,144.02501849983244,26.403017089607456
337,2025-12-08 15:00:00,1765209900000,Moderate,DOWN,-1,89912.6,0.001790627787429111,1.0,90081.18612500001,89867.64370000002,23.761880940469382,-32.91773674266155,-6.157856892617417,26.759879850044133
338,2025-12-08 17:00:00,1765217100000,Moderate,UP,1,90212.1,0.011596005413907706,1.0,90042.95231250001,90257.20605000001,23.738130934532247,100.904601838157,127.96310997026984,27.058508132112824
339,2025-12-08 18:00:00,1765220700000,Moderate,UP,1,89873.5,0.01018208926991826,0.0,90403.67925,89918.43675,-53.96473932805639,86.77250644596114,32.57799607199115,-54.19451037396998
340,2025-12-08 19:00:00,1765224300000,Moderate,DOWN,-1,90073.6,0.005964011652692891,1.0,90242.48800000001,90028.5632,23.761880940471116,-74.6724527533056,-47.81359104372109,26.858861709584517
341,2025-12-08 21:00:00,1765231500000,Moderate,UP,1,91258.2,-0.013591107429250182,1.0,91087.090875,91303.82909999999,23.738130934532045,-150.8406539655185,-124.38116397495502,26.4594899905635
342,2025-12-09 01:00:00,1765245900000,Strong,DOWN,-1,90017.9,-0.0017807569383421207,1.0,90186.6835625,89972.89105,23.76188094046904,2.813976371608413,29.489152223003288,26.675175851394876
343,2025-12-09 02:00:00,1765249500000,Moderate,UP,1,90026.1,0.0010963487255362114,0.75,90036.2989875,90071.11305,3.8651751178725084,-4.039492998137989,2.0794813864221586,6.118974384560148
344,2025-12-09 10:00:00,1765278300000,Moderate,UP,1,90255.7,0.0007910857707602581,0.5,90275.61914375,90300.82784999999,2.791636228614293,-7.090596993899112,-2.7973687980986526,4.2932281958004594
345,2025-12-09 12:00:00,1765285500000,Moderate,UP,1,90532.7,0.03992038235908146,1.0,90362.9511875,90577.96634999999,23.738130934531114,384.006820180726,411.7389591392007,27.732138958474692
346,2025-12-09 13:00:00,1765289100000,Moderate,UP,1,90385.0,0.038717707584223104,1.0,90215.52812499998,90430.19249999999,23.738130934533572,371.9860828008312,399.68961887762805,27.703536076796876
347,2025-12-09 14:00:00,1765292700000,Moderate,UP,1,90327.1,0.039414527865945015,0.0,93095.5245,90372.26355,-301.3381366168067,378.95080325782095,75.04979205525645,-303.90101120256446
348,2025-12-09 15:00:00,1765296300000,Moderate,DOWN,-1,92676.9,0.011707340232571362,1.0,92850.66918749998,92630.56155,23.761880940468398,-132.13446956049418,-105.13939096765145,26.995078592842724
349,2025-12-09 16:00:00,1765299900000,Moderate,DOWN,-1,94146.8,-0.011382224356005777,1.0,94323.32525000001,94099.72660000001,23.761880940470224,98.87668190100902,125.32413580542334,26.447453904414314
350,2025-12-09 17:00:00,1765303500000,Strong,DOWN,-1,93884.5,-0.013775436839946975,0.75,93960.7933,93837.55775,13.132859907577634,122.82077878886507,138.0122112264571,15.191432437592043
351,2025-12-09 18:00:00,1765307100000,Strong,DOWN,-1,93887.3,-0.0112400718734057,1.0,94063.3386875,93840.35635,23.761880940470004,97.4544459570354,123.90527135027487,26.450825393239466
352,2025-12-09 19:00:00,1765310700000,Strong,DOWN,-1,93761.9,-0.011982479023995851,0.0,92947.10320000001,93715.01905,-81.94159887971449,104.8822313556376,23.212783332877237,-81.66944802276036
353,2025-12-09 20:00:00,1765314300000,Strong,DOWN,-1,93075.2,-0.010644081344976963,0.25,92763.59555000001,93028.6624,-28.49303033728112,91.49155922938446,63.9571181559556,-27.53444107342887
354,2025-12-09 21:00:00,1765317900000,Strong,DOWN,-1,92591.2,-0.0034787323201339593,1.0,92764.8085,92544.9044,23.761880940470206,19.802224313497007,46.43712858524291,26.634904271745906
355,2025-12-09 22:00:00,1765321500000,Moderate,DOWN,-1,92832.0,-0.0040330920372284584,0.25,92698.1772375,92785.584,-9.420295560138149,25.348594669619878,16.702747364558903,-8.645847305060974
356,2025-12-09 23:00:00,1765325100000,Moderate,DOWN,-1,92638.4,-0.002940465293010175,0.25,92239.92095,92592.0808,-38.03347402470259,14.416861360782391,-22.918599094782756,-37.33546045556515
357,2025-12-10 00:00:00,1765328700000,Strong,DOWN,-1,92084.5,0.004591435040641967,0.75,92152.09675000001,92038.45775,12.34690397667057,-60.93982031657706,-46.29532479750405,14.644495519073017
358,2025-12-10 01:00:00,1765332300000,Moderate,DOWN,-1,92269.1,0.002595668539088436,0.75,92389.62996250001,92222.96545000002,18.071909929024326,-40.972171476620844,-20.62699036659032,20.34518111003052
359,2025-12-10 02:00:00,1765335900000,Moderate,DOWN,-1,92457.6,0.0020593223272071803,0.0,92374.7895,92411.37120000001,-3.9585712802419417,-35.60602628521449,-39.57630555683171,-3.970279271617227
360,2025-12-10 03:00:00,1765339500000,Moderate,DOWN,-1,92366.0,0.004099993504103283,0.75,92499.595375,92319.81700000001,19.473432773376746,-56.02294651428815,-34.24791320776279,21.775033306525362
361,2025-12-10 07:00:00,1765353900000,Strong,DOWN,-1,92744.7,-0.007107683781391261,0.0,92535.60905,92698.32765,-17.553563707684365,56.10989276029366,38.64171259269398,-17.468180167599687
362,2025-12-10 08:00:00,1765357500000,Moderate,DOWN,-1,92565.0,-0.006621293145357199,1.0,92738.559375,92518.7175,23.761880940470046,51.2435532301875,77.80392409589241,26.56037086570491
363,2025-12-10 09:00:00,1765361100000,Moderate,DOWN,-1,92870.1,-0.008781082393579887,0.75,92813.17003750001,92823.66495,-1.1306289732959378,72.8522500608289,73.98086181557107,1.128611754742182
364,2025-12-10 10:00:00,1765364700000,Strong,DOWN,-1,92230.5,-0.004732707726836538,0.5,92163.17013125002,92184.38475000001,-2.301324547267135,32.348251394064,31.55614506578774,-0.7921063282762594
365,2025-12-10 12:00:00,1765371900000,Moderate,DOWN,-1,91952.1,0.0018988147089624707,0.75,92048.64980000001,91906.12395000001,15.507764213573436,-34.00014716320639,-16.229233554165972,17.770913609040417
366,2025-12-10 13:00:00,1765375500000,Moderate,DOWN,-1,92054.6,0.003195929372350692,0.25,91979.16886250001,92008.5727,-3.1957715066255505,-46.97778261481483,-49.43639677561732,-2.4586141608024925
367,2025-12-10 16:00:00,1765386300000,Moderate,UP,1,92126.7,0.003065343706005086,0.25,92282.34290625,92172.76335,-11.888496370008573,15.64061675167587,4.48579059200807,-11.1548261596678
368,2025-12-10 18:00:00,1765393500000,Moderate,UP,1,92448.8,0.00025311307448006026,1.0,92275.45850000001,92495.0244,23.738130934531313,-12.467635437479565,14.321107821966459,26.788743259446022
369,2025-12-10 19:00:00,1765397100000,Moderate,UP,1,92913.8,-0.010077082198769238,1.0,92739.586625,92960.2569,23.73813093453239,-115.717963006188,-89.1748999250509,26.543063081137102
370,2025-12-10 22:00:00,1765407900000,Moderate,UP,1,92472.2,-0.02636251759988406,1.0,92298.814625,92518.43609999999,23.73813093453194,-278.4909305335737,-252.33517946032936,26.15575107324436
371,2025-12-10 23:00:00,1765411500000,Moderate,UP,1,91977.5,-0.02331439754287723,1.0,91805.0421875,92023.48874999999,23.738130934531284,-248.02496294729795,-221.79671927741816,26.22824366987981
372,2025-12-11 04:00:00,1765429500000,Moderate,UP,1,90386.6,-0.0025899856837187096,1.0,90217.125125,90431.7933,23.73813093453261,-40.88441462987164,-14.163288002190807,26.721126627680835
373,2025-12-11 05:00:00,1765433100000,Moderate,UP,1,90262.0,-0.0007312047151625256,1.0,90092.75875,90307.131,23.738130934532773,-22.305894204522335,4.459439297057425,26.76533350157976
374,2025-12-11 06:00:00,1765436700000,Moderate,UP,1,90252.1,0.0003002700214176368,0.75,90114.47422500001,90297.22605,20.23891906699218,-11.9963016350047,10.529613393592365,22.525915028597066
375,2025-12-11 07:00:00,1765440300000,Moderate,UP,1,90231.4,-0.00040008245466649495,1.0,90062.21612499999,90276.51569999999,23.738130934532435,-18.996326383472297,7.776882107286829,26.773208490759124
376,2025-12-11 08:00:00,1765443900000,Moderate,UP,1,90152.5,-0.0016827043065915648,0.0,90258.50669999998,90197.57625,-6.755220321120911,-31.816134998416363,-38.552067768697164,-6.735932770280798
377,2025-12-11 09:00:00,1765447500000,Strong,UP,1,90196.0,-0.0014756751962393677,0.25,90302.0563,90241.098,-6.755048569998386,-29.746878523131883,-35.73403699750549,-5.987158474373608
378,2025-12-11 10:00:00,1765451100000,Moderate,UP,1,90279.2,-0.008470389635707898,0.5,90174.74965,90324.33959999999,16.561421944788194,-99.65906682366622,-81.71890579820399,17.94016102546222
379,2025-12-11 11:00:00,1765454700000,Strong,DOWN,-1,90195.3,-0.004048991466295893,0.5,90125.93483125002,90150.20235,-2.6918984225646,25.50766849720787,24.324606125188243,-1.183062372019628
380,2025-12-11 12:00:00,1765458300000,Moderate,UP,1,90000.8,-0.0032955262619888126,0.5,89979.628225,90045.8004,7.348724172149144,-47.93629447265102,-39.11006479280728,8.826229679843745
381,2025-12-11 13:00:00,1765461900000,Moderate,UP,1,90062.9,-0.0014134565953348721,1.0,89894.03206249999,90107.93144999999,23.7381309345329,-29.125003451622717,-2.375895757894416,26.749107693728302
382,2025-12-11 16:00:00,1765472700000,Moderate,UP,1,89704.2,0.022704622526035445,0.0,90215.78534999999,89749.05209999999,-52.004253981419474,211.93525763153923,159.05186205309562,-52.883395578443604
383,2025-12-11 17:00:00,1765476300000,Moderate,UP,1,89935.6,0.03211186671351496,0.0,90734.44455,89980.5678,-83.78217302158387,305.96068679175426,220.24943397859874,-85.71125281315553
384,2025-12-11 18:00:00,1765479900000,Strong,UP,1,90657.9,0.018393322589647543,0.25,91093.00730625,90703.22894999999,-42.97293059598533,168.8438039944794,126.03949479149003,-42.80430920298938
385,2025-12-11 20:00:00,1765487100000,Moderate,DOWN,-1,91740.9,-0.002396967982655429,1.0,91912.91418749999,91695.02954999999,23.761880940470167,8.979169411259765,35.63973033218123,26.660560920921466
386,2025-12-11 21:00:00,1765490700000,Strong,DOWN,-1,92823.6,-0.007479778849344365,0.5,92633.81682500002,92777.1882,-15.453300297366404,59.832704845866544,45.96356873679574,-13.869136109070801
387,2025-12-11 22:00:00,1765494300000,Strong,DOWN,-1,92325.4,0.002348216200525499,1.0,92498.510125,92279.2373,23.761880940471027,-38.49641021036091,-11.723305806867058,26.77310440349385
388,2025-12-12 00:00:00,1765501500000,Moderate,UP,1,91521.0,0.009119218540007301,0.0,92076.11505000001,91566.76049999999,-55.62657750680371,76.1491108446516,20.353686170211436,-55.79542467444016
389,2025-12-12 01:00:00,1765505100000,Strong,UP,1,92129.3,0.0029903624579803445,0.5,92309.76416875,92175.36465,-14.580850236972378,14.891178990308912,1.7953173053593787,-13.095861684949535
390,2025-12-12 02:00:00,1765508700000,Strong,UP,1,92542.2,-0.0007942322529613799,1.0,92368.683375,92588.4711,23.738130934532947,-22.93585460231216,3.8279799327608264,26.763834535072988
391,2025-12-12 04:00:00,1765515900000,Strong,UP,1,92355.6,-0.0004785849477455528,1.0,92182.43325000002,92401.7778,23.738130934530545,-19.780958997955775,6.990382489711264,26.77134148766704
392,2025-12-12 05:00:00,1765519500000,Strong,UP,1,92404.8,0.0008322078506743935,0.0,92508.63119999999,92451.0024,-6.233442418574719,-6.6795817024046125,-12.91120943534097,-6.231627732936357
393,2025-12-12 06:00:00,1765523100000,Strong,UP,1,92468.7,-0.0001514025827117349,0.75,92359.0227,92514.93435,16.8525926214414,-16.51077044189664,2.6092802525394987,19.120050694436138
394,2025-12-12 07:00:00,1765526700000,Moderate,UP,1,92389.5,-8.658992634447138e-05,1.0,92216.2696875,92435.69475,23.738130934532585,-15.862967779554133,10.91769641733845,26.78066419689258
395,2025-12-12 08:00:00,1765530300000,Moderate,UP,1,92311.4,0.0008503825096357609,0.75,92281.01955,92357.55569999998,8.286939754944747,-6.497925940671357,4.0487914016260325,10.54671734229739
396,2025-12-12 09:00:00,1765533900000,Moderate,UP,1,92481.7,-0.0023788490047219613,0.5,92390.26821874999,92527.94085,14.879033293650828,-38.7741029957225,-22.415775030069614,16.358327965652887
397,2025-12-12 10:00:00,1765537500000,Strong,UP,1,92454.7,-0.0006673538500475695,0.75,92302.3903875,92500.92735,21.463240227721037,-21.667704648152167,2.0666051951212254,23.734309843273394
398,2025-12-12 12:00:00,1765544700000,Moderate,UP,1,92389.9,-0.025902181948459613,0.75,92241.2069625,92436.09494999998,21.083537508307938,-273.8898745473217,-251.06934028274858,22.82053426457313
399,2025-12-12 13:00:00,1765548300000,Strong,DOWN,-1,92261.7,-0.024042479165244046,1.0,92434.6906875,92215.56915,23.761880940470547,225.54256293390733,251.68974837423897,26.147185440331643
400,2025-12-12 14:00:00,1765551900000,Moderate,DOWN,-1,92393.0,-0.022396718366110013,0.0,89926.11445000001,92346.80350000001,-262.13024796250807,209.0767220221122,-54.21246847277619,-263.2891904948884
401,2025-12-12 15:00:00,1765555500000,Moderate,UP,1,89895.0,0.00280660770899388,1.0,89726.44687500001,89939.9475,23.73813093453118,13.054549815031654,39.90402213143405,26.84947231640239
402,2025-12-12 17:00:00,1765562700000,Moderate,UP,1,90043.5,0.0011938674085303358,0.25,90060.00796875,90088.52175,3.1650848183668168,-3.0647935179378045,0.8534891404381054,3.91828265837591
403,2025-12-12 22:00:00,1765580700000,Moderate,UP,1,90294.5,-0.0011019497311575144,0.25,90362.38068124998,90339.64725,-2.5164401170481563,-26.0114915657914,-27.773270412762997,-1.7617788469715974
404,2025-12-12 23:00:00,1765584300000,Moderate,UP,1,90229.6,0.0008245631145433752,0.0,90348.25155,90274.7148,-8.145885607383752,-6.755990859135565,-14.897886704038415,-8.14189584490285
405,2025-12-13 01:00:00,1765591500000,Moderate,UP,1,90192.2,0.001209638970997462,0.0,90262.00845,90237.29609999999,-2.738596020498625,-2.907156711669681,-5.646944858117163,-2.7397881464474816
406,2025-12-13 02:00:00,1765595100000,Moderate,UP,1,90195.0,0.0013570597039747057,0.0,90321.83834999999,90240.09749999999,-9.058151782249789,-1.4336861171936077,-10.491392788397194,-9.057706671203587
407,2025-12-13 03:00:00,1765598700000,Moderate,UP,1,90304.0,-0.00019821934798014418,0.25,90340.96701249998,90349.152,0.9059285359998626,-16.978704127737252,-15.323325791651698,1.6553783360855534
408,2025-12-13 04:00:00,1765602300000,Moderate,UP,1,90334.8,0.0008756315395617165,0.25,90300.18701250001,90379.9674,8.82722021207333,-6.245561823469451,3.342774307793462,9.588336131262913
409,2025-12-13 05:00:00,1765605900000,Moderate,UP,1,90301.3,0.0008194787893418543,0.25,90320.10743125,90346.45065,2.915800074100668,-6.806808702229405,-3.1392268488480437,3.6675818533813613
410,2025-12-13 06:00:00,1765609500000,Moderate,UP,1,90317.4,0.0025388241911303844,0.0,90334.3446,90362.5587,3.122321944608394,10.378052884861809,13.507714694816126,3.129661809954318
411,2025-12-13 07:00:00,1765613100000,Moderate,UP,1,90286.1,0.0001362335952044269,0.0,90484.51965,90331.24305,-16.968281939301555,-13.635846124892932,-30.569225622231375,-16.933379497338443
412,2025-12-13 10:00:00,1765623900000,Moderate,UP,1,90546.7,-0.005502133153389321,1.0,90376.92493749999,90591.97334999999,23.738130934531963,-69.991335865959,-43.33946803646111,26.651867829497892
413,2025-12-13 12:00:00,1765631100000,Moderate,DOWN,-1,90309.8,-0.0028324722233911137,0.25,90210.5580875,90264.64510000001,-5.992048430488694,13.33639042912592,8.104741043520363,-5.231649385605556
414,2025-12-13 20:00:00,1765659900000,Moderate,UP,1,90058.4,0.00272156733852702,1.0,89889.5405,90103.42919999998,23.738130934530666,12.20457109972191,39.05202092450313,26.847449824781226
415,2025-12-13 21:00:00,1765663500000,Moderate,UP,1,90137.8,0.0013179820230801997,0.5,90096.32528749999,90182.8689,9.596458125098788,-1.8242676353796372,9.289261880390308,11.113529515769946
416,2025-12-13 22:00:00,1765667100000,Moderate,UP,1,90092.4,0.0016927065990028911,0.0,90175.06499999999,90137.44619999999,-4.173492991639312,1.9211054373113055,-2.2556196660328482,-4.176725103344154
417,2025-12-13 23:00:00,1765670700000,Strong,UP,1,90191.3,0.00034371386153653205,0.25,90286.32490624998,90236.39564999999,-5.533161635095787,-11.56208034446114,-16.341318238554948,-4.779237894093806
418,2025-12-14 00:00:00,1765674300000,Strong,UP,1,90303.5,-0.0015968373318863138,0.5,90267.97650625,90348.65174999999,8.929324587292063,-30.957894371676343,-20.539320084068372,10.41857428760797
419,2025-12-14 01:00:00,1765677900000,Moderate,UP,1,90256.6,-0.0010592023187224742,0.0,90275.21505,90301.7283,2.936073373027968,-25.584231071688414,-22.65187238122219,2.9323586904662218
420,2025-12-14 02:00:00,1765681500000,Moderate,UP,1,90244.9,-0.0015502261069599843,0.0,90261.9084,90290.02244999999,3.113749364228807,-30.49201506206841,-27.38367853963968,3.1083365224287336
421,2025-12-14 06:00:00,1765695900000,Moderate,UP,1,90105.0,-0.003174074690638684,0.25,90191.90467500001,90150.05249999999,-4.642501456116381,-46.7223857135292,-50.595692425916425,-3.8733067123872256
422,2025-12-14 07:00:00,1765699500000,Moderate,UP,1,90205.1,-0.00994289679851812,0.5,90118.58175625,90250.20255,14.583988736987083,-114.37677959538327,-98.4239358251221,15.952843770261175
423,2025-12-14 09:00:00,1765706700000,Strong,UP,1,89991.4,-0.006010574343770614,1.0,89822.66612499999,90036.3957,23.738130934533274,-75.07320683428843,-48.43343112105701,26.639775713231412
424,2025-12-14 10:00:00,1765710300000,Strong,UP,1,89819.0,-0.008293345505961947,1.0,89650.589375,89863.9095,23.738130934532553,-97.88951030446638,-71.30402510669384,26.585485197772545
425,2025-12-14 11:00:00,1765713900000,Moderate,UP,1,89308.2,-0.0036166891729986217,1.0,89140.747125,89352.8541,23.738130934533004,-51.14631857070134,-24.449609748264418,26.696708822436925
426,2025-12-14 12:00:00,1765717500000,Moderate,UP,1,89382.9,-0.0067451380521329485,1.0,89215.3070625,89427.59144999999,23.738130934532315,-82.4151729348619,-55.7928671472308,26.622305787631102
427,2025-12-14 14:00:00,1765724700000,Strong,UP,1,89074.1,-0.001373014153384644,0.75,88948.9828875,89118.63705,19.036889265353725,-28.720781143275115,-7.433288958619001,21.287492184656116
428,2025-12-14 15:00:00,1765728300000,Moderate,UP,1,88985.2,-0.004343418905615737,1.0,88818.35274999999,89029.6926,23.738130934533178,-58.40998406412534,-31.730558854008226,26.679425210117113
429,2025-12-14 19:00:00,1765742700000,Moderate,DOWN,-1,88598.7,-0.005416558030761132,0.5,88532.88386875001,88554.40065,-2.4297811392827486,39.19017539530861,38.27175876975685,-0.9184166255517571
430,2025-12-14 20:00:00,1765746300000,Moderate,DOWN,-1,88515.9,-0.0011410379378168356,0.5,88518.12394374999,88471.64205,5.253874877073668,-3.586413828746073,3.161334329181071,6.747748157927144
431,2025-12-14 21:00:00,1765749900000,Moderate,DOWN,-1,88403.7,0.008884243532793379,0.5,88309.23723125,88359.49815,-5.68823044520717,-103.8893800179428,-108.13428474033462,-4.244904722391814
432,2025-12-14 23:00:00,1765757100000,Moderate,UP,1,88118.8,0.012722597221024312,0.25,88409.80945000002,88162.8594,-28.010667040594424,112.16488976535999,84.64122713463543,-27.52366263072455
433,2025-12-15 01:00:00,1765764300000,Strong,UP,1,89189.1,0.00434806495412543,0.0,89372.66399999999,89233.69455,-15.573651937287135,28.46141883183901,12.852177708387929,-15.60924112345108
434,2025-12-15 02:00:00,1765767900000,Moderate,UP,1,89269.5,0.004741821114714551,0.25,89400.29503124999,89314.13475,-9.6468808090862,32.397012640826155,23.468568618569225,-8.928444022256928
435,2025-12-15 04:00:00,1765775100000,Moderate,DOWN,-1,89631.2,0.0010163871509027977,0.25,89502.1752875,89586.3844,-9.399766835550585,-25.171457237647775,-33.84434218139624,-8.67288494374847
436,2025-12-15 05:00:00,1765778700000,Strong,DOWN,-1,89576.9,0.0026647495057321446,1.0,89744.8566875,89532.11155,23.761880940469634,-41.663326720680296,-14.882714966757886,26.780611753922415
437,2025-12-15 06:00:00,1765782300000,Strong,DOWN,-1,89692.8,0.0013234061150950716,0.25,89658.3664125,89647.95360000001,1.1615226094797144,-28.243182742321068,-26.32967628982403,1.9135064524970378
438,2025-12-15 07:00:00,1765785900000,Strong,DOWN,-1,89703.0,-0.0010813462203047575,0.5,89784.8052875,89658.14850000001,14.12663429024403,-4.183629611756902,11.414871667588612,15.598501279345513
439,2025-12-15 08:00:00,1765789500000,Strong,DOWN,-1,89722.3,-0.000718884825734567,0.75,89825.665475,89677.43885,16.52886466215083,-7.8100567710400215,10.937918882907523,18.747975653947545
440,2025-12-15 09:00:00,1765793100000,Moderate,DOWN,-1,89815.6,-0.004760865595731745,0.25,89791.263325,89770.6922,2.291519035429941,32.62997094278894,35.66119849159413,3.0312275488051905
441,2025-12-15 11:00:00,1765800300000,Strong,DOWN,-1,89606.0,-0.029120817802379295,0.25,89465.58571250002,89561.197,-10.675525864173265,276.35135370064273,266.7204407943142,-9.630912906328538
442,2025-12-15 12:00:00,1765803900000,Strong,DOWN,-1,89657.8,-0.036775383736830425,0.0,89491.4319,89612.97110000001,-13.562679432242795,352.9353050208156,339.8471120116238,-13.088193009191812
443,2025-12-15 13:00:00,1765807500000,Strong,DOWN,-1,89388.0,-0.04087461404215331,1.0,89555.60250000001,89343.30600000001,23.76188094046987,393.94811447877333,419.69608526166803,25.74797078289469
444,2025-12-15 16:00:00,1765818300000,Strong,UP,1,86360.6,-0.006917506362855375,1.0,86198.67387500001,86403.7803,23.73813093453167,-84.13799463123739,-57.51978823148809,26.618206399749294
445,2025-12-15 17:00:00,1765821900000,Moderate,UP,1,85734.3,0.005543872172514508,1.0,85573.5481875,85777.16715,23.738130934532386,40.413514967663104,67.32808688806172,26.91457192039861
446,2025-12-15 18:00:00,1765825500000,Moderate,UP,1,86142.7,0.0009995043108703694,1.0,85981.18243749999,86185.77135,23.73813093453393,-5.007453164714587,21.799041311162693,26.80649447587728
447,2025-12-15 19:00:00,1765829100000,Moderate,UP,1,86104.2,0.0033180727537100996,1.0,85942.75462499999,86147.2521,23.738130934534016,18.16664421499416,45.02828056315888,26.86163634816472
448,2025-12-15 20:00:00,1765832700000,Moderate,UP,1,85763.2,0.0006751147345249731,1.0,85602.394,85806.08159999999,23.738130934531593,-8.249727790854466,18.5490518174066,26.798779608261064
449,2025-12-15 21:00:00,1765836300000,Moderate,UP,1,86209.6,-0.004170069226629103,1.0,86047.957,86252.7048,23.738130934534116,-56.67735358949589,-29.993805651886547,26.68354793760934
450,2025-12-15 22:00:00,1765839900000,Moderate,UP,1,86228.8,-0.0037945558792421563,0.5,86277.541325,86271.9144,-0.6522313825000875,-52.92409674404865,-52.07348612703904,0.8506106170096117
451,2025-12-15 23:00:00,1765843500000,Strong,UP,1,86389.9,-0.006391950910928257,1.0,86227.9189375,86433.09494999998,23.73813093453106,-78.88506657599298,-52.25436103622557,26.630705539767412
452,2025-12-16 00:00:00,1765847100000,Moderate,UP,1,85821.1,-0.00024702549839150656,0.75,85754.738625,85864.01055,12.726161321847107,-17.4665217230541,-2.483658369890922,14.982863353163179
453,2025-12-16 04:00:00,1765861500000,Moderate,DOWN,-1,85799.9,0.005088584019328657,1.0,85960.77481249999,85757.00005,23.761880940469087,-65.91379709183087,-39.075698259050405,26.838098832780474
454,2025-12-16 05:00:00,1765865100000,Moderate,DOWN,-1,85983.8,0.003765825655530408,1.0,86145.019625,85940.80810000001,23.761880940469247,-52.67959635347925,-25.872869924195626,26.806726429283618
455,2025-12-16 06:00:00,1765868700000,Moderate,DOWN,-1,86458.0,0.005483587406602153,0.25,86193.13851250001,86414.77100000001,-25.64752355821195,-69.865806969505,-94.98321499284198,-25.117408023336978
456,2025-12-16 07:00:00,1765872300000,Strong,DOWN,-1,85964.8,0.014561774121500948,1.0,86125.984,85921.81760000001,23.761880940468757,-160.69308775888794,-133.6303093849133,27.062778373974655
457,2025-12-16 08:00:00,1765875900000,Strong,DOWN,-1,86236.5,0.010730954990056274,0.5,86313.62380624999,86193.38175,13.950265531841733,-122.36573276694689,-106.7783663045068,15.587366462440077
458,2025-12-16 09:00:00,1765879500000,Moderate,DOWN,-1,86307.6,0.0011910886179200553,1.0,86469.42675,86264.4462,23.761880940469418,-26.919345852127307,-0.17368551885421288,26.745660333273094
459,2025-12-16 13:00:00,1765893900000,Moderate,UP,1,86410.4,0.007838176886115544,0.0,87195.27584999999,86453.60519999999,-85.78828474350311,63.34509631299983,-22.33734843445579,-85.68244474745562
460,2025-12-16 14:00:00,1765897500000,Strong,UP,1,87257.2,0.005547966242327451,1.0,87093.59275,87300.8286,23.73813093453243,40.45443520567272,67.36910449420189,26.914669288529165
461,2025-12-16 15:00:00,1765901100000,Strong,UP,1,87936.3,-0.004521454734847885,1.0,87771.4194375,87980.26815,23.738130934533885,-60.189452622168034,-33.51426158895726,26.675191033210773
462,2025-12-16 16:00:00,1765904700000,Moderate,UP,1,87539.0,-6.0544443048260455e-05,1.0,87374.864375,87582.7695,23.73813093453162,-15.6026431089277,11.178640520492642,26.78128362942034
463,2025-12-16 19:00:00,1765915500000,Moderate,DOWN,-1,87538.7,0.0032854040555778674,1.0,87702.8350625,87494.93065,23.761880940471073,-47.872977044301784,-21.07764497145732,26.795332072844467
464,2025-12-17 00:00:00,1765933500000,Moderate,DOWN,-1,87499.3,-0.008944071552572486,1.0,87663.3611875,87455.55035,23.76188094047036,74.48295700422722,100.98823758026221,26.505280576035002
465,2025-12-17 04:00:00,1765947900000,Moderate,UP,1,86716.7,-0.004044203711626393,1.0,86554.1061875,86760.05834999999,23.73813093453166,-55.41932745253763,-28.73278609018406,26.686541362353566
466,2025-12-17 06:00:00,1765955100000,Moderate,UP,1,86735.5,-0.0017109488041228138,0.5,86746.61425625,86778.86774999999,3.7167451692163485,-32.0984388218161,-26.888528199935365,5.209910621880739
467,2025-12-17 08:00:00,1765962300000,Moderate,UP,1,86366.0,0.007155593636384738,0.5,86349.66595,86409.18299999999,6.887815384158293,56.52267502633489,64.9610890524244,8.43841402608952
468,2025-12-17 09:00:00,1765965900000,Moderate,UP,1,86386.1,0.01380893453923715,0.0,86748.65265,86429.29305000001,-36.95038900934249,123.02283397538358,85.7187604227299,-37.304073552653676
469,2025-12-17 13:00:00,1765980300000,Strong,UP,1,87579.0,-0.013683645622809104,1.0,87414.789375,87622.7895,23.738130934533412,-151.76557344136972,-125.3082842610793,26.457289180290434
470,2025-12-17 17:00:00,1765994700000,Strong,UP,1,86380.6,-0.0050312222883379665,1.0,86218.636375,86423.79030000001,23.738130934533427,-65.28458059308326,-38.62151322066788,26.663067372415387
471,2025-12-17 19:00:00,1766001900000,Moderate,UP,1,85982.7,0.0025458609697068812,1.0,85821.4824375,86025.69135,23.738130934531704,10.448385504316223,37.291656553104424,26.8432710487882
472,2025-12-17 22:00:00,1766012700000,Moderate,UP,1,86312.5,0.0039055756698045396,1.0,86150.6640625,86355.65625,23.738130934532734,24.03873732938088,50.91434609697741,26.875608767596532
473,2025-12-18 02:00:00,1766027100000,Moderate,UP,1,86649.6,-0.0004916352758698173,1.0,86487.13200000001,86692.92480000001,23.73813093453223,-19.911397060167932,6.859634055154892,26.771031115322824
474,2025-12-18 05:00:00,1766037900000,Moderate,DOWN,-1,86400.0,0.009687500000000071,1.0,86562.00000000001,86356.8,23.76188094047158,-111.92596298149039,-84.97878976918109,26.9471732123093
475,2025-12-18 06:00:00,1766041500000,Moderate,DOWN,-1,86607.0,0.008084796840901909,1.0,86769.388125,86563.6965,23.761880940469336,-95.89091386595204,-68.98175262285214,26.90916124309991
476,2025-12-18 07:00:00,1766045100000,Moderate,DOWN,-1,86787.5,0.005537663834077611,1.0,86950.2265625,86744.10625000001,23.76188094046889,-70.40684176165503,-43.558091918428495,26.84874984322654
477,2025-12-18 09:00:00,1766052300000,Moderate,DOWN,-1,87237.0,0.017962561757052686,0.5,87225.3310375,87193.3815,3.66421590152424,-194.71797655880533,-189.48744295063747,5.2305336081678515
478,2025-12-18 10:00:00,1766055900000,Strong,DOWN,-1,87307.2,0.011662268403980436,0.0,87209.67335000001,87263.5464,-6.1736030934441475,-131.6835258027042,-137.93611157356574,-6.252585770861533
479,2025-12-18 11:00:00,1766059500000,Moderate,UP,1,87268.1,0.013896257624492758,0.75,87291.36213750001,87311.73405,2.3332387933476846,123.89562843071307,128.51066008987365,4.615031659160572
480,2025-12-18 12:00:00,1766063100000,Moderate,UP,1,87215.2,0.008821856740568235,0.0,88849.80269999999,87258.80759999999,-182.3306029224264,73.1769789162258,-107.3781228216481,-180.5551017378739
481,2025-12-18 15:00:00,1766073900000,Moderate,DOWN,-1,88480.8,-0.04558955163154044,0.0,86528.81395000001,88436.55960000001,-215.71911646368443,441.12107685383177,230.59198953113702,-210.52908732269475
482,2025-12-18 16:00:00,1766077500000,Strong,DOWN,-1,87984.6,-0.038936359317426006,0.0,86451.55260000001,87940.60770000001,-169.3250864355805,374.5558711098155,208.9379534636613,-165.61791764615418
483,2025-12-18 18:00:00,1766084700000,Strong,UP,1,85946.7,-0.004685462036355004,1.0,85785.54993749999,85989.67335,23.738130934533274,-61.82870601054532,-35.15741551764563,26.671290492899683
484,2025-12-18 19:00:00,1766088300000,Moderate,UP,1,84447.0,0.012110554549007002,0.0,85112.3349,84489.2235,-73.75039965895874,106.04752172920662,31.987462853635737,-74.06005887557089
485,2025-12-18 20:00:00,1766091900000,Strong,UP,1,84558.8,0.011992838119746052,0.0,85645.50134999999,84601.0794,-123.45255609114473,104.87094572459759,-18.47696012699116,-123.34790585158875
486,2025-12-18 21:00:00,1766095500000,Strong,UP,1,85584.6,-0.003422344674158806,1.0,85424.128875,85627.3923,23.738130934534123,-49.20384481917823,-22.50251395525253,26.7013308639257
487,2025-12-19 03:00:00,1766117100000,Moderate,UP,1,86863.1,0.01204884467627787,0.0,86928.94275,86906.53155,-2.578770502089182,105.43073139708075,102.82286646699093,-2.6078649300898156
488,2025-12-19 04:00:00,1766120700000,Moderate,UP,1,87073.5,0.011366259539354662,1.0,86910.23718750001,87117.03675,23.738130934531515,98.60829124792261,125.66133539741548,27.05304414949287
489,2025-12-19 06:00:00,1766127900000,Moderate,DOWN,-1,87449.9,0.009001725559434792,1.0,87613.86856249999,87406.17505,23.761880940468775,-105.06478798834023,-78.13387957015351,26.930908418186725
490,2025-12-19 07:00:00,1766131500000,Moderate,DOWN,-1,87909.7,0.0029598553970722197,1.0,88074.53068750001,87865.74515,23.761880940471052,-44.61586190167212,-17.82825100009529,26.78761090157683
491,2025-12-19 08:00:00,1766135100000,Moderate,DOWN,-1,88063.2,-0.0025254589885445045,0.75,88138.96935,88019.1684,13.610779581053663,10.264722246568297,26.079457298957678,15.814735052389382
492,2025-12-19 09:00:00,1766138700000,Moderate,DOWN,-1,88068.3,-0.0011377533119181216,1.0,88233.42806250001,88024.26585000001,23.761880940470167,-3.619276519077624,23.071149713469094,26.690426232546717
493,2025-12-19 10:00:00,1766142300000,Moderate,DOWN,-1,88237.1,-0.0010913776631371608,0.25,88001.59008125,88192.98145,-21.701428572126197,-4.083265001128536,-25.069023113272085,-20.98575811214355
494,2025-12-19 11:00:00,1766145900000,Strong,DOWN,-1,88169.9,-0.002770786855831653,0.25,87962.06384374999,88125.81505,-18.5815253064167,12.719228172403596,-5.104594337991708,-17.823822510395303
495,2025-12-19 12:00:00,1766149500000,Strong,DOWN,-1,87840.8,0.0013182940046083669,1.0,88005.50150000001,87796.87960000001,23.761880940470036,-28.192036064114404,-1.4433587484292434,26.74867731568516
496,2025-12-19 13:00:00,1766153100000,Moderate,DOWN,-1,87968.1,-0.011998667698859045,1.0,88133.04018750001,87924.11595,23.761880940470583,105.04419908813435,131.47703255255456,26.432833464420224
497,2025-12-19 14:00:00,1766156700000,Moderate,DOWN,-1,88140.8,-0.011511127650305042,1.0,88306.06400000001,88096.7296,23.76188094047103,100.16635968289212,126.61075633492347,26.44439665203134
498,2025-12-19 15:00:00,1766160300000,Moderate,DOWN,-1,87925.6,-0.0012829028178369395,1.0,88090.46050000002,87881.63720000001,23.761880940470647,-2.1670553493046416,24.51992831278395,26.686983662088593
499,2025-12-19 16:00:00,1766163900000,Strong,DOWN,-1,87956.6,0.00123015214321609,1.0,88121.518625,87912.62170000002,23.76188094046785,-27.310176520419365,-0.5635897014712773,26.74658681894809
500,2025-12-19 17:00:00,1766167500000,Strong,DOWN,-1,86912.6,0.010271238002314886,1.0,87075.56112500001,86869.14370000002,23.76188094046935,-117.76626315472564,-90.80524518842088,26.961017966304745
501,2025-12-19 18:00:00,1766171100000,Strong,DOWN,-1,87126.2,0.013485036647988835,1.0,87289.561625,87082.6369,23.76188094047074,-149.92032664321036,-122.88308569421159,27.037240948998754
502,2025-12-19 19:00:00,1766174700000,Moderate,DOWN,-1,87812.8,0.0032705938086474706,1.0,87977.449,87768.89360000001,23.761880940468284,-47.724800486717044,-20.929819674585787,26.794980812131257
503,2025-12-19 20:00:00,1766178300000,Moderate,DOWN,-1,88064.8,-0.0011071392883422737,0.25,88073.25036250002,88020.7676,5.962543151011784,-3.9255699015281507,2.7798004290679956,6.705370330596146
504,2025-12-19 21:00:00,1766181900000,Strong,DOWN,-1,87805.3,0.0026353762244419876,1.0,87969.9349375,87761.39735000001,23.761880940468878,-41.36944696790237,-14.58953187215947,26.779915095742897
505,2025-12-19 22:00:00,1766185500000,Moderate,DOWN,-1,88301.1,-0.0015073424906372201,0.0,87943.2064,88256.94945000001,-35.548821022616835,0.0784641384423703,-35.56122402196203,-35.63968816040441
506,2025-12-19 23:00:00,1766189100000,Moderate,DOWN,-1,88100.0,0.0007412031782065842,0.0,88005.87505,88055.95000000001,-5.686719636777442,-22.4182409025161,-28.115262181010554,-5.697021278494455
507,2025-12-20 00:00:00,1766192700000,Moderate,DOWN,-1,87967.3,0.0032944059894983724,0.5,88017.42845625,87923.31635000001,10.703884948487596,-47.96304141569127,-35.73000977802266,12.233031637668613
508,2025-12-20 01:00:00,1766196300000,Moderate,DOWN,-1,88036.7,0.002422853196450969,0.75,88158.41985,87992.68165,18.83545277768075,-39.2431535412794,-18.138134242401552,21.105019298877846
509,2025-12-20 02:00:00,1766199900000,Moderate,DOWN,-1,88168.0,0.0010684148443880215,0.25,88087.45052500001,88123.91600000001,-4.137977141188836,-25.691994441098725,-29.08818057606221,-3.3961861349634863
510,2025-12-20 03:00:00,1766203500000,Moderate,DOWN,-1,88165.3,0.0008461378796418284,0.5,88244.32590625001,88121.21735,13.970364907811659,-23.468112852844957,-7.998448630598354,15.469664222246601
511,2025-12-20 04:00:00,1766207100000,Moderate,DOWN,-1,88257.1,-0.0004543543805541894,1.0,88422.5820625,88212.97145000001,23.761880940469474,-10.456684536726167,16.249950149012037,26.706634685738205
512,2025-12-20 05:00:00,1766210700000,Moderate,DOWN,-1,88250.0,-0.000679886685552411,0.5,88253.2403,88205.875,5.369857733399837,-8.200233261106474,-1.334223447770118,6.866009813336356
513,2025-12-20 06:00:00,1766214300000,Moderate,DOWN,-1,88262.2,-0.0014558893841304377,0.25,88281.48291250001,88218.0689,7.188324715189065,-0.43632432085562145,7.489967162364975,7.926291483220596
514,2025-12-20 07:00:00,1766217900000,Moderate,DOWN,-1,88239.9,4.193114452766267e-05,0.5,88262.67736875001,88195.78005,7.585092927584885,-15.422022456504665,-6.3385689944231665,9.083453462081497
515,2025-12-20 08:00:00,1766221500000,Moderate,DOWN,-1,88217.0,-3.400705079514843e-05,0.25,88170.84912500001,88172.8915,-0.2316329843838668,-14.662260622359435,-14.144006968087263,0.5182536542721726
516,2025-12-20 09:00:00,1766225100000,Moderate,DOWN,-1,88190.0,0.0004637714026531903,0.0,88054.25085000001,88145.905,-10.398004308877146,-19.642535294178533,-30.06139945485305,-10.418864160674515
517,2025-12-20 10:00:00,1766228700000,Moderate,DOWN,-1,88133.7,0.0009043078867674303,0.5,88240.05235625,88089.63315000001,17.075699020548512,-24.050103919633067,-5.479562507238235,18.570541412394835
518,2025-12-20 11:00:00,1766232300000,Moderate,DOWN,-1,88243.6,-0.0012352170582342614,0.25,88110.11282500002,88199.47820000001,-10.132188627845412,-2.6441514934034536,-12.029156014545425,-9.385004521141973
519,2025-12-20 12:00:00,1766235900000,Moderate,DOWN,-1,88214.0,-0.0011188700206316016,0.25,88070.24851250001,88169.89300000001,-11.301418671337341,-3.8082038956304483,-14.365403698855156,-10.557199803224707
520,2025-12-20 13:00:00,1766239500000,Moderate,DOWN,-1,88230.9,-0.000979248766588503,0.0,88125.91500000001,88186.78455,-6.902343736716787,-5.205114891560396,-12.10891427339981,-6.9037993818394146
521,2025-12-20 17:00:00,1766253900000,Moderate,DOWN,-1,88144.5,0.0003982097578409949,0.75,88253.0093125,88100.42775,17.319048998601023,-18.986590873847128,0.5680520496518117,19.55464292349894
522,2025-12-20 18:00:00,1766257500000,Moderate,DOWN,-1,88277.1,-0.00037382288271814446,0.0,88155.90000000001,88232.96145000002,-8.733861896234506,-11.262402374004045,-20.005002501250296,-8.742600127246252
523,2025-12-20 19:00:00,1766261100000,Strong,DOWN,-1,88196.3,0.0014116238436305828,0.25,88251.05253125,88152.20185000001,11.213637229185512,-29.125801336973716,-17.153301632046745,11.972499704926971
524,2025-12-20 20:00:00,1766264700000,Moderate,DOWN,-1,88250.4,0.0011829974708330582,0.5,88249.79235,88206.2748,4.9336115938096645,-26.83839390528299,-20.39891185052738,6.4394820547556115
525,2025-12-20 23:00:00,1766275500000,Moderate,UP,1,88320.8,-0.0031430874720338453,0.0,88342.84934999999,88364.9604,2.502241827520448,-46.41266838614452,-43.91891389113231,2.4937544950122055
526,2025-12-21 03:00:00,1766289900000,Moderate,DOWN,-1,88043.2,0.0010846947861957723,0.25,88023.01873750001,87999.1784,2.709154555016307,-25.854875299606,-22.39216033023755,3.4627149693684496
527,2025-12-21 04:00:00,1766293500000,Strong,DOWN,-1,88036.4,0.005368234048643616,0.25,88070.11804999999,87992.3818,8.83442957330963,-68.71169633460212,-59.08324193466435,9.628454399937779
528,2025-12-21 05:00:00,1766297100000,Moderate,DOWN,-1,88102.0,0.008694467775986814,0.25,88072.13754999998,88057.94900000001,1.6112741849094294,-101.99067309641492,-99.61483865833011,2.375834438084808
529,2025-12-21 06:00:00,1766300700000,Moderate,DOWN,-1,88057.3,0.006538924086929798,0.25,88087.56585625,88013.27135000001,8.441284491579461,-80.42445309584504,-71.18089097730994,9.243562118535099
530,2025-12-21 07:00:00,1766304300000,Moderate,DOWN,-1,88138.7,0.004900231113007303,1.0,88303.9600625,88094.63065,23.76188094046974,-64.02932579296919,-37.19569420344175,26.83363158952744
531,2025-12-21 08:00:00,1766307900000,Moderate,DOWN,-1,88509.0,0.0008993435695805463,1.0,88674.954375,88464.7455,23.76188094046985,-24.000435913761972,2.738304982352616,26.73874089611459
532,2025-12-21 09:00:00,1766311500000,Moderate,UP,1,88868.0,-0.013925147409641236,1.0,88701.37250000001,88912.434,23.738130934530666,-154.17938440420986,-127.72783879415306,26.451545610056815
533,2025-12-21 10:00:00,1766315100000,Moderate,DOWN,-1,88633.1,-0.006927434558872458,0.25,88662.80811874999,88588.78345000002,8.355986600917115,54.306498838145096,63.35181945600456,9.045320617859465
534,2025-12-21 11:00:00,1766318700000,Strong,DOWN,-1,88570.6,-0.006163444754805902,1.0,88736.66987500002,88526.31470000002,23.76188094047071,46.66277893752873,73.23400878159494,26.57122984406621
535,2025-12-21 12:00:00,1766322300000,Strong,DOWN,-1,88588.6,-0.0031471317979966384,0.0,87956.1999,88544.30570000001,-66.4193812747921,16.484560260096856,-50.20183914289322,-66.68639940299008
536,2025-12-21 13:00:00,1766325900000,Moderate,UP,1,87630.5,0.007452884555035233,0.0,87971.26365,87674.31525,-33.869486080758854,59.494098501102435,25.504360974360846,-33.98973752674159
537,2025-12-21 16:00:00,1766336700000,Moderate,DOWN,-1,88309.8,-0.0012931747099416135,0.5,88201.61473750001,88265.64510000001,-7.254279105698647,-2.0642850431052935,-7.818069457355237,-5.753784414249943
538,2025-12-21 18:00:00,1766343900000,Moderate,DOWN,-1,88406.9,0.00037666743206687947,0.5,88405.74155625,88362.69655,4.871400254930562,-18.771059850593623,-12.397760840347928,6.373299010245694
539,2025-12-21 19:00:00,1766347500000,Moderate,DOWN,-1,88448.2,0.0019570777019770613,0.0,88181.58715,88403.9759,-25.155966995371102,-34.58306855404656,-59.86447445678531,-25.28140590273875
540,2025-12-21 20:00:00,1766351100000,Moderate,DOWN,-1,88195.6,0.0043777694125328726,0.5,88203.2211,88151.50220000002,5.867046925943142,-58.80209517291468,-51.40987282322753,7.39222234968715
541,2025-12-21 23:00:00,1766361900000,Moderate,DOWN,-1,88621.3,0.001198357505475478,1.0,88787.4649375,88576.98935,23.761880940469933,-26.992071090300215,-0.24623835783442763,26.745832732465786
542,2025-12-22 00:00:00,1766365500000,Moderate,DOWN,-1,88581.7,0.0031812439815448457,1.0,88747.7906875,88537.40915,23.76188094046997,-46.83085524306962,-20.037993577490557,26.792861665579068
543,2025-12-22 01:00:00,1766369100000,Moderate,DOWN,-1,88580.1,0.002377509169666725,0.0,88539.10829999999,88535.80995000001,0.3725441718831587,-38.78948643988626,-38.4158836508188,0.3736027890674596
544,2025-12-22 03:00:00,1766376300000,Moderate,DOWN,-1,88727.5,0.004510439266292909,1.0,88893.86406250001,88683.13625000001,23.761880940470363,-60.12945739162293,-33.30507065544802,26.824386736174905
545,2025-12-22 04:00:00,1766379900000,Moderate,DOWN,-1,88863.5,0.004885020283918573,0.25,88766.02851875,88819.06825000001,-5.971660398499346,-63.87714140988864,-69.13456283562469,-5.257421425736049
546,2025-12-22 09:00:00,1766397900000,Moderate,UP,1,89785.3,0.001083696328909145,0.75,89692.7133,89830.19265,15.304358806804157,-4.16595373404127,13.42080563332704,17.58675936736831
547,2025-12-22 18:00:00,1766430300000,Strong,UP,1,89104.8,-0.005484553020712601,1.0,88937.72850000001,89149.3524,23.738130934531767,-69.81562239592864,-43.163336462995694,26.65228593293295
548,2025-12-22 20:00:00,1766437500000,Moderate,DOWN,-1,88305.9,0.004819610014732856,1.0,88471.4735625,88261.74705,23.761880940469965,-63.22271150307805,-36.39099203725693,26.831719465821124
549,2025-12-23 03:00:00,1766462700000,Moderate,UP,1,88128.2,-0.006773087388599719,1.0,87962.95962499999,88172.26409999999,23.738130934532418,-82.69452662268462,-56.072885546395774,26.62164107628885
550,2025-12-23 04:00:00,1766466300000,Moderate,UP,1,87892.0,-0.005292859418377094,1.0,87727.20250000001,87935.946,23.738130934530723,-67.89964436158945,-41.24279943270857,26.656844928880876
551,2025-12-23 06:00:00,1766473500000,Moderate,UP,1,87355.2,0.0024623605692621897,0.0,87622.28925,87398.87759999999,-25.562301957984083,9.613798793225051,-15.933336191624178,-25.547134984849226
552,2025-12-23 07:00:00,1766477100000,Strong,UP,1,87531.3,0.00322855938390032,0.5,87501.79539375,87575.06565,8.36656595186981,17.271957860072703,27.168365985583897,9.896408125511192
553,2025-12-23 08:00:00,1766480700000,Strong,UP,1,87426.8,0.0035515425475940443,0.5,87439.799275,87470.5134,3.5113690095248264,20.500175388247666,25.52349130106753,5.023315912819864
554,2025-12-23 09:00:00,1766484300000,Moderate,UP,1,87494.4,0.0008377679028601648,0.0,87691.12365,87538.14719999999,-17.475404140150907,-6.62400896691529,-24.074816795895508,-17.450807828980217
555,2025-12-23 11:00:00,1766491500000,Moderate,DOWN,-1,87813.9,-0.0046530219019994545,0.25,87697.06010625,87769.99305,-8.30955332404441,31.550994517254512,24.019086317890178,-7.5319081993643335
556,2025-12-23 12:00:00,1766495100000,Moderate,DOWN,-1,87737.3,0.002535979566273383,0.25,87723.77279374999,87693.43135000001,3.459944865069318,-40.37498315431004,-36.155729055332124,4.2192540989779115
557,2025-12-23 14:00:00,1766502300000,Moderate,UP,1,86837.3,0.012813618111111147,0.25,87529.51979375002,86880.71865,-74.67723032583646,113.07464378921834,38.788673951459785,-74.28596983775857
558,2025-12-23 15:00:00,1766505900000,Strong,UP,1,87405.3,0.0036485201698295278,0.0,88085.42069999999,87449.00265,-72.77590718182913,21.46946696481303,-51.00800077123215,-72.47746773604518
559,2025-12-23 16:00:00,1766509500000,Moderate,DOWN,-1,87959.8,-0.0032458009226942197,1.0,88124.724625,87915.82010000001,23.761880940469187,17.471745099493052,44.11217390087813,26.640428801385077
560,2025-12-23 17:00:00,1766513100000,Strong,UP,1,87138.1,0.006364609740171057,0.0,87851.10359999999,87181.66905,-76.78615898212044,48.61678900720872,-28.030917485250125,-76.64770649245885
561,2025-12-23 19:00:00,1766520300000,Moderate,UP,1,87724.2,-0.0029775136165390848,0.75,87589.55235000001,87768.0621,20.33880499681021,-44.7577572867472,-22.198338483832046,22.559418802915154
562,2025-12-23 20:00:00,1766523900000,Moderate,UP,1,87674.3,-0.000549762016919364,0.5,87656.20643125,87718.13715,7.060195389705037,-20.49237398220206,-11.934603489669348,8.557770492532715
563,2025-12-23 21:00:00,1766527500000,Strong,UP,1,87692.7,-0.0010217498149788229,1.0,87528.27618749999,87736.54634999999,23.738130934533253,-25.20989320318554,1.548530344609528,26.75842354779507
564,2025-12-23 22:00:00,1766531100000,Moderate,UP,1,87378.2,-0.0031827160550341738,0.75,87314.13345,87421.88909999999,12.32593474121024,-46.8087561722548,-32.263036039297496,14.545720132957303
565,2025-12-23 23:00:00,1766534700000,Strong,UP,1,87463.0,-0.001733304368704558,0.75,87442.2453375,87506.7315,7.369280213601661,-32.321882745672,-22.713629650060724,9.608253095611278
566,2025-12-24 00:00:00,1766538300000,Strong,UP,1,87626.1,-0.00588295039948139,1.0,87461.8010625,87669.91305,23.73813093453278,-73.79760519221787,-47.15479423400269,26.642810958215183
567,2025-12-24 01:00:00,1766541900000,Strong,UP,1,87603.1,-0.007796527748447302,1.0,87438.84418750001,87646.90155,23.738130934530627,-92.92381557668303,-66.32651469953508,26.597300877147944
568,2025-12-24 02:00:00,1766545500000,Moderate,UP,1,87100.1,-0.001377725169087074,1.0,86936.7873125,87143.65005,23.73813093453186,-28.76786775699106,-2.0179102726316165,26.74995748435944
569,2025-12-24 06:00:00,1766559900000,Moderate,UP,1,86980.1,0.0007208545402914712,0.5,86934.80966875001,87023.59005,10.201875284504133,-7.792558317924902,3.9219897255758034,11.714548043500706
570,2025-12-24 07:00:00,1766563500000,Moderate,UP,1,86868.1,0.0033901973221470705,0.5,86813.99024375,86911.53405,11.223344210434334,18.887529456742318,31.65594206316356,12.768412606421245
571,2025-12-24 08:00:00,1766567100000,Moderate,UP,1,86751.5,0.007395837535950411,0.25,86913.71384375,86794.87574999999,-13.69183292482612,58.923913402804075,45.90656103613647,-13.0173523666676
572,2025-12-24 09:00:00,1766570700000,Moderate,UP,1,86763.6,0.005611800340234785,0.0,87309.2328,86806.9818,-57.85836456763019,41.092457173762256,-16.726986152144722,-57.81944332590697
573,2025-12-24 10:00:00,1766574300000,Strong,UP,1,87042.8,-0.0010661421737352406,0.0,87238.69755,87086.3214,-17.497139338348077,-25.653594939882343,-43.09283129021189,-17.43923635032955
574,2025-12-24 11:00:00,1766577900000,Moderate,UP,1,87162.6,-0.001727805274280514,0.0,87378.76755,87206.1813,-19.790598261181696,-32.26691928316285,-51.974447601373164,-19.707528318210315
575,2025-12-24 12:00:00,1766581500000,Strong,UP,1,87393.1,-0.0016305635113069705,1.0,87229.2379375,87436.79655,23.738130934532418,-31.29498761925917,-4.551043319292789,26.743944299966383
576,2025-12-24 13:00:00,1766585100000,Moderate,UP,1,87250.5,0.00038968258061555794,1.0,87086.90531249999,87294.12525,23.73813093453336,-11.102622882402652,15.689368371854,26.79199125425665
577,2025-12-24 14:00:00,1766588700000,Moderate,UP,1,86950.0,0.005577918343875776,1.0,86786.96875,86993.47499999999,23.738130934531736,40.753806535491165,67.66918816657024,26.915381631079068
578,2025-12-24 15:00:00,1766592300000,Moderate,UP,1,87012.0,0.005854364915184096,0.5,87117.22492499999,87055.506,-7.0896061416257545,43.516890706487914,37.89439276767189,-5.622497938816023
579,2025-12-24 16:00:00,1766595900000,Moderate,UP,1,87250.6,0.003073904362835389,0.0,87342.94965,87294.2253,-5.581623507458917,15.726180538085597,10.133319369758937,-5.592861168326659
580,2025-12-24 18:00:00,1766603100000,Moderate,UP,1,87435.0,0.0060273345914108045,0.5,87469.15728749998,87478.7175,1.0928615294360071,45.24572305258146,47.84474228214009,2.5990192295586265
581,2025-12-24 19:00:00,1766606700000,Moderate,UP,1,87521.4,0.0012099897853554697,0.0,87634.49535,87565.1607,-7.918063467906631,-2.9036503212847036,-10.821063665769659,-7.917413344484955
582,2025-12-24 20:00:00,1766610300000,Moderate,UP,1,87518.8,0.0001268298925487521,0.0,87848.30219999999,87562.5594,-32.632988569312275,-13.729836156434242,-46.24454793390383,-32.514711777469586
583,2025-12-24 21:00:00,1766613900000,Strong,UP,1,87653.8,0.00016200096287888321,0.0,87816.98655,87697.6269,-13.610362585535198,-13.37830122060041,-26.96557304607276,-13.587271825472351
584,2025-12-24 22:00:00,1766617500000,Strong,UP,1,87962.0,-0.0012982878970464462,1.0,87797.07125,88005.981,23.738130934533434,-27.973892024451935,-1.222045305411105,26.751846719040827
585,2025-12-24 23:00:00,1766621100000,Strong,UP,1,87627.3,0.002103225821176835,0.5,87579.30616875,87671.11365,10.471805070996504,6.024246088723716,18.02382639369339,11.999580304969674
586,2025-12-25 02:00:00,1766631900000,Moderate,UP,1,87847.8,-0.0005498145656465114,0.5,87753.1639875,87891.7239,15.764841824885494,-20.492899206861185,-3.2197331247675702,17.273166082093617
587,2025-12-25 05:00:00,1766642700000,Moderate,UP,1,87706.0,-0.0025528470116068513,0.25,87775.4963875,87749.85299999999,-2.9223282573484792,-40.51321350931295,-42.675773658372854,-2.162560149059911
588,2025-12-25 06:00:00,1766646300000,Moderate,UP,1,87799.5,-0.004709594018189156,0.25,87821.74029374999,87843.39975,2.4656896604244203,-62.0699052292767,-58.86644944549076,3.203455783785938
589,2025-12-25 07:00:00,1766649900000,Strong,UP,1,87795.9,-0.0035388896292423144,1.0,87631.28268749999,87839.79795,23.73813093453326,-50.36871193645497,-23.670152828977006,26.698559107477966
590,2025-12-25 08:00:00,1766653500000,Strong,UP,1,87546.2,-0.00014278175409099259,0.5,87457.8113125,87589.97309999999,15.08868912987414,-16.424605238289686,0.17717661362926224,16.601781851918947
591,2025-12-25 09:00:00,1766657100000,Strong,UP,1,87482.1,0.0013145546346051695,1.0,87318.0710625,87525.84105,23.738130934532297,-1.8585243917512642,24.955462838875317,26.81398723062658
592,2025-12-25 10:00:00,1766660700000,Strong,UP,1,87386.0,0.003308310255647484,0.0,87531.84405,87429.693,-11.683793742704827,18.069068022463092,6.366152404852269,-11.702915617610826
593,2025-12-25 11:00:00,1766664300000,Strong,UP,1,87485.2,0.009758221962114622,0.0,87489.5229,87528.9426,4.503618897824839,82.53595164532463,87.08329315852262,4.5473415131979875
594,2025-12-25 12:00:00,1766667900000,Strong,UP,1,87533.7,0.005806906368633014,0.5,87564.92499375,87577.46685,1.4320871225334022,43.04254241512324,45.982431896569,2.9398894814457526
595,2025-12-25 13:00:00,1766671500000,Strong,UP,1,87597.1,0.005697677206208729,0.25,87680.15775624999,87640.89855,-4.479553142371314,41.95079666375682,38.19998804707933,-3.7508086166774874
596,2025-12-25 14:00:00,1766675100000,Strong,UP,1,87675.1,0.005969767927267666,0.0,88175.8659,87718.93755,-52.090046090623446,44.67034410062609,-7.433073123925952,-52.10341722455203
597,2025-12-25 15:00:00,1766678700000,Strong,UP,1,88338.9,-0.0025651213678231644,1.0,88173.2645625,88383.06945,23.738130934532162,-40.63589573036632,-13.914177761534955,26.721717968831367
598,2025-12-25 21:00:00,1766700300000,Moderate,UP,1,87862.0,-0.005410757779244713,1.0,87697.25875000001,87905.931,23.73813093453145,-69.0780387730597,-42.42399778830057,26.654040984759128
599,2025-12-25 22:00:00,1766703900000,Moderate,UP,1,87607.9,0.01762283994936542,1.0,87443.6351875,87651.70395,23.738130934532634,161.142828079614,188.34467075131246,27.201842671698458
600,2025-12-25 23:00:00,1766707500000,Strong,UP,1,87182.8,0.018505943832957783,1.0,87019.33225,87226.3914,23.738130934531178,169.96945360277783,197.19229888999638,27.222845287218565
601,2025-12-26 02:00:00,1766718300000,Moderate,DOWN,-1,89151.8,-0.0007492838058233975,0.0,88572.39165,89107.2241,-60.02122222994955,-7.505914899215592,-67.87450699373714,-60.368592094521546
602,2025-12-26 03:00:00,1766721900000,Strong,DOWN,-1,88796.2,-0.004090265123957937,1.0,88962.69287500001,88751.8019,23.761880940470466,25.920611545353403,52.5410118423765,26.620400297023096
603,2025-12-26 04:00:00,1766725500000,Strong,DOWN,-1,88926.0,-0.002458223691608863,0.25,88977.99202500001,88881.53700000001,10.85208787512337,9.592032932555718,21.16111839475902,11.5690854622033
604,2025-12-26 05:00:00,1766729100000,Strong,DOWN,-1,88954.7,-0.001927947595798729,0.75,89093.1049625,88910.22265,20.56932341964002,4.2866192676213,27.034393543186734,22.747774275565437
605,2025-12-26 06:00:00,1766732700000,Moderate,DOWN,-1,89085.0,-0.004125273615086744,1.0,89252.034375,89040.4575,23.761880940470103,26.270871586660935,52.89044157291825,26.619569986257318
606,2025-12-26 13:00:00,1766757900000,Moderate,DOWN,-1,88959.1,-0.018778292496214544,0.0,86994.58095000002,88914.62045000002,-215.9419328657775,172.87436214321832,-43.7973982734597,-216.671760416678
607,2025-12-26 15:00:00,1766765100000,Moderate,UP,1,87100.0,0.004060849598163108,1.0,86936.68750000001,87143.54999999999,23.73813093452973,25.59070063131733,52.470002235822136,26.879301604504803
608,2025-12-26 16:00:00,1766768700000,Moderate,UP,1,86821.7,0.008361964808337063,0.0,87270.71355,86865.11085,-46.69339577548045,68.58035790441862,21.738763066409774,-46.84159483800885
609,2025-12-26 17:00:00,1766772300000,Moderate,UP,1,87288.6,0.0016118943367173788,0.75,87205.363425,87332.2443,14.52852563414571,1.113386673836183,17.929220429208957,16.815833755372775
610,2025-12-26 18:00:00,1766775900000,Moderate,UP,1,87232.5,0.0031284211733011436,0.0,87506.53139999999,87276.11624999999,-26.400710744275443,16.271076194915164,-10.129293206106716,-26.40036940102188
611,2025-12-27 00:00:00,1766797500000,Moderate,DOWN,-1,87360.0,0.0007783882783882756,0.25,87392.345625,87316.32,8.706920424497362,-22.790277922843405,-13.329805244385012,9.460472678458393
612,2025-12-27 01:00:00,1766801100000,Moderate,DOWN,-1,87431.6,0.00039573792541824915,0.0,87328.41395000002,87387.88420000001,-6.805319815718628,-18.961860184272787,-25.777917377369313,-6.816057193096525
613,2025-12-27 02:00:00,1766804700000,Moderate,DOWN,-1,87410.7,0.0001841879769868271,0.25,87415.89969375,87366.99465000001,5.597656637488247,-16.845302421077967,-10.49694778503517,6.348354636042798
614,2025-12-27 03:00:00,1766808300000,Moderate,DOWN,-1,87473.4,0.00020006081848888968,0.0,87360.39795000001,87429.6633,-7.922408412155802,-17.004110240007524,-24.938353425847797,-7.934243185840272
615,2025-12-27 04:00:00,1766811900000,Moderate,DOWN,-1,87428.0,0.0013451068307637204,0.25,87461.90708750002,87384.28600000001,8.882728354616368,-28.460298456864255,-18.81907015716665,9.641228299697604
616,2025-12-27 05:00:00,1766815500000,Moderate,DOWN,-1,87466.2,0.001248482270865825,0.0,87454.15105,87422.4669,3.6242571416159564,-27.493569493405513,-23.86428757746295,3.629281915942563
617,2025-12-27 06:00:00,1766819100000,Moderate,DOWN,-1,87426.8,0.00038660914044674755,0.75,87549.2342875,87383.08660000001,19.013712374402836,-18.870526667799826,2.3739363452265168,21.24446301302634
618,2025-12-27 07:00:00,1766822700000,Moderate,DOWN,-1,87490.9,-0.0006549252550835938,0.5,87560.36983124999,87447.15454999999,12.94670842437365,-8.449972435382554,5.97799175520858,14.427964190591135
619,2025-12-27 08:00:00,1766826300000,Moderate,DOWN,-1,87545.6,-0.0012987517362381684,0.25,87550.09973750002,87501.82720000001,5.51674622630062,-2.0084868810579444,4.250811290268917,6.259298171326861
620,2025-12-28 03:00:00,1766894700000,Strong,UP,1,87693.0,5.359606810118045e-05,0.25,87674.85014999998,87736.8465,7.066170311924285,-14.461808414780734,-6.643796515087257,7.818011899693477
621,2025-12-28 04:00:00,1766898300000,Strong,UP,1,87683.9,0.00099334085276781,0.25,87675.72843125,87727.74195,5.928970425300932,-5.0690569438503585,1.616356111852368,6.6854130557027265
622,2025-12-28 05:00:00,1766901900000,Moderate,UP,1,87620.0,0.0016913946587537865,0.0,87715.13565,87663.81,-5.854827664916555,1.907992591243064,-3.9503770236699043,-5.858369614912968
623,2025-12-28 06:00:00,1766905500000,Moderate,UP,1,87696.0,0.0015131819011129366,0.0,87826.59134999999,87739.848,-9.886425834700526,0.12675563331257914,-9.759907566991188,-9.886663200303769
624,2025-12-28 07:00:00,1766909100000,Moderate,UP,1,87697.7,0.0017457698434508728,0.0,87859.7079,87741.54884999999,-13.466715774758294,2.4514726981607162,-11.013877716294006,-13.465350414454724
625,2025-12-28 08:00:00,1766912700000,Strong,UP,1,87771.0,0.0005628282690182118,0.25,87892.134375,87814.88549999999,-8.796785938985797,-9.372031294169965,-17.411637615254467,-8.039606321084502
626,2025-12-28 09:00:00,1766916300000,Strong,UP,1,87768.2,0.0010744210317632508,0.0,87937.1466,87812.0841,-14.242060336203775,-4.258660352190954,-18.48863112872402,-14.229970776533065
627,2025-12-28 10:00:00,1766919900000,Strong,UP,1,87828.7,0.0005078066736727838,0.0,87843.9,87872.61434999999,3.2677245592835535,-9.921972277132552,-6.6531540607818265,3.268818216350725
628,2025-12-28 11:00:00,1766923500000,Strong,UP,1,87850.8,-0.0006044338810802241,0.25,87857.967375,87894.7254,4.182051292921249,-21.038819401101243,-16.109636843493025,4.92918255760822
629,2025-12-28 15:00:00,1766937900000,Moderate,DOWN,-1,87797.7,-0.0035205933640629627,0.25,87800.27840625001,87753.80115,5.296323992913983,20.221044162711294,26.248566964432495,6.027522801721201
630,2025-12-28 17:00:00,1766945100000,Moderate,DOWN,-1,87730.1,-0.0019833557695705384,0.0,87568.89365,87686.23495000001,-13.381952146414354,4.84097818479854,-8.53901888367727,-13.37999706847581
631,2025-12-29 00:00:00,1766970300000,Moderate,DOWN,-1,88262.2,0.020823183650532373,1.0,88427.691625,88218.0689,23.761880940471183,-223.33850575820324,-196.12722296226892,27.211282795934316
632,2025-12-29 01:00:00,1766973900000,Moderate,DOWN,-1,88419.3,0.017320879038852377,1.0,88585.08618750001,88375.09035000001,23.76188094047009,-188.2979393582017,-161.1697221594737,27.128217198727974
633,2025-12-29 02:00:00,1766977500000,Moderate,DOWN,-1,89129.1,0.006861956420517901,1.0,89296.2170625,89084.53545000001,23.761880940469062,-83.65639240137858,-56.776233766866206,26.880158634512377
634,2025-12-29 03:00:00,1766981100000,Moderate,DOWN,-1,90091.6,-0.005645365383676215,1.0,90260.52175000001,90046.55420000001,23.761880940470366,41.47939353352992,68.06291087886541,26.583517345335483
635,2025-12-29 04:00:00,1766984700000,Strong,DOWN,-1,90100.1,-0.006449493396788797,0.5,90042.29928125002,90055.04995000002,-1.41587492951016,49.524696316046516,49.61705003394837,0.09235371790185243
636,2025-12-29 05:00:00,1766988300000,Strong,DOWN,-1,89950.8,-0.020929219084210526,0.5,89796.00112500001,89905.8246,-12.21539043644981,194.39438803612396,183.91403886068792,-10.480349175436034
637,2025-12-29 06:00:00,1766991900000,Strong,DOWN,-1,89740.7,-0.022215115326713386,0.0,89432.26150000001,89695.82965,-29.384660471780574,207.25978315871387,178.42881436024086,-28.83096879847301
638,2025-12-29 07:00:00,1766995500000,Strong,DOWN,-1,89583.0,-0.022928457408213587,0.75,89639.349625,89538.20850000001,11.295862034138715,214.39677246837118,227.67669975055637,13.279927282185202
639,2025-12-29 08:00:00,1766999100000,Moderate,DOWN,-1,89519.0,-0.02429651805761901,0.0,88090.23285000001,89474.2405,-154.68224622705628,228.08422268753426,74.71232574338856,-153.37189694414573
640,2025-12-29 09:00:00,1767002700000,Strong,DOWN,-1,88068.2,-0.008106217681296934,0.5,87924.4569875,88024.1659,-11.327447579938463,66.10022692643365,56.34623357765593,-9.753993348777714
641,2025-12-29 10:00:00,1767006300000,Moderate,DOWN,-1,87747.1,-0.003956825923591922,0.0,86966.59495000001,87703.22645000002,-83.99137977209539,24.585552011926268,-59.824309006130726,-84.40986101805699
642,2025-12-29 11:00:00,1767009900000,Moderate,DOWN,-1,87529.0,0.0012293068582984734,0.0,87303.82625,87485.23550000001,-20.73598464509037,-27.301719442704822,-48.11674290735998,-20.81502346465516
643,2025-12-29 12:00:00,1767013500000,Moderate,DOWN,-1,87344.0,0.0027821029492580696,0.25,87265.47908750002,87300.32800000001,-3.9918421039598546,-42.837448216688415,-46.09399786284298,-3.256549646154568
644,2025-12-29 14:00:00,1767020700000,Moderate,UP,1,87399.9,0.0003089248385867993,0.75,87392.390025,87443.59994999999,5.856337688438031,-11.90979671577379,-3.801146445345935,8.108650270427855
645,2025-12-30 00:00:00,1767056700000,Moderate,DOWN,-1,87223.2,0.00044483577763720916,0.25,87107.07056250001,87179.58840000001,-8.318212878829781,-19.45308431852979,-27.036092047352803,-7.583007728823013
646,2025-12-30 01:00:00,1767060300000,Moderate,DOWN,-1,87283.0,-0.0007653265813503118,0.0,86937.80935000001,87239.3585,-34.56572299302174,-7.345406889941194,-42.02181560375223,-34.676408713811036
647,2025-12-30 02:00:00,1767063900000,Moderate,DOWN,-1,87072.8,0.003807159066895771,1.0,87236.06150000001,87029.2636,23.761880940470814,-53.09313723757593,-26.285430486793835,26.8077067507821
648,2025-12-30 03:00:00,1767067500000,Moderate,DOWN,-1,87334.7,0.0014060848666108683,0.25,87292.23779375,87291.03265000001,0.13806042996678697,-29.070383858036728,-28.18206205120725,0.8883218068294783
649,2025-12-30 04:00:00,1767071100000,Moderate,DOWN,-1,87262.0,0.006475900162728365,0.0,87216.96970000002,87218.369,-0.16043638697142282,-79.7938985765716,-79.95545730362491,-0.16155872705330213
650,2025-12-30 05:00:00,1767074700000,Strong,DOWN,-1,87216.2,0.008467463613411219,1.0,87379.730375,87172.5919,23.761880940470206,-99.71949588205347,-72.80125877391137,26.91823710814209
651,2025-12-30 06:00:00,1767078300000,Moderate,DOWN,-1,87404.3,0.005834953200243076,1.0,87568.1830625,87360.59785,23.761880940469624,-73.38122261373665,-46.52542183648698,26.85580077724967
652,2025-12-30 09:00:00,1767089100000,Moderate,UP,1,87954.7,0.001308628191557748,0.25,87962.26204375,87998.67735,4.138165180047133,-1.917759204820049,2.9754650746152493,4.893224279435298
653,2025-12-30 10:00:00,1767092700000,Strong,UP,1,87914.3,0.010431750011090202,0.5,87880.37355625001,87958.25715,8.854608569287356,89.26786617781332,99.71829781381827,10.45043163600495
654,2025-12-30 11:00:00,1767096300000,Strong,UP,1,87875.2,0.0124221623393177,0.0,87962.9595,87919.13759999999,-4.984341429665015,109.16204237199159,104.1208192295992,-5.04122314239238
655,2025-12-30 12:00:00,1767099900000,Strong,UP,1,87993.4,0.008017646778053722,0.75,87897.15247500001,88037.39669999998,15.930074065896717,65.13889833137203,83.46427741678042,18.325379085408386
656,2025-12-30 13:00:00,1767103500000,Strong,UP,1,88069.8,0.0029567456721826257,0.75,88033.05585,88113.8349,9.1675785183647,14.555179132260811,26.00370162161567,11.44852248935486
657,2025-12-30 14:00:00,1767107100000,Strong,UP,1,88831.4,-0.006436913073530226,1.0,88664.84112499999,88875.81569999999,23.73813093453276,-79.33446350354973,-52.70482728646358,26.62963621708614
658,2025-12-30 15:00:00,1767110700000,Strong,UP,1,88966.8,-0.00873471901878009,1.0,88799.98725,89011.2834,23.738130934532133,-102.30103966796678,-75.7260515344284,26.574988133538387
659,2025-12-30 21:00:00,1767132300000,Strong,UP,1,88245.5,0.004070462516502227,0.0,88459.70775,88289.62275,-19.26443841329092,25.686781774135753,6.390767467801823,-19.29601430633393
660,2025-12-30 22:00:00,1767135900000,Moderate,UP,1,88387.7,0.0028465499158820684,0.25,88385.28820624998,88431.89385,5.270230198740488,13.453772272684375,19.489148664342554,6.035376391658178
661,2025-12-30 23:00:00,1767139500000,Moderate,UP,1,88455.3,-0.0004951653547046186,1.0,88289.4463125,88499.52765,23.73813093453271,-19.946680206942734,6.824266953491564,26.7709471604343
662,2025-12-31 01:00:00,1767146700000,Moderate,UP,1,88604.7,-0.0021341982987357344,0.25,88722.83911875,88649.00235,-8.329114461827833,-36.32881857806823,-43.87909007440219,-7.550271496333965
663,2025-12-31 04:00:00,1767157500000,Moderate,UP,1,88287.3,0.0011768397040117229,0.0,88510.53315,88331.44365,-20.27471674861524,-3.2349854671489893,-23.48236709836222,-20.247381631213234
664,2025-12-31 09:00:00,1767175500000,Moderate,DOWN,-1,88619.5,0.0037790779681672326,1.0,88785.6615625,88575.19025,23.76188094047001,-52.81218577455943,-26.00514503473225,26.80704073982718
665,2025-12-31 13:00:00,1767189900000,Strong,UP,1,88954.4,-0.015369672551329594,1.0,88787.6105,88998.87719999999,23.738130934531934,-168.61741680489328,-142.20022593692823,26.41719086796503
666,2025-12-31 14:00:00,1767193500000,Moderate,UP,1,88443.4,-0.008905130286714358,1.0,88277.568625,88487.62169999999,23.738130934531483,-104.00430071678443,-77.4333654273203,26.57093528946414
667,2025-12-31 15:00:00,1767197100000,Strong,UP,1,87909.0,-0.004481907426998388,1.0,87744.170625,87952.95449999999,23.73813093453202,-59.79417718139219,-33.118045605493904,26.67613157589829
668,2025-12-31 16:00:00,1767200700000,Strong,UP,1,87625.9,3.537766801842146e-05,0.5,87704.21973124999,87669.71294999999,-3.9359979734033788,-14.643901369129772,-17.076523624572634,-2.432622255442861
669,2025-12-31 20:00:00,1767215100000,Moderate,UP,1,87629.0,0.001647856303278461,0.0,87778.8675,87672.8145,-12.096452087779147,1.4728266194763309,-10.622872014155211,-12.095698633631542
670,2025-12-31 21:00:00,1767218700000,Moderate,UP,1,87764.0,0.0017376145116447805,0.5,87685.39817500001,87807.882,13.94906951519323,2.369960136379063,17.855793531181746,15.485833394802684
671,2025-12-31 22:00:00,1767222300000,Moderate,UP,1,87695.7,0.002154039479700831,0.25,87741.25749374999,87739.54784999999,-0.1948544062391582,6.532128732642333,7.0869559936171855,0.5548272609748524
672,2025-12-31 23:00:00,1767225900000,Moderate,UP,1,87608.2,0.0024700884163812997,0.0,87972.9645,87652.00409999999,-36.61757689348838,9.691038644492256,-26.86478349834187,-36.555822142834124
673,2026-01-01 02:00:00,1767236700000,Moderate,UP,1,87884.6,-0.0029936985546956674,0.75,87745.339725,87928.5423,20.83539317357738,-44.91952578406398,-21.86353872332369,23.05598706074029
674,2026-01-01 04:00:00,1767243900000,Strong,DOWN,-1,87567.0,0.0019927598296161086,0.5,87615.4541375,87523.21650000001,10.538648051170242,-34.940068330325865,-22.88625910700546,12.053809223320405
675,2026-01-01 05:00:00,1767247500000,Strong,DOWN,-1,87674.7,0.001961797417042721,0.0,87584.68575,87630.86265,-5.269479108567385,-34.630289315085456,-39.915532350927336,-5.28524303584188
676,2026-01-01 06:00:00,1767251100000,Strong,DOWN,-1,87621.5,0.002424062587378595,0.5,87730.89069375,87577.68925000001,17.493204612039847,-39.2552535005351,-20.24150922616052,19.013744274374577
677,2026-01-01 07:00:00,1767254700000,Strong,DOWN,-1,87603.7,0.004296622174634335,0.5,87716.93320625,87559.89815000001,17.93458644515283,-57.990216854768875,-38.501823380123746,19.488393474645132
678,2026-01-01 08:00:00,1767258300000,Strong,DOWN,-1,87741.5,0.0017916265393229658,0.75,87852.5548375,87697.62925,17.665880916616565,-32.92772925785944,-13.002569215017,19.925160042842446
679,2026-01-01 09:00:00,1767261900000,Moderate,DOWN,-1,87846.7,0.00028458667200936816,0.0,87806.87460000001,87802.77665,0.4667221420964384,-17.849791615900717,-17.382724905686025,0.4670667102146895
680,2026-01-01 10:00:00,1767265500000,Moderate,DOWN,-1,87833.9,0.0009529350285026883,0.5,87935.96076875,87789.98305,16.62806093342791,-24.53661859432333,-6.412029550880933,18.124589043442395
681,2026-01-01 11:00:00,1767269100000,Moderate,UP,1,87980.1,7.61535847311201e-05,0.5,87926.54319375,88024.09005,11.08183636940678,-14.236345979698768,-1.6469151337806767,12.58943084591809
682,2026-01-01 15:00:00,1767283500000,Strong,UP,1,87986.8,0.0041824455486505485,0.5,87943.34615,88030.7934,9.93371144602196,26.806052460275556,38.28624000708499,11.480187546809434
683,2026-01-01 18:00:00,1767294300000,Moderate,DOWN,-1,88165.3,0.004970209368084788,0.75,88283.05050000001,88121.21735,18.364833676461444,-64.7294584100532,-44.04796412619458,20.681494283858616
684,2026-01-01 19:00:00,1767297900000,Moderate,DOWN,-1,88354.8,0.005038775482486546,0.0,88233.2613,88310.6226,-8.760135272787004,-65.415462556143,-74.2318658122639,-8.816403256120898
685,2026-01-01 20:00:00,1767301500000,Moderate,DOWN,-1,88220.4,0.006504164569645976,1.0,88385.81325,88176.2898,23.76188094047113,-80.0766840384793,-53.20501130027114,26.871672738208158
686,2026-01-01 21:00:00,1767305100000,Moderate,DOWN,-1,88346.9,0.0028637111205940258,1.0,88512.55043749999,88302.72654999999,23.76188094046969,-43.65393817502871,-16.86860756675408,26.785330608274634
687,2026-01-01 22:00:00,1767308700000,Moderate,DOWN,-1,88603.5,-3.950182554868231e-05,1.0,88769.6315625,88559.19825,23.761880940469958,-14.607285387206938,12.109188526998269,26.716473914205206
688,2026-01-02 04:00:00,1767330300000,Moderate,DOWN,-1,88595.1,0.006130135865301645,0.75,88713.929975,88550.80245000002,18.421913803897883,-76.33452591597373,-55.5745102115927,20.76001570438103
689,2026-01-02 05:00:00,1767333900000,Moderate,DOWN,-1,88720.7,0.007993624937584931,1.0,88887.0513125,88676.33965000001,23.76188094046919,-94.97873874522122,-68.07173986360539,26.906998881615838
690,2026-01-02 08:00:00,1767344700000,Moderate,DOWN,-1,89138.2,0.0024893928753331185,1.0,89305.334125,89093.6309,23.761880940469133,-39.908883194928436,-13.132430446245353,26.77645274868308
691,2026-01-02 10:00:00,1767351900000,Moderate,DOWN,-1,89618.5,-0.0009161054916116962,0.0,89297.9287,89573.69075000001,-30.786054218716536,-5.836863515639535,-36.70513229944494,-30.86826878380541
692,2026-01-02 11:00:00,1767355500000,Strong,DOWN,-1,89458.3,-0.0009523990507308566,0.25,89410.49209374998,89413.57085,-0.34432762507427234,-5.473746365874182,-5.067929990725036,0.4058163751491459
693,2026-01-02 12:00:00,1767359100000,Moderate,DOWN,-1,89360.1,0.010898600158236071,1.0,89527.65018750001,89315.41995000001,23.761880940470224,-124.04302309390748,-97.06712572163248,26.975897372274996
694,2026-01-02 16:00:00,1767373500000,Moderate,UP,1,90334.0,-0.007017291385303381,0.5,90268.9022,90379.167,12.200245218016278,-85.13534617994381,-71.51197711918014,13.623369060763672
695,2026-01-02 18:00:00,1767380700000,Moderate,DOWN,-1,89735.3,0.00467597478361359,1.0,89903.5536875,89690.43235,23.7618809404695,-61.78564065646473,-34.95732784642519,26.828312810039538
696,2026-01-02 21:00:00,1767391500000,Moderate,DOWN,-1,90015.4,0.0024162532188936048,1.0,90184.178875,89970.39229999999,23.761880940470853,-39.177120749311435,-12.402402683903839,26.774718065407594
697,2026-01-02 22:00:00,1767395100000,Moderate,DOWN,-1,90154.9,0.0015118423956990146,0.0,89985.5847,90109.82255,-13.7873814956248,-30.12848820109012,-43.96269536047037,-13.834207159380249
698,2026-01-02 23:00:00,1767398700000,Moderate,DOWN,-1,89951.4,0.0036519720649150766,0.5,90073.7626625,89906.4243,18.61250336701454,-51.54049089459733,-31.385392083861163,20.155098810736167
699,2026-01-03 00:00:00,1767402300000,Moderate,DOWN,-1,90114.0,8.65570277648331e-05,0.5,90135.21410000001,90068.943,7.35781922077321,-15.86850452991367,-7.011780314281291,8.85672421563238
700,2026-01-03 01:00:00,1767405900000,Moderate,DOWN,-1,90232.9,-0.002693031034134985,0.25,90197.24070624998,90187.78355,1.0486072367826127,11.941280981840768,13.737477735072542,1.7961967532317737
701,2026-01-03 02:00:00,1767409500000,Moderate,DOWN,-1,90291.2,-0.005137820740005572,0.5,90309.8208,90246.05440000001,7.065837994130982,36.401408104109336,44.929493683592646,8.528085579483308
702,2026-01-03 03:00:00,1767413100000,Moderate,DOWN,-1,90279.9,-0.008241037041467725,0.25,90141.38334375,90234.76005,-10.34819688091999,67.44909496215843,57.92040734121229,-9.528687620946139
703,2026-01-03 04:00:00,1767416700000,Moderate,DOWN,-1,90121.8,-0.005509210867958747,0.0,90020.5672,90076.7391,-6.236005050942301,40.117167263218924,33.90854360224494,-6.208623660973987
704,2026-01-03 05:00:00,1767420300000,Moderate,DOWN,-1,89989.9,-0.0025980693388923948,0.25,89896.86499375,89944.90505,-5.341053639813688,10.991188983415952,6.408498631713358,-4.582690351702594
705,2026-01-03 06:00:00,1767423900000,Moderate,DOWN,-1,89827.3,-0.0012746681688083905,0.25,89556.48443125,89782.38635,-25.161050840123316,-2.249443033433276,-26.704411005826792,-24.45496797239352
706,2026-01-03 08:00:00,1767431100000,Moderate,DOWN,-1,89625.3,0.004200822758752221,1.0,89793.3474375,89580.48735000001,23.761880940468323,-57.031743459251516,-30.21470002497697,26.817043434274545
707,2026-01-03 09:00:00,1767434700000,Moderate,DOWN,-1,89756.1,0.0024087499345448737,0.25,89667.15680624999,89711.22195,-4.9118875868817735,-39.10205037063331,-43.280653431931654,-4.178603061298349
708,2026-01-03 10:00:00,1767438300000,Strong,DOWN,-1,89712.8,0.004219018913689032,0.0,89575.28995,89667.94360000001,-10.33297366708067,-57.21379603490646,-67.60629413402162,-10.392498099115162
709,2026-01-03 11:00:00,1767441900000,Strong,DOWN,-1,89706.4,0.002512641238529234,1.0,89874.5995,89661.5468,23.76188094047026,-40.14148312685499,-13.364478987190562,26.777004139664434
710,2026-01-03 12:00:00,1767445500000,Strong,DOWN,-1,90001.8,0.0007022081780585498,0.0,89928.31335000001,89956.7991,-3.1666033345991464,-22.028095828500433,-25.199512245715738,-3.1714164172153048
711,2026-01-03 13:00:00,1767449100000,Strong,DOWN,-1,89972.3,0.0009136145235810744,0.75,90062.77205,89927.31385,15.063076411460461,-24.143216844232924,-6.831523940279431,17.311692903953492
712,2026-01-03 14:00:00,1767452700000,Strong,DOWN,-1,90091.3,0.00015650789809873444,0.0,89903.92555,90046.25435,-15.80618772289921,-16.568363162567987,-32.409972508700946,-15.841609346132962
713,2026-01-03 15:00:00,1767456300000,Strong,DOWN,-1,89931.8,0.0017791259598940456,0.75,90038.19856250001,89886.83410000001,16.839447513704513,-32.802660929404745,-13.70318857504536,19.09947235435938
714,2026-01-03 16:00:00,1767459900000,Moderate,DOWN,-1,90065.0,0.0029756287125963787,0.0,89958.29835000001,90019.9675,-6.8506078942971165,-44.773673962946184,-51.65281656864379,-6.879142605697615
715,2026-01-03 17:00:00,1767463500000,Moderate,DOWN,-1,90054.5,0.005283467233730743,0.25,90025.32093125001,90009.47275,1.7607237067179002,-67.86360413937678,-65.3430040044657,2.5206001349110765
716,2026-01-03 18:00:00,1767467100000,Strong,DOWN,-1,90105.4,0.005016347521902054,0.0,89969.29285000001,90060.3473,-10.11038184170776,-65.1910707543985,-75.36754167674682,-10.176470922348326
717,2026-01-03 19:00:00,1767470700000,Strong,DOWN,-1,90091.8,0.005594293820303298,1.0,90260.722125,90046.7541,23.76188094046964,-70.97342491549036,-44.12333195561642,26.85009295987393
718,2026-01-03 20:00:00,1767474300000,Strong,DOWN,-1,90333.0,0.0107203347613829,1.0,90502.374375,90287.83350000001,23.76188094046929,-122.25947735250355,-95.28780797387724,26.971669378626306
719,2026-01-03 21:00:00,1767477900000,Moderate,DOWN,-1,90530.3,0.007287063005424699,0.5,90528.05599375,90485.03485000001,4.754503749852067,-87.90958484666916,-81.62031601514865,6.289268831520516
720,2026-01-03 22:00:00,1767481500000,Moderate,DOWN,-1,90557.4,0.005982945623438818,1.0,90727.195125,90512.1213,23.76188094047018,-74.86188717797715,-48.002576403631394,26.85931077434575
721,2026-01-04 01:00:00,1767492300000,Moderate,DOWN,-1,91190.0,0.0027086303322731986,0.0,91109.52245,91144.405,-3.8271740322398076,-42.10235449998287,-45.94328465278834,-3.8409301528054707
722,2026-01-04 02:00:00,1767495900000,Moderate,DOWN,-1,91099.2,0.0009648822382635203,0.75,91218.6600125,91053.6504,18.122240214984085,-24.656150457864758,-4.290180211411606,20.365970246453152
723,2026-01-04 04:00:00,1767503100000,Moderate,DOWN,-1,91355.0,-0.00032072683487494036,1.0,91526.29062500001,91309.32250000001,23.761880940470167,-11.79362846548202,14.91617551965131,26.70980398513333
724,2026-01-04 05:00:00,1767506700000,Strong,DOWN,-1,91437.0,-0.00025482025875744885,1.0,91608.44437499999,91391.28150000001,23.761880940468043,-12.453023924386619,14.258343194084476,26.71136711847109
725,2026-01-04 06:00:00,1767510300000,Strong,DOWN,-1,91187.1,0.004017015564701465,1.0,91358.0758125,91141.50645000002,23.761880940468476,-55.19275202302505,-28.380068019478777,26.812684003546277
726,2026-01-04 07:00:00,1767513900000,Strong,DOWN,-1,91477.5,-0.002348118389768006,0.0,91212.67085000001,91431.76125000001,-23.962176491487078,8.490429112237338,-15.48489037035884,-23.97531948259618
727,2026-01-04 08:00:00,1767517500000,Moderate,DOWN,-1,91325.7,-0.0025107937853200424,0.5,91420.40618125,91280.03715,15.377845543525462,10.117996851626998,26.941341247995755,16.823344396368757
728,2026-01-04 10:00:00,1767524700000,Moderate,DOWN,-1,91553.4,-0.0027131706741638784,0.0,91148.30305,91507.62329999999,-39.26670118204128,12.142778130703785,-27.191428118419342,-39.33420624912313
729,2026-01-04 11:00:00,1767528300000,Moderate,DOWN,-1,91262.7,0.0003298171103858216,0.0,91104.52495,91217.06865,-12.338008846987291,-18.30232226499002,-30.66582862962358,-12.363506364633555
730,2026-01-04 12:00:00,1767531900000,Moderate,DOWN,-1,91096.4,0.0020406953512983605,0.75,91240.319975,91050.8518,20.809050245480712,-35.41966334465406,-12.351038774469412,23.068624570184646
731,2026-01-04 13:00:00,1767535500000,Moderate,DOWN,-1,91227.4,0.0007245630150591875,0.5,91284.7441375,91181.78629999999,11.291491610097228,-22.25175602860585,-9.459181359681082,12.792574668924768
732,2026-01-04 15:00:00,1767542700000,Moderate,DOWN,-1,91292.8,-0.0020801202285394282,0.25,91295.8475125,91247.1536,5.336485641344073,5.809106838814413,11.884314183740365,6.0752073449259525
733,2026-01-04 16:00:00,1767546300000,Moderate,DOWN,-1,91282.3,-7.011216851471325e-05,0.25,91234.82475625,91236.65885,-0.20102596622030686,-14.30102882926725,-13.752145300298462,0.5488835289687872
734,2026-01-04 17:00:00,1767549900000,Moderate,DOWN,-1,91293.5,-0.0005093462294687434,0.0,90843.15570000002,91247.85325,-44.351459852013846,-9.906490950788466,-54.455115730857685,-44.54862478006922
735,2026-01-04 20:00:00,1767560700000,Moderate,DOWN,-1,91275.9,0.011965918714578638,0.25,91284.12309375001,91230.26205,5.903857178496711,-134.72154791974546,-127.99758386370645,6.723964056038999
736,2026-01-04 21:00:00,1767564300000,Strong,DOWN,-1,91247.0,0.01830197157166813,0.75,91373.6542875,91201.3765,18.88982317059687,-198.11377260298278,-176.6548910798711,21.458881523111657
737,2026-01-04 23:00:00,1767571500000,Strong,DOWN,-1,91497.1,0.014624507224819006,1.0,91668.65706250002,91451.35145000002,23.761880940470263,-161.32073261449656,-134.25646637373853,27.064266240758027
738,2026-01-05 02:00:00,1767582300000,Strong,DOWN,-1,92990.4,-0.0057640358574648776,0.5,92924.357075,92943.9048,-2.1031744945577877,42.666691920609914,42.07415405314097,-0.5925378674689376
739,2026-01-05 03:00:00,1767585900000,Strong,DOWN,-1,92835.2,-0.00369579642204676,0.0,92589.38215,92788.7824,-21.489693564509096,21.97395119606512,0.506836501230404,-21.467114694834713
740,2026-01-05 04:00:00,1767589500000,Strong,DOWN,-1,92556.8,-0.0013051445166644138,0.25,92451.66451249999,92510.52160000001,-6.362204696510438,-1.9445270969040456,-7.55565381568935,-5.611126718785305
741,2026-01-05 05:00:00,1767593100000,Strong,DOWN,-1,92323.2,0.00358631416588695,0.75,92454.6786125,92277.0384,19.250749219970874,-50.88358345059463,-29.341269419330523,21.542314031264105
742,2026-01-05 06:00:00,1767596700000,Strong,DOWN,-1,92454.4,0.006424788868891085,0.5,92561.0531,92408.1728,16.5440236905111,-79.28252995388671,-61.15139966303921,18.1311302908475
743,2026-01-05 07:00:00,1767600300000,Strong,DOWN,-1,92492.1,0.006500014595841153,0.75,92557.755525,92445.85395,12.104553121497366,-80.03516354018154,-65.61057278099739,14.424590759184158
744,2026-01-05 08:00:00,1767603900000,Strong,DOWN,-1,92436.0,0.004340300315894163,1.0,92609.3175,92389.782,23.761880940470032,-58.42721676732505,-31.60686528652934,26.820351480795704
745,2026-01-05 09:00:00,1767607500000,Strong,DOWN,-1,92654.3,0.0005795737488707431,1.0,92828.0268125,92607.97285,23.76188094046966,-20.80113805773629,5.930018726180411,26.731156783916703
746,2026-01-05 14:00:00,1767625500000,Strong,UP,1,93390.0,0.01081914551879204,0.75,93396.4348875,93436.69499999999,4.308811704009098,93.13988524529915,99.74501452697992,6.605129281680774
747,2026-01-05 15:00:00,1767629100000,Strong,DOWN,-1,93899.9,0.0037135289813940986,0.5,93765.37569375,93852.95005,-9.331017959834417,-52.15636799793981,-60.03547380093474,-7.879105802994927
748,2026-01-05 22:00:00,1767654300000,Strong,DOWN,-1,94125.2,-0.005717916137229939,0.0,93713.21995000001,94078.1374,-38.78876220183262,42.205264004302755,3.4687453987129073,-38.73651860558985
749,2026-01-05 23:00:00,1767657900000,Strong,DOWN,-1,93822.4,-0.001029604870478651,0.25,93804.7333375,93775.4888,3.1185694550061576,-4.7013019461858,-0.8353566561503328,3.8659452900354667
750,2026-01-06 00:00:00,1767661500000,Strong,DOWN,-1,93768.8,-0.00010664528073300872,1.0,93944.6165,93721.91560000001,23.761880940469826,-13.935514950144208,12.779366495152045,26.714881445296253
751,2026-01-06 01:00:00,1767665100000,Strong,DOWN,-1,93736.0,-0.0019629598019971217,0.0,93656.24845000001,93689.13200000001,-3.5098574720490148,4.636916478211403,1.130965816516609,-3.505950661694794
752,2026-01-06 02:00:00,1767668700000,Moderate,DOWN,-1,93587.0,0.0015012768867470605,1.0,93762.475625,93540.2065,23.761880940470895,-30.022780257599685,-3.269763061729483,26.753017195870203
753,2026-01-06 03:00:00,1767672300000,Moderate,DOWN,-1,93725.8,-0.005531027742628036,0.75,93793.78867500002,93678.93710000001,12.260127895922492,40.33544514885576,54.768924044308385,14.433478895452623
754,2026-01-06 04:00:00,1767675900000,Strong,DOWN,-1,93758.8,-0.0059919708869994315,0.0,93530.4114,93711.92060000001,-19.36884857741513,44.94718246122598,25.647378751933644,-19.299803709292334
755,2026-01-06 05:00:00,1767679500000,Strong,DOWN,-1,93552.0,-0.0014067042927997653,1.0,93727.41,93505.224,23.761880940470398,-0.9284212826432244,25.75562612900637,26.684047411649594
756,2026-01-06 06:00:00,1767683100000,Strong,DOWN,-1,93727.5,-0.0020399562561681517,0.0,93314.41945000002,93680.63625000001,-39.09204875836811,5.407266194779666,-33.77773459962163,-39.1850007944013
757,2026-01-06 07:00:00,1767686700000,Strong,DOWN,-1,93207.4,0.006356791413557383,1.0,93382.163875,93160.7963,23.76188094046987,-78.60221524319526,-51.73403781467153,26.868177428523726
758,2026-01-06 08:00:00,1767690300000,Moderate,DOWN,-1,93197.0,0.006678326555575653,1.0,93371.74437500001,93150.4015,23.76188094047046,-81.81917514332693,-54.943371733754255,26.87580340957268
759,2026-01-06 09:00:00,1767693900000,Moderate,UP,1,93420.4,0.0027584981438744105,0.0,93724.53885,93467.1102,-27.542164238217957,12.573694591448952,-14.954822991907562,-27.528517583356514
760,2026-01-06 10:00:00,1767697500000,Moderate,DOWN,-1,93536.3,0.0027786003936438597,1.0,93711.6805625,93489.53185000001,23.761880940468515,-42.80240513900735,-16.01909313680805,26.7833120021993
761,2026-01-06 11:00:00,1767701100000,Strong,DOWN,-1,93799.9,-0.002043712200119563,0.5,93833.61026875,93753.00005,8.598148188004869,5.44484442340843,15.522337849348196,10.077493425939764
762,2026-01-06 12:00:00,1767704700000,Strong,DOWN,-1,93819.4,-0.012450516630888586,0.5,93901.4421875,93772.4903,13.751569046257073,109.56494878327894,124.63343846239786,15.068489679118928
763,2026-01-06 13:00:00,1767708300000,Strong,DOWN,-1,93678.1,-0.0227427755259767,1.0,93853.74643750001,93631.26095000001,23.761880940470437,212.5390247721538,238.7170358176099,26.178011045456113
764,2026-01-06 14:00:00,1767711900000,Moderate,DOWN,-1,93796.2,-0.019081796490689418,1.0,93972.06787500001,93749.3019,23.761880940470455,175.91092036707866,202.1757603562274,26.26483998914877
765,2026-01-06 15:00:00,1767715500000,Strong,DOWN,-1,93608.2,-0.01651564713347764,0.25,92860.13889999999,93561.3959,-74.95153244074379,150.23658962959166,76.67910902914811,-73.55748060044355
766,2026-01-06 16:00:00,1767719100000,Strong,DOWN,-1,92651.3,-0.0019265784721854695,0.25,92004.24288125001,92604.97435,-64.87032397196374,4.272921182446302,-60.17777290225141,-64.45069408469772
767,2026-01-06 18:00:00,1767726300000,Moderate,DOWN,-1,92006.4,0.014277267668336258,1.0,92178.91200000001,91960.3968,23.761880940471205,-157.84659998335258,-130.79056936579906,27.056030617553517
768,2026-01-06 19:00:00,1767729900000,Moderate,UP,1,92062.2,0.017877043998514086,0.0,92404.87934999999,92108.23109999999,-32.20648648413772,163.68359818604856,131.02292640459055,-32.66067178145803
769,2026-01-06 20:00:00,1767733500000,Strong,UP,1,92472.8,0.002136844564023077,0.25,93170.05343749997,92519.0364,-70.36573907723627,6.360265507477437,-62.87811537240895,-69.23838087988639
770,2026-01-06 21:00:00,1767737100000,Strong,UP,1,93207.8,-0.00860550297292717,1.0,93033.035375,93254.4039,23.738130934532524,-101.00952496678903,-74.43146372375465,26.578061243034377
771,2026-01-06 23:00:00,1767744300000,Moderate,UP,1,93708.0,-0.009922311862381017,1.0,93532.2975,93754.85399999999,23.738130934531828,-114.171033107256,-87.62428916599676,26.546743941259237
772,2026-01-07 00:00:00,1767747900000,Moderate,UP,1,92670.4,-0.00035717985462446755,1.0,92496.643,92716.7352,23.73813093453264,-18.5675147888504,8.206714042584931,26.774228831435327
773,2026-01-07 01:00:00,1767751500000,Strong,UP,1,92405.7,0.0010637871906171714,0.0,92972.86319999999,92451.90285,-56.349337757302195,-4.364945621017473,-60.430113031086904,-56.06516741006943
774,2026-01-07 02:00:00,1767755100000,Strong,UP,1,92923.2,-0.0037321142621002945,0.75,92793.208275,92969.66159999999,18.9796673412862,-52.299992624690596,-31.11467065105397,21.185321973636626
775,2026-01-07 03:00:00,1767758700000,Moderate,UP,1,92778.2,0.0007534097449617416,0.75,92651.6799375,92824.5891,18.627517145669767,-7.467168965899747,13.449838214753093,20.917007180652842
776,2026-01-07 04:00:00,1767762300000,Moderate,UP,1,92637.3,0.0004641758773193949,0.5,92565.57946875,92683.61865,12.735711333817456,-10.358062195708312,3.8934330566936493,14.251495252401961
777,2026-01-07 09:00:00,1767780300000,Moderate,UP,1,91672.0,0.0035168862902521525,0.0,92145.94995,91717.836,-46.677284230735566,20.153786009517113,-26.446729355140857,-46.60051536465797
778,2026-01-07 10:00:00,1767783900000,Moderate,DOWN,-1,91924.1,-3.589918204260911e-05,1.0,92096.4576875,91878.13795,23.761880940470427,-14.643329844496375,12.07322951508528,26.71655935958165
779,2026-01-07 11:00:00,1767787500000,Moderate,DOWN,-1,92041.9,-0.008026779108210369,0.25,91859.12494375002,91995.87905,-14.865242624145607,65.30544380400671,51.28018076217241,-14.025263041834306
780,2026-01-07 12:00:00,1767791100000,Moderate,DOWN,-1,91953.4,-0.00786811580648461,1.0,92125.81262499999,91907.4233,23.76188094046985,63.71801707338267,90.24881653384463,26.530799460461964
781,2026-01-07 15:00:00,1767801900000,Moderate,DOWN,-1,91303.1,-0.00174692863659609,1.0,91474.29331250001,91257.44845000001,23.76188094047044,2.4755241280258407,29.151502299151126,26.675978171125287
782,2026-01-07 17:00:00,1767809100000,Moderate,UP,1,91215.0,-0.0018089130077290072,1.0,91043.97187499999,91260.6075,23.73813093453382,-33.07759128164891,-6.337888618448233,26.73970266320067
783,2026-01-07 18:00:00,1767812700000,Moderate,UP,1,90857.4,0.003149991084931081,0.75,90816.117375,90902.82869999998,9.53890283064228,16.486667515553584,28.309967598896062,11.82330008334248
784,2026-01-07 19:00:00,1767816300000,Strong,UP,1,91143.6,0.0020231810022863783,1.0,90972.70575000001,91189.1718,23.73813093453144,5.224197923903457,32.05503821952572,26.83084029562226
785,2026-01-07 20:00:00,1767819900000,Strong,UP,1,91015.6,0.003748807896668316,0.5,91006.01705000001,91061.1078,6.04986599998166,22.471843045162196,30.045028270744208,7.5731852255820105
786,2026-01-07 21:00:00,1767823500000,Strong,UP,1,91050.0,0.0036902800658977775,0.75,90938.8149375,91095.525,17.202827745927976,21.88685723036245,41.424278640789204,19.537421410426756
787,2026-01-07 22:00:00,1767827100000,Strong,UP,1,91143.6,-0.002391830035241127,0.5,91172.4963,91189.1718,1.8286710659650443,-38.90384842819579,-35.58012942714535,3.3237190010504447
788,2026-01-07 23:00:00,1767830700000,Moderate,UP,1,91328.0,-0.005999255430974015,1.0,91156.76,91373.66399999999,23.73813093453219,-74.96007427260265,-48.32002936479851,26.640044907804157
789,2026-01-08 06:00:00,1767855900000,Moderate,DOWN,-1,89844.0,0.005818975112417135,1.0,90012.4575,89799.07800000001,23.76188094046973,-73.22136180507268,-46.3659399866956,26.85542181837708
790,2026-01-08 08:00:00,1767863100000,Strong,DOWN,-1,90200.0,-0.0027294900221729312,0.5,90111.29597500002,90154.90000000001,-4.836567396779683,12.306053248354312,8.977939174652128,-3.328114073702184
791,2026-01-08 09:00:00,1767866700000,Strong,DOWN,-1,89979.4,-0.0005490145522196732,1.0,90148.11137500001,89934.4103,23.761880940470736,-9.509609282443565,17.194780309118556,26.704389591562116
792,2026-01-08 10:00:00,1767870300000,Strong,DOWN,-1,90366.8,-0.004296932059119074,0.0,89897.12895000001,90321.61660000001,-46.997348583771405,27.988314748565788,-19.05157383226831,-47.0398885808341
793,2026-01-08 11:00:00,1767873900000,Strong,DOWN,-1,90192.3,0.0059617062653907205,0.0,89886.33435,90147.20385,-28.93816877937481,-74.64938734758046,-103.8591673696387,-29.209780022058244
794,2026-01-08 12:00:00,1767877500000,Strong,DOWN,-1,89953.8,0.010384219454875554,0.25,89832.43593749999,89908.82310000001,-8.49606966994293,-118.89664287019073,-126.74253501645344,-7.845892146262721
795,2026-01-08 13:00:00,1767881100000,Moderate,UP,1,89930.0,0.01545646614033136,1.0,89761.38125,89974.965,23.7381309345317,139.48991644509155,166.64023684740192,27.150320402310363
796,2026-01-08 14:00:00,1767884700000,Moderate,UP,1,89978.5,0.012134009791227918,0.5,90295.90439375001,90023.48925,-30.2604515798649,106.28195693381262,77.26198571234357,-29.019971221469053
797,2026-01-08 15:00:00,1767888300000,Moderate,UP,1,90730.0,0.0017733935853629923,1.0,90559.88124999999,90775.36499999999,23.73813093453267,2.7275720675966384,29.552471738139385,26.824899670542745
798,2026-01-08 16:00:00,1767891900000,Moderate,UP,1,90887.9,-0.0001408328281321536,0.25,91224.60123124998,90933.34395,-32.02975592870911,-16.40512571846195,-47.56216870589611,-31.157042987434167
799,2026-01-08 17:00:00,1767895500000,Moderate,UP,1,91320.0,-0.0010600087604030195,1.0,91148.775,91365.65999999999,23.738130934532162,-25.592291458299744,1.1652221875722315,26.757513645871978
800,2026-01-08 18:00:00,1767899100000,Moderate,UP,1,91070.3,0.0012506821653162081,1.0,90899.5431875,91115.83515,23.73813093453188,-2.4969298818968118,24.31553828745035,26.812468169347163
801,2026-01-08 19:00:00,1767902700000,Moderate,UP,1,90890.9,0.0018582718401953802,1.0,90720.4795625,90936.34545,23.738130934532347,3.575930436734906,30.402848743346656,26.826918306611752
802,2026-01-08 20:00:00,1767906300000,Moderate,UP,1,90875.1,0.004104534685518857,0.0,91197.47595,90920.53755,-30.459388765459305,26.0273331885962,-4.448963694152209,-30.476296882748407
803,2026-01-08 21:00:00,1767909900000,Moderate,UP,1,91223.2,-0.0022713520244849184,0.75,91143.68265,91268.81159999999,13.709935278699728,-37.69967040964368,-21.758941298796916,15.940729110846766
804,2026-01-08 22:00:00,1767913500000,Moderate,UP,1,91184.2,-0.002025570219401973,0.5,91111.2327125,91229.79209999999,12.995687567722785,-35.24308065369267,-20.76333012665648,14.479750527036195
805,2026-01-08 23:00:00,1767917100000,Moderate,UP,1,91059.8,0.0014309278078801224,0.0,91312.2333,91105.3299,-22.710350780477242,-0.6953742340810268,-23.375349127508564,-22.679974893427538
806,2026-01-09 00:00:00,1767920700000,Moderate,UP,1,91248.1,-0.0029523902415503622,1.0,91077.00981250001,91293.72405,23.738130934532368,-44.506649090957666,-17.794141430686047,26.71250766027162
807,2026-01-09 01:00:00,1767924300000,Moderate,UP,1,91016.0,0.0004636547420233672,0.25,91090.16903750002,91061.508,-3.1474371696124765,-10.363270944294547,-12.759603488260067,-2.3963325439655216
808,2026-01-09 02:00:00,1767927900000,Moderate,UP,1,90999.5,0.0011461601437370295,0.25,91060.53438125,91044.99974999999,-1.7062585856087855,-3.541627748753463,-4.498697029510871,-0.957069280757408
809,2026-01-09 03:00:00,1767931500000,Moderate,UP,1,91190.1,-0.005241797081042776,1.0,91019.1185625,91235.69505,23.738130934531387,-67.3892761723405,-40.73121684200679,26.65805933033372
810,2026-01-09 04:00:00,1767935100000,Moderate,UP,1,90978.7,-0.010873973798262715,0.25,91041.90656875,91024.18934999999,-1.9464297212124466,-123.68289653435866,-124.85682419971135,-1.1739276653527018
811,2026-01-09 05:00:00,1767938700000,Moderate,UP,1,91058.2,-0.00833752479183636,0.25,91058.3149375,91103.7291,4.984885135727139,-98.33108237717536,-92.63776508451535,5.69331729266001
812,2026-01-09 06:00:00,1767942300000,Moderate,UP,1,91103.8,-0.007246679062783312,1.0,90932.980375,91149.3519,23.73813093453219,-87.42807658953727,-60.81769881310714,26.610377776430123
813,2026-01-09 07:00:00,1767945900000,Moderate,UP,1,90712.1,-0.0034615007259229946,1.0,90542.01481250001,90757.45605000001,23.73813093453225,-49.595209654403064,-22.89481002803331,26.70039962636975
814,2026-01-09 08:00:00,1767949500000,Moderate,UP,1,89989.4,0.004616099229464821,0.0,90454.70474999999,90034.39469999999,-46.68327603028802,31.14042208360769,-15.51709832428445,-46.657520407892136
815,2026-01-09 09:00:00,1767953100000,Moderate,UP,1,90299.0,0.0028892900253600917,0.0,90454.00439999999,90344.1495,-12.159603096378829,13.880959773714471,1.7071212825159874,-12.173838491198483
816,2026-01-09 11:00:00,1767960300000,Moderate,UP,1,90398.1,0.008181587887355901,0.75,90322.5093,90443.29905,13.35530119630198,66.77749012849566,82.5033273618863,15.725837233390639
817,2026-01-09 15:00:00,1767974700000,Moderate,UP,1,91137.7,-0.009294726551141719,0.0,91585.66995,91183.26885,-44.13102371466504,-107.89831635324043,-151.40530398554893,-43.50698763230849
818,2026-01-10 13:00:00,1768053900000,Moderate,UP,1,90620.9,-0.001198399044811893,0.25,90621.83339374998,90666.21044999998,4.894552891286022,-26.975502696769126,-21.336865785870987,5.638636910898138
819,2026-01-10 14:00:00,1768057500000,Moderate,UP,1,90551.8,3.754756945739679e-05,0.0,90719.337,90597.0759,-13.495038199130592,-14.62221319882567,-28.092835047946,-13.47062184912033
820,2026-01-10 15:00:00,1768061100000,Moderate,UP,1,90622.7,-0.00034538807605599686,0.0,90708.43155,90668.01134999999,-4.4580441765703025,-18.44965593259281,-22.90194836358624,-4.452292430993433
821,2026-01-10 16:00:00,1768064700000,Moderate,UP,1,90640.6,-0.0011209104970620887,0.5,90540.43891250002,90685.9203,16.042334578368038,-26.20100446838581,-8.658924842567503,17.54207962581831
822,2026-01-10 17:00:00,1768068300000,Moderate,UP,1,90512.3,-0.0004684446202339876,0.0,90590.27249999999,90557.55615,-3.612768651331131,-19.679606399140866,-23.28757455719075,-3.607968158049887
823,2026-01-11 20:00:00,1768165500000,Strong,UP,1,90654.2,0.0063416808046401485,0.75,90515.94701250001,90699.52709999999,20.240467990266303,48.38761423928238,71.0375519218192,22.64993768253682
824,2026-01-12 02:00:00,1768187100000,Moderate,DOWN,-1,92168.8,-0.004117445382819329,1.0,92341.6165,92122.71560000001,23.761880940469503,26.192550103245928,52.81230575490313,26.6197556516572
825,2026-01-12 03:00:00,1768190700000,Strong,DOWN,-1,91766.2,-0.004326211611682784,1.0,91938.261625,91720.3169,23.761880940469574,28.281256745200817,54.89606100244798,26.61480425724716
826,2026-01-12 04:00:00,1768194300000,Moderate,DOWN,-1,92126.7,-0.01533431676159025,0.25,92074.19386875,92080.63665,-0.6996890426047137,138.41737630405495,138.47802362939214,0.06064732533719516
827,2026-01-12 05:00:00,1768197900000,Moderate,DOWN,-1,92066.6,-0.015421444910532212,0.25,91914.77982500002,92020.56670000001,-11.496003425502776,139.28909365214844,128.70167952468262,-10.587414127465818
828,2026-01-12 14:00:00,1768230300000,Strong,UP,1,90852.8,0.00875482098515401,0.5,91296.74455,90898.2264,-43.842236068095986,72.50695637335312,29.995945472350797,-42.51101090100232
829,2026-01-12 16:00:00,1768237500000,Moderate,UP,1,92078.8,-0.006866944399796737,1.0,91906.15225,92124.8394,23.73813093453251,-83.63262768412459,-57.013218783185344,26.619408900939238
830,2026-01-13 08:00:00,1768295100000,Strong,DOWN,-1,92137.8,-0.0006685638250534254,1.0,92310.55837500001,92091.7311,23.761880940470594,-8.313518508720115,18.388035683627795,26.70155419234791
831,2026-01-13 10:00:00,1768302300000,Strong,DOWN,-1,92092.5,0.00349431278334289,0.25,91960.98980625001,92046.45375,-9.284870874233583,-49.96310938812266,-58.54374887167429,-8.580639483551627
832,2026-01-13 11:00:00,1768305900000,Strong,DOWN,-1,91962.1,0.01572169404569923,0.5,92024.57128125001,91916.11895,11.799054669508497,-172.29808950174404,-158.8216694726236,13.476420029120453
833,2026-01-13 12:00:00,1768309500000,Strong,DOWN,-1,92076.2,0.013742965065891122,1.0,92248.842875,92030.1619,23.761880940469762,-152.50090110946545,-125.45754276622452,27.04335834324093
834,2026-01-13 13:00:00,1768313100000,Strong,DOWN,-1,92021.0,0.012710142250138556,1.0,92193.539375,91974.98950000001,23.76188094046832,-142.1675062545123,-115.1486437942727,27.018862460239585
835,2026-01-13 14:00:00,1768316700000,Moderate,DOWN,-1,92414.3,0.012624669558715551,1.0,92587.5768125,92368.09285,23.761880940470476,-141.31235176303778,-114.2955164937303,27.01683526930749
836,2026-01-13 15:00:00,1768320300000,Moderate,DOWN,-1,93407.9,0.008260543273106435,1.0,93583.0398125,93361.19605,23.761880940471077,-97.64925735974452,-70.73592786631446,26.913329493430062
837,2026-01-13 16:00:00,1768323900000,Moderate,DOWN,-1,93341.6,0.010793686844879469,0.75,93461.55328750002,93294.92920000001,17.859929679865985,-122.99336513135941,-102.71383071761868,20.279534413740734
838,2026-01-13 17:00:00,1768327500000,Strong,DOWN,-1,93190.6,0.009114653194635558,1.0,93365.33237500001,93144.0047,23.761880940471066,-106.19462926098663,-79.26104249168338,26.93358676930324
839,2026-01-13 19:00:00,1768334700000,Moderate,DOWN,-1,94179.5,0.01269596886795954,1.0,94356.08656250002,94132.41025,23.761880940471755,-142.02570153036066,-115.00717522604512,27.018526304315554
840,2026-01-13 20:00:00,1768338300000,Moderate,DOWN,-1,94349.1,0.008978358034151812,1.0,94526.0045625,94301.92545000001,23.76188094046981,-104.83099583943726,-77.90064163844588,26.930354200991378
841,2026-01-13 21:00:00,1768341900000,Moderate,DOWN,-1,94040.0,0.012243726074010919,1.0,94216.32500000001,93992.98000000001,23.76188094047036,-137.50101124573015,-110.4932109695393,27.007800276190856
842,2026-01-13 22:00:00,1768345500000,Moderate,DOWN,-1,95730.5,-0.0044980439880707435,0.25,95571.99584375,95682.63475000001,-11.56311242255056,30.000440100759015,19.220248146209702,-10.780191954549313
843,2026-01-13 23:00:00,1768349100000,Moderate,DOWN,-1,95375.2,0.0030458651724976082,0.75,95452.20938750001,95327.5124,13.08090228734499,-45.47638991993566,-30.11623058490893,15.360159335026731
844,2026-01-14 00:00:00,1768352700000,Moderate,DOWN,-1,95196.2,-4.201848393103891e-05,1.0,95374.692875,95148.60190000001,23.761880940468615,-14.582106213794857,12.13430801178832,26.71641422558318
845,2026-01-14 01:00:00,1768356300000,Moderate,DOWN,-1,95191.4,-0.002398325899188203,1.0,95369.883875,95143.8043,23.761880940469826,8.99275536956825,35.65328408422515,26.660528714656895
846,2026-01-14 02:00:00,1768359900000,Moderate,DOWN,-1,95299.9,-0.003306404308923594,1.0,95478.58731249999,95252.25005,23.761880940469204,18.078082130302334,44.717073576280626,26.63899144597829
847,2026-01-14 03:00:00,1768363500000,Moderate,DOWN,-1,95665.7,-0.005217125887334695,0.0,95043.35455,95617.86715,-60.08423081626976,37.19485630149821,-22.9672874640768,-60.16214376557501
848,2026-01-14 04:00:00,1768367100000,Moderate,DOWN,-1,95192.2,-0.0034235998327593054,0.0,94730.0113,95144.6039,-43.5749987919182,19.250623639413664,-24.387066794322724,-43.63769043373639
849,2026-01-14 05:00:00,1768370700000,Moderate,DOWN,-1,94963.1,0.0009319409328465422,0.25,95003.84013125,94915.61845000001,9.294748608362182,-24.326572614772527,-14.277151395566545,10.049421219205982
850,2026-01-14 06:00:00,1768374300000,Moderate,DOWN,-1,94984.8,0.0006874784175994186,1.0,95162.8965,94937.30760000001,23.761880940468956,-21.880724538262676,4.852991465008291,26.733716003270967
851,2026-01-14 07:00:00,1768377900000,Moderate,DOWN,-1,95166.6,-0.004234678973505379,0.25,94994.7832875,95119.01670000001,-13.06083860095299,27.365472471289916,15.086419274764205,-12.279053196525709
852,2026-01-14 08:00:00,1768381500000,Moderate,DOWN,-1,94866.3,0.0018468096679220558,1.0,95044.17431249999,94818.86685,23.76188094046879,-33.47983659751932,-6.718624258736881,26.761212338782446
853,2026-01-14 09:00:00,1768385100000,Moderate,DOWN,-1,95051.6,-0.0009184485058642,0.5,95044.9718,95004.07420000002,4.3048259081905815,-5.813421652182746,-0.012249572786296025,5.80117207939645
854,2026-01-14 10:00:00,1768388700000,Moderate,DOWN,-1,95050.1,0.01471750161230756,0.0,94827.5625,95002.57495000001,-18.42186383812424,-162.2511416939221,-180.98799729245388,-18.736855598531776
855,2026-01-14 16:00:00,1768410300000,Moderate,UP,1,97232.2,0.0038444054541602046,1.0,97049.889625,97280.8161,23.73813093453276,23.427340871167267,50.3014948444362,26.874153973268935
856,2026-01-14 19:00:00,1768421100000,Moderate,UP,1,97221.8,-0.003228699736067542,0.0,97481.61644999999,97270.4109,-21.713237154628306,-47.26836317908557,-68.85380966105151,-21.58544648196594
857,2026-01-14 20:00:00,1768424700000,Moderate,UP,1,97606.0,-0.010170481322869462,0.75,97438.25894999999,97654.803,22.17443928487689,-116.65148748495217,-92.41478761933848,24.236699865613687
858,2026-01-14 21:00:00,1768428300000,Moderate,UP,1,97515.0,-0.011433112854432603,1.0,97332.159375,97563.75749999999,23.73813093453166,-129.2714927979262,-102.76067981898682,26.510812978939367
859,2026-01-14 22:00:00,1768431900000,Moderate,UP,1,96825.5,-0.005455174514977901,0.25,96821.06849374998,96873.91274999999,5.454952189903482,-69.52198415769944,-63.346541372478555,6.175442785220876
860,2026-01-15 14:00:00,1768489500000,Strong,DOWN,-1,96013.6,-0.0021528200171643253,1.0,96193.62550000001,95965.59320000002,23.76188094046936,6.536468405847703,33.20281988436073,26.66635147851303
861,2026-01-15 15:00:00,1768493100000,Strong,UP,1,96717.3,-0.012904619959407504,1.0,96535.9550625,96765.65865,23.738130934532748,-143.9792099890802,-117.50339345680625,26.475816532273953
862,2026-01-15 16:00:00,1768496700000,Strong,UP,1,96684.7,-0.015142002819473976,1.0,96503.4161875,96733.04234999999,23.73813093453167,-166.34185726610636,-139.91925179185017,26.42260547425619
863,2026-01-15 17:00:00,1768500300000,Moderate,UP,1,96587.4,-0.010789191964997391,1.0,96406.298625,96635.69369999999,23.73813093453202,-122.83550189902411,-96.30937472758856,26.52612717143555
864,2026-01-16 15:00:00,1768579500000,Strong,DOWN,-1,94537.5,0.0044797038212349705,1.0,94714.7578125,94490.23125000001,23.761880940469002,-59.82194918694183,-32.998291415944706,26.823657770997126
865,2026-01-16 16:00:00,1768583100000,Strong,UP,1,94826.6,0.007281712093442083,1.0,94648.80012500001,94874.0133,23.738130934532432,57.78322931976145,84.73913180655832,26.955902486796866
866,2026-01-16 17:00:00,1768586700000,Strong,UP,1,95041.6,0.004503291190383951,0.5,94962.925025,95089.1208,13.271315786526879,30.012905451114612,44.8550303833432,14.842124932228588
867,2026-01-16 18:00:00,1768590300000,Strong,DOWN,-1,94966.6,0.005338719086499966,0.0,94629.46160000001,94919.11670000001,-30.51599193821865,-68.41639906453186,-99.20460771172883,-30.78820864719697
868,2026-01-16 19:00:00,1768593900000,Strong,DOWN,-1,94961.0,0.0057149777276988,1.0,95139.05187499999,94913.51950000001,23.7618809404682,-72.18086771084305,-45.327912441162496,26.85295526968055
869,2026-01-16 20:00:00,1768597500000,Strong,DOWN,-1,95517.1,-0.0010490268234694122,0.0,95352.3,95469.34145,-12.259584932960093,-4.506985257934552,-16.774875907554538,-12.267890649619988
870,2026-01-16 21:00:00,1768601100000,Strong,DOWN,-1,95469.6,-0.0013135071268760568,0.0,95341.7053,95421.86520000001,-8.400579870452301,-1.860859160818664,-10.261658839869279,-8.400799679050614
871,2026-01-16 22:00:00,1768604700000,Strong,DOWN,-1,95473.6,-0.0016203432152973596,0.0,95432.6598,95425.8632,0.7122387759534501,1.2090366713091334,1.920426428269771,0.7113897569606376
872,2026-01-16 23:00:00,1768608300000,Moderate,DOWN,-1,95503.7,-0.0018816024928877129,0.0,95384.08410000001,95455.94815,-7.528504131252425,3.822936397075275,-3.7008253979756667,-7.523761795050942
873,2026-01-17 00:00:00,1768611900000,Strong,DOWN,-1,95416.9,-0.0015668083955777679,0.0,95189.3815,95369.19155,-18.85410236551387,0.6734206661112262,-18.19613477580911,-18.869555441920333
874,2026-01-17 01:00:00,1768615500000,Strong,DOWN,-1,95344.2,-0.0007729888131632334,0.0,95220.36600000001,95296.5279,-7.9920960058390405,-7.268746241488096,-15.265050125935339,-7.996303884447243
875,2026-01-17 02:00:00,1768619100000,Moderate,DOWN,-1,95318.9,-0.001341811539998794,0.0,95230.66085000001,95271.24055,-4.259386123841913,-1.5776734367292482,-5.83528564791906,-4.257612211189811
876,2026-01-17 03:00:00,1768622700000,Moderate,DOWN,-1,95324.0,-0.002757962317989082,0.0,95241.65535,95276.338,-3.640216524694984,12.590918639211086,8.957603092520701,-3.633315546690385
877,2026-01-17 04:00:00,1768626300000,Strong,DOWN,-1,95267.4,-0.0005647262337377112,0.25,95207.4834,95219.7663,-1.2899527563748716,-9.35241386955629,-9.892449498881353,-0.5400356293250633
878,2026-01-17 05:00:00,1768629900000,Strong,DOWN,-1,95270.5,-0.0005353178580987938,0.0,95029.56145000001,95222.86475000001,-20.30009289339298,-9.64664474138204,-29.987312063933725,-20.340667322551685
879,2026-01-17 06:00:00,1768633500000,Strong,DOWN,-1,95191.0,-0.0012017942872749598,0.0,95081.6354,95143.4045,-6.492210398042355,-2.9785464004498214,-9.470412979456032,-6.491866579006211
880,2026-01-17 07:00:00,1768637100000,Strong,DOWN,-1,95061.1,0.0023437557528787067,0.5,95162.37079375001,95013.56945000001,15.661062373654973,-38.45178342049643,-21.27072074143265,17.181062679063782
881,2026-01-17 08:00:00,1768640700000,Strong,UP,1,95213.6,-9.452431165346553e-06,0.25,95222.2229375,95261.2068,4.0923124753021165,-15.09197832249201,-10.250075109174443,4.841903213317566
882,2026-01-17 09:00:00,1768644300000,Strong,UP,1,95219.5,0.0018924695046707019,0.5,95104.90150625,95267.10974999999,17.026678375743643,3.917736178619441,22.497192477048856,18.579456298429413
883,2026-01-17 10:00:00,1768647900000,Moderate,UP,1,95076.6,0.003610772787415506,0.0,95312.33235,95124.1383,-19.784047809870245,21.09218178326333,1.2858060806857627,-19.806375702577572
884,2026-01-17 11:00:00,1768651500000,Moderate,UP,1,95283.9,0.002572312846136793,0.25,95224.70221875,95331.54194999998,11.207175407487197,10.712772075332014,22.70576086454808,11.992988789216065
885,2026-01-17 12:00:00,1768655100000,Moderate,UP,1,95212.7,0.0005503467499610171,0.0,95382.6675,95260.30635,-12.844925099277408,-9.496784108336337,-22.325876711299788,-12.829092602963449
886,2026-01-17 13:00:00,1768658700000,Strong,DOWN,-1,95399.7,-0.0008553486017250922,0.75,95523.735375,95352.00015,18.010657849844453,-6.4447363509237,13.777149686172748,20.22188603709645
887,2026-01-17 14:00:00,1768662300000,Strong,DOWN,-1,95419.9,-0.00037099179521249415,0.5,95457.81466875001,95372.19005,8.977944063685403,-11.290727411580008,-0.819678697399192,10.471048714180814
888,2026-01-17 15:00:00,1768665900000,Moderate,UP,1,95529.0,-0.0028336944802102026,1.0,95349.88312500001,95576.76449999999,23.738130934530922,-43.32028465977077,-16.604954091023135,26.71533056874764
889,2026-01-17 16:00:00,1768669500000,Moderate,UP,1,95265.1,0.0007106484956189707,0.0,95415.58394999999,95312.73255,-10.790940228896522,-7.894567759929124,-18.676145611954066,-10.781577852024943
890,2026-01-17 17:00:00,1768673100000,Moderate,UP,1,95318.1,-0.0004762998842823274,0.0,95406.77955,95365.75905000001,-4.301386620169592,-19.758119782931747,-24.053461465989656,-4.2953416830579085
891,2026-01-17 18:00:00,1768676700000,Moderate,UP,1,95384.5,-0.002764600118467908,0.25,95307.61223125,95432.19225,13.054297068188644,-42.62968634150704,-28.85097697093893,13.778709370568109
892,2026-01-17 19:00:00,1768680300000,Moderate,UP,1,95258.3,-0.0015788650437810192,0.0,95385.2688,95305.92915,-8.324733907702425,-30.778261307156264,-39.078787897698,-8.300526590541736
893,2026-01-17 20:00:00,1768683900000,Strong,DOWN,-1,95332.8,-0.0027241411140761507,0.0,95203.7743,95285.1336,-8.538509306345395,12.252537409465857,3.7257478456921587,-8.526789563773699
894,2026-01-17 21:00:00,1768687500000,Strong,DOWN,-1,95272.7,-0.003608588819252523,0.0,95102.22510000001,95225.06365,-12.899812852998377,21.10143891198147,8.22513614353029,-12.876302768451179
895,2026-01-17 22:00:00,1768691100000,Strong,DOWN,-1,95120.8,-0.0013856065129813633,0.0,95121.4155,95073.23960000002,5.067240813784938,-1.139504622495758,3.92068224636573,5.0601868688614875
896,2026-01-17 23:00:00,1768694700000,Moderate,DOWN,-1,95107.9,0.0004952270000704306,0.25,94902.28620624999,95060.34605,-16.627316259385864,-19.957248625016195,-35.878841501328424,-15.921592876312229
897,2026-01-18 00:00:00,1768698300000,Moderate,DOWN,-1,95073.1,-0.00016513609001922447,0.0,94946.40305,95025.56345000002,-8.330432057019545,-13.350314256934633,-21.690484993048997,-8.340170736114365
898,2026-01-18 01:00:00,1768701900000,Moderate,UP,1,94928.9,0.002376515476319785,0.25,95006.65413125,94976.36445,-3.1891809531156676,8.755776874761276,6.311633035278059,-2.444143839483218
899,2026-01-18 02:00:00,1768705500000,Strong,UP,1,94989.0,0.0016117655728558056,0.0,95170.96169999999,95036.4945,-14.149006727093095,1.1120996787192228,-13.03261619767571,-14.144715876394933
900,2026-01-18 03:00:00,1768709100000,Moderate,DOWN,-1,95155.0,-0.0017350638432032106,0.0,94972.58995000001,95107.4225,-14.176869318479522,2.356816840452848,-11.822636405840747,-14.179453246293596
901,2026-01-18 04:00:00,1768712700000,Moderate,DOWN,-1,95057.4,0.000974148251477569,0.5,95143.1274125,95009.8713,14.025501842776054,-24.748856943247024,-9.222341979594379,15.526514963652644
902,2026-01-18 05:00:00,1768716300000,Moderate,DOWN,-1,95154.5,0.0008281268883763016,0.0,95045.75335000001,95106.92275000001,-6.431645376729303,-23.287912840181807,-29.732249299909338,-6.44433645972753
903,2026-01-18 06:00:00,1768719900000,Moderate,UP,1,95142.1,-2.3123307137606908e-05,0.5,95051.23754375,95189.67105,14.542912557948494,-15.228618761994376,0.8278592200531253,16.0564779820475
904,2026-01-18 07:00:00,1768723500000,Moderate,UP,1,94989.9,0.0015106869256626965,0.0,95173.563,95037.39494999999,-14.327839064996121,0.10181834745324461,-14.219974406127935,-14.32179275358118
905,2026-01-18 08:00:00,1768727100000,Moderate,UP,1,95150.0,-0.0008260641093011944,0.25,95142.1027625,95197.575,5.827064134774264,-23.254014085968354,-16.68128020583038,6.572733880137976
906,2026-01-18 09:00:00,1768730700000,Moderate,UP,1,95233.3,-0.0013482678852880792,0.5,95124.70019375,95280.91665,16.39535614711118,-28.473442131814863,-10.581498675914819,17.891943455900044
907,2026-01-18 10:00:00,1768734300000,Moderate,UP,1,95139.9,-0.0023344569418297656,0.25,95123.37155625,95187.46994999998,6.733910858609192,-38.33040421618868,-30.86104604334121,7.469358172847475
908,2026-01-18 11:00:00,1768737900000,Moderate,UP,1,95133.4,-0.0006895580311435667,0.5,95033.38568749998,95180.96669999999,15.50530716557783,-21.889635493688157,-4.878713412022209,17.010922081665946
909,2026-01-18 12:00:00,1768741500000,Moderate,UP,1,95071.4,0.000549061021505981,0.75,94984.9579125,95118.93569999999,14.085290853394762,-9.509634967456432,6.846215079413553,16.355850046869982
910,2026-01-18 13:00:00,1768745100000,Moderate,UP,1,95104.9,0.0013280072845878177,0.75,94972.626525,95152.45244999998,18.89871678236317,-1.72406512155908,19.476105506509512,21.20017062806859
911,2026-01-18 14:00:00,1768748700000,Moderate,DOWN,-1,94917.8,0.0050401505302482,0.75,95063.79225000001,94870.3411,20.39110935588362,-65.42921991243816,-42.716809353219745,22.712410559218412
912,2026-01-18 15:00:00,1768752300000,Moderate,DOWN,-1,95067.8,0.0028169369649870823,0.25,95123.063225,95020.26610000001,10.818442130209663,-43.18596263118629,-31.59334847872541,11.592614152460884
913,2026-01-18 16:00:00,1768755900000,Moderate,DOWN,-1,95123.6,0.0014265650164626553,0.25,95155.08965,95076.03820000001,8.314550279608145,-29.275287808529907,-20.201631739647457,9.073656068882451
914,2026-01-18 17:00:00,1768759500000,Moderate,DOWN,-1,95231.2,0.0016297179915825133,0.75,95367.11085000001,95183.5844,19.28131317567873,-31.30783383274093,-9.772620778595426,21.5352130541455
915,2026-01-18 18:00:00,1768763100000,Moderate,DOWN,-1,95396.2,0.0004895373190965113,0.25,95275.0148875,95348.5019,-7.707201585303731,-19.90032335264108,-26.87110587946171,-6.970782526820626
916,2026-01-18 19:00:00,1768766700000,Moderate,DOWN,-1,95335.6,-0.018058311900276514,0.0,95218.5669,95287.93220000001,-7.279547199577591,165.67095448000603,158.51407789881418,-7.156876581191837
917,2026-01-18 20:00:00,1768770300000,Moderate,DOWN,-1,95259.3,-0.027304420670737684,0.5,95371.42733125,95211.67035000001,16.779138593274975,258.17829585530546,275.98010134383276,17.8018054885273
918,2026-01-18 21:00:00,1768773900000,Moderate,UP,1,95386.4,-0.02981766792750329,1.0,95207.55050000001,95434.09319999999,23.738130934530254,-313.0251666916862,-286.95158850347843,26.073578188207726
919,2026-01-18 22:00:00,1768777500000,Moderate,UP,1,95442.9,-0.030659168990045282,1.0,95263.94456250001,95490.62144999999,23.738130934531,-321.4359719144957,-295.38240691341736,26.0535650010784
920,2026-01-18 23:00:00,1768781100000,Moderate,DOWN,-1,93614.0,-0.010227102783771591,0.0,92666.54355,93567.193,-96.25697011130782,87.31968768155667,-8.926953610325274,-96.24664129188194
921,2026-01-19 15:00:00,1768838700000,Moderate,UP,1,93013.5,0.0005665844205411386,0.0,93278.71605,93060.00675,-23.501964768555343,-9.334488550314164,-32.78290900639017,-23.448420456076008
922,2026-01-19 16:00:00,1768842300000,Moderate,UP,1,93264.9,-0.0016887382069782353,0.5,93168.27099374999,93311.53244999998,15.35302791503933,-31.87644384785689,-15.033446751853822,16.842997096003067
923,2026-01-19 17:00:00,1768845900000,Moderate,UP,1,93195.1,-0.0024314583062844397,1.0,93020.35918750001,93241.69755,23.73813093453104,-39.29993309629498,-12.575036255824488,26.724896840470493
924,2026-01-19 18:00:00,1768849500000,Moderate,UP,1,93022.9,-0.005319120345635198,0.25,93108.02561875,93069.41144999999,-4.1489645360833896,-68.16212239515342,-71.53524500397253,-3.373122608819109
925,2026-01-19 19:00:00,1768853100000,Moderate,UP,1,93066.2,-0.005121085850716911,0.0,93234.09375,93112.7331,-13.033732977171342,-66.18276712360749,-79.12640259347125,-12.94363546986377
926,2026-01-19 20:00:00,1768856700000,Moderate,UP,1,93107.4,-0.004632284866723735,0.75,92958.314625,93153.95369999998,21.001693135863608,-61.29720006720208,-38.10926653129048,23.187933535911597
927,2026-01-19 21:00:00,1768860300000,Moderate,UP,1,92968.5,-0.003009621538478169,1.0,92794.1840625,93014.98425,23.73813093453166,-45.07867604675716,-18.36752950259899,26.711146544158172
928,2026-01-19 22:00:00,1768863900000,Moderate,UP,1,92528.1,-9.942925446448925e-05,1.0,92354.60981250001,92574.36405,23.738130934531682,-15.991296896196134,10.78906194650441,26.780358842700544
929,2026-01-19 23:00:00,1768867500000,Moderate,UP,1,92589.6,-0.002080147230358542,0.75,92496.460125,92635.8948,15.05190566799564,-35.78857801457698,-18.50285744617546,17.28572056840152
930,2026-01-20 00:00:00,1768871100000,Moderate,UP,1,92676.1,-0.0070125954803882395,0.75,92528.34637500001,92722.43805,20.932546542329487,-85.08841059858219,-62.01946386406889,23.068946734513297
931,2026-01-20 01:00:00,1768874700000,Moderate,UP,1,92688.7,-0.011852577498659422,1.0,92514.9086875,92735.04435,23.73813093453164,-133.46404296511133,-106.96320599784096,26.50083696727038
932,2026-01-20 02:00:00,1768878300000,Moderate,UP,1,92518.9,-0.01755749365805248,1.0,92345.42706249999,92565.15944999999,23.73813093453276,-190.48469423340816,-164.11953570998102,26.365158523427127
933,2026-01-20 03:00:00,1768881900000,Moderate,UP,1,92397.0,-0.013646546965810469,1.0,92223.755625,92443.1985,23.738130934532016,-151.39477227196903,-124.9366007845768,26.458171487392224
934,2026-01-20 06:00:00,1768892700000,Moderate,UP,1,90894.5,0.0035557707011975026,0.25,91028.30106875,90939.94725,-9.715622388378826,20.542435794078344,11.556598500277989,-8.985837293800357
935,2026-01-20 07:00:00,1768896300000,Strong,DOWN,-1,91136.1,0.0005453382358910908,0.25,91009.94154375003,91090.53195,-8.847286817274513,-20.4586116647438,-28.57299408910579,-8.114382424361994
936,2026-01-20 08:00:00,1768899900000,Moderate,DOWN,-1,91078.9,0.0017687960658288038,0.0,90984.38505,91033.36055,-5.379950789919561,-32.69931031344497,-38.094375739259604,-5.395065425814632
937,2026-01-20 17:00:00,1768932300000,Moderate,UP,1,89739.6,-0.0032761456480751017,1.0,89571.33825000002,89784.4698,23.738130934531725,-47.74258518815694,-21.0377773132143,26.704807874942635
938,2026-01-20 18:00:00,1768935900000,Moderate,UP,1,89471.6,-0.01120579044076564,0.75,89391.6081375,89516.3358,13.933508491529881,-126.99940470530305,-110.95970354184401,16.03970116345905
939,2026-01-20 19:00:00,1768939500000,Strong,UP,1,89694.1,-0.014532728462630207,1.0,89525.92356250001,89738.94705,23.738130934531377,-160.2521585470282,-133.81506286918275,26.437095677845427
940,2026-01-20 20:00:00,1768943100000,Strong,UP,1,89701.0,-0.008979833000746895,1.0,89532.810625,89745.8505,23.73813093453298,-104.7509545302042,-78.18179587473419,26.569158655470012
941,2026-01-20 21:00:00,1768946700000,Moderate,UP,1,89445.6,-0.0051472626937490995,1.0,89277.8895,89490.3228,23.738130934531583,-66.44440473512265,-39.784097119590584,26.660307615532066
942,2026-01-20 22:00:00,1768950300000,Moderate,UP,1,88469.0,0.006172783686941186,1.0,88303.12062500001,88513.23449999999,23.73813093453058,46.699487125850595,73.62901627492683,26.92952914907623
943,2026-01-20 23:00:00,1768953900000,Moderate,UP,1,88390.6,0.011374512674424686,0.5,88640.9668625,88434.7953,-23.313398510236276,98.69078135357167,76.67880210751966,-22.011979246052
944,2026-01-21 00:00:00,1768957500000,Moderate,UP,1,88895.5,0.005679702572121137,0.25,89151.53753125,88939.94774999999,-23.790185018408035,41.771140151136656,18.6645459115346,-23.106594239602057
945,2026-01-21 01:00:00,1768961100000,Moderate,UP,1,88985.2,0.010503993922584831,0.0,89189.47244999999,89029.6926,-17.94680463717469,89.98994425372184,71.89616217423962,-18.09378207948223
946,2026-01-21 02:00:00,1768964700000,Moderate,UP,1,89015.1,0.006777501794639207,0.0,89480.41785,89059.60755,-47.250410323641425,52.743646123330976,5.420373900276347,-47.32327222305463
947,2026-01-21 03:00:00,1768968300000,Strong,DOWN,-1,89396.0,-0.002513535281220558,0.75,89508.70933750001,89351.30200000001,17.616680896267265,10.145425524969703,29.945699110996955,19.800273586027252
948,2026-01-21 04:00:00,1768971900000,Strong,DOWN,-1,89400.4,-0.0026845517469720193,1.0,89568.02574999999,89355.6998,23.761880940468444,11.856445692567668,38.510185871211085,26.653740178643417
949,2026-01-21 05:00:00,1768975500000,Strong,DOWN,-1,89919.9,-0.009468426899940874,0.0,89611.9716,89874.94005,-29.259374176350317,79.72913356619308,50.64720932889332,-29.08192423729977
950,2026-01-21 06:00:00,1768979100000,Moderate,UP,1,89618.4,-0.004657525686689312,1.0,89450.3655,89663.20919999998,23.738130934530847,-61.5494821258286,-34.87752723045049,26.671954895378107
951,2026-01-21 07:00:00,1768982700000,Strong,DOWN,-1,89171.3,-0.004644992278905802,0.5,89207.91165625001,89126.71435000001,9.110321954778057,31.470658118118255,42.034941114544395,10.564282996426144
952,2026-01-21 08:00:00,1768986300000,Strong,DOWN,-1,89160.4,-0.00524784545605439,1.0,89327.57575,89115.8198,23.76188094047092,37.50220566337622,64.09515115213496,26.59294548875874
953,2026-01-21 09:00:00,1768989900000,Strong,DOWN,-1,89068.5,-0.004909704328690867,1.0,89235.5034375,89023.96575,23.76188094046944,34.11910283832822,60.72006815910993,26.60096532078171
954,2026-01-21 10:00:00,1768993500000,Moderate,DOWN,-1,89201.0,0.00621854015089518,0.5,88911.98383750001,89156.3995,-27.414258973074467,-77.21901101445864,-103.39341324809534,-26.17440223363669
955,2026-01-21 11:00:00,1768997100000,Moderate,UP,1,88757.1,0.016674722360239258,1.0,88590.6804375,88801.47855,23.738130934531977,151.6663904071889,178.84568426038,27.179293853191073
956,2026-01-21 12:00:00,1769000700000,Strong,UP,1,88692.5,-0.012742903853200649,0.5,88862.38234375001,88736.84625,-14.147008717926814,-142.36285710345484,-154.80289099394673,-12.440033890491891
957,2026-01-21 13:00:00,1769004300000,Moderate,UP,1,88631.2,-0.008283764633672974,0.0,90148.15155,88675.5156,-166.07018747348522,-97.79374946199904,-259.7168839619979,-161.92313449999887
958,2026-01-21 14:00:00,1769007900000,Moderate,DOWN,-1,89755.7,-0.014646423569756428,1.0,89923.9919375,89710.82215,23.761880940469723,131.53500319916546,157.90503874990932,26.370035550743847
959,2026-01-21 15:00:00,1769011500000,Moderate,DOWN,-1,90237.1,0.000939746512243822,0.0,87730.11300000001,90191.98145,-272.95868329101825,-24.404667456166873,-305.4272953005311,-281.0226278443642
960,2026-01-21 16:00:00,1769015100000,Moderate,UP,1,87562.3,0.029790217936257912,1.0,87398.1206875,87606.08115,23.73813093453182,282.75580146184916,310.24701752043,27.491216058580825
961,2026-01-21 18:00:00,1769022300000,Strong,UP,1,88441.1,0.014556580594316415,0.75,88711.68832500001,88485.32055,-25.582523021103082,130.49555816408193,106.8698087533681,-23.625749410713816
962,2026-01-21 19:00:00,1769025900000,Strong,DOWN,-1,90321.9,-0.01008061167889518,0.0,90042.1564,90276.73905,-25.98483867146247,85.854043810858,60.051232135974566,-25.80281167488343
963,2026-01-21 20:00:00,1769029500000,Moderate,UP,1,90170.8,-0.0033403274674284056,0.5,90193.54707500001,90215.8854,2.4760966320893316,-48.38408263296758,-44.416879367281894,3.9672032656856877
964,2026-01-21 21:00:00,1769033100000,Moderate,UP,1,90203.8,-0.0014711131903533126,1.0,90034.667875,90248.9019,23.738130934532506,-29.70128126290158,-2.953544800033325,26.747736462868257
965,2026-01-21 22:00:00,1769036700000,Moderate,UP,1,89728.5,0.0019313818909265645,1.0,89560.2590625,89773.36425,23.738130934532464,4.3066655764774,31.13532263921389,26.828657062736493
966,2026-01-21 23:00:00,1769040300000,Moderate,UP,1,89411.4,0.00498370453879482,0.0,89964.85994999998,89456.10569999999,-56.87194250397581,34.814638068915464,-21.98911998083799,-56.803758049753455
967,2026-01-22 00:00:00,1769043900000,Moderate,UP,1,89869.6,0.0009869855880075828,0.0,90143.94944999999,89914.5348,-25.514745809483024,-5.132577831006754,-30.594776591516215,-25.46219876050946
968,2026-01-22 01:00:00,1769047500000,Moderate,DOWN,-1,90071.1,-0.0009914389854237537,0.75,90163.81977500001,90026.06445,15.301715768827606,-5.083151721623171,12.437673443098413,17.520825164721582
969,2026-01-22 02:00:00,1769051100000,Moderate,DOWN,-1,89901.8,0.002459350090876944,0.75,89995.27501250002,89856.8491,15.40515986109843,-39.60830506130022,-21.931298682877017,17.677006378423204
970,2026-01-22 03:00:00,1769054700000,Moderate,UP,1,89857.0,-0.000939270173720419,0.25,89981.97722500001,89901.9285,-8.904005323980911,-24.38550898271206,-32.51879575856128,-8.133286775849225
971,2026-01-22 04:00:00,1769058300000,Moderate,UP,1,89958.3,-0.0008859660531601588,0.25,89938.09865624999,90003.27915,7.2420132205830665,-23.85273416451919,-15.865511906404837,7.987222258114355
972,2026-01-22 05:00:00,1769061900000,Moderate,UP,1,89981.8,0.00014669633192476716,0.25,90041.89318749998,90026.79089999999,-1.677532582136145,-13.531271045229188,-14.457929980142614,-0.9266589349134279
973,2026-01-22 06:00:00,1769065500000,Moderate,UP,1,90122.9,-0.0008466216688542971,1.0,89953.91956249998,90167.96144999999,23.738130934533093,-23.459486945069685,3.3031016270087816,26.762588572078467
974,2026-01-22 11:00:00,1769083500000,Strong,DOWN,-1,89909.6,-0.01063290238194814,0.5,89961.63477500001,89864.64520000001,10.792851269166261,91.3797136763199,103.55162928854826,12.171915612228368
975,2026-01-22 12:00:00,1769087100000,Strong,DOWN,-1,89985.8,-0.010878383033767647,1.0,90154.523375,89940.8071,23.761880940470107,93.83574821178263,120.29515192781197,26.459403716029335
976,2026-01-22 18:00:00,1769108700000,Moderate,UP,1,89295.5,0.00010302870805345421,0.25,89703.63850625,89340.14774999999,-40.6861601871501,-13.967729054937303,-53.72294590199112,-39.75521684705381
977,2026-01-22 19:00:00,1769112300000,Moderate,UP,1,89732.9,-0.0023893131727604766,1.0,89564.6508125,89777.76645,23.73813093453264,-38.87869238141372,-12.152793214882427,26.725899166531292
978,2026-01-22 20:00:00,1769115900000,Moderate,UP,1,89370.7,0.0012744669114150842,1.0,89203.1299375,89415.38535,23.738130934533004,-2.259201285206004,24.553832550183255,26.813033835389263
979,2026-01-22 21:00:00,1769119500000,Moderate,UP,1,89222.1,0.00752728303861927,0.25,89258.11378125,89266.71105,0.9630990823878262,60.23771153042823,61.95766861684644,1.7199570864182088
980,2026-01-22 22:00:00,1769123100000,Moderate,UP,1,89304.7,0.0034320702045917972,0.5,89362.48510625001,89349.35234999999,-1.4698210904292912,19.306049021409073,19.332137104768954,0.026088083359878528
981,2026-01-22 23:00:00,1769126700000,Moderate,UP,1,89518.5,0.004106413758049987,0.25,89587.13563125001,89563.25924999999,-2.6658678402244043,26.046114523238842,24.121350322053598,-1.9247642011852462
982,2026-01-23 00:00:00,1769130300000,Moderate,UP,1,89484.6,0.004893579453894903,0.0,89809.4823,89529.3423,-31.290300230430645,33.913837620139724,2.5841611715883626,-31.329676448551357
983,2026-01-23 01:00:00,1769133900000,Moderate,UP,1,89893.7,-0.003558647602668441,1.0,89725.1493125,89938.64684999999,23.738130934531867,-50.566192930218314,-23.868103721161475,26.698089209056842
984,2026-01-23 02:00:00,1769137500000,Moderate,UP,1,89611.2,-0.0015210152302390645,0.0,89910.03255,89656.00559999999,-28.333511882444835,-30.200052276252126,-58.396440047780786,-28.196387771528663
985,2026-01-23 03:00:00,1769141100000,Moderate,DOWN,-1,89886.1,-0.004326586646878794,0.5,89890.85108125,89841.15695,5.531332513633492,28.285008973274028,35.29211860995671,7.007109636682682
986,2026-01-23 04:00:00,1769144700000,Moderate,DOWN,-1,89922.5,-0.008200394784397602,0.0,89649.153,89877.53875,-25.41077038560997,67.04246907851613,41.76323305586611,-25.279236022650032
987,2026-01-23 05:00:00,1769148300000,Strong,DOWN,-1,89573.8,-0.007076846131346515,0.5,89548.2685875,89529.01310000001,2.150753910185952,55.80136199446353,59.437504219364676,3.6361422249011484
988,2026-01-23 06:00:00,1769151900000,Strong,DOWN,-1,89474.9,-0.005122106870194765,0.5,89546.83890624999,89430.16255,13.046644769852117,36.244190797346135,50.71358171058539,14.469390913239254
989,2026-01-23 07:00:00,1769155500000,Moderate,DOWN,-1,89497.2,-0.0036425720581202414,0.25,89359.6546875,89452.4514,-10.37385907794133,21.44144130185439,11.839460132657669,-9.601981169196721
990,2026-01-23 08:00:00,1769159100000,Strong,DOWN,-1,89185.1,0.0003913209717765209,0.5,89089.53209375001,89140.50745,-5.7185400563924285,-18.91766855204063,-23.144583171980873,-4.226914619940244
991,2026-01-23 09:00:00,1769162700000,Moderate,UP,1,88939.9,0.004167983098699368,0.25,89107.10145624999,88984.36995,-13.792479097054994,26.661500236875348,13.587522534601655,-13.073977702273694
992,2026-01-23 12:00:00,1769173500000,Strong,DOWN,-1,89220.0,0.009627886124187413,0.5,89332.03915,89175.39,17.566410418838366,-111.32952600487651,-92.1162318813477,19.213294123528804
993,2026-01-23 13:00:00,1769177100000,Strong,DOWN,-1,89310.6,0.01416853094705428,1.0,89478.057375,89265.94470000001,23.761880940469858,-156.75868881494938,-129.7052371508844,27.053451664064994
994,2026-01-23 14:00:00,1769180700000,Strong,DOWN,-1,88976.0,0.01697424024456029,1.0,89142.82999999999,88931.512,23.76188094046852,-184.82981735428052,-157.7098215302359,27.11999582404461
995,2026-01-23 15:00:00,1769184300000,Moderate,DOWN,-1,89711.2,0.002531456495955986,1.0,89879.40849999999,89666.3444,23.761880940468973,-40.32972982447148,-13.552279435618724,26.777450388852756
996,2026-01-23 16:00:00,1769187900000,Strong,DOWN,-1,90079.0,-0.006911710831603468,1.0,90247.898125,90033.9605,23.761880940470895,54.14918290748821,80.70266581762705,26.55348291013884
997,2026-01-23 17:00:00,1769191500000,Moderate,DOWN,-1,90576.0,-0.014074368486133193,1.0,90745.83,90530.712,23.76188094047048,125.8115906566605,152.19519387282088,26.383603216160388
998,2026-01-23 18:00:00,1769195100000,Strong,DOWN,-1,90486.3,-0.009957308454428992,0.0,89933.91055,90441.05685000001,-56.07478701195734,84.62039474166151,28.762970259831274,-55.85742448183025
999,2026-01-23 20:00:00,1769202300000,Moderate,UP,1,89456.4,-0.0004717381875416482,0.5,89474.21774999998,89501.12819999999,3.006716288522754,-19.712525612609525,-15.207826177109498,4.504699435500027
1000,2026-01-23 21:00:00,1769205900000,Moderate,UP,1,89301.2,0.002369509032353445,0.0,89561.45834999999,89345.85059999999,-24.131814578079087,8.685747449810753,-15.43295641857794,-24.118703868388693
1001,2026-01-23 22:00:00,1769209500000,Moderate,UP,1,89585.3,0.0009030499423454685,0.5,89518.68529375,89630.09264999999,12.429682147606036,-5.971514819133658,7.9786497663541285,13.950164585487785
1002,2026-01-23 23:00:00,1769213100000,Moderate,UP,1,89558.7,0.002006505230647493,0.5,89484.58985625,89603.47935,13.268401474189053,5.057523544702116,19.863558927599993,14.806035382897875
1003,2026-01-24 00:00:00,1769216700000,Moderate,UP,1,89414.2,0.00438968307047416,0.0,89658.807,89458.9071,-22.34544401224906,28.877392008736695,6.49508898774237,-22.382303020994325
1004,2026-01-24 01:00:00,1769220300000,Moderate,UP,1,89512.8,0.0025884566229634753,0.0,89855.9055,89557.5564,-33.313671340857645,10.87412916505315,-22.398239089580922,-33.272368254634074
1005,2026-01-24 02:00:00,1769223900000,Moderate,UP,1,89666.2,-0.000600003122692816,0.0,89839.79744999998,89711.03309999999,-14.353234552149825,-20.994533959947432,-35.31143841086092,-14.31690445091349
1006,2026-01-24 03:00:00,1769227500000,Moderate,UP,1,89738.4,-0.0017517584445454482,0.0,89809.6824,89783.2692,-2.941884410688174,-32.506331279814674,-35.44073132141575,-2.9344000416010743
1007,2026-01-24 04:00:00,1769231100000,Moderate,UP,1,89806.7,-0.0019096570745835706,0.25,89741.82291875001,89851.60334999999,12.217971316811155,-34.08452848159367,-21.131073426215963,12.953455055377708
1008,2026-01-24 05:00:00,1769234700000,Moderate,UP,1,89744.5,-0.0019733799842888144,0.5,89657.57541875,89789.37225,14.678444446970902,-34.721439123326334,-18.557757900415666,16.163681222910665
1009,2026-01-24 06:00:00,1769238300000,Moderate,UP,1,89612.4,-0.0002488494895794835,0.25,89593.3344,89657.20619999999,7.124000703022016,-17.484752519533693,-9.611008999348192,7.8737435201855
1010,2026-01-24 07:00:00,1769241900000,Moderate,UP,1,89581.2,-0.0003650319486677711,0.0,89628.792,89625.99059999999,-0.31256558295838793,-18.645996488432687,-18.958282066325438,-0.3122855778927517
1011,2026-01-24 08:00:00,1769245500000,Moderate,UP,1,89635.2,-0.0015351112063116679,0.25,89635.348275,89680.01759999999,4.980967465822096,-30.340941592320352,-24.617628692352604,5.72331289996775
1012,2026-01-24 09:00:00,1769249100000,Moderate,UP,1,89567.4,-0.002743185578681473,0.0,89625.69045,89612.1837,-1.5072448234514415,-42.41564796283355,-43.91778054636984,-1.5021325835362902
1013,2026-01-24 10:00:00,1769252700000,Moderate,UP,1,89590.1,-0.002035939238822282,0.25,89557.22331874998,89634.89505,8.665345254958929,-35.34671902870816,-25.94584129666499,9.400877732043165
1014,2026-01-24 11:00:00,1769256300000,Moderate,UP,1,89548.5,-0.0035008961624147794,0.25,89520.56799374998,89593.27425,8.115146684687819,-49.98896714057776,-41.14970753647566,8.839259604102104
1015,2026-01-24 12:00:00,1769259900000,Moderate,UP,1,89497.6,-0.0027821975114415975,1.0,89329.79200000002,89542.3488,23.738130934531746,-42.805572328252474,-16.08901702133259,26.71655530691989
1016,2026-01-24 13:00:00,1769263500000,Moderate,UP,1,89321.7,0.0005362638642123496,0.0,89454.60495,89366.36085,-9.874420213676661,-9.637542586582446,-19.5025795538962,-9.865036967313754
1017,2026-01-24 14:00:00,1769267100000,Moderate,UP,1,89407.7,-0.0006274627353124451,0.75,89288.6024625,89452.40384999999,18.311569108267044,-21.268992856694712,-0.6945040282196332,20.574488828475083
1018,2026-01-24 15:00:00,1769270700000,Moderate,UP,1,89235.0,0.0005715246259876405,0.25,89260.73606249999,89279.6175,2.1148654114705914,-9.285111184531342,-6.419647191535064,2.865463992996279
1019,2026-01-24 16:00:00,1769274300000,Moderate,UP,1,89248.6,0.0009535163576794847,0.0,89403.4794,89293.2243,-12.347532622359887,-5.467102871769027,-17.804998247081585,-12.337895375312556
1020,2026-01-24 19:00:00,1769285100000,Moderate,UP,1,89286.0,-0.0011793562260601353,0.0,89278.31684999999,89330.643,5.857581255740883,-26.78516967576281,-20.93399309532248,5.851176580440329
1021,2026-01-24 20:00:00,1769288700000,Moderate,UP,1,89333.7,-0.0006492510665068174,0.25,89371.68568125,89378.36684999999,0.7475151969602902,-21.486767281426804,-19.99005491989339,1.4967123615334132
1022,2026-01-24 21:00:00,1769292300000,Moderate,UP,1,89340.6,-0.0022486976805619063,0.25,89332.73906250001,89385.2703,5.8769456448119195,-37.47324018552603,-30.85899402904889,6.614246156477141
1023,2026-01-24 22:00:00,1769295900000,Moderate,UP,1,89390.0,-0.0031882760935227905,0.75,89257.48845,89434.69499999999,19.814072156223943,-46.86432877084139,-24.83410718787196,22.030221582969425
1024,2026-01-24 23:00:00,1769299500000,Moderate,UP,1,89180.7,-0.002923278242938143,0.0,89305.83059999999,89225.29035,-9.026616745550431,-44.21567459208561,-53.20329338048693,-8.987618788401322
1025,2026-01-25 00:00:00,1769303100000,Moderate,UP,1,89275.7,-0.00334133476410714,0.75,89170.0161,89320.33785,16.82950978672354,-48.39415056578877,-29.350994193383272,19.043156372405495
1026,2026-01-25 01:00:00,1769306700000,Moderate,UP,1,89139.7,-0.0019475048715666965,0.0,89137.64655,89184.26985,5.227749252015882,-34.462817307013154,-29.245128925831967,5.217688381181184
1027,2026-01-25 02:00:00,1769310300000,Moderate,UP,1,89105.0,-0.003310700858537685,1.0,88937.92812499999,89149.55249999999,23.73813093453267,-48.08796460307423,-21.383978545147976,26.703986057926254
1028,2026-01-25 03:00:00,1769313900000,Moderate,UP,1,88920.0,-0.003257984705353101,0.0,89038.79715,88964.45999999999,-8.355825461089369,-47.56106652026989,-55.878556660173345,-8.31749013990345
1029,2026-01-25 12:00:00,1769346300000,Moderate,DOWN,-1,88752.0,-0.0079108076437715,0.5,88814.5176,88707.62400000001,12.050102931400325,64.14514901222203,77.5915107869721,13.446361774750049
1030,2026-01-25 13:00:00,1769349900000,Strong,DOWN,-1,88875.1,-0.011582546742563538,0.0,88642.55655,88830.66245,-21.175784893632702,100.88090787957488,79.89548372857672,-20.985424150998156
1031,2026-01-25 14:00:00,1769353500000,Strong,DOWN,-1,88666.1,-0.014616634767966596,0.0,87980.68765,88621.76695,-72.33880818035276,131.23696616274685,59.400190690598826,-71.83677547214802
1032,2026-01-25 15:00:00,1769357100000,Strong,DOWN,-1,88406.0,-0.022018867497681227,0.0,87904.12595000002,88361.797,-51.795127027576164,205.296323138382,154.35246177429528,-50.94386136408672
1033,2026-01-25 16:00:00,1769360700000,Strong,DOWN,-1,88049.9,-0.01625896224754364,0.0,87818.56875,88005.87505,-21.28338589822323,147.66845670378905,126.67596353305437,-20.99249317073469
1034,2026-01-25 17:00:00,1769364300000,Strong,DOWN,-1,87845.7,-0.015033177491897587,0.25,87420.08360625,87801.77715000001,-43.47218884851545,135.40447715755636,93.1273450367657,-42.277132120790654
1035,2026-01-25 18:00:00,1769367900000,Moderate,UP,1,87370.1,-0.010083541165684773,1.0,87206.2810625,87413.78505,23.73813093453359,-115.78252039664994,-89.23961092733619,26.542909469313756
1036,2026-01-25 19:00:00,1769371500000,Moderate,UP,1,86459.4,0.0019604577408587343,1.0,86297.28862499999,86502.62969999999,23.738130934533185,4.597278769202988,31.426627334840873,26.829348565637883
1037,2026-01-25 20:00:00,1769375100000,Moderate,UP,1,86618.3,0.0021946863422623863,1.0,86455.89068750001,86661.60915,23.738130934532,6.938394225511598,33.7733133852209,26.834919159709308
1038,2026-01-25 21:00:00,1769378700000,Moderate,UP,1,86525.1,0.013137228388063082,1.0,86362.8654375,86568.36255,23.738130934532858,116.3091293159729,143.40429192799598,27.095162612023103
1039,2026-01-26 00:00:00,1769389500000,Moderate,UP,1,86808.4,0.010270895443298178,0.0,87467.01165,86851.80419999998,-70.83415890628285,87.66012437079758,16.63728251427001,-71.02284185652758
1040,2026-01-26 01:00:00,1769393100000,Moderate,UP,1,87661.8,0.0013072969069765072,0.75,87551.2017375,87705.6309,17.607667935948243,-1.9310653975364733,17.971892793110285,19.90295819064676
1041,2026-01-26 02:00:00,1769396700000,Strong,DOWN,-1,87514.8,0.004431250485632088,0.25,87402.06416250001,87471.0426,-7.8858597599461095,-59.33717344304189,-66.51819409772399,-7.181020654682107
1042,2026-01-26 03:00:00,1769400300000,Strong,DOWN,-1,87233.1,0.008434871625564,1.0,87396.6620625,87189.48345000001,23.761880940469382,-99.39341296212025,-72.47594885154338,26.917464110576862
1043,2026-01-26 04:00:00,1769403900000,Strong,DOWN,-1,87700.0,0.002819840364880255,0.75,87805.86591250001,87656.15000000001,17.07990968118078,-43.21501115437926,-23.857589855207635,19.357421299171623
1044,2026-01-26 05:00:00,1769407500000,Strong,DOWN,-1,87776.4,-0.0016633172470048585,0.75,87890.613175,87732.5118,18.020842189088324,1.6389919660317722,21.856480783323043,20.217488817291272
1045,2026-01-26 06:00:00,1769411100000,Strong,DOWN,-1,87902.6,-0.0005062421361825553,0.75,88036.4046375,87858.6487,20.232036359557423,-9.937547411880537,12.503511968621098,22.441059380501635
1046,2026-01-26 07:00:00,1769414700000,Strong,DOWN,-1,87968.9,-0.0018063201881572954,1.0,88133.84168749998,87924.91555,23.76188094046761,3.0697367499496173,29.74430630724594,26.67456955729632
1047,2026-01-26 08:00:00,1769418300000,Strong,DOWN,-1,87947.3,-0.0021058065455107355,0.0,87752.3019,87903.32635,-17.180743467962877,6.066098504359633,-11.116563302369618,-17.18266180672925
1048,2026-01-26 09:00:00,1769421900000,Strong,DOWN,-1,87630.4,0.0032808249192062267,1.0,87794.707,87586.5848,23.761880940470007,-47.827162773449274,-21.031939305864288,26.79522346758499
1049,2026-01-26 10:00:00,1769425500000,Strong,DOWN,-1,87858.1,0.003174436961418392,0.25,87769.21283125001,87814.17095000001,-5.119688344561057,-46.7627509896779,-51.153892821405904,-4.391141831728007
1050,2026-01-26 11:00:00,1769429100000,Strong,DOWN,-1,87810.0,-0.0022833390274455967,0.25,87681.24179999999,87766.095,-9.668107029259112,7.8423114301714305,-1.0678850427744653,-8.910196472945897
1051,2026-01-26 12:00:00,1769432700000,Strong,DOWN,-1,87762.1,-0.002081764223964666,0.75,87859.33236250002,87718.21895000001,16.087126960528632,5.825555017155909,24.111426097007936,18.285871079852026
1052,2026-01-26 13:00:00,1769436300000,Strong,DOWN,-1,87917.9,-0.0029618541844151913,1.0,88082.74606249998,87873.94105,23.76188094046868,14.630857272788043,41.278020555608336,26.647163282820294
1053,2026-01-26 14:00:00,1769439900000,Moderate,DOWN,-1,88137.0,0.002551709270794289,1.0,88302.25687499999,88092.9315,23.76188094046862,-40.53235888738566,-13.75442815515267,26.77793073223299
1054,2026-01-26 15:00:00,1769443500000,Strong,DOWN,-1,87609.5,0.0040646276944853454,1.0,87773.7678125,87565.69525,23.761880940469144,-55.669111500604004,-28.85529826061614,26.813813239987866
1055,2026-01-26 16:00:00,1769447100000,Strong,DOWN,-1,87579.4,0.0001815495424724034,0.5,87697.6730875,87535.6103,18.513926725887735,-16.818904877162048,3.1734097833885975,19.992314660550644
1056,2026-01-26 17:00:00,1769450700000,Moderate,DOWN,-1,87657.5,0.004095485269372201,1.0,87821.85781249999,87613.67125,23.761880940469304,-55.977841614530064,-29.163296512762297,26.814545101767767
1057,2026-01-26 18:00:00,1769454300000,Moderate,DOWN,-1,88361.9,-0.003020532605115922,0.25,88023.51813125002,88317.71905,-33.311652736799125,15.21793501866936,-17.370769342960603,-32.588704361629965
1058,2026-01-26 19:00:00,1769457900000,Strong,DOWN,-1,87965.6,0.003808306883599899,0.25,87731.1904625,87921.61720000001,-21.658693682445755,-53.104621146572576,-74.15388817229066,-21.04926702571808
1059,2026-01-26 20:00:00,1769461500000,Moderate,UP,1,87595.3,0.008266425253409704,0.0,88046.30115,87639.09765,-46.463680128957066,67.6254398141915,21.017640313446538,-46.60779950074497
1060,2026-01-26 21:00:00,1769465100000,Moderate,DOWN,-1,88016.5,0.005761419733800066,0.75,88121.15817500002,87972.49175,16.899194514405423,-72.64552009805035,-53.419148401430625,19.226371696619726
1061,2026-01-26 22:00:00,1769468700000,Moderate,DOWN,-1,88095.0,0.007841534706850561,1.0,88260.17812499999,88050.9525,23.761880940469307,-93.45707560630915,-66.55368391117347,26.90339169513568
1062,2026-01-26 23:00:00,1769472300000,Moderate,DOWN,-1,88300.6,0.005028278403544251,0.25,88199.26105,88256.44970000001,-6.479826708915412,-65.31043925506941,-71.08033094697393,-5.769891691904533
1063,2026-01-27 00:00:00,1769475900000,Moderate,UP,1,88319.4,0.002415097928654353,0.5,88504.4064375,88363.55969999998,-15.939459430810848,9.141408582252843,-5.303146460288252,-14.444555042541097
1064,2026-01-27 01:00:00,1769479500000,Moderate,UP,1,88523.6,-0.0011251236958280675,0.0,88699.72769999999,88567.8618,-14.888685051216827,-26.243115400579626,-41.08551820277894,-14.842402802199318
1065,2026-01-27 02:00:00,1769483100000,Strong,UP,1,88785.8,-0.005523405769841672,0.75,88704.167775,88830.1929,14.187194791062996,-70.20395572055551,-53.83213855710235,16.371817163453162
1066,2026-01-27 03:00:00,1769486700000,Strong,UP,1,88744.6,-0.005146228615600434,1.0,88578.203875,88788.9723,23.738130934531327,-66.434069121442,-39.773736912715464,26.660332208726533
1067,2026-01-27 04:00:00,1769490300000,Strong,UP,1,88532.7,-0.004463887354615781,0.5,88474.96850624999,88576.96634999999,11.515165618448144,-59.614066512900834,-46.64282298683755,12.97124352606328
1068,2026-01-27 05:00:00,1769493900000,Strong,UP,1,88424.0,-0.006462046503211694,0.5,88404.421525,88468.212,7.210553209779079,-79.58567219601926,-70.92012735120288,8.665544844816392
1069,2026-01-27 06:00:00,1769497500000,Strong,UP,1,88295.4,-0.006128292074105701,0.0,88377.46665,88339.5477,-4.292409344088886,-76.24979584313546,-80.51193857682266,-4.262142733687194
1070,2026-01-27 07:00:00,1769501100000,Strong,UP,1,88287.9,-0.0038555679770386764,1.0,88122.36018749999,88332.04394999999,23.73813093453323,-53.533912813979676,-26.842885180098854,26.691027633880818
1071,2026-01-27 08:00:00,1769504700000,Strong,UP,1,88137.5,-0.0021023968231457246,1.0,87972.2421875,88181.56874999999,23.738130934531746,-36.010962750080836,-9.278239931328102,26.73272281875273
1072,2026-01-27 09:00:00,1769508300000,Moderate,UP,1,87852.6,0.0010540382413268823,0.5,87811.23911250001,87896.5263,9.703135162462466,-4.462386393533805,6.755551436685467,11.21793783021927
1073,2026-01-27 10:00:00,1769511900000,Strong,UP,1,87754.3,-0.00048088811602386983,0.0,88022.08905,87798.17715,-25.503023783449002,-19.80397917065381,-45.217188474577476,-25.41320930392366
1074,2026-01-27 11:00:00,1769515500000,Strong,UP,1,87947.5,0.0005980840842547686,0.0,87930.44325,87991.47374999999,6.935956110178628,-9.019649332785363,-2.07819869599092,6.9414506367944435
1075,2026-01-27 12:00:00,1769519100000,Moderate,DOWN,-1,87952.2,0.007421076448343555,0.25,87962.170725,87908.2239,6.136721071895796,-89.25038967827412,-82.31882830454279,6.931561373731323
1076,2026-01-27 15:00:00,1769529900000,Strong,UP,1,88000.1,0.0042954496642617634,0.0,88175.56575,88044.10005000001,-14.931801213860677,27.935528878178086,12.969430167791302,-14.966098710386786
1077,2026-01-27 16:00:00,1769533500000,Strong,UP,1,88604.9,0.008523230656543923,1.0,88438.76581249999,88649.20244999998,23.73813093453222,70.19221046021079,97.17763963976493,26.98542917955414
1078,2026-01-27 17:00:00,1769537100000,Moderate,DOWN,-1,87510.4,0.017473351738764853,1.0,87674.48199999999,87466.6448,23.761880940469606,-189.82342910219936,-162.691595645813,27.131833456386367
1079,2026-01-27 18:00:00,1769540700000,Strong,UP,1,88249.6,0.010804581550511339,0.75,88253.3964,88293.7248,4.567527317637698,92.99431834594088,99.8609972805543,6.866678934613415
1080,2026-01-27 19:00:00,1769544300000,Moderate,UP,1,88378.1,0.009274922180947609,0.0,89478.81705,88422.28905,-119.48661489667589,77.70536912491418,-41.40598627303604,-119.11135539795022
1081,2026-01-27 21:00:00,1769551500000,Moderate,UP,1,89039.5,0.003599526053043922,0.25,89195.46450625002,89084.01974999999,-12.51007268899405,20.97977064511706,9.196621099041474,-11.783149546075585
1082,2026-01-27 22:00:00,1769555100000,Strong,UP,1,89203.1,0.00047083565481464973,0.25,89245.86359375001,89247.70155,0.20593877691748622,-10.291497703000749,-9.335560688109608,0.9559370148911402
1083,2026-01-27 23:00:00,1769558700000,Strong,UP,1,89197.8,-0.0013229025827991014,0.25,89360.2474125,89242.3989,-13.2054397856399,-28.21991587005594,-40.633911819918254,-12.41399594986232
1084,2026-01-28 07:00:00,1769587500000,Strong,UP,1,89106.8,0.010438036154367447,1.0,88939.72475000001,89151.35339999999,23.73813093453096,89.33069619557806,116.36166466492078,27.030968469342714
1085,2026-01-28 08:00:00,1769591100000,Strong,UP,1,88901.1,0.011854746454205811,0.25,89367.84388124998,88945.55055,-47.47773538290622,103.4907191824673,56.45105009249404,-47.03966908997326
1086,2026-01-28 09:00:00,1769594700000,Strong,UP,1,89542.6,0.007566231045334826,0.75,89402.13195000001,89587.3713,20.676948917239734,60.62699695487181,83.74312574083373,23.116128785961926
1087,2026-01-28 10:00:00,1769598300000,Moderate,UP,1,89368.4,0.002346466983855766,0.25,89852.26501249998,89413.08419999998,-49.118181799615776,8.455442117499722,-39.762866032017264,-48.21830814951698
1088,2026-01-28 11:00:00,1769601900000,Moderate,UP,1,90036.9,-0.006580635272871449,1.0,89868.08081249999,90081.91844999998,23.738130934532013,-80.77096724509077,-54.14474913333904,26.626218111751726
1089,2026-01-28 12:00:00,1769605500000,Moderate,UP,1,89955.0,-0.0040709243510643756,0.0,90205.18005,89999.9775,-22.800289033405793,-55.68640031048793,-78.33089293301539,-22.644492622527455
1090,2026-01-28 18:00:00,1769627100000,Strong,DOWN,-1,89501.0,-0.0017195338599568233,0.25,89514.2035625,89456.2495,6.478481137306521,2.201439319228281,9.417826540323203,7.216387221094921
1091,2026-01-28 19:00:00,1769630700000,Strong,DOWN,-1,89363.6,-0.0011402853063217089,1.0,89531.15675,89318.91820000001,23.761880940467993,-3.593943908736512,23.09642227145664,26.690366180193152
1092,2026-01-28 20:00:00,1769634300000,Strong,DOWN,-1,89099.9,0.00013580262155188372,1.0,89266.96231249999,89055.35005,23.761880940470114,-16.361206818927815,10.359424862863657,26.720631681791474
1093,2026-01-28 21:00:00,1769637900000,Strong,DOWN,-1,89369.3,-0.009036660240149597,0.0,89312.02165,89324.61535000001,-1.409880126622026,75.40930705502447,74.01127151061392,-1.3980355444105381
1094,2026-01-28 22:00:00,1769641500000,Strong,DOWN,-1,89347.1,-0.01666758070491392,0.25,89143.16605624999,89302.42645000001,-17.833826031501335,151.75668539183562,134.92998744166016,-16.82669795017546
1095,2026-01-28 23:00:00,1769645100000,Strong,DOWN,-1,89261.7,-0.014098992064905724,0.0,88956.39955,89217.06915,-29.2174583275911,126.05794962386955,97.1535667834934,-28.90438284037615
1096,2026-01-29 00:00:00,1769648700000,Strong,DOWN,-1,89112.0,-0.009449905736601205,0.0,88595.68000000001,89067.444,-52.9670526977282,79.54382928065263,26.77154461707539,-52.772284663577246
1097,2026-01-29 01:00:00,1769652300000,Strong,DOWN,-1,88561.7,-0.004656640511643273,0.5,88288.32613125001,88517.41915,-25.88112271571925,31.58719871579069,7.246830565496364,-24.340368150294328
1098,2026-01-29 02:00:00,1769655900000,Moderate,UP,1,87857.9,0.004816869057876483,0.0,88070.31315,87901.82895,-19.167314493062804,33.147117020255166,13.933927615426452,-19.21318940482871
1099,2026-01-29 03:00:00,1769659500000,Moderate,UP,1,88003.2,0.0034964637649539387,0.5,88099.3608,88047.20159999999,-5.924004289990877,19.949662818131912,15.511434144253096,-4.4382286738788155
1100,2026-01-29 04:00:00,1769663100000,Moderate,UP,1,88269.9,-0.002739325636485268,0.5,88218.10355624999,88314.03494999999,10.86253094474848,-42.37706783093606,-30.03793253204911,12.339135298886955
1101,2026-01-29 05:00:00,1769666700000,Moderate,UP,1,88149.3,-0.0033828969713882717,0.0,88358.85734999999,88193.37465,-18.76362035773321,-48.809564931416546,-67.46535947026769,-18.655794538851143
1102,2026-01-29 06:00:00,1769670300000,Strong,DOWN,-1,88281.1,-0.004089210487862038,0.25,88026.99113124999,88236.95945000001,-23.795960338932495,25.910059908575366,2.8929949923662885,-23.017064916209076
1103,2026-01-29 07:00:00,1769673900000,Moderate,UP,1,88310.9,-0.005839596244631151,1.0,88145.31706249999,88355.05544999999,23.738130934532073,-73.36428030615744,-46.720438268063795,26.64384203809364
1104,2026-01-29 14:00:00,1769699100000,Strong,DOWN,-1,86978.7,-0.04067432601315035,0.0,84491.03335000001,86935.21065000001,-281.1492928728523,391.9442322476288,114.28932495711015,-277.6549072905186
1105,2026-01-29 18:00:00,1769713500000,Strong,UP,1,83440.9,0.013047558211860322,0.0,83988.27315,83482.62044999999,-60.569816480887205,115.41287568076312,54.45267055714102,-60.9602051236221
1106,2026-01-29 19:00:00,1769717100000,Moderate,UP,1,83979.4,0.0074458736309142015,0.75,84002.44908749999,84021.38969999999,2.2542607980685476,59.42402429699541,63.944446893171005,4.520422596175598
1107,2026-01-29 20:00:00,1769720700000,Moderate,UP,1,84186.3,-0.00034328625916579814,0.0,84574.36605,84228.39315,-41.075566927159564,-18.42864826752418,-59.30170564370466,-40.873057376180476
1108,2026-01-29 21:00:00,1769724300000,Moderate,UP,1,84491.0,-0.024337503402729332,0.75,84392.2268625,84533.24549999999,16.682032810391778,-258.2509085730056,-239.7058252313208,18.545083341684755
1109,2026-01-29 22:00:00,1769727900000,Moderate,UP,1,84529.6,-0.02841016637958771,0.5,84557.161475,84571.8648,1.7385598667791167,-298.9571852032746,-295.76856869694785,3.1886165063267633
1110,2026-01-29 23:00:00,1769731500000,Strong,DOWN,-1,84604.7,-0.02321147643097843,0.25,84210.42591875,84562.39765,-41.622723696505744,217.22837849903428,177.13142505826465,-40.09695344076962
1111,2026-01-30 00:00:00,1769735100000,Strong,DOWN,-1,84157.4,-0.014862626459467454,0.0,81968.59520000001,84115.3213,-255.21225703265375,133.69811365150076,-124.43465606691221,-258.132769718413
1112,2026-01-30 01:00:00,1769738700000,Moderate,UP,1,82434.7,0.005323001114821757,1.0,82280.1349375,82475.91734999999,23.73813093453149,38.20590819412222,65.11522719921658,26.90931900509435
1113,2026-01-30 02:00:00,1769742300000,Strong,UP,1,82128.1,0.005268598689120996,0.25,82652.70349374998,82169.16405,-58.84682524648102,37.66215581330309,-20.36923625788374,-58.03139207118682
1114,2026-01-30 06:00:00,1769756700000,Strong,UP,1,82560.8,0.002814895204503731,0.5,82580.87267499999,82602.08039999999,2.567456521349335,13.137383353362306,17.211441175443557,4.074057822081251
1115,2026-01-30 09:00:00,1769767500000,Strong,UP,1,82320.5,0.004669553756354583,0.75,82333.10193749999,82361.66025,3.467427977207648,31.674700213439824,37.40778632781766,5.733086114377834
1116,2026-01-30 14:00:00,1769785500000,Strong,UP,1,83061.4,0.01006363966896795,1.0,82905.659875,83102.93069999998,23.73813093453094,85.58860238848598,112.61066668972163,27.022064301235638
1117,2026-01-30 15:00:00,1769789100000,Strong,UP,1,82850.2,0.01629205481700713,1.0,82694.855875,82891.62509999999,23.738130934532297,147.8416273563938,175.0118203331963,27.17019297680253
1118,2026-01-30 17:00:00,1769796300000,Strong,UP,1,82908.0,0.016069619337096608,1.0,82752.5475,82949.454,23.73813093453241,145.6183841788766,172.78328703415474,27.16490285527815
1119,2026-01-30 18:00:00,1769799900000,Strong,UP,1,83897.3,0.0035019005379195445,1.0,83739.9925625,83939.24865,23.738130934531643,20.0040033775084,46.870011651041764,26.866008273533364
1120,2026-01-30 19:00:00,1769803500000,Moderate,UP,1,84200.0,0.00013539192399036892,1.0,84042.125,84242.09999999999,23.7381309345317,-13.644258630779278,13.14168489909009,26.785943529869368
1121,2026-01-30 20:00:00,1769807100000,Strong,UP,1,83890.3,0.001642621375772979,0.5,83995.65003125,83932.24515,-7.554293482401482,1.420503505976255,-4.636708420265367,-6.057211926241622
1122,2026-01-30 23:00:00,1769817900000,Moderate,DOWN,-1,84211.4,-0.0026587849151064047,0.0,84124.71660000001,84169.2943,-5.296195051973937,11.59864847530201,6.311092095853108,-5.287556379448902
1123,2026-01-31 08:00:00,1769850300000,Moderate,UP,1,83031.1,-0.0035589074455234515,0.5,82966.08325625,83072.61555,12.8239965775343,-50.56879006020371,-36.28041908259318,14.288370977610537
1124,2026-01-31 14:00:00,1769871900000,Moderate,UP,1,81452.5,-0.042425953776740966,1.0,81299.7765625,81493.22624999999,23.73813093453145,-439.04501525977935,-413.27129644825095,25.7737188115284
1125,2026-01-31 15:00:00,1769875500000,Strong,UP,1,81268.6,-0.04381396997118214,1.0,81116.22137500001,81309.2343,23.738130934531277,-452.91824059152435,-427.17753258541916,25.7407080061052
1126,2026-01-31 16:00:00,1769879100000,Moderate,UP,1,80320.9,-0.029434431138097295,1.0,80170.29831249999,80361.06044999999,23.738130934532947,-309.1947140239602,-283.1120214211366,26.082692602823617
1127,2026-01-31 17:00:00,1769882700000,Moderate,UP,1,78857.1,-0.007668301269004418,1.0,78709.2429375,78896.52855,23.73813093453225,-91.64219159424707,-65.04184114218629,26.600350452060784
1128,2026-01-31 18:00:00,1769886300000,Moderate,UP,1,77996.8,0.0015090362681544622,1.0,77850.55600000001,78035.7984,23.73813093453123,0.08532002153518363,26.903932555085223,26.81861253355004
1129,2026-01-31 19:00:00,1769889900000,Strong,UP,1,77707.9,0.012854548893999285,1.0,77562.1976875,77746.75394999998,23.73813093453113,113.48374706646118,140.57218679022446,27.088439723763276
1130,2026-01-31 20:00:00,1769893500000,Strong,UP,1,77956.7,0.011602594773765462,1.0,77810.5311875,77995.67834999999,23.73813093453057,100.97046250640243,128.02912735143738,27.05866484503494
1131,2026-01-31 21:00:00,1769897100000,Moderate,DOWN,-1,78252.4,0.003225460177579409,0.75,78342.19662500001,78213.2738,16.483496820461188,-47.27323839499064,-28.505529204564407,18.767709190426235
1132,2026-01-31 22:00:00,1769900700000,Moderate,DOWN,-1,78114.5,0.009497596476966352,1.0,78260.9646875,78075.44275,23.761880940470427,-110.02597775854332,-83.0833085661024,26.942669192440913
1133,2026-01-31 23:00:00,1769904300000,Strong,UP,1,78706.8,0.0015182932097352886,0.5,78631.478775,78746.1534,14.562568461915456,0.17784317576676834,16.276492574618626,16.098649398851858
1134,2026-02-01 00:00:00,1769907900000,Moderate,DOWN,-1,78861.2,0.0009751309896375293,0.0,78513.5236,78821.7694,-39.106683641639265,-24.758689240995537,-64.0768495072364,-39.31816026624087
1135,2026-02-01 01:00:00,1769911500000,Moderate,DOWN,-1,78504.8,0.0010075817020105404,1.0,78651.99650000001,78465.5476,23.761880940470622,-25.08335869945408,1.6579493249118218,26.741308024365907
1136,2026-02-01 02:00:00,1769915100000,Moderate,DOWN,-1,78856.4,-0.007526339016237116,0.0,78735.6125,78816.9718,-10.322561009632247,60.29853943208779,50.03795296569372,-10.260586466394077
1137,2026-02-01 03:00:00,1769918700000,Moderate,DOWN,-1,78826.3,-0.006412834295152714,1.0,78974.09931250001,78786.88685000001,23.76188094047019,49.15792191248472,75.72323688237397,26.56531496988925
1138,2026-02-01 04:00:00,1769922300000,Moderate,DOWN,-1,78938.1,-0.00464667885343073,0.0,78580.69,78898.63095,-40.29739758114317,31.487532300457897,-8.805049942931346,-40.29258224338924
1139,2026-02-01 05:00:00,1769925900000,Moderate,DOWN,-1,78583.9,0.005256801965797031,0.75,78568.78077499999,78544.60805,3.0775791744493555,-67.59681806700291,-62.25246532732881,5.344352739674101
1140,2026-02-01 06:00:00,1769929500000,Moderate,DOWN,-1,78262.9,-0.0002938812643027422,1.0,78409.6429375,78223.76855,23.76188094047117,-12.062218466205662,14.648222226353955,26.710440692559615
1141,2026-02-01 07:00:00,1769933100000,Moderate,DOWN,-1,78320.8,0.004996118527900606,1.0,78467.6515,78281.63960000001,23.761880940469936,-64.98867961881527,-38.152773828078516,26.835905790736753
1142,2026-02-01 08:00:00,1769936700000,Moderate,DOWN,-1,78571.3,-0.0019180031385505059,1.0,78718.62118750002,78532.01435000001,23.761880940470636,4.187124947980703,30.859045674866735,26.67192072688603
1143,2026-02-01 09:00:00,1769940300000,Moderate,DOWN,-1,78997.0,-0.009067432940491393,0.75,78928.47080000001,78957.5015,-3.6767500805466127,75.71718799891374,74.32061323174817,-1.3965747671655735
1144,2026-02-01 10:00:00,1769943900000,Strong,UP,1,78239.9,-0.0007732627470127262,0.0,78579.57015,78279.01994999999,-38.39473209960806,-22.726264337957257,-60.92546946186182,-38.19920512390456
1145,2026-02-01 11:00:00,1769947500000,Moderate,DOWN,-1,78712.1,-0.01458860835881648,0.0,78519.72050000001,78672.74395,-19.450630843287538,130.9565618690996,111.74272831243806,-19.213833556661548
1146,2026-02-01 12:00:00,1769951100000,Moderate,DOWN,-1,78420.6,-0.01225953384697398,1.0,78567.638625,78381.38970000001,23.761880940469286,107.65416555251723,134.0808119473388,26.42664639482156
1147,2026-02-01 13:00:00,1769954700000,Moderate,DOWN,-1,78280.7,-0.007277655922852011,0.75,78259.980225,78241.55965,2.354321038897007,57.81046446074974,62.39827034477526,4.587805884025522
1148,2026-02-01 14:00:00,1769958300000,Strong,UP,1,78179.4,-0.002347165621634395,1.0,78032.813625,78218.48969999999,23.738130934532194,-38.457427502591734,-11.730525952504518,26.726901550087216
1149,2026-02-01 15:00:00,1769961900000,Strong,UP,1,77563.8,-0.005432946812817474,1.0,77418.367875,77602.5819,23.738130934533814,-69.29981821906502,-42.64630494995463,26.65351326911038
1150,2026-02-01 16:00:00,1769965500000,Moderate,DOWN,-1,77459.2,-0.004979395604395531,1.0,77604.43599999999,77420.4704,23.761880940467826,34.816364226069794,61.41567665023518,26.599312424165383
1151,2026-02-01 17:00:00,1769969100000,Moderate,DOWN,-1,77711.0,-0.01572492954665361,1.0,77856.70812499999,77672.14450000001,23.761880940467744,142.32545819563526,168.66991437707802,26.344456181442744
1152,2026-02-01 18:00:00,1769972700000,Strong,UP,1,77995.9,-0.01005822100905307,1.0,77849.6576875,78034.89794999998,23.738130934530346,-115.52944536784523,-88.98593371624948,26.543511651595743
1153,2026-02-01 19:00:00,1769976300000,Moderate,UP,1,77142.4,-0.0027339050898078643,1.0,76997.75799999999,77180.97119999999,23.738130934532524,-42.32288945335083,-15.605185621117318,26.717703832233518
1154,2026-02-01 20:00:00,1769979900000,Moderate,UP,1,77073.5,0.007331962347629339,1.0,76928.98718750001,77112.03675,23.738130934531362,58.28548073592499,85.24257831062398,26.957097574698984
1155,2026-02-01 21:00:00,1769983500000,Moderate,UP,1,76489.0,0.012984873641961547,1.0,76345.58312499999,76527.2445,23.73813093453412,114.78634324799144,141.87788244920907,27.091539201217643
1156,2026-02-01 22:00:00,1769987100000,Strong,UP,1,77211.4,-0.009897502182320217,1.0,77066.628625,77250.0057,23.738130934532307,-113.92306029305539,-87.37572631003367,26.54733398302172
1157,2026-02-01 23:00:00,1769990700000,Moderate,UP,1,76931.5,-0.00877793881569977,0.75,76941.21179999999,76969.96575,3.73573636415617,-102.73302164617449,-96.78054474637129,5.952476899803213
1158,2026-02-02 00:00:00,1769994300000,Strong,UP,1,77638.6,-0.02295636448879812,1.0,77493.027625,77677.41930000001,23.73813093453353,-244.44642167714315,-218.20966300611738,26.23675867102576
1159,2026-02-02 01:00:00,1769997900000,Strong,UP,1,77482.2,-0.026233121929939873,1.0,77336.920875,77520.9411,23.738130934532762,-277.1976204891546,-251.03879203446377,26.158828454690834
1160,2026-02-02 03:00:00,1770005100000,Moderate,UP,1,76256.2,0.004673718333722432,1.0,76113.219625,76294.3281,23.73813093453285,31.71632517463733,58.610202466850104,26.89387729221278
1161,2026-02-02 04:00:00,1770008700000,Moderate,UP,1,75856.3,0.012851931876455724,1.0,75714.0694375,75894.22815,23.738130934531846,113.45758996957424,140.54596745353348,27.08837748395924
1162,2026-02-02 05:00:00,1770012300000,Moderate,UP,1,75449.6,0.029375901263889892,1.0,75308.13200000001,75487.3248,23.738130934531384,278.6147052862572,306.09606776596013,27.48136247970292
1163,2026-02-02 06:00:00,1770015900000,Moderate,UP,1,76511.3,0.012442606516945842,0.75,76492.4925375,76549.55565,7.4544015331580455,109.36638197847046,119.16539134040744,9.799009361936978
1164,2026-02-02 07:00:00,1770019500000,Moderate,UP,1,76612.6,0.014403635955443361,0.0,76806.7842,76650.9063,-20.336080488064916,128.96687611637586,108.39003669678586,-20.576839419589998
1165,2026-02-02 09:00:00,1770026700000,Moderate,UP,1,77666.0,0.00651636494733876,1.0,77520.37625,77704.833,23.738130934532418,50.133582682045926,77.07128312925398,26.93770044720805
1166,2026-02-02 11:00:00,1770033900000,Moderate,UP,1,77716.1,0.01395463745607417,0.0,77817.58935,77754.95805,-8.054959011066387,124.47913499324493,116.32242378759977,-8.156711205645154
1167,2026-02-03 14:00:00,1770131100000,Moderate,UP,1,77164.5,-0.05252156108054873,0.5,77351.09139375,77203.08224999999,-19.17140345131864,-539.9506354877425,-556.5713093199547,-16.620673832212148
1168,2026-02-03 15:00:00,1770134700000,Strong,UP,1,78094.1,-0.04098004842875458,1.0,77947.6735625,78133.14705,23.738130934532666,-424.59318769369816,-398.78508131501064,25.80810637868747
1169,2026-02-03 16:00:00,1770138300000,Moderate,UP,1,76458.2,-0.0003439788014889533,1.0,76314.840875,76496.4291,23.73813093453267,-18.43557022977426,8.338972558658273,26.774542788432534
1170,2026-02-03 17:00:00,1770141900000,Moderate,UP,1,74882.4,0.017594254457656167,1.0,74741.99549999999,74919.8412,23.73813093453344,160.85711601855135,188.058278849404,27.201162830852653
1171,2026-02-03 18:00:00,1770145500000,Moderate,UP,1,73111.7,0.03502585769445932,0.25,74236.93893125,73148.25584999999,-148.8324046280062,335.08603392763104,184.12557413021273,-150.9604597974183
1172,2026-02-03 19:00:00,1770149100000,Strong,UP,1,74893.8,0.011197188552323212,1.0,74753.374125,74931.2469,23.738130934532222,96.91842631007867,123.96744949102884,27.049023180950176
1173,2026-02-03 20:00:00,1770152700000,Strong,UP,1,76431.9,-0.007338558900145009,1.0,76288.5901875,76470.11594999999,23.738130934531956,-88.34641579355318,-61.73822316989427,26.608192623658912
1174,2026-02-03 21:00:00,1770156300000,Moderate,UP,1,76199.9,0.0025210006837279586,1.0,76057.0251875,76237.99994999998,23.73813093453107,10.199906883839619,37.0425866873186,26.842679803478976
1175,2026-02-03 22:00:00,1770159900000,Strong,DOWN,-1,75672.5,0.003360533879546823,1.0,75814.38593749999,75634.66375,23.76188094046777,-48.62465112102728,-21.82753716328807,26.79711395773921
1176,2026-02-03 23:00:00,1770163500000,Strong,DOWN,-1,75732.4,0.012262915211983305,1.0,75874.39825,75694.5338,23.761880940469396,-137.69299861914214,-110.68474322628417,27.008255392857986
1177,2026-02-04 00:00:00,1770167100000,Moderate,DOWN,-1,75871.0,0.007605013773378522,1.0,76013.25812500001,75833.06450000001,23.76188094047022,-91.0906830753216,-64.19290104432585,26.897782030995756
1178,2026-02-04 01:00:00,1770170700000,Moderate,DOWN,-1,76392.0,-0.0017933815059169023,0.75,76449.65137500002,76353.804,12.553058260203002,2.940285201769872,17.711381641260072,14.7710964394902
1179,2026-02-04 02:00:00,1770174300000,Strong,DOWN,-1,75926.8,0.00908901731667866,1.0,76069.16275,75888.83660000001,23.76188094046938,-105.93814223790386,-79.00516348525092,26.932978752652932
1180,2026-02-04 03:00:00,1770177900000,Strong,DOWN,-1,76661.1,-0.0023766943078042946,0.5,76556.82074375001,76622.76945,-8.60693325539899,8.776331243664393,1.6781582611470613,-7.098172982517331
1181,2026-02-04 04:00:00,1770181500000,Strong,DOWN,-1,76448.0,0.0012204374215152303,0.25,76475.94485,76409.776,8.659736157321262,-27.21298070550618,-17.7958440726938,9.41713663281238
1182,2026-02-04 05:00:00,1770185100000,Strong,DOWN,-1,76255.0,-0.0022700150809783493,1.0,76397.978125,76216.8725,23.761880940469776,7.709005312439643,34.37257722748145,26.663571915041803
1183,2026-02-04 06:00:00,1770188700000,Strong,DOWN,-1,76616.9,-0.004569487932818861,0.0,76224.86850000001,76578.59155,-46.19085345400113,30.715236946662607,-15.501026216921778,-46.21626316358439
1184,2026-02-04 07:00:00,1770192300000,Strong,DOWN,-1,76478.9,-0.006423994068952221,0.25,76345.44479375001,76440.66055,-12.45616607246762,49.26957547726145,37.62179368942482,-11.647781787836628
1185,2026-02-04 08:00:00,1770195900000,Strong,DOWN,-1,76541.3,-0.0049816242995611715,0.0,76022.76960000001,76503.02935000001,-62.776566376583276,34.838662326776415,-28.051223432405152,-62.88988575918157
1186,2026-02-04 09:00:00,1770199500000,Strong,DOWN,-1,76081.9,-0.016344229047907555,0.75,76085.3932125,76043.85905,5.46186937628859,148.52155125470384,156.1439039215135,7.622352666809655
1187,2026-02-04 10:00:00,1770203100000,Strong,DOWN,-1,76266.8,-0.02540948354985406,0.0,76047.85704999999,76228.66660000001,-23.719364126988406,239.2194452211521,216.03622464599053,-23.183220575161595
1188,2026-02-04 11:00:00,1770206700000,Moderate,UP,1,75987.6,-0.02474877480009907,0.0,76098.83039999999,76025.5938,-9.633150671950327,-262.36156721738126,-271.74257732087193,-9.38101010349069
1189,2026-02-04 12:00:00,1770210300000,Strong,DOWN,-1,76160.0,-0.03349396008403349,0.0,74985.6884,76121.92,-149.26470588235284,320.10465316691864,173.5801510091882,-146.52450215773044
1190,2026-02-04 13:00:00,1770213900000,Moderate,UP,1,74838.4,-0.03065538547056057,1.0,74698.078,74875.81919999998,23.738130934531334,-321.39815562779006,-295.34450064431337,26.05365498347667
1191,2026-02-04 14:00:00,1770217500000,Strong,UP,1,74328.9,-0.012518683849754297,1.0,74189.5333125,74366.06444999999,23.73813093453104,-140.1217776087379,-113.63678246466517,26.484995144072705
1192,2026-02-04 15:00:00,1770221100000,Strong,UP,1,74107.0,-0.002856680205648554,1.0,73968.049375,74144.0535,23.738130934531682,-43.55002704296328,-16.83524313736838,26.7147839055949
1193,2026-02-04 16:00:00,1770224700000,Strong,UP,1,73609.1,-0.0016329502738113844,1.0,73471.0829375,73645.90455,23.738130934533213,-31.318843316455997,-4.574955780201623,26.74388753625437
1194,2026-02-04 17:00:00,1770228300000,Moderate,UP,1,72544.2,0.0031511823136791683,0.0,73667.71544999999,72580.4721,-149.79832984580295,16.498573849866688,-131.48000579811466,-147.97857964798135
1195,2026-02-04 18:00:00,1770231900000,Strong,UP,1,73398.4,-0.012088819374809101,1.0,73260.77799999999,73435.0992,23.73813093453352,-135.82528110753765,-109.33006261549468,26.495218492042955
1196,2026-02-04 19:00:00,1770235500000,Moderate,UP,1,73895.3,-0.010256403316584506,1.0,73756.7463125,73932.24765,23.738130934532467,-117.51027802683213,-90.97147969026507,26.53879833656706
1197,2026-02-04 21:00:00,1770242700000,Moderate,UP,1,72772.8,-0.005271200228656903,1.0,72636.35100000001,72809.1864,23.738130934532222,-67.68316070621671,-41.025800662813104,26.657360043403614
1198,2026-02-04 22:00:00,1770246300000,Moderate,UP,1,72511.1,-0.014921853343832892,0.25,72888.92785625,72547.35555000001,-47.082668094576626,-164.1414627069755,-209.5311536930592,-45.38969098608372
1199,2026-02-04 23:00:00,1770249900000,Strong,DOWN,-1,73137.4,-0.02650490720206078,0.5,73194.68821250001,73100.8313,12.839376903229105,250.17916160141,264.168449205742,13.989287604331963
1200,2026-02-05 00:00:00,1770253500000,Strong,DOWN,-1,72838.9,-0.026986953399900315,1.0,72975.4729375,72802.48055,23.761880940471542,255.00203501651097,281.0793851518443,26.077350135333305
1201,2026-02-05 01:00:00,1770257100000,Moderate,UP,1,72389.2,-0.02340542511866417,1.0,72253.47024999998,72425.3946,23.7381309345349,-248.93478379474448,-222.70870500853073,26.226078786213762
1202,2026-02-05 02:00:00,1770260700000,Moderate,UP,1,71429.1,-0.0072477463666770214,1.0,71295.1704375,71464.81455,23.738130934532496,-87.43874429462174,-60.82839190158475,26.610352393036994
1203,2026-02-05 03:00:00,1770264300000,Moderate,UP,1,71198.9,-0.0067810036391010575,1.0,71065.4020625,71234.49944999999,23.738130934531455,-82.77364956622611,-56.152196759935386,26.621452806290733
1204,2026-02-05 04:00:00,1770267900000,Moderate,UP,1,70873.2,0.002084003544358115,1.0,70740.31275,70908.6366,23.73813093453283,5.832119383888449,32.664406205215265,26.83228682132681
1205,2026-02-05 05:00:00,1770271500000,Strong,DOWN,-1,70694.9,0.011836780305227057,1.0,70827.4529375,70659.55255,23.761880940470988,-133.42951781117728,-106.43136923495538,26.998148576221904
1206,2026-02-05 06:00:00,1770275100000,Moderate,DOWN,-1,70911.4,-0.001284701754583728,1.0,71044.35887499999,70875.9443,23.761880940468536,-2.149056982652445,24.537884013312226,26.686940995964676
1207,2026-02-05 07:00:00,1770278700000,Strong,DOWN,-1,70716.1,-0.006181053536606362,1.0,70848.6926875,70680.74195000001,23.76188094046963,46.838954843485546,73.40976705283911,26.570812209353573
1208,2026-02-05 08:00:00,1770282300000,Moderate,DOWN,-1,71020.9,-0.020951579042225554,1.0,71154.0641875,70985.38954999999,23.7618809404713,194.61809947199177,220.8385930602688,26.22049358827705
1209,2026-02-05 09:00:00,1770285900000,Moderate,DOWN,-1,71531.7,-0.026217746817145282,0.75,71470.34817499999,71495.93415,-3.578661542673061,247.3061212320698,246.0682926656757,-1.2378285663941155
1210,2026-02-05 10:00:00,1770289500000,Strong,DOWN,-1,70820.3,-0.020542132693592174,0.75,70729.95092500001,70784.88985,-7.76139160722236,190.52158772978675,185.15992106679616,-5.361666662990587
1211,2026-02-05 11:00:00,1770293100000,Strong,DOWN,-1,70279.0,-0.040226810284722414,1.0,70410.77312499999,70243.86050000001,23.761880940467766,387.46683626535804,413.2301712760804,25.763335010722326
1212,2026-02-05 12:00:00,1770296700000,Strong,DOWN,-1,69532.9,-0.01826761144724287,1.0,69663.27418749999,69498.13355,23.761880940469272,167.76499697091526,194.04914732120164,26.28415035028638
1213,2026-02-05 13:00:00,1770300300000,Moderate,DOWN,-1,69656.3,-0.05028116624052681,1.0,69786.9055625,69621.47185,23.761880940470522,488.0606927516439,513.5855644718836,25.524871720239638
1214,2026-02-05 14:00:00,1770303900000,Moderate,DOWN,-1,69365.5,-0.044019000800109453,0.0,66887.23965,69330.81725000001,-352.4518672827276,425.4077118570243,75.98645317246206,-349.4212586845623
1215,2026-02-05 16:00:00,1770311100000,Strong,UP,1,68262.7,-0.06609466077374604,1.0,68134.7074375,68296.83135,23.73813093453263,-675.6138008370416,-650.4029883405989,25.21081249644272
1216,2026-02-05 17:00:00,1770314700000,Moderate,UP,1,66153.9,-0.04482124258736053,1.0,66029.86143749999,66186.97695,23.738130934533906,-462.98593290715235,-437.2691805872058,25.71675231994655
1217,2026-02-05 18:00:00,1770318300000,Moderate,UP,1,66312.1,-0.0366961685725532,1.0,66187.76481250001,66345.25605,23.73813093453032,-381.77579782661786,-355.865809117629,25.90998870898885
1218,2026-02-05 20:00:00,1770325500000,Moderate,UP,1,63750.9,-0.00455679841382628,1.0,63631.3670625,63782.77545,23.73813093453268,-60.54271278187214,-33.86836231760864,26.674350464263494
1219,2026-02-05 21:00:00,1770329100000,Strong,UP,1,63188.8,0.03920314992530316,1.0,63070.321,63220.3944,23.738130934531764,376.8380802129261,404.5531614307142,27.715081217788082
1220,2026-02-05 23:00:00,1770336300000,Strong,UP,1,62868.1,0.02020102404876245,1.0,62750.2223125,62899.534049999995,23.738130934531604,186.91178459532702,214.17494350669864,27.263158911371605
1221,2026-02-06 00:00:00,1770339900000,Moderate,UP,1,63460.4,0.022135063756295148,0.0,65165.866649999996,63492.1302,-263.6132139097763,206.24251630479893,-56.15401673630701,-262.3965330411059
1222,2026-02-06 02:00:00,1770347100000,Moderate,UP,1,64955.6,-0.00012316105154908108,1.0,64833.808249999995,64988.07779999999,23.738130934532315,-16.228496267355872,10.551298168576107,26.779794435931983
1223,2026-02-06 06:00:00,1770361500000,Moderate,UP,1,64947.6,0.01511680185257025,1.0,64825.82325,64980.0738,23.738130934532276,136.09497104018305,163.23721330064143,27.14224226045836
1224,2026-02-06 07:00:00,1770365100000,Moderate,UP,1,64811.2,0.027385698768114253,1.0,64689.679,64843.605599999995,23.738130934532563,258.7226263679592,286.1566564119154,27.434030043956177
1225,2026-02-06 08:00:00,1770368700000,Moderate,UP,1,64850.1,0.025790245504633047,0.5,65351.99529375,64882.52505,-72.35696258556784,242.77606701282494,170.62302462813392,-72.153042384691
1226,2026-02-06 10:00:00,1770375900000,Moderate,UP,1,65929.4,0.03366783256028438,0.75,65963.89578749999,65962.36469999999,-0.23211531408296493,321.512569318185,323.5227646559206,2.010195337735568
1227,2026-02-06 11:00:00,1770379500000,Moderate,UP,1,66586.1,0.029907142782052087,1.0,66461.2510625,66619.39305,23.73813093453262,283.9244655877274,311.41846243759164,27.49399684986425
1228,2026-02-06 20:00:00,1770411900000,Moderate,UP,1,69939.0,-0.000313130013297247,0.75,70037.6202375,69973.96949999999,-9.096345105876463,-18.127236514713683,-24.95792869479363,-6.830692180079946
1229,2026-02-06 21:00:00,1770415500000,Strong,UP,1,70308.7,0.0017408940856538102,0.0,71401.2828,70343.85435,-150.3227907783826,2.402739486795219,-145.87750274985189,-148.2802422366471
1230,2026-02-06 22:00:00,1770419100000,Strong,UP,1,71321.1,-0.014050540443150794,1.0,71187.37293750001,71356.76055,23.738130934532055,-155.43268808746478,-128.98412466525656,26.44856342220822
1231,2026-02-06 23:00:00,1770422700000,Moderate,UP,1,70544.5,0.004856509012042043,1.0,70412.2290625,70579.77225,23.73813093453163,33.543318461191454,60.44154301357138,26.89822455237993
1232,2026-02-07 00:00:00,1770426300000,Moderate,UP,1,69917.1,0.011608032941869517,1.0,69786.0054375,69952.05855,23.73813093453244,101.02481701019155,128.083611189677,27.058794179485417
1233,2026-02-07 01:00:00,1770429900000,Moderate,UP,1,70431.1,-0.004351770737642924,1.0,70299.04168750001,70466.31555,23.73813093453147,-58.49346064610491,-31.814234065301665,26.679226580803242
1234,2026-02-07 03:00:00,1770437100000,Moderate,UP,1,70887.1,-0.040015743343993604,1.0,70754.18668750001,70922.54355,23.738130934531295,-414.95495596195406,-389.1239157820277,25.83104017992631
1235,2026-02-07 05:00:00,1770444300000,Moderate,UP,1,70124.6,-0.028765939484859948,1.0,69993.11637500001,70159.6623,23.73813093453045,-302.51313827945864,-276.414547124459,26.0985911549997
1236,2026-02-07 09:00:00,1770458700000,Strong,DOWN,-1,68107.4,0.014027844257745947,0.0,68026.06995,68073.3463,-6.9449134748940775,-155.35111813652654,-162.40187339383382,-7.0507552573072925
1237,2026-02-07 10:00:00,1770462300000,Strong,DOWN,-1,67954.8,0.009728525431610402,1.0,68082.21525000001,67920.8226,23.761880940471542,-112.33642252736927,-85.38827629804544,26.94814622932383
1238,2026-02-07 11:00:00,1770465900000,Moderate,DOWN,-1,67935.1,0.01747255836820738,1.0,68062.47831250001,67901.13245,23.761880940471084,-189.8154914277871,-162.68367678809466,27.131814639692436
1239,2026-02-07 13:00:00,1770473100000,Strong,DOWN,-1,69062.8,0.0013248811226882484,0.25,68957.49692500001,69028.26860000001,-10.252564121244136,-28.25794019698077,-37.78976489518422,-9.53182469820345
1240,2026-02-07 14:00:00,1770476700000,Strong,DOWN,-1,68615.9,0.012520421651541547,1.0,68744.55481249999,68581.59204999999,23.761880940470146,-140.26935119101074,-113.25498841214258,27.014362778868158
1241,2026-02-07 15:00:00,1770480300000,Strong,DOWN,-1,69122.1,0.003172646664380663,1.0,69251.70393750002,69087.53895000002,23.76188094047027,-46.74483906333699,-19.952181303860556,26.792657759476434
1242,2026-02-07 17:00:00,1770487500000,Strong,DOWN,-1,69154.3,0.00451165003477727,1.0,69283.9643125,69119.72285,23.76188094046946,-60.141571133339305,-33.31715568087178,26.82441545246753
1243,2026-02-07 18:00:00,1770491100000,Strong,DOWN,-1,69475.0,-0.0015372436128103795,0.25,69302.078425,69440.2625,-19.899705160244373,0.37762494057392215,-18.7910666610173,-19.168691601591224
1244,2026-02-07 19:00:00,1770494700000,Strong,DOWN,-1,69341.4,-0.0012575459970521896,1.0,69471.415125,69306.72929999999,23.761880940471354,-2.420750404680445,24.26683465554387,26.68758506022432
1245,2026-02-07 20:00:00,1770498300000,Strong,DOWN,-1,69596.5,-0.007131105730891707,0.25,69598.21826875,69561.70175000001,5.249514866849149,56.34422942362969,62.3061807670037,5.961951343374014
1246,2026-02-07 21:00:00,1770501900000,Strong,DOWN,-1,69466.3,-0.001796554588340049,0.75,69394.26208750001,69431.56685,-5.372882133076767,2.972031899349666,-0.1467651052351331,-3.1187970045847995
1247,2026-02-07 22:00:00,1770505500000,Moderate,DOWN,-1,69368.2,-0.0004685143913205625,0.25,69301.44535,69333.5159,-4.625547916286185,-10.315013593591406,-14.192847847833896,-3.8778342542424906
1248,2026-02-08 03:00:00,1770523500000,Moderate,DOWN,-1,69064.7,0.00869184981618698,1.0,69194.19631249999,69030.16765,23.76188094046824,-101.96448040206911,-75.04092143418097,26.923558967888138
1249,2026-02-08 06:00:00,1770534300000,Strong,UP,1,69321.8,0.013117085822930141,0.5,69479.4765625,69356.4609,-17.736727177784022,116.10780432713807,99.67920264898451,-16.428601678153548
1250,2026-02-08 07:00:00,1770537900000,Moderate,UP,1,69665.0,0.018502834996052542,0.75,69815.7701625,69699.83249999999,-16.63385094935702,169.93838077014183,155.28334258874514,-14.655038181396705
1251,2026-02-08 08:00:00,1770541500000,Moderate,UP,1,70624.5,0.008196872190245452,1.0,70492.07906250001,70659.81225,23.73813093453196,66.9302567740677,93.90792426044229,26.977667486374575
1252,2026-02-08 09:00:00,1770545100000,Moderate,UP,1,70066.8,0.020063710630427112,1.0,69935.42475,70101.8334,23.73813093453239,185.5393366359541,212.79922986025971,27.259893224305628
1253,2026-02-08 10:00:00,1770548700000,Moderate,UP,1,70231.1,0.014056450774656781,0.0,70904.0343,70266.21555000001,-90.77175211551452,125.49675936688394,34.322682496502686,-91.17407687038126
1254,2026-02-08 12:00:00,1770555900000,Moderate,UP,1,71203.4,-0.01144186934893554,1.0,71069.893625,71239.0017,23.73813093453224,-129.35901398236416,-102.84840925671219,26.510604725651973
1255,2026-02-08 17:00:00,1770573900000,Moderate,DOWN,-1,70754.5,-0.0012592838618039615,1.0,70887.1646875,70719.12275000001,23.761880940468966,-2.4033630634911467,24.284180779078557,26.687543842569706
1256,2026-02-08 18:00:00,1770577500000,Strong,UP,1,71103.1,-0.0009408872468290586,0.75,71011.9869,71138.65155,17.80532062952654,-24.401671632472482,-4.340279886958976,20.061391745513504
1257,2026-02-08 23:00:00,1770595500000,Strong,UP,1,70288.1,0.013968225062279238,1.0,70156.30981250001,70323.24405000001,23.738130934532425,124.61494315121624,151.72986912740544,27.11492597618919
1258,2026-02-09 00:00:00,1770599100000,Strong,UP,1,70454.1,0.007279916995604152,1.0,70321.99856250001,70489.32705,23.738130934532077,57.765287312385084,84.72114710686597,26.95585979448089
1259,2026-02-09 01:00:00,1770602700000,Strong,UP,1,70328.0,0.009757137982026931,0.5,70508.973925,70363.16399999999,-20.72247987597725,82.52511726164099,63.15415221293743,-19.37096504870355
1260,2026-02-09 02:00:00,1770606300000,Moderate,UP,1,70593.0,0.0004164718881474183,0.0,71095.02975,70628.2965,-66.08303939484153,-10.834863686681523,-76.47859233788525,-65.64372865120373
1261,2026-02-09 03:00:00,1770609900000,Moderate,UP,1,71269.9,-0.01229691637002428,1.0,71136.26893749999,71305.53494999999,23.738130934532258,-137.90521109469452,-111.41494171595977,26.490269378734737
1262,2026-02-09 08:00:00,1770627900000,Moderate,DOWN,-1,69832.2,-0.010346229962681974,1.0,69963.135375,69797.2839,23.761880940470682,88.51155540452169,114.98358041354444,26.472025009022758
1263,2026-02-09 09:00:00,1770631500000,Strong,DOWN,-1,69588.0,-0.014817209863769665,0.5,69225.4385,69553.206,-47.124714854984795,133.24372049794675,88.0741083749162,-45.16961212303057
1264,2026-02-09 10:00:00,1770635100000,Strong,DOWN,-1,68694.0,0.007837656855038233,1.0,68822.80125,68659.653,23.761880940469997,-93.41827768922579,-66.51497796669386,26.90329972253193
1265,2026-02-09 16:00:00,1770656700000,Moderate,UP,1,70049.1,0.009062214932097357,1.0,69917.7579375,70084.12455000001,23.738130934532986,75.57935964115168,102.57760733472512,26.998247693573425
1266,2026-02-09 17:00:00,1770660300000,Strong,UP,1,70570.6,-0.0029502370675609235,1.0,70438.280125,70605.88530000001,23.73813093453333,-44.48512811155344,-17.772569242939134,26.712558868614305
1267,2026-02-09 18:00:00,1770663900000,Moderate,UP,1,70379.9,-0.0006493331192569674,0.0,71044.40444999999,70415.08995,-89.3721076614194,-21.48758739887075,-109.9662753876446,-88.47868798877386
1268,2026-02-10 04:00:00,1770699900000,Moderate,DOWN,-1,69800.5,-0.010151789743626516,0.0,69309.32800000001,69765.59975000001,-65.40067764557558,86.56618052653009,21.370669183232366,-65.19551134329771
1269,2026-02-10 05:00:00,1770703500000,Strong,DOWN,-1,69415.3,-0.004326135592585545,0.25,69058.43164375001,69380.59235,-46.433836226824454,28.280496173942833,-17.44137575289988,-45.72187192684272
1270,2026-02-10 08:00:00,1770714300000,Moderate,UP,1,69091.9,-0.007628969531884189,0.75,69032.4879375,69126.44595,13.592194884133493,-91.24907078345043,-75.49896160825465,15.750109175195794
1271,2026-02-10 09:00:00,1770717900000,Moderate,DOWN,-1,69115.0,-0.0019257758807784686,0.5,68996.2686375,69080.4425,-12.184904938905076,4.264891253412349,-6.4174761499781745,-10.682367403390524
1272,2026-02-10 10:00:00,1770721500000,Strong,DOWN,-1,68884.8,-0.006656040229484628,0.75,68899.062125,68850.3576,7.073968342031347,51.59119789379279,60.86662705107451,9.275429157281721
1273,2026-02-10 11:00:00,1770725100000,Strong,DOWN,-1,68489.9,0.011119887749872603,1.0,68618.3185625,68455.65505,23.76188094047067,-126.2570060017268,-99.2758602607366,26.981145740990197
1274,2026-02-10 16:00:00,1770743100000,Moderate,UP,1,69473.5,-0.0108573772733489,0.75,69442.0455,69508.23675,9.522792275406626,-123.51701422637501,-111.84334788388338,11.673666342491632
1275,2026-02-10 22:00:00,1770764700000,Moderate,DOWN,-1,68662.7,-0.00031166848958741333,1.0,68791.4425625,68628.36865,23.761880940469702,-11.884257232741163,14.825761592888016,26.710018825629177
1276,2026-02-10 23:00:00,1770768300000,Moderate,DOWN,-1,68805.3,-0.009616991714301082,1.0,68934.3099375,68770.89735000001,23.761880940468505,81.21552490546465,107.70484555758973,26.489320652125087
1277,2026-02-11 00:00:00,1770771900000,Moderate,DOWN,-1,69156.8,-0.023251509612937538,0.25,69060.6996875,69122.2216,-8.900453584379632,217.62891058466812,209.67330867502852,-7.955601909639571
1278,2026-02-11 01:00:00,1770775500000,Strong,DOWN,-1,68947.5,-0.022911635664817354,0.5,68828.56636875,68913.02625000001,-12.256011068735265,214.22847088361712,203.73257229039558,-10.495898593221552
1279,2026-02-11 07:00:00,1770797100000,Moderate,UP,1,67000.0,0.00034328358208957077,1.0,66874.375,67033.5,23.738130934532734,-11.566380988610172,15.224506771091317,26.790887759701487
1280,2026-02-11 09:00:00,1770804300000,Strong,DOWN,-1,66848.6,0.008610501940204962,0.0,66603.2817,66815.1757,-31.713453984077486,-101.15059469939999,-133.25493264695848,-32.104337947558484
1281,2026-02-11 10:00:00,1770807900000,Strong,DOWN,-1,66506.0,0.0008104531921930835,1.0,66630.69875,66472.747,23.761880940469165,-23.111087465663356,3.625545180854305,26.736632646517663
1282,2026-02-11 11:00:00,1770811500000,Strong,DOWN,-1,67023.0,-0.007962938095877448,1.0,67148.668125,66989.4885,23.761880940468707,64.66671431593387,91.19526483720462,26.528550521270745
1283,2026-02-11 12:00:00,1770815100000,Moderate,DOWN,-1,67099.2,-0.01626248897155247,1.0,67225.011,67065.6504,23.76188094047023,147.7037415863186,174.03544825005662,26.331706663738004
1284,2026-02-11 13:00:00,1770818700000,Strong,DOWN,-1,67424.2,-0.013868907602908043,1.0,67550.620375,67390.48790000001,23.761880940468934,123.7559540060848,150.14443022241346,26.388476216328648
1285,2026-02-11 14:00:00,1770822300000,Moderate,UP,1,66559.9,0.01020584466022334,1.0,66435.1001875,66593.17994999999,23.738130934532396,87.00994163141876,114.03538795464907,27.02544632323032
1286,2026-02-11 15:00:00,1770825900000,Moderate,UP,1,66489.3,0.01591835077222936,1.0,66364.6325625,66522.54465,23.73813093453176,144.1064544950478,171.2677597718666,27.16130527681878
1287,2026-02-11 16:00:00,1770829500000,Strong,DOWN,-1,66008.0,0.022954793358380687,1.0,66131.765,65974.996,23.76188094047027,-244.66526621691617,-217.40342715788663,27.261839059029533
1288,2026-02-11 17:00:00,1770833100000,Strong,DOWN,-1,66489.1,0.019424236453794652,1.0,66613.7670625,66455.85545,23.761880940470242,-209.34203555572515,-182.16393216513762,27.17810339058751
1289,2026-02-11 18:00:00,1770836700000,Strong,DOWN,-1,67239.2,0.0022724839081964543,1.0,67365.2735,67205.5804,23.76188094046867,-37.738708436181255,-10.9674002065774,26.771308229603857
1290,2026-02-11 20:00:00,1770843900000,Moderate,DOWN,-1,67523.2,-0.001356570778635935,1.0,67649.806,67489.4384,23.7618809404699,-1.4300072172487854,25.255229231550352,26.685236448799138
1291,2026-02-11 22:00:00,1770851100000,Moderate,UP,1,67392.0,0.00024186847103524478,1.0,67265.63999999998,67425.696,23.73813093453443,-12.580025277009133,14.208450555144953,26.788475832154088
1292,2026-02-11 23:00:00,1770854700000,Moderate,UP,1,67054.4,0.007393996516261492,0.0,67530.5484,67087.92719999999,-65.97628194421377,58.905512406411944,-7.089968841420306,-65.99548124783225
1293,2026-02-12 00:00:00,1770858300000,Moderate,UP,1,67431.6,-0.006550341382971947,0.0,67722.14415,67465.3158,-38.068205411112324,-80.46817973984827,-118.12477354203776,-37.65659380218949
1294,2026-02-12 01:00:00,1770861900000,Moderate,DOWN,-1,67668.4,-0.008250527572692512,0.25,67500.46483750001,67634.5658,-19.827282235614806,67.54404775080124,48.581429522710025,-18.96261822809122
1295,2026-02-12 02:00:00,1770865500000,Moderate,DOWN,-1,67408.3,-0.004631477132637896,0.75,67513.639325,67374.59585000001,20.637374257434452,31.335439045903616,54.09518108852381,22.75974204262019
1296,2026-02-12 03:00:00,1770869100000,Strong,DOWN,-1,67550.2,-0.005458162966208824,0.5,67290.2500375,67516.4249,-33.49923560600195,39.606432878527336,7.6613365144860515,-31.945096364041284
1297,2026-02-12 04:00:00,1770872700000,Strong,DOWN,-1,66989.9,0.0017525029892566657,0.75,67070.633025,66956.40505,17.060051971831722,-32.53629804158694,-13.21691947671536,19.31937856487158
1298,2026-02-12 05:00:00,1770876300000,Strong,DOWN,-1,67110.1,0.006073601440021559,1.0,67235.93143750001,67076.54495000001,23.76188094047022,-75.76889884963978,-48.907437954051126,26.86146089558865
1299,2026-02-12 06:00:00,1770879900000,Strong,DOWN,-1,67096.1,0.013166189987197319,1.0,67221.9051875,67062.55195000001,23.761880940469073,-146.73026500447568,-119.70058627271327,27.029678731762402
1300,2026-02-12 07:00:00,1770883500000,Strong,DOWN,-1,67181.5,0.012656758184917072,0.5,67129.78059375001,67147.90925,-2.6998094881097323,-141.63339854844492,-142.86948523767035,-1.236086689225431
1301,2026-02-12 08:00:00,1770887100000,Strong,DOWN,-1,67107.3,0.010805083798632875,1.0,67233.12618749999,67073.74635,23.761880940468693,-123.10739168216938,-96.13371227581273,26.973679406356656
1302,2026-02-12 09:00:00,1770890700000,Strong,DOWN,-1,67517.7,0.012177547517169485,1.0,67644.2956875,67483.94115,23.761880940469613,-136.83889461900452,-109.83266392683286,27.00623069217166
1303,2026-02-12 10:00:00,1770894300000,Strong,DOWN,-1,67979.5,-0.006354856978942225,1.0,68106.9615625,67945.51025,23.761880940469343,48.577858718782174,75.14454876049597,26.566690041713787
1304,2026-02-12 11:00:00,1770897900000,Strong,DOWN,-1,68031.8,-0.013593642972845044,0.0,67750.50779999999,67997.7841,-36.3653467937071,121.00193069379806,84.98198919772409,-36.01994149607397
1305,2026-02-12 12:00:00,1770901500000,Strong,DOWN,-1,67832.4,-0.029583208024483887,1.0,67959.58575,67798.4838,23.76188094046973,280.97756902935413,306.9933427272254,26.01577369787129
1306,2026-02-12 13:00:00,1770905100000,Moderate,DOWN,-1,68339.9,-0.043254379944951515,0.0,67104.53095000001,68305.73005,-175.8562713729437,417.75767828866014,246.41054719271725,-171.3471310959429
1307,2026-02-12 19:00:00,1770926700000,Moderate,DOWN,-1,65760.7,0.007335688336651103,1.0,65884.0013125,65727.81965,23.76188094046901,-88.3960814072129,-61.50468707823884,26.891394328974073
1308,2026-02-12 20:00:00,1770930300000,Moderate,DOWN,-1,65401.0,0.007345453433433624,1.0,65523.626875,65368.2995,23.76188094047035,-88.49378122494883,-61.60215529316155,26.891625931787285
1309,2026-02-12 21:00:00,1770933900000,Moderate,DOWN,-1,65821.8,0.009139829053596005,1.0,65945.215875,65788.8891,23.761880940469336,-106.44651379285774,-79.51232991736715,26.934183875490582
1310,2026-02-12 22:00:00,1770937500000,Moderate,DOWN,-1,66262.4,0.005515948712995655,1.0,66386.64199999999,66229.26879999999,23.761880940470515,-70.18958192091704,-43.34134710413605,26.848234816780995
1311,2026-02-12 23:00:00,1770941100000,Moderate,DOWN,-1,66243.1,0.004174019633742976,1.0,66367.30581250001,66209.97845000001,23.76188094047026,-56.763578126492526,-29.947170392942493,26.816407733550033
1312,2026-02-13 00:00:00,1770944700000,Moderate,DOWN,-1,65881.4,0.006352324024686773,1.0,66004.927625,65848.4593,23.76188094046938,-78.55751900636982,-51.68944753274359,26.868071473626216
1313,2026-02-13 01:00:00,1770948300000,Moderate,DOWN,-1,66423.4,-0.004093436951435714,1.0,66547.943875,66390.1883,23.76188094047067,25.95234568720064,52.57267075668868,26.62032506948804
1314,2026-02-13 09:00:00,1770977100000,Strong,DOWN,-1,66924.3,0.0046903740494856905,0.75,66980.15483750001,66890.83785000001,13.352648938303307,-61.92970534752933,-46.27561450865937,15.654090838869957
1315,2026-02-13 10:00:00,1770980700000,Strong,DOWN,-1,66939.4,0.011504435354962927,1.0,67064.911375,66905.93029999999,23.761880940470736,-130.1044057525058,-103.11413953799534,26.99026621451047
1316,2026-02-13 11:00:00,1770984300000,Moderate,DOWN,-1,67137.8,0.022553613612599666,0.0,66916.62495000001,67104.2311,-27.957424878383314,-240.65146185692538,-269.3339175872449,-28.682455730319536
1317,2026-02-13 12:00:00,1770987900000,Strong,DOWN,-1,67050.0,0.027901565995525734,1.0,67175.71875,67016.475,23.761880940469364,-294.15773882466914,-266.7785751268948,27.379163697774377
1318,2026-02-13 13:00:00,1770991500000,Moderate,DOWN,-1,67238.2,0.02626036984928204,1.0,67364.271625,67204.5809,23.761880940469208,-277.73756727645826,-250.39732850188005,27.34023877457824
1319,2026-02-13 15:00:00,1770998700000,Moderate,DOWN,-1,68652.0,0.0036736001864474677,1.0,68780.7225,68617.674,23.761880940470878,-51.756880304627934,-24.952341224678705,26.80453907994923
1320,2026-02-13 18:00:00,1771009500000,Moderate,UP,1,69086.7,-0.0017051038767230686,1.0,68957.1624375,69121.24334999999,23.73813093453189,-32.040018757850596,-5.297847230788091,26.742171527062503
1321,2026-02-13 19:00:00,1771013100000,Moderate,UP,1,68904.2,-0.0012002171130351957,1.0,68775.004625,68938.65209999999,23.738130934531384,-26.99367429320424,-0.23949518382186458,26.754179109382374
1322,2026-02-13 20:00:00,1771016700000,Moderate,UP,1,68750.1,0.004539629760538455,0.0,68949.35745,68784.47505000001,-23.970874224181152,30.376109550608373,6.366004582686827,-24.010104967921546
1323,2026-02-13 21:00:00,1771020300000,Moderate,UP,1,68869.2,0.0009118735225617236,0.75,68809.9356,68903.63459999999,13.598556962043519,-5.883323112826084,9.989356814628808,15.872679927454891
1324,2026-02-14 01:00:00,1771034700000,Moderate,DOWN,-1,68932.0,-0.002812917077699706,0.0,68821.572,68897.534,-11.025358324145468,13.140741147570512,2.1287552106473666,-11.011985936923146
1325,2026-02-14 02:00:00,1771038300000,Moderate,DOWN,-1,68849.2,0.0006695793124684712,0.5,68879.36105,68814.7754,9.38543352420913,-21.701643946658045,-10.81403859690654,10.887605349751503
1326,2026-02-14 07:00:00,1771056300000,Strong,UP,1,69182.2,0.018539450899219823,0.0,69775.87049999999,69216.79109999999,-80.77222175646372,170.30435681379277,88.73463348622974,-81.56972332756303
1327,2026-02-14 08:00:00,1771059900000,Strong,UP,1,69707.3,-0.0015077330494798202,0.75,69613.3555875,69742.15365,18.467749525826544,-30.06729684637375,-9.352506789948228,20.714790056425525
1328,2026-02-14 10:00:00,1771067100000,Strong,UP,1,69633.8,0.000481088207163749,0.0,70466.11545,69668.6169,-114.47027162096624,-10.189023416652715,-123.36164125107803,-113.17261783442531
1329,2026-02-14 11:00:00,1771070700000,Strong,UP,1,70464.8,-0.010084467705861688,1.0,70332.67850000001,70500.0324,23.73813093453094,-115.7917811680324,-89.24889373437014,26.542887433662255
1330,2026-02-14 12:00:00,1771074300000,Moderate,UP,1,69602.2,0.001854826427900358,1.0,69471.695875,69637.0011,23.738130934531178,3.541493532237831,30.36832989756031,26.826836365322478
1331,2026-02-14 13:00:00,1771077900000,Moderate,UP,1,69430.1,0.004044355402051725,0.5,69563.08039375,69464.81505,-14.14605994117558,25.425841099966977,12.749721175842723,-12.676119924124253
1332,2026-02-14 14:00:00,1771081500000,Strong,UP,1,69667.3,0.0010578851197045047,0.5,69628.77059375,69702.13365,10.525223893200558,-4.4239368345387735,7.618251879641807,12.04218871418058
1333,2026-02-14 15:00:00,1771085100000,Strong,UP,1,69754.2,0.001359057949198883,1.0,69623.410875,69789.0771,23.738130934531817,-1.4137136511861064,25.401331989467632,26.815045640653736
1334,2026-02-14 16:00:00,1771088700000,Moderate,UP,1,69731.3,0.0036726692317508025,0.5,69704.70656875,69766.16565,8.809296121893938,21.710836899060514,32.055859878869555,10.345022979809043
1335,2026-02-14 17:00:00,1771092300000,Moderate,UP,1,69710.9,0.0026609898882383742,0.25,69761.71465624998,69745.75545,-2.2881974891544306,11.599099332717495,10.056484138710005,-1.5426151940074913
1336,2026-02-15 03:00:00,1771128300000,Strong,UP,1,69926.0,0.012270114120641828,0.0,70253.80935,69960.963,-41.85853616680384,107.64232004639454,65.46788635455027,-42.17443369184427
1337,2026-02-15 04:00:00,1771131900000,Moderate,UP,1,70157.0,0.003536354177060108,0.0,70248.7068,70192.0785,-8.06761976709333,20.348367586807186,12.262787049626642,-8.085580537180544
1338,2026-02-15 08:00:00,1771146300000,Moderate,UP,1,70405.1,-0.015910779190712154,1.0,70273.09043750001,70440.30255000001,23.73813093453239,-174.02577901761344,-147.6214571392587,26.404321878354743
1339,2026-02-15 09:00:00,1771149900000,Strong,DOWN,-1,70382.5,-0.0209611764287998,0.5,70432.08073125001,70347.30875000001,12.050493864841695,194.714121348674,208.00371754152076,13.289596192846732
1340,2026-02-15 10:00:00,1771153500000,Moderate,UP,1,70389.5,-0.017751227100632927,0.75,70270.5612375,70424.69475,21.88628762213976,-192.42106047609036,-168.6368945388015,23.78416593728887
1341,2026-02-15 15:00:00,1771171500000,Strong,UP,1,69068.1,-0.011647924295007384,1.0,68938.5973125,69102.63405000001,23.738130934533597,-131.4185336832326,-104.91282950539596,26.505704177836634
1342,2026-02-15 16:00:00,1771175100000,Strong,UP,1,68977.6,-0.008082333975087619,1.0,68848.267,69012.0888,23.738130934531373,-95.78044952611144,-69.18994589943728,26.590503626674167
1343,2026-02-15 19:00:00,1771185900000,Moderate,DOWN,-1,68263.6,0.007812362664728845,1.0,68391.59425000001,68229.4682,23.761880940471148,-93.16520925191547,-66.26250944208466,26.9026998098308
1344,2026-02-16 01:00:00,1771207500000,Strong,UP,1,68590.8,-0.0035092169795365447,1.0,68462.19225,68625.0954,23.7381309345346,-50.07213372850185,-23.372868924597867,26.69926480390399
1345,2026-02-16 02:00:00,1771211100000,Strong,UP,1,68295.1,0.001752687967365052,0.75,68301.84240000001,68329.24755,4.010749566638746,2.520619363969984,8.788001909007692,6.267382545037709
1346,2026-02-16 03:00:00,1771214700000,Moderate,UP,1,68392.6,0.002336510090272803,0.0,68680.7232,68426.7963,-37.1092779043334,8.3559229412575,-28.684019914338776,-37.03994285559627
1347,2026-02-16 04:00:00,1771218300000,Moderate,UP,1,68832.4,-0.0015675757346830244,1.0,68703.33924999999,68866.81619999999,23.73813093453224,-30.66542463451165,-3.9199823136675245,26.745442320844123
1348,2026-02-16 05:00:00,1771221900000,Moderate,UP,1,68350.1,0.008939270023013757,0.75,68319.7438875,68384.27505,9.436549916310494,74.35052496765405,86.12566112017326,11.775136152519213
1349,2026-02-16 06:00:00,1771225500000,Moderate,UP,1,68414.8,0.0050749253085589086,0.0,68643.3045,68449.0074,-28.38567093669734,35.72638989064402,7.291635486459081,-28.43475440418494
1350,2026-02-16 07:00:00,1771229100000,Moderate,UP,1,68552.4,0.003165461748968701,0.0,68854.91025,68586.67619999999,-39.108769350163335,16.641296841267117,-22.41890370483878,-39.0602005461059
1351,2026-02-16 08:00:00,1771232700000,Moderate,UP,1,68724.5,0.014766204192100396,0.0,68958.66209999999,68758.86224999999,-29.058050622412065,132.5907465477313,103.20374790160209,-29.386998646129225
1352,2026-02-16 12:00:00,1771247100000,Strong,DOWN,-1,69739.3,-0.027033537761348425,1.0,69870.0611875,69704.43035000001,23.7618809404693,255.46811166931937,281.5443569442134,26.076245274894056
1353,2026-02-16 13:00:00,1771250700000,Strong,DOWN,-1,68355.6,-0.0064135198871783095,1.0,68483.76675000001,68321.42220000002,23.761880940469403,49.16478126241615,75.73007997183691,26.565298709420766
1354,2026-02-16 16:00:00,1771261500000,Moderate,UP,1,67854.0,0.009651604916438128,1.0,67726.77375,67887.927,23.73813093453318,81.47031400737838,108.48257900000755,27.012264992629166
1355,2026-02-16 17:00:00,1771265100000,Moderate,UP,1,67917.2,0.013514985894589326,0.5,67895.375575,67951.1586,8.209282394781273,120.0848165376257,129.90772173974494,9.822905202119259
1356,2026-02-16 18:00:00,1771268700000,Moderate,UP,1,67833.0,0.010733713679182744,0.0,67961.46375,67866.91649999999,-13.931272389545393,92.28599379493156,78.23180327689904,-14.054190518032524
1357,2026-02-16 20:00:00,1771275900000,Moderate,DOWN,-1,68508.9,0.004977455483885951,1.0,68637.3541875,68474.64555,23.761880940469158,-64.80195581676773,-37.966492665113336,26.83546315165439
1358,2026-02-16 21:00:00,1771279500000,Strong,DOWN,-1,68835.1,-0.003668186724505418,0.0,68596.78445,68800.68245000001,-29.636043239568334,21.697716103105556,-7.9321989924557395,-29.629915095561294
1359,2026-02-17 00:00:00,1771290300000,Moderate,DOWN,-1,68849.9,-0.005806834868314792,0.5,68823.83939375001,68815.47505,1.2154742438291264,43.09489613121371,45.80376989167823,2.708873760464518
1360,2026-02-17 01:00:00,1771293900000,Strong,DOWN,-1,68582.6,-0.005472233481961908,1.0,68711.19237500001,68548.30870000001,23.7618809404709,39.74720842383172,66.33483200960245,26.587623585770736
1361,2026-02-17 02:00:00,1771297500000,Moderate,DOWN,-1,68806.3,-0.006329362282232909,0.0,68432.7665,68771.89685,-49.31234494515861,48.32278421443624,-0.9449079484467438,-49.26769216288298
1362,2026-02-17 03:00:00,1771301100000,Strong,DOWN,-1,68443.6,-0.0013178734023343575,1.0,68571.93175000002,68409.3782,23.761880940471904,-1.8171745639383274,24.868979686433246,26.686154250371573
1363,2026-02-17 04:00:00,1771304700000,Moderate,DOWN,-1,68450.1,-0.004530307479463258,0.0,68335.815,68415.87495000001,-11.701955146889462,30.32323641283961,18.654812999596526,-11.668423413243081
1364,2026-02-17 05:00:00,1771308300000,Moderate,DOWN,-1,68207.3,-0.0017622747125307647,1.0,68335.1886875,68173.19635000001,23.76188094046914,2.629061656136806,29.304675858073757,26.675614201936952
1365,2026-02-17 09:00:00,1771322700000,Moderate,DOWN,-1,68087.1,0.0002673046729850803,0.25,67854.39369375,68053.05645,-29.192334130645364,-17.676885172436545,-46.22716427655842,-28.55027910412187
1366,2026-02-17 10:00:00,1771326300000,Strong,DOWN,-1,67822.1,-0.014381742824241761,1.0,67949.2664375,67788.18895000001,23.761880940468984,128.88687167825768,155.26318477097175,26.376313092714085
1367,2026-02-17 11:00:00,1771329900000,Moderate,DOWN,-1,67824.4,-0.0067940151331967735,1.0,67951.57075,67790.4878,23.761880940469695,52.97163715054382,79.52791149790943,26.55627434736561
1368,2026-02-17 12:00:00,1771333500000,Moderate,DOWN,-1,67893.2,-0.005893079130163126,1.0,68020.49975,67859.2534,23.76188094047042,43.95777018672528,70.53541240337577,26.5776422166505
1369,2026-02-17 13:00:00,1771337100000,Moderate,DOWN,-1,68105.3,-0.013166376185113293,1.0,68232.9974375,68071.24735,23.761880940469776,116.72712541384026,143.13226385640212,26.405138442561864
1370,2026-02-17 14:00:00,1771340700000,Strong,DOWN,-1,66846.7,0.01819985130156021,1.0,66972.03756249999,66813.27665,23.761880940468316,-197.09205904512442,-169.94299490016598,27.149064144958434
1371,2026-02-17 15:00:00,1771344300000,Moderate,DOWN,-1,67363.6,0.0059869128134479865,1.0,67489.90675000001,67329.91820000001,23.761880940469425,-74.90157892394105,-48.0421740581209,26.859404865820146
1372,2026-02-18 07:00:00,1771401900000,Moderate,UP,1,68078.4,-0.010766998049307808,0.5,68022.108,68112.4392,13.262070931678005,-122.61367365625036,-107.98353849898312,14.630135157267244
1373,2026-02-18 08:00:00,1771405500000,Moderate,UP,1,68099.9,-0.009839955712122817,0.5,68095.97745625,68133.94995,5.573211853689037,-113.34788317963825,-106.32919360809454,7.0186895715436926
1374,2026-02-18 15:00:00,1771430700000,Moderate,DOWN,-1,67671.0,-0.022650766207090278,0.0,67242.36200000001,67637.1645,-58.370646214773046,211.6184713065554,154.2063079223795,-57.4121633841759
1375,2026-02-18 17:00:00,1771437900000,Moderate,UP,1,67156.3,-0.012741916990662072,1.0,67030.3819375,67189.87815,23.738130934533032,-142.35299340991563,-115.87330735791637,26.479686051999238
1376,2026-02-18 18:00:00,1771441500000,Moderate,UP,1,66327.2,0.0007809767335271722,1.0,66202.83649999999,66360.3636,23.738130934533732,-7.191636846305186,19.609660448613813,26.801297294919
1377,2026-02-18 19:00:00,1771445100000,Moderate,UP,1,66138.2,0.004303110758986595,0.5,66096.97153750001,66171.26909999999,11.228069751496081,28.012101539097202,40.79552064501715,12.783419105919947
1378,2026-02-18 21:00:00,1771452300000,Strong,UP,1,66300.6,0.007989369628630838,0.5,66269.97611250001,66333.7503,9.61413868680239,64.85626815223249,76.05169601220145,11.195427859968964
1379,2026-02-18 22:00:00,1771455900000,Strong,UP,1,66379.0,0.006352912818813117,0.5,66427.8413375,66412.1895,-2.356771794129965,48.499878249007885,47.6298779235681,-0.870000325439782
1380,2026-02-18 23:00:00,1771459500000,Strong,UP,1,66422.8,0.00794305569774223,0.5,66465.274475,66456.0114,-1.393865627029686,64.39336029727345,64.48932093968395,0.09596064241050584
1381,2026-02-19 00:00:00,1771463100000,Strong,UP,1,66410.7,0.005506642754857127,0.0,66837.60209999999,66443.90534999999,-59.25249997364926,40.04140684515135,-19.15683658256121,-59.19824342771256
1382,2026-02-19 01:00:00,1771466700000,Strong,UP,1,66830.3,0.00025886461679802686,1.0,66704.9931875,66863.71515,23.738130934532702,-12.410148757640162,14.378731289148138,26.7888800467883
1383,2026-02-19 02:00:00,1771470300000,Strong,UP,1,66800.7,0.00483677566253049,0.5,66840.15493125,66834.10035,-0.9059119847950297,33.346083583514506,33.93632724097564,0.5902436574611435
1384,2026-02-19 03:00:00,1771473900000,Strong,UP,1,66950.4,0.0034353790268617512,1.0,66824.86799999999,66983.8752,23.738130934533825,19.339120708262524,46.203546919091046,26.864426210828526
1385,2026-02-19 04:00:00,1771477500000,Moderate,UP,1,66776.4,0.0024155240474179607,0.5,66829.46932499998,66809.7882,-2.9458445431785165,9.145667640359573,7.695052286540577,-1.4506153538189954
1386,2026-02-19 08:00:00,1771491900000,Moderate,DOWN,-1,66937.7,-0.006694284386825178,1.0,67063.2081875,66904.23115,23.761880940469258,51.973830783645596,78.53247048609137,26.55863970244577
1387,2026-02-19 09:00:00,1771495500000,Strong,DOWN,-1,66811.8,-0.014078351428939317,0.5,66864.26288750001,66778.3941,12.858767967887271,125.85144000939786,140.0192305448506,14.16779053545274
1388,2026-02-19 10:00:00,1771499100000,Strong,DOWN,-1,66810.1,-0.006409210583429914,0.25,66574.78455625,66776.69495,-30.236655752607593,49.12166666763289,19.722614411847697,-29.39905225578519
1389,2026-02-19 11:00:00,1771502700000,Strong,DOWN,-1,66468.9,-0.0015977396948045897,0.75,66496.538325,66435.66554999999,9.16266503783234,0.9828883922415282,12.377111631867683,11.394223239626154
1390,2026-02-19 12:00:00,1771506300000,Strong,DOWN,-1,66489.6,-0.0033388680334969223,0.0,65899.4338,66456.3552,-83.80257965155552,18.402881775857544,-65.8678851653513,-84.27076694120885
1391,2026-02-19 13:00:00,1771509900000,Strong,DOWN,-1,65871.2,0.007057712627066337,1.0,65994.7085,65838.2644,23.761880940469222,-85.61493373753119,-58.730132272652206,26.884801464878983
1392,2026-02-19 14:00:00,1771513500000,Moderate,UP,1,66381.9,0.009359479014610983,1.0,66257.4339375,66415.09094999998,23.738130934530524,78.55051488866685,105.55583233173094,27.00531744306409
1393,2026-02-19 15:00:00,1771517100000,Moderate,UP,1,66362.7,0.009948359545346896,1.0,66238.2699375,66395.88135,23.738130934533064,84.43637726483742,111.45569989076533,27.01932262592792
1394,2026-02-19 16:00:00,1771520700000,Strong,UP,1,66267.6,0.012843380475526356,0.5,66298.617225,66300.7338,0.31923854815725844,113.37211869591634,115.19530607506613,1.8231873791497815
1395,2026-02-19 17:00:00,1771524300000,Strong,UP,1,66336.1,0.008398142188039248,0.5,66677.85111875,66369.26805,-46.494872976077424,68.94195090494121,23.796913838221048,-45.14503706672016
1396,2026-02-20 09:00:00,1771581900000,Moderate,UP,1,68174.1,-0.020378706869617735,1.0,68046.2735625,68208.18705000001,23.738130934532997,-218.68272733251086,-192.38466494294485,26.298062389565995
1397,2026-02-20 14:00:00,1771599900000,Moderate,UP,1,67043.2,0.012796226910410047,1.0,66917.494,67076.72159999999,23.73813093453032,112.90081869475506,139.98787136290542,27.087052668150374
1398,2026-02-20 15:00:00,1771603500000,Moderate,DOWN,-1,67547.6,0.0010200214367348526,1.0,67674.25175000001,67513.82620000001,23.76188094047022,-25.207818276486535,1.5337847861776102,26.741603062664144
1399,2026-02-20 18:00:00,1771614300000,Moderate,DOWN,-1,67901.1,0.0021899497946278323,0.0,67699.43335,67867.14945000001,-24.712412611873013,-36.912954423488195,-61.753261831399996,-24.840307407911805
1400,2026-02-20 19:00:00,1771617900000,Moderate,DOWN,-1,67616.5,0.005365554265600814,0.75,67713.77666250001,67582.69175,19.396225439631078,-68.68488509855851,-46.96260201205739,21.722283086501125
1401,2026-02-20 20:00:00,1771621500000,Moderate,DOWN,-1,67719.7,0.0012625572765383453,0.25,67697.33239375001,67685.84015,1.6978800476640472,-27.634389960363585,-25.183804543817708,2.4505854165458776
1402,2026-02-20 21:00:00,1771625100000,Moderate,DOWN,-1,67792.3,0.0018261660985097183,1.0,67919.41056250001,67758.40385,23.761880940471112,-33.27329763391459,-6.512574907145852,26.76072272676873
1403,2026-02-20 22:00:00,1771628700000,Moderate,DOWN,-1,68049.8,-0.0011682620668980181,0.75,68092.86230000001,68015.77510000001,11.333723667290013,-3.314036349192386,10.249287423111458,13.563323772303843
1404,2026-02-20 23:00:00,1771632300000,Moderate,DOWN,-1,67979.3,-0.00503535635112462,0.0,67844.66070000001,67945.31035,-14.813332882214455,35.376251637063824,20.608259788969306,-14.76799184809452
1405,2026-02-21 04:00:00,1771650300000,Moderate,UP,1,67782.2,0.00346256096733355,0.0,67865.916,67816.09109999999,-7.3470616179479125,19.610804271201005,12.247397353333705,-7.363406917867302
1406,2026-02-21 09:00:00,1771668300000,Moderate,DOWN,-1,68115.8,0.0015781947800657115,0.5,68197.5559375,68081.7421,17.01099794565892,-30.792343972643405,-12.274924503686764,18.517419468956643
1407,2026-02-21 10:00:00,1771671900000,Moderate,DOWN,-1,68184.6,0.0034025278435305673,0.25,68017.24271250001,68150.50770000002,-19.554511330515894,-49.044800835722796,-67.96412476804248,-18.919323932319692
1408,2026-02-21 11:00:00,1771675500000,Strong,DOWN,-1,68060.9,0.00750210473267332,0.5,68129.09555625,68026.86955,15.02729831994732,-90.06107786566474,-73.43619798383081,16.624879881833934
1409,2026-02-21 12:00:00,1771679100000,Moderate,DOWN,-1,68175.9,0.001708814991807861,0.25,68195.05104375,68141.81205,7.812970061751098,-32.09919951783863,-23.525076381647626,8.574123136191
1410,2026-02-21 13:00:00,1771682700000,Moderate,DOWN,-1,68223.3,0.002719012419510669,1.0,68351.21868749999,68189.18835000001,23.761880940467076,-42.20622730875951,-15.424328579022628,26.78189872973688
1411,2026-02-21 14:00:00,1771686300000,Moderate,DOWN,-1,68416.6,0.0019088934556816817,1.0,68544.88112500001,68382.39170000001,23.76188094047126,-34.10098504934124,-7.3383002438583125,26.76268480548293
1412,2026-02-21 15:00:00,1771689900000,Moderate,DOWN,-1,68571.5,-0.0008049991614591523,0.0,68210.57765,68537.21425,-47.65828368928753,-6.948482626721055,-54.82037251886495,-47.87188989214389
1413,2026-02-21 16:00:00,1771693500000,Moderate,UP,1,68292.4,-0.0016326853354107218,0.5,68295.2207,68326.5462,4.584674879994408,-31.31619525647893,-25.23919475305409,6.077000503424841
1414,2026-02-22 09:00:00,1771754700000,Strong,DOWN,-1,68022.4,-0.0058804158630098025,0.75,68127.6038,67988.3888,20.47629050447457,43.831074167182855,66.40552167123234,22.574447504049473
1415,2026-02-22 10:00:00,1771758300000,Strong,DOWN,-1,68096.6,-0.009934416696281478,0.5,68067.7552625,68062.55170000001,0.7645265083390048,84.39136264413737,86.64861478865262,2.257252144515255
1416,2026-02-22 11:00:00,1771761900000,Strong,DOWN,-1,68183.4,-0.0076778218745324756,0.0,67902.2319,68149.3083,-36.25515888031476,61.81412580823069,25.68835562826392,-36.12577017996677
1417,2026-02-22 12:00:00,1771765500000,Strong,DOWN,-1,67892.4,-0.004283248198620027,0.5,67747.54945,67858.4538,-16.3434832050354,27.851407690046297,13.04313346901436,-14.808274221031937
1418,2026-02-22 13:00:00,1771769100000,Strong,DOWN,-1,67622.4,-0.0038064310051106887,0.0,67297.9342,67588.5888,-43.00350179821988,23.080850476345162,-19.96550648949885,-43.046356965844005
1419,2026-02-22 14:00:00,1771772700000,Strong,DOWN,-1,67420.1,-0.00041233994016620645,1.0,67546.51268750001,67386.38995000001,23.76188094047048,-10.877039117895544,15.830592041585671,26.707631159481213
1420,2026-02-22 15:00:00,1771776300000,Strong,DOWN,-1,67659.9,-0.003808755259762431,0.0,67474.34595,67626.07005,-22.435741111055766,23.104104649948933,0.6923526244281484,-22.411752025520787
1421,2026-02-23 00:00:00,1771808700000,Moderate,UP,1,66705.8,-0.02891052951917228,1.0,66580.72662500001,66739.1529,23.738130934531345,-303.95831603370533,-277.8631636235176,26.09515241018771
1422,2026-02-23 01:00:00,1771812300000,Moderate,UP,1,64387.2,0.010012859698822263,0.0,64956.462,64419.393599999996,-83.37060782267342,85.08105645999329,1.613625138636584,-83.46743132135671
1423,2026-02-23 02:00:00,1771815900000,Strong,UP,1,64742.4,0.015064316429418634,0.25,64877.30055,64774.771199999996,-15.828593154491042,135.57037910463535,120.28674750266673,-15.283631601968624
1424,2026-02-23 03:00:00,1771819500000,Strong,UP,1,64894.0,0.015745677566493033,1.0,64772.32375,64926.44699999999,23.73813093453114,142.38058537224595,169.5377840099491,27.15719863770314
1425,2026-02-23 04:00:00,1771823100000,Strong,UP,1,64777.3,0.013302499486702812,0.0,65190.178799999994,64809.68865,-58.70883781818597,117.96101435984967,58.847978063837715,-59.113036296011956
1426,2026-02-23 05:00:00,1771826700000,Strong,UP,1,65031.9,0.020649865681304114,0.0,65744.15565,65064.415949999995,-104.47180537551657,191.39795783412512,85.92401693579316,-105.47394089833196
1427,2026-02-23 06:00:00,1771830300000,Strong,UP,1,65717.7,0.008725198842929771,0.5,65683.70649375,65750.55884999999,10.167572324746928,72.21088298780585,83.97247737272636,11.761594384920503
1428,2026-02-23 07:00:00,1771833900000,Strong,UP,1,65915.8,0.0038685717233197803,1.0,65792.20787500001,65948.7579,23.73813093453115,23.66888279180252,50.54361150476827,26.874728712965755
1429,2026-02-23 08:00:00,1771837500000,Strong,UP,1,65639.0,0.009306966894681468,0.0,66362.9649,65671.8195,-105.242310211918,78.02565611875522,-27.037349095295188,-105.0630052140504
1430,2026-02-23 09:00:00,1771841100000,Strong,UP,1,66374.8,-0.0041416320651814775,0.75,66292.7423625,66407.9874,17.354092784929723,-56.39312408976935,-36.83951351650302,19.553610573266337
1431,2026-02-23 10:00:00,1771844700000,Strong,UP,1,66291.1,-0.0059676185792664205,1.0,66166.8041875,66324.24555,23.738130934532965,-74.64386386073363,-48.00306654243082,26.64079731830281
1432,2026-02-23 11:00:00,1771848300000,Strong,UP,1,66170.8,-0.008125940747278237,1.0,66046.72975,66203.8854,23.738130934532826,-96.21629932312001,-69.62683278425193,26.58946653886808
1433,2026-02-23 14:00:00,1771859100000,Strong,DOWN,-1,65895.5,-0.01961590700427185,1.0,66019.0540625,65862.55225000001,23.761880940468945,181.2546973914158,207.50686966210242,26.252172270686618
1434,2026-02-23 15:00:00,1771862700000,Strong,DOWN,-1,65633.1,-0.020709062957562585,0.25,65396.805843750015,65600.28345,-31.017793757717023,192.19172543834506,162.45652744614586,-29.735197992199204
1435,2026-02-23 21:00:00,1771884300000,Moderate,DOWN,-1,64554.6,-0.006561887146694367,1.0,64675.639875,64522.322700000004,23.76188094046969,50.6491960649774,77.21097588715595,26.561779822178547
1436,2026-02-23 22:00:00,1771887900000,Moderate,DOWN,-1,64694.3,-0.00949078976045803,0.75,64766.41558750001,64661.95285000001,16.155209191149286,79.95287404160202,98.18693989025157,18.234065848649546
1437,2026-02-23 23:00:00,1771891500000,Moderate,DOWN,-1,64625.8,-0.01632939166710512,1.0,64746.973375,64593.487100000006,23.76188094046956,148.37310322266308,174.7032231276867,26.33011990502362
1438,2026-02-24 00:00:00,1771895100000,Moderate,DOWN,-1,64910.2,-0.024218073584737043,0.0,64059.25435,64877.7449,-126.15890876934519,227.29938554014086,102.56052811048771,-124.73885742965315
1439,2026-02-24 03:00:00,1771905900000,Moderate,DOWN,-1,63570.5,-0.006531331356525394,0.0,63429.96915,63538.71475000001,-17.114856733863867,50.34348530790883,33.30274059419029,-17.04074471371854
1440,2026-02-24 04:00:00,1771909500000,Moderate,UP,1,63338.2,0.00029997694913963535,1.0,63219.44087499999,63369.869099999996,23.738130934533256,-11.999230893157462,14.790626916865607,26.78985781002307
1441,2026-02-24 05:00:00,1771913100000,Moderate,UP,1,63067.5,0.0023118087763112083,1.0,62949.24843749999,63099.033749999995,23.738130934533334,8.109033246490108,34.946737896670214,26.837704650180108
1442,2026-02-24 07:00:00,1771920300000,Strong,UP,1,63155.3,0.0005842740039234684,0.5,63167.98016875,63186.87765,2.9907287640762026,-9.157681120205243,-4.665805652596856,4.491875467608387
1443,2026-02-24 08:00:00,1771923900000,Strong,UP,1,63357.2,-0.006648021061536724,1.0,63238.405249999996,63388.8786,23.738130934532766,-81.44448837118195,-54.819872877011896,26.624615494170047
1444,2026-02-24 09:00:00,1771927500000,Moderate,UP,1,63213.3,-0.005320082957225858,0.75,63138.080700000006,63244.90665,16.890838434021354,-68.17174370040709,-49.100750150377294,19.07099355002979
1445,2026-02-24 10:00:00,1771931100000,Moderate,UP,1,63250.0,0.002719367588932764,1.0,63131.40625,63281.625,23.738130934532734,12.182584597029548,39.0299821057764,26.847397508746848
1446,2026-02-24 11:00:00,1771934700000,Moderate,UP,1,63192.2,0.011729295704216769,1.0,63073.71462499999,63223.79609999999,23.738130934532585,102.23683862285664,129.29851676109496,27.061678138238317
1447,2026-02-24 12:00:00,1771938300000,Moderate,UP,1,62936.0,0.02051766874284988,1.0,62817.995,62967.46799999999,23.738130934531284,190.07664910394834,217.34733868853985,27.270689584591516
1448,2026-02-24 14:00:00,1771945500000,Moderate,DOWN,-1,63422.0,0.015343256283308682,1.0,63540.91625,63390.289000000004,23.761880940469876,-168.51181874245776,-141.43050563502123,27.08131310743652
1449,2026-02-24 16:00:00,1771952700000,Moderate,UP,1,64227.3,0.0031684346064679847,1.0,64106.8738125,64259.41365,23.7381309345328,16.671010559400063,43.529088104876486,26.85807754547642
1450,2026-02-24 18:00:00,1771959900000,Moderate,UP,1,64395.1,-0.00470998569766945,0.75,64304.741925,64427.297549999996,19.02231346967208,-62.073820066660986,-40.864498033186706,21.209322033474272
1451,2026-02-24 19:00:00,1771963500000,Moderate,UP,1,64405.4,-0.005808519161436765,1.0,64284.639875,64437.602699999996,23.738130934531966,-73.05366478197566,-46.40908364620404,26.644581135771613
1452,2026-02-25 02:00:00,1771988700000,Moderate,DOWN,-1,65852.0,-0.015024600619571227,0.25,65423.01117499999,65819.07400000001,-60.174475411187856,135.31866552847723,76.40964252255985,-58.90902300591737
1453,2026-02-25 03:00:00,1771992300000,Strong,DOWN,-1,65361.7,-0.005516992367089579,1.0,65484.2531875,65329.01915,23.76188094047001,40.195021181486936,66.78158320239147,26.586562020904545
1454,2026-02-25 04:00:00,1771995900000,Strong,DOWN,-1,65427.9,0.0009628919772757261,0.25,65072.97868125001,65395.186050000004,-49.270808481780314,-24.636237891702976,-73.47348065502197,-48.837242763319
1455,2026-02-25 05:00:00,1771999500000,Moderate,UP,1,64847.9,0.010429019289753372,0.5,64872.507456249994,64880.32395,1.2047556599791232,89.2405726112283,91.95743093705825,2.7168583258299455
1456,2026-02-25 06:00:00,1772003100000,Moderate,UP,1,64862.6,0.007736353461008427,0.5,64910.914712499994,64895.031299999995,-2.44755448634777,62.327370924622144,61.36271715759362,-0.9646537670285251
1457,2026-02-25 07:00:00,1772006700000,Moderate,UP,1,65001.1,0.006086050851447089,0.0,65532.64995,65033.600549999996,-76.7371629095513,45.83259221836235,-30.74537655714043,-76.57796877550278
1458,2026-02-25 08:00:00,1772010300000,Moderate,UP,1,65490.9,0.0083645208723655,0.5,65483.49061875,65523.645449999996,6.128296277507322,68.60590577076948,76.28616152007956,7.680255749310085
1459,2026-02-25 10:00:00,1772017500000,Strong,UP,1,65364.4,0.024057437993770137,1.0,65241.84175,65397.0822,23.738130934532354,225.4566516118967,252.81152654998348,27.354874938086798
1460,2026-02-25 11:00:00,1772021100000,Strong,UP,1,65396.7,0.030056562487098093,0.5,65715.03283124999,65429.398349999996,-43.655373341820685,285.41791591302433,242.1682410065956,-43.24967490642872
1461,2026-02-25 12:00:00,1772024700000,Strong,UP,1,66038.7,0.03348339685669166,0.25,66322.79304375,66071.71935,-38.00017560009268,319.66913399991535,281.3148070307849,-38.35432696913041
1462,2026-02-25 13:00:00,1772028300000,Moderate,DOWN,-1,66209.5,0.03649174212159889,1.0,66333.64281250001,66176.39525,23.76188094047143,-380.1024724522154,-352.51957201845346,27.58290043376195
1463,2026-02-25 17:00:00,1772042700000,Moderate,UP,1,68625.6,0.003622554848336401,1.0,68496.92700000001,68659.9128,23.738130934531995,21.209943511607772,48.07882127325018,26.86887776164241
1464,2026-02-25 20:00:00,1772053500000,Moderate,DOWN,-1,69104.9,-0.01172854602206208,1.0,69234.47168749999,69070.34754999999,23.761880940469574,102.34163103613879,128.7808710873313,26.43924005119251
1465,2026-02-25 22:00:00,1772060700000,Moderate,UP,1,68402.0,-0.0026724364784656007,1.0,68273.74625,68436.201,23.73813093453338,-41.70851052939128,-14.989344806166898,26.719165723224386
1466,2026-02-25 23:00:00,1772064300000,Strong,UP,1,67952.5,0.003458298075861732,0.75,68024.4424125,67986.47624999999,-5.58436980325198,19.568196660289125,16.220440876417054,-3.347755783872069
1467,2026-02-26 00:00:00,1772067900000,Moderate,UP,1,68294.4,0.003495162121638362,1.0,68166.348,68328.54719999999,23.73813093453101,19.936652889940863,46.80250090558207,26.86584801564121
1468,2026-02-26 01:00:00,1772071500000,Moderate,UP,1,68213.9,0.002848393069447841,1.0,68085.9989375,68248.00695,23.738130934531995,13.47219459717888,40.32266068325784,26.850466086078956
1469,2026-02-26 02:00:00,1772075100000,Moderate,UP,1,68219.2,-0.001071545840467092,1.0,68091.28899999999,68253.3096,23.738130934533242,-25.707604602368967,1.0496346603184552,26.757239262687424
1470,2026-02-26 03:00:00,1772078700000,Moderate,UP,1,68187.5,-0.005682859761686476,0.0,68340.5532,68221.59375,-17.437213565535448,-71.79769876748152,-89.09698922366859,-17.299290456187066
1471,2026-02-26 04:00:00,1772082300000,Moderate,UP,1,68533.1,-0.008897890216552296,1.0,68404.6004375,68567.36655,23.738130934532926,-103.93193619742468,-77.36082871937204,26.571107478052646
1472,2026-02-26 05:00:00,1772085900000,Moderate,UP,1,68408.2,0.002116705307258604,1.0,68279.934625,68442.4041,23.738130934533512,6.1589735857920065,32.992038144105884,26.833064558313872
1473,2026-02-26 06:00:00,1772089500000,Strong,UP,1,68146.1,0.0018460337422094852,1.0,68018.32606250001,68180.17305,23.738130934530744,3.453610616788627,30.280237868097704,26.826627251309077
1474,2026-02-26 07:00:00,1772093100000,Moderate,UP,1,67800.0,0.003321533923303699,0.0,68101.73384999999,67833.9,-39.48377581120877,18.201238613731913,-21.238164680001393,-39.43940329373331
1475,2026-02-26 08:00:00,1772096700000,Moderate,UP,1,67923.3,0.003203613487565926,0.0,68622.39405,67957.26165,-97.8751032414506,17.022623563878373,-80.16573185266311,-97.18835541654148
1476,2026-02-26 09:00:00,1772100300000,Moderate,DOWN,-1,68553.0,-0.00984931366971531,0.5,68414.5527875,68518.72350000001,-15.203247693312653,83.5399066504799,69.95593746219213,-13.583969188287783
1477,2026-02-26 10:00:00,1772103900000,Strong,DOWN,-1,68271.9,-0.00896562128782108,0.25,68209.24895625,68237.76405,-4.178784892351735,74.6985621592909,71.30343881625438,-3.3951233430365173
1478,2026-02-26 11:00:00,1772107500000,Strong,DOWN,-1,68025.2,-0.009875751927227006,1.0,68152.74724999999,67991.1874,23.76188094046885,83.80442148301137,110.28760501286934,26.48318352985797
1479,2026-02-26 12:00:00,1772111100000,Strong,DOWN,-1,68140.9,-0.022359552045834286,0.0,67671.3474,68106.82955,-63.941039816027704,208.7048728947906,145.7597772909123,-62.94509560387832
1480,2026-02-26 13:00:00,1772114700000,Strong,DOWN,-1,67877.8,-0.01594483026851201,1.0,68005.070875,67843.86110000001,23.7618809404696,144.5255654678547,170.86480617354474,26.33924070569005
1481,2026-02-26 15:00:00,1772121900000,Strong,DOWN,-1,67353.4,0.0029293250229387446,1.0,67479.68762499999,67319.7233,23.76188094046928,-44.31040543210302,-17.52351863195302,26.786886800150004
1482,2026-02-26 16:00:00,1772125500000,Moderate,DOWN,-1,66617.3,0.011546550220438156,1.0,66742.20743750001,66583.99135000001,23.761880940469815,-130.5257650869241,-103.53450001684949,26.99126507007462
1483,2026-02-27 00:00:00,1772154300000,Strong,UP,1,67190.3,0.007722840945791232,1.0,67064.3181875,67223.89515,23.738130934532098,62.19231330126226,89.15870703360024,26.966393732337977
1484,2026-02-27 01:00:00,1772157900000,Strong,UP,1,67315.9,0.0054949870684342095,1.0,67189.6826875,67349.55794999999,23.73813093453135,39.92490823022772,66.83831752970964,26.913409299481927
1485,2026-02-27 02:00:00,1772161500000,Strong,UP,1,67226.5,0.005810208771838576,0.75,67285.5616125,67260.11325,-3.7835741378266787,43.075549943414785,41.523332874793155,-1.5522170686216308
1486,2026-02-27 03:00:00,1772165100000,Moderate,UP,1,67557.4,0.0012833531189775371,0.0,67781.97405,67591.17869999999,-28.227847726528093,-2.1703836184149354,-30.34081360603255,-28.170429987617617
1487,2026-02-27 04:00:00,1772168700000,Moderate,UP,1,67709.2,0.0027795336527385306,0.25,67696.4577625,67743.05459999999,6.8784671395661965,12.783944555108036,20.43282893101537,7.648884375907332
1488,2026-02-27 05:00:00,1772172300000,Moderate,UP,1,67685.8,-0.005428021830280683,1.0,67558.889125,67719.6429,23.73813093453342,-69.25059300630363,-42.59696260769554,26.653630398608094
1489,2026-02-27 06:00:00,1772175900000,Moderate,UP,1,67617.1,-0.01541030301506574,0.75,67635.2507625,67650.90855000001,2.314497740770925,-169.02351839146166,-164.49529931480478,4.528219076656883
1490,2026-02-27 07:00:00,1772179500000,Moderate,UP,1,67644.1,-0.022914045718695375,0.0,68024.1951,67677.92205000001,-51.164846601549705,-244.0234454642217,-293.7365583176142,-49.71311285339248
1491,2026-02-27 12:00:00,1772197500000,Moderate,DOWN,-1,65902.4,-0.006875318653038254,1.0,66025.96699999999,65869.4488,23.761880940468924,53.78507906991859,80.33942510830425,26.554346038385667
1492,2026-02-27 13:00:00,1772201100000,Moderate,DOWN,-1,66240.0,-0.00855978260869561,0.25,66077.804925,66206.88,-19.49571932705493,70.63814515953699,52.011860235742986,-18.626284923794
1493,2026-02-27 14:00:00,1772204700000,Moderate,DOWN,-1,65855.5,-0.008665942859745868,1.0,65978.9790625,65822.57225,23.761880940470977,71.70027873682719,98.2121558053245,26.511877068497316
1494,2026-02-27 15:00:00,1772208300000,Strong,DOWN,-1,66072.6,-0.010703377799572089,0.0,65597.88465,66039.56370000001,-66.88097638052778,92.0848204059246,25.440876064896976,-66.64394434102763
1495,2026-02-27 16:00:00,1772211900000,Moderate,DOWN,-1,65449.3,0.0017555573550824821,1.0,65572.0174375,65416.57535000001,23.761880940470174,-32.56685697931306,-5.80780890911887,26.75904807019419
1496,2026-02-27 17:00:00,1772215500000,Moderate,DOWN,-1,65673.0,-0.0025992416975012533,0.0,65185.191100000004,65640.16350000001,-69.31311193336774,11.002918434230702,-58.647383653984456,-69.65030208821516
1497,2026-02-27 18:00:00,1772219100000,Strong,DOWN,-1,65284.8,0.004965933877410844,1.0,65407.209,65252.157600000006,23.76188094046972,-64.68668211516642,-37.85149222618526,26.835189888981162
1498,2026-02-27 19:00:00,1772222700000,Strong,DOWN,-1,65365.4,0.007199527578810816,1.0,65487.960125000005,65332.717300000004,23.761880940470416,-87.03379268444972,-60.1456277361021,26.88816494834762
1499,2026-02-27 20:00:00,1772226300000,Moderate,DOWN,-1,65564.2,0.005217786535945068,0.75,65601.428375,65531.4179,10.683497663187715,-67.20646859374648,-54.22332116874807,12.983147424998403
1500,2026-02-27 21:00:00,1772229900000,Strong,DOWN,-1,65502.3,0.003738800011602539,1.0,65625.1168125,65469.54885000001,23.761880940468746,-52.40920471838421,-25.60311926740014,26.806085450984074
1501,2026-02-27 22:00:00,1772233500000,Moderate,DOWN,-1,65609.0,0.0048453718239873655,1.0,65732.016875,65576.1955,23.761880940470164,-63.480458469109045,-36.648127999874795,26.832330469234243
1502,2026-02-27 23:00:00,1772237100000,Strong,DOWN,-1,65836.0,-0.0010966644389087676,0.75,65897.9629375,65803.08200000001,14.418919998303984,-4.030370796309128,12.609193443845175,16.639564240154304
1503,2026-02-28 00:00:00,1772240700000,Moderate,DOWN,-1,65906.3,-0.004161969341322513,0.0,65829.66870000001,65873.34685,-6.630625600282895,26.63801241943451,20.027296795435525,-6.610715623998984
1504,2026-02-28 01:00:00,1772244300000,Moderate,DOWN,-1,65747.2,-0.002868563223985099,1.0,65870.476,65714.3264,23.76188094046867,13.69748098034214,40.34685688319443,26.649375902852288
1505,2026-02-28 06:00:00,1772262300000,Moderate,UP,1,63173.8,0.012516264654018006,0.0,63597.5829,63205.3869,-62.05104014639037,110.10259524255987,47.693560551969654,-62.40903469059022
1506,2026-02-28 07:00:00,1772265900000,Strong,UP,1,63788.4,0.0003448902935330178,1.0,63668.79675,63820.2942,23.738130934532,-11.550321903717451,15.24060406795737,26.790925971674824
1507,2026-02-28 08:00:00,1772269500000,Strong,UP,1,63439.7,0.008516748975799127,0.5,63459.09469375,63471.41984999999,1.9418434752399192,70.1274260449696,73.58520918299607,3.4577831380264765
1508,2026-02-28 09:00:00,1772273100000,Moderate,UP,1,63621.4,0.022761209278638894,0.75,63656.5029375,63653.210699999996,-0.5172146799509809,212.50084236520755,214.22214695996172,1.7213045947541903
1509,2026-02-28 10:00:00,1772276700000,Moderate,UP,1,63964.5,0.006845984882239309,1.0,63844.5665625,63996.482249999994,23.73813093453229,53.42813475501625,80.37367446200956,26.945539706993316
1510,2026-02-28 11:00:00,1772280300000,Moderate,UP,1,63810.4,0.015508443764652657,0.0,64024.69634999999,63842.305199999995,-28.56901069418086,140.00943293006242,111.09446732268677,-28.91496560737566
1511,2026-02-28 12:00:00,1772283900000,Moderate,UP,1,63980.0,0.016783369803063497,0.5,64415.133700000006,64011.99,-62.97940432722179,152.7523218697005,90.64848628188085,-62.10383558781965
1512,2026-02-28 13:00:00,1772287500000,Moderate,UP,1,65069.5,0.0050084909212457784,1.0,64947.4946875,65102.03475,23.738130934532208,35.06237802344612,61.96421711955648,26.901839096110354
1513,2026-02-28 14:00:00,1772291100000,Moderate,UP,1,64402.4,0.02283455274958701,1.0,64281.6455,64434.6012,23.738130934532517,213.23391054059982,240.5597019370018,27.325791396401975
1514,2026-02-28 15:00:00,1772294700000,Moderate,UP,1,64800.0,0.023427469135802514,0.75,64775.92035000001,64832.399999999994,8.711639550593002,219.16011130237533,230.329156832852,11.169045530476685
1515,2026-02-28 16:00:00,1772298300000,Strong,UP,1,65053.8,0.028665504551617316,1.0,64931.824125,65086.3269,23.73813093453286,271.5142883719877,298.97875568307956,27.4644673110919
1516,2026-02-28 19:00:00,1772309100000,Moderate,UP,1,66318.1,0.009333801782620332,0.75,66281.8219125,66351.25905000001,10.46508212416575,78.29387089075861,91.1124133423865,12.818542451627883
1517,2026-02-28 20:00:00,1772312700000,Strong,DOWN,-1,66918.6,-0.002435795130202978,0.25,66818.57152499999,66885.1407,-9.952759955846435,9.367635119589085,0.1742548984193194,-9.193380221169766
1518,2026-02-28 21:00:00,1772316300000,Moderate,DOWN,-1,66684.8,0.00939944335140841,1.0,66809.834,66651.45760000001,23.76188094046929,-109.04395549182964,-82.10361423738955,26.94034125444009
1519,2026-02-28 22:00:00,1772319900000,Moderate,DOWN,-1,67081.4,0.007556491069059534,0.5,66956.3859625,67047.8593,-13.642991507111748,-90.6052132972434,-102.87696321511623,-12.271749917872835
1520,2026-03-01 00:00:00,1772327100000,Strong,DOWN,-1,66755.6,0.008349861285045668,1.0,66880.76675000001,66722.2222,23.76188094047113,-98.5428842926032,-71.62743640719253,26.915447885410682
1521,2026-03-01 01:00:00,1772330700000,Moderate,DOWN,-1,67311.6,-0.0007041876883034925,1.0,67437.80925,67277.94420000001,23.7618809404692,-7.957101667798055,18.743607618749653,26.700709286547706
1522,2026-03-01 02:00:00,1772334300000,Strong,DOWN,-1,67588.3,-0.010330190284413066,1.0,67715.0280625,67554.50585,23.761880940470235,88.35107838332232,114.82348381198318,26.472405428660856
1523,2026-03-01 03:00:00,1772337900000,Strong,DOWN,-1,67474.7,-0.005347189390986551,0.0,67299.23355,67440.96265,-21.015284247280363,38.496141980856954,17.538731159890048,-20.95741082096691
1524,2026-03-01 04:00:00,1772341500000,Strong,DOWN,-1,67313.0,-0.01155794571628066,1.0,67439.21187500001,67279.3435,23.76188094047105,100.63477455008203,127.07806079881001,26.44328624872799
1525,2026-03-01 05:00:00,1772345100000,Strong,DOWN,-1,67264.2,-0.013143693078933372,0.0,66808.27915,67230.5679,-62.812015901473956,116.50018087977342,54.090731784699216,-62.40944909507421
1526,2026-03-01 09:00:00,1772359500000,Strong,DOWN,-1,66380.1,0.007939126334548963,1.0,66504.5626875,66346.90995000002,23.76188094046811,-94.43348008553187,-67.52777376967308,26.90570631585879
1527,2026-03-01 10:00:00,1772363100000,Moderate,DOWN,-1,66430.0,0.005833207888002345,1.0,66554.55625,66396.785,23.76188094046883,-73.36376076040376,-46.508001377442255,26.855759382961498
1528,2026-03-01 11:00:00,1772366700000,Strong,DOWN,-1,66439.0,0.005596110718102398,0.25,66326.1679,66405.78050000001,-11.988805703444395,-70.99160298251367,-82.31800850166447,-11.326405519150795
1529,2026-03-01 12:00:00,1772370300000,Strong,DOWN,-1,66270.6,-0.0023902001792651673,1.0,66394.857375,66237.46470000001,23.761880940469553,8.911457521412991,35.572178957107035,26.660721435694043
1530,2026-03-01 13:00:00,1772373900000,Strong,DOWN,-1,66907.1,-0.014203275885518951,1.0,67032.5508125,66873.64645000001,23.761880940468792,127.10130950994547,153.48185537635842,26.380545866412955
1531,2026-03-01 14:00:00,1772377500000,Moderate,DOWN,-1,66817.5,-0.007923074044973166,1.0,66942.78281250001,66784.09125,23.761880940471894,64.26787438692473,90.79737038026988,26.52949599334516
1532,2026-03-01 15:00:00,1772381100000,Strong,DOWN,-1,66810.8,-0.0132433678387327,1.0,66936.07025,66777.3946,23.761880940470935,117.49742710087698,143.9007395007633,26.403312399886325
1533,2026-03-02 02:00:00,1772420700000,Strong,UP,1,66242.2,-0.0009857764385845513,0.5,66448.4627375,66275.32109999999,-26.124601831617795,-24.850339216235394,-49.36817456903308,-24.517835352797686
1534,2026-03-02 03:00:00,1772424300000,Strong,UP,1,66787.3,-0.01206816265966737,1.0,66662.07381249999,66820.69365,23.738130934534148,-135.618817188079,-109.12310742308995,26.495709764989048
1535,2026-03-02 04:00:00,1772427900000,Moderate,UP,1,66825.1,-0.008637473045308042,1.0,66699.8029375,66858.51255,23.73813093453203,-101.32906592011898,-74.75176501247815,26.577300907640844
1536,2026-03-02 05:00:00,1772431500000,Strong,UP,1,66701.2,-0.008529081935557348,1.0,66576.13524999999,66734.55059999999,23.73813093453209,-100.24569650731789,-73.66581776387947,26.57987874343841
1537,2026-03-02 06:00:00,1772435100000,Moderate,UP,1,66176.9,0.001618389498450501,1.0,66052.81831249999,66209.98844999999,23.738130934532364,1.1783058315893995,27.999519082785042,26.82121325119564
1538,2026-03-02 07:00:00,1772438700000,Moderate,UP,1,65981.3,0.005283315121102472,1.0,65857.5850625,66014.29065,23.738130934531718,37.80924658773311,64.7176217518106,26.908375164077487
1539,2026-03-02 08:00:00,1772442300000,Strong,UP,1,66247.9,-0.0048318512737760555,0.75,66189.8812125,66281.02394999999,13.75095495940829,-63.29186680435783,-47.345359245107645,15.946507559250183
1540,2026-03-02 09:00:00,1772445900000,Moderate,UP,1,66132.3,-0.010887266887738667,0.5,66084.01985625,66165.36615,12.294391837201488,-123.81576099688805,-110.14633714945975,13.669423847428291
1541,2026-03-02 10:00:00,1772449500000,Moderate,DOWN,-1,66284.0,0.012743648542634656,0.75,66356.830725,66250.85800000001,15.995675859775222,-142.50273679474304,-124.07099763757817,18.43173915716487
1542,2026-03-02 11:00:00,1772453100000,Strong,DOWN,-1,66329.9,0.041598132968691415,0.0,65781.69270000001,66296.73505,-77.68743809352777,-431.1919256497387,-512.7853745089158,-81.59344885917699
1543,2026-03-02 12:00:00,1772456700000,Strong,DOWN,-1,65927.8,0.05259996541671352,0.75,65884.3575125,65894.8361,-1.5901985831017675,-541.2652868105405,-540.690233474057,0.5750533364834443
1544,2026-03-02 13:00:00,1772460300000,Strong,DOWN,-1,65412.3,0.057450968701605154,1.0,65534.9480625,65379.593850000005,23.761880940469453,-589.7995868094549,-561.7195877889467,28.079999020508215
1545,2026-03-02 14:00:00,1772463900000,Moderate,DOWN,-1,67128.7,0.025698397257804872,1.0,67254.56631249998,67095.13565,23.761880940468462,-272.11503009309536,-244.7881198533256,27.326910239769756
1546,2026-03-02 16:00:00,1772471100000,Moderate,UP,1,69395.6,-0.004919620264109081,1.0,69265.48325,69430.2978,23.738130934532084,-64.16911808204908,-37.50339650954614,26.665721572502935
1547,2026-03-02 18:00:00,1772478300000,Moderate,DOWN,-1,68853.8,0.008138984340733568,1.0,68982.900875,68819.37310000001,23.761880940469506,-96.43305993730208,-69.5226135070085,26.91044643029357
1548,2026-03-02 19:00:00,1772481900000,Moderate,DOWN,-1,68928.4,-0.001836688505753692,1.0,69057.64074999999,68893.93579999999,23.761880940470146,3.3735718434581154,30.047421142893374,26.673849299435258
1549,2026-03-02 20:00:00,1772485500000,Strong,UP,1,69054.2,-3.330717030969321e-05,0.0,69443.80455,69088.72709999999,-51.39441192570642,-15.330406499846337,-66.4347752171085,-51.10436871726217
1550,2026-03-02 21:00:00,1772489100000,Strong,UP,1,69366.9,-0.009259459482836796,1.0,69236.8370625,69401.58344999999,23.738130934532123,-107.54582191740833,-80.98331354125749,26.562508376150856
1551,2026-03-02 22:00:00,1772492700000,Strong,UP,1,69414.2,-0.013485713297855306,1.0,69284.048375,69448.9071,23.738130934532478,-149.78723935887407,-123.32524280882032,26.461996550053765
1552,2026-03-02 23:00:00,1772496300000,Moderate,UP,1,68801.8,-0.006576862814635653,0.75,68795.4043875,68836.2009,5.9266072163477075,-80.73326151559786,-72.59508543437816,8.138176081219692
1553,2026-03-03 00:00:00,1772499900000,Moderate,UP,1,69051.9,-0.013886656268690567,1.0,68922.42768749999,69086.42594999999,23.738130934532375,-153.79466535422793,-127.34220432000544,26.4524610342225
1554,2026-03-03 01:00:00,1772503500000,Moderate,UP,1,68724.6,-0.01182982512812003,1.0,68595.74137500001,68758.9623,23.738130934530826,-133.23663296471727,-106.73525488410925,26.501378080608028
1555,2026-03-03 02:00:00,1772507100000,Moderate,UP,1,68478.1,-0.005959569555814226,1.0,68349.70356250001,68512.33905,23.73813093453004,-74.56341385121563,-47.922425105216185,26.64098874599944
1556,2026-03-03 03:00:00,1772510700000,Moderate,UP,1,68349.3,-0.00308708355462306,1.0,68221.1450625,68383.47465,23.738130934533316,-45.85290909168519,-19.143604805240273,26.709304286444915
1557,2026-03-03 04:00:00,1772514300000,Moderate,UP,1,68093.0,-0.01645249878842181,1.0,67965.32562500001,68127.0465,23.738130934530464,-179.44026775034197,-153.04882943941828,26.391438310923704
1558,2026-03-03 05:00:00,1772517900000,Moderate,UP,1,67911.6,-0.019099829778712385,0.5,67939.152,67945.5558,0.9424898986550121,-205.90034761331688,-203.47623402776676,2.424113585550135
1559,2026-03-03 06:00:00,1772521500000,Moderate,UP,1,68070.0,-0.018270897605406122,0.5,68078.142825,68104.035,3.801856233628574,-197.61516846982715,-192.38322199357816,5.231946476248993
1560,2026-03-03 07:00:00,1772525100000,Moderate,UP,1,68138.3,-0.016705729376870315,1.0,68010.5406875,68172.36915,23.738130934531885,-181.97130811464527,-155.5858923167974,26.385415797847855
1561,2026-03-03 08:00:00,1772528700000,Moderate,UP,1,66972.7,0.005784446498349416,1.0,66847.12618749999,67006.18634999999,23.738130934532457,42.81805595551803,69.73834938859913,26.920293433081106
1562,2026-03-03 09:00:00,1772532300000,Moderate,DOWN,-1,66614.5,0.004189778501677566,1.0,66739.4021875,66581.19275,23.761880940470462,-56.921245639596,-30.104464146501286,26.816781493094716
1563,2026-03-03 11:00:00,1772539500000,Strong,UP,1,67000.0,0.01033582089552243,0.0,67199.583,67033.5,-24.776119402984882,88.30905442800987,63.351199218007245,-24.957855210002624
1564,2026-03-03 15:00:00,1772553900000,Moderate,DOWN,-1,67692.5,0.010391106843446352,1.0,67819.42343750001,67658.65375,23.761880940471872,-118.9655512100692,-92.00169026521525,26.963860944853955
1565,2026-03-03 19:00:00,1772568300000,Moderate,UP,1,68395.9,-0.0014708483988074006,1.0,68267.6576875,68430.09795,23.738130934531707,-29.698634670738898,-2.9508919104073055,26.74774276033159
1566,2026-03-03 20:00:00,1772571900000,Moderate,UP,1,68232.9,-0.002448965235245626,1.0,68104.9633125,68267.01645,23.73813093453261,-39.47491489500896,-12.750434416988437,26.724480478020517
1567,2026-03-03 21:00:00,1772575500000,Moderate,UP,1,67976.5,0.005904981868734005,0.0,68439.70275,68010.48825,-63.11004538333128,44.022807283698526,-19.03024816249696,-63.053055446195486
1568,2026-03-03 22:00:00,1772579100000,Moderate,UP,1,68275.1,0.00015964824657888066,0.75,68176.4347125,68309.23755,19.441417041552008,-13.401816625898686,8.320844414500542,21.722661040399224
1569,2026-03-03 23:00:00,1772582700000,Moderate,UP,1,68295.3,-0.008715094596553508,1.0,68167.2463125,68329.44765,23.73813093453202,-102.10489351877499,-75.52943866302827,26.575454855746713
1570,2026-03-04 00:00:00,1772586300000,Moderate,UP,1,68065.8,-0.004554416461717947,0.5,68124.0691875,68099.8329,-3.5589349441723526,-60.51890516459565,-62.55860100435325,-2.0396958397576013
1571,2026-03-04 07:00:00,1772611500000,Moderate,UP,1,69464.5,0.023291033549510898,1.0,69334.2540625,69499.23225,23.73813093453337,217.7964372764698,245.13308502953907,27.3366477530693
1572,2026-03-04 09:00:00,1772618700000,Moderate,DOWN,-1,71487.1,-0.0005483506814517591,1.0,71621.1383125,71451.35645,23.76188094046921,-9.516251311137648,17.18815402571868,26.704405336856325
1573,2026-03-04 10:00:00,1772622300000,Strong,DOWN,-1,71310.9,0.0037806282069081654,0.5,71096.95283125,71275.24455,-25.014536235638747,-52.82769591703869,-76.512361921854,-23.684666004815313
1574,2026-03-04 11:00:00,1772625900000,Strong,DOWN,-1,71082.4,0.0317561027764961,1.0,71215.6795,71046.8588,23.76188094046975,-332.7223889594392,-305.25180562940477,27.470583330034408
1575,2026-03-04 12:00:00,1772629500000,Strong,DOWN,-1,71307.8,0.027113443410117677,1.0,71441.502125,71272.14610000001,23.761880940468323,-286.27257038636924,-258.91209891571106,27.360471470658197
1576,2026-03-04 13:00:00,1772633100000,Moderate,DOWN,-1,71447.9,0.024161661854302352,1.0,71581.86481249999,71412.17605,23.761880940469464,-256.7399885372913,-229.44952568236897,27.29046285492233
1577,2026-03-04 16:00:00,1772643900000,Moderate,UP,1,73241.2,-0.0036782575927210015,1.0,73103.87275,73277.82059999999,23.738130934532307,-51.761695079669025,-25.066450521937924,26.6952445577311
1578,2026-03-04 17:00:00,1772647500000,Strong,UP,1,73174.2,0.0013570356765089109,1.0,73036.998375,73210.78709999999,23.738130934531544,-1.4339262717729762,25.38107127372818,26.814997545501154
1579,2026-03-04 18:00:00,1772651100000,Strong,UP,1,73651.4,-0.01320409388008914,1.0,73513.303625,73688.2257,23.73813093453205,-146.97245257460463,-120.50375834779474,26.468694226809887
1580,2026-03-04 19:00:00,1772654700000,Strong,UP,1,73580.2,-0.012758867195250989,1.0,73442.23712499999,73616.9901,23.73813093453414,-142.52241074713558,-116.04312781716494,26.47928292997063
1581,2026-03-04 20:00:00,1772658300000,Strong,UP,1,72971.8,-0.0033821284386571504,0.0,73460.01165,73008.2859,-61.87321677689159,-48.801883444849175,-110.05602143135522,-61.254137986506045
1582,2026-03-06 12:00:00,1772802300000,Moderate,DOWN,-1,69895.2,-0.021246094152388095,1.0,70026.25349999999,69860.2524,23.761880940469382,197.56472388582444,223.7782323382465,26.213508452422076
1583,2026-03-07 13:00:00,1772892300000,Strong,DOWN,-1,67891.3,-0.0020856869731468164,0.75,67976.4576625,67857.35435000001,17.55201240025884,5.864802132535779,25.608264066340265,19.743461933804486
1584,2026-03-07 14:00:00,1772895900000,Strong,DOWN,-1,67980.1,-0.006609287129615948,0.0,67798.18395,67946.10995000001,-21.7710771240417,51.123433012666496,29.438217135313558,-21.68521587735294
1585,2026-03-07 15:00:00,1772899500000,Strong,DOWN,-1,67844.8,-0.011824045468480926,0.0,67774.4958,67810.8776,-5.365186425489181,103.29710323642844,97.9898553815576,-5.307247854870831
1586,2026-03-07 16:00:00,1772903100000,Strong,DOWN,-1,67757.5,-0.00594915691989828,0.75,67781.07960000001,67723.62125,8.48424064447312,44.51882861328865,55.1996612503082,10.680832637019552
1587,2026-03-07 17:00:00,1772906700000,Strong,DOWN,-1,67749.7,-0.004919578979685535,0.0,67434.56585000001,67715.82515,-41.53523927043081,34.21789874622978,-7.306151560250697,-41.52405030648048
1588,2026-03-07 18:00:00,1772910300000,Strong,DOWN,-1,67530.8,-0.004602344411735126,0.0,67116.425,67497.03460000001,-56.38908468432339,31.043966100403104,-25.432139003231637,-56.476105103634744
1589,2026-03-07 19:00:00,1772913900000,Strong,DOWN,-1,67042.6,0.002826561022394758,1.0,67168.304875,67009.07870000001,23.761880940468572,-43.282251349620935,-16.497801845487498,26.784449504133438
1590,2026-03-07 20:00:00,1772917500000,Moderate,DOWN,-1,67354.4,-0.0028713788557243047,0.25,67335.54916250001,67320.7228,2.2023474917311603,13.725651382935416,16.672289885655616,2.9466385027202002
1591,2026-03-07 21:00:00,1772921100000,Strong,DOWN,-1,67416.4,-0.002226461217151754,0.0,67239.96320000001,67382.6918,-21.18178959422153,7.273248795916698,-13.916837360789934,-21.19008615670663
1592,2026-03-07 22:00:00,1772924700000,Strong,DOWN,-1,67220.0,-0.004837845879202551,0.75,67327.49985,67186.39,21.002743263924952,33.40015887146139,56.51792186907412,23.11776299761273
1593,2026-03-07 23:00:00,1772928300000,Moderate,DOWN,-1,67232.1,-0.003825553567418094,1.0,67358.1601875,67198.48395000001,23.76188094046967,23.272171760061667,49.89885032981268,26.626678569751018
1594,2026-03-08 00:00:00,1772931900000,Moderate,DOWN,-1,67161.0,-0.008312860142046796,0.75,67237.0815375,67127.4195,16.336399986296378,68.16768526309974,86.59995139492862,18.43226613182887
1595,2026-03-08 01:00:00,1772935500000,Strong,DOWN,-1,67266.3,-0.0022433224363463955,0.5,67096.41621875,67232.66685000001,-20.265540195510557,7.441945336133058,-11.329328646719135,-18.771273982852193
1596,2026-03-08 02:00:00,1772939100000,Strong,DOWN,-1,66894.8,0.0035802483900093662,0.75,66988.931175,66861.35260000001,19.0810640286078,-50.82289534776626,-29.45042460003434,21.37247074773192
1597,2026-03-08 03:00:00,1772942700000,Moderate,DOWN,-1,66974.9,0.004513631226026549,0.25,66896.30024375001,66941.41255,-6.7390729492431065,-60.16139295674356,-66.18883740387764,-6.027444447134082
1598,2026-03-08 04:00:00,1772946300000,Strong,DOWN,-1,66602.7,0.01333579569597032,1.0,66727.5800625,66569.39865,23.761880940469425,-148.42717054497402,-121.3934692049431,27.033701340030916
1599,2026-03-08 05:00:00,1772949900000,Moderate,DOWN,-1,67115.4,0.00815759125327431,1.0,67241.241375,67081.8423,23.761880940469325,-96.61922214381255,-69.70833440573082,26.910887738081733
1600,2026-03-08 06:00:00,1772953500000,Strong,DOWN,-1,67134.3,0.010945224721193192,1.0,67260.1768125,67100.73285,23.76188094046935,-124.5095019629142,-97.53249877672727,26.97700318618693
1601,2026-03-08 07:00:00,1772957100000,Strong,DOWN,-1,67277.2,0.003163032944296207,1.0,67403.34475,67243.5614,23.76188094046992,-46.648653769845396,-19.856224022917818,26.79242974692758
1602,2026-03-08 08:00:00,1772960700000,Moderate,DOWN,-1,67490.9,-0.0030359648485943636,1.0,67617.44543749999,67457.15454999999,23.761880940470146,15.372334653269487,42.01774022302459,26.6454055697551
1603,2026-03-08 19:00:00,1773000300000,Moderate,DOWN,-1,67299.0,-0.020278161636874237,0.75,67262.45095,67265.3505,-0.4310614571170501,187.88055664706562,189.7080068435635,1.8274501964979026
1604,2026-03-08 20:00:00,1773003900000,Moderate,DOWN,-1,67195.7,-0.012929398756170496,0.0,65960.70315,67162.10215,-178.88049384112446,114.35616564452813,-65.51742666648529,-179.8735923110134
1605,2026-03-08 21:00:00,1773007500000,Moderate,DOWN,-1,66977.1,-0.012347503848330277,0.0,66158.90400000001,66943.61145000001,-117.2191689398319,108.53430563612137,-8.669264533160385,-117.20357016928175
1606,2026-03-08 22:00:00,1773011100000,Moderate,UP,1,66198.4,0.004556001353507089,1.0,66074.27799999999,66231.49919999999,23.73813093453273,30.53974366324006,57.43082132505616,26.891077661816098
1607,2026-03-08 23:00:00,1773014700000,Strong,UP,1,65934.3,0.01867010038781025,0.75,65934.2236125,65967.26715,5.009080855943003,171.61019877871405,178.96280558866036,7.352606809946336
1608,2026-03-09 00:00:00,1773018300000,Strong,UP,1,66326.9,0.011660427368081594,1.0,66202.53706249999,66360.06344999999,23.738130934531924,101.54849943110115,128.60853969273975,27.06004026163861
1609,2026-03-09 01:00:00,1773021900000,Strong,UP,1,66150.1,0.02599391384140004,1.0,66026.0685625,66183.17505,23.738130934532897,244.81173254772708,272.2126621555428,27.400929607815684
1610,2026-03-09 02:00:00,1773025500000,Strong,UP,1,66500.0,0.010974436090225526,0.0,67207.1868,66533.25,-101.29323308270615,94.69201489480865,-6.635300318803545,-101.32731521361221
1611,2026-03-09 03:00:00,1773029100000,Strong,UP,1,67165.3,0.005054693420560863,0.25,67180.74491875,67198.88265,2.6991120290594828,35.52417211954987,38.98630366735595,3.4621315478060777
1612,2026-03-09 04:00:00,1773032700000,Moderate,UP,1,67100.3,0.010016348660139895,0.0,67631.49884999999,67133.85015,-74.12783549402769,85.115928637082,10.833657747628813,-74.28227088945319
1613,2026-03-09 05:00:00,1773036300000,Strong,UP,1,67869.6,0.0011330551528223598,1.0,67742.3445,67903.53480000001,23.738130934533032,-3.6726121656937,23.1370585129355,26.8096706786292
1614,2026-03-09 06:00:00,1773039900000,Moderate,UP,1,67229.8,0.005078105244995523,1.0,67103.74412500001,67263.4149,23.738130934531455,35.75817336327265,62.661668077598506,26.903494714325856
1615,2026-03-09 07:00:00,1773043500000,Strong,UP,1,67504.8,0.0032368068641044356,0.75,67465.00905000001,67538.5524,10.889091842601092,17.35439144532248,30.535172363731423,13.180780918408942
1616,2026-03-09 08:00:00,1773047100000,Strong,UP,1,67772.4,0.00518942814479062,1.0,67645.32675,67806.28619999999,23.738130934531977,36.87084602489528,63.77698830097129,26.90614227607601
1617,2026-03-09 09:00:00,1773050700000,Strong,UP,1,67946.5,0.014620326286121976,1.0,67819.1003125,67980.47325,23.738130934532236,131.1326965129629,158.2631312322794,27.13043471931652
1618,2026-03-09 10:00:00,1773054300000,Strong,UP,1,67571.2,0.022814453494980125,1.0,67444.50399999999,67604.9856,23.738130934534762,213.03301844058123,240.3583318219698,27.325313381388604
1619,2026-03-09 11:00:00,1773057900000,Strong,UP,1,67723.3,0.016375457191247333,0.0,68283.12449999999,67757.16165,-77.62468751522685,148.67523429532685,70.42624060063511,-78.24899369469173
1620,2026-03-09 12:00:00,1773061500000,Strong,UP,1,68124.1,0.011690429671731284,0.0,68751.85875,68158.16205,-87.10573791066604,101.84837253104904,14.528973189397673,-87.31939934165138
1621,2026-03-09 13:00:00,1773065100000,Strong,UP,1,68939.9,-0.005365543030958819,1.0,68810.6376875,68974.36995,23.738130934531902,-68.626117250962,-41.971000936343955,26.655116314618045
1622,2026-03-09 14:00:00,1773068700000,Strong,UP,1,69112.8,-0.011364030975448913,1.0,68983.21350000001,69147.3564,23.738130934531522,-128.58101924486735,-102.06856331069852,26.512455934168816
1623,2026-03-09 15:00:00,1773072300000,Strong,UP,1,68832.3,0.0017361035444116713,1.0,68703.2394375,68866.71615,23.738130934531657,2.3548580151116356,29.178870826918583,26.824012811806945
1624,2026-03-09 16:00:00,1773075900000,Moderate,UP,1,68920.5,-6.093977844034981e-05,1.0,68791.27406249999,68954.96024999999,23.738130934533196,-15.6065944871582,11.174679740111392,26.78127422726959
1625,2026-03-09 17:00:00,1773079500000,Moderate,UP,1,68570.0,0.004560303339652849,1.0,68441.43125,68604.285,23.738130934534087,30.582742025515405,57.47392200028005,26.891179974764647
1626,2026-03-09 18:00:00,1773083100000,Moderate,UP,1,68327.4,0.004021812625681687,0.0,68933.94975,68361.56369999998,-83.72922136654046,25.200525993821426,-58.125742279841255,-83.32626827366269
1627,2026-03-09 19:00:00,1773086700000,Moderate,UP,1,68951.8,-0.008088258754666233,1.0,68822.515375,68986.2759,23.738130934531373,-95.83966771280484,-69.24930499352543,26.5903627192794
1628,2026-03-09 20:00:00,1773090300000,Moderate,UP,1,68916.3,0.0028556379260058495,1.0,68787.0819375,68950.75815,23.738130934532013,13.544606956582337,40.39524534508194,26.8506383884996
1629,2026-03-09 21:00:00,1773093900000,Moderate,UP,1,68882.7,0.005027387137844563,1.0,68753.5449375,68917.14134999999,23.73813093453103,35.25124575556837,62.15353425517288,26.902288499604513
1630,2026-03-10 02:00:00,1773111900000,Moderate,UP,1,70242.0,-0.005159306397881536,1.0,70110.29624999998,70277.121,23.73813093453477,-66.56478158802115,-39.90476040457169,26.660021183449455
1631,2026-03-10 03:00:00,1773115500000,Moderate,UP,1,69391.0,0.01417618999582082,0.0,70181.37315,69425.6955,-108.84696862705508,126.69355318161637,17.546746568608235,-109.14680661300812
1632,2026-03-10 04:00:00,1773119100000,Moderate,UP,1,70035.8,0.008782651158407484,1.0,69904.48287500002,70070.8179,23.738130934529664,72.78511902456324,99.77671793019152,26.991598905628287
1633,2026-03-10 05:00:00,1773122700000,Moderate,UP,1,69938.3,0.015615192248024101,1.0,69807.1656875,69973.26915,23.738130934531075,141.07638428809943,168.23047962954723,27.15409534144779
1634,2026-03-10 06:00:00,1773126300000,Moderate,UP,1,69879.6,0.012278261466865947,0.0,70927.94625,69914.5398,-144.94931281804634,107.72375279226354,-36.836565847976715,-144.56031864024024
1635,2026-03-10 07:00:00,1773129900000,Moderate,UP,1,70374.7,0.002776566010228132,0.0,70736.1504,70409.88734999999,-46.33767532934545,12.75428296080293,-33.47461645297464,-46.22889941377757
1636,2026-03-10 08:00:00,1773133500000,Moderate,UP,1,70650.9,-0.0023226880336979505,0.0,70906.73565,70686.22544999998,-31.1956394044547,-38.21277395000311,-69.22366135607027,-31.01088740606716
1637,2026-03-10 09:00:00,1773137100000,Moderate,UP,1,71030.4,-0.016143791953867614,1.0,70897.218,71065.91519999999,23.73813093453204,-176.35474216759144,-149.95596196736471,26.39878020022671
1638,2026-03-10 10:00:00,1773140700000,Moderate,UP,1,70737.6,0.009868867476419796,1.0,70604.967,70772.9688,23.738130934532474,83.64185383727956,110.6592859253079,27.01743208802834
1639,2026-03-10 11:00:00,1773144300000,Moderate,UP,1,70570.1,0.010298979312768353,1.0,70437.7810625,70605.38505,23.738130934532556,87.9408227163258,114.96848403524989,27.02766131892409
1640,2026-03-11 03:00:00,1773201900000,Strong,DOWN,-1,69517.0,0.00151186040824558,1.0,69647.344375,69482.2415,23.76188094046978,-30.128668416663285,-3.375400207067154,26.753268209596133
1641,2026-03-11 04:00:00,1773205500000,Moderate,DOWN,-1,70089.7,-0.006738507940539096,0.0,69517.224,70054.65515,-76.71597966605705,52.416287549166775,-24.410241697797396,-76.82652924696417
1642,2026-03-11 05:00:00,1773209100000,Strong,DOWN,-1,69463.7,-0.0004678702689318026,1.0,69593.9444375,69428.96815,23.761880940470448,-10.32145803970104,16.384856084161225,26.706314123862263
1643,2026-03-11 06:00:00,1773212700000,Moderate,DOWN,-1,69907.0,-0.004813537986181671,0.0,69575.79470000001,69872.0465,-42.39918749195126,33.15695834098644,-9.239002583751573,-42.39596092473801
1644,2026-03-11 07:00:00,1773216300000,Strong,DOWN,-1,69622.1,-0.006867072380752792,0.5,69642.10778125,69587.28895000002,7.8777075637150835,53.70257509507652,63.02393819190351,9.321363096826989
1645,2026-03-11 08:00:00,1773219900000,Strong,DOWN,-1,69617.4,-0.0042862847506512924,0.5,69564.0929875,69582.5913,-2.65846846954087,27.881788400714537,26.732686429770748,-1.149101970943792
1646,2026-03-11 09:00:00,1773223500000,Strong,DOWN,-1,69431.2,0.010133772713131872,1.0,69561.3835,69396.4844,23.761880940469524,-116.39092259261504,-89.43316494704375,26.957757645571302
1647,2026-03-11 10:00:00,1773227100000,Moderate,DOWN,-1,69570.5,0.013886632983807878,0.25,69131.44364375,69535.71475,-58.13862814288567,-153.93829898757267,-212.50864500835513,-58.57034602078245
1648,2026-03-11 11:00:00,1773230700000,Strong,DOWN,-1,69144.0,0.015083015156774238,1.0,69273.645,69109.428,23.761880940470842,-165.90810562055213,-138.83296475881846,27.075140861733647
1649,2026-03-11 12:00:00,1773234300000,Moderate,DOWN,-1,69319.0,0.017598349658823675,1.0,69448.973125,69284.3405,23.761880940469997,-191.07403360503784,-163.93923552163247,27.134798083405382
1650,2026-03-11 13:00:00,1773237900000,Moderate,DOWN,-1,70134.8,0.008701814220615223,1.0,70266.30275,70099.7326,23.76188094047017,-102.06417429329862,-75.1403789955354,26.923795297763217
1651,2026-03-11 14:00:00,1773241500000,Strong,DOWN,-1,70536.6,0.0006464728949224785,0.0,70270.54715,70501.33170000001,-32.73477882404471,-21.470464181315222,-54.35042313456621,-32.87995895325099
1652,2026-03-11 15:00:00,1773245100000,Strong,DOWN,-1,70186.9,0.005897111854206605,1.0,70318.5004375,70151.80655,23.76188094047096,-74.00312010211647,-47.14584508253492,26.857275019581543
1653,2026-03-11 16:00:00,1773248700000,Moderate,DOWN,-1,70538.9,0.0006691343358062873,1.0,70671.1604375,70503.63055,23.761880940470345,-21.697191954039614,5.036088975109185,26.733280929148798
1654,2026-03-11 17:00:00,1773252300000,Moderate,DOWN,-1,70745.1,-0.0006049888967575301,0.5,70605.88854375,70709.72745,-14.685236387515788,-8.949585825337124,-22.15487471916219,-13.205288893825067
1655,2026-03-11 18:00:00,1773255900000,Moderate,UP,1,70582.2,-0.0035858899269219924,1.0,70449.858375,70617.4911,23.738130934533174,-50.83848002920532,-24.14103871681351,26.69744131239181
1656,2026-03-11 19:00:00,1773259500000,Moderate,UP,1,70600.8,-0.006385196768308621,1.0,70468.4235,70636.1004,23.738130934531505,-78.81755890363333,-52.18669273195879,26.63086617167453
1657,2026-03-11 20:00:00,1773263100000,Moderate,UP,1,70586.1,-0.0057971753645549295,0.5,70591.70566875,70621.39305,4.203737701545948,-72.94028350379654,-67.2612474893967,5.679036014399844
1658,2026-03-11 21:00:00,1773266700000,Moderate,DOWN,-1,70702.3,-0.012750646018587775,1.0,70834.86681250001,70666.94885,23.761880940471737,112.56774405790662,138.98274254360985,26.414998485703236
1659,2026-03-11 22:00:00,1773270300000,Moderate,DOWN,-1,70329.1,-0.015444531495497738,0.5,70299.20379375,70293.93545,0.7494734383938277,139.52007499247364,141.75828697136913,2.2382119788954755
1660,2026-03-11 23:00:00,1773273900000,Moderate,DOWN,-1,70150.0,-0.010654312188168147,0.75,70164.3029375,70114.925,7.042428912246755,91.59391884110225,100.80989521886902,9.215976377766767
1661,2026-03-12 00:00:00,1773277500000,Moderate,DOWN,-1,70176.9,-0.01206664871204044,0.0,69765.39985,70141.81155,-53.66438243923527,105.72434929505222,52.39480472209976,-53.32954457295246
1662,2026-03-12 01:00:00,1773281100000,Moderate,DOWN,-1,69800.8,-0.005313692679740134,0.0,69288.43845000002,69765.8996,-68.43761103024438,38.16100730105258,-30.416328202007293,-68.57733550305987
1663,2026-03-12 02:00:00,1773284700000,Moderate,DOWN,-1,69242.9,0.0031570023785834067,1.0,69372.7304375,69208.27855,23.7618809404691,-46.5883179448042,-19.796031227281784,26.79228671752242
1664,2026-03-12 03:00:00,1773288300000,Moderate,DOWN,-1,69402.6,0.005475299196283645,1.0,69532.729875,69367.8987,23.761880940470142,-69.78288340453948,-42.93561268904536,26.847270715494126
1665,2026-03-12 04:00:00,1773291900000,Moderate,DOWN,-1,69330.1,0.007716706019463393,0.75,69417.97082500001,69295.43495000001,17.683109296942423,-92.20816427677188,-72.16115602862979,20.0470082481421
1666,2026-03-12 05:00:00,1773295500000,Moderate,DOWN,-1,69429.9,0.006985463035378059,0.25,69395.66750625001,69395.18505,0.06952301512947197,-84.89207639197645,-84.07203319151242,0.8200432004640268
1667,2026-03-21 10:00:00,1774091100000,Moderate,UP,1,70576.0,0.00026921333031060257,0.0,70719.44205,70611.288,-15.316821582407245,-12.306713340224082,-27.596582551091807,-15.289869210867725
1668,2026-03-21 12:00:00,1774098300000,Moderate,DOWN,-1,70680.0,-0.0057314657611772235,0.25,70741.93488750001,70644.66,13.769602330878323,42.34082802578558,56.76952409737443,14.42869607158885
1669,2026-03-21 14:00:00,1774105500000,Moderate,DOWN,-1,70595.0,-0.0033203484666052274,0.5,70608.21536249999,70559.7025,6.8754346717933625,18.21759346278332,26.568916729977932,8.35132326719461
1670,2026-03-21 15:00:00,1774109100000,Strong,DOWN,-1,70599.1,-0.0033031582555587136,0.0,70186.38925000001,70563.80045000001,-53.48510108485834,18.045605358266318,-35.57629077634688,-53.621896134613195
1671,2026-03-21 18:00:00,1774119900000,Strong,DOWN,-1,70360.6,-0.0015264224580234798,0.25,70351.9801,70325.41970000001,3.7767851387579503,0.26935925986603215,4.790841474482334,4.521482214616301
1672,2026-03-21 19:00:00,1774123500000,Strong,DOWN,-1,70365.9,-0.0210954453790827,0.5,70428.71891875,70330.71704999999,13.934433325959155,196.0574825320926,211.1857961501403,15.128313618047729
1673,2026-03-21 20:00:00,1774127100000,Strong,DOWN,-1,70432.4,-0.021693141224777168,0.0,70214.37525,70397.1838,-25.96816237981406,202.03743096325377,176.5537142979845,-25.48371666526928
1674,2026-03-21 21:00:00,1774130700000,Strong,DOWN,-1,70321.6,-0.01984454278628467,0.0,70155.40475,70286.43920000001,-18.642920525131178,183.5421989623287,165.22595078463937,-18.316248177689328
1675,2026-03-21 22:00:00,1774134300000,Strong,DOWN,-1,70253.2,-0.01445628099502927,0.0,68776.19470000001,70218.0734,-205.34295946661317,129.63262626342413,-77.08793675088256,-206.72056301430666
1676,2026-03-22 00:00:00,1774141500000,Strong,UP,1,68904.5,0.005934300372254286,0.75,68841.2233125,68938.95225,14.17615648488426,44.31584579964255,60.83923545802996,16.523389658387412
1677,2026-03-22 01:00:00,1774145100000,Moderate,UP,1,68926.1,0.0027609280084031074,0.0,69214.69005,68960.56305,-36.85106222461559,12.597981093484876,-24.200749859460007,-36.79873095294488
1678,2026-03-22 04:00:00,1774155900000,Moderate,DOWN,-1,69313.4,-0.008031636018432153,0.0,69069.8478,69278.7433,-30.152899727902355,65.35403720292437,35.33784422209282,-30.016192980831562
1679,2026-03-22 05:00:00,1774159500000,Moderate,DOWN,-1,69116.4,-0.0048657048110143375,0.25,69104.1903,69081.8418,3.2350758777840425,33.67888755391998,37.64879131685539,3.9699037629354086
1680,2026-03-22 06:00:00,1774163100000,Moderate,DOWN,-1,69126.9,-0.007606300875635852,0.25,68906.36754375,69092.33654999999,-26.916010593361055,61.09855803537548,35.05179018741335,-26.04676784796213
1681,2026-03-22 07:00:00,1774166700000,Moderate,DOWN,-1,68884.5,-0.010270815640673892,0.25,68815.81205625001,68850.05775,-4.973952799625001,87.75703492420195,83.57925495783542,-4.177779966366528
1682,2026-03-22 08:00:00,1774170300000,Moderate,DOWN,-1,68756.7,-0.002068162084567726,0.5,68731.15999375001,68722.32165,1.2860950471128423,5.689465578466535,8.47337768788166,2.7839121094151253
1683,2026-03-22 09:00:00,1774173900000,Moderate,DOWN,-1,68780.1,-0.001741782870336106,0.0,68600.68250000001,68745.70995,-21.096218237541688,2.4240407237224413,-18.690511205918835,-21.114551929641273
1684,2026-03-22 10:00:00,1774177500000,Moderate,DOWN,-1,68601.1,0.0010845307145219696,0.0,68237.76405,68566.79945,-47.9875687124562,-25.853233762100896,-74.14863618322238,-48.29540242112148
1685,2026-03-22 11:00:00,1774181100000,Moderate,UP,1,68177.0,0.009356527861302144,0.0,68825.5956,68211.0885,-90.08903295832944,78.52101810396944,-11.554014884544838,-90.07503298851428
1686,2026-03-22 23:00:00,1774224300000,Moderate,UP,1,67830.6,0.003162289586116085,1.0,67703.417625,67864.5153,23.73813093453233,16.60959106562818,43.46752246578394,26.857931400155756
1687,2026-03-23 00:00:00,1774227900000,Strong,UP,1,67642.5,0.012743467494548577,0.0,68050.50825,67676.32125,-55.290682632960845,112.37348820138573,56.71393964203067,-55.65954855935506
1688,2026-03-23 01:00:00,1774231500000,Strong,UP,1,67875.6,0.014564880457778484,0.5,68104.26375000001,67909.5378,-28.674315318342114,130.5785153201251,103.08423983402716,-27.494275486097933
1689,2026-03-23 03:00:00,1774238700000,Moderate,UP,1,68045.1,0.003834221714715591,0.0,68705.43555000001,68079.12255,-91.99780733660604,23.32555436997182,-68.13740161931179,-91.4629559892836
1690,2026-03-23 04:00:00,1774242300000,Moderate,DOWN,-1,68504.5,-0.001523987475275268,1.0,68632.9459375,68470.24775000001,23.761880940468924,0.2449972513797016,26.926263009609684,26.681265758229983
1691,2026-03-23 05:00:00,1774245900000,Strong,DOWN,-1,68864.2,-0.008120329576180363,0.0,67693.03655,68829.7679,-165.15112351555698,66.24141647003957,-100.40271809168763,-166.6441345617272
1692,2026-03-23 10:00:00,1774263900000,Strong,UP,1,68512.2,0.04229319741593485,0.0,70071.71835,68546.4561,-222.5151140964675,407.72311260304633,180.95887492246825,-226.76423768057805
1693,2026-03-24 12:00:00,1774357500000,Strong,DOWN,-1,70924.4,-0.020812301549255174,0.25,70431.2667125,70888.9378,-64.5617076096179,193.2246278064554,130.31396901286212,-62.91065879359327
1694,2026-03-24 15:00:00,1774368300000,Moderate,DOWN,-1,69837.7,-0.007089294177786365,0.5,69506.00113125,69802.78115,-42.51693325975681,55.92590473022857,15.008924206621915,-40.916980523606654
1695,2026-03-24 17:00:00,1774375500000,Strong,UP,1,69205.0,0.015767646846326144,0.0,69597.9816,69239.6025,-51.75926594899293,142.6001683790723,90.32164495988744,-52.278523419184864
1696,2026-03-24 18:00:00,1774379100000,Strong,UP,1,69399.5,0.012657151708585612,0.75,69308.83987499999,69434.19975,18.05448546269293,111.51076170500467,132.0676807962339,20.55691909122923
1697,2026-03-24 19:00:00,1774382700000,Strong,UP,1,69342.6,0.01703570388188491,0.25,69848.823225,69377.27130000001,-67.96922337301444,155.27440161803918,87.39826747694919,-67.87613414108999
1698,2026-03-25 00:00:00,1774400700000,Moderate,DOWN,-1,70804.3,0.0018897157376036589,0.5,70713.43286875001,70768.89785000001,-7.837479872522735,-33.90911193200275,-40.27149264794031,-6.36238071593756
1699,2026-03-25 07:00:00,1774425900000,Moderate,UP,1,70900.0,0.010582510578279303,0.5,71092.901225,70935.45,-22.196408847761884,90.77471842358169,69.90428022988013,-20.87043819370157
1700,2026-03-25 11:00:00,1774440300000,Strong,DOWN,-1,71650.3,-0.011973432072161727,1.0,71784.64431250001,71614.47485000001,23.761880940469467,104.79171657990855,131.22514856805273,26.433431988144193
1701,2026-03-25 12:00:00,1774443900000,Strong,DOWN,-1,71685.4,-0.0055157675063540745,1.0,71819.81012499999,71649.5573,23.761880940468654,40.182766446764965,66.76935751819342,26.586591071428447
1702,2026-03-25 13:00:00,1774447500000,Strong,DOWN,-1,71546.6,-0.011097662222942839,0.0,70855.7544,71510.8267,-91.60463250524829,96.02963704795197,4.5583659186895105,-91.47127112926246
1703,2026-03-25 14:00:00,1774451100000,Moderate,DOWN,-1,71203.6,-0.005853636613879165,0.25,70987.62568750001,71167.99820000002,-25.34460952422932,43.56314771264894,19.040238693723587,-24.522909018925354
1704,2026-03-25 15:00:00,1774454700000,Moderate,UP,1,70792.4,0.0008588492550047899,0.5,70956.470425,70827.7962,-18.167193094172507,-6.413300799552472,-23.05405326412975,-16.640752464577275
1705,2026-03-25 16:00:00,1774458300000,Moderate,DOWN,-1,71290.0,-0.004488708093701832,0.0,70803.3806,71254.35500000001,-63.290784121196005,29.9070344542464,-33.53268990661668,-63.439724360863075
1706,2026-03-25 18:00:00,1774465500000,Moderate,UP,1,70786.8,0.007675159775551332,0.5,70711.8027,70822.1934,15.58702077702151,61.715739885571246,78.93905209476517,17.223312209193928
1707,2026-03-25 19:00:00,1774469100000,Moderate,UP,1,70853.2,0.006270711837997434,1.0,70720.35024999999,70888.62659999999,23.738130934532748,47.67827924035579,74.6101373875777,26.9318581472219
1708,2026-03-25 20:00:00,1774472700000,Moderate,UP,1,70970.0,0.004167958292236262,0.25,70962.97171249999,71005.485,5.987324429938429,26.66125229621378,33.424127110529724,6.7628748143159445
1709,2026-03-25 21:00:00,1774476300000,Moderate,UP,1,71000.0,0.002998591549295604,0.25,71278.1198375,71035.5,-34.15473073322422,14.973428778567643,-18.400050204563343,-33.37347898313099
1710,2026-03-25 22:00:00,1774479900000,Moderate,DOWN,-1,71330.1,-0.006660582278729565,0.25,71203.00749375,71294.43495000001,-12.823926062970612,51.63664110784986,39.62539248683424,-12.011248621015625
1711,2026-03-25 23:00:00,1774483500000,Moderate,DOWN,-1,71297.5,-0.005829096391879229,0.5,71275.00286875,71261.85125,1.845534254205144,43.31762273015785,46.65297831329313,3.335355583135285
1712,2026-03-26 00:00:00,1774487100000,Moderate,DOWN,-1,71265.8,-0.00742010894426226,0.25,71134.44668749999,71230.1671,-13.438184465527312,59.235707296270824,46.62260546862921,-12.613101827641612
1713,2026-03-26 01:00:00,1774490700000,Strong,DOWN,-1,71212.9,-0.01719070561653857,0.0,70784.59000000001,71177.29355,-55.172588112545775,156.99055144110702,102.43831461056902,-54.552236830538
1714,2026-03-26 02:00:00,1774494300000,Moderate,DOWN,-1,70855.0,-0.011255380707077878,0.25,70800.56027500001,70819.57250000001,-2.6846003624207952,97.60761087621778,95.7011857129171,-1.9064251633006852
1715,2026-03-26 03:00:00,1774497900000,Moderate,DOWN,-1,70881.9,-0.011682813242872903,0.0,70486.1393,70846.45905,-50.85924615452035,101.8840744659633,51.33678256371638,-50.54729190224691
1716,2026-03-26 04:00:00,1774501500000,Moderate,DOWN,-1,70737.0,-0.010618205465315222,0.0,70029.06795000001,70701.6315,-95.12701980575818,91.2326709886474,-3.835709761146794,-95.0683807497942
1717,2026-03-26 05:00:00,1774505100000,Moderate,DOWN,-1,69988.7,-0.006445326174082222,0.5,70045.10419375001,69953.70565,13.065575711929233,49.48300324244477,63.95391374480816,14.470910502363395
1718,2026-03-26 06:00:00,1774508700000,Moderate,DOWN,-1,70057.5,-0.008243228776362299,0.25,70006.65808125,70022.47125,-2.258299152787902,67.4710232752607,65.97971324224073,-1.491310033019961
1719,2026-03-26 07:00:00,1774512300000,Moderate,DOWN,-1,70053.8,-0.011626778276124905,0.25,70027.6214375,70018.7731,1.2637093036970595,101.32344448349137,103.32292784156265,1.9994833580712703
1720,2026-03-26 08:00:00,1774515900000,Moderate,DOWN,-1,69985.9,-0.008441700399651753,0.5,69773.18794375,69950.90705,-25.406261869193514,69.45673236269901,45.68814230687085,-23.768590055828167
1721,2026-03-26 10:00:00,1774523100000,Moderate,DOWN,-1,69480.0,-0.00043033966609085095,0.5,69429.54860000001,69445.26000000001,-2.2624150301979054,-10.696951814997382,-11.460036528308445,-0.7630847133110628
1722,2026-03-26 11:00:00,1774526700000,Moderate,DOWN,-1,69239.3,-0.0026646716532373604,1.0,69369.1236875,69204.68035000001,23.761880940469297,11.657545305027439,38.31175698802145,26.654211682994013
1723,2026-03-26 12:00:00,1774530300000,Strong,DOWN,-1,69395.1,-0.007065340348237914,1.0,69525.21581250001,69360.40245000001,23.761880940470895,55.68624660568211,82.23608582146466,26.549839215782544
1724,2026-03-26 13:00:00,1774533900000,Strong,DOWN,-1,69617.4,-0.01668117453395257,0.75,69570.225825,69582.5913,-1.7770932023335981,151.89269168536904,152.39405757464644,0.5013658892773915
1725,2026-03-26 14:00:00,1774537500000,Strong,DOWN,-1,69450.1,-0.014299475450719412,0.0,68946.00975,69415.37495000001,-67.61689328021338,128.06378640039486,60.926475915453175,-67.1373104849417
1726,2026-03-26 15:00:00,1774541100000,Strong,DOWN,-1,69054.8,-0.007995099544130246,0.0,68944.01075,69020.27260000001,-11.049195711233667,64.98848968614679,54.01001989864714,-10.978469787499652
1727,2026-03-26 17:00:00,1774548300000,Moderate,UP,1,68456.1,0.006277015488758364,1.0,68327.74481250001,68490.32805,23.73813093453101,47.741284245463106,74.67329231066658,26.932008065203487
1728,2026-03-26 18:00:00,1774551900000,Moderate,UP,1,68457.0,0.005923426384445651,0.5,68450.41458750001,68491.2285,5.9589984577349275,44.20716026432532,51.70203310430235,7.494872839977039
1729,2026-03-26 19:00:00,1774555500000,Moderate,UP,1,68502.7,0.004164799343675529,0.25,68801.81231874999,68536.95134999999,-38.644988365097355,26.62967859745801,-11.257551586867661,-37.887230184325674
1730,2026-03-27 01:00:00,1774577100000,Strong,DOWN,-1,69016.4,-0.006195628865023228,0.5,68870.1016,68981.8918,-16.205731255402174,46.98478104075346,32.34524248763292,-14.639538553120543
1731,2026-03-27 02:00:00,1774580700000,Strong,DOWN,-1,68870.8,-0.003619821462797046,0.0,68261.852,68836.3646,-83.460624822131,21.213821538739538,-62.68652834089545,-83.90034987963499
1732,2026-03-27 03:00:00,1774584300000,Strong,DOWN,-1,68728.8,-0.003304291650661817,0.0,68642.2617,68694.43560000001,-7.595069315921253,18.056944979108973,10.477428412007827,-7.579516567101149
1733,2026-03-27 04:00:00,1774587900000,Strong,DOWN,-1,68540.2,-0.009681909302861502,1.0,68668.712875,68505.9299,23.761880940469446,81.86502554138701,108.35280651639731,26.487780975010292
1734,2026-03-27 05:00:00,1774591500000,Strong,DOWN,-1,68588.8,-0.013659664551647022,1.0,68717.40400000001,68554.5056,23.761880940471034,121.66247675484802,148.05591567458154,26.393438919733516
1735,2026-03-27 06:00:00,1774595100000,Strong,DOWN,-1,68621.5,-0.031551335951560455,1.0,68750.1653125,68587.18925000001,23.76188094046889,300.6686938625373,326.6377886618637,25.969094799326438
1736,2026-03-27 07:00:00,1774598700000,Strong,DOWN,-1,68501.7,-0.026838749987226573,0.0,67606.08005,68467.44915,-125.8070967581821,253.5192595020174,129.4667534787808,-124.05250602323663
1737,2026-03-27 08:00:00,1774602300000,Strong,DOWN,-1,67876.6,-0.01911115170765787,0.0,67648.05905,67842.66170000001,-28.684406702754007,176.20461938627284,147.9733498650915,-28.231269521181332
1738,2026-03-27 09:00:00,1774605900000,Strong,DOWN,-1,67651.9,-0.02214276317442676,0.25,66671.07458125,67618.07405,-140.05123364645732,206.53589969411462,68.32105828851408,-138.21484140560054
1739,2026-03-28 09:00:00,1774692300000,Strong,UP,1,66270.9,0.00818458780550757,0.75,66189.771675,66304.03545,17.233306272310678,66.80747431791607,86.4531237185117,19.645649400595627
1740,2026-03-28 10:00:00,1774695900000,Strong,UP,1,66184.9,0.008027510806845717,0.0,66333.04994999999,66217.99244999999,-17.37556451698127,65.23748932379578,47.761560834127025,-17.475928489668767
1741,2026-03-28 11:00:00,1774699500000,Strong,UP,1,66288.5,0.010466370486585275,0.25,66414.61090625,66321.64425,-14.017543940793667,89.61389791689392,76.22653686495909,-13.387361051934825
1742,2026-03-28 12:00:00,1774703100000,Strong,UP,1,66416.7,0.007190962513946131,0.25,66698.98798125,66449.90835,-37.48381862892403,56.8761870459382,20.032606027681783,-36.843581018256415
1743,2026-03-28 13:00:00,1774706700000,Moderate,UP,1,66813.3,-7.034527556637471e-05,0.75,66731.05398750001,66846.70665,17.30117582389265,-15.700602454434753,3.870678509666765,19.57128096410152
1744,2026-03-28 14:00:00,1774710300000,Moderate,UP,1,66716.2,0.0023217749212336436,0.0,67069.41794999999,66749.5581,-47.91939588885361,8.208644889891952,-39.5690578599963,-47.777702749888256
1745,2026-03-28 19:00:00,1774728300000,Strong,DOWN,-1,66873.0,-0.00804809115786631,0.5,66850.91931250002,66839.5635,1.6989656881904514,65.51867091412123,68.70451981929708,3.1858489051758436
1746,2026-03-28 20:00:00,1774731900000,Strong,DOWN,-1,66885.5,-0.006594852397006967,0.0,66554.40615,66852.05725,-44.52385046086264,50.97901347680723,6.528755399314924,-44.4502580774923
1747,2026-03-28 21:00:00,1774735500000,Moderate,DOWN,-1,66644.8,-0.001631034979473256,0.5,66616.70097500001,66611.47760000001,0.7841554020716387,1.3160077986330496,3.599214434268742,2.283206635635693
1748,2026-03-28 22:00:00,1774739100000,Moderate,DOWN,-1,66729.0,0.0006698736681203243,0.0,66316.825,66695.6355,-56.79689490326647,-21.704588975689887,-78.89277344022427,-57.18818446453438
1749,2026-03-28 23:00:00,1774742700000,Moderate,UP,1,66334.8,0.008154091065323055,0.25,66443.36081249999,66367.9674,-11.35990982601558,66.50265932357047,55.81883189127798,-10.683827432292487
1750,2026-03-29 00:00:00,1774746300000,Moderate,UP,1,66444.4,0.003875420652455386,0.5,66482.765675,66477.62219999998,-0.7737152488012656,23.737337855626674,24.461072358395352,0.7237345027686801
1751,2026-03-29 01:00:00,1774749900000,Moderate,UP,1,66536.1,0.0030840400925211675,0.0,66804.7857,66569.36805,-35.36426090498068,15.827487181620963,-19.503166477486385,-35.33065365910735
1752,2026-03-29 10:00:00,1774782300000,Moderate,UP,1,66473.4,0.0012456110263654452,0.0,66786.67665,66506.63669999999,-42.107068391267156,-2.5476159283801363,-44.50937545639905,-41.96175952801891
1753,2026-03-29 11:00:00,1774785900000,Moderate,DOWN,-1,66780.8,-0.004204801380037426,0.25,66565.80488750001,66747.40960000001,-27.20775436654609,27.066547073912748,0.6356894483922331,-26.430857625520513
1754,2026-03-29 12:00:00,1774789500000,Moderate,DOWN,-1,66818.6,-0.005250035169848011,0.0,66455.25575,66785.1907,-49.402411903273915,37.52411375535738,-11.887623463100777,-49.41173721845816
1755,2026-03-29 14:00:00,1774796700000,Moderate,DOWN,-1,66556.2,-0.0023889585042414785,0.5,66539.7674375,66522.9219,2.532290677990328,8.899034559695744,12.925899577109407,4.026865017413663
1756,2026-03-29 15:00:00,1774800300000,Moderate,DOWN,-1,66500.0,-0.0027037593984963193,0.5,66523.52987500001,66466.75,8.54259836685372,12.048618294109897,22.06510611840264,10.01648782429274
1757,2026-03-29 16:00:00,1774803900000,Moderate,DOWN,-1,66467.8,0.0016669725792037848,0.25,66344.61767500002,66434.56610000001,-13.53940129067766,-31.680566075074413,-44.517717744066395,-12.837151668991984
1758,2026-03-29 18:00:00,1774811100000,Strong,DOWN,-1,66397.2,-0.008688619399613184,0.25,66415.035375,66364.0014,7.6900087281375145,71.92715757491845,80.29830357944438,8.37114600452593
1759,2026-03-29 19:00:00,1774814700000,Strong,DOWN,-1,66320.2,-0.005161323397697926,1.0,66444.55037499999,66287.0399,23.76188094046846,36.636552253106295,63.23154982106349,26.59499756795719
1760,2026-03-29 20:00:00,1774818300000,Strong,DOWN,-1,66578.6,-0.004917496012232236,0.75,66592.10515,66545.31070000002,7.0319680692371715,34.197058651650295,43.44302794709831,9.245969295448011
1761,2026-03-29 21:00:00,1774821900000,Strong,DOWN,-1,66678.8,-0.0008203506961732554,0.0,65994.1864,66645.4606,-97.7222145569506,-6.794890483508794,-105.44986223210715,-98.65497174859836
1762,2026-03-29 22:00:00,1774825500000,Strong,UP,1,65820.3,0.019244822645900994,0.25,65848.32414374998,65853.21015,0.7419541490669593,177.35454918441832,178.86046026713308,1.5059110827147713
1763,2026-03-29 23:00:00,1774829100000,Strong,UP,1,65977.9,0.01761044228446207,1.0,65854.1914375,66010.88895,23.738130934530933,161.01891338792672,188.22046120938643,27.20154782145972
1764,2026-03-30 00:00:00,1774832700000,Strong,UP,1,66251.2,0.02004341053445091,0.0,66731.04884999999,66284.3256,-67.39500567536822,185.33643712594542,117.08494240908577,-68.25149471685964
1765,2026-03-30 01:00:00,1774836300000,Strong,UP,1,66624.1,0.01253150136362069,0.25,66926.23676875001,66657.41205,-40.32930629655449,110.25488619311032,70.3545403076893,-39.90034588542102
1766,2026-03-30 02:00:00,1774839900000,Moderate,UP,1,67087.0,0.0027784816730513917,0.5,67214.4094625,67120.5435,-13.984684510190242,12.773430015505525,0.27647188627107644,-12.496958129234448
1767,2026-03-30 03:00:00,1774843500000,Moderate,UP,1,67139.8,0.0067932880348167135,0.0,67749.55785,67173.3699,-85.77624598226271,52.90142963335074,-32.68027347723912,-85.58170311058984
1768,2026-03-30 06:00:00,1774854300000,Moderate,UP,1,67273.4,0.002818350194876418,0.0,67799.0826,67307.0367,-73.10467435866143,13.17191599076937,-59.570375750186685,-72.74229174095605
1769,2026-03-30 14:00:00,1774883100000,Moderate,DOWN,-1,67762.7,-0.016854405152096796,0.5,67605.16524375,67728.81865,-18.25713318417662,153.6258644531954,137.13461833132897,-16.491246121866435
1770,2026-03-30 15:00:00,1774886700000,Moderate,DOWN,-1,67590.2,-0.01589283653547402,0.0,67228.26905,67556.4049,-48.572130279240405,144.0053680387593,95.94784903211821,-48.05751900664108
1771,2026-03-30 19:00:00,1774901100000,Moderate,UP,1,66516.0,0.003734439834024883,0.0,66713.44005,66549.258,-24.67075590835334,22.328234223136274,-2.3613667708041577,-24.68960099394043
1772,2026-03-30 21:00:00,1774908300000,Moderate,UP,1,66770.6,0.01685771881636522,1.0,66645.405125,66803.9853,23.73813093453206,153.49544044343068,180.67908645074687,27.18364600731618
1773,2026-03-30 22:00:00,1774911900000,Strong,UP,1,66746.5,0.017458593334481964,1.0,66621.3503125,66779.87324999999,23.738130934531362,159.50118275344485,186.69911919330764,27.19793643986279
1774,2026-03-30 23:00:00,1774915500000,Strong,UP,1,66764.4,0.013576097441151402,1.0,66639.21674999999,66797.78219999999,23.738130934531927,120.69562659821602,147.80122671159856,27.10560011338254
1775,2026-03-31 00:00:00,1774919100000,Moderate,UP,1,67172.5,0.005025866239904753,0.75,67273.4115,67206.08625,-10.017731095003166,35.23604437686071,27.433067830595128,-7.802976546265584
1776,2026-03-31 05:00:00,1774937100000,Moderate,DOWN,-1,67648.9,-0.02290650697941865,0.0,67319.62335000001,67615.07555,-43.696202007717076,214.17715837337272,171.27305075006868,-42.90410762330405
1777,2026-03-31 06:00:00,1774940700000,Strong,DOWN,-1,67465.4,-0.016838260797386484,0.0,67431.6673,67431.6673,-0.0,153.46434014393807,153.46434014393807,0.0
1778,2026-03-31 07:00:00,1774944300000,Moderate,DOWN,-1,67343.8,-0.010266720915659722,0.5,67060.1973375,67310.1281,-37.13122668979253,87.71606719019266,52.31063785834706,-35.405429331845596
1779,2026-04-01 02:00:00,1775012700000,Moderate,UP,1,67623.8,0.021372652823414384,0.0,68126.64630000001,67657.6119,-69.32470520733884,198.62221712557994,128.33848445288845,-70.2837326726915
1780,2026-04-02 00:00:00,1775091900000,Moderate,DOWN,-1,68565.1,-0.033032840322554935,0.0,67074.54595000001,68530.81745000002,-212.4987785331024,315.49114879995045,105.44557462636345,-210.045574173587
1781,2026-04-02 02:00:00,1775099100000,Strong,UP,1,66821.6,-0.0025246327534811375,1.0,66696.3095,66855.0108,23.738130934532826,-40.2312119288461,-13.5085310304926,26.722680898353502
1782,2026-04-02 03:00:00,1775102700000,Strong,UP,1,66538.4,0.0052526060139708175,1.0,66413.6405,66571.66919999999,23.738130934532034,37.50230898521692,64.40995380308964,26.907644817872708
1783,2026-04-02 07:00:00,1775117100000,Strong,DOWN,-1,66887.9,-0.010574408824316373,0.0,66235.96545,66854.45605,-92.51299562402022,90.79448548590618,-1.6411801920828644,-92.43566567798904
1784,2026-04-02 08:00:00,1775120700000,Strong,DOWN,-1,66418.2,-0.006082670111505539,0.25,66348.10042500001,66384.9909,-5.55705054709782,45.854628429271536,41.07554404137853,-4.7790843878930085
1785,2026-04-02 09:00:00,1775124300000,Strong,DOWN,-1,66428.6,-0.0030303212772812005,0.0,66261.0529,66395.38570000001,-20.232249362476146,15.315870708167376,-4.9060724931534825,-20.221943201320855
1786,2026-04-02 10:00:00,1775127900000,Strong,DOWN,-1,66424.0,0.005997832108876278,0.0,66082.84204999999,66390.788,-46.3838371672902,-75.01082650201316,-121.91376264362745,-46.9029361416143
1787,2026-04-02 11:00:00,1775131500000,Strong,DOWN,-1,66180.6,0.009519405989066199,0.0,65973.3968,66147.50970000001,-26.32191306818121,-110.24418198165304,-136.90012044370036,-26.65593846204732
1788,2026-04-02 12:00:00,1775135100000,Strong,DOWN,-1,66014.2,0.01569207837101727,1.0,66137.976625,65981.1929,23.76188094047041,-172.0017846024744,-144.9121983382887,27.08958626418571
1789,2026-04-02 13:00:00,1775138700000,Strong,DOWN,-1,66227.3,0.006252708475205759,1.0,66351.47618750001,66194.18635,23.7618809404714,-77.56086518464934,-50.69515633392974,26.865708850719603
1790,2026-04-02 23:00:00,1775174700000,Strong,UP,1,66868.5,-0.0047630797759782295,0.75,66777.2443125,66901.93424999999,18.637717862393806,-62.604495512024926,-41.780202180334854,20.824293331690075
1791,2026-04-03 02:00:00,1775185500000,Strong,UP,1,66504.6,0.003870408964191885,0.0,66610.2885,66537.8523,-10.886464996405733,23.687246018910255,12.775986025042496,-10.911259993867757
1792,2026-04-03 03:00:00,1775189100000,Moderate,UP,1,66550.0,0.006894064613072848,0.25,66622.65819999999,66583.275,-5.914878773985897,53.90869178483767,48.709530651091946,-5.199161133745724
1793,2026-04-03 07:00:00,1775203500000,Moderate,UP,1,67008.8,-0.0003790546913242654,0.75,66903.44703750001,67042.3044,20.711901797335063,-18.786153836323003,4.200499718672284,22.986653554995282
1794,2026-04-03 08:00:00,1775207100000,Strong,DOWN,-1,66935.0,-0.0036542914768059598,0.0,66728.51905,66901.5325,-25.860909837902227,21.558694115117166,-4.2874425294159995,-25.846136644533164
1795,2026-04-05 22:00:00,1775430300000,Moderate,UP,1,68313.0,0.012744280005269948,0.0,69333.74955000001,68347.1565,-144.3502700803669,112.38160924807582,-31.656055092148392,-144.0376643402242
3575,2026-04-07 14:00:00,1775574300000,Moderate,DOWN,-1,67831.0,0.008590467485368004,1.0,67958.18312500001,67797.0845,23.761880940472192,-100.95014992864478,-74.0289954871401,26.921154441504683
3577,2026-04-08 10:00:00,1775646147000,Moderate,UP,1,71445.7,-0.007805928138432364,0.25,71638.28561875,71481.42284999999,-21.944550415452742,-93.01777249807336,-113.98249216807427,-20.964719670000918
3578,2026-04-08 12:00:00,1775653346000,Moderate,UP,1,72023.6,-0.006424283151633793,1.0,71888.55575,72059.6118,23.738130934532627,-79.20822740263563,-52.578290811608824,26.629936591026812
3579,2026-04-09 12:00:00,1775739745000,Moderate,DOWN,-1,71245.0,0.011270966383605868,0.0,70711.92635000001,71209.3775,-69.8575338620245,-127.76854811011339,-198.9460122167908,-71.1774641066774
3580,2026-04-09 13:00:00,1775743346000,Moderate,UP,1,70765.2,0.02178613216665815,1.0,70632.51525,70800.5826,23.73813093453239,202.75494419448464,230.0558012940078,27.30085709952316
3581,2026-04-09 14:00:00,1775746945000,Moderate,DOWN,-1,71083.5,0.01077324554924846,1.0,71216.7815625,71047.95825000001,23.761880940467755,-122.78884991744181,-95.81592563192574,26.97292428551606
3582,2026-04-09 15:00:00,1775750546000,Moderate,DOWN,-1,72108.0,-0.0007225273201309954,1.0,72243.20250000001,72071.94600000001,23.761880940470665,-7.77361360549129,18.926660712475993,26.700274317967285
3583,2026-04-10 12:00:00,1775826157000,Moderate,DOWN,-1,72225.5,0.010086465306574548,1.0,72360.9228125,72189.38725,23.761880940469382,-115.91761187168134,-88.9609762353052,26.95663563637615
3584,2026-04-10 15:00:00,1775836953000,Moderate,DOWN,-1,72421.0,0.010581185015396127,1.0,72556.78937500001,72384.7895,23.761880940471425,-120.86728379585934,-93.8989146889185,26.968369106940838
3585,2026-04-10 18:00:00,1775847757000,Moderate,DOWN,-1,73056.7,-0.003045579666204469,0.75,73169.31191250001,73020.17165,20.424529158170582,15.468530927509367,38.0495167291934,22.58098580168403
3586,2026-04-10 19:00:00,1775851354000,Moderate,DOWN,-1,73187.3,-0.003687798292873336,1.0,73324.52618750001,73150.70635000001,23.761880940471126,21.89392989368085,48.523875661868885,26.629945768188037
3587,2026-04-10 20:00:00,1775854946000,Moderate,DOWN,-1,73310.5,-0.007065836408154357,0.0,73124.71935000001,73273.84475,-20.351791353215415,55.69120968638729,35.43188034813482,-20.25932933825247
3588,2026-04-10 21:00:00,1775858547000,Strong,DOWN,-1,73156.2,-0.0032273409499125336,0.25,72881.16393750001,73119.6219,-32.612034403858104,17.28705302563831,-14.592404044670204,-31.879457070308515
3589,2026-04-10 23:00:00,1775865745000,Moderate,DOWN,-1,72917.4,-0.0011286743630462464,0.0,72706.92835,72880.94129999999,-23.876331300895174,-3.7101114252505543,-27.628533196039474,-23.91842177078892
3590,2026-04-11 12:00:00,1775912550000,Moderate,DOWN,-1,72895.6,0.0013128364400594424,0.0,72590.8864,72859.15220000001,-36.81978061776133,-28.137433117152234,-65.16031279651102,-37.022879679358795
3591,2026-04-11 13:00:00,1775916149000,Moderate,DOWN,-1,72612.2,0.006114674944430826,0.5,72668.2246375,72575.8939,12.721956635797,-76.17983936399048,-61.88996025228183,14.289879111708649
3592,2026-04-11 15:00:00,1775923361000,Moderate,DOWN,-1,72817.3,0.01124183401471891,1.0,72953.83243750001,72780.89135,23.761880940470654,-127.47707868653202,-100.49304069588356,26.984037990648456
3593,2026-04-11 17:00:00,1775930545000,Moderate,DOWN,-1,73056.2,0.004496538281487403,1.0,73193.180375,73019.6719,23.76188094046956,-59.990378003875406,-33.16632096306839,26.82405704080702
3594,2026-04-11 18:00:00,1775934161000,Moderate,UP,1,73515.9,-0.0024838164261063427,0.5,73481.52058124999,73552.65795,9.671624484102248,-39.823252634745955,-28.67113691681139,11.152115717934569
3595,2026-04-11 20:00:00,1775941345000,Moderate,UP,1,73252.9,-0.0029227511811817865,0.0,73472.61794999999,73289.52644999999,-24.981946107252412,-44.21040660851308,-69.0448471967076,-24.834440588194514
3596,2026-04-11 21:00:00,1775944946000,Moderate,UP,1,73384.7,-0.024337498143345956,1.0,73247.1036875,73421.39235,23.73813093453213,-258.2508560054565,-232.04694445431164,26.20391155114487
3597,2026-04-12 13:00:00,1776002547000,Moderate,UP,1,70861.5,0.0033643092511447567,0.75,70765.075725,70896.93075,18.598128805455673,18.628778122386443,39.5649037953625,20.936125672976054
3599,2026-04-12 14:00:00,1776006151000,Moderate,UP,1,70714.3,0.005349695888950366,0.5,70791.40135624999,70749.65715,-5.9002697584083466,38.47272252824009,34.04734868635628,-4.425373841883806
3601,2026-04-12 15:00:00,1776009750000,Moderate,UP,1,70856.2,0.002808505113172877,0.25,70921.186375,70891.62809999999,-4.169501504228763,13.073514374544954,9.646134124350631,-3.4273802501943225
3604,2026-04-12 19:00:00,1776024152000,Moderate,DOWN,-1,71055.2,-0.004842713833751664,1.0,71188.4285,71019.6724,23.761880940470054,33.448862768900916,60.0514169307711,26.602554161870184
3641,2026-04-19 12:00:00,1776603900000,Moderate,DOWN,-1,75529.3,0.0029299887593291995,1.0,75670.9174375,75491.53535,23.761880940469524,-44.31704611634982,-17.53014357409093,26.78690254225889
3643,2026-04-20 09:00:00,1776679348000,Moderate,DOWN,-1,75028.8,0.001681021154543322,1.0,75169.479,74991.2856,23.761880940470736,-31.821122106486467,-5.063841841979013,26.757280264507454
3644,2026-04-20 17:00:00,1776708147000,Moderate,DOWN,-1,75853.7,0.004501757989392624,1.0,75995.9256875,75815.77315000001,23.761880940469048,-60.042601194522035,-33.218420355758916,26.82418083876312
3645,2026-04-20 19:00:00,1776715347000,Moderate,DOWN,-1,76252.5,-0.003779548211534201,1.0,76395.4734375,76214.37375,23.761880940470007,22.811888059371544,49.43965775704717,26.62776969767563
3646,2026-04-20 22:00:00,1776726147000,Moderate,DOWN,-1,75927.7,-0.0014609292787744514,0.0,75743.60925000001,75889.73615,-19.255159842848972,-0.3859001623366667,-19.659659834599914,-19.27375967226325
3647,2026-04-21 00:00:00,1776733348000,Moderate,DOWN,-1,76050.0,-0.004390532544378622,0.75,76049.38835,76011.975,4.922033666404272,28.924787837705832,36.07525056823656,7.150462730530728
3648,2026-04-21 03:00:00,1776744151000,Moderate,DOWN,-1,75669.1,0.0027527749107626276,0.5,75759.06341875001,75631.26545,16.89750501854186,-42.54402111818531,-24.120121990670697,18.423899127514616
3654,2026-04-21 04:00:00,1776747747000,Moderate,DOWN,-1,75768.3,0.003730121963934593,0.75,75830.0753,75730.41585,13.159765317727608,-52.32238082976055,-36.87428863168907,15.448092198071485
3657,2026-04-21 05:00:00,1776751347000,Moderate,DOWN,-1,75760.8,0.005688627891996801,1.0,75902.8515,75722.91960000001,23.7618809404697,-71.91723753873666,-45.064907218932326,26.852330319804327
3659,2026-04-21 07:00:00,1776758548000,Moderate,DOWN,-1,76050.0,0.0055785667324128865,1.0,76192.59375,76011.975,23.761880940469467,-70.816075361809,-43.96635540773936,26.849719954069638
3660,2026-04-21 09:00:00,1776765748000,Moderate,DOWN,-1,76324.2,-0.001158544734173472,1.0,76467.307875,76286.0379,23.761880940470615,-3.4112582874091646,23.278674826435353,26.689933113844518
3661,2026-04-22 11:00:00,1776859347000,Moderate,DOWN,-1,78263.2,0.006929821423095475,0.75,78339.114375,78224.0684,14.707234915436961,-84.33538192191486,-67.29057927783387,17.044802644080992
3662,2026-04-22 14:00:00,1776870147000,Moderate,DOWN,-1,78996.8,-0.0005965431511149818,1.0,79144.91900000001,78957.3016,23.761880940470594,-9.03408553161558,17.66917680464188,26.703262336257456
3664,2026-04-22 18:00:00,1776884549000,Strong,DOWN,-1,78989.5,-0.0047632913235303425,0.0,78809.87535,78950.00525,-17.74919451319478,32.65424035548142,14.94932889143341,-17.70491146404801
3665,2026-04-22 19:00:00,1776888148000,Moderate,DOWN,-1,78791.3,-0.004326937111077021,0.25,78565.13238125,78751.90435000001,-23.71650187910746,28.28851536845554,5.356655366292294,-22.931860002163244
3666,2026-04-22 21:00:00,1776895347000,Moderate,DOWN,-1,78713.8,-0.004644674758428525,0.25,78506.91227500001,78674.4431,-21.29418632008014,31.467481324947872,10.966344064589949,-20.501137260357922
3667,2026-04-22 23:00:00,1776902548000,Moderate,DOWN,-1,78139.8,-0.0008203245977082847,1.0,78286.31212500001,78100.7301,23.761880940471595,-6.795151598716798,19.902803221044458,26.697954819761257
3668,2026-04-23 05:00:00,1776924148000,Moderate,DOWN,-1,77991.9,-0.001142426328887888,1.0,78138.1348125,77952.90405,23.761880940469695,-3.5725229726070147,23.117792428076104,26.69031540068312
3669,2026-04-23 06:00:00,1776927749000,Moderate,DOWN,-1,78167.0,-0.005951680376629598,0.0,77907.62670000001,78127.9165,-28.196041807923883,44.54407580419893,16.422535086672557,-28.121540717526376
3672,2026-04-23 09:00:00,1776938548000,Moderate,DOWN,-1,77613.0,-0.0004048935101078803,0.0,77419.4709,77574.19350000001,-19.945112287890975,-10.951540669254731,-30.938414860698416,-19.986874191443682
3673,2026-04-23 10:00:00,1776942148000,Moderate,DOWN,-1,77362.9,0.005314562923572006,1.0,77507.9554375,77324.21855,23.761880940469673,-68.17471659401566,-41.33125812673159,26.843458467284066
3674,2026-04-23 11:00:00,1776945751000,Strong,DOWN,-1,77649.9,0.003785903137029228,0.75,77758.8592375,77611.07505,19.04163644232387,-52.880471606094645,-31.543528392038645,21.336943214056003
3675,2026-04-23 23:00:00,1776988950000,Moderate,DOWN,-1,78216.8,-0.0011394610876437612,1.0,78363.4565,78177.6916,23.761880940469553,-3.6021902186713834,23.088195509856288,26.690385728527673
3676,2026-04-24 02:00:00,1776999747000,Moderate,DOWN,-1,78074.0,-0.0042667853574813635,0.25,77734.84846250001,78034.963,-38.458983763469014,27.686696923275708,-10.025268443842716,-37.711965367118424
3677,2026-04-24 05:00:00,1777010550000,Moderate,DOWN,-1,77911.0,-0.0033364993389893224,0.0,77708.62625,77872.0445,-20.985483436228833,18.379182981384375,-2.590751789284365,-20.96993477066874
3678,2026-04-24 06:00:00,1777014149000,Moderate,DOWN,-1,77741.9,-0.0012544715269371368,0.25,77576.94861875002,77703.02905,-16.225935178003493,-2.4515104858711596,-17.941548514153364,-15.490038028282203
3679,2026-04-24 08:00:00,1777021347000,Moderate,DOWN,-1,77744.6,0.002128122081790852,0.0,77428.76625,77705.7277,-35.64234686396258,-36.294368001909824,-72.15826149754805,-35.86389349563823
3680,2026-04-24 12:00:00,1777035748000,Moderate,DOWN,-1,78233.0,-0.003692495494228778,0.75,78217.95466250001,78193.88350000001,3.078394552432827,21.940925404991656,27.25854294663493,5.317617541643273
3681,2026-04-24 15:00:00,1777046550000,Strong,DOWN,-1,78007.3,-0.004732249417682815,0.0,77608.37640000001,77968.29635,-46.16234634450826,32.343666009833235,-13.83639001111559,-46.180056020948825
3682,2026-04-24 20:00:00,1777064548000,Moderate,DOWN,-1,77688.2,-0.003710022886358434,0.0,77478.34145,77649.3559,-22.023936711107716,22.116287007087617,0.11462668577830529,-22.00166032130931
3683,2026-04-24 22:00:00,1777071747000,Moderate,DOWN,-1,77294.5,0.0022475725957216337,0.5,77361.78295625001,77255.85275,13.711609215265112,-37.48947069256191,-22.25899568010079,15.230475012461119
3684,2026-04-24 23:00:00,1777075348000,Strong,DOWN,-1,77395.4,0.0016955142036865992,0.0,77372.39445,77356.7023,2.028544332092422,-31.96612509941437,-29.93353716093931,2.0325879384750594
3685,2026-04-25 00:00:00,1777078947000,Strong,DOWN,-1,77419.9,0.0018938929138373984,0.5,77464.03374375,77381.19005,10.7059213868983,-33.95090459066796,-21.730818393609027,12.220086197058931
3686,2026-04-25 01:00:00,1777082547000,Strong,DOWN,-1,77490.0,0.0009417344173442485,0.5,77569.13815,77451.255,15.22030211130784,-24.424556451669595,-7.705463648692288,16.719092802977308
3687,2026-04-25 02:00:00,1777086147000,Strong,DOWN,-1,77567.6,-0.00041028728489745254,0.25,77581.09205,77528.81620000002,6.7427638602317375,-10.897575938993702,-3.4087506952330426,7.48882524376066
3688,2026-04-25 03:00:00,1777089748000,Strong,DOWN,-1,77629.0,-0.001777686173981373,0.0,77407.57685000001,77590.1855,-23.535019129448358,2.7832533664978625,-20.77712975845307,-23.560383124950935
3689,2026-04-25 04:00:00,1777093347000,Strong,DOWN,-1,77579.5,-0.001064069760697129,0.0,77461.15005,77540.71025,-10.260442513809341,-4.356480633344904,-14.62166518014414,-10.265184546799237
3690,2026-04-25 05:00:00,1777096948000,Strong,DOWN,-1,77475.8,0.000907702792355769,0.25,77416.820525,77437.06210000001,-2.6139389138844003,-24.084069958536027,-25.952374771157288,-1.8683048126212587
3691,2026-04-25 06:00:00,1777100547000,Moderate,DOWN,-1,77458.8,0.002064968731764462,0.25,77452.89716250001,77420.0706,4.2400584558503125,-35.662518576932634,-30.663380722482252,4.999137854450383
3692,2026-04-25 07:00:00,1777104147000,Moderate,DOWN,-1,77449.9,0.002789545241504546,0.75,77555.78567499999,77411.17505,18.680846131916017,-42.91190836922863,-21.954526979025434,20.957381390203192
3693,2026-04-25 08:00:00,1777107747000,Moderate,DOWN,-1,77603.3,0.0005334824678846669,0.5,77686.52153125001,77564.49835000001,15.731834002120989,-20.339994676183984,-3.1166297028516636,17.22336497333232
3694,2026-04-25 10:00:00,1777114948000,Strong,DOWN,-1,77749.3,-0.0018389233086343647,0.0,77558.90115,77710.42535,-19.49856783276503,3.395931051869848,-16.114559295814875,-19.510490347684723
3695,2026-04-25 11:00:00,1777118548000,Moderate,DOWN,-1,77638.7,-0.0015420788859163185,0.0,77503.62879999999,77599.88065,-12.403607994468622,0.4260018600944337,-11.980062125815522,-12.406063985909954
3696,2026-04-25 16:00:00,1777136547000,Moderate,DOWN,-1,77364.0,-0.0008437386898298198,0.0,77219.5709,77325.318,-13.675611395480226,-6.5608935484761295,-20.250523161091504,-13.689629612615374
3697,2026-04-28 00:00:00,1777338148000,Moderate,DOWN,-1,77334.9,-0.005921000738347036,0.0,77112.8243,77296.23255,-23.727967579968123,44.23712594644441,20.581722578664902,-23.655403367779506
3698,2026-04-28 01:00:00,1777341748000,Moderate,DOWN,-1,77047.2,-0.0028553925385997156,0.5,76933.096375,77008.6764,-9.814481761434733,13.565708240117157,5.264735853581018,-8.30097238653614
3699,2026-04-28 23:00:00,1777420947000,Moderate,DOWN,-1,76298.1,0.0041193686343432975,0.75,76423.5735,76259.95095000001,21.455894996216944,-56.21679474080241,-32.457886762190675,23.75890797861174
3700,2026-04-30 13:00:00,1777557748000,Moderate,DOWN,-1,76370.3,-0.0012206970510788332,0.75,76409.86371250001,76332.11485000001,10.185603091540296,-2.7894242013110473,9.62847786244505,12.417902063756097
3701,2026-04-30 19:00:00,1777579347000,Moderate,DOWN,-1,76366.7,-0.0010135307666822605,0.5,76448.08581875,76328.51665,15.665071718643567,-4.862123394873794,12.27041132546586,17.132534720339653
3702,2026-04-30 21:00:00,1777586547000,Moderate,DOWN,-1,76202.8,0.0024648044428813255,0.75,76282.750925,76164.6986,15.499611653422459,-39.66287586674466,-21.891345676697643,17.771530190047024
3703,2026-04-30 22:00:00,1777590146000,Moderate,DOWN,-1,76197.9,0.003693999440929551,1.0,76340.77106249999,76159.80105,23.761880940469513,-51.96097489674383,-25.1559519992975,26.805022897446328
3704,2026-04-30 23:00:00,1777593749000,Moderate,DOWN,-1,76305.4,0.004826329460300434,1.0,76448.472625,76267.2473,23.761880940469204,-63.28993957278961,-36.4580607391184,26.83187883367121
3706,2026-05-01 13:00:00,1777644149000,Strong,DOWN,-1,78691.3,-0.0043597576860467625,0.5,78480.85860625,78651.95435,-21.75352731715099,28.616885303118814,8.400121711900127,-20.216763591218687
3707,2026-05-01 14:00:00,1777647747000,Moderate,DOWN,-1,78312.9,0.0007039070191501018,1.0,78459.73668749999,78273.74355,23.76188094046856,-22.04509273786931,4.689012909293034,26.734105647162345
3708,2026-05-01 15:00:00,1777651348000,Strong,DOWN,-1,78395.4,-0.0005995249721284667,1.0,78542.391375,78356.2023,23.761880940470498,-9.00425240491648,17.69893921026699,26.703191615183464
3709,2026-05-01 16:00:00,1777654947000,Moderate,DOWN,-1,78175.4,0.0011346280287660453,1.0,78321.978875,78136.3123,23.761880940469677,-26.35445751641727,0.38986371786937685,26.744321234286645
3710,2026-05-01 17:00:00,1777658547000,Moderate,DOWN,-1,78509.2,-0.0042217982096365405,0.25,78431.73591250001,78469.9454,-4.869314908429812,27.23660039656366,23.133053816806918,-4.103546579756743
3711,2026-05-04 03:00:00,1777867347000,Moderate,DOWN,-1,80278.7,-0.004181370649998106,1.0,80429.2225625,80238.56065,23.761880940470203,26.83212256126198,53.450362071098006,26.61823950983603
3712,2026-05-04 06:00:00,1777878147000,Moderate,DOWN,-1,79824.7,-0.003989679886050199,0.25,79646.38958125001,79784.78765,-17.346423149875502,24.914255988496393,8.34835969802746,-16.565896290468935
3713,2026-05-04 08:00:00,1777885347000,Moderate,DOWN,-1,79666.5,-0.007536103632015966,0.75,79624.5523375,79626.66675,-0.26554075240116237,60.39623443737885,62.38255599014622,1.9863215527673745
3714,2026-05-06 00:00:00,1778029347000,Moderate,DOWN,-1,80980.5,0.004966936484709354,1.0,81132.3384375,80940.00975,23.76188094047084,-64.6967132036957,-37.861499535464255,26.835213668231447
3715,2026-05-06 02:00:00,1778036546000,Moderate,DOWN,-1,81319.5,0.0007762590768511857,1.0,81471.97406250001,81278.84025000001,23.761880940470704,-22.768975256138894,3.9668463944999566,26.73582165063885
3716,2026-05-06 03:00:00,1778040147000,Moderate,DOWN,-1,81535.9,-0.0025010455517138876,0.25,81338.45314375,81495.13205,-19.22555400657246,10.020465750014617,-8.453557050864667,-18.474022800879286
3717,2026-05-06 12:00:00,1778072546000,Moderate,UP,1,82188.0,-0.007384289677325086,1.0,82033.89749999999,82229.094,23.738130934533398,-88.80349502573766,-62.19639000450833,26.607105021229337
3718,2026-05-06 13:00:00,1778076148000,Moderate,UP,1,81621.1,-0.0011626895496386195,1.0,81468.06043750001,81661.91055,23.738130934531426,-26.618586203283904,0.1364854137639543,26.755071617047857
3719,2026-05-07 10:00:00,1778151747000,Moderate,DOWN,-1,80800.0,-0.0020606435643564357,0.75,80916.38220000001,80759.6,19.413444345935524,5.614242764947549,27.20981806265274,21.595575297705196
3720,2026-05-07 18:00:00,1778180547000,Moderate,UP,1,80160.1,-0.0035656766895252327,1.0,80009.79981250002,80200.18005,23.738130934530187,-50.63644867091558,-23.93852663268987,26.697922038225702
3721,2026-05-08 11:00:00,1778241747000,Moderate,DOWN,-1,80181.9,-0.0027877239127533046,1.0,80332.24106249999,80141.80905,23.761880940469492,12.888683469267932,39.53997667127392,26.65129320200599
3722,2026-05-08 15:00:00,1778256147000,Moderate,DOWN,-1,80119.1,-0.001513684002940731,0.0,79815.17245000001,80079.04045000001,-32.95094428170089,0.141910984900902,-32.88443968650277,-33.02635067140368
3723,2026-05-09 03:00:00,1778299346000,Moderate,DOWN,-1,80340.6,-0.0009005409469185669,1.0,80491.238625,80300.42970000001,23.761880940469023,-5.99258682422619,20.70346547142579,26.696052295651977
3725,2026-05-09 04:00:00,1778302947000,Moderate,DOWN,-1,80345.0,-0.0008522621196092578,0.25,80344.40307500001,80304.8275,4.928168857595746,-6.4756166122136,-0.801611263244789,5.674005348968811
3726,2026-05-09 05:00:00,1778306547000,Moderate,DOWN,-1,80331.4,-0.001092349940372009,0.25,80194.8986125,80291.2343,-11.99828204658733,-4.073537364962111,-15.329113303149876,-11.255575938187766
3727,2026-05-09 06:00:00,1778310146000,Moderate,DOWN,-1,80214.9,0.00041388819284194196,0.5,80302.98563124999,80174.79255,15.989200242712977,-19.14345365524653,-1.6651817403112252,17.478271914935306
3728,2026-05-11 14:00:00,1778511747000,Moderate,DOWN,-1,80917.5,0.009186517131646503,1.0,81069.22031250001,80877.04125000001,23.76188094047016,-106.91362813052912,-79.97833693471134,26.935291195817786
3730,2026-05-13 01:00:00,1778637750000,Strong,DOWN,-1,80960.1,0.001791623281097582,1.0,81111.90018750001,80919.61995000001,23.761880940470583,-32.92769665930526,-6.1677931987276455,26.759903460577615
3733,2026-05-13 02:00:00,1778641347000,Moderate,DOWN,-1,81018.1,0.0008507358232294803,1.0,81170.00893750001,80977.59095000001,23.761880940469894,-23.514115289938943,3.2234727562876446,26.737588046226584
3734,2026-05-13 03:00:00,1778644947000,Moderate,DOWN,-1,81217.1,-0.0023255570563341954,0.0,81146.10665,81176.49145000002,-3.7430541105277544,8.264702914800594,4.52708637130845,-3.737616543492144
3735,2026-05-13 07:00:00,1778659347000,Moderate,DOWN,-1,80981.9,-0.0008792088108575193,1.0,81133.74106249999,80941.40905,23.761880940468775,-6.206014898873276,20.490543339812557,26.69655823868583
3736,2026-05-13 08:00:00,1778662950000,Moderate,DOWN,-1,81161.0,-0.006167062998237998,0.25,81170.51993750001,81120.4195,6.176057496843291,46.698979472116484,53.58622895267012,6.887249480553633
3737,2026-05-13 09:00:00,1778666549000,Moderate,DOWN,-1,81255.5,-0.012361317080074615,0.0,80660.74945000002,81214.87225,-68.22922755997844,108.67250705427332,40.78981447525099,-67.88269257902233
3738,2026-05-13 10:00:00,1778670147000,Moderate,DOWN,-1,80766.2,-0.009593740946088726,0.0,80502.7285,80725.8169,-27.63532269687169,80.98290091134393,53.52312642421699,-27.45977448712694
3739,2026-05-14 08:00:00,1778749347000,Moderate,DOWN,-1,79776.8,-0.0032788354509079966,0.25,79656.29465,79736.9116,-10.11036775595539,17.80225563689889,8.459793133089246,-9.342462503809648
3740,2026-05-14 16:00:00,1778778148000,Moderate,DOWN,-1,81839.3,-0.004465153049940589,0.5,81668.72290625001,81798.38035,-15.850857094628873,29.671366182497607,15.358326580383,-14.313039602114607
3741,2026-05-14 17:00:00,1778781747000,Moderate,DOWN,-1,81620.0,-0.0026111859838274932,1.0,81773.0375,81579.19,23.76188094047066,11.122421048799618,37.777901273388046,26.655480224588427
3742,2026-05-14 18:00:00,1778785348000,Strong,DOWN,-1,81529.9,-0.0018493215372519063,0.5,81535.33811875,81489.13505,5.66984404996556,3.4999653551970233,10.65894658123486,7.158981226037836
3743,2026-05-15 09:00:00,1778839347000,Moderate,DOWN,-1,80449.8,-0.004565890779094505,1.0,80600.643375,80409.5751,23.761880940469965,30.679247414652238,57.28836710262721,26.60911968797497
3744,2026-05-15 10:00:00,1778842948000,Moderate,DOWN,-1,80670.1,-0.012086262444201754,0.0,80428.9654,80629.76495000001,-24.90389871836165,105.92058473438543,81.24391894763761,-24.67666578674782
3745,2026-05-15 11:00:00,1778846547000,Moderate,DOWN,-1,80582.1,-0.015549669219342683,0.0,80071.1444,80541.80895,-58.43729562768919,140.5719781825181,82.6762575407868,-57.8957206417313
3746,2026-05-18 00:00:00,1779066147000,Moderate,UP,1,77175.7,-0.0029436078973045002,1.0,77030.9955625,77214.28785,23.738130934531842,-44.41886953827539,-17.706153009939047,26.712716528336337
3747,2026-05-18 01:00:00,1779069747000,Moderate,UP,1,77084.5,-0.002406125745123933,1.0,76939.9665625,77123.04225,23.738130934531874,-39.04673408419705,-12.321234766427061,26.72549931776999
3748,2026-05-18 02:00:00,1779073348000,Moderate,UP,1,76809.4,0.0014008702059904886,0.0,76935.34844999999,76847.8047,-11.391834853546193,-0.9958000400749653,-12.384918034382464,-11.3891179943075
3749,2026-05-18 03:00:00,1779076948000,Moderate,UP,1,76900.0,0.0006742522756827805,0.5,76932.39695,76938.45,0.7867392701571527,-8.258348069137247,-5.971409864864351,2.2869382042728965
3750,2026-05-18 12:00:00,1779109348000,Moderate,UP,1,77599.9,-0.013998085049078672,1.0,77454.4001875,77638.69995,23.73813093453259,-154.90839629264048,-128.45858533829625,26.44981095434422
3751,2026-05-18 13:00:00,1779112948000,Moderate,UP,1,76914.0,-0.005994682372520109,1.0,76769.78625,76952.457,23.738130934531465,-74.91436654192947,-48.27421287434108,26.640153667588383
3752,2026-05-18 14:00:00,1779116549000,Strong,UP,1,76369.8,0.0006033143991472688,1.0,76226.60662500001,76407.9849,23.738130934530236,-8.967372322365202,17.82969967836805,26.797072000733255
3753,2026-05-18 16:00:00,1779123748000,Strong,UP,1,76377.3,0.0037645347505084457,0.0,76570.26599999999,76415.48865,-20.254709187152386,22.629032988590634,2.34931063188718,-20.279722356703456
3754,2026-05-18 17:00:00,1779127348000,Moderate,UP,1,76671.1,0.0011963438635940505,1.0,76527.34168750001,76709.43555,23.738130934530584,-3.0400413433863482,23.771134513151964,26.811175856538313
3755,2026-05-21 14:00:00,1779375747000,Moderate,UP,1,76944.0,0.005850358702432863,0.25,77174.23485000001,76982.472,-24.909936641163423,43.476848600029356,19.245928780819803,-24.23091981920955
3756,2026-05-21 17:00:00,1779386548000,Moderate,UP,1,77831.1,-0.0032287864362703714,1.0,77685.16668750001,77870.01555,23.738130934531217,-47.269229747828604,-20.563295541844987,26.705934205983613
3757,2026-05-21 21:00:00,1779400947000,Moderate,UP,1,77636.2,-0.0014307114464643697,0.5,77606.23583749999,77675.01809999999,8.855133115185868,-29.297465731776455,-18.951587636569275,10.34587809520718
3758,2026-05-22 15:00:00,1779465750000,Moderate,DOWN,-1,76756.5,-0.0034915609752919946,0.75,76882.85668750001,76718.12175,21.472754251834232,19.93057504044091,43.54318868872454,23.61261364828363
3759,2026-05-23 08:00:00,1779526947000,Moderate,UP,1,74655.0,0.0006268836648583874,0.25,74660.8937625,74692.3275,4.2084292392686775,-8.731797452689703,-3.771062441318818,4.960735011370885
3760,2026-05-23 10:00:00,1779534147000,Moderate,UP,1,74687.7,0.0047517864387309925,0.0,74769.366,74725.04384999999,-5.931364869986255,32.49661607927161,26.54357588106489,-5.953040198206721
3761,2026-05-23 14:00:00,1779548547000,Moderate,UP,1,75500.4,0.0005337720065059643,0.5,75510.67305000001,75538.15019999999,3.6375195748408697,-9.662448710584396,-4.523482669780689,5.138966040803707
3762,2026-05-23 16:00:00,1779555747000,Moderate,UP,1,75406.4,0.009416641027817422,0.25,75475.8413375,75444.10319999998,-4.206841377102004,79.12184935349894,75.62930060101417,-3.492548752484781
3763,2026-05-23 18:00:00,1779562947000,Moderate,UP,1,75812.4,0.01080891780236494,0.25,75927.01499999998,75850.30619999999,-10.11318264131056,93.0376591940527,83.58059527626907,-9.457063917783625
3764,2026-05-26 16:00:00,1779814949000,Strong,DOWN,-1,76534.6,-0.007499549223488537,0.0,75932.51475,76496.33270000001,-73.70522613301846,60.03050748863069,-13.702004351172619,-73.73251183980331
3765,2026-05-26 17:00:00,1779818549000,Moderate,UP,1,75909.6,0.0005220024871689483,0.75,75816.5568375,75947.5548,17.248476642199652,-9.780085085764696,9.748573930806689,19.528659016571385
3766,2026-05-27 07:00:00,1779868947000,Moderate,DOWN,-1,75935.0,-0.0013972476460131142,0.25,75766.7892125,75897.0325,-17.160524359103768,-1.0230350573974043,-17.447626974239,-16.424591916841596
3767,2026-05-27 10:00:00,1779879748000,Moderate,DOWN,-1,75863.7,-0.006613505536903569,0.5,75815.54335625001,75825.76815,-1.348458973704757,51.1656381881306,51.32524640346253,0.15960821533192796
3768,2026-05-27 12:00:00,1779886948000,Moderate,DOWN,-1,75655.0,-0.006579538695393486,0.0,75160.50095000002,75617.1725,-60.39257154186565,50.82579985386187,-9.56413941384059,-60.38993926770246
3769,2026-05-27 13:00:00,1779890549000,Strong,DOWN,-1,75054.3,0.0006515282935154172,0.5,75061.41264375001,75016.77285000001,5.9506417103892435,-21.52104345688187,-14.067088971308815,7.453954485573055
3770,2026-05-27 14:00:00,1779894147000,Strong,DOWN,-1,75000.7,0.0013643205996743642,1.0,75141.3263125,74963.19965,23.761880940470093,-28.652532262875354,-1.9027633155274475,26.749768947347906
3771,2026-05-27 15:00:00,1779897747000,Moderate,DOWN,-1,75300.0,-0.0034794156706507303,0.0,75262.84975000001,75262.35,0.06640106241735443,19.809061237126638,19.875263924617535,0.06620268749089539
3772,2026-05-27 16:00:00,1779901348000,Moderate,DOWN,-1,75273.9,-0.0032544480889125085,0.0,74805.07875,75236.26305,-57.31070131878295,17.558260019134643,-39.923937483991,-57.48219750312565
3773,2026-05-28 01:00:00,1779933748000,Moderate,DOWN,-1,74313.0,-0.012332633590354391,0.0,74243.05990000001,74275.8435,-4.41376340613287,108.3855286678782,104.02209191542403,-4.363436752454174
3774,2026-05-28 02:00:00,1779937347000,Moderate,DOWN,-1,74256.6,-0.015237702776588207,0.25,73356.0204375,74219.47170000001,-116.33756515946826,137.45075314245375,22.229411795074615,-115.22134134737914
3775,2026-05-28 04:00:00,1779944546000,Moderate,DOWN,-1,73145.1,0.0010643228322880312,0.0,72960.40155,73108.52745000001,-20.261097462442958,-25.65105384980482,-45.98506099504905,-20.334007145244225
3776,2026-05-28 08:00:00,1779958949000,Moderate,DOWN,-1,73294.0,0.002349783065462464,1.0,73431.42624999999,73257.353,23.761880940468423,-38.512086697973245,-11.738945132502625,26.773141565470617
3777,2026-05-28 11:00:00,1779969747000,Moderate,DOWN,-1,73479.1,-0.005221893028085695,0.25,73454.00333125,73442.36045000001,1.5853086936007361,37.24255155663548,39.570120754050826,2.3275691974153445
3778,2026-05-28 12:00:00,1779973347000,Moderate,DOWN,-1,73496.5,-0.005734626818964248,0.0,72827.16820000001,73459.75175000001,-86.11294415380266,42.37245441685231,-44.03356276593211,-86.40601718278441
3779,2026-05-28 13:00:00,1779976950000,Moderate,DOWN,-1,72988.5,0.0029997876377785143,1.0,73125.3534375,72952.00575000001,23.761880940468938,-45.01538406981852,-18.22682607888699,26.788557990931526
3780,2026-05-28 14:00:00,1779980547000,Strong,DOWN,-1,72997.5,0.005029966779684076,0.5,72900.77151875,72961.00125,-8.25505821166364,-65.32733146257189,-72.13492067167945,-6.807589209107557
3781,2026-05-28 15:00:00,1779984148000,Strong,DOWN,-1,72899.1,0.00808206136975612,1.0,73035.7858125,72862.65045000002,23.761880940468878,-95.863545470295,-68.95444910548842,26.90909636480658
3782,2026-05-28 16:00:00,1779987747000,Moderate,DOWN,-1,73415.0,0.0014697268950486166,1.0,73552.653125,73378.29250000001,23.761880940468405,-29.707122511740607,-2.9548535999865866,26.75226891175402
3783,2026-05-28 17:00:00,1779991347000,Moderate,DOWN,-1,73518.2,0.0010096139459345552,0.75,73590.0440375,73481.4409,14.779669011635024,-25.10369130499746,-8.073544105882878,17.030147199114584
3784,2026-05-29 13:00:00,1780063348000,Moderate,DOWN,-1,73114.6,0.008066446373227702,0.75,73230.89300000001,73078.0427,20.91603638421004,-95.70731739097255,-72.40604618531539,23.301271205657148
3785,2026-05-29 15:00:00,1780070547000,Moderate,DOWN,-1,73775.4,-0.0009938949839648052,1.0,73913.728875,73738.5123,23.761880940470036,-5.058579450075907,21.635258729531063,26.69383817960697
3786,2026-05-29 21:00:00,1780092147000,Moderate,UP,1,73385.3,0.0014321669326144509,0.0,73466.715,73421.99265,-6.091138143469655,-0.6829891792654798,-6.7760910502126475,-6.093101870947168
3787,2026-05-31 08:00:00,1780218149000,Strong,DOWN,-1,73913.4,-0.0005476002998102005,0.25,73830.05099999999,73876.4433,-6.279714876312514,-9.523758881338013,-15.057120463726989,-5.5333615823889755
3788,2026-05-31 12:00:00,1780232548000,Moderate,DOWN,-1,73892.1,-0.0035311623299380777,0.25,73789.93940625,73855.15395,-8.830059956838028,20.326786692727325,12.265725250286785,-8.061061442440538
3792,2026-06-01 16:00:00,1780333347000,Moderate,DOWN,-1,71537.7,-0.00025161558171425696,1.0,71671.8331875,71501.93115,23.761880940469723,-12.485086726219576,14.226356398895097,26.711443125114677
3793,2026-06-01 17:00:00,1780336947000,Moderate,DOWN,-1,71617.9,-0.003512040984167285,0.0,71395.88420000001,71582.09105,-26.01304981017144,20.13547758046427,-5.866820569467089,-26.00229814993136
3794,2026-06-01 19:00:00,1780344147000,Moderate,UP,1,71571.0,-0.0038126475807240363,1.0,71436.804375,71606.7855,23.7381309345315,-53.10492334556732,-26.4128749477684,26.69204839779892
3795,2026-06-02 11:00:00,1780401749000,Strong,DOWN,-1,69430.2,-0.016860098343372067,0.0,69050.6574,69395.4849,-49.69019245227573,153.68282484614355,104.5618926431815,-49.12093220296206
3796,2026-06-02 12:00:00,1780405348000,Moderate,DOWN,-1,68985.5,-0.016293641417399224,0.5,68820.35136875001,68951.00725000001,-18.949089572582082,148.01542188493607,130.83035064180308,-17.185071243132985
3799,2026-06-02 15:00:00,1780416149000,Moderate,DOWN,-1,67274.0,0.0013571364866070534,1.0,67400.13875,67240.363,23.76188094047034,-28.580655193667734,-1.8310566348803927,26.749598558787344
3800,2026-06-02 23:00:00,1780444949000,Strong,UP,1,66730.0,-0.0027071781807282208,0.5,66793.689125,66763.36499999999,-4.542030648097762,-42.05575393031566,-45.081169299203395,-3.0254153688877383
3803,2026-06-03 03:00:00,1780459350000,Moderate,UP,1,65818.4,0.017441171465730126,0.0,67033.5,65851.30919999999,-179.52426677038815,159.32705113173623,-20.017379370015615,-179.34443050175184
3805,2026-06-03 09:00:00,1780480947000,Strong,UP,1,67040.9,0.00026886572226817856,0.0,67263.71505,67074.42044999999,-28.22157817093869,-12.310187683475933,-40.44584288093019,-28.13565519745426
3806,2026-06-03 12:00:00,1780491747000,Moderate,UP,1,67050.8,-0.008924576589690335,1.0,66925.07975,67084.3254,23.7381309345323,-104.19866656362134,-77.62819376020396,26.570472803417385
3807,2026-06-03 14:00:00,1780498948000,Moderate,DOWN,-1,66840.9,-0.012488985037604136,0.0,66117.22485000001,66807.47955,-103.31997324990992,109.9498252886871,6.803465398323237,-103.14635989036387
3808,2026-06-03 15:00:00,1780502548000,Strong,DOWN,-1,66046.5,-0.002950194181372303,1.0,66170.3371875,66013.47675,23.761880940470164,14.514198913179866,41.16163874108368,26.647439827903813
3809,2026-06-03 19:00:00,1780516947000,Moderate,UP,1,65428.6,-0.007658348184127498,1.0,65305.921375,65461.3143,23.738130934532748,-91.5427104860319,-64.94212332250459,26.600587163527305
3810,2026-06-03 22:00:00,1780527750000,Strong,UP,1,64882.1,-0.026037998153573855,1.0,64760.44606250001,64914.54104999999,23.738130934530584,-275.24735785680923,-249.0838888272909,26.163469029518335
3811,2026-06-03 23:00:00,1780531348000,Strong,UP,1,64117.7,-0.013574644754880478,1.0,63997.4793125,64149.75884999999,23.7381309345314,-150.67610949405682,-124.21622797626068,26.459881517796134
3812,2026-06-04 01:00:00,1780538549000,Strong,UP,1,62140.3,0.029228214218470137,1.0,62023.7869375,62171.37015,23.73813093453298,277.13857289825233,304.6164229777851,27.47785007953276
3814,2026-06-04 02:00:00,1780542146000,Strong,UP,1,63198.4,0.015195796096103675,0.0,64515.54165,63229.9992,-203.3121091673208,136.88451870168754,-65.30320925391968,-202.18772795560722
3815,2026-06-04 03:00:00,1780545747000,Moderate,UP,1,64336.2,-0.005767748172879298,1.0,64215.569625000004,64368.36809999999,23.73813093453098,-72.64615864946752,-46.000607868547526,26.645550780919997
3816,2026-06-04 04:00:00,1780549347000,Moderate,UP,1,64364.0,-0.009182151513268287,1.0,64243.317500000005,64396.18199999999,23.738130934530993,-106.77312856839767,-80.20878159818017,26.564346970217503
3819,2026-06-04 05:00:00,1780552948000,Strong,UP,1,63927.6,-0.005117507930846793,0.5,63879.25845,63959.563799999996,12.555643789427327,-66.1470058055648,-52.14616258315442,14.00084322241038
3820,2026-06-04 06:00:00,1780556549000,Moderate,UP,1,64007.2,-0.012664981439587957,1.0,63887.1865,64039.20359999999,23.738130934531178,-141.58402238468665,-115.10250659574757,26.48151578893908
3821,2026-06-04 07:00:00,1780560147000,Strong,UP,1,63561.7,-0.009839258547206796,1.0,63442.521812499996,63593.48084999999,23.738130934532276,-113.34091501456,-86.79219583926637,26.54871917529363
3822,2026-06-04 09:00:00,1780567347000,Moderate,UP,1,63237.4,-0.00038149892310574557,1.0,63118.829874999996,63269.0187,23.73813093453348,-18.810583939087767,7.9630665186659355,26.773650457753707
3823,2026-06-04 10:00:00,1780570947000,Strong,UP,1,62391.6,0.01930949038011527,1.0,62274.61575,62422.79579999999,23.738130934532,178.0009033494778,205.24285916208066,27.241955812602885
3824,2026-06-04 13:00:00,1780581748000,Moderate,UP,1,64202.7,-0.007715796999191623,1.0,64082.3199375,64234.801349999994,23.73813093453235,-92.11691153614771,-65.51769066190725,26.59922087424046
3825,2026-06-04 14:00:00,1780585348000,Strong,UP,1,63923.9,-0.003907380494619292,1.0,63804.042687500005,63955.86195,23.738130934531764,-54.051779056664145,-27.361983665566388,26.68979539109776
3826,2026-06-04 15:00:00,1780588948000,Moderate,UP,1,63864.8,-0.0040209943505656156,1.0,63745.05350000001,63896.7324,23.738130934531434,-55.18734983074045,-28.500256486569437,26.68709334417101
3827,2026-06-04 18:00:00,1780599748000,Moderate,UP,1,63791.1,-0.003961759555800081,1.0,63671.4916875,63822.99554999999,23.738130934531842,-54.59529790904532,-27.906795800125973,26.688502108919348
3828,2026-06-05 13:00:00,1780668150000,Strong,UP,1,60700.4,0.00237436656101113,1.0,60586.58675,60730.750199999995,23.73813093453154,8.734298460883132,35.573490905560305,26.839192444677177
3829,2026-06-05 14:00:00,1780671751000,Moderate,UP,1,60832.7,-0.005848828015195822,1.0,60718.6386875,60863.11635,23.738130934531757,-73.45655187602014,-46.81292939457394,26.643622481446204
3830,2026-06-05 18:00:00,1780686150000,Strong,UP,1,59362.2,0.03201195373486837,1.0,59250.895874999995,59391.88109999999,23.738130934532183,304.96205632052437,332.5061113073854,27.544054986861077
3831,2026-06-05 19:00:00,1780689748000,Moderate,UP,1,60267.7,0.01963531045651319,1.0,60154.6980625,60297.833849999995,23.738130934532037,181.25747582721857,208.50718052862263,27.24970470140406
3832,2026-06-05 23:00:00,1780704149000,Moderate,UP,1,61022.0,-0.0009955425911966176,0.0,61366.56795,61052.511,-51.440464094916315,-24.94795193599795,-76.04865866545451,-51.100706729456554
3833,2026-06-07 02:00:00,1780801349000,Moderate,DOWN,-1,61469.2,0.005847237315598754,1.0,61584.45475,61438.4654,23.761880940469617,-73.50412521859502,-46.64803309393522,26.85609212465981
3834,2026-06-07 09:00:00,1780826553000,Moderate,UP,1,62510.0,-0.0062046072628379224,1.0,62392.793750000004,62541.255,23.73813093453162,-77.01256634520621,-50.377405263248505,26.635161081957705
3836,2026-06-07 12:00:00,1780837351000,Moderate,UP,1,61871.1,0.0007612601036671167,1.0,61755.091687500004,61902.03554999999,23.738130934531014,-7.388704611022464,19.41212376873668,26.800828379759146
3837,2026-06-07 22:00:00,1780873350000,Moderate,UP,1,62833.5,0.00735634653488992,0.25,63168.76794375,62864.91675,-48.33398490899945,58.52920074852432,10.848073839757784,-47.68112690876654
3838,2026-06-08 01:00:00,1780884150000,Strong,UP,1,63188.0,-0.004580379185921424,1.0,63069.52249999999,63219.594,23.738130934533597,-60.77840265788487,-34.10461300860408,26.673789649280785
3839,2026-06-08 12:00:00,1780923749000,Strong,UP,1,63844.5,-0.0018854404059864202,1.0,63724.7915625,63876.422249999996,23.738130934531743,-33.84248281845435,-7.104600185211838,26.73788263324251
3840,2026-06-08 14:00:00,1780930948000,Moderate,UP,1,63933.7,-0.006003875890179847,1.0,63813.82431249999,63965.666849999994,23.73813093453283,-75.00625577391106,-48.36632075321019,26.639935020700868
3841,2026-06-09 14:00:00,1781017349000,Moderate,UP,1,61511.6,-0.0006299624786219184,1.0,61396.265750000006,61542.3558,23.73813093453137,-21.293977797320363,5.4737635203803245,26.767741317700686
3842,2026-06-09 16:00:00,1781024549000,Moderate,UP,1,61367.5,0.008776225200635469,0.0,61716.04259999999,61398.18375,-51.770073736097594,72.72089156057379,20.791410465452696,-51.92948109512109
3844,2026-06-09 17:00:00,1781028147000,Moderate,UP,1,61667.1,0.004139160103199393,0.5,61739.324756250004,61697.933549999994,-6.708685991317034,26.373414324833387,21.144840540871215,-5.228573783962174
3845,2026-06-09 18:00:00,1781031749000,Moderate,UP,1,61756.1,0.002416360489085265,0.25,61987.689218750005,61786.97805,-32.48438021804294,9.154027876914302,-22.53718972881065,-31.69121760572495
3846,2026-06-09 19:00:00,1781035347000,Moderate,UP,1,62068.8,-0.004139358260510964,0.5,62030.343974999996,62099.8344,11.190114381368398,-56.37039740640592,-43.7196942657686,12.650703140637317
3847,2026-06-10 12:00:00,1781096552000,Moderate,UP,1,61531.7,0.012055574606259912,0.5,61839.28466875,61562.46584999999,-44.96551834432498,105.49799706406654,61.71674548402747,-43.78125158003907
3848,2026-06-12 09:00:00,1781258549000,Moderate,UP,1,63729.5,-0.0034893573619752235,0.75,63678.4518375,63761.36474999999,13.003628894250781,-49.87363680135052,-34.65499416304957,15.218642638300953
3849,2026-06-12 10:00:00,1781262148000,Moderate,UP,1,63665.1,-0.0012801362127758023,0.25,63660.60399374999,63696.93255,5.703344697406401,-27.79246589481049,-21.34601997454224,6.446445920268249
3850,2026-06-12 11:00:00,1781265748000,Moderate,UP,1,63729.4,-0.0029640950644443764,1.0,63609.90737500001,63761.2647,23.738130934531156,-44.62363882503098,-17.91140953732756,26.71222928770342
3851,2026-06-12 13:00:00,1781272948000,Moderate,UP,1,63200.3,0.009948133157595747,0.0,63921.84495,63231.90015,-109.11340610724909,84.43411451869724,-24.520849652041314,-108.95496417073856
3852,2026-06-12 14:00:00,1781276549000,Moderate,UP,1,63971.0,-0.003427725062919044,1.0,63851.05437500001,64002.985499999995,23.738130934530897,-49.25762181828056,-22.556418914656515,26.70120290362405
3853,2026-06-14 20:00:00,1781470948000,Moderate,UP,1,63978.1,0.023659267780693754,0.0,65292.329849999995,64010.089049999995,-200.31854650263134,221.4769393372694,20.54648998714002,-200.9304493501294
3854,2026-06-15 08:00:00,1781514147000,Moderate,DOWN,-1,65619.9,0.006421451419462694,0.5,65635.45869375,65587.09005,7.374720194649046,-79.24913876400822,-70.32882154347436,8.920317220533855
3855,2026-06-15 16:00:00,1781542947000,Moderate,UP,1,67122.3,-0.0069783067624322875,1.0,66996.4456875,67155.86115,23.738130934531803,-84.74569477693353,-58.12893437627845,26.61676040065508
3856,2026-06-16 03:00:00,1781582548000,Moderate,UP,1,66125.4,0.00032362753193188596,1.0,66001.41487499999,66158.46269999999,23.73813093453296,-11.762843259050852,15.027577026244057,26.790420285294907
3857,2026-06-16 04:00:00,1781586148000,Moderate,UP,1,65811.1,0.009100288553146721,0.0,66125.34615,65844.00555,-42.72835433536226,75.9599055786785,33.04761586491936,-42.91228971375915
3858,2026-06-16 14:00:00,1781622148000,Strong,UP,1,65630.2,0.003125085707494283,0.0,65908.33769999999,65663.01509999999,-37.3608491212886,16.237738205841048,-21.08170871073278,-37.31944691657383
3859,2026-06-16 17:00:00,1781632948000,Moderate,UP,1,65946.2,-0.0028204809374914705,1.0,65822.55087499999,65979.1731,23.738130934534812,-43.18821526728149,-16.472570444496494,26.715644822784995
3860,2026-06-17 12:00:00,1781701348000,Moderate,UP,1,65005.3,0.007024427239009742,1.0,64883.415062500004,65037.80265,23.738130934531807,55.211666556818685,82.1614501090506,26.949783552231928
3861,2026-06-17 20:00:00,1781730151000,Moderate,UP,1,64405.9,-0.0008663802539828748,1.0,64285.1389375,64438.10295,23.73813093453282,-23.656974052802187,3.105144606308324,26.762118659110513
3862,2026-06-17 22:00:00,1781737349000,Moderate,UP,1,64265.3,0.003958979418130825,0.25,64516.04403125,64297.43265,-34.00001714531864,24.572507927343516,-8.679449092040418,-33.25195701938393
3863,2026-06-17 23:00:00,1781740950000,Moderate,UP,1,64472.9,-0.00011865450445072977,0.25,64580.886593749994,64505.13645,-11.74327315914017,-16.18345331784786,-27.15569932515995,-10.97224600731209
3864,2026-06-18 15:00:00,1781798549000,Moderate,UP,1,62337.8,0.006019622123334361,0.0,62570.56965,62368.9689,-32.323886951415965,45.16863691488666,12.771144772532528,-32.39749214235413
3866,2026-06-18 16:00:00,1781802147000,Moderate,UP,1,62664.2,0.002370970985028204,1.0,62546.704625,62695.5321,23.738130934532453,8.700359670445712,35.53947135907893,26.839111688633214
3867,2026-06-18 18:00:00,1781809346000,Moderate,UP,1,62683.5,0.004161781010951845,0.25,63083.72229374999,62714.84175,-58.818699602313906,26.59951035434019,-31.33926307504894,-57.93877342938913
3868,2026-06-18 19:00:00,1781812946000,Moderate,UP,1,62925.4,0.0002963827007853975,0.0,63096.9327,62956.8627,-22.248567351180878,-12.035155414438234,-34.22981489875096,-22.194659484312727
3869,2026-06-20 08:00:00,1781946147000,Moderate,UP,1,63390.8,0.004205657603311383,0.0,63740.4543,63422.4954,-50.13345785192769,27.038057004612025,-23.030076567873383,-50.0681335724854
3870,2026-06-22 00:00:00,1782090149000,Moderate,UP,1,63867.2,0.005209638124107615,0.25,64387.0289,63899.133599999994,-76.35397735658873,37.07284481866734,-38.309253578944784,-75.38209839761213
3871,2026-06-22 14:00:00,1782140547000,Moderate,UP,1,64943.0,-0.005292333276873633,1.0,64821.231875000005,64975.4715,23.73813093453192,-67.8943855759483,-41.23752813398832,26.656857441959982
3872,2026-06-22 18:00:00,1782154947000,Moderate,UP,1,64312.9,-0.000600579354997209,0.25,64543.01764375,64345.05645,-30.765563770051095,-21.00029340326967,-50.88775626874797,-29.8874628654783
3873,2026-06-22 23:00:00,1782172947000,Moderate,DOWN,-1,63990.2,0.001902635090998309,1.0,64110.181625,63958.2049,23.761880940470306,-34.03837009503062,-7.275833721754746,26.762536373275875
3874,2026-06-23 08:00:00,1782205348000,Moderate,UP,1,62353.7,-0.0002718363144448058,0.0,62546.8578,62384.87684999999,-25.96477835316985,-17.714505891501698,-43.59206319713761,-25.87755730563592
3875,2026-06-23 09:00:00,1782208948000,Moderate,UP,1,62350.2,0.00017080939596026085,0.75,62276.569162499996,62381.37509999999,16.800837963572544,-13.290260909941315,5.7833141554548195,19.073575065396135
3876,2026-06-23 10:00:00,1782212549000,Strong,UP,1,62290.4,0.0018229133221169815,0.0,62468.6187,62321.5452,-23.59914208288895,3.2225219601898782,-20.35218984280214,-23.574711802992017
3877,2026-06-23 11:00:00,1782216148000,Strong,UP,1,62478.5,-0.001284041710348453,1.0,62361.3528125,62509.73925,23.73813093453234,-27.83150135280792,-1.0793158206484317,26.752185532159487
3878,2026-06-23 12:00:00,1782219749000,Moderate,UP,1,62227.9,0.003923079518993892,1.0,62111.222687500005,62259.01395,23.738130934531984,24.21368834576736,51.08971340256931,26.876025056801947
3879,2026-06-23 13:00:00,1782223348000,Strong,UP,1,62446.6,-5.965096578514354e-05,0.25,62466.93804999999,62477.8233,1.742258200600058,-15.593712801450364,-13.10212574061644,2.4915870608339246
3880,2026-06-23 14:00:00,1782226948000,Moderate,UP,1,62462.8,-0.0013095794616956478,1.0,62345.68225,62494.0314,23.738130934533025,-28.08675124133532,-1.3351730664552992,26.751578174880024
3881,2026-06-23 15:00:00,1782230548000,Moderate,UP,1,62455.8,-0.0015583020311964154,0.0,62491.830299999994,62487.0279,-0.7685435139719957,-30.57273394499135,-31.339637414970763,-0.7669034699794158
3882,2026-06-23 16:00:00,1782234148000,Moderate,UP,1,62522.9,-0.002962114681180885,1.0,62405.6695625,62554.16145,23.738130934532784,-44.60384488936388,-17.891568502751166,26.712276386612704
3883,2026-06-24 12:00:00,1782306149000,Moderate,UP,1,62589.5,-0.03156040549932506,1.0,62472.1446875,62620.794749999994,23.73813093453228,-330.44383307671126,-304.411701934377,26.032131142334283
3884,2026-06-24 14:00:00,1782313349000,Strong,DOWN,-1,61085.3,-0.021874739094348488,0.0,60236.16685000001,61054.75735000001,-134.0748101425381,203.85431810253684,70.86368629879235,-132.9906318037445
3885,2026-06-24 17:00:00,1782324147000,Strong,UP,1,59363.7,0.01700786844485774,0.0,59684.8275,59393.38184999999,-49.070391501878895,154.99618635540082,105.35972019019391,-49.636466165206905
3886,2026-06-24 21:00:00,1782338548000,Moderate,UP,1,61073.6,-0.0029194283618454277,1.0,60959.087,61104.13679999999,23.73813093453166,-44.1771950209429,-17.463903437399566,26.71329158354333
3887,2026-06-25 12:00:00,1782392547000,Strong,DOWN,-1,61216.4,-0.03409339654079633,0.5,60066.914725,61185.791800000006,-182.86550555026142,326.1020164161721,147.5908745342597,-178.51114188191238
3888,2026-06-25 14:00:00,1782399752000,Strong,DOWN,-1,59448.7,0.0007262564194003051,1.0,59560.16631249999,59418.97565,23.761880940468576,-22.26869854327537,4.4659371737937485,26.734635717069118
3889,2026-06-25 15:00:00,1782403352000,Strong,DOWN,-1,59536.2,-0.0017371783889466059,1.0,59647.830375,59506.4319,23.761880940469307,2.3779728759050403,29.054182297658055,26.676209421753015
3890,2026-06-25 23:00:00,1782432148000,Moderate,DOWN,-1,59771.9,-0.006212785606614455,0.5,59675.186443750004,59742.014050000005,-11.186031691879464,47.15643428328682,37.521882815376635,-9.634551467910184
3891,2026-06-26 01:00:00,1782439348000,Moderate,DOWN,-1,59413.0,0.003032585461094422,0.0,58620.37515,59383.2935,-128.47356639119383,-45.34352637413133,-175.94910003744715,-130.60557366331582
3892,2026-06-26 07:00:00,1782460948000,Moderate,UP,1,60491.0,-0.013873964722024764,1.0,60377.579375,60521.2455,23.73813093453209,-153.66781331359041,-127.2150504398225,26.45276287376789
3893,2026-06-26 16:00:00,1782493348000,Moderate,DOWN,-1,60017.8,-0.0041983378264449185,1.0,60130.333375,59987.79110000001,23.761880940468984,27.001879204052297,53.619716296393285,26.61783709234099
3894,2026-06-27 02:00:00,1782529347000,Moderate,DOWN,-1,60256.6,7.385083127830587e-05,0.5,60309.513137500006,60226.4717,13.788195648194291,-15.741379002283647,-0.4642631852273051,15.277115817056341
3895,2026-06-27 03:00:00,1782532947000,Moderate,DOWN,-1,60274.7,0.0008005017030362657,1.0,60387.71506249999,60244.56265,23.761880940468966,-23.011522791759287,3.724873831201823,26.73639662296111
3896,2026-06-27 11:00:00,1782561747000,Moderate,DOWN,-1,60331.9,0.004256040336869905,0.5,60381.48834375001,60301.73405000001,13.225870699485109,-57.584195466431446,-42.81294291231863,14.771252554112817
3897,2026-06-27 22:00:00,1782601348000,Moderate,DOWN,-1,60204.3,-0.0015679943126987396,0.5,60126.71206875001,60174.197850000004,-7.891385834235541,0.6852857698725311,-5.703893548879069,-6.389179318751601
3898,2026-06-28 16:00:00,1782666148000,Moderate,UP,1,59655.9,-0.001677118273297409,1.0,59544.0451875,59685.72795,23.738130934532823,-31.760302581683078,-5.017465480750235,26.74283710093284
3899,2026-06-29 08:00:00,1782723748000,Moderate,DOWN,-1,59806.9,0.00299630979034199,1.0,59919.037937500005,59776.99655,23.761880940470448,-44.980588197518315,-18.19211269212162,26.7884755053967
3900,2026-06-29 09:00:00,1782727348000,Moderate,DOWN,-1,60031.3,-0.0027185818064908987,1.0,60143.858687500004,60001.28435000001,23.76188094046935,12.196916523171584,38.84984959691491,26.652933073743327
3901,2026-06-29 12:00:00,1782738148000,Moderate,DOWN,-1,59923.5,-0.004253756873346875,1.0,60035.856562500005,59893.538250000005,23.761880940470167,27.556346906923054,54.172869602963964,26.616522696040914
3902,2026-06-29 13:00:00,1782741748000,Strong,DOWN,-1,59559.3,0.005347191790366887,0.5,59398.20218125,59529.520350000006,-22.05933593583938,-68.50116848791228,-89.23860843239189,-20.737439944479608
3903,2026-06-29 14:00:00,1782745349000,Strong,DOWN,-1,59444.0,0.01079377228988628,1.0,59555.457500000004,59414.278000000006,23.761880940469958,-122.99422000886625,-96.02080888220797,26.97341112665827
3904,2026-06-30 04:00:00,1782795747000,Moderate,DOWN,-1,59458.3,0.0006294327284834642,1.0,59569.78431250001,59428.570850000004,23.761880940470824,-21.299977273471242,5.432362036347928,26.73233930981917
3905,2026-06-30 08:00:00,1782810161000,Strong,DOWN,-1,59285.8,-0.0040220423777702526,0.5,59331.7630875,59256.157100000004,12.759178320053287,25.238042799102256,39.43605864713162,14.198015848029357
3906,2026-06-30 09:00:00,1782813747000,Moderate,DOWN,-1,59348.7,-0.007760068881036916,0.25,59351.66506875,59319.02565,5.502352473316,62.63700731402721,68.84638840175526,6.2093810877280555
3907,2026-06-30 10:00:00,1782817348000,Moderate,DOWN,-1,59303.6,-0.010567655251957674,0.5,59189.24885,59273.9482,-14.289473296802475,90.72691597756557,78.0611339820208,-12.665781995544762
3908,2026-07-01 00:00:00,1782867747000,Strong,DOWN,-1,58548.7,0.008928464679830637,1.0,58658.4788125,58519.42565,23.76188094047029,-104.33181270465865,-77.40264184484718,26.92917085981147
3909,2026-07-01 06:00:00,1782889348000,Moderate,UP,1,58726.8,0.0014516370720011986,0.75,58665.17175,58756.1634,15.486315772618383,-0.48838508744339243,17.286703314518387,17.77508840196178
3910,2026-07-01 16:00:00,1782925348000,Moderate,UP,1,59902.8,0.0033266391554317024,0.75,59915.20833750001,59932.7514,2.9271245004102275,18.252265421605323,23.438519189880772,5.186253768275448
3911,2026-07-01 20:00:00,1782939748000,Moderate,UP,1,60100.3,0.0023473260532808835,0.0,60830.29995,60130.35015,-116.40540895802553,8.464028518550311,-106.81440835966164,-115.27843687821195
3912,2026-07-01 21:00:00,1782943347000,Strong,UP,1,60799.9,-0.011858572135809554,1.0,60685.900187499996,60830.29995,23.738130934533512,-133.52395937840618,-107.02326497993201,26.50069439847417
3913,2026-07-01 22:00:00,1782946947000,Moderate,UP,1,60446.3,-0.0063006337856908665,1.0,60332.963187500005,60476.52315,23.738130934532055,-77.97235168106779,-51.33947437135529,26.63287730971251
3914,2026-07-02 03:00:00,1782964947000,Strong,UP,1,61032.9,-0.010324759269181073,1.0,60918.4633125,61063.41645,23.73813093453283,-118.19349594383806,-91.65632329799365,26.53717264584441
3915,2026-07-02 04:00:00,1782968547000,Strong,UP,1,60757.7,-0.006956731410175219,1.0,60643.779312499995,60788.07884999999,23.738130934531995,-84.53004907721255,-57.91277555591924,26.617273521293317
3916,2026-07-02 05:00:00,1782972147000,Strong,UP,1,60479.9,0.0004141871927698774,1.0,60366.5001875,60510.13995,23.738130934531977,-10.857699222689153,15.934874817982461,26.792574040671614
3917,2026-07-02 06:00:00,1782975747000,Strong,UP,1,60247.6,0.00838332149330437,0.75,60168.2178375,60277.72379999999,18.166904056186702,68.79381802403391,89.38719028183438,20.59337225780046
3918,2026-07-02 09:00:00,1782986548000,Moderate,UP,1,61159.6,0.0055187574804282805,0.75,61115.49892499999,61190.1798,12.204715731200626,40.16249355750413,54.693419707386035,14.530926149881902
3919,2026-07-02 10:00:00,1782990148000,Moderate,UP,1,61238.5,0.005983980665757605,0.75,61187.74173749999,61269.119249999996,13.281978506652507,44.81240045734801,60.434942057489,15.622541600140991
3920,2026-07-02 11:00:00,1782993748000,Strong,UP,1,61329.1,0.0055369310816562505,1.0,61214.1079375,61359.76454999999,23.738130934531984,40.34413874718989,67.25854558954313,26.914406842353245
3921,2026-07-02 14:00:00,1783004547000,Moderate,UP,1,61669.8,-0.0002914716765743657,1.0,61554.169125,61700.6349,23.738130934532236,-17.910761385050222,8.865030165817664,26.775791550867883
3922,2026-07-03 13:00:00,1783087348000,Moderate,DOWN,-1,62083.8,-0.0001759718316211783,0.75,62162.3005875,62052.75810000001,17.653121449245514,-13.241902635105209,6.6358233454737965,19.877725980579005
3923,2026-07-04 17:00:00,1783188148000,Moderate,UP,1,63245.6,-0.00036840507481936504,0.75,63169.9732125,63277.222799999996,16.94916160258458,-18.67971089274686,0.5334905318034213,19.21320142455028
3924,2026-07-05 09:00:00,1783245747000,Moderate,UP,1,62600.3,0.001815087148144541,0.0,62701.03485,62631.60015,-11.086208852033932,3.1442993317814065,-7.944188635667065,-11.088487967448472
3925,2026-07-05 21:00:00,1783288951000,Moderate,UP,1,63070.4,0.00921668484740854,0.25,63629.32411249999,63101.9352,-83.577296136552,77.12328683066917,-5.733400097031245,-82.85668692770042
3926,2026-07-06 10:00:00,1783335749000,Moderate,UP,1,62797.6,-0.012834885409633373,1.0,62679.8545,62828.998799999994,23.738130934531565,-143.2822129898381,-116.80473798004677,26.47747500979132
3927,2026-07-06 14:00:00,1783350148000,Strong,UP,1,62019.7,0.025780518125692462,0.0,63483.9261,62050.70984999999,-230.9749966542897,242.67884183600745,11.213858101320056,-231.4649837346874
3928,2026-07-06 16:00:00,1783357347000,Moderate,UP,1,63710.4,-0.0003645401692659055,0.75,63648.365437500004,63742.2552,14.729595337567444,-18.641081152082723,-1.6525044503133295,16.988576701769393
3929,2026-07-06 17:00:00,1783360947000,Moderate,UP,1,63565.2,0.0055006512997678204,0.0,63680.2242,63596.982599999996,-13.08892286974653,39.981522236559,26.844374049800273,-13.137148186758724
3930,2026-07-06 18:00:00,1783364547000,Moderate,UP,1,63675.7,0.0059210185361136,0.5,63606.77684375,63707.53784999999,15.816182770591137,44.18309381422947,61.610164101771595,17.427070287542122
3931,2026-07-06 21:00:00,1783375347000,Moderate,UP,1,64475.9,-0.006446594774171457,1.0,64355.0076875,64508.13795,23.738130934532006,-79.43123212565101,-52.80182616577539,26.629405959875623
3932,2026-07-07 02:00:00,1783393349000,Moderate,UP,1,63298.2,-0.0021971398870741523,0.75,63197.40806249999,63329.84909999999,20.912893269471045,-36.95791991078536,-13.807695034285413,23.15022487649994
3933,2026-07-07 15:00:00,1783440147000,Moderate,UP,1,63910.0,-0.00025113440776084546,0.5,63951.60889999999,63941.954999999994,-1.5097911848327943,-17.507590282466357,-17.516020236511615,-0.008429954045257627
3934,2026-07-07 16:00:00,1783443747000,Moderate,UP,1,63962.4,-0.0022196634272634943,0.25,64022.4919875,63994.381199999996,-4.392696198147098,-37.18304275125849,-40.8118747766718,-3.6288320254133097
3935,2026-07-07 17:00:00,1783447348000,Moderate,UP,1,64164.7,-0.008346879203050854,1.0,64044.3911875,64196.782349999994,23.73813093453218,-98.42457974063777,-71.84036771998359,26.584212020654174
3936,2026-07-07 18:00:00,1783450947000,Strong,UP,1,63653.8,-0.0009331728820589101,1.0,63534.449125,63685.6269,23.73813093453332,-24.324566537320447,2.4359636111824514,26.760530148502898
3937,2026-07-07 19:00:00,1783454548000,Moderate,UP,1,63794.9,-0.004943576994399239,1.0,63675.284562500005,63826.79745,23.738130934531743,-64.40856566116129,-37.74341384495216,26.66515181620914
3938,2026-07-07 21:00:00,1783461748000,Moderate,UP,1,63399.5,-0.0006234276295553463,0.5,63463.879731249996,63431.19975,-5.152035808686681,-21.228661964571142,-24.872262724875043,-3.643600760303901
3939,2026-07-08 11:00:00,1783512147000,Moderate,UP,1,62270.0,-0.006757266741609145,1.0,62153.24375,62301.134999999995,23.73813093453166,-82.53639921648237,-55.914381882120644,26.622017334361722
3940,2026-07-09 12:00:00,1783602151000,Moderate,UP,1,62583.3,0.004615049062609308,0.25,62937.65559375,62614.59165,-51.595632142080646,31.12992566326157,-19.661985183081566,-50.791910846343136
3941,2026-07-11 15:00:00,1783785748000,Moderate,UP,1,64139.0,0.001729446982335286,0.25,64167.8344625,64171.0695,0.5041270973355193,2.2883256605229443,3.543097692579032,1.2547720320560873
3942,2026-07-12 08:00:00,1783846959000,Moderate,UP,1,63951.6,-0.00017708704707930826,1.0,63831.69075,63983.57579999999,23.738130934531153,-16.767486727428256,10.011025201459178,26.778511928887433
3944,2026-07-12 09:00:00,1783850787000,Moderate,UP,1,63930.0,0.00042390114187401565,0.5,63887.860799999995,63961.965,11.585666575440825,-10.760608277120738,2.3376143970077803,13.098222674128518
3946,2026-07-12 23:00:00,1783900948000,Moderate,UP,1,63750.0,-0.005690588235294026,1.0,63630.46875,63781.875,23.738130934532734,-71.87494488050001,-45.22755902611423,26.647385854385785
3947,2026-07-13 00:00:00,1783904548000,Moderate,UP,1,64041.8,-0.015655009696791965,1.0,63921.721625,64073.8209,23.73813093453281,-171.46936228677563,-145.0589575132563,26.410404773519346
3948,2026-07-13 07:00:00,1783929748000,Moderate,UP,1,62952.7,0.0006512826296568694,0.25,63106.549618749996,62984.176349999994,-19.429208388783106,-8.487929738560423,-27.13239405129224,-18.644464312731817
3949,2026-07-13 23:00:00,1783987350000,Moderate,DOWN,-1,62307.0,0.0034221676537147644,1.0,62423.825625000005,62275.84650000001,23.761880940469915,-49.2412971857394,-22.442721434457244,26.798575751282158
3950,2026-07-14 14:00:00,1784041347000,Strong,UP,1,64277.3,0.005692911805567372,0.5,64477.173268750004,64309.43865,-26.082426199191826,41.903166472437384,17.253568717701032,-24.64959775473635
3951,2026-07-14 17:00:00,1784052146000,Strong,UP,1,64597.5,-0.000442741592166857,0.75,64527.1746375,64629.798749999994,15.878760956221333,-19.422704569383022,-1.283675891683549,18.139028677699475
3952,2026-07-15 13:00:00,1784124148000,Moderate,UP,1,65090.2,0.0019519067386488736,0.0,65306.636999999995,65122.74509999999,-28.237737785411994,4.511811480749019,-23.687276532092014,-28.19908801284103
3953,2026-07-15 14:00:00,1784127747000,Moderate,UP,1,65364.8,-0.004274471887009544,0.75,65275.423200000005,65397.4824,18.664204724797795,-57.72085844087468,-36.86098705829658,20.8598713825781
3954,2026-07-15 16:00:00,1784134947000,Moderate,UP,1,65089.5,-0.0023644366602908525,0.75,64992.4195125,65122.044749999994,19.90497042861922,-38.630051577119,-16.492483035128473,22.137568541990525
3955,2026-07-15 17:00:00,1784138547000,Moderate,UP,1,65023.1,-0.0022034476978181824,1.0,64901.1816875,65055.611549999994,23.738130934531778,-37.02096649493369,-10.290646941196854,26.73031955373683
3956,2026-07-15 18:00:00,1784142147000,Moderate,UP,1,64837.4,0.0006315799214650354,0.5,64861.610537500004,64869.818699999996,1.2653284168947254,-8.684858356169624,-5.919203383745221,2.7656549724244024
3957,2026-07-16 13:00:00,1784210550000,Strong,UP,1,64354.4,0.0010259593749611753,0.0,64509.33854999999,64386.5772,-19.06629538928083,-4.743034733022597,-23.783050950225174,-19.040016217202577
3959,2026-07-16 14:00:00,1784214148000,Moderate,UP,1,64510.0,-0.0025236397457757812,1.0,64389.043750000004,64542.255,23.73813093453165,-40.22128681435023,-13.498582299570181,26.722704514780048
3962,2026-07-16 15:00:00,1784217691000,Moderate,UP,1,64677.7,-0.006795618891828161,1.0,64556.4293125,64710.03884999999,23.738130934531682,-82.91972905375363,-56.29862383797776,26.621105215775874
3964,2026-07-20 02:00:00,1784516550000,Moderate,UP,1,64800.1,-0.007168198814507891,0.75,64729.046774999995,64832.500049999995,15.957008432532266,-86.6436663119224,-68.53365040159197,18.110015910330432
3965,2026-07-20 11:00:00,1784548949000,Moderate,UP,1,64970.8,-0.003762844231562464,1.0,64848.97975,65003.2854,23.738130934533054,-52.607138746251174,-25.913905889166166,26.693232857085007
3966,2026-07-20 12:00:00,1784552547000,Strong,UP,1,64627.2,0.004827301817191613,1.0,64506.024,64659.51359999999,23.738130934531736,33.251392475679225,60.14892240141871,26.897529925739484
3967,2026-07-20 13:00:00,1784556148000,Strong,UP,1,64315.0,0.014544429759776148,1.0,64194.409375,64347.157499999994,23.738130934531334,130.37411054249117,157.50274023570296,27.12862969321179
3969,2026-07-20 15:00:00,1784563347000,Moderate,UP,1,65570.1,-0.0034569872548616347,1.0,65447.156062500006,65602.88505,23.73813093453144,-49.550097499865096,-22.849590530861693,26.700506969003403
3970,2026-07-22 10:00:00,1784718149000,Moderate,UP,1,66016.2,-0.0029693469178778656,0.5,65943.3938625,66049.20809999999,16.020515694871435,-44.676131113220805,-27.18555063406942,17.490580479151387
3971,2026-07-22 13:00:00,1784728950000,Moderate,UP,1,65924.9,0.0010716739805446613,1.0,65801.2908125,65957.86244999999,23.73813093453125,-4.286117135984153,22.52209373119235,26.808210867176502
3972,2026-07-22 14:00:00,1784732548000,Moderate,UP,1,65770.2,0.00376956433156662,0.0,66027.89744999999,65803.0851,-34.16440880520249,22.679303663834357,-11.480048642680122,-34.15935230651448
3973,2026-07-22 15:00:00,1784736148000,Moderate,UP,1,66014.8,-0.00041808806510042093,0.5,66082.56455000001,66047.8074,-5.262422988473787,-19.17629250475217,-22.931121226816618,-3.7548287220644454
3974,2026-07-24 07:00:00,1784880150000,Moderate,UP,1,65470.0,-0.005895066442645442,1.0,65347.24375,65502.73499999999,23.73813093453149,-73.91870507391644,-47.27618226820753,26.642522805708918
3977,2026-07-24 15:00:00,1784908947000,Moderate,UP,1,64065.1,0.0010426893893867785,1.0,63944.97793749999,64097.132549999995,23.738130934533086,-4.575818197034249,22.231703337625635,26.807521534659884
3978,2026-07-27 13:00:00,1785160950000,Moderate,UP,1,65189.4,-0.006564717576784023,1.0,65067.16987500001,65221.994699999996,23.738130934531014,-80.61186983292288,-53.985273155006695,26.626596677916183
3979,2026-07-27 17:00:00,1785175348000,Moderate,UP,1,64994.3,-0.0016643767222664588,1.0,64872.43568750001,65026.79715,23.738130934531195,-31.632950747290266,-4.8898106175734,26.743140129716867
3980,2026-07-27 18:00:00,1785178948000,Moderate,UP,1,64854.7,-0.0037530047937929167,0.25,64963.43351875,64887.127349999995,-11.75983155155061,-52.5087935411583,-63.45488106564852,-10.946087524490228
3981,2026-07-27 22:00:00,1785193347000,Moderate,UP,1,63755.4,-0.005895971164795476,0.75,63683.940749999994,63787.2777,16.200244582628493,-73.9277477740673,-55.554948377035586,18.37279939703171
3982,2026-07-28 01:00:00,1785204150000,Moderate,UP,1,63195.9,0.0016440939997688802,0.5,63158.39240625,63227.49795,10.92966604572027,1.435222386496225,13.889359254179077,12.454136867682852
3984,2026-07-28 13:00:00,1785247349000,Moderate,UP,1,63078.9,0.01051817644251879,0.5,63165.490968750004,63110.43945,-8.72304474977094,90.13169857590049,82.8289871419505,-7.302711433949984
3985,2026-07-28 14:00:00,1785250948000,Moderate,UP,1,63384.1,0.00694101517573026,0.75,63439.17509999999,63415.79205,-3.687259788785801,54.37796277591498,52.91833299665805,-1.4596297792569304
3986,2026-07-28 15:00:00,1785254549000,Moderate,UP,1,63899.4,-0.0012457080974157162,0.75,63848.1819375,63931.3497,13.008917047781507,-27.448356795758876,-12.195222501054884,15.25313429470399
3987,2026-07-28 16:00:00,1785258148000,Moderate,UP,1,64020.0,-0.0036316776007497657,1.0,63899.9625,64052.009999999995,23.73813093453169,-51.29612794352508,-24.599775586722988,26.696352356802088
3988,2026-07-28 17:00:00,1785261748000,Moderate,UP,1,63666.0,0.003023984544340801,0.0,63831.099599999994,63697.833,-20.921685043821725,15.227231827493323,-5.703442338944122,-20.930674166437445
3989,2026-07-28 18:00:00,1785265349000,Strong,UP,1,63710.8,0.002490551052568841,0.25,63890.30451249999,63742.655399999996,-23.163313729787866,9.895562744317333,-12.510199283587797,-22.40576202790513
3990,2026-07-28 19:00:00,1785268948000,Moderate,UP,1,63882.4,-0.00011935994890611499,0.0,63984.876449999996,63914.341199999995,-11.035903472631087,-16.190504236941717,-27.20741776942115,-11.016913532479432
3991,2026-07-29 06:00:00,1785308546000,Moderate,UP,1,64407.7,0.0015685236392543355,0.0,64524.646199999996,64439.903849999995,-13.15060155850938,0.679896444322624,-12.467460255518574,-13.147356699841199
3992,2026-07-29 09:00:00,1785319346000,Moderate,UP,1,64660.7,-0.003232256996908365,1.0,64539.4611875,64693.03034999999,23.73813093453217,-47.303918010078085,-20.598066343477708,26.705851666600374
3994,2026-07-29 10:00:00,1785322951000,Moderate,UP,1,64444.0,-0.0012999658618335524,0.25,64444.302362500006,64476.221999999994,4.95060605442861,-27.990663286691294,-22.296516048396523,5.6941472382947715
3995,2026-07-29 11:00:00,1785326553000,Moderate,UP,1,64480.0,-0.003950449751861132,1.0,64359.100000000006,64512.24,23.738130934531515,-54.4822563904158,-27.7934853035564,26.688771086859404
3998,2026-07-29 13:00:00,1785333749000,Moderate,UP,1,64634.6,-0.009615592886782003,1.0,64513.410125,64666.917299999994,23.73813093453143,-111.1053761797294,-84.55133762586908,26.554038553860316
4002,2026-07-29 14:00:00,1785337346000,Moderate,UP,1,64078.1,0.0005711779843659308,1.0,63957.9535625,64110.13905,23.73813093453258,-9.288575868405262,17.507731840861997,26.796307709267257
4003,2026-07-29 18:00:00,1785351746000,Moderate,UP,1,64484.5,-0.01216571424140685,1.0,64363.591562500005,64516.742249999996,23.738130934531256,-136.59384549132218,-110.1004557686355,26.493389722686693
4004,2026-07-30 08:00:00,1785402148000,Moderate,DOWN,-1,64280.4,0.006365470656685442,1.0,64400.92575,64248.25980000001,23.761880940469464,-78.68905109239861,-51.82066781470061,26.868383277697994
4006,2026-07-31 03:00:00,1785470546000,Moderate,DOWN,-1,64344.0,-0.0024959592191967947,0.25,64364.319299999996,64311.828,8.16199782099091,9.969576980458383,18.85863254169366,8.889055561235276
4007,2026-08-01 15:00:00,1785600149000,Moderate,UP,1,62976.4,-0.005030058879199215,0.5,62941.912475000005,63007.8882,10.471026229378785,-65.2729523158342,-53.348887474165444,11.92406484166875
4008,2026-08-02 02:00:00,1785639750000,Moderate,UP,1,63425.4,0.0007122540811724582,0.25,63495.9715875,63457.1127,-6.123645694960634,-7.8785199283118414,-13.249716338698622,-5.371196410386782
4010,2026-08-03 15:00:00,1785772949000,Moderate,UP,1,63659.5,0.002538898357668533,0.0,63774.4713,63691.32975,-13.053825430611344,10.378794179597126,-2.6845806717005507,-13.063374851297679
4011,2026-08-04 13:00:00,1785852149000,Moderate,UP,1,63663.7,0.005492140733259322,0.25,64041.36971874999,63695.53184999999,-54.29546762627445,39.896459103042474,-13.625252883104833,-53.52171198614732
4012,2026-08-04 14:00:00,1785855749000,Moderate,UP,1,64100.0,-0.0006860374414977507,1.0,63979.8125,64132.049999999996,23.738130934532055,-21.854447191381137,4.91196051098058,26.766407702361718
4013,2026-08-04 20:00:00,1785877352000,Strong,UP,1,64316.3,-0.0031640501707966297,1.0,64195.70693750001,64348.45815,23.738130934531508,-46.622190612659296,-19.914716801970545,26.70747381068875
4014,2026-08-04 21:00:00,1785880948000,Moderate,UP,1,64166.8,-0.0002980513287245117,0.0,64253.41065,64198.8834,-8.493488844698378,-17.976525024732112,-26.456036952801835,-8.479511928069725
4015,2026-08-04 22:00:00,1785884548000,Moderate,UP,1,64238.0,-0.0010079703602229211,1.0,64117.55375,64270.119,23.73813093453268,-25.072167518469783,1.686583742287716,26.7587512607575
4016,2026-08-04 23:00:00,1785888148000,Moderate,UP,1,64075.5,0.0017990495587237158,0.75,63981.2844375,64107.537749999996,19.693988715078557,2.984003585445082,24.992475294418846,22.00847170897376
4017,2026-08-05 03:00:00,1785902548000,Moderate,UP,1,64145.6,0.0009112082512285234,0.25,64247.74733749999,64177.67279999999,-10.918834299020729,-5.889972501462037,-16.051380485829828,-10.16140798436779
4020,2026-08-05 05:00:00,1785909748000,Moderate,UP,1,64307.7,-0.002488037979899763,0.5,64229.674893749994,64339.85384999999,17.124526969996843,-39.86544707545915,-21.262775755225547,18.6026713202336
4022,2026-08-05 07:00:00,1785916946000,Moderate,UP,1,64141.0,-0.0010235262936343595,0.25,64124.9624125,64173.070499999994,7.49661612342471,-25.22764911178682,-16.986832995059615,8.240816116727206
4023,2026-08-05 12:00:00,1785934947000,Moderate,UP,1,64295.4,0.0024659617950894717,1.0,64174.846125,64327.547699999996,23.738130934532602,9.649793054368459,36.49116388317647,26.841370828808007
4024,2026-08-05 14:00:00,1785942148000,Strong,UP,1,64443.3,0.0027493160654405175,0.25,64427.919393749995,64475.52165,7.382996683363396,12.481919694559101,20.6369819267666,8.155062232207502
4025,2026-08-06 13:00:00,1786024950000,Moderate,DOWN,-1,64404.8,0.004035025339726118,1.0,64525.559,64372.59760000001,23.761880940469123,-55.37293986719395,-28.55982871841444,26.81311114877951
4026,2026-08-06 14:00:00,1786028548000,Moderate,UP,1,64748.2,-0.0026776806150595692,0.75,64659.489825000004,64780.57409999999,18.69144827476707,-41.760925687750834,-20.843951905459086,20.91697378229175
4027,2026-08-07 10:00:00,1786100548000,Moderate,UP,1,64867.3,0.00269049274441813,0.0,65053.5105,64899.73365,-23.69452713462634,11.893980453955596,-11.796290455377088,-23.690270909332686
4029,2026-08-07 11:00:00,1786104146000,Moderate,UP,1,64996.1,0.0002777089702305663,0.0,65291.22929999999,65028.59804999999,-40.38703860693158,-12.221799397994523,-52.43744572902234,-40.21564633102782
4030,2026-08-07 12:00:00,1786107746000,Strong,UP,1,65259.1,-0.005589258816011866,1.0,65136.739187499996,65291.72955,23.73813093453283,-70.86215708157755,-44.21236133762628,26.649795743951266
4032,2026-08-07 13:00:00,1786111348000,Strong,UP,1,64984.8,-0.002332468515714399,1.0,64862.9535,65017.2924,23.738130934531995,-38.31052989219721,-11.58327880490324,26.72725108729397
4033,2026-08-07 14:00:00,1786114948000,Moderate,UP,1,64927.3,-0.0022775473491120067,0.25,64954.256256249995,64959.76365,0.8478161619674515,-37.761592694772354,-36.16605851974785,1.5955341750245036
4034,2026-08-09 16:00:00,1786294952000,Moderate,UP,1,65204.6,-0.000820494259607451,0.0,65213.89065,65237.2023,3.5733675231495954,-23.19834342436212,-19.62841648829039,3.56992693607173
4035,2026-08-09 17:00:00,1786298551000,Moderate,UP,1,65170.0,-0.00030919134571123915,0.0,65202.184799999995,65202.585,0.06137793463306382,-18.08786952235108,-18.026540852967997,0.06132866938308307
4036,2026-08-09 23:00:00,1786320155000,Moderate,UP,1,64867.8,0.0025864142147568048,0.25,64943.819625000004,64900.2339,-6.715803993428205,10.853715289922526,4.8784229245845445,-5.975292365337983
4037,2026-08-10 13:00:00,1786370553000,Strong,UP,1,64533.7,-0.005617994939078387,0.0,64673.92079999999,64565.96685,-16.71994632261834,-71.14937470343216,-87.73934126474028,-16.589966561308124
4038,2026-08-10 14:00:00,1786374153000,Moderate,UP,1,64594.5,-0.009371927950522215,1.0,64473.3853125,64626.797249999996,23.738130934531757,-108.66994453295507,-82.11011096327867,26.5598335696764
4039,2026-08-10 16:00:00,1786381352000,Strong,UP,1,63888.6,0.0015319634488782036,0.25,63896.752199999995,63920.544299999994,3.722136640191087,0.31447725015765293,4.791840455234155,4.477363205076502
4040,2026-08-10 17:00:00,1786384953000,Moderate,UP,1,63932.7,0.0009048577644930658,0.75,63856.43613749999,63964.66634999999,16.920312209210604,-5.953445632253594,13.25240329905338,19.205848931306974
4041,2026-08-11 10:00:00,1786446150000,Strong,UP,1,64205.3,-0.0009278829006328817,0.0,64415.69175,64237.402649999996,-27.754718068446344,-24.271693159747922,-51.91009095233377,-27.638397792585845
4042,2026-08-11 12:00:00,1786453349000,Moderate,UP,1,64303.2,-0.008621654909864426,1.0,64182.631499999996,64335.351599999995,23.738130934532524,-101.17096361683546,-74.59328651085193,26.577677105983547
4044,2026-08-11 13:00:00,1786456952000,Strong,UP,1,64174.4,-0.00894710351791373,1.0,64054.073000000004,64206.487199999996,23.738130934531487,-104.4238232675027,-77.8538862157923,26.569937051710394
4045,2026-08-11 14:00:00,1786460550000,Strong,UP,1,63747.0,-0.0038495929220198825,1.0,63627.474375,63778.873499999994,23.73813093453215,-53.47419212413586,-26.78302238717446,26.6911697369614
4048,2026-08-13 14:00:00,1786633350000,Strong,DOWN,-1,63835.6,-0.009447314664544617,0.25,63524.755337500006,63803.6822,-43.716420883934,79.51790559824596,36.75259157983757,-42.765314018408404
4049,2026-08-13 15:00:00,1786636948000,Strong,DOWN,-1,63385.0,-0.0023960716257790844,0.75,63375.1966125,63353.3075,3.4550859874207704,8.970201358470494,14.667541892404778,5.697340533934282
4050,2026-08-13 16:00:00,1786640548000,Strong,UP,1,63139.0,0.002467175596699369,0.25,63235.1807125,63170.5695,-10.22805604119177,9.661925004491794,0.1742298082376499,-9.487695196254144
4051,2026-08-13 17:00:00,1786644149000,Strong,DOWN,-1,63121.4,0.004027160360828568,1.0,63239.75262500001,63089.83930000001,23.761880940470444,-55.29425073365164,-28.48132612180621,26.81292461184543
4052,2026-08-13 21:00:00,1786658548000,Moderate,DOWN,-1,63444.7,0.0009405829013298655,0.75,63503.4720375,63412.97765,14.270641571111057,-24.413035531063617,-7.892191044209903,16.52084448685371
4053,2026-08-13 22:00:00,1786662148000,Moderate,DOWN,-1,63497.7,-0.00013346940125388078,0.0,63422.572850000004,63465.95115,-6.834893232352774,-13.667139557239231,-20.50921572633653,-6.842076169097299
4054,2026-08-14 01:00:00,1786672946000,Strong,DOWN,-1,63545.5,-0.002947100896208137,0.25,63430.43681875001,63513.72725,-13.113768449165592,14.483250587375615,2.1344113917021073,-12.34883919567351
4055,2026-08-14 02:00:00,1786676546000,Strong,DOWN,-1,63437.1,-0.0031842565312727097,0.5,63405.74969375,63405.38145,0.058077680722729806,16.85599330938214,18.413914680330485,1.557921370948347
4056,2026-08-14 04:00:00,1786683746000,Moderate,DOWN,-1,63349.9,-0.005146811597176995,0.0,63283.942200000005,63318.22505000001,-5.414373187645636,36.491361652597305,31.0992411278712,-5.392120524726103
4057,2026-08-14 06:00:00,1786690947000,Strong,DOWN,-1,62944.6,-0.0017229436679239262,0.5,62942.031312499996,62913.127700000005,4.594210072946531,2.23555445646845,8.32203613263018,6.086481676161729
4058,2026-08-14 09:00:00,1786701746000,Moderate,DOWN,-1,62763.9,-0.0003381721021160021,0.75,62841.631412500006,62732.518050000006,17.39342941933768,-11.619088523100798,7.996951547206276,19.616040070307072
4059,2026-08-14 11:00:00,1786708946000,Moderate,DOWN,-1,62837.4,-0.0018579699351023435,0.25,62708.001825,62805.98130000001,-15.600341396147783,3.586492597322936,-11.266995380477839,-14.853487977800775
4060,2026-08-14 17:00:00,1786730546000,Moderate,DOWN,-1,62988.4,-0.0013542176019712027,0.25,62871.94202500001,62956.90580000001,-13.495544916058522,-1.4535507556648093,-14.205783771972223,-12.752233016307414
4061,2026-08-14 18:00:00,1786734146000,Strong,DOWN,-1,62900.0,-0.0001224165341811938,0.25,62944.57805,62868.55,12.093176954135817,-13.777723519947573,-0.9445904445548148,12.833133075392759
4062,2026-08-14 19:00:00,1786737746000,Moderate,DOWN,-1,62936.3,-0.0003865019074841878,0.25,62906.433481249995,62904.83185000001,0.2546118005377158,-11.135548699506815,-10.13091446984717,1.004634229659644
4063,2026-08-14 20:00:00,1786741346000,Strong,DOWN,-1,62878.5,0.0009824502810975798,0.25,62893.84670625,62847.060750000004,7.444414375416011,-24.831918770360314,-16.63200892161075,8.199909848749563
4064,2026-08-14 21:00:00,1786744948000,Moderate,DOWN,-1,62897.6,0.0011280239627585848,0.0,62826.67095,62866.1512,-6.2800488412913245,-26.288383819496488,-32.58261465308635,-6.2942308335898645
4065,2026-08-14 22:00:00,1786748548000,Strong,DOWN,-1,62856.8,0.0027992198139262115,0.75,62955.16403750001,62825.371600000006,20.659239124979166,-43.0087024905069,-20.074002913211633,22.934699577295266
4066,2026-08-14 23:00:00,1786752146000,Moderate,DOWN,-1,63015.0,0.0003423787986986763,0.0,62944.61195,62983.4925,-6.173133380941312,-18.428001987980707,-24.61015441211223,-6.182152424131521
4067,2026-08-15 00:00:00,1786755746000,Strong,DOWN,-1,62991.7,0.0011124481479305541,0.0,63000.38405000001,62960.20415,6.381793156877826,-26.132547753182028,-19.744535835093266,6.388011918088761
4068,2026-08-15 01:00:00,1786759346000,Strong,DOWN,-1,63010.7,0.0009879274472430874,0.5,63078.51676875001,62979.19465,15.770623822991263,-24.886717831346463,-7.6174857883202804,17.269232043026182
4069,2026-08-15 02:00:00,1786762945000,Strong,DOWN,-1,63113.6,-0.000748253942098035,0.25,63054.090050000006,63082.0432,-4.4312372558018085,-7.51621868836359,-11.198319290668099,-3.6821006023045095
4070,2026-08-15 03:00:00,1786766546000,Strong,DOWN,-1,63030.3,0.0006496875312349313,0.5,63084.829543750006,62998.784850000004,13.658151336549452,-21.502626625662025,-6.347415321842475,15.155211303819549
4071,2026-08-15 04:00:00,1786770148000,Strong,DOWN,-1,63092.5,-0.001065895312438087,0.0,63023.972250000006,63060.95375,-5.864405436461451,-4.338215983610844,-10.202740315212967,-5.864524331602122
4072,2026-08-15 05:00:00,1786773746000,Strong,DOWN,-1,63055.4,-0.0007013673690119885,0.25,63064.2667625,63023.8723,6.409390763506033,-7.985318969364596,-0.8313240642369264,7.15399490512767
4073,2026-08-15 08:00:00,1786784546000,Moderate,DOWN,-1,62908.5,0.0015999427740288543,0.5,62959.84305625,62877.045750000005,13.168129205560682,-31.009932706639944,-16.33149089268456,14.678441813955384
4074,2026-08-15 19:00:00,1786824147000,Strong,DOWN,-1,63093.6,-7.528497343629147e-05,0.0,63037.465500000006,63062.0532,-3.8989691505947355,-14.249274903088065,-18.15142226807847,-3.902147364990406
4075,2026-08-15 20:00:00,1786827747000,Strong,DOWN,-1,63077.1,8.323147386293917e-05,0.25,63101.03015625001,63045.56145,8.798193714873934,-15.83523235480755,-6.2896432191759,9.54558913563165
4076,2026-08-15 21:00:00,1786831346000,Moderate,DOWN,-1,63123.7,-0.0009418015737353338,0.0,63078.74485,63092.13815,-2.122815994625804,-5.579774149721242,-7.702102342957008,-2.1223281932357656
4077,2026-08-15 22:00:00,1786834946000,Moderate,DOWN,-1,63100.7,-0.0006109282464378829,0.0,63013.0777,63069.14965,-8.890551134931584,-8.890162616929274,-17.787637390705093,-8.897474773775821
4078,2026-08-15 23:00:00,1786838548000,Moderate,DOWN,-1,63053.9,0.00030014003891912965,0.0,63009.4795,63022.37305,-2.045868693292673,-18.005403090736582,-20.053328563046307,-2.0479254723097244
4079,2026-08-16 00:00:00,1786842146000,Moderate,DOWN,-1,63051.1,0.0003667660040825184,0.0,62982.8928,63019.57445,-5.820675610734567,-18.671996038844362,-24.501112276634647,-5.829116237790282
4080,2026-08-16 01:00:00,1786845748000,Moderate,DOWN,-1,63051.3,0.0002700182232562085,0.25,63069.68776875,63019.77435000001,7.920278875132926,-17.704034249686284,-9.033926510782571,8.670107738903713
4081,2026-08-16 02:00:00,1786849346000,Moderate,DOWN,-1,63092.3,-0.0006011034627046868,0.0,63064.95175,63060.75385000001,0.6656913759669448,-8.988459602753665,-8.322879871227338,0.6655797315263267
4082,2026-08-16 03:00:00,1786852947000,Strong,DOWN,-1,63096.6,-0.0009160556987222075,0.0,63036.16615,63065.0517,-4.580278493612387,-5.837361693623933,-10.417831565729767,-4.580469872105834
4083,2026-08-16 04:00:00,1786856547000,Strong,DOWN,-1,63056.7,-0.0003520640946956801,0.0,63007.280600000006,63025.171650000004,-2.838714997771586,-11.480099102593421,-14.320040436722877,-2.839941334129457
4084,2026-08-16 05:00:00,1786860148000,Moderate,DOWN,-1,63027.7,-0.00017254318339396805,0.0,62993.8873,62996.18615,-0.3649189166032109,-13.276206269194237,-13.641258062192163,-0.36505179299792506
4085,2026-08-16 06:00:00,1786863747000,Moderate,DOWN,-1,63036.5,-0.0005393700475121556,0.0,63011.078700000005,63004.981750000006,0.967693320536387,-9.60610257616553,-8.63854100310689,0.967561573058639
4086,2026-08-16 09:00:00,1786874546000,Strong,DOWN,-1,62957.0,0.0006147052750289418,0.0,62947.81035000001,62925.5215,3.542100163604438,-21.152629064821422,-17.60783413016527,3.5447949346561516
4087,2026-08-16 11:00:00,1786881759000,Moderate,DOWN,-1,62981.1,0.001152726770412053,0.0,62954.906800000004,62949.60945,0.8415222979593455,-26.535535471856818,-25.692692598823776,0.8428428730330398
4088,2026-08-17 02:00:00,1786935746000,Strong,DOWN,-1,63382.7,0.0020210562188105875,0.5,63445.03581875,63351.00865,14.842252831281314,-35.223173774992375,-18.865536152879777,16.357637622112595
4089,2026-08-17 06:00:00,1786950151000,Strong,DOWN,-1,63633.1,-0.0028947198863484114,0.0,63429.6693,63601.28345,-26.982812404236352,13.95917845271111,-13.03181464009305,-26.99099309280416
4092,2026-08-17 07:00:00,1786953747000,Strong,DOWN,-1,63493.5,-0.000283099844865987,0.0,63334.01715,63461.75325,-20.128044602991157,-12.170086594637201,-32.34310349600204,-20.173016901364836
4096,2026-08-17 11:00:00,1786968148000,Strong,DOWN,-1,63600.0,0.003204402515723202,0.25,63508.61475000001,63568.200000000004,-9.37343671835862,-47.06255643544905,-55.72956047568927,-8.667004040240215
4097,2026-08-17 15:00:00,1786982550000,Moderate,DOWN,-1,64169.9,0.0014753802016209412,0.0,64019.77410000001,64137.815050000005,-18.404267421329166,-29.763683858137973,-48.23832611742806,-18.474642259290086
4098,2026-08-18 18:00:00,1787079749000,Moderate,UP,1,64744.7,-0.0024272257034165605,0.75,64635.08287499999,64777.072349999995,21.91971168947127,-39.25762822005524,-15.104036366274231,24.153591853781005
4099,2026-08-20 03:00:00,1787198548000,Moderate,UP,1,69183.5,0.0065373246511089235,0.0,69521.7435,69218.09174999999,-43.86884155904292,50.34307497360354,6.402278518805749,-43.94079645479779
4101,2026-08-20 05:00:00,1787205750000,Moderate,UP,1,69408.3,0.019317934598599838,0.25,69749.75319375,69443.00415,-44.17277845402793,178.0853033343326,134.02961899362637,-44.055684340706236
4102,2026-08-20 12:00:00,1787230952000,Strong,UP,1,71930.1,0.003375151709784835,1.0,71795.23106250001,71966.06505,23.738130934531995,18.737148523586715,45.60014236478173,26.86299384119502
4103,2026-08-20 13:00:00,1787234548000,Strong,UP,1,71663.7,0.010701373219635726,1.0,71529.33056249999,71699.53185,23.738130934533753,91.96275082094647,118.99998216291343,27.037231341966955
4104,2026-08-20 14:00:00,1787238149000,Moderate,UP,1,71792.9,0.01099098935967222,0.0,72334.9494,71828.79645,-70.46657817137954,94.85746486429001,24.15024162580089,-70.70722323848912
4105,2026-08-20 15:00:00,1787241748000,Strong,UP,1,72429.0,0.002873848872689036,1.0,72293.195625,72465.2145,23.738130934533956,13.726625414181003,40.57769690859293,26.851071494411926
4106,2026-08-20 19:00:00,1787256149000,Strong,UP,1,72649.7,0.0013551329186493144,0.25,72610.42038124999,72686.02484999999,10.401513758114971,-1.4529443413328045,9.718299319416062,11.171243660748868
4107,2026-08-20 20:00:00,1787259748000,Moderate,UP,1,72638.5,0.005101289261204297,0.75,72524.090625,72674.81925,20.740144462072863,35.9898976632113,59.118728834887236,23.128831171675934
4108,2026-08-21 00:00:00,1787274150000,Moderate,UP,1,73682.1,0.014449574591386549,0.0,75080.3214,73718.94105000001,-184.67171809706727,129.4260328974164,-54.42527599515471,-183.85130889257113
4109,2026-08-21 04:00:00,1787288550000,Moderate,UP,1,74990.3,0.022217873511640646,0.25,75306.08646875,75027.79515,-37.09176288515715,207.07020001639788,170.06333237059698,-37.00686764580092
4110,2026-08-21 11:00:00,1787313752000,Strong,UP,1,76749.0,0.006788036326206281,0.25,77183.60043749999,76787.37449999999,-51.60040176917359,52.848938792667674,1.9407920867151127,-50.90814670595256
4111,2026-08-21 12:00:00,1787317348000,Moderate,UP,1,77228.1,0.0013003686481991444,1.0,77083.29731250001,77266.71405,23.738130934530346,-2.0003133613264943,24.813336487905264,26.81364984923176
4112,2026-08-21 18:00:00,1787338949000,Moderate,UP,1,77115.4,0.009537978147036892,1.0,76970.80862499999,77153.95769999998,23.738130934531945,80.33461416328855,107.34417680187289,27.00956263858434
4113,2026-08-21 19:00:00,1787342548000,Strong,UP,1,76995.4,0.015376892645534821,0.25,77347.580425,77033.89769999999,-40.72009003381976,138.6945791657663,98.28659913208759,-40.407980033678705
4114,2026-08-22 01:00:00,1787364148000,Moderate,UP,1,77807.7,0.004681413279148652,0.0,78591.37605,77846.60385,-95.67176513378583,31.793236173399503,-63.3679483780962,-95.16118455149571
4115,2026-08-22 05:00:00,1787378548000,Strong,UP,1,77371.6,-0.0015577421172627776,1.0,77226.52825,77410.2858,23.738130934532062,-30.567137603824836,-3.8214614127763715,26.745676191048464
4116,2026-08-22 06:00:00,1787382148000,Strong,UP,1,77476.6,-0.004527173365893701,1.0,77331.33137500001,77515.3383,23.73813093453199,-60.246610353759785,-33.571555325172106,26.675055028587682
4117,2026-08-22 07:00:00,1787385749000,Strong,UP,1,77286.7,-0.002562536633081797,1.0,77141.7874375,77325.34335,23.73813093453273,-40.610061300167686,-13.88828185930397,26.72177944086372
4118,2026-08-22 08:00:00,1787389349000,Moderate,UP,1,77193.5,-0.001027612428507544,1.0,77048.7621875,77232.09675,23.738130934531817,-25.26849004005502,1.4897940788218238,26.758284118876844
4119,2026-08-22 11:00:00,1787400149000,Moderate,UP,1,77137.9,0.0001581583112842279,0.0,77259.4104,77176.46895,-10.746986889712897,-13.416708532891375,-24.148490058887063,-10.731781525995688
4120,2026-08-22 14:00:00,1787410949000,Moderate,UP,1,77018.6,0.002551007159309456,0.5,77024.3465875,77057.1093,4.251744296875656,10.49982168225654,16.26209418840662,5.762272506150082
4122,2026-08-22 15:00:00,1787414551000,Strong,UP,1,76995.6,0.004236281034240766,0.0,77318.64,77034.0978,-36.93717563081478,27.344138273271366,-9.594535030622014,-36.93867330389338
4123,2026-08-22 16:00:00,1787418147000,Moderate,UP,1,77299.0,0.0003958654057621162,0.75,77237.9841375,77337.6495,12.887043134146912,-11.04082552961397,4.1115035753540825,15.152329104968054
4124,2026-08-23 14:00:00,1787497349000,Moderate,UP,1,77174.1,0.0009475329158357531,1.0,77029.3985625,77212.68705000001,23.738130934532965,-5.526907387948742,21.278351066607403,26.80525845455615
4125,2026-08-23 15:00:00,1787500948000,Strong,UP,1,77124.0,0.0021847933198485556,0.0,77222.89215,77162.56199999999,-7.818577874592718,6.839513441767753,-0.98611201134418,-7.825625453111933
4126,2026-08-24 01:00:00,1787536949000,Strong,UP,1,76892.9,0.00274570213894911,0.0,77378.67,76931.34644999998,-58.145810601501005,12.445798490247467,-45.49363151369805,-57.93943000394552
4127,2026-08-24 04:00:00,1787547750000,Moderate,UP,1,76889.9,0.004454096051627143,0.25,77051.54043125,76928.34494999998,-16.01431583249198,29.521199916314572,14.219299606196486,-15.301900310118084
4128,2026-08-25 07:00:00,1787644951000,Strong,UP,1,79661.5,-0.0038076737194252816,0.0,79753.95705,79701.33075,-6.602938684308422,-53.055209589457306,-59.625380939013155,-6.570171349555851
4129,2026-08-25 08:00:00,1787648561000,Moderate,UP,1,79899.0,-0.009738544912952675,1.0,79749.189375,79938.9495,23.738130934532823,-112.33428198853278,-85.78316756871833,26.551114419814443
4130,2026-08-25 09:00:00,1787652149000,Strong,UP,1,79160.9,-0.0021904753483095087,0.25,79230.29493125,79200.48044999999,-3.76443186715674,-36.891307829179745,-39.89420389456805,-3.002896065388305
4131,2026-08-25 12:00:00,1787662949000,Moderate,UP,1,78949.9,0.0019749866687610433,1.0,78801.8689375,78989.37494999998,23.738130934531128,4.7424954398918935,31.572189543003358,26.829694103111464
4132,2026-08-25 13:00:00,1787666548000,Strong,UP,1,78627.3,0.007917415452393687,0.0,79202.5815,78666.61365,-68.13155227255685,64.13708598094685,-4.035106040073094,-68.17219202101995
4133,2026-08-25 19:00:00,1787688149000,Moderate,UP,1,78890.7,-0.004761968140731454,1.0,78742.77993749999,78930.14534999999,23.738130934533118,-62.59338471495637,-35.92391374558644,26.669470969369932
4134,2026-08-26 15:00:00,1787760150000,Moderate,DOWN,-1,77980.7,0.004223480938232227,0.5,78022.21039374999,77941.70965,10.32832665738017,-57.25843860162215,-45.39200867258024,11.86642992904191
4136,2026-08-26 18:00:00,1787770947000,Moderate,DOWN,-1,78440.1,0.0013774842204432216,0.25,78444.50791875001,78400.87995000002,5.564729474696647,-28.784234321591605,-22.462152641372192,6.322081680219414
4137,2026-08-26 19:00:00,1787774548000,Strong,DOWN,-1,78434.9,0.003211261823499488,0.0,78334.41320000001,78395.68255,-7.81539850245079,-47.131183826907886,-54.981737349630684,-7.850553522722797
4138,2026-08-26 22:00:00,1787785348000,Moderate,DOWN,-1,78656.6,0.0018272465374805326,1.0,78804.081125,78617.27170000001,23.76188094046831,-33.28410742851879,-6.523359076537943,26.760748351980848
4140,2026-08-27 10:00:00,1787828549000,Moderate,UP,1,79599.0,-0.0001711704920916092,1.0,79449.75187499999,79638.7995,23.738130934533554,-16.708350745542532,10.070301895138904,26.77865264068144
4141,2026-08-27 15:00:00,1787846549000,Strong,DOWN,-1,80273.6,-0.0010760075541647565,1.0,80424.11300000001,80233.46320000001,23.761880940470135,-4.237042979841478,22.454847702206706,26.691890682048182
4142,2026-08-27 22:00:00,1787871748000,Moderate,DOWN,-1,80264.9,0.00013081683276251513,0.25,80139.80538125001,80224.76755,-10.590516039455867,-16.31132398961872,-26.1697589269045,-9.858434937285777
4143,2026-08-28 00:00:00,1787878949000,Strong,DOWN,-1,80537.5,-0.007435045786124512,1.0,80688.5078125,80497.23125000001,23.761880940468785,59.38515043646479,85.92622119650167,26.541070760036888
4144,2026-08-28 01:00:00,1787882548000,Moderate,DOWN,-1,80467.1,-0.009081351260328755,0.0,79818.17095000001,80426.86645000002,-75.68310526911017,75.85644082370064,0.2509176827997011,-75.60552314090094
4147,2026-08-28 17:00:00,1787940149000,Strong,UP,1,77877.1,-0.005488455528005247,1.0,77731.08043750002,77916.03855,23.738130934530453,-69.85462796606838,-43.20243484538878,26.65219312067959
4148,2026-08-30 17:00:00,1788112949000,Moderate,UP,1,78985.6,-0.002924583721589758,1.0,78837.50200000001,79025.0928,23.73813093453158,-44.228722854469424,-17.515553879421734,26.713168975047694
4149,2026-08-30 20:00:00,1788123748000,Moderate,UP,1,78561.5,-0.005390362964047164,0.75,78520.707375,78600.78074999999,10.187351097017276,-68.87419254419838,-56.486491021708574,12.3877015224898
4150,2026-08-30 22:00:00,1788130950000,Strong,UP,1,78390.0,-0.009477293022068994,1.0,78243.01875,78429.19499999999,23.7381309345314,-109.72306868634578,-83.16574098503725,26.55732770130854
4151,2026-08-30 23:00:00,1788134549000,Strong,UP,1,77634.6,0.00045888044763546146,1.0,77489.03512500001,77673.4173,23.738130934531647,-10.410990028630446,16.382646939365458,26.793636967995905
4155,2026-08-31 09:00:00,1788170551000,Moderate,UP,1,78486.6,-0.00396978592524089,0.75,78428.29848750001,78525.84330000001,12.422001267447275,-54.67552149166331,-40.043635382180824,14.631886109482483
4156,2026-08-31 12:00:00,1788181350000,Moderate,UP,1,77900.0,0.006439345314505776,0.75,77828.9284125,77938.95,14.116380513209306,49.363771259428425,65.83402578340296,16.470254523974535
4158,2026-08-31 13:00:00,1788184948000,Strong,UP,1,77834.7,0.01059296175099281,0.5,78108.07543125,77873.61734999999,-30.107511276413153,90.87917792096907,62.05923036217748,-28.819947558791583
4159,2026-08-31 14:00:00,1788188548000,Moderate,UP,1,78628.1,0.001515679508979466,1.0,78480.6723125,78667.41405,23.738130934533714,0.15171923017946168,26.970489758091958,26.8187705279125
4160,2026-09-01 08:00:00,1788253350000,Moderate,UP,1,77850.0,0.0015439948619138998,0.25,77891.0851125,77888.925,-0.2773324320500713,0.43473125351186714,0.9071171316621212,0.47238587815025396
4161,2026-09-01 18:00:00,1788289351000,Moderate,UP,1,77119.9,0.002081823238878719,0.0,77306.63399999999,77158.45994999999,-19.20386307554878,5.810327225173326,-13.387031441571805,-19.19735866674513
4162,2026-09-02 10:00:00,1788346949000,Moderate,UP,1,76639.2,0.0030783854737523736,1.0,76495.50149999998,76677.5196,23.738130934534777,15.770969252896956,42.62690518474686,26.855935931849906
4163,2026-09-02 21:00:00,1788386549000,Moderate,DOWN,-1,77252.1,-0.001183786589620368,0.0,77077.94175,77213.47395000001,-17.552920891472983,-3.1587134605255036,-20.730469460154733,-17.57175599962923
4164,2026-09-03 03:00:00,1788408149000,Moderate,DOWN,-1,77665.3,0.0009231922106783478,0.5,77715.05765625,77626.46735,11.412384109992626,-24.239041627596844,-11.32343530478343,12.915606322813414
4166,2026-09-03 05:00:00,1788415348000,Moderate,DOWN,-1,77777.3,-0.0009671845127047514,1.0,77923.1324375,77738.41135000001,23.7618809404686,-5.325817781842571,21.36865390098238,26.694471682824947
4170,2026-09-04 01:00:00,1788487350000,Moderate,UP,1,80935.3,-0.00043244418689990645,1.0,80783.54631250001,80975.76765,23.73813093453084,-19.319781978009,7.452656862617507,26.772438840626506
4174,2026-09-04 02:00:00,1788490947000,Strong,UP,1,80800.0,0.0011296410891088388,0.0,80860.40999999999,80840.4,-2.4752475247518273,-3.7067357410403705,-6.182928085572997,-2.476192344532626
