{
  "model_type": "regression",
  "objective": "reg:squarederror",
  "target": "y_path_ret_4h = mean(close[t+1..t+4])/close[t] - 1 (TWAP)",
  "horizon_bars": 4,
  "decoding": "rolling_percentile",
  "percentile_window": 500,
  "strong_top_frac": 0.05,
  "moderate_top_frac": 0.15,
  "warmup_bars": 100,
  "fallback": {
    "strong_up": 0.0021502008312381804,
    "strong_dn": -0.0015994133136700839,
    "moderate_up": 0.0011227245995542035,
    "moderate_dn": -0.0010095790785271674
  },
  "use_mag_gate": false,
  "n_train_samples": 3995,
  "n_features": 136,
  "n_estimators": 250,
  "trained_at": "2026-05-01T07:42:43.559770",
  "in_sample_mae": 0.0033850238749987154,
  "in_sample_corr": 0.838453035713305
}